26.9478 25 651 648 1274 5.9516 -0.0000 -4.9985 -0.0000 650.0000
26.9544 -92 727 572 1392 6.1088 -0.0000 -4.9767 -0.0000 650.0000
26.9610 35 664 635 1264 6.0503 -0.0000 -4.8533 -0.0000 650.0000
26.9676 4 608 691 1295 5.9512 -0.0000 -4.8439 -0.0000 650.0000
26.9743 -28 578 721 1328 5.8486 -0.0000 -4.9170 -0.0000 650.0000
26.9810 -1 663 636 1301 5.8069 -0.0000 -4.8087 -0.0000 650.0000
26.9876 0 590 709 1299 5.6977 -0.0000 -4.7925 -0.0000 650.0000
26.9943 35 560 739 1264 5.5247 -0.0000 -4.7703 -0.0000 650.0000
27.0010 1 632 667 1298 5.4565 -0.0000 -4.6945 -0.0000 650.0000
27.0076 21 554 745 1278 5.2518 -0.0000 -4.6973 -0.0000 650.0000
27.0142 -14 634 665 1314 5.1621 -0.0000 -4.6359 -0.0000 650.0000
27.0209 -38 645 654 1338 5.0500 -0.0000 -4.6189 -0.0000 650.0000
27.0275 -13 609 690 1313 4.8441 -0.0000 -4.6307 -0.0000 650.0000
27.0342 -45 686 613 1345 4.7537 -0.0000 -4.5778 -0.0000 650.0000
27.0408 -58 655 644 1358 4.6690 -0.0000 -4.5898 -0.0000 650.0000
27.0475 -18 708 591 1318 4.6108 -0.0000 -4.4692 -0.0000 650.0000
27.0542 -68 643 656 1368 4.5511 -0.0000 -4.5189 -0.0000 650.0000
27.0608 -50 704 595 1350 4.6098 -0.0000 -4.4269 -0.0000 650.0000
27.0675 -73 702 597 1373 4.7298 -0.0000 -4.3632 -0.0000 650.0000
27.0741 -35 563 736 1335 4.6815 -0.0000 -4.4441 -0.0000 650.0000
27.0808 -110 739 560 1410 4.9111 -0.0000 -4.3650 -0.0000 650.0000
27.0875 -52 711 588 1352 5.0461 -0.0000 -4.2333 -0.0000 650.0000
27.0941 0 569 730 1299 4.9669 -0.0000 -4.2338 -0.0000 650.0000
27.1008 -125 725 574 1425 5.1554 -0.0000 -4.1928 -0.0000 650.0000
27.1075 5 627 672 1294 5.0779 -0.0000 -4.0943 -0.0000 650.0000
27.1142 -53 613 686 1353 5.0540 -0.0000 -4.0955 -0.0000 650.0000
27.1208 -64 757 542 1364 5.2008 -0.0000 -3.8995 -0.0000 650.0000
27.1274 101 558 741 1198 4.9591 -0.0000 -3.7536 -0.0000 650.0000
27.1340 -132 691 608 1432 5.1393 -0.0000 -3.7503 -0.0000 650.0000
27.1407 39 682 617 1260 5.1476 -0.0000 -3.5252 -0.0000 650.0000
27.1473 -65 586 713 1365 5.1540 -0.0000 -3.6179 -0.0000 650.0000
27.1539 -80 751 548 1380 5.3382 -0.0000 -3.4933 -0.0000 650.0000
27.1606 94 648 651 1205 5.1871 -0.0000 -3.2933 -0.0000 650.0000
27.1672 -67 587 712 1367 5.1233 -0.0000 -3.4424 -0.0000 650.0000
27.1738 10 693 606 1289 5.0717 -0.0000 -3.3217 -0.0000 650.0000
27.1805 -38 622 677 1338 5.0199 -0.0000 -3.3718 -0.0000 650.0000
27.1871 5 577 722 1294 4.9001 -0.0000 -3.4226 -0.0000 650.0000
27.1937 -67 708 591 1367 5.0187 -0.0000 -3.3754 -0.0000 650.0000
27.2003 27 555 744 1272 4.9142 -0.0000 -3.4008 -0.0000 650.0000
27.2070 13 596 703 1286 4.8821 -0.0000 -3.3820 -0.0000 650.0000
27.2136 0 713 586 1299 4.9678 -0.0000 -3.2074 -0.0000 650.0000
27.2203 71 520 779 1228 4.7564 -0.0000 -3.2072 -0.0000 650.0000
27.2271 -64 652 647 1364 4.8345 -0.0000 -3.2026 -0.0000 650.0000
27.2337 128 553 746 1171 4.5742 -0.0000 -3.0449 -0.0000 650.0000
27.2403 105 444 855 1194 4.2247 -0.0000 -3.0705 -0.0000 650.0000
27.2469 9 650 649 1290 4.2222 -0.0000 -2.9088 -0.0000 650.0000
27.2535 119 463 836 1180 3.9360 -0.0000 -2.8420 -0.0000 650.0000
27.2602 1 626 673 1298 3.9491 -0.0000 -2.7215 -0.0000 650.0000
27.2668 115 462 837 1184 3.6417 -0.0000 -2.6854 -0.0000 650.0000
27.2734 20 523 776 1279 3.4634 -0.0000 -2.6989 -0.0000 650.0000
27.2800 94 487 812 1205 3.1506 -0.0000 -2.6617 -0.0000 650.0000
27.2866 64 541 758 1235 2.9086 -0.0000 -2.5922 -0.0000 650.0000
27.2932 33 478 821 1266 2.5605 -0.0000 -2.7153 -0.0000 650.0000
27.2999 62 516 783 1237 2.2036 -0.0000 -2.7476 -0.0000 650.0000
27.3066 -90 543 756 1390 2.0321 -0.0000 -2.9840 -0.0000 650.0000
27.3132 85 512 787 1214 1.6566 -0.0000 -3.0045 -0.0000 650.0000
27.3199 -19 611 688 1319 1.5317 -0.0000 -3.0470 -0.0000 650.0000
27.3265 7 611 688 1292 1.4022 -0.0000 -3.0402 -0.0000 650.0000
27.3332 20 681 618 1279 1.3712 -0.0000 -2.9244 -0.0000 650.0000
27.3399 -39 632 667 1339 1.3618 -0.0000 -2.9597 -0.0000 650.0000
27.3466 37 584 715 1262 1.2204 -0.0000 -2.9680 -0.0000 650.0000
27.3532 -21 566 733 1321 1.1305 -0.0000 -3.0820 -0.0000 650.0000
27.3599 -45 670 629 1345 1.1731 -0.0000 -3.0804 -0.0000 650.0000
27.3665 34 627 672 1265 1.0840 -0.0000 -3.0215 -0.0000 650.0000
27.3732 28 652 647 1271 1.0296 -0.0000 -2.9456 -0.0000 650.0000
27.3798 36 577 722 1263 0.8952 -0.0000 -2.9570 -0.0000 650.0000
27.3865 3 631 668 1296 0.8769 -0.0000 -2.9013 -0.0000 650.0000
27.3931 34 639 660 1265 0.8872 -0.0000 -2.7605 -0.0000 650.0000
27.3998 48 597 702 1251 0.8597 -0.0000 -2.6436 -0.0000 650.0000
27.4064 -4 590 709 1304 0.8617 -0.0000 -2.6193 -0.0000 650.0000
27.4131 48 642 657 1251 0.8335 -0.0000 -2.4454 -0.0000 650.0000
27.4198 47 560 739 1252 0.6959 -0.0000 -2.4036 -0.0000 650.0000
27.4264 -5 621 678 1305 0.6784 -0.0000 -2.3456 -0.0000 650.0000
27.4331 73 535 764 1226 0.4878 -0.0000 -2.3062 -0.0000 650.0000
27.4398 -55 640 659 1355 0.5454 -0.0000 -2.3225 -0.0000 650.0000
27.4464 83 598 701 1216 0.3887 -0.0000 -2.2207 -0.0000 650.0000
27.4530 50 530 769 1249 0.2084 -0.0000 -2.2746 -0.0000 650.0000
27.4597 6 626 673 1293 0.1982 -0.0000 -2.2487 -0.0000 650.0000
27.4664 64 492 807 1235 0.0183 -0.0000 -2.3357 -0.0000 650.0000
27.4730 36 629 670 1263 0.0194 -0.0000 -2.2758 -0.0000 650.0000
27.4796 104 516 783 1195 -0.1901 -0.0000 -2.2915 -0.0000 650.0000
27.4862 9 594 705 1290 -0.2460 -0.0000 -2.3479 -0.0000 650.0000
27.4928 11 553 746 1288 -0.3526 -0.0000 -2.4480 -0.0000 650.0000
27.4995 112 617 682 1187 -0.4916 -0.0000 -2.2978 -0.0000 650.0000
27.5062 29 599 700 1270 -0.5688 -0.0000 -2.3091 -0.0000 650.0000
27.5129 48 620 679 1251 -0.6537 -0.0000 -2.2709 -0.0000 650.0000
27.5195 -8 562 737 1308 -0.7501 -0.0000 -2.4160 -0.0000 650.0000
27.5262 -10 684 615 1310 -0.7076 -0.0000 -2.3655 -0.0000 650.0000
27.5328 158 538 761 1141 -0.9764 -0.0000 -2.2740 -0.0000 650.0000
27.5395 34 643 656 1265 -0.9659 -0.0000 -2.1884 -0.0000 650.0000
27.5461 90 503 796 1209 -1.1130 -0.0000 -2.1988 -0.0000 650.0000
27.5527 -1 594 705 1301 -1.0622 -0.0000 -2.2026 -0.0000 650.0000
27.5594 58 599 700 1241 -1.0930 -0.0000 -2.1048 -0.0000 650.0000
27.5660 67 600 699 1232 -1.1932 -0.0000 -1.9925 -0.0000 650.0000
27.5727 36 547 752 1263 -1.3283 -0.0000 -1.9971 -0.0000 650.0000
27.5793 35 598 701 1264 -1.4045 -0.0000 -1.9419 -0.0000 650.0000
27.5859 -9 575 724 1309 -1.4447 -0.0000 -1.9963 -0.0000 650.0000
27.5926 -9 703 596 1309 -1.3375 -0.0000 -1.8823 -0.0000 650.0000
27.5993 106 584 715 1193 -1.4705 -0.0000 -1.7982 -0.0000 650.0000
27.6059 -72 648 651 1372 -1.3225 -0.0000 -1.8894 -0.0000 650.0000
27.6127 21 583 716 1278 -1.3313 -0.0000 -1.9276 -0.0000 650.0000
27.6193 -43 659 640 1343 -1.1392 -0.0000 -1.9244 -0.0000 650.0000
27.6259 73 618 681 1226 -1.1166 -0.0000 -1.8170 -0.0000 650.0000
27.6326 22 511 788 1277 -1.1684 -0.0000 -1.9553 -0.0000 650.0000
27.6392 -34 675 624 1334 -1.0246 -0.0000 -1.9507 -0.0000 650.0000
27.6459 85 564 735 1214 -1.1355 -0.0000 -1.9321 -0.0000 650.0000
27.6525 29 628 671 1270 -1.1024 -0.0000 -1.8944 -0.0000 650.0000
27.6592 26 565 734 1273 -1.1070 -0.0000 -1.9648 -0.0000 650.0000
27.6658 10 636 663 1289 -1.0185 -0.0000 -1.9584 -0.0000 650.0000
27.6724 7 605 694 1292 -0.9649 -0.0000 -2.0009 -0.0000 650.0000
27.6791 40 623 676 1259 -0.9185 -0.0000 -1.9510 -0.0000 650.0000
27.6857 -16 581 718 1316 -0.8357 -0.0000 -2.0329 -0.0000 650.0000
27.6924 11 627 672 1288 -0.7165 -0.0000 -2.0005 -0.0000 650.0000
27.6990 57 605 694 1242 -0.6823 -0.0000 -1.9463 -0.0000 650.0000
27.7056 -9 649 650 1309 -0.5527 -0.0000 -1.9405 -0.0000 650.0000
27.7123 65 532 767 1234 -0.6535 -0.0000 -1.9971 -0.0000 650.0000
27.7190 12 558 741 1287 -0.6652 -0.0000 -2.0656 -0.0000 650.0000
27.7256 55 673 626 1244 -0.5918 -0.0000 -1.8965 -0.0000 650.0000
27.7323 57 577 722 1242 -0.6277 -0.0000 -1.8677 -0.0000 650.0000
27.7389 -49 640 659 1349 -0.4960 -0.0000 -1.9073 -0.0000 650.0000
27.7456 68 555 744 1231 -0.5844 -0.0000 -1.8930 -0.0000 650.0000
27.7522 -37 678 621 1337 -0.4133 -0.0000 -1.8337 -0.0000 650.0000
27.7588 71 518 781 1228 -0.4946 -0.0000 -1.8388 -0.0000 650.0000
27.7654 17 581 718 1282 -0.4485 -0.0000 -1.8359 -0.0000 650.0000
27.7721 -23 639 660 1323 -0.3137 -0.0000 -1.8326 -0.0000 650.0000
27.7787 65 615 684 1234 -0.3411 -0.0000 -1.7339 -0.0000 650.0000
27.7853 -9 622 677 1309 -0.2803 -0.0000 -1.7278 -0.0000 650.0000
27.7919 -31 623 676 1331 -0.1835 -0.0000 -1.7551 -0.0000 650.0000
27.7986 18 604 695 1281 -0.1590 -0.0000 -1.7410 -0.0000 650.0000
27.8052 -7 629 670 1307 -0.0874 -0.0000 -1.7308 -0.0000 650.0000
27.8119 -21 652 647 1321 0.0324 -0.0000 -1.6972 -0.0000 650.0000
27.8186 -18 566 733 1318 0.0802 -0.0000 -1.7736 -0.0000 650.0000
27.8252 -35 673 626 1335 0.2904 -0.0000 -1.7125 -0.0000 650.0000
27.8319 111 537 762 1188 0.2077 -0.0000 -1.6471 -0.0000 650.0000
27.8386 -62 636 663 1362 0.4109 -0.0000 -1.7029 -0.0000 650.0000
27.8452 62 560 739 1237 0.3843 -0.0000 -1.6831 -0.0000 650.0000
27.8518 5 564 735 1294 0.4262 -0.0000 -1.7250 -0.0000 650.0000
27.8585 41 617 682 1258 0.4837 -0.0000 -1.6405 -0.0000 650.0000
27.8651 41 524 775 1258 0.4187 -0.0000 -1.7077 -0.0000 650.0000
27.8718 -70 670 629 1370 0.5809 -0.0000 -1.7438 -0.0000 650.0000
27.8784 118 536 763 1181 0.3863 -0.0000 -1.7056 -0.0000 650.0000
27.8850 31 599 700 1268 0.3686 -0.0000 -1.6962 -0.0000 650.0000
27.8917 56 493 806 1243 0.2391 -0.0000 -1.8136 -0.0000 650.0000
27.8983 35 592 707 1264 0.2425 -0.0000 -1.8201 -0.0000 650.0000
27.9050 11 551 748 1288 0.2235 -0.0000 -1.9243 -0.0000 650.0000
27.9117 48 599 700 1251 0.2083 -0.0000 -1.8976 -0.0000 650.0000
27.9183 34 511 788 1265 0.1234 -0.0000 -2.0051 -0.0000 650.0000
27.9250 -68 633 666 1368 0.2876 -0.0000 -2.0787 -0.0000 650.0000
27.9316 24 580 719 1275 0.2833 -0.0000 -2.0898 -0.0000 650.0000
27.9383 -52 735 564 1352 0.5083 -0.0000 -2.0027 -0.0000 650.0000
27.9450 48 592 707 1251 0.4331 -0.0000 -1.9828 -0.0000 650.0000
27.9516 -78 645 654 1378 0.5166 -0.0000 -2.0615 -0.0000 650.0000
27.9582 0 576 723 1300 0.4489 -0.0000 -2.1110 -0.0000 650.0000
27.9648 -4 674 625 1304 0.5182 -0.0000 -1.9980 -0.0000 650.0000
27.9714 14 595 704 1285 0.5563 -0.0000 -1.9712 -0.0000 650.0000
27.9781 -10 623 676 1310 0.6730 -0.0000 -1.9511 -0.0000 650.0000
27.9847 -30 590 709 1330 0.7763 -0.0000 -2.0361 -0.0000 650.0000
27.9914 -30 616 683 1330 0.8998 -0.0000 -2.0783 -0.0000 650.0000
27.9981 54 573 726 1245 0.8863 -0.0000 -2.0489 -0.0000 650.0000
28.0047 -59 596 703 1359 1.0166 -0.0000 -2.1554 -0.0000 650.0000
28.0113 13 632 667 1286 1.0741 -0.0000 -2.1080 -0.0000 650.0000
28.0180 13 569 730 1286 1.0292 -0.0000 -2.1677 -0.0000 650.0000
28.0246 -22 643 656 1322 1.0621 -0.0000 -2.1747 -0.0000 650.0000
28.0313 46 518 781 1253 0.8981 -0.0000 -2.2552 -0.0000 650.0000
28.0380 -92 719 580 1392 1.1230 -0.0000 -2.2483 -0.0000 650.0000
28.0446 93 594 705 1206 1.0247 -0.0000 -2.1681 -0.0000 650.0000
28.0512 -14 603 696 1314 1.0550 -0.0000 -2.2431 -0.0000 650.0000
28.0579 -47 630 669 1347 1.1500 -0.0000 -2.3193 -0.0000 650.0000
28.0646 -14 669 630 1314 1.2839 -0.0000 -2.2503 -0.0000 650.0000
28.0713 -38 714 585 1338 1.5034 -0.0000 -2.1477 -0.0000 650.0000
28.0779 -6 570 729 1306 1.5262 -0.0000 -2.2139 -0.0000 650.0000
28.0846 -104 680 619 1404 1.7422 -0.0000 -2.2813 -0.0000 650.0000
28.0913 -65 654 645 1365 1.8802 -0.0000 -2.3257 -0.0000 650.0000
28.0979 -24 644 655 1324 1.9735 -0.0000 -2.3234 -0.0000 650.0000
28.1046 -86 621 678 1386 2.1278 -0.0000 -2.4651 -0.0000 650.0000
28.1113 -35 670 629 1335 2.2673 -0.0000 -2.4676 -0.0000 650.0000
28.1180 19 663 636 1280 2.3349 -0.0000 -2.4067 -0.0000 650.0000
28.1246 -48 598 701 1348 2.4414 -0.0000 -2.5434 -0.0000 650.0000
28.1313 -22 632 667 1322 2.5671 -0.0000 -2.5953 -0.0000 650.0000
28.1379 23 617 682 1276 2.6255 -0.0000 -2.6114 -0.0000 650.0000
28.1446 -40 584 715 1340 2.7119 -0.0000 -2.7586 -0.0000 650.0000
28.1512 -26 682 617 1326 2.8843 -0.0000 -2.7303 -0.0000 650.0000
28.1579 -15 639 660 1315 2.9542 -0.0000 -2.7443 -0.0000 650.0000
28.1645 -22 678 621 1322 3.0405 -0.0000 -2.7046 -0.0000 650.0000
28.1712 -77 664 635 1377 3.1475 -0.0000 -2.7473 -0.0000 650.0000
28.1779 -60 632 667 1360 3.1846 -0.0000 -2.7760 -0.0000 650.0000
28.1845 -46 674 625 1346 3.2372 -0.0000 -2.7114 -0.0000 650.0000
28.1912 -81 675 624 1381 3.3149 -0.0000 -2.6920 -0.0000 650.0000
28.1978 -69 675 624 1369 3.3967 -0.0000 -2.6392 -0.0000 650.0000
28.2045 -67 685 614 1367 3.5019 -0.0000 -2.5636 -0.0000 650.0000
28.2112 -124 690 609 1424 3.6764 -0.0000 -2.5647 -0.0000 650.0000
28.2179 -52 696 603 1352 3.7897 -0.0000 -2.4276 -0.0000 650.0000
28.2245 -114 669 630 1414 3.9452 -0.0000 -2.4179 -0.0000 650.0000
28.2312 -110 676 623 1410 4.1027 -0.0000 -2.3904 -0.0000 650.0000
28.2379 -33 652 647 1333 4.1374 -0.0000 -2.2972 -0.0000 650.0000
28.2445 -155 707 592 1455 4.3465 -0.0000 -2.3129 -0.0000 650.0000
28.2512 -46 658 641 1346 4.3605 -0.0000 -2.2514 -0.0000 650.0000
28.2579 -77 658 641 1377 4.3798 -0.0000 -2.2595 -0.0000 650.0000
28.2645 -168 819 480 1468 4.6562 -0.0000 -2.1721 -0.0000 650.0000
28.2711 -10 633 666 1310 4.5424 -0.0000 -2.1314 -0.0000 650.0000
28.2778 -186 718 581 1486 4.7093 -0.0000 -2.2077 -0.0000 650.0000
28.2844 -163 833 466 1463 4.9815 -0.0000 -2.0633 -0.0000 650.0000
28.2911 -14 642 657 1314 4.9018 -0.0000 -1.9559 -0.0000 650.0000
28.2977 -217 750 549 1517 5.1915 -0.0000 -1.9763 -0.0000 650.0000
28.3043 -26 674 625 1326 5.2082 -0.0000 -1.8117 -0.0000 650.0000
28.3110 -83 659 640 1383 5.2920 -0.0000 -1.7281 -0.0000 650.0000
28.3177 -94 654 645 1394 5.4144 -0.0000 -1.6753 -0.0000 650.0000
28.3243 -58 595 704 1358 5.4221 -0.0000 -1.6641 -0.0000 650.0000
28.3310 -69 708 591 1369 5.5390 -0.0000 -1.5126 -0.0000 650.0000
28.3377 -25 572 727 1325 5.4434 -0.0000 -1.5069 -0.0000 650.0000
28.3443 -43 615 684 1343 5.4020 -0.0000 -1.4725 -0.0000 650.0000
28.3510 -112 665 634 1412 5.4471 -0.0000 -1.4909 -0.0000 650.0000
28.3577 -35 595 704 1335 5.3033 -0.0000 -1.5123 -0.0000 650.0000
28.3644 -45 582 717 1345 5.1433 -0.0000 -1.5719 -0.0000 650.0000
28.3710 -108 639 660 1408 5.1006 -0.0000 -1.6590 -0.0000 650.0000
28.3777 17 561 738 1282 4.8436 -0.0000 -1.6835 -0.0000 650.0000
28.3844 -42 589 710 1342 4.6998 -0.0000 -1.7652 -0.0000 650.0000
28.3911 -66 630 669 1366 4.6343 -0.0000 -1.8505 -0.0000 650.0000
28.3978 -39 561 738 1339 4.4738 -0.0000 -2.0006 -0.0000 650.0000
28.4044 -97 723 576 1397 4.5659 -0.0000 -1.9946 -0.0000 650.0000
28.4111 4 646 653 1295 4.4621 -0.0000 -1.9831 -0.0000 650.0000
28.4178 -101 653 646 1401 4.4664 -0.0000 -2.1286 -0.0000 650.0000
28.4245 -138 809 490 1438 4.6636 -0.0000 -2.0989 -0.0000 650.0000
28.4311 66 629 670 1233 4.4491 -0.0000 -2.0097 -0.0000 650.0000
28.4378 -176 726 573 1476 4.6023 -0.0000 -2.1289 -0.0000 650.0000
28.4444 -57 727 572 1357 4.6155 -0.0000 -2.0396 -0.0000 650.0000
28.4511 18 649 650 1281 4.4793 -0.0000 -1.9383 -0.0000 650.0000
28.4578 -128 691 608 1428 4.5713 -0.0000 -1.9852 -0.0000 650.0000
28.4644 -23 712 587 1323 4.6033 -0.0000 -1.8293 -0.0000 650.0000
28.4711 -9 611 688 1309 4.5340 -0.0000 -1.7931 -0.0000 650.0000
28.4778 -92 696 603 1392 4.6715 -0.0000 -1.7468 -0.0000 650.0000
28.4844 -15 614 685 1315 4.6521 -0.0000 -1.7041 -0.0000 650.0000
28.4911 -96 603 696 1396 4.7026 -0.0000 -1.7925 -0.0000 650.0000
28.4978 -18 637 662 1318 4.6939 -0.0000 -1.7029 -0.0000 650.0000
28.5045 -5 579 720 1305 4.5714 -0.0000 -1.6896 -0.0000 650.0000
28.5111 -39 536 763 1339 4.4161 -0.0000 -1.7969 -0.0000 650.0000
28.5178 29 597 702 1270 4.2280 -0.0000 -1.7202 -0.0000 650.0000
28.5244 -20 609 690 1320 4.0754 -0.0000 -1.7343 -0.0000 650.0000
28.5311 3 545 754 1296 3.8135 -0.0000 -1.8212 -0.0000 650.0000
28.5378 -13 632 667 1313 3.6729 -0.0000 -1.8076 -0.0000 650.0000
28.5444 -58 594 705 1358 3.5729 -0.0000 -1.9110 -0.0000 650.0000
28.5510 -1 618 681 1301 3.4484 -0.0000 -1.8892 -0.0000 650.0000
28.5577 -29 650 649 1329 3.3901 -0.0000 -1.8562 -0.0000 650.0000
28.5643 -21 648 651 1321 3.3350 -0.0000 -1.7729 -0.0000 650.0000
28.5710 -17 660 639 1317 3.3120 -0.0000 -1.6439 -0.0000 650.0000
28.5776 -95 606 693 1395 3.3274 -0.0000 -1.7061 -0.0000 650.0000
28.5843 -49 712 587 1349 3.3757 -0.0000 -1.5522 -0.0000 650.0000
28.5910 -42 643 656 1342 3.3307 -0.0000 -1.4934 -0.0000 650.0000
28.5976 -105 682 617 1405 3.3988 -0.0000 -1.4695 -0.0000 650.0000
28.6043 -19 630 669 1319 3.3349 -0.0000 -1.4016 -0.0000 650.0000
28.6110 -103 690 609 1403 3.4256 -0.0000 -1.3792 -0.0000 650.0000
28.6177 -60 687 612 1360 3.4820 -0.0000 -1.2972 -0.0000 650.0000
28.6243 -130 654 645 1430 3.5994 -0.0000 -1.3627 -0.0000 650.0000
28.6310 -74 635 664 1374 3.6575 -0.0000 -1.3714 -0.0000 650.0000
28.6376 -50 645 654 1350 3.7143 -0.0000 -1.3265 -0.0000 650.0000
28.6443 -128 648 651 1428 3.8648 -0.0000 -1.3901 -0.0000 650.0000
28.6510 -33 635 664 1333 3.9014 -0.0000 -1.3332 -0.0000 650.0000
28.6576 -120 668 631 1420 4.0487 -0.0000 -1.3877 -0.0000 650.0000
28.6643 -134 697 602 1434 4.2231 -0.0000 -1.4334 -0.0000 650.0000
28.6709 -42 684 615 1342 4.2677 -0.0000 -1.3714 -0.0000 650.0000
28.6776 -123 677 622 1423 4.3748 -0.0000 -1.4572 -0.0000 650.0000
28.6842 -68 675 624 1368 4.4126 -0.0000 -1.4689 -0.0000 650.0000
28.6909 -64 690 609 1364 4.4656 -0.0000 -1.4550 -0.0000 650.0000
28.6975 -92 639 660 1392 4.5321 -0.0000 -1.5550 -0.0000 650.0000
28.7041 -3 612 687 1303 4.4972 -0.0000 -1.5590 -0.0000 650.0000
28.7107 -86 699 600 1386 4.6657 -0.0000 -1.5531 -0.0000 650.0000
28.7174 -8 592 707 1308 4.6591 -0.0000 -1.5694 -0.0000 650.0000
28.7241 -44 637 662 1344 4.7477 -0.0000 -1.5641 -0.0000 650.0000
28.7307 -124 662 637 1424 4.9431 -0.0000 -1.6358 -0.0000 650.0000
28.7373 32 575 724 1267 4.8546 -0.0000 -1.5978 -0.0000 650.0000
28.7440 -128 679 620 1428 5.0284 -0.0000 -1.6438 -0.0000 650.0000
28.7506 -8 586 713 1308 4.9482 -0.0000 -1.6478 -0.0000 650.0000
28.7572 10 553 746 1289 4.7883 -0.0000 -1.6694 -0.0000 650.0000
28.7639 -106 681 618 1406 4.8873 -0.0000 -1.6736 -0.0000 650.0000
28.7705 -30 567 732 1330 4.7679 -0.0000 -1.7351 -0.0000 650.0000
28.7771 -62 629 670 1362 4.7385 -0.0000 -1.7476 -0.0000 650.0000
28.7838 -3 602 697 1303 4.6343 -0.0000 -1.7031 -0.0000 650.0000
28.7905 -27 522 777 1327 4.4921 -0.0000 -1.8143 -0.0000 650.0000
28.7971 -144 708 591 1444 4.6836 -0.0000 -1.8255 -0.0000 650.0000
28.8038 71 565 734 1228 4.4834 -0.0000 -1.7321 -0.0000 650.0000
28.8104 -96 624 675 1396 4.5357 -0.0000 -1.8015 -0.0000 650.0000
28.8170 36 534 765 1263 4.3460 -0.0000 -1.8044 -0.0000 650.0000
28.8237 -19 546 753 1319 4.2156 -0.0000 -1.8826 -0.0000 650.0000
28.8303 -21 636 663 1321 4.1233 -0.0000 -1.8340 -0.0000 650.0000
28.8369 -15 528 771 1315 3.9003 -0.0000 -1.9318 -0.0000 650.0000
28.8436 -86 631 668 1386 3.8736 -0.0000 -1.9767 -0.0000 650.0000
28.8503 -24 534 765 1324 3.6920 -0.0000 -2.0749 -0.0000 650.0000
28.8570 22 592 707 1277 3.5297 -0.0000 -2.0309 -0.0000 650.0000
28.8637 -58 571 728 1358 3.4344 -0.0000 -2.1482 -0.0000 650.0000
28.8703 -50 627 672 1350 3.4076 -0.0000 -2.1676 -0.0000 650.0000
28.8769 -87 588 711 1387 3.3958 -0.0000 -2.2891 -0.0000 650.0000
28.8835 -85 653 646 1385 3.4752 -0.0000 -2.2948 -0.0000 650.0000
28.8902 14 527 772 1285 3.3413 -0.0000 -2.3449 -0.0000 650.0000
28.8968 -125 630 669 1425 3.4576 -0.0000 -2.4477 -0.0000 650.0000
28.9035 24 539 760 1275 3.2921 -0.0000 -2.4776 -0.0000 650.0000
28.9101 -24 590 709 1324 3.1965 -0.0000 -2.5121 -0.0000 650.0000
28.9167 4 483 816 1295 2.9584 -0.0000 -2.6547 -0.0000 650.0000
28.9233 -46 536 763 1346 2.8516 -0.0000 -2.7901 -0.0000 650.0000
28.9300 -50 522 777 1350 2.7512 -0.0000 -2.9456 -0.0000 650.0000
28.9366 30 602 697 1269 2.6492 -0.0000 -2.8774 -0.0000 650.0000
28.9432 -43 576 723 1343 2.5882 -0.0000 -2.9643 -0.0000 650.0000
28.9498 -45 604 695 1345 2.5302 -0.0000 -3.0186 -0.0000 650.0000
28.9564 -85 533 766 1385 2.4277 -0.0000 -3.2209 -0.0000 650.0000
28.9630 -98 629 670 1398 2.4461 -0.0000 -3.2864 -0.0000 650.0000
28.9697 -12 620 679 1312 2.3827 -0.0000 -3.2287 -0.0000 650.0000
28.9763 -82 662 637 1382 2.4557 -0.0000 -3.2194 -0.0000 650.0000
28.9830 -85 657 642 1385 2.5305 -0.0000 -3.2363 -0.0000 650.0000
28.9896 -101 581 718 1401 2.5362 -0.0000 -3.4045 -0.0000 650.0000
28.9963 -138 689 610 1438 2.6887 -0.0000 -3.4726 -0.0000 650.0000
29.0029 -18 646 653 1318 2.6645 -0.0000 -3.4116 -0.0000 650.0000
29.0096 -144 691 608 1444 2.8673 -0.0000 -3.4598 -0.0000 650.0000
29.0162 -40 618 681 1340 2.9087 -0.0000 -3.4371 -0.0000 650.0000
29.0228 -138 681 618 1438 3.1561 -0.0000 -3.4436 -0.0000 650.0000
29.0295 -77 735 564 1377 3.4128 -0.0000 -3.2815 -0.0000 650.0000
29.0361 -43 596 703 1343 3.4657 -0.0000 -3.2767 -0.0000 650.0000
29.0427 -164 739 560 1464 3.7956 -0.0000 -3.2300 -0.0000 650.0000
29.0494 28 614 685 1271 3.7831 -0.0000 -3.0824 -0.0000 650.0000
29.0560 -98 603 696 1398 3.8893 -0.0000 -3.1504 -0.0000 650.0000
29.0627 -57 661 638 1357 3.9890 -0.0000 -3.0880 -0.0000 650.0000
29.0693 19 541 758 1280 3.8855 -0.0000 -3.0946 -0.0000 650.0000
29.0760 -134 703 596 1434 4.1390 -0.0000 -3.1002 -0.0000 650.0000
29.0827 14 618 681 1285 4.1432 -0.0000 -3.0370 -0.0000 650.0000
29.0893 -73 637 662 1373 4.2592 -0.0000 -3.0783 -0.0000 650.0000
29.0959 -85 659 640 1385 4.4102 -0.0000 -3.0962 -0.0000 650.0000
29.1026 15 554 745 1284 4.3306 -0.0000 -3.1080 -0.0000 650.0000
29.1092 -106 702 597 1406 4.5180 -0.0000 -3.0839 -0.0000 650.0000
29.1158 -19 588 711 1319 4.4572 -0.0000 -3.0993 -0.0000 650.0000
29.1225 -103 620 679 1403 4.4904 -0.0000 -3.1825 -0.0000 650.0000
29.1292 -39 666 633 1339 4.4909 -0.0000 -3.1069 -0.0000 650.0000
29.1358 0 515 784 1300 4.2720 -0.0000 -3.2094 -0.0000 650.0000
29.1425 -167 704 595 1467 4.4350 -0.0000 -3.2867 -0.0000 650.0000
29.1492 59 612 687 1240 4.2782 -0.0000 -3.1538 -0.0000 650.0000
29.1558 -79 574 725 1379 4.2623 -0.0000 -3.2774 -0.0000 650.0000
29.1624 -87 732 567 1387 4.4457 -0.0000 -3.1784 -0.0000 650.0000
29.1691 8 597 702 1291 4.3778 -0.0000 -3.1324 -0.0000 650.0000
29.1757 -117 704 595 1417 4.5691 -0.0000 -3.1032 -0.0000 650.0000
29.1823 10 575 724 1289 4.4912 -0.0000 -3.0621 -0.0000 650.0000
29.1890 -118 702 597 1418 4.6690 -0.0000 -3.0371 -0.0000 650.0000
29.1956 42 617 682 1257 4.5504 -0.0000 -2.9152 -0.0000 650.0000
29.2022 -14 496 803 1314 4.3461 -0.0000 -3.0685 -0.0000 650.0000
29.2089 -72 741 558 1372 4.4775 -0.0000 -2.9492 -0.0000 650.0000
29.2155 82 549 750 1217 4.2377 -0.0000 -2.9037 -0.0000 650.0000
29.2222 -128 665 634 1428 4.3518 -0.0000 -2.9959 -0.0000 650.0000
29.2289 18 655 644 1281 4.3123 -0.0000 -2.8668 -0.0000 650.0000
29.2355 -47 595 704 1347 4.3125 -0.0000 -2.8992 -0.0000 650.0000
29.2421 -29 636 663 1329 4.3278 -0.0000 -2.8446 -0.0000 650.0000
29.2488 -26 574 725 1326 4.2502 -0.0000 -2.8757 -0.0000 650.0000
29.2554 -107 748 551 1407 4.4219 -0.0000 -2.7584 -0.0000 650.0000
29.2621 -21 586 713 1321 4.3235 -0.0000 -2.7523 -0.0000 650.0000
29.2687 -113 664 635 1413 4.4050 -0.0000 -2.7754 -0.0000 650.0000
29.2753 2 665 634 1297 4.3403 -0.0000 -2.6426 -0.0000 650.0000
29.2819 -62 576 723 1362 4.2673 -0.0000 -2.7292 -0.0000 650.0000
29.2886 -77 684 615 1377 4.3611 -0.0000 -2.6594 -0.0000 650.0000
29.2952 70 546 753 1229 4.2021 -0.0000 -2.5646 -0.0000 650.0000
29.3019 -141 693 606 1441 4.4299 -0.0000 -2.5707 -0.0000 650.0000
29.3085 25 597 702 1274 4.3632 -0.0000 -2.4692 -0.0000 650.0000
29.3151 -49 618 681 1349 4.3886 -0.0000 -2.4394 -0.0000 650.0000
29.3217 -85 653 646 1385 4.4676 -0.0000 -2.4203 -0.0000 650.0000
29.3284 11 555 744 1288 4.3030 -0.0000 -2.4193 -0.0000 650.0000
29.3350 -84 676 623 1384 4.3292 -0.0000 -2.4037 -0.0000 650.0000
29.3416 6 544 755 1293 4.1240 -0.0000 -2.4481 -0.0000 650.0000
29.3483 -123 614 685 1423 4.1559 -0.0000 -2.5849 -0.0000 650.0000
29.3550 33 620 679 1266 4.0361 -0.0000 -2.4903 -0.0000 650.0000
29.3617 -5 496 803 1305 3.8300 -0.0000 -2.6338 -0.0000 650.0000
29.3683 -121 710 589 1421 3.9941 -0.0000 -2.6146 -0.0000 650.0000
29.3750 59 581 718 1240 3.8433 -0.0000 -2.4927 -0.0000 650.0000
29.3817 -46 629 670 1346 3.8583 -0.0000 -2.4693 -0.0000 650.0000
29.3883 -39 597 702 1339 3.8090 -0.0000 -2.4979 -0.0000 650.0000
29.3949 -71 615 684 1371 3.7738 -0.0000 -2.5470 -0.0000 650.0000
29.4015 2 632 667 1297 3.6835 -0.0000 -2.4565 -0.0000 650.0000
29.4082 -54 603 696 1354 3.6397 -0.0000 -2.4877 -0.0000 650.0000
29.4148 -119 634 665 1419 3.7170 -0.0000 -2.5820 -0.0000 650.0000
29.4215 -50 620 679 1350 3.7023 -0.0000 -2.6040 -0.0000 650.0000
29.4282 -63 625 674 1363 3.7085 -0.0000 -2.6319 -0.0000 650.0000
29.4348 -96 597 702 1396 3.7655 -0.0000 -2.7383 -0.0000 650.0000
29.4415 -63 677 622 1363 3.8897 -0.0000 -2.6772 -0.0000 650.0000
29.4481 -119 640 659 1419 4.0225 -0.0000 -2.7761 -0.0000 650.0000
29.4547 -82 673 626 1382 4.1196 -0.0000 -2.7863 -0.0000 650.0000
29.4613 -102 614 685 1402 4.1509 -0.0000 -2.9131 -0.0000 650.0000
29.4680 -128 705 594 1428 4.3135 -0.0000 -2.9363 -0.0000 650.0000
29.4746 -42 637 662 1342 4.3106 -0.0000 -2.9392 -0.0000 650.0000
29.4812 -110 594 705 1410 4.3325 -0.0000 -3.1174 -0.0000 650.0000
29.4879 -56 694 605 1356 4.4208 -0.0000 -3.0643 -0.0000 650.0000
29.4945 -65 633 666 1365 4.4820 -0.0000 -3.1007 -0.0000 650.0000
29.5012 -93 634 665 1393 4.6062 -0.0000 -3.1682 -0.0000 650.0000
29.5079 -116 648 651 1416 4.7733 -0.0000 -3.2404 -0.0000 650.0000
29.5145 -88 637 662 1388 4.8808 -0.0000 -3.2771 -0.0000 650.0000
29.5212 -113 697 602 1413 5.0682 -0.0000 -3.2540 -0.0000 650.0000
29.5279 -128 659 640 1428 5.1939 -0.0000 -3.3176 -0.0000 650.0000
29.5345 -39 686 613 1339 5.2220 -0.0000 -3.2241 -0.0000 650.0000
29.5412 -48 616 683 1348 5.1663 -0.0000 -3.2616 -0.0000 650.0000
29.5478 -76 633 666 1376 5.1901 -0.0000 -3.3144 -0.0000 650.0000
29.5545 2 643 656 1297 5.1663 -0.0000 -3.2348 -0.0000 650.0000
29.5611 -115 651 648 1415 5.2956 -0.0000 -3.3164 -0.0000 650.0000
29.5678 -46 615 684 1346 5.3264 -0.0000 -3.3249 -0.0000 650.0000
29.5744 -39 628 671 1339 5.3634 -0.0000 -3.2884 -0.0000 650.0000
29.5811 -47 539 760 1347 5.3000 -0.0000 -3.3907 -0.0000 650.0000
29.5878 -91 648 651 1391 5.3444 -0.0000 -3.4038 -0.0000 650.0000
29.5944 -14 604 695 1314 5.2420 -0.0000 -3.3699 -0.0000 650.0000
29.6011 -54 529 770 1354 5.1013 -0.0000 -3.5201 -0.0000 650.0000
29.6078 -162 716 583 1462 5.2819 -0.0000 -3.5491 -0.0000 650.0000
29.6144 16 584 715 1283 5.1244 -0.0000 -3.5037 -0.0000 650.0000
29.6211 -113 652 647 1413 5.2200 -0.0000 -3.5036 -0.0000 650.0000
29.6278 -50 652 647 1350 5.2575 -0.0000 -3.3885 -0.0000 650.0000
29.6344 -23 613 686 1323 5.2158 -0.0000 -3.2893 -0.0000 650.0000
29.6411 -101 699 600 1401 5.2910 -0.0000 -3.1770 -0.0000 650.0000
29.6478 -60 543 756 1360 5.1378 -0.0000 -3.2250 0.3906 650.0000
29.6545 -146 709 590 1446 5.2655 -0.0000 -3.1488 0.3906 650.0000
29.6612 -1 578 721 1301 5.1191 -0.0000 -3.0673 0.3906 650.0000
29.6678 -115 547 752 1415 5.0774 -0.0000 -3.2134 0.3906 650.0000
29.6745 -120 731 568 1420 5.2547 -0.0000 -3.0991 0.3906 650.0000
29.6811 10 548 751 1289 5.1458 -0.0000 -3.0582 0.3906 650.0000
29.6878 -137 681 618 1437 5.3493 -0.0000 -3.0489 0.3906 650.0000
29.6944 -30 604 695 1330 5.3326 -0.0000 -3.0167 0.3906 650.0000
29.7010 -111 664 635 1411 5.3981 -0.0000 -3.0468 0.3906 650.0000
29.7078 -15 560 739 1315 5.2261 -0.0000 -3.0593 2.5781 650.0000
29.7144 -115 586 713 1415 5.1918 -0.0000 -3.1822 2.5781 650.0000
29.7211 -98 656 643 1398 5.2107 -0.0000 -3.1997 2.5781 650.0000
29.7278 -15 516 783 1315 4.9890 -0.0000 -3.3060 2.5781 650.0000
29.7344 -149 674 625 1449 5.0969 -0.0000 -3.3680 2.5781 650.0000
29.7411 -34 585 714 1334 5.0236 -0.0000 -3.3631 2.5781 650.0000
29.7477 -107 672 627 1407 5.1266 -0.0000 -3.3329 2.5781 650.0000
29.7544 -82 576 723 1382 5.0777 -0.0000 -3.4227 2.5781 650.0000
29.7610 -95 642 657 1395 5.0495 -0.0000 -3.4223 3.4375 650.0000
29.7678 -124 641 658 1424 5.0413 -0.0000 -3.4610 3.4375 650.0000
29.7744 -73 596 703 1373 4.9590 -0.0000 -3.4776 3.4375 650.0000
29.7811 -160 652 647 1460 5.0486 -0.0000 -3.5423 3.4375 650.0000
29.7877 -129 668 631 1429 5.1289 -0.0000 -3.5451 3.4375 650.0000
29.7944 -89 650 649 1389 5.1600 -0.0000 -3.5036 3.4375 650.0000
29.8010 -145 620 679 1445 5.2404 -0.0000 -3.5728 3.4375 650.0000
29.8076 -87 677 622 1387 5.3294 -0.0000 -3.4640 3.4375 650.0000
29.8143 -69 627 672 1369 5.3176 -0.0000 -3.4154 3.4375 650.0000
29.8210 -133 585 714 1433 5.3062 -0.0000 -3.4970 5.7031 650.0000
29.8277 -125 652 647 1425 5.3423 -0.0000 -3.4625 5.7031 650.0000
29.8343 -121 621 678 1421 5.3503 -0.0000 -3.4686 5.7031 650.0000
29.8409 -74 631 668 1374 5.3252 -0.0000 -3.3972 5.7031 650.0000
29.8476 -148 602 697 1448 5.3535 -0.0000 -3.4858 5.7031 650.0000
29.8542 -72 614 685 1372 5.3523 -0.0000 -3.4244 5.7031 650.0000
29.8609 -42 569 730 1342 5.2991 -0.0000 -3.3749 5.7031 650.0000
29.8676 -140 552 747 1440 5.3476 -0.0000 -3.4913 5.7031 650.0000
29.8742 -48 642 657 1348 5.3611 -0.0000 -3.3448 5.7031 650.0000
29.8809 -79 568 731 1379 5.3107 -0.0000 -3.3089 8.6719 650.0000
29.8876 -99 551 748 1399 5.2527 -0.0000 -3.3270 8.6719 650.0000
29.8942 -73 513 786 1373 5.1006 -0.0000 -3.3731 8.6719 650.0000
29.9009 -115 568 731 1415 5.0333 -0.0000 -3.4145 8.6719 650.0000
29.9076 -26 529 770 1326 4.8104 -0.0000 -3.3832 8.6719 650.0000
29.9142 -130 572 727 1430 4.7647 -0.0000 -3.4338 8.6719 650.0000
29.9209 -78 595 704 1378 4.7131 -0.0000 -3.3653 8.6719 650.0000
29.9275 -134 603 696 1434 4.7650 -0.0000 -3.3626 8.6719 650.0000
29.9342 -82 586 713 1382 4.7314 -0.0000 -3.3225 8.6719 650.0000
29.9409 -95 546 753 1395 4.6531 0.2344 -3.3468 10.0000 650.0000
29.9475 -157 555 744 1457 4.6068 0.2344 -3.4580 10.0000 650.0000
29.9541 -89 588 711 1389 4.5156 0.2344 -3.4132 10.0000 650.0000
29.9607 -45 552 747 1345 4.3485 0.2344 -3.3527 10.0000 650.0000
29.9674 -122 595 704 1422 4.3339 0.2344 -3.3450 10.0000 650.0000
29.9741 -114 529 770 1414 4.2496 0.2344 -3.4216 10.0000 650.0000
29.9807 -208 628 671 1508 4.3805 0.2344 -3.4984 10.0000 650.0000
29.9873 -62 551 748 1362 4.2766 0.2344 -3.4630 10.0000 650.0000
29.9940 -159 648 651 1459 4.3996 0.7031 -3.4294 10.0000 650.0000
30.0007 -91 564 735 1391 4.3615 0.7031 -3.4050 10.0000 650.0000
30.0073 -146 576 723 1446 4.4233 0.7031 -3.4369 10.0000 650.0000
30.0140 -139 545 754 1439 4.4471 0.7031 -3.4921 10.0000 650.0000
30.0206 -84 632 667 1384 4.5048 0.7031 -3.3449 10.0000 650.0000
30.0273 -120 603 696 1420 4.5270 0.7031 -3.3264 10.0000 650.0000
30.0339 -124 570 729 1424 4.4991 0.7031 -3.3748 10.0000 650.0000
30.0406 -90 515 784 1390 4.3640 0.7031 -3.4632 10.0000 650.0000
30.0473 -215 633 666 1515 4.5272 0.7031 -3.5439 10.0000 650.0000
30.0539 -38 538 761 1338 4.4371 1.1719 -3.5004 10.0000 650.0000
30.0606 -136 645 654 1436 4.6007 1.1719 -3.4414 10.0000 650.0000
30.0672 -93 547 752 1393 4.6400 1.1719 -3.4724 10.0000 650.0000
30.0738 -158 574 725 1458 4.7626 1.1719 -3.5598 10.0000 650.0000
30.0805 -112 579 720 1412 4.8151 1.1719 -3.5715 10.0000 650.0000
30.0872 -57 607 692 1357 4.7907 1.1719 -3.4504 10.0000 650.0000
30.0938 -110 556 743 1410 4.7655 1.1719 -3.4724 10.0000 650.0000
30.1005 -52 523 776 1352 4.6608 1.1719 -3.4483 10.0000 650.0000
30.1072 -76 474 825 1376 4.5437 1.2500 -3.5316 10.0000 650.0000
30.1138 -166 660 639 1466 4.7343 1.2500 -3.4855 10.0000 650.0000
30.1205 -68 562 737 1368 4.7050 1.2500 -3.4595 10.0000 650.0000
30.1272 -123 588 711 1423 4.7622 1.2500 -3.4870 10.0000 650.0000
30.1338 -77 507 792 1377 4.6794 1.2500 -3.5652 10.0000 650.0000
30.1405 -120 566 733 1420 4.7184 1.2500 -3.5815 10.0000 650.0000
30.1471 -167 625 674 1467 4.8740 1.2500 -3.5676 10.0000 650.0000
30.1537 8 557 742 1291 4.7735 1.2500 -3.3792 10.0000 650.0000
30.1604 -143 606 693 1443 4.8862 1.2500 -3.3685 10.0000 650.0000
30.1670 -43 510 789 1343 4.7759 1.2500 -3.3561 10.0000 650.0000
30.1737 -157 547 752 1457 4.8149 1.2500 -3.4744 10.0000 650.0000
30.1804 -51 548 751 1351 4.7166 1.2500 -3.4342 10.0000 650.0000
30.1869 -61 594 705 1361 4.6813 1.2500 -3.3495 10.0000 650.0000
30.1936 -99 519 780 1399 4.6117 1.2500 -3.4232 10.0000 650.0000
30.2002 -61 565 734 1361 4.5815 1.2500 -3.3596 10.0000 650.0000
30.2069 -168 536 763 1468 4.6494 1.2500 -3.4851 10.0000 650.0000
30.2135 -110 633 666 1410 4.7677 1.2500 -3.3743 10.0000 650.0000
30.2202 -70 557 742 1370 4.7520 1.2500 -3.3330 10.0000 650.0000
30.2269 -93 623 676 1393 4.8180 1.1719 -3.2422 10.0000 650.0000
30.2335 -108 533 766 1408 4.7776 1.1719 -3.3315 10.0000 650.0000
30.2401 -124 561 738 1424 4.7535 1.1719 -3.4154 10.0000 650.0000
30.2468 -119 589 710 1419 4.7467 1.1719 -3.4544 10.0000 650.0000
30.2534 -73 534 765 1373 4.6400 1.1719 -3.4927 10.0000 650.0000
30.2601 -130 633 666 1430 4.7411 1.1719 -3.4550 10.0000 650.0000
30.2667 -11 516 783 1311 4.6135 1.1719 -3.3923 10.0000 650.0000
30.2734 -188 584 715 1488 4.7750 1.1719 -3.4811 10.0000 650.0000
30.2801 -88 556 743 1388 4.8099 1.1719 -3.4468 10.0000 650.0000
30.2867 -116 578 721 1416 4.8906 1.2500 -3.4377 10.0000 650.0000
30.2933 -54 568 731 1354 4.8557 1.2500 -3.3592 10.0000 650.0000
30.2999 -55 544 755 1355 4.7800 1.2500 -3.3343 10.0000 650.0000
30.3065 -139 531 768 1439 4.7702 1.2500 -3.4514 10.0000 650.0000
30.3131 -65 552 747 1365 4.7118 1.2500 -3.4235 10.0000 650.0000
30.3198 -116 560 739 1416 4.7286 1.2500 -3.4527 10.0000 650.0000
30.3264 -46 603 696 1346 4.7348 1.2500 -3.3081 10.0000 650.0000
30.3331 -53 543 756 1353 4.7005 1.2500 -3.2720 10.0000 650.0000
30.3397 -89 555 744 1389 4.7190 1.2500 -3.2745 10.0000 650.0000
30.3464 -99 509 790 1399 4.6846 1.0938 -3.3717 10.0000 650.0000
30.3531 -96 519 780 1396 4.6289 1.0938 -3.4328 10.0000 650.0000
30.3597 -89 569 730 1389 4.6042 1.0938 -3.4056 10.0000 650.0000
30.3663 28 479 820 1271 4.3481 1.0938 -3.3223 10.0000 650.0000
30.3729 -74 592 707 1374 4.3172 1.0938 -3.2383 10.0000 650.0000
30.3796 -75 481 818 1375 4.1714 1.0938 -3.3155 10.0000 650.0000
30.3862 -154 538 761 1454 4.1734 1.0938 -3.4410 10.0000 650.0000
30.3929 -96 554 745 1396 4.1390 1.0938 -3.4567 10.0000 650.0000
30.3995 -69 510 789 1369 4.0330 1.0938 -3.5135 10.0000 650.0000
30.4061 -104 590 709 1404 4.0589 1.0938 -3.4981 10.0000 650.0000
30.4127 -9 471 828 1309 3.8590 1.0938 -3.5404 10.0000 650.0000
30.4194 -113 571 728 1413 3.8802 1.0938 -3.5815 10.0000 650.0000
30.4260 -101 536 763 1401 3.8419 1.0938 -3.6686 10.0000 650.0000
30.4327 -121 533 766 1421 3.8022 1.0938 -3.7722 10.0000 650.0000
30.4393 -186 616 683 1486 3.9117 1.0938 -3.8434 10.0000 650.0000
30.4459 -67 554 745 1367 3.8215 1.0938 -3.8166 10.0000 650.0000
30.4526 -108 663 636 1408 3.8969 1.0938 -3.6938 10.0000 650.0000
30.4593 -116 628 671 1416 3.9537 1.1719 -3.6307 10.0000 650.0000
30.4660 -43 576 723 1343 3.8877 1.1719 -3.5334 10.0000 650.0000
30.4727 -126 568 731 1426 3.9535 1.1719 -3.5712 10.0000 650.0000
30.4794 -89 518 781 1389 3.9450 1.1719 -3.6228 10.0000 650.0000
30.4860 -170 613 686 1470 4.1513 1.1719 -3.6433 10.0000 650.0000
30.4927 -114 667 632 1414 4.3386 1.1719 -3.5048 10.0000 650.0000
30.4994 -58 563 736 1358 4.3315 1.1719 -3.4336 10.0000 650.0000
30.5060 -100 590 709 1400 4.3615 1.1719 -3.3896 10.0000 650.0000
30.5128 -99 583 716 1399 4.3730 1.1719 -3.3385 10.0000 650.0000
30.5194 -109 557 742 1409 4.3686 1.1719 -3.3355 10.0000 650.0000
30.5261 -129 607 692 1429 4.4633 1.1719 -3.2760 10.0000 650.0000
30.5327 -35 524 775 1335 4.3778 1.1719 -3.2170 10.0000 650.0000
30.5394 -168 556 743 1468 4.4749 1.1719 -3.3274 10.0000 650.0000
30.5460 -26 556 743 1326 4.4163 1.1719 -3.2476 10.0000 650.0000
30.5527 -84 574 725 1384 4.4381 1.1719 -3.2361 10.0000 650.0000
30.5593 -87 583 716 1387 4.4773 1.1719 -3.2002 10.0000 650.0000
30.5660 -122 570 729 1422 4.5461 1.1719 -3.2225 10.0000 650.0000
30.5727 -152 567 732 1452 4.6339 0.9375 -3.2778 10.0000 650.0000
30.5794 -123 544 755 1423 4.6546 0.9375 -3.3280 10.0000 650.0000
30.5860 -99 557 742 1399 4.6188 0.9375 -3.3316 10.0000 650.0000
30.5927 -109 645 654 1409 4.6698 0.9375 -3.2310 10.0000 650.0000
30.5994 -45 504 795 1345 4.4836 0.9375 -3.2546 10.0000 650.0000
30.6060 -177 596 703 1477 4.5544 0.9375 -3.3357 10.0000 650.0000
30.6126 -62 543 756 1362 4.4600 0.9375 -3.3241 10.0000 650.0000
30.6193 -134 567 732 1434 4.4955 0.9375 -3.3794 10.0000 650.0000
30.6260 -72 578 721 1372 4.5029 0.8594 -3.3296 10.0000 650.0000
30.6327 -117 570 729 1417 4.5479 0.8594 -3.3565 10.0000 650.0000
30.6393 -92 517 782 1392 4.4778 0.8594 -3.4438 10.0000 650.0000
30.6459 -81 523 776 1381 4.3930 0.8594 -3.4939 10.0000 650.0000
30.6526 -112 522 777 1412 4.3289 0.8594 -3.5939 10.0000 650.0000
30.6592 -103 658 641 1403 4.3976 0.8594 -3.4599 10.0000 650.0000
30.6658 -66 562 737 1366 4.3216 0.8594 -3.4293 10.0000 650.0000
30.6725 -92 597 702 1392 4.3177 0.8594 -3.3835 10.0000 650.0000
30.6792 -101 539 760 1401 4.2791 0.8594 -3.4502 10.0000 650.0000
30.6858 -127 582 717 1427 4.3240 0.8594 -3.4835 10.0000 650.0000
30.6925 -100 588 711 1400 4.3526 0.8594 -3.4668 10.0000 650.0000
30.6991 -33 548 751 1333 4.2678 0.8594 -3.3955 10.0000 650.0000
30.7057 -148 628 671 1448 4.3933 0.8594 -3.3726 10.0000 650.0000
30.7123 -45 486 813 1345 4.2519 0.8594 -3.3981 10.0000 650.0000
30.7190 -150 539 760 1450 4.2783 0.8594 -3.4843 10.0000 650.0000
30.7257 -34 587 712 1334 4.2198 0.8594 -3.3305 10.0000 650.0000
30.7323 -113 590 709 1413 4.2394 0.8594 -3.2948 10.0000 650.0000
30.7390 -118 590 709 1418 4.2391 0.8594 -3.3026 10.0000 650.0000
30.7457 -83 556 743 1383 4.1590 0.7812 -3.3150 9.6094 650.0000
30.7523 -154 546 753 1454 4.1511 0.7812 -3.4567 9.6094 650.0000
30.7590 -104 625 674 1404 4.2093 0.7812 -3.3887 9.6094 650.0000
30.7656 -65 542 757 1365 4.1609 0.7812 -3.3920 9.6094 650.0000
30.7723 -105 641 658 1405 4.2818 0.7812 -3.2971 9.6094 650.0000
30.7789 -59 516 783 1359 4.2298 0.7812 -3.3194 9.6094 650.0000
30.7855 -166 587 712 1466 4.3506 0.7812 -3.3873 9.6094 650.0000
30.7921 -70 569 730 1370 4.3286 0.7812 -3.3398 9.6094 650.0000
30.7988 -57 560 739 1357 4.2405 0.7812 -3.2938 9.6094 650.0000
30.8055 -88 630 669 1388 4.2551 0.7812 -3.2970 2.5000 650.0000
30.8122 37 552 747 1262 4.0512 0.7812 -3.2314 2.5000 650.0000
30.8189 -155 601 698 1455 4.1442 0.7812 -3.3795 2.5000 650.0000
30.8256 -39 640 659 1339 4.1698 0.7812 -3.3005 2.5000 650.0000
30.8322 -79 605 694 1379 4.2235 0.7812 -3.3273 2.5000 650.0000
30.8389 -25 633 666 1325 4.2384 0.7812 -3.2408 2.5000 650.0000
30.8455 -52 487 812 1352 4.1066 0.7812 -3.3975 2.5000 650.0000
30.8521 -148 625 674 1448 4.1867 0.7812 -3.4715 2.5000 650.0000
30.8588 -19 590 709 1319 4.0804 0.7812 -3.3939 2.5000 650.0000
30.8654 -25 607 692 1325 4.0060 0.7812 -3.2955 2.5000 650.0000
30.8721 -82 598 701 1382 3.9966 0.7812 -3.3140 2.5000 650.0000
30.8787 -51 582 717 1351 3.9404 0.7812 -3.3196 2.5000 650.0000
30.8854 -119 575 724 1419 3.9522 0.7812 -3.4514 2.5000 650.0000
30.8921 -28 631 668 1328 3.9284 0.7812 -3.3535 2.5000 650.0000
30.8987 -92 608 691 1392 3.9662 0.7812 -3.3829 2.5000 650.0000
30.9054 -133 660 639 1433 4.1162 0.7812 -3.3855 2.5000 650.0000
30.9120 -62 566 733 1362 4.1151 0.7812 -3.4101 2.5000 650.0000
30.9187 -124 687 612 1424 4.2992 0.7812 -3.3571 2.5000 650.0000
30.9253 -3 562 737 1303 4.1924 0.7812 -3.3143 2.5000 650.0000
30.9320 -116 603 696 1416 4.2134 0.7812 -3.3868 2.5000 650.0000
30.9387 -104 599 700 1404 4.2143 0.7812 -3.4399 2.5000 650.0000
30.9453 -33 638 661 1333 4.1944 0.7812 -3.3299 2.5000 650.0000
30.9519 -57 614 685 1357 4.1964 0.7812 -3.3247 2.5000 650.0000
30.9586 -75 578 721 1375 4.1770 0.7812 -3.4122 2.5000 650.0000
30.9652 -82 615 684 1382 4.2046 0.7812 -3.4647 2.5000 650.0000
30.9719 -87 631 668 1387 4.2843 0.7812 -3.4856 2.5000 650.0000
30.9786 -18 606 693 1318 4.2854 0.7812 -3.4275 2.5000 650.0000
30.9852 -154 575 724 1454 4.4138 0.7812 -3.6165 2.5000 650.0000
30.9918 -115 747 552 1415 4.6531 0.7812 -3.4904 2.5000 650.0000
30.9985 27 591 708 1272 4.5491 0.7812 -3.3854 2.5000 650.0000
31.0051 -123 664 635 1423 4.6865 0.7812 -3.3812 2.5000 650.0000
31.0118 -59 573 726 1359 4.6611 0.7812 -3.4141 2.5000 650.0000
31.0185 -143 673 626 1443 4.8284 0.7812 -3.4310 2.5000 650.0000
31.0251 -13 650 649 1313 4.8017 0.7812 -3.2936 2.5000 650.0000
31.0318 -88 547 752 1388 4.7547 0.7812 -3.4153 2.5000 650.0000
31.0384 -194 723 576 1494 5.0312 0.7812 -3.4241 2.5000 650.0000
31.0451 52 551 748 1247 4.8753 0.7812 -3.3193 2.5000 650.0000
31.0517 -100 606 693 1400 4.9246 -0.0000 -3.4000 -0.0000 650.0000
31.0584 -40 650 649 1340 4.9544 -0.0000 -3.3172 -0.0000 650.0000
31.0650 -40 620 679 1340 4.9587 -0.0000 -3.2642 -0.0000 650.0000
31.0717 -112 710 589 1412 5.1248 -0.0000 -3.1901 -0.0000 650.0000
31.0784 -12 546 753 1312 4.9770 -0.0000 -3.2235 -0.0000 650.0000
31.0850 -111 685 614 1411 5.0473 -0.0000 -3.2029 -0.0000 650.0000
31.0916 32 594 705 1267 4.8669 -0.0000 -3.1014 -0.0000 650.0000
31.0983 -78 543 756 1378 4.7623 -0.0000 -3.2443 -0.0000 650.0000
31.1050 -93 706 593 1393 4.8445 -0.0000 -3.1835 -0.0000 650.0000
31.1116 18 549 750 1281 4.6409 -0.0000 -3.1947 -0.0000 650.0000
31.1183 -117 659 640 1417 4.7240 -0.0000 -3.2383 -0.0000 650.0000
31.1249 3 608 691 1296 4.6519 -0.0000 -3.1805 -0.0000 650.0000
31.1316 -24 610 689 1324 4.6083 -0.0000 -3.1722 -0.0000 650.0000
31.1383 -95 675 624 1395 4.6986 -0.0000 -3.1759 -0.0000 650.0000
31.1449 -26 536 763 1326 4.5549 -0.0000 -3.2644 -0.0000 650.0000
31.1516 -51 659 640 1351 4.5743 -0.0000 -3.2043 -0.0000 650.0000
31.1582 -85 580 719 1385 4.5297 -0.0000 -3.3247 -0.0000 650.0000
31.1649 -80 602 697 1380 4.4575 -0.0000 -3.4085 -0.0000 650.0000
31.1715 -58 653 646 1358 4.4121 -0.0000 -3.3846 -0.0000 650.0000
31.1782 1 587 712 1298 4.2722 -0.0000 -3.3765 -0.0000 650.0000
31.1848 -88 630 669 1388 4.2961 -0.0000 -3.4456 -0.0000 650.0000
31.1915 -25 589 710 1325 4.2155 -0.0000 -3.4925 -0.0000 650.0000
31.1981 -17 652 647 1317 4.2157 -0.0000 -3.4196 -0.0000 650.0000
31.2048 -45 586 713 1345 4.1927 -0.0000 -3.4672 -0.0000 650.0000
31.2115 -74 668 631 1374 4.3025 -0.0000 -3.4261 -0.0000 650.0000
31.2181 -61 626 673 1361 4.3217 -0.0000 -3.4317 -0.0000 650.0000
31.2248 -70 620 679 1370 4.3200 -0.0000 -3.4664 -0.0000 650.0000
31.2314 -66 638 661 1366 4.3192 -0.0000 -3.4662 -0.0000 650.0000
31.2381 -101 638 661 1401 4.3628 -0.0000 -3.5085 -0.0000 650.0000
31.2447 -51 654 645 1351 4.3680 -0.0000 -3.4572 -0.0000 650.0000
31.2514 -91 593 706 1391 4.3449 -0.0000 -3.5608 -0.0000 650.0000
31.2580 -72 688 611 1372 4.4204 -0.0000 -3.4896 -0.0000 650.0000
31.2647 -32 614 685 1332 4.3995 -0.0000 -3.4599 -0.0000 650.0000
31.2714 -88 601 698 1388 4.4474 -0.0000 -3.5344 -0.0000 650.0000
31.2780 -42 654 645 1342 4.4940 -0.0000 -3.4715 -0.0000 650.0000
31.2846 -34 606 693 1334 4.4654 -0.0000 -3.4630 -0.0000 650.0000
31.2913 -82 654 645 1382 4.5318 -0.0000 -3.4455 -0.0000 650.0000
31.2979 -86 606 693 1386 4.5279 -0.0000 -3.4953 -0.0000 650.0000
31.3046 -96 662 637 1396 4.5711 -0.0000 -3.4822 -0.0000 650.0000
31.3113 27 622 677 1272 4.4178 -0.0000 -3.3518 -0.0000 650.0000
31.3179 -129 584 715 1429 4.4223 -0.0000 -3.5045 -0.0000 650.0000
31.3245 -49 688 611 1349 4.4799 -0.0000 -3.3885 -0.0000 650.0000
31.3312 -25 570 729 1325 4.3995 -0.0000 -3.4187 -0.0000 650.0000
31.3378 -110 630 669 1410 4.4895 -0.0000 -3.4787 -0.0000 650.0000
31.3444 -48 644 655 1348 4.5319 -0.0000 -3.4146 -0.0000 650.0000
31.3511 -73 600 699 1373 4.5382 -0.0000 -3.4542 -0.0000 650.0000
31.3577 -46 637 662 1346 4.5248 -0.0000 -3.4157 -0.1562 650.0000
31.3643 -110 617 682 1410 4.5261 -0.0000 -3.5039 -0.1562 650.0000
31.3710 -36 676 623 1336 4.5005 -0.0000 -3.3912 -0.1562 650.0000
31.3776 -59 561 738 1359 4.3884 -0.0000 -3.4854 -0.1562 650.0000
31.3842 -105 618 681 1405 4.3978 -0.0000 -3.5669 -0.1562 650.0000
31.3909 -8 642 657 1308 4.3511 -0.0000 -3.4579 -0.1562 650.0000
31.3976 -87 574 725 1387 4.3407 -0.0000 -3.5484 -0.1562 650.0000
31.4042 -30 618 681 1330 4.3358 -0.0000 -3.4775 -0.1562 650.0000
31.4109 -90 649 650 1390 4.4055 -0.0000 -3.4967 -2.8125 650.0000
31.4176 -34 636 663 1334 4.3685 -0.0000 -3.4600 -2.8125 650.0000
31.4242 -55 614 685 1355 4.3088 -0.0000 -3.4900 -2.8125 650.0000
31.4309 -100 621 678 1400 4.3114 -0.0000 -3.5770 -2.8125 650.0000
31.4376 -1 646 653 1301 4.2403 -0.0000 -3.4950 -2.8125 650.0000
31.4442 -56 581 718 1356 4.1658 -0.0000 -3.6043 -2.8125 650.0000
31.4509 -59 671 628 1359 4.2233 -0.0000 -3.5884 -2.8125 650.0000
31.4575 -48 625 674 1348 4.2449 -0.0000 -3.6153 -2.8125 650.0000
31.4643 -51 660 639 1351 4.3280 -0.0000 -3.6267 -5.1562 650.0000
31.4709 -54 654 645 1354 4.3818 -0.0000 -3.6638 -5.1562 650.0000
31.4776 -45 634 665 1345 4.3770 -0.0000 -3.7192 -5.1562 650.0000
31.4842 -22 661 638 1322 4.3637 -0.0000 -3.6968 -5.1562 650.0000
31.4909 -49 575 724 1349 4.2792 -0.0000 -3.8416 -5.1562 650.0000
31.4975 -56 676 623 1356 4.3026 -0.0000 -3.8552 -5.1562 650.0000
31.5042 38 645 654 1261 4.1819 -0.0000 -3.7802 -5.1562 650.0000
31.5108 -96 627 672 1396 4.2198 -0.0000 -3.9230 -5.1562 650.0000
31.5174 -9 718 581 1309 4.2854 -0.0000 -3.7979 -5.1562 650.0000
31.5241 9 640 659 1290 4.2542 -0.0000 -3.7805 -6.6406 650.0000
31.5308 -47 608 691 1347 4.2455 -0.0000 -3.8853 -6.6406 650.0000
31.5375 -66 689 610 1366 4.3434 -0.0000 -3.8806 -6.6406 650.0000
31.5441 -19 674 625 1319 4.3509 -0.0000 -3.8232 -6.6406 650.0000
31.5508 -25 658 641 1325 4.3229 -0.0000 -3.8058 -6.6406 650.0000
31.5574 -40 670 629 1340 4.3088 -0.0000 -3.7968 -6.6406 650.0000
31.5641 -9 616 683 1309 4.2236 -0.0000 -3.8346 -6.6406 650.0000
31.5707 -99 699 600 1399 4.3375 -0.0000 -3.8886 -6.6406 650.0000
31.5774 -55 737 562 1355 4.4527 -0.0000 -3.8363 -7.3438 650.0000
31.5842 52 555 744 1247 4.2963 -0.0000 -3.8859 -7.3438 650.0000
31.5909 -66 709 590 1366 4.4540 -0.0000 -3.8795 -7.3438 650.0000
31.5976 33 685 614 1266 4.4685 -0.0000 -3.7603 -7.3438 650.0000
31.6043 67 551 748 1232 4.2850 -0.0000 -3.7823 -7.3438 650.0000
31.6110 -92 779 520 1392 4.5081 -0.0000 -3.7027 -7.3438 650.0000
31.6176 87 629 670 1212 4.3407 -0.0000 -3.5924 -7.3438 650.0000
31.6243 -37 609 690 1337 4.2505 -0.0000 -3.7023 -7.3438 650.0000
31.6310 -50 761 538 1350 4.3484 -0.0000 -3.6016 -7.3438 650.0000
31.6377 72 605 694 1227 4.1591 -0.0000 -3.5677 -8.0469 650.0000
31.6444 -88 666 633 1388 4.2436 -0.0000 -3.6768 -8.0469 650.0000
31.6511 48 695 604 1251 4.2330 -0.0000 -3.5236 -8.0469 650.0000
31.6578 33 586 713 1266 4.1475 -0.0000 -3.5526 -8.0469 650.0000
31.6644 -98 689 610 1398 4.3009 -0.0000 -3.6254 -8.0469 650.0000
31.6711 25 681 618 1274 4.2892 -0.0000 -3.5252 -8.0469 650.0000
31.6778 -38 626 673 1338 4.2520 -0.0000 -3.6144 -8.0469 650.0000
31.6844 -7 704 595 1307 4.2440 -0.0000 -3.5516 -8.0469 650.0000
31.6911 -49 689 610 1349 4.2462 -0.0000 -3.5830 -8.0469 650.0000
31.6978 -36 658 641 1336 4.2159 -0.0000 -3.6354 -8.2812 650.0000
31.7045 3 675 624 1296 4.1853 -0.0000 -3.6018 -8.2812 650.0000
31.7111 -60 718 581 1360 4.2903 -0.0000 -3.5958 -8.2812 650.0000
31.7178 28 648 651 1271 4.2511 -0.0000 -3.5469 -8.2812 650.0000
31.7245 -73 705 594 1373 4.3903 -0.0000 -3.5597 -8.2812 650.0000
31.7312 -29 729 570 1329 4.5029 -0.0000 -3.4701 -8.2812 650.0000
31.7378 0 649 650 1299 4.4658 -0.0000 -3.4665 -8.2812 650.0000
31.7444 -71 639 660 1371 4.4753 -0.0000 -3.5876 -8.2812 650.0000
31.7511 0 750 549 1300 4.5212 -0.0000 -3.4384 -8.2812 650.0000
31.7578 -22 668 631 1322 4.5302 -0.0000 -3.4608 -8.2812 650.0000
31.7644 18 589 710 1281 4.4339 -0.0000 -3.5429 -8.2812 650.0000
31.7710 -42 718 581 1342 4.5588 -0.0000 -3.5273 -8.2812 650.0000
31.7777 30 660 639 1269 4.5561 -0.0000 -3.4735 -8.2812 650.0000
31.7843 3 627 672 1296 4.5500 -0.0000 -3.5031 -8.2812 650.0000
31.7909 -41 666 633 1341 4.6197 -0.0000 -3.5533 -8.2812 650.0000
31.7976 -14 676 623 1314 4.5955 -0.0000 -3.5558 -8.2812 650.0000
31.8042 -24 678 621 1324 4.5586 -0.0000 -3.5747 -8.2812 650.0000
31.8108 27 608 691 1272 4.3895 -0.0000 -3.6314 -8.2812 650.0000
31.8175 -64 781 518 1364 4.5230 -0.0000 -3.5725 -8.2812 650.0000
31.8241 22 625 674 1277 4.4089 -0.0000 -3.6173 -8.2812 650.0000
31.8307 -27 657 642 1327 4.4272 -0.0000 -3.6698 -8.2812 650.0000
31.8374 -4 749 550 1304 4.5309 -0.0000 -3.5425 -8.2812 650.0000
31.8440 30 599 700 1269 4.4291 -0.0000 -3.5880 -8.2812 650.0000
31.8506 -54 733 566 1354 4.5182 -0.0000 -3.5619 -8.2812 650.0000
31.8573 13 671 628 1286 4.4450 -0.0000 -3.5311 -8.2812 650.0000
31.8639 -83 727 572 1383 4.5329 -0.0000 -3.5667 -8.2812 650.0000
31.8705 111 610 689 1188 4.2946 -0.0000 -3.5115 -8.2812 650.0000
31.8771 -96 736 563 1396 4.4346 -0.0000 -3.5804 -8.2812 650.0000
31.8837 -1 713 586 1301 4.4696 -0.0000 -3.5370 -8.2812 650.0000
31.8903 6 623 676 1293 4.4423 -0.0000 -3.6046 -8.2812 650.0000
31.8969 -58 757 542 1358 4.6237 -0.0000 -3.5695 -8.2812 650.0000
31.9036 71 633 666 1228 4.5099 -0.0000 -3.5312 -8.2812 650.0000
31.9102 -74 718 581 1374 4.5848 -0.0000 -3.5876 -8.2812 650.0000
31.9168 81 610 689 1218 4.3716 -0.0000 -3.5695 -8.2812 650.0000
31.9235 -94 762 537 1394 4.5185 -0.0000 -3.5929 -8.2812 650.0000
31.9301 76 658 641 1223 4.3868 -0.0000 -3.5336 -8.2812 650.0000
31.9367 -18 615 684 1318 4.3331 -0.0000 -3.6713 -8.2812 650.0000
31.9434 2 730 569 1297 4.4067 -0.0000 -3.5960 -8.2812 650.0000
31.9501 68 626 673 1231 4.3221 -0.0000 -3.5827 -9.9219 650.0000
31.9567 -53 719 580 1353 4.4604 -0.0000 -3.6173 -9.9219 650.0000
31.9634 86 655 644 1213 4.3483 -0.0000 -3.5455 -9.9219 650.0000
31.9700 3 722 577 1296 4.3369 -0.0000 -3.5012 -9.9219 650.0000
31.9766 88 639 660 1211 4.1379 -0.0000 -3.4537 -9.9219 650.0000
31.9832 -12 639 660 1312 4.0537 -0.0000 -3.5609 -9.9219 650.0000
31.9899 -28 795 504 1328 4.1794 -0.0000 -3.4584 -9.9219 650.0000
31.9965 87 627 672 1212 4.0172 -0.0000 -3.4285 -9.9219 650.0000
32.0032 -76 717 582 1376 4.1534 -0.0000 -3.5017 -9.9219 650.0000
32.0098 65 709 590 1234 4.1446 -0.0000 -3.3740 -9.9219 650.0000
32.0164 -78 731 568 1378 4.2994 -0.0000 -3.4373 -9.9219 650.0000
32.0231 73 688 611 1226 4.2097 -0.0000 -3.3447 -9.9219 650.0000
32.0297 -49 648 651 1349 4.1913 -0.0000 -3.4910 -9.9219 650.0000
32.0364 -23 774 525 1323 4.2831 -0.0000 -3.4213 -9.9219 650.0000
32.0430 58 617 682 1241 4.1278 -0.0000 -3.4692 -9.9219 650.0000
32.0496 -60 725 574 1360 4.2570 -0.0000 -3.5318 -9.9219 650.0000
32.0562 58 696 603 1241 4.2381 -0.0000 -3.4566 -9.9219 650.0000
32.0629 -79 765 534 1379 4.4783 -0.0000 -3.4620 -9.9219 650.0000
32.0695 99 619 680 1200 4.3588 -0.0000 -3.4260 -9.9219 650.0000
32.0762 -70 682 617 1370 4.4667 -0.0000 -3.5552 -9.9219 650.0000
32.0829 -42 813 486 1342 4.6216 -0.0000 -3.4566 -9.9219 650.0000
32.0896 26 656 643 1273 4.5054 -0.0000 -3.4980 -9.9219 650.0000
32.0963 -35 742 557 1335 4.5582 -0.0000 -3.5113 -9.9219 650.0000
32.1029 88 626 673 1211 4.3962 -0.0000 -3.5292 -9.9219 650.0000
32.1096 -6 769 530 1306 4.5098 -0.0000 -3.4789 -9.9219 650.0000
32.1163 110 601 698 1189 4.3284 -0.0000 -3.4938 -9.9219 650.0000
32.1229 40 597 702 1259 4.2271 -0.0000 -3.6019 -9.9219 650.0000
32.1296 -39 747 552 1339 4.3666 -0.0000 -3.5905 -9.9219 650.0000
32.1362 60 720 579 1239 4.3534 -0.0000 -3.4773 -9.9219 650.0000
32.1429 28 676 623 1271 4.2630 -0.0000 -3.5145 -9.9219 650.0000
32.1495 55 636 663 1244 4.0860 -0.0000 -3.5775 -9.9219 650.0000
32.1561 -2 739 560 1302 4.0858 -0.0000 -3.5717 -9.9219 650.0000
32.1627 85 630 669 1214 3.9382 -0.0000 -3.5756 -9.9219 650.0000
32.1693 -24 721 578 1324 4.0420 -0.0000 -3.5986 -9.9219 650.0000
32.1760 -33 741 558 1333 4.1910 -0.0000 -3.6036 -9.9219 650.0000
32.1826 49 736 563 1250 4.2208 -0.0000 -3.4726 -9.9219 650.0000
32.1893 41 661 638 1258 4.1683 -0.0000 -3.4581 -9.9219 650.0000
32.1959 24 704 595 1275 4.1660 -0.0000 -3.4039 -9.9219 650.0000
32.2027 5 737 562 1294 4.1806 -0.0000 -3.3484 -9.9219 650.0000
32.2094 46 658 641 1253 4.0537 -0.0000 -3.3593 -9.9219 650.0000
32.2161 52 668 631 1247 3.9373 -0.0000 -3.3593 -9.9219 650.0000
32.2227 -76 756 543 1376 4.1132 -0.0000 -3.4138 -9.9219 650.0000
32.2294 61 760 539 1238 4.1745 -0.0000 -3.2624 -9.9219 650.0000
32.2360 24 678 621 1275 4.1924 -0.0000 -3.3032 -9.9219 650.0000
32.2427 6 684 615 1293 4.2195 -0.0000 -3.3638 -9.9219 650.0000
32.2493 24 667 632 1275 4.1822 -0.0000 -3.4213 -9.9219 650.0000
32.2560 -37 741 558 1337 4.2559 -0.0000 -3.4580 -9.9219 650.0000
32.2627 104 631 668 1195 4.0569 -0.0000 -3.4555 -9.9219 650.0000
32.2693 -61 735 564 1361 4.1455 -0.0000 -3.5653 -9.9219 650.0000
32.2760 43 786 513 1256 4.1844 -0.0000 -3.4397 -9.9219 650.0000
32.2826 -39 715 584 1339 4.2532 -0.0000 -3.5317 -9.9219 650.0000
32.2893 15 721 578 1284 4.2854 -0.0000 -3.5171 -9.9219 650.0000
32.2959 -13 654 645 1313 4.3098 -0.0000 -3.6182 -9.9219 650.0000
32.3025 -37 823 476 1337 4.5239 -0.0000 -3.5154 -9.9219 650.0000
32.3092 125 624 675 1174 4.3129 -0.0000 -3.4744 -9.9219 650.0000
32.3158 -34 724 575 1334 4.3384 -0.0000 -3.5453 -9.9219 650.0000
32.3225 65 699 600 1234 4.2154 -0.0000 -3.5118 -9.9219 650.0000
32.3292 -13 794 505 1313 4.3026 -0.0000 -3.4539 -9.9219 650.0000
32.3358 41 673 626 1258 4.2488 -0.0000 -3.5138 -9.9219 650.0000
32.3425 56 667 632 1243 4.1998 -0.0000 -3.5530 -9.9219 650.0000
32.3492 -9 702 597 1309 4.2782 -0.0000 -3.6370 -9.9219 650.0000
32.3558 39 774 525 1260 4.3579 -0.0000 -3.5198 -9.9219 650.0000
32.3625 16 689 610 1283 4.3653 -0.0000 -3.5531 -9.9219 650.0000
32.3692 59 664 635 1240 4.2829 -0.0000 -3.5660 -9.9219 650.0000
32.3758 57 594 705 1242 4.1048 -0.0000 -3.6922 -9.9219 650.0000
32.3824 -42 782 517 1342 4.2223 -0.0000 -3.7037 -9.9219 650.0000
32.3891 112 695 604 1187 4.0682 -0.0000 -3.6133 -9.9219 650.0000
32.3957 -64 725 574 1364 4.1719 -0.0000 -3.7323 -9.9219 650.0000
32.4023 101 683 616 1198 4.0716 -0.0000 -3.6548 -9.9219 650.0000
32.4090 -53 777 522 1353 4.2928 -0.0000 -3.6398 -9.9219 650.0000
32.4156 57 752 547 1242 4.3536 -0.0000 -3.5059 -9.9219 650.0000
32.4223 44 642 657 1255 4.2857 -0.0000 -3.5575 -9.9219 650.0000
32.4290 -22 760 539 1322 4.3601 -0.0000 -3.5512 -9.9219 650.0000
32.4356 45 717 582 1254 4.2878 -0.0000 -3.5127 -9.9219 650.0000
32.4422 19 742 557 1280 4.2827 -0.0000 -3.4714 -9.9219 650.0000
32.4489 81 597 702 1218 4.0906 -0.0000 -3.5727 -9.9219 650.0000
32.4556 -9 725 574 1309 4.1631 -0.0000 -3.6115 -9.9219 650.0000
32.4622 -10 771 528 1310 4.3017 -0.0000 -3.5857 -9.9219 650.0000
32.4688 89 747 552 1210 4.3014 -0.0000 -3.4370 -9.9219 650.0000
32.4754 -42 685 614 1342 4.3823 -0.0000 -3.5645 -9.9219 650.0000
32.4821 48 705 594 1251 4.3772 -0.0000 -3.5296 -9.9219 650.0000
32.4888 -34 725 574 1334 4.4666 -0.0000 -3.5878 -9.9219 650.0000
32.4954 81 746 553 1218 4.4265 -0.0000 -3.4667 -9.9219 650.0000
32.5020 24 630 669 1275 4.2924 -0.0000 -3.6192 -9.9219 650.0000
32.5087 -12 740 559 1312 4.3055 -0.0000 -3.6736 -9.9219 650.0000
32.5153 71 710 589 1228 4.2032 -0.0000 -3.6494 -9.9219 650.0000
32.5219 -15 788 511 1315 4.3120 -0.0000 -3.6251 -9.9219 650.0000
32.5286 99 616 683 1200 4.1629 -0.0000 -3.6893 -9.9219 650.0000
32.5353 32 679 620 1267 4.1613 -0.0000 -3.7573 -9.9219 650.0000
32.5419 9 734 565 1290 4.2385 -0.0000 -3.7793 -9.9219 650.0000
32.5486 57 774 525 1242 4.2465 -0.0000 -3.6737 -9.9219 650.0000
32.5552 0 686 613 1299 4.2106 -0.0000 -3.7752 -9.9219 650.0000
32.5618 38 697 602 1261 4.1411 -0.0000 -3.8055 -9.9219 650.0000
32.5685 40 667 632 1259 4.0368 -0.0000 -3.8748 -9.9219 650.0000
32.5751 -2 802 497 1302 4.1330 -0.0000 -3.8127 -9.9219 650.0000
32.5818 124 638 661 1175 3.9136 -0.0000 -3.8091 -9.9219 650.0000
32.5884 -80 755 544 1380 4.0785 -0.0000 -3.9238 -9.9219 650.0000
32.5951 52 744 555 1247 4.0995 -0.0000 -3.8503 -9.9219 650.0000
32.6017 -48 804 495 1348 4.3266 -0.0000 -3.8115 -9.9219 650.0000
32.6084 108 627 672 1191 4.1878 -0.0000 -3.8110 -9.9219 650.0000
32.6150 23 675 624 1276 4.1710 -0.0000 -3.8747 -9.9219 650.0000
32.6216 -1 788 511 1301 4.2508 -0.0000 -3.8232 -9.9219 650.0000
32.6283 37 741 558 1262 4.2044 -0.0000 -3.7965 -9.9219 650.0000
32.6350 41 720 579 1258 4.1341 -0.0000 -3.7917 -9.9219 650.0000
32.6416 77 686 613 1222 4.0300 -0.0000 -3.7884 -9.9219 650.0000
32.6483 2 720 579 1297 4.0783 -0.0000 -3.8349 -9.9219 650.0000
32.6549 9 743 556 1290 4.1733 -0.0000 -3.8346 -9.9219 650.0000
32.6615 68 666 633 1231 4.1247 -0.0000 -3.8643 -9.9219 650.0000
32.6682 -75 779 520 1375 4.3515 -0.0000 -3.9356 -9.9219 650.0000
32.6748 102 692 607 1197 4.2663 -0.0000 -3.8758 -9.9219 650.0000
32.6815 -9 755 544 1309 4.3451 -0.0000 -3.8775 -9.9219 650.0000
32.6882 69 747 552 1230 4.3155 -0.0000 -3.7838 -9.9219 650.0000
32.6948 7 712 587 1292 4.2998 -0.0000 -3.8444 -9.9219 650.0000
32.7015 0 743 556 1300 4.3307 -0.0000 -3.8880 -9.9219 650.0000
32.7082 37 698 601 1262 4.2718 -0.0000 -3.9483 -9.9219 650.0000
32.7149 -30 779 520 1330 4.3922 -0.0000 -3.9741 -9.9219 650.0000
32.7215 42 768 531 1257 4.4482 -0.0000 -3.9048 -9.9219 650.0000
32.7282 56 689 610 1243 4.4208 -0.0000 -3.9196 -9.9219 650.0000
32.7349 -17 758 541 1317 4.5541 -0.0000 -3.9489 -9.9219 650.0000
32.7415 51 665 634 1248 4.4771 -0.0000 -4.0162 -9.9219 650.0000
32.7481 -68 828 471 1368 4.6799 -0.0000 -4.0402 -9.9219 650.0000
32.7547 119 669 630 1180 4.4693 -0.0000 -4.0270 -9.9219 650.0000
32.7614 13 717 582 1286 4.4264 -0.0000 -4.1057 -9.9219 650.0000
32.7680 78 664 635 1221 4.2731 -0.0000 -4.1546 -9.9219 650.0000
32.7746 -21 770 529 1321 4.3806 -0.0000 -4.1583 -9.9219 650.0000
32.7812 67 736 563 1232 4.4084 -0.0000 -4.0728 -9.9219 650.0000
32.7879 125 651 648 1174 4.3007 -0.0000 -4.0149 -9.9219 650.0000
32.7945 -1 702 597 1301 4.3471 -0.0000 -4.0924 -9.9219 650.0000
32.8012 102 703 596 1197 4.2519 -0.0000 -4.0205 -9.9219 650.0000
32.8078 -9 775 524 1309 4.3244 -0.0000 -4.0292 -9.9219 650.0000
32.8145 112 752 547 1187 4.2157 -0.0000 -3.9038 -9.9219 650.0000
32.8212 -2 694 605 1302 4.2015 -0.0000 -4.0356 -9.9219 650.0000
32.8279 67 741 558 1232 4.1932 -0.0000 -3.9905 -9.9219 650.0000
32.8347 27 686 613 1272 4.2339 -0.0000 -4.0637 -9.9219 650.0000
32.8414 3 835 464 1296 4.4440 -0.0000 -3.9575 -9.9219 650.0000
32.8480 96 685 614 1203 4.3586 -0.0000 -3.9363 -9.9219 650.0000
32.8547 -2 754 545 1302 4.3697 -0.0000 -3.9880 -9.9219 650.0000
32.8613 85 691 608 1214 4.1948 -0.0000 -3.9993 -9.9219 650.0000
32.8680 19 724 575 1280 4.1419 -0.0000 -4.0579 -9.9219 650.0000
32.8746 52 744 555 1247 4.1339 -0.0000 -4.0367 -9.9219 650.0000
32.8813 114 672 627 1185 4.0310 -0.0000 -4.0238 -9.9219 650.0000
32.8879 -44 796 503 1344 4.2490 -0.0000 -4.0703 -9.9219 650.0000
32.8945 110 710 589 1189 4.1994 -0.0000 -3.9997 -9.9219 650.0000
32.9011 -91 819 480 1391 4.4401 -0.0000 -4.0793 -9.9219 650.0000
32.9078 68 767 532 1231 4.4079 -0.0000 -3.9928 -9.9219 650.0000
32.9145 -31 782 517 1331 4.4579 -0.0000 -4.0463 -9.9219 650.0000
32.9211 108 648 651 1191 4.2321 -0.0000 -4.0810 -9.9219 650.0000
32.9278 19 696 603 1280 4.2023 -0.0000 -4.1839 -9.9219 650.0000
32.9345 -20 772 527 1320 4.3732 -0.0000 -4.2136 -9.9219 650.0000
32.9411 78 760 539 1221 4.4441 -0.0000 -4.1209 -9.9219 650.0000
32.9478 -13 775 524 1313 4.5956 -0.0000 -4.1515 -9.9219 650.0000
32.9545 162 691 608 1137 4.4284 -0.0000 -4.0625 -9.9219 650.0000
32.9612 -75 780 519 1375 4.5677 -0.0000 -4.2031 -9.9219 650.0000
32.9678 94 729 570 1205 4.4440 -0.0000 -4.1572 -9.9219 650.0000
32.9745 -19 742 557 1319 4.4697 -0.0000 -4.2552 -9.9219 650.0000
32.9812 94 725 574 1205 4.3968 -0.0000 -4.1888 -9.9219 650.0000
32.9879 88 693 606 1211 4.3585 -0.0000 -4.1747 -9.9219 650.0000
32.9945 67 705 594 1232 4.3812 -0.0000 -4.1698 -9.9219 650.0000
33.0012 84 711 588 1215 4.3769 -0.0000 -4.1479 -9.9219 650.0000
33.0078 -41 743 556 1341 4.4832 -0.0000 -4.2854 -9.9219 650.0000
33.0145 128 795 504 1171 4.4228 -0.0000 -4.1181 -9.9219 650.0000
33.0211 -20 747 552 1320 4.4541 -0.0000 -4.2486 -9.9219 650.0000
33.0278 72 762 537 1227 4.4368 -0.0000 -4.2057 -9.9219 650.0000
33.0344 -5 703 596 1305 4.4673 -0.0000 -4.3401 -9.9219 650.0000
33.0412 54 783 516 1245 4.5548 -0.0000 -4.2279 -8.9844 650.0000
33.0478 57 743 556 1242 4.5910 -0.0000 -4.1604 -8.9844 650.0000
33.0545 41 756 543 1258 4.6475 -0.0000 -4.1061 -8.9844 650.0000
33.0612 116 675 624 1183 4.5004 -0.0000 -4.0998 -8.9844 650.0000
33.0678 -1 714 585 1301 4.4961 -0.0000 -4.2165 -8.9844 650.0000
33.0745 28 773 526 1271 4.5244 -0.0000 -4.2144 -8.9844 650.0000
33.0811 51 686 613 1248 4.4835 -0.0000 -4.2828 -8.9844 650.0000
33.0877 71 776 523 1228 4.5263 -0.0000 -4.1863 -8.9844 650.0000
33.0943 110 681 618 1189 4.4248 -0.0000 -4.1565 -8.9844 650.0000
33.1011 -10 741 558 1310 4.4975 -0.0000 -4.1423 -3.8281 650.0000
33.1078 76 657 642 1223 4.3625 -0.0000 -4.1234 -3.8281 650.0000
33.1144 4 784 515 1295 4.4424 -0.0000 -4.0346 -3.8281 650.0000
33.1211 119 618 681 1180 4.2140 -0.0000 -4.0517 -3.8281 650.0000
33.1277 17 676 623 1282 4.1879 -0.0000 -4.1326 -3.8281 650.0000
33.1343 34 642 657 1265 4.1202 -0.0000 -4.2405 -3.8281 650.0000
33.1410 34 730 569 1265 4.1494 -0.0000 -4.1880 -3.8281 650.0000
33.1477 34 710 589 1265 4.1418 -0.0000 -4.1631 -3.8281 650.0000
33.1544 75 619 680 1224 3.9636 -0.0000 -4.1585 -0.0000 650.0000
33.1611 -105 725 574 1405 4.0694 -0.0000 -4.2780 -0.0000 650.0000
33.1678 77 755 544 1222 3.9977 -0.0000 -4.0955 -0.0000 650.0000
33.1744 -39 667 632 1339 3.9647 -0.0000 -4.2227 -0.0000 650.0000
33.1811 18 721 578 1281 3.9731 -0.0000 -4.1619 -0.0000 650.0000
33.1878 -34 688 611 1334 4.0230 -0.0000 -4.2084 -0.0000 650.0000
33.1944 32 718 581 1267 4.0530 -0.0000 -4.0923 -0.0000 650.0000
33.2011 99 568 731 1200 3.8477 -0.0000 -4.1027 -0.0000 650.0000
33.2078 -95 709 590 1395 3.9766 -0.0000 -4.2055 -0.0000 650.0000
33.2145 106 685 614 1193 3.8325 -0.0000 -4.0601 -0.0000 650.0000
33.2211 -48 681 618 1348 3.8435 -0.0000 -4.1608 -0.0000 650.0000
33.2278 56 658 641 1243 3.7449 -0.0000 -4.1346 -0.0000 650.0000
33.2344 -85 715 584 1385 3.9199 -0.0000 -4.2299 -0.0000 650.0000
33.2411 15 734 565 1284 4.0055 -0.0000 -4.1406 -0.0000 650.0000
33.2478 48 617 682 1251 3.9150 -0.0000 -4.1689 -0.0000 650.0000
33.2544 -99 750 549 1399 4.0963 -0.0000 -4.2103 -0.0000 650.0000
33.2611 40 694 605 1259 4.0434 -0.0000 -4.1330 -0.0000 650.0000
33.2678 -83 670 629 1383 4.0903 -0.0000 -4.2835 -0.0000 650.0000
33.2744 63 689 610 1236 4.0053 -0.0000 -4.1971 -0.0000 650.0000
33.2811 -27 660 639 1327 4.0132 -0.0000 -4.2846 -0.0000 650.0000
33.2878 22 677 622 1277 4.0208 -0.0000 -4.2646 -0.0000 650.0000
33.2945 79 541 758 1220 3.8451 -0.0000 -4.3681 -0.0000 650.0000
33.3011 -48 788 511 1348 4.0523 -0.0000 -4.3032 -0.0000 650.0000
33.3078 124 673 626 1175 3.9075 -0.0000 -4.1631 -0.0000 650.0000
33.3144 -54 667 632 1354 3.9021 -0.0000 -4.3134 -0.0000 650.0000
33.3211 41 747 552 1258 3.8797 -0.0000 -4.2059 -0.0000 650.0000
33.3278 -7 707 592 1307 3.8768 -0.0000 -4.2306 -0.0000 650.0000
33.3344 32 715 584 1267 3.8787 -0.0000 -4.1582 -0.0000 650.0000
33.3411 5 664 635 1294 3.8777 -0.0000 -4.1774 -0.0000 650.0000
33.3478 -43 741 558 1343 4.0308 -0.0000 -4.1318 -0.0000 650.0000
33.3544 85 675 624 1214 3.9529 -0.0000 -3.9864 -0.0000 650.0000
33.3611 -78 688 611 1378 4.0352 -0.0000 -4.0687 -0.0000 650.0000
33.3678 43 769 530 1256 4.0495 -0.0000 -3.8582 -0.0000 650.0000
33.3745 23 675 624 1276 3.9871 -0.0000 -3.8251 -0.0000 650.0000
33.3811 11 649 650 1288 3.9390 -0.0000 -3.8468 -0.0000 650.0000
33.3878 52 616 683 1247 3.8550 -0.0000 -3.8508 -0.0000 650.0000
33.3944 -90 779 520 1390 4.1062 -0.0000 -3.8096 -0.0000 650.0000
33.4011 75 659 640 1224 4.0547 -0.0000 -3.6833 -0.0000 650.0000
33.4078 -98 690 609 1398 4.2051 -0.0000 -3.7730 -0.0000 650.0000
33.4145 45 743 556 1254 4.2265 -0.0000 -3.5758 -0.0000 650.0000
33.4211 -33 693 606 1333 4.2528 -0.0000 -3.5835 -0.0000 650.0000
33.4277 36 666 633 1263 4.1459 -0.0000 -3.5311 -0.0000 650.0000
33.4343 70 567 732 1229 3.9294 -0.0000 -3.5593 -0.0000 650.0000
33.4410 -63 795 504 1363 4.1436 -0.0000 -3.4413 -0.0000 650.0000
33.4476 103 671 628 1196 4.0856 -0.0000 -3.2607 -0.0000 650.0000
33.4542 -64 646 653 1364 4.1797 -0.0000 -3.3731 -0.0000 650.0000
33.4608 72 665 634 1227 4.1295 -0.0000 -3.2591 -0.0000 650.0000
33.4675 -54 705 594 1354 4.2224 -0.0000 -3.2776 -0.0000 650.0000
33.4741 99 644 655 1200 4.0716 -0.0000 -3.1725 -0.0000 650.0000
33.4807 -82 640 659 1382 4.0956 -0.0000 -3.3605 -0.0000 650.0000
33.4873 -32 812 487 1332 4.2398 -0.0000 -3.2253 -0.0000 650.0000
33.4939 62 599 700 1237 4.0753 -0.0000 -3.2573 -0.0000 650.0000
33.5005 -95 677 622 1395 4.1958 -0.0000 -3.3992 -0.0000 650.0000
33.5072 81 677 622 1218 4.1633 -0.0000 -3.2720 -0.0000 650.0000
33.5138 -41 724 575 1341 4.3062 -0.0000 -3.2583 -0.0000 650.0000
33.5205 111 613 686 1188 4.1438 -0.0000 -3.1768 -0.0000 650.0000
33.5271 -95 669 630 1395 4.2416 -0.0000 -3.3207 -0.0000 650.0000
33.5338 -15 758 541 1315 4.3322 -0.0000 -3.2226 -0.0000 650.0000
33.5405 86 591 708 1213 4.1203 -0.0000 -3.2358 -0.0000 650.0000
33.5472 -102 704 595 1402 4.2560 -0.0000 -3.3618 -0.0000 650.0000
33.5538 21 680 619 1278 4.2530 -0.0000 -3.3272 -0.0000 650.0000
33.5605 -19 642 657 1319 4.2705 -0.0000 -3.4069 -0.0000 650.0000
33.5671 51 664 635 1248 4.2234 -0.0000 -3.3514 -0.0000 650.0000
33.5738 -45 673 626 1345 4.2619 -0.0000 -3.4274 -0.0000 650.0000
33.5805 43 624 675 1256 4.1124 -0.0000 -3.4514 -0.0000 650.0000
33.5871 43 624 675 1256 3.9651 -0.0000 -3.4827 -0.0000 650.0000
33.5938 -83 761 538 1383 4.1128 -0.0000 -3.5122 -0.0000 650.0000
33.6005 82 702 597 1217 4.0511 -0.0000 -3.3846 -0.0000 650.0000
33.6071 -34 658 641 1334 4.0932 -0.0000 -3.4864 -0.0000 650.0000
33.6137 -7 731 568 1307 4.2000 -0.0000 -3.4291 -0.0000 650.0000
33.6204 4 692 607 1295 4.2234 -0.0000 -3.4017 -0.0000 650.0000
33.6271 46 573 726 1253 4.0476 -0.0000 -3.4794 -0.0000 650.0000
33.6337 -38 703 596 1338 4.0857 -0.0000 -3.4818 -0.0000 650.0000
33.6404 35 705 594 1264 4.0385 -0.0000 -3.3747 -0.0000 650.0000
33.6470 -7 649 650 1307 3.9876 -0.0000 -3.4224 -0.0000 650.0000
33.6537 -60 737 562 1360 4.1066 -0.0000 -3.4188 -0.0000 650.0000
33.6604 27 695 604 1272 4.1382 -0.0000 -3.3334 -0.0000 650.0000
33.6670 -42 703 596 1342 4.2664 -0.0000 -3.3359 -0.0000 650.0000
33.6737 54 648 651 1245 4.2191 -0.0000 -3.2753 -0.0000 650.0000
33.6804 -19 725 574 1319 4.2734 -0.0000 -3.2159 -0.0000 650.0000
33.6870 89 595 704 1210 4.0494 -0.0000 -3.1940 -0.0000 650.0000
33.6937 40 574 725 1259 3.8553 -0.0000 -3.2835 -0.0000 650.0000
33.7003 -43 767 532 1343 3.9843 -0.0000 -3.2313 -0.0000 650.0000
33.7070 85 614 685 1214 3.8233 -0.0000 -3.2187 -0.0000 650.0000
33.7136 -31 680 619 1331 3.8816 -0.0000 -3.2743 -0.0000 650.0000
33.7203 48 691 608 1251 3.8833 -0.0000 -3.1766 -0.0000 650.0000
33.7269 -49 711 588 1349 3.9991 -0.0000 -3.1923 -0.0000 650.0000
33.7336 75 641 658 1224 3.8800 -0.0000 -3.1246 -0.0000 650.0000
33.7402 -30 651 648 1330 3.8459 -0.0000 -3.2018 -0.0000 650.0000
33.7469 34 715 584 1265 3.8149 -0.0000 -3.0861 -0.0000 650.0000
33.7536 82 564 735 1217 3.6262 -0.0000 -3.1282 -0.0000 650.0000
33.7603 -109 721 578 1409 3.8357 -0.0000 -3.2184 -0.0000 650.0000
33.7669 141 651 648 1158 3.7057 -0.0000 -3.0341 -0.0000 650.0000
33.7735 -36 621 678 1336 3.7327 -0.0000 -3.1439 -0.0000 650.0000
33.7802 -47 831 468 1347 3.9679 -0.0000 -2.9615 -0.0000 650.0000
33.7869 12 629 670 1287 3.8826 -0.0000 -2.9999 -0.0000 650.0000
33.7935 -48 681 618 1348 3.9072 -0.0000 -3.0556 -0.0000 650.0000
33.8002 -22 706 593 1322 3.9572 -0.0000 -3.0354 -0.0000 650.0000
33.8068 -22 682 617 1322 4.0128 -0.0000 -3.0512 -0.0000 650.0000
33.8135 34 665 634 1265 4.0329 -0.0000 -2.9934 -0.0000 650.0000
33.8201 -87 763 536 1387 4.2928 -0.0000 -2.9554 -0.0000 650.0000
33.8268 67 712 587 1232 4.3230 -0.0000 -2.7567 -0.0000 650.0000
33.8335 -30 692 607 1330 4.3904 -0.0000 -2.7422 -0.0000 650.0000
33.8402 34 681 618 1265 4.3466 -0.0000 -2.6555 -0.0000 650.0000
33.8468 -54 716 583 1354 4.4229 -0.0000 -2.6559 -0.0000 650.0000
33.8534 18 569 730 1281 4.2991 -0.0000 -2.7630 -0.0000 650.0000
33.8601 -13 555 744 1313 4.2327 -0.0000 -2.9302 -0.0000 650.0000
33.8667 -105 647 652 1405 4.3837 -0.0000 -3.0913 -0.0000 650.0000
33.8734 -23 642 657 1323 4.3963 -0.0000 -3.1447 -0.0000 650.0000
33.8800 -66 558 741 1366 4.3341 -0.0000 -3.3967 -0.0000 650.0000
33.8867 -78 654 645 1378 4.3623 -0.0000 -3.5735 -0.0000 650.0000
33.8934 -69 658 641 1369 4.3657 -0.0000 -3.7596 -0.0000 650.0000
33.9001 -26 618 681 1326 4.2874 -0.0000 -3.9610 -0.0000 650.0000
33.9067 -65 675 624 1365 4.3818 -0.0000 -4.1459 -0.0000 650.0000
33.9133 -6 645 654 1306 4.4221 -0.0000 -4.2749 -0.0000 650.0000
33.9200 21 579 720 1278 4.3853 -0.0000 -4.4444 -0.0000 650.0000
33.9267 -90 675 624 1390 4.5630 -0.0000 -4.6106 -0.0000 650.0000
33.9333 103 563 736 1196 4.4003 -0.0000 -4.6450 -0.0000 650.0000
33.9400 34 635 664 1265 4.3840 -0.0000 -4.6741 -0.0000 650.0000
33.9467 63 655 644 1236 4.3417 -0.0000 -4.6661 -0.0000 650.0000
33.9534 176 577 722 1123 4.1013 -0.0000 -4.6278 -0.0000 650.0000
33.9601 149 702 597 1150 4.0548 -0.0000 -4.4563 -0.0000 650.0000
33.9667 263 601 698 1036 3.8079 -0.0000 -4.2677 -0.0000 650.0000
33.9734 179 684 615 1120 3.7264 -0.0000 -4.0698 -0.0000 650.0000
33.9800 249 660 639 1050 3.5147 -0.0000 -3.7729 -0.0000 650.0000
33.9867 110 633 666 1189 3.3601 -0.0000 -3.6495 -0.0000 650.0000
33.9933 232 740 559 1067 3.1663 -0.0000 -3.1668 -0.0000 650.0000
34.0000 197 642 657 1102 2.8922 -0.0000 -2.8718 -0.0000 650.0000
34.0066 218 584 715 1081 2.5748 -0.0000 -2.5836 -0.0000 650.0000
34.0132 121 697 602 1178 2.5088 -0.0000 -2.2492 -0.0000 650.0000
34.0199 270 544 755 1029 2.1163 -0.0000 -1.9137 -0.0000 650.0000
34.0266 89 622 677 1210 1.9721 -0.0000 -1.7150 -0.0000 650.0000
34.0332 190 611 688 1109 1.7237 -0.0000 -1.3730 -0.0000 650.0000
34.0399 163 514 785 1136 1.4320 -0.0000 -1.2010 -0.0000 650.0000
34.0466 102 531 768 1197 1.2177 -0.0000 -1.0876 -0.0000 650.0000
34.0532 227 524 775 1072 0.8483 -0.0000 -0.7970 -0.0000 650.0000
34.0599 189 487 812 1110 0.5090 -0.0000 -0.6389 -0.0000 650.0000
34.0665 180 537 762 1119 0.2635 -0.0000 -0.4521 -0.0000 650.0000
34.0732 90 530 769 1209 0.1123 -0.0000 -0.4436 -0.0000 650.0000
34.0799 172 590 709 1127 -0.0859 -0.0000 -0.2498 -0.0000 650.0000
34.0865 133 543 756 1166 -0.2821 -0.0000 -0.1955 -0.0000 650.0000
34.0932 215 489 810 1084 -0.5960 -0.0000 -0.0988 -0.0000 650.0000
34.0998 78 477 822 1221 -0.7474 -0.0000 -0.2085 -0.0000 650.0000
34.1065 159 488 811 1140 -0.9982 -0.0000 -0.1690 -0.0000 650.0000
34.1132 89 532 767 1210 -1.1519 -0.0000 -0.1805 -0.0000 650.0000
34.1198 201 448 851 1098 -1.5307 -0.0000 -0.1801 -0.0000 650.0000
34.1264 132 565 734 1167 -1.6762 -0.0000 -0.1212 -0.0000 650.0000
34.1331 211 422 877 1088 -2.0425 -0.0000 -0.1723 -0.0000 650.0000
34.1398 171 531 768 1128 -2.2435 -0.0000 -0.1651 -0.0000 650.0000
34.1464 130 441 858 1169 -2.4861 -0.0000 -0.3734 -0.0000 650.0000
34.1531 198 498 801 1101 -2.7241 -0.0000 -0.4191 -0.0000 650.0000
34.1597 210 477 822 1089 -2.9628 -0.0000 -0.4882 -0.0000 650.0000
34.1664 224 554 745 1075 -3.1399 -0.0000 -0.4297 -0.0000 650.0000
34.1730 219 489 810 1080 -3.3918 -0.0000 -0.4661 -0.0000 650.0000
34.1797 245 652 647 1054 -3.5113 -0.0000 -0.2560 -0.0000 650.0000
34.1864 195 600 699 1104 -3.6115 -0.0000 -0.2038 -0.0000 650.0000
34.1930 327 560 739 972 -3.8648 -0.0000 -0.0126 -0.0000 650.0000
34.1997 227 678 621 1072 -3.8736 -0.0000 0.2419 -0.0000 650.0000
34.2063 280 474 825 1019 -4.1423 -0.0000 0.2935 -0.0000 650.0000
34.2129 280 621 678 1019 -4.2408 -0.0000 0.6158 -0.0000 650.0000
34.2196 211 454 845 1088 -4.4206 -0.0000 0.6258 -0.0000 650.0000
34.2262 338 519 780 961 -4.6745 -0.0000 0.9308 -0.0000 650.0000
34.2329 257 622 677 1042 -4.7493 -0.0000 1.2854 -0.0000 650.0000
34.2395 354 466 833 945 -5.1076 -0.0000 1.5371 -0.0000 650.0000
34.2462 313 647 652 986 -5.2304 -0.0000 1.9821 -0.0000 650.0000
34.2528 306 541 758 993 -5.4942 -0.0000 2.2210 -0.0000 650.0000
34.2595 289 485 814 1010 -5.7987 -0.0000 2.3455 -0.0000 650.0000
34.2661 332 566 733 967 -6.0700 -0.0000 2.6437 -0.0000 650.0000
34.2727 286 574 725 1013 -6.2902 -0.0000 2.9197 -0.0000 650.0000
34.2794 234 540 759 1065 -6.4843 -0.0000 3.0662 -0.0000 650.0000
34.2860 314 511 788 985 -6.7670 -0.0000 3.3172 -0.0000 650.0000
34.2926 320 666 633 979 -6.8803 -0.0000 3.8200 -0.0000 650.0000
34.2993 250 548 751 1049 -7.0208 -0.0000 4.0431 -0.0000 650.0000
34.3059 314 528 771 985 -7.2316 -0.0000 4.3384 -0.0000 650.0000
34.3125 301 534 765 998 -7.4021 -0.0000 4.6367 -0.0000 650.0000
34.3192 241 574 725 1058 -7.4456 -0.0000 4.9294 -0.0000 650.0000
34.3258 128 524 775 1171 -7.4301 -0.0000 5.0035 -0.0000 650.0000
34.3324 297 516 783 1002 -7.6018 -0.0000 5.3311 -0.0000 650.0000
34.3391 251 677 622 1048 -7.5562 -0.0000 5.8310 -0.0000 650.0000
34.3457 186 495 804 1113 -7.6390 -0.0000 5.9459 -0.0000 650.0000
34.3524 176 522 777 1123 -7.6574 -0.0000 6.0766 -0.0000 650.0000
34.3590 206 556 743 1093 -7.6559 -0.0000 6.2987 -0.0000 650.0000
34.3657 164 561 738 1135 -7.5823 -0.0000 6.4472 -0.0000 650.0000
34.3723 204 507 792 1095 -7.5796 -0.0000 6.5507 -0.0000 650.0000
34.3789 243 525 774 1056 -7.5836 -0.0000 6.7062 -0.0000 650.0000
34.3855 83 528 771 1216 -7.4184 -0.0000 6.6069 -0.0000 650.0000
34.3921 240 409 890 1060 -7.5563 -0.0000 6.5280 -0.0000 650.0000
34.3988 102 468 831 1197 -7.4713 -0.0000 6.3228 -0.0000 650.0000
34.4054 197 395 904 1102 -7.5680 -0.0000 6.1509 -0.0000 650.0000
34.4121 214 470 829 1085 -7.6115 -0.0000 6.0810 -0.0000 650.0000
34.4187 225 448 851 1074 -7.6843 -0.0000 5.9544 -0.0000 650.0000
34.4253 290 431 868 1009 -7.8318 -0.0000 5.8881 -0.0000 650.0000
34.4319 223 473 826 1076 -7.8888 -0.0000 5.7391 -0.0000 650.0000
34.4386 248 383 916 1051 -8.0746 -0.0000 5.4805 -0.0000 650.0000
34.4452 233 522 777 1066 -8.0979 -0.0000 5.4043 -0.0000 650.0000
34.4518 193 409 890 1106 -8.2017 -0.0000 5.1081 -0.0000 650.0000
34.4585 283 510 789 1016 -8.2922 -0.0000 5.1245 -0.0000 650.0000
34.4651 217 547 752 1082 -8.2842 -0.0000 5.0892 -0.0000 650.0000
34.4718 243 396 903 1056 -8.4515 -0.0000 4.8489 -0.0000 650.0000
34.4785 260 547 752 1039 -8.4586 -0.0000 4.8835 -0.0000 650.0000
34.4851 222 507 792 1077 -8.4518 -0.0000 4.7947 -0.0000 650.0000
34.4918 233 467 832 1066 -8.4834 -0.0000 4.6508 -0.0000 650.0000
34.4984 249 564 735 1050 -8.4063 -0.0000 4.7009 -0.0000 650.0000
34.5050 202 441 858 1097 -8.3720 -0.0000 4.5006 -0.0000 650.0000
34.5116 276 457 842 1023 -8.3811 -0.0000 4.4216 -0.0000 650.0000
34.5183 207 481 818 1092 -8.2703 -0.0000 4.2991 -0.0000 650.0000
34.5249 285 358 941 1014 -8.3589 -0.0000 4.1167 -0.0000 650.0000
34.5316 328 483 816 971 -8.3534 -0.0000 4.1750 -0.0000 650.0000
34.5382 213 429 870 1086 -8.2769 -0.0000 3.9923 -0.0000 650.0000
34.5448 280 403 896 1019 -8.3143 -0.0000 3.8702 -0.0000 650.0000
34.5514 380 440 859 919 -8.4339 -0.0000 3.9540 -0.0000 650.0000
34.5580 265 486 813 1034 -8.3864 -0.0000 3.9372 -0.0000 650.0000
34.5647 246 410 889 1053 -8.4382 -0.0000 3.7899 -0.0000 650.0000
34.5713 361 468 831 938 -8.5788 -0.0000 3.8937 -0.0000 650.0000
34.5779 321 489 810 978 -8.6586 -0.0000 3.9477 -0.0000 650.0000
34.5845 205 409 890 1094 -8.7168 -0.0000 3.7046 -0.0000 650.0000
34.5911 286 513 786 1013 -8.7464 -0.0000 3.7193 -0.0000 650.0000
34.5977 291 568 731 1008 -8.6954 -0.0000 3.8128 -0.0000 650.0000
34.6043 218 453 846 1081 -8.6505 -0.0000 3.6569 -0.0000 650.0000
34.6109 199 404 895 1100 -8.6126 -0.0000 3.3842 -0.0000 650.0000
34.6175 258 514 785 1041 -8.4785 -0.0000 3.3977 -0.0000 650.0000
34.6241 153 508 791 1146 -8.2058 -0.0000 3.2473 -0.0000 650.0000
34.6307 140 437 862 1159 -7.9971 -0.0000 2.9582 -0.0000 650.0000
34.6374 319 469 830 980 -7.9254 -0.0000 3.0022 -0.0000 650.0000
34.6440 188 500 799 1111 -7.6672 -0.0000 2.8957 -0.0000 650.0000
34.6507 177 446 853 1122 -7.4584 -0.0000 2.6981 -0.0000 650.0000
34.6575 279 527 772 1020 -7.2625 -0.0000 2.7908 -0.0000 650.0000
34.6641 162 453 846 1137 -7.0117 -0.0000 2.6260 -0.0000 650.0000
34.6707 191 447 852 1108 -6.7998 -0.0000 2.5037 -0.0000 650.0000
34.6774 247 523 776 1052 -6.5649 -0.0000 2.5799 -0.0000 650.0000
34.6840 222 383 916 1077 -6.4309 -0.0000 2.3925 -0.0000 650.0000
34.6907 300 443 856 999 -6.3065 -0.0000 2.4014 -0.0000 650.0000
34.6973 179 530 769 1120 -5.9687 -0.0000 2.3238 -0.0000 650.0000
34.7040 276 393 906 1023 -5.8852 -0.0000 2.1747 -0.0000 650.0000
34.7106 291 457 842 1008 -5.7572 -0.0000 2.1551 -0.0000 650.0000
34.7173 231 398 901 1068 -5.6640 -0.0000 1.9558 -0.0000 650.0000
34.7239 294 420 879 1005 -5.6285 -0.0000 1.8777 -0.0000 650.0000
34.7306 208 454 845 1091 -5.4685 -0.0000 1.7399 -0.0000 650.0000
34.7372 213 378 921 1086 -5.4169 -0.0000 1.5081 -0.0000 650.0000
34.7438 334 459 840 965 -5.4085 -0.0000 1.5754 -0.0000 650.0000
34.7504 263 483 816 1036 -5.2915 -0.0000 1.5808 -0.0000 650.0000
34.7570 243 403 896 1056 -5.2382 -0.0000 1.4456 -0.0000 650.0000
34.7637 302 456 843 997 -5.1880 -0.0000 1.4877 -0.0000 650.0000
34.7703 212 439 860 1087 -5.0663 -0.0000 1.3646 -0.0000 650.0000
34.7769 309 421 878 990 -5.0822 -0.0000 1.3636 -0.0000 650.0000
34.7836 260 544 755 1039 -4.9023 -0.0000 1.4908 -0.0000 650.0000
34.7902 180 491 808 1119 -4.7027 -0.0000 1.4072 -0.0000 650.0000
34.7968 238 395 904 1061 -4.6496 -0.0000 1.2880 -0.0000 650.0000
34.8035 290 479 820 1009 -4.5440 -0.0000 1.4011 -0.0000 650.0000
34.8101 201 411 888 1098 -4.4186 -0.0000 1.2764 -0.0000 650.0000
34.8167 278 523 776 1021 -4.2569 -0.0000 1.4452 -0.0000 650.0000
34.8234 208 511 788 1091 -4.0377 -0.0000 1.4941 -0.0000 650.0000
34.8300 227 414 885 1072 -3.9534 -0.0000 1.4085 -0.0000 650.0000
34.8367 309 494 805 990 -3.8658 -0.0000 1.5400 -0.0000 650.0000
34.8433 258 518 781 1041 -3.6923 -0.0000 1.6229 -0.0000 650.0000
34.8500 270 412 887 1029 -3.6334 -0.0000 1.5459 -0.0000 650.0000
34.8566 335 484 815 964 -3.5440 -0.0000 1.6458 -0.0000 650.0000
34.8632 266 477 822 1033 -3.3806 -0.0000 1.6259 -0.0000 650.0000
34.8699 372 430 869 927 -3.3834 -0.0000 1.6671 -0.0000 650.0000
34.8765 377 512 787 922 -3.3068 -0.0000 1.8009 -0.0000 650.0000
34.8832 317 421 878 982 -3.2699 -0.0000 1.7208 -0.0000 650.0000
34.8898 281 342 957 1018 -3.3049 -0.0000 1.4643 -0.0000 650.0000
34.8964 387 543 756 912 -3.2530 -0.0000 1.6830 -0.0000 650.0000
34.9031 349 529 770 950 -3.1936 -0.0000 1.8496 -0.0000 650.0000
34.9098 261 452 847 1038 -3.1303 -0.0000 1.7788 -0.0000 650.0000
34.9165 315 411 888 984 -3.1732 -0.0000 1.7544 -0.0000 650.0000
34.9231 363 461 838 936 -3.1992 -0.0000 1.8670 -0.0000 650.0000
34.9297 334 505 794 965 -3.1275 -0.0000 2.0343 -0.0000 650.0000
34.9363 222 457 842 1077 -2.9829 -0.0000 1.9522 -0.0000 650.0000
34.9429 153 338 961 1146 -2.8909 -0.0000 1.6158 -0.0000 650.0000
34.9495 280 445 854 1019 -2.8332 -0.0000 1.6440 -0.0000 650.0000
34.9562 360 517 782 939 -2.7781 -0.0000 1.9010 -0.0000 650.0000
34.9628 204 414 885 1095 -2.6729 -0.0000 1.7749 -0.0000 650.0000
34.9695 180 359 940 1119 -2.5925 -0.0000 1.4987 -0.0000 650.0000
34.9761 288 378 921 1011 -2.5954 -0.0000 1.4286 -0.0000 650.0000
34.9828 200 448 851 1099 -2.4238 -0.0000 1.3104 -0.0000 650.0000
34.9893 103 373 926 1196 -2.2053 -0.0000 0.9256 -0.0000 650.0000
34.9960 227 366 933 1072 -2.1314 -0.0000 0.7119 -0.0000 650.0000
35.0025 317 438 861 982 -2.0937 -0.0000 0.6960 -0.0000 650.0000
35.0092 203 394 905 1096 -2.0014 -0.0000 0.4199 -0.0000 650.0000
35.0158 326 412 887 973 -2.0249 -0.0000 0.3637 -0.0000 650.0000
35.0225 328 531 768 971 -1.9409 -0.0000 0.4628 -0.0000 650.0000
35.0291 241 434 865 1058 -1.8973 -0.0000 0.2875 -0.0000 650.0000
35.0357 226 414 885 1073 -1.8795 -0.0000 0.0635 -0.0000 650.0000
35.0423 217 553 746 1082 -1.7213 -0.0000 0.0361 -0.0000 650.0000
35.0490 166 455 844 1133 -1.6231 -0.0000 -0.2006 -0.0000 650.0000
35.0556 251 392 907 1048 -1.6798 -0.0000 -0.4165 -0.0000 650.0000
35.0622 268 585 714 1031 -1.5181 -0.0000 -0.2998 -0.0000 650.0000
35.0688 89 517 782 1210 -1.2241 -0.0000 -0.5439 -0.0000 650.0000
35.0754 214 494 805 1085 -1.0992 -0.0000 -0.6472 -0.0000 650.0000
35.0820 215 530 769 1084 -0.9289 -0.0000 -0.6736 -0.0000 650.0000
35.0887 179 472 827 1120 -0.7524 -0.0000 -0.8245 -0.0000 650.0000
35.0953 269 470 829 1030 -0.6583 -0.0000 -0.8359 -0.0000 650.0000
35.1019 128 512 787 1171 -0.3448 -0.0000 -0.9630 -0.0000 650.0000
35.1085 148 425 874 1151 -0.1202 -0.0000 -1.1705 -0.0000 650.0000
35.1151 229 532 767 1070 0.1363 -0.0000 -1.1099 -0.0000 650.0000
35.1218 105 457 842 1194 0.4481 -0.0000 -1.3152 -0.0000 650.0000
35.1285 210 466 833 1089 0.6515 -0.0000 -1.3671 -0.0000 650.0000
35.1351 206 480 819 1093 0.8616 -0.0000 -1.4373 -0.0000 650.0000
35.1417 230 436 863 1069 1.0124 -0.0000 -1.5314 -0.0000 650.0000
35.1483 187 527 772 1112 1.2929 -0.0000 -1.5712 -0.0000 650.0000
35.1550 188 385 914 1111 1.3952 -0.0000 -1.8495 -0.0000 650.0000
35.1617 275 448 851 1024 1.4814 -0.0000 -1.9039 -0.0000 650.0000
35.1683 201 453 846 1098 1.6563 -0.0000 -2.0454 -0.0000 650.0000
35.1749 272 502 797 1027 1.7925 -0.0000 -2.0070 -0.0000 650.0000
35.1816 211 454 845 1088 1.9262 -0.0000 -2.1317 -0.0000 650.0000
35.1883 273 393 906 1026 1.9376 -0.0000 -2.2533 -0.0000 650.0000
35.1949 290 495 804 1009 2.0460 -0.0000 -2.1765 -0.0000 650.0000
35.2015 239 445 854 1060 2.1427 -0.0000 -2.2262 -0.0000 650.0000
35.2082 362 418 881 937 2.0705 -0.0000 -2.1349 -0.0000 650.0000
35.2148 301 441 858 998 2.0838 -0.0000 -2.0823 -0.0000 650.0000
35.2215 343 353 946 956 1.9313 -0.0000 -2.0681 -0.0000 650.0000
35.2281 364 437 862 935 1.8419 -0.0000 -1.8927 -0.0000 650.0000
35.2348 200 382 917 1099 1.8642 -0.0000 -2.0220 -0.0000 650.0000
35.2414 273 321 978 1026 1.7430 -0.0000 -2.1081 -0.0000 650.0000
35.2481 431 425 874 868 1.5654 -0.0000 -1.7792 -0.0000 650.0000
35.2547 290 382 917 1009 1.4786 -0.0000 -1.7318 -0.0000 650.0000
35.2614 244 331 968 1055 1.3565 -0.0000 -1.8167 -0.0000 650.0000
35.2680 366 463 836 933 1.2378 -0.0000 -1.4867 -0.0000 650.0000
35.2747 277 466 833 1022 1.2016 -0.0000 -1.3126 -0.0000 650.0000
35.2813 223 375 924 1076 1.1427 -0.0000 -1.3101 -0.0000 650.0000
35.2880 253 325 974 1046 0.9812 -0.0000 -1.3543 -0.0000 650.0000
35.2946 349 359 940 950 0.7684 -0.0000 -1.2000 -0.0000 650.0000
35.3013 186 274 1025 1113 0.6187 -0.0000 -1.4413 -0.0000 650.0000
35.3080 235 261 1038 1064 0.4060 -0.0000 -1.6621 -0.0000 650.0000
35.3146 333 485 814 966 0.3314 -0.0000 -1.4283 -0.0000 650.0000
35.3213 286 457 842 1013 0.2588 -0.0000 -1.3489 -0.0000 650.0000
35.3279 223 358 941 1076 0.1622 -0.0000 -1.5233 -0.0000 650.0000
35.3346 341 413 886 958 0.0049 -0.0000 -1.4471 -0.0000 650.0000
35.3412 180 434 865 1119 0.0531 -0.0000 -1.5969 -0.0000 650.0000
35.3479 149 393 906 1150 0.0863 -0.0000 -1.8659 -0.0000 650.0000
35.3545 261 543 756 1038 0.1613 -0.0000 -1.7415 -0.0000 650.0000
35.3611 173 500 799 1126 0.2848 -0.0000 -1.8380 -0.0000 650.0000
35.3678 188 383 916 1111 0.2823 -0.0000 -2.0635 -0.0000 650.0000
35.3745 251 501 798 1048 0.3326 -0.0000 -2.0227 -0.0000 650.0000
35.3811 156 352 947 1143 0.3418 -0.0000 -2.3341 -0.0000 650.0000
35.3878 238 335 964 1061 0.2450 -0.0000 -2.5359 -0.0000 650.0000
35.3944 157 507 792 1142 0.4273 -0.0000 -2.5963 -0.0000 650.0000
35.4010 203 469 830 1096 0.5274 -0.0000 -2.6207 -0.0000 650.0000
35.4078 112 593 706 1187 0.8525 -0.0000 -2.6149 -0.0000 650.0000
35.4144 87 509 790 1212 1.1386 -0.0000 -2.7884 -0.0000 650.0000
35.4211 189 530 769 1110 1.3554 -0.0000 -2.7724 -0.0000 650.0000
35.4278 188 411 888 1111 1.4647 -0.0000 -2.9147 -0.0000 650.0000
35.4344 209 474 825 1090 1.6270 -0.0000 -2.9110 -0.0000 650.0000
35.4410 162 491 808 1137 1.8581 -0.0000 -2.9732 -0.0000 650.0000
35.4477 209 499 800 1090 2.0771 -0.0000 -2.9546 -0.0000 650.0000
35.4544 213 442 857 1086 2.2722 -0.0000 -3.0159 -0.0000 650.0000
35.4611 304 425 874 995 2.3464 -0.0000 -2.9757 -0.0000 650.0000
35.4678 283 458 841 1016 2.4628 -0.0000 -2.9098 -0.0000 650.0000
35.4744 271 425 874 1028 2.5253 -0.0000 -2.9445 -0.0000 650.0000
35.4811 214 468 831 1085 2.6794 -0.0000 -3.0148 -0.0000 650.0000
35.4878 327 353 946 972 2.5901 -0.0000 -3.0633 -0.0000 650.0000
35.4944 253 419 880 1046 2.6179 -0.0000 -3.0986 -0.0000 650.0000
35.5011 250 414 885 1049 2.6139 -0.0000 -3.1581 -0.0000 650.0000
35.5078 351 410 889 948 2.5957 4.2969 -3.0638 -0.0000 650.0000
35.5145 264 278 1021 1035 2.5249 4.2969 -3.2713 -0.0000 650.0000
35.5212 369 291 1008 930 2.3360 4.2969 -3.3103 -0.0000 650.0000
35.5278 294 386 913 1005 2.3230 4.2969 -3.3276 -0.0000 650.0000
35.5345 326 377 922 973 2.2280 4.2969 -3.3089 -0.0000 650.0000
35.5411 377 465 834 922 2.1681 4.2969 -3.1079 -0.0000 650.0000
35.5478 241 425 874 1058 2.2039 4.2969 -3.1853 -0.0000 650.0000
35.5544 231 422 877 1068 2.2395 4.2969 -3.2915 -0.0000 650.0000
35.5611 358 482 817 941 2.2162 4.2969 -3.1028 -0.0000 650.0000
35.5678 346 512 787 953 2.2619 4.2969 -2.8470 -0.0000 650.0000
35.5744 267 401 898 1032 2.3073 4.2969 -2.8489 -0.0000 650.0000
35.5811 338 407 892 961 2.2992 4.2969 -2.7010 -0.0000 650.0000
35.5878 361 464 835 938 2.3357 4.2969 -2.3544 -0.0000 650.0000
35.5945 273 419 880 1026 2.4245 4.2969 -2.1836 -0.0000 650.0000
35.6011 363 363 936 936 2.3658 4.2969 -1.9415 -0.0000 650.0000
35.6078 410 441 858 889 2.3569 4.2969 -1.5199 -0.0000 650.0000
35.6145 314 344 955 985 2.3371 4.2969 -1.4070 -0.0000 650.0000
35.6211 319 224 1075 980 2.1787 4.2969 -1.4448 -0.0000 650.0000
35.6278 447 348 951 852 1.9942 4.2969 -1.1642 -0.0000 650.0000
35.6344 475 348 951 824 1.7821 4.2969 -0.8489 -0.0000 650.0000
35.6411 320 324 975 979 1.7090 4.2969 -0.8433 -0.0000 650.0000
35.6478 292 265 1034 1007 1.5855 4.2969 -0.9608 -0.0000 650.0000
35.6544 369 268 1031 930 1.3698 4.2969 -0.9910 -0.0000 650.0000
35.6611 378 348 951 921 1.2199 4.2969 -0.9008 -0.0000 650.0000
35.6678 266 330 969 1033 1.1232 4.2969 -1.0530 -0.0000 650.0000
35.6745 229 273 1026 1070 0.9952 4.2969 -1.3438 -0.0000 650.0000
35.6811 252 301 998 1047 0.8518 4.2969 -1.6005 -0.0000 650.0000
35.6878 337 376 923 962 0.7032 4.2969 -1.5949 -0.0000 650.0000
35.6945 354 411 888 945 0.5709 4.2969 -1.5272 -0.0000 650.0000
35.7011 258 383 916 1041 0.5389 4.2969 -1.6228 -0.0000 650.0000
35.7078 330 360 939 969 0.4184 4.2969 -1.6355 -0.0000 650.0000
35.7145 339 523 776 960 0.4494 2.8125 -1.4015 -0.0000 650.0000
35.7211 310 571 728 989 0.6074 2.8125 -1.0864 -0.0000 650.0000
35.7278 244 437 862 1055 0.7039 2.8125 -1.0871 -0.0000 650.0000
35.7345 370 477 822 929 0.7386 2.8125 -0.8197 -0.0000 650.0000
35.7411 344 524 775 955 0.8761 2.8125 -0.5052 -0.0000 650.0000
35.7478 154 427 872 1145 1.1311 2.8125 -0.6186 -0.0000 650.0000
35.7544 152 438 861 1147 1.3954 2.8125 -0.6961 -0.0000 650.0000
35.7611 216 467 832 1083 1.6280 2.8125 -0.6764 -0.0000 650.0000
35.7678 145 434 865 1154 1.9152 2.8125 -0.7843 -0.0000 650.0000
35.7744 217 332 967 1082 1.9999 2.8125 -0.9688 -0.0000 650.0000
35.7811 276 528 771 1023 2.2483 2.8125 -0.8260 -0.0000 650.0000
35.7878 214 464 835 1085 2.4943 2.8125 -0.8922 -0.0000 650.0000
35.7944 245 422 877 1054 2.6721 2.8125 -0.9793 -0.0000 650.0000
35.8011 212 518 781 1087 3.0075 2.8125 -0.9424 -0.0000 650.0000
35.8078 187 408 891 1112 3.2302 2.8125 -1.1083 -0.0000 650.0000
35.8145 247 440 859 1052 3.4252 2.8125 -1.1063 -0.0000 650.0000
35.8212 200 341 958 1099 3.5541 2.8125 -1.2904 -0.0000 650.0000
35.8278 289 432 867 1010 3.6694 2.8125 -1.2185 -0.0000 650.0000
35.8345 220 464 835 1079 3.9077 2.8125 -1.2017 -0.0000 650.0000
35.8412 259 391 908 1040 4.0253 2.8125 -1.2245 -0.0000 650.0000
35.8478 284 442 857 1015 4.1618 2.8125 -1.1349 -0.0000 650.0000
35.8545 232 411 888 1067 4.2994 2.8125 -1.1794 -0.0000 650.0000
35.8611 361 399 900 938 4.2700 2.8125 -1.0680 -0.0000 650.0000
35.8678 232 480 819 1067 4.4754 2.8125 -1.0172 -0.0000 650.0000
35.8744 207 305 994 1092 4.5139 2.8125 -1.2828 -0.0000 650.0000
35.8811 349 394 905 950 4.4896 2.8125 -1.2174 -0.0000 650.0000
35.8879 280 347 952 1019 4.4872 2.8125 -1.3268 -0.0000 650.0000
35.8945 354 331 968 945 4.3612 2.8125 -1.3823 -0.0000 650.0000
35.9012 410 428 871 889 4.2782 2.8125 -1.2054 -0.0000 650.0000
35.9078 311 415 884 988 4.2662 2.8125 -1.2289 -0.0000 650.0000
35.9144 277 362 937 1022 4.2066 2.8125 -1.3635 -0.0000 650.0000
35.9211 346 389 910 953 4.0728 2.8125 -1.3480 -0.0000 650.0000
35.9278 281 374 925 1018 3.9841 2.8125 -1.4450 -0.0000 650.0000
35.9345 170 304 995 1129 3.8533 0.7031 -1.7747 -0.0000 650.0000
35.9412 276 352 947 1023 3.6553 0.7031 -1.8862 -0.0000 650.0000
35.9478 378 488 811 921 3.4805 0.7031 -1.6371 -0.0000 650.0000
35.9544 310 470 829 989 3.3361 0.7031 -1.5299 -0.0000 650.0000
35.9611 281 370 929 1018 3.1222 0.7031 -1.6075 -0.0000 650.0000
35.9678 303 462 837 996 2.9954 0.7031 -1.4976 -0.0000 650.0000
35.9744 240 537 762 1059 3.0175 0.7031 -1.3504 -0.0000 650.0000
35.9811 93 445 854 1206 3.0963 0.7031 -1.5341 -0.0000 650.0000
35.9878 212 518 781 1087 3.1601 0.7031 -1.4272 -0.0000 650.0000
35.9944 252 621 678 1047 3.2878 0.7031 -1.1156 -0.0000 650.0000
36.0011 95 462 837 1204 3.4253 0.7031 -1.2620 -0.0000 650.0000
36.0078 206 398 901 1093 3.4066 0.7031 -1.3648 -0.0000 650.0000
36.0144 161 460 839 1138 3.5253 0.7031 -1.4519 -0.0000 650.0000
36.0211 116 428 871 1183 3.6806 0.7031 -1.6340 -0.0000 650.0000
36.0278 206 453 846 1093 3.7823 0.7031 -1.6342 -0.0000 650.0000
36.0344 108 391 908 1191 3.9133 0.7031 -1.8904 -0.0000 650.0000
36.0411 265 387 912 1034 3.8695 0.7031 -1.9130 -0.0000 650.0000
36.0478 202 496 803 1097 4.0029 0.7031 -1.8694 -0.0000 650.0000
36.0544 197 478 821 1102 4.1015 0.7031 -1.8762 -0.0000 650.0000
36.0611 202 452 847 1097 4.1688 0.7031 -1.9301 -0.0000 650.0000
36.0678 220 378 921 1079 4.1800 0.7031 -2.0512 -0.0000 650.0000
36.0744 284 504 795 1015 4.2705 0.7031 -1.8653 -0.0000 650.0000
36.0811 209 456 843 1090 4.3819 0.7031 -1.8611 -0.0000 650.0000
36.0878 247 500 799 1052 4.4876 0.7031 -1.7485 -0.0000 650.0000
36.0944 208 504 795 1091 4.6424 0.7031 -1.6711 -0.0000 650.0000
36.1011 332 352 947 967 4.4757 0.7031 -1.6315 -0.0000 650.0000
36.1078 326 522 777 973 4.4850 0.7031 -1.3818 -0.0000 650.0000
36.1144 237 455 844 1062 4.5347 0.7031 -1.3480 -0.0000 650.0000
36.1211 339 427 872 960 4.4456 0.7031 -1.1790 -0.0000 650.0000
36.1278 366 504 795 933 4.3977 0.7031 -0.8651 -0.0000 650.0000
36.1344 282 372 927 1017 4.2933 0.7031 -0.8436 -0.0000 650.0000
36.1411 396 406 893 903 4.0737 0.7031 -0.5877 -0.0000 650.0000
36.1478 347 508 791 952 4.0049 0.7031 -0.2747 -0.0000 650.0000
36.1544 176 316 983 1123 3.9036 0.7031 -0.4762 -0.0000 650.0000
36.1611 241 352 947 1058 3.7612 0.7031 -0.5516 -0.0000 650.0000
36.1678 383 447 852 916 3.5646 0.7031 -0.2724 -0.0000 650.0000
36.1744 292 418 881 1007 3.4343 0.7031 -0.1981 -0.0000 650.0000
36.1811 214 343 956 1085 3.2796 -0.0000 -0.3564 -0.0000 650.0000
36.1877 229 391 908 1070 3.1600 -0.0000 -0.4006 -0.0000 650.0000
36.1943 308 471 828 991 3.0219 -0.0000 -0.2432 -0.0000 650.0000
36.2009 192 435 864 1107 2.9706 -0.0000 -0.2799 -0.0000 650.0000
36.2076 331 357 942 968 2.7021 -0.0000 -0.2414 -0.0000 650.0000
36.2142 388 462 837 911 2.5053 -0.0000 0.0329 -0.0000 650.0000
36.2209 286 384 915 1013 2.3189 -0.0000 0.0368 -0.0000 650.0000
36.2275 135 376 923 1164 2.2720 -0.0000 -0.2132 -0.0000 650.0000
36.2342 285 434 865 1014 2.1279 -0.0000 -0.1245 -0.0000 650.0000
36.2409 245 489 810 1054 2.0835 -0.0000 -0.0284 -0.0000 650.0000
36.2475 159 369 930 1140 2.0016 -0.0000 -0.2256 -0.0000 650.0000
36.2542 168 348 951 1131 1.8743 -0.0000 -0.4230 -0.0000 650.0000
36.2609 266 529 770 1033 1.8346 -0.0000 -0.2319 -0.0000 650.0000
36.2675 221 423 876 1078 1.7507 -0.0000 -0.2483 -0.0000 650.0000
36.2742 231 434 865 1068 1.6783 -0.0000 -0.2548 -0.0000 650.0000
36.2808 226 523 776 1073 1.7364 -0.0000 -0.1576 -0.0000 650.0000
36.2875 102 459 840 1197 1.8665 -0.0000 -0.3403 -0.0000 650.0000
36.2941 225 435 864 1074 1.8782 -0.0000 -0.3783 -0.0000 650.0000
36.3008 202 439 860 1097 1.9555 -0.0000 -0.4216 -0.0000 650.0000
36.3075 190 366 933 1109 1.9795 -0.0000 -0.5906 -0.0000 650.0000
36.3141 260 493 806 1039 2.0758 -0.0000 -0.4237 -0.0000 650.0000
36.3207 161 405 894 1138 2.1811 -0.0000 -0.4967 -0.0000 650.0000
36.3274 234 400 899 1065 2.1868 -0.0000 -0.4780 -0.0000 650.0000
36.3340 233 468 831 1066 2.2774 -0.0000 -0.3326 -0.0000 650.0000
36.3407 278 294 1005 1021 2.1293 -0.0000 -0.3659 -0.0000 650.0000
36.3473 361 388 911 938 1.9903 -0.0000 -0.1592 -0.0000 650.0000
36.3540 277 414 885 1022 1.9297 -0.0000 -0.0779 -0.0000 650.0000
36.3606 248 306 993 1051 1.7447 -0.0000 -0.2357 -0.0000 650.0000
36.3673 330 431 868 969 1.5899 -0.0000 -0.1062 -0.0000 650.0000
36.3739 168 374 925 1131 1.5098 -0.0000 -0.3423 -0.0000 650.0000
36.3806 188 287 1012 1111 1.2899 -0.0000 -0.6971 -0.0000 650.0000
36.3872 323 381 918 976 1.0233 -0.0000 -0.6903 -0.0000 650.0000
36.3938 212 396 903 1087 0.8761 -0.0000 -0.8242 -0.0000 650.0000
36.4005 239 327 972 1060 0.6464 -0.0000 -1.0002 -0.0000 650.0000
36.4071 328 422 877 971 0.4372 -0.0000 -0.8995 -0.0000 650.0000
36.4138 231 351 948 1068 0.2644 -0.0000 -1.0274 -0.0000 650.0000
36.4205 180 336 963 1119 0.1281 -0.0000 -1.2521 -0.0000 650.0000
36.4271 295 409 890 1004 -0.0313 -0.0000 -1.1842 -0.0000 650.0000
36.4338 259 400 899 1040 -0.1010 2.7344 -1.2054 -0.0000 650.0000
36.4405 232 323 976 1067 -0.2101 2.7344 -1.3686 -0.0000 650.0000
36.4471 329 450 849 970 -0.2913 2.7344 -1.2128 -0.0000 650.0000
36.4538 184 394 905 1115 -0.2861 2.7344 -1.3596 -0.0000 650.0000
36.4603 129 289 1010 1170 -0.3516 2.7344 -1.7313 -0.0000 650.0000
36.4670 196 396 903 1103 -0.3825 2.7344 -1.8397 -0.0000 650.0000
36.4736 163 413 886 1136 -0.3622 2.7344 -1.9751 -0.0000 650.0000
36.4803 155 338 961 1144 -0.4033 2.7344 -2.2329 -0.0000 650.0000
36.4870 237 369 930 1062 -0.4956 2.7344 -2.3692 -0.0000 650.0000
36.4937 100 330 969 1199 -0.5292 -0.0000 -2.7778 -0.0000 650.0000
36.5004 230 338 961 1069 -0.7049 -0.0000 -2.9950 -0.0000 650.0000
36.5070 196 408 891 1103 -0.7675 -0.0000 -3.1666 -0.0000 650.0000
36.5136 220 355 944 1079 -0.9197 -0.0000 -3.3750 -0.0000 650.0000
36.5203 253 362 937 1046 -1.0959 -0.0000 -3.5216 -0.0000 650.0000
36.5269 149 377 922 1150 -1.1411 -0.0000 -3.8145 -0.0000 650.0000
36.5335 225 364 935 1074 -1.2757 -0.0000 -4.0023 -0.0000 650.0000
36.5402 201 501 798 1098 -1.2446 -0.0000 -4.0194 -0.0000 650.0000
36.5468 208 448 851 1091 -1.2634 -0.0000 -4.1061 -0.0000 650.0000
36.5534 265 447 852 1034 -1.3246 -0.0000 -4.1020 -0.0000 650.0000
36.5600 159 385 914 1140 -1.3158 -0.0000 -4.3128 -0.0000 650.0000
36.5667 305 396 903 994 -1.4434 -0.0000 -4.2603 -0.0000 650.0000
36.5733 240 458 841 1059 -1.4040 -0.0000 -4.1952 -0.0000 650.0000
36.5800 237 446 853 1062 -1.3595 -0.0000 -4.1407 -0.0000 650.0000
36.5866 305 532 767 994 -1.2904 -0.0000 -3.8422 -0.0000 650.0000
36.5933 151 524 775 1148 -1.0735 -0.0000 -3.7739 -0.0000 650.0000
36.5998 168 365 934 1131 -1.0568 -0.0000 -3.9130 -0.0000 650.0000
36.6065 228 417 882 1071 -1.0345 -0.0000 -3.8727 -0.0000 650.0000
36.6131 114 331 968 1185 -0.9860 -0.0000 -4.1411 -0.0000 650.0000
36.6198 258 331 968 1041 -1.0902 -0.0000 -4.1823 -0.0000 650.0000
36.6264 248 434 865 1051 -1.0891 -0.0000 -4.1095 -0.0000 650.0000
36.6331 150 345 954 1149 -1.0898 -0.0000 -4.3543 -0.0000 650.0000
36.6397 273 446 853 1026 -1.1072 -0.0000 -4.2777 -0.0000 650.0000
36.6463 153 409 890 1146 -1.0448 -0.0000 -4.4489 -0.0000 650.0000
36.6529 202 453 846 1097 -0.9973 -0.0000 -4.4757 -0.0000 650.0000
36.6596 189 475 824 1110 -0.9320 -0.0000 -4.5157 -0.0000 650.0000
36.6662 144 361 938 1155 -0.9270 -0.0000 -4.7827 -0.0000 650.0000
36.6728 274 387 912 1025 -1.0240 -0.0000 -4.8039 -0.0000 650.0000
36.6794 165 382 917 1134 -1.0064 -0.0000 -5.0238 -0.0000 650.0000
36.6860 240 409 890 1059 -1.0442 -0.0000 -5.0843 -0.0000 650.0000
36.6926 218 484 815 1081 -0.9947 -0.0000 -5.0803 -0.0000 650.0000
36.6992 131 437 862 1168 -0.8965 -0.0000 -5.2719 -0.0000 650.0000
36.7058 172 490 809 1127 -0.7824 -0.0000 -5.3073 -0.0000 650.0000
36.7125 78 532 767 1221 -0.5141 -0.0000 -5.3999 -0.0000 650.0000
36.7191 140 493 806 1159 -0.3633 -0.0000 -5.4262 -0.0000 650.0000
36.7257 207 570 729 1092 -0.1629 -0.0000 -5.2575 -0.0000 650.0000
36.7323 206 425 874 1093 -0.0690 -0.0000 -5.2824 -0.0000 650.0000
36.7390 290 506 793 1009 0.0767 -0.0000 -5.0115 -0.0000 650.0000
36.7456 142 475 824 1157 0.3331 -0.0000 -5.0086 -0.0000 650.0000
36.7523 340 397 902 959 0.2948 -0.0000 -4.8117 -0.0000 650.0000
36.7590 186 435 864 1113 0.4782 -0.0000 -4.7734 -0.0000 650.0000
36.7656 288 370 929 1011 0.4698 -0.0000 -4.6825 -0.0000 650.0000
36.7722 263 510 789 1036 0.6302 -0.0000 -4.4060 -0.0000 650.0000
36.7789 224 319 980 1075 0.6045 -0.0000 -4.4931 -0.0000 650.0000
36.7855 355 363 936 944 0.4866 -0.0000 -4.3354 -0.0000 650.0000
36.7921 275 399 900 1024 0.4942 -0.0000 -4.2158 -0.0000 650.0000
36.7988 249 319 980 1050 0.4107 -0.0000 -4.2392 -0.0000 650.0000
36.8054 337 398 901 962 0.2987 -0.0000 -4.0068 -0.0000 650.0000
36.8121 195 346 953 1104 0.2704 -0.0000 -4.0555 -0.0000 650.0000
36.8188 261 304 995 1038 0.1106 -0.0000 -4.0615 -0.0000 650.0000
36.8254 339 419 880 960 -0.0060 -0.0000 -3.7589 -0.0000 650.0000
36.8320 270 341 958 1029 -0.1523 -0.0000 -3.7002 -0.0000 650.0000
36.8387 268 239 1060 1031 -0.4345 -0.0000 -3.7813 -0.0000 650.0000
36.8453 332 338 961 967 -0.6885 -0.0000 -3.6368 -0.0000 650.0000
36.8520 240 359 940 1059 -0.8140 -0.0000 -3.6089 -0.0000 650.0000
36.8586 189 334 965 1110 -0.9376 -0.0000 -3.6996 -0.0000 650.0000
36.8653 344 405 894 955 -1.1500 -0.0000 -3.4845 -0.0000 650.0000
36.8719 255 383 916 1045 -1.2893 -0.0000 -3.4516 -0.0000 650.0000
36.8786 137 304 995 1162 -1.3816 -0.0000 -3.7153 -0.0000 650.0000
36.8852 215 375 924 1084 -1.4784 -0.0000 -3.7808 -0.0000 650.0000
36.8919 295 462 837 1004 -1.5474 -0.0000 -3.6009 -0.0000 650.0000
36.8985 154 377 922 1145 -1.5537 -0.0000 -3.8028 -0.0000 650.0000
36.9052 168 303 996 1131 -1.6357 -0.0000 -4.0831 -0.0000 650.0000
36.9118 233 399 900 1066 -1.6842 -0.0000 -4.1366 -0.0000 650.0000
36.9185 91 392 907 1208 -1.5945 -0.0000 -4.4055 -0.0000 650.0000
36.9251 146 360 939 1153 -1.6105 -0.0000 -4.6356 -0.0000 650.0000
36.9317 114 479 820 1185 -1.4612 -0.0000 -4.7334 -0.0000 650.0000
36.9383 87 364 935 1212 -1.4113 -0.0000 -5.0404 -0.0000 650.0000
36.9450 154 398 901 1145 -1.3788 -0.0000 -5.1755 -0.0000 650.0000
36.9516 90 363 936 1209 -1.2908 -0.0000 -5.4812 -0.0000 650.0000
36.9583 180 376 923 1119 -1.2628 -0.0000 -5.6233 -0.0000 650.0000
36.9649 96 399 900 1203 -1.1239 -0.0000 -5.8540 -0.0000 650.0000
36.9715 206 343 956 1093 -1.1754 -0.0000 -6.0164 -0.0000 650.0000
36.9782 105 412 887 1194 -1.0342 -0.0000 -6.2447 -0.0000 650.0000
36.9848 265 345 954 1034 -1.1083 -0.0000 -6.3300 -0.0000 650.0000
36.9915 180 340 959 1119 -1.0865 -0.0000 -6.5365 -0.0000 650.0000
36.9982 327 359 940 972 -1.2128 -0.0000 -6.4844 -0.0000 650.0000
37.0048 178 411 888 1121 -1.1519 -0.0000 -6.5870 -0.0000 650.0000
37.0115 307 333 966 992 -1.3191 -0.0000 -6.6242 -0.0000 650.0000
37.0182 228 385 914 1071 -1.3310 -0.0000 -6.7027 -0.0000 650.0000
37.0248 231 315 984 1068 -1.4081 -0.0000 -6.8684 -0.0000 650.0000
37.0315 218 496 803 1081 -1.3093 -0.0000 -6.8092 -0.0000 650.0000
37.0381 213 437 862 1086 -1.2624 -0.0000 -6.8568 -0.0000 650.0000
37.0448 291 440 859 1008 -1.2864 -0.0000 -6.7925 -0.0000 650.0000
37.0515 219 536 763 1080 -1.1029 -0.0000 -6.6803 -0.0000 650.0000
37.0581 171 385 914 1128 -1.0424 -0.0000 -6.8636 -0.0000 650.0000
37.0648 246 451 848 1053 -0.9710 -0.0000 -6.8089 -0.0000 650.0000
37.0714 168 424 875 1131 -0.8093 -0.0000 -6.8522 -0.0000 650.0000
37.0781 229 319 980 1070 -0.8180 -0.0000 -6.9320 -0.0000 650.0000
37.0847 306 443 856 993 -0.7858 -0.0000 -6.6686 -0.0000 650.0000
37.0914 275 321 978 1024 -0.8538 -0.0000 -6.6328 -0.0000 650.0000
37.0981 360 367 932 939 -0.9474 -0.0000 -6.3693 -0.0000 650.0000
37.1047 227 409 890 1072 -0.8588 -0.0000 -6.2254 -0.0000 650.0000
37.1113 195 299 1000 1104 -0.8666 -0.0000 -6.2746 -0.0000 650.0000
37.1180 279 385 914 1020 -0.8942 -0.0000 -6.0756 -0.0000 650.0000
37.1246 122 377 922 1177 -0.7665 -0.0000 -6.1171 -0.0000 650.0000
37.1313 162 346 953 1137 -0.7259 -0.0000 -6.1485 -0.0000 650.0000
37.1380 273 403 896 1026 -0.7427 -0.0000 -5.9339 -0.0000 650.0000
37.1446 106 304 995 1193 -0.7014 -0.0000 -6.1230 -0.0000 650.0000
37.1513 171 306 993 1128 -0.7315 -0.0000 -6.2203 -0.0000 650.0000
37.1580 232 367 932 1067 -0.7671 -0.0000 -6.1373 -0.0000 650.0000
37.1646 189 341 958 1110 -0.7806 -0.0000 -6.1838 -0.0000 650.0000
37.1713 302 378 921 997 -0.8712 -0.0000 -6.0158 -0.0000 650.0000
37.1779 224 386 913 1075 -0.8649 -0.0000 -5.9649 -0.0000 650.0000
37.1846 256 331 968 1043 -0.9607 -0.0000 -5.9918 -0.0000 650.0000
37.1912 307 416 883 992 -1.0091 -0.0000 -5.8299 -0.0000 650.0000
37.1978 211 331 968 1088 -1.0406 -0.0000 -5.9441 -0.0000 650.0000
37.2044 271 327 972 1028 -1.1068 -0.0000 -5.9684 -0.0000 650.0000
37.2111 315 364 935 984 -1.1544 -0.0000 -5.8498 -0.0000 650.0000
37.2178 147 279 1020 1152 -1.0797 -0.0000 -6.0748 -0.0000 650.0000
37.2244 287 307 992 1012 -1.1038 -0.0000 -6.0194 -0.0000 650.0000
37.2311 348 388 911 951 -1.1064 -0.0000 -5.7477 -0.0000 650.0000
37.2378 292 228 1071 1007 -1.2398 -0.0000 -5.8156 -0.0000 650.0000
37.2445 369 349 950 930 -1.3527 -0.0000 -5.5747 -0.0000 650.0000
37.2512 259 401 898 1040 -1.3389 -0.0000 -5.4230 -0.0000 650.0000
37.2579 149 336 963 1150 -1.3452 -0.0000 -5.5108 -0.0000 650.0000
37.2645 276 338 961 1023 -1.5221 -0.0000 -5.3901 -0.0000 650.0000
37.2712 232 362 937 1067 -1.6344 -0.0000 -5.3075 -0.0000 650.0000
37.2779 129 355 944 1170 -1.6247 -0.0000 -5.4101 -0.0000 650.0000
37.2845 180 381 918 1119 -1.6399 -0.0000 -5.4187 -0.0000 650.0000
37.2912 230 426 873 1069 -1.6435 -0.0000 -5.3129 -0.0000 650.0000
37.2979 129 308 991 1170 -1.6522 -0.0000 -5.5537 -0.0000 650.0000
37.3045 204 368 931 1095 -1.6687 -0.0000 -5.5961 -0.0000 650.0000
37.3112 145 409 890 1154 -1.5796 -0.0000 -5.6662 -0.0000 650.0000
37.3179 128 323 976 1171 -1.5409 -0.0000 -5.8773 -0.0000 650.0000
37.3245 217 407 892 1082 -1.4942 -0.0000 -5.8238 -0.0000 650.0000
37.3312 154 253 1046 1145 -1.5135 -0.0000 -6.0675 -0.0000 650.0000
37.3379 189 323 976 1110 -1.4679 -0.0000 -6.1538 -0.0000 650.0000
37.3445 133 347 952 1166 -1.3106 -0.0000 -6.2741 -0.0000 650.0000
37.3512 236 303 996 1063 -1.3039 -0.0000 -6.2992 -0.0000 650.0000
37.3578 139 399 900 1160 -1.1176 -0.0000 -6.3038 -0.0000 650.0000
37.3644 133 336 963 1166 -1.0283 -0.0000 -6.4370 -0.0000 650.0000
37.3711 147 461 838 1152 -0.8280 -0.0000 -6.3796 -0.0000 650.0000
37.3778 123 307 992 1176 -0.7461 -0.0000 -6.5899 -0.0000 650.0000
37.3844 173 384 915 1126 -0.6244 -0.0000 -6.5875 -0.0000 650.0000
37.3910 148 326 973 1151 -0.5319 -0.0000 -6.7111 -0.0000 650.0000
37.3977 159 422 877 1140 -0.3130 -0.0000 -6.6822 -0.0000 650.0000
37.4044 121 357 942 1178 -0.0966 -0.0000 -6.7940 -0.0000 650.0000
37.4110 245 349 950 1054 -0.0126 -0.0000 -6.6932 -0.0000 650.0000
37.4177 169 286 1013 1130 0.0670 -0.0000 -6.7930 -0.0000 650.0000
37.4243 239 287 1012 1060 0.0487 -0.0000 -6.7847 -0.0000 650.0000
37.4310 148 289 1010 1151 0.1465 -0.0000 -6.8845 -0.0000 650.0000
37.4377 264 312 987 1035 0.1480 -0.0000 -6.7567 -0.0000 650.0000
37.4444 179 277 1022 1120 0.1884 -0.0000 -6.7962 -0.0000 650.0000
37.4510 352 270 1029 947 -0.0733 -0.0000 -6.6538 -0.0000 650.0000
37.4577 288 358 941 1011 -0.1936 -0.0000 -6.5302 -0.0000 650.0000
37.4644 384 310 989 915 -0.4803 -0.0000 -6.3804 -0.0000 650.0000
37.4711 299 414 885 1000 -0.5814 -0.0000 -6.1862 -0.0000 650.0000
37.4777 285 296 1003 1014 -0.7968 -0.0000 -6.1733 -0.0000 650.0000
37.4843 396 367 932 903 -1.0522 -0.0000 -5.8734 -0.0000 650.0000
37.4910 311 315 984 988 -1.2112 -0.0000 -5.7076 -0.0000 650.0000
37.4977 249 215 1084 1050 -1.3911 -0.0000 -5.7733 -0.0000 650.0000
37.5043 311 356 943 988 -1.4726 -0.0000 -5.5206 -0.0000 650.0000
37.5110 187 317 982 1112 -1.4837 -0.0000 -5.5152 -0.0000 650.0000
37.5176 169 250 1049 1130 -1.5682 -0.0000 -5.6364 -0.0000 650.0000
37.5243 254 393 906 1045 -1.5949 -0.0000 -5.4055 -0.0000 650.0000
37.5309 217 321 978 1082 -1.6808 -0.0000 -5.3432 -0.0000 650.0000
37.5376 173 211 1088 1126 -1.8087 -0.0000 -5.4852 -0.0000 650.0000
37.5442 297 330 969 1002 -1.9201 -0.0000 -5.2631 -0.0000 650.0000
37.5509 262 360 939 1037 -1.9281 -0.0000 -5.0563 -0.0000 650.0000
37.5576 321 229 1070 978 -2.1297 -0.0000 -4.9617 -0.0000 650.0000
37.5642 346 304 995 953 -2.2769 -0.0000 -4.7459 -0.0000 650.0000
37.5709 195 364 935 1104 -2.2132 -0.0000 -4.6732 -0.0000 650.0000
37.5775 255 235 1064 1044 -2.3614 -0.0000 -4.7132 -0.0000 650.0000
37.5841 268 305 994 1031 -2.4506 -0.0000 -4.6522 -0.0000 650.0000
37.5907 173 262 1037 1126 -2.4695 -0.0000 -4.7952 -0.0000 650.0000
37.5973 272 285 1014 1027 -2.5601 -0.0000 -4.7663 -0.0000 650.0000
37.6040 372 299 1000 927 -2.7262 -0.0000 -4.5768 -0.0000 650.0000
37.6106 214 269 1030 1085 -2.7387 -0.0000 -4.6730 -0.0000 650.0000
37.6172 226 299 1000 1073 -2.7342 -0.0000 -4.7122 -0.0000 650.0000
37.6238 353 335 964 946 -2.8286 -0.0000 -4.5178 -0.0000 650.0000
37.6305 197 309 990 1102 -2.7862 -0.0000 -4.5944 -0.0000 650.0000
37.6371 273 250 1049 1026 -2.8793 -0.0000 -4.6368 -0.0000 650.0000
37.6437 331 343 956 968 -2.9087 -0.0000 -4.4503 -0.0000 650.0000
37.6504 310 259 1040 989 -2.9799 -0.0000 -4.4191 -0.0000 650.0000
37.6570 237 216 1083 1062 -2.9980 -0.0000 -4.5379 -0.0000 650.0000
37.6637 340 312 987 959 -2.9957 -0.0000 -4.3389 -0.0000 650.0000
37.6704 175 235 1064 1124 -2.9091 -0.0000 -4.4761 -0.0000 650.0000
37.6770 204 215 1084 1095 -2.8865 -0.0000 -4.5945 -0.0000 650.0000
37.6836 358 329 970 941 -2.9406 -0.0000 -4.3426 -0.0000 650.0000
37.6903 253 297 1002 1046 -2.9261 -0.0000 -4.3168 -0.0000 650.0000
37.6970 206 257 1042 1093 -2.9275 -0.0000 -4.4291 -0.0000 650.0000
37.7036 257 359 940 1042 -2.9137 -0.0000 -4.3346 -0.0000 650.0000
37.7103 175 341 958 1124 -2.8490 -0.0000 -4.3920 -0.0000 650.0000
37.7170 209 288 1011 1090 -2.8885 -0.0000 -4.4756 -0.0000 650.0000
37.7236 299 330 969 1000 -2.9713 -0.0000 -4.3825 -0.0000 650.0000
37.7303 148 354 945 1151 -2.8602 -0.0000 -4.4818 -0.0000 650.0000
37.7370 236 284 1015 1063 -2.9219 -0.0000 -4.5578 -0.0000 650.0000
37.7437 222 352 947 1077 -2.9117 -0.0000 -4.5497 -0.0000 650.0000
37.7504 154 229 1070 1145 -2.9578 -0.0000 -4.8197 -0.0000 650.0000
37.7570 240 385 914 1059 -2.9184 -0.0000 -4.7171 -0.0000 650.0000
37.7637 183 297 1002 1116 -2.8998 -0.0000 -4.8359 -0.0000 650.0000
37.7703 286 277 1022 1013 -3.0079 -0.0000 -4.8302 -0.0000 650.0000
37.7769 209 387 912 1090 -2.8861 -0.0000 -4.7781 -0.0000 650.0000
37.7836 234 286 1013 1065 -2.8901 -0.0000 -4.8285 -0.0000 650.0000
37.7903 166 348 951 1133 -2.7402 -0.0000 -4.8741 -0.0000 650.0000
37.7970 132 355 944 1167 -2.5279 -0.0000 -4.9627 -0.0000 650.0000
37.8036 260 280 1019 1039 -2.5246 -0.0000 -4.9700 -0.0000 650.0000
37.8103 170 330 969 1129 -2.3602 -0.0000 -5.0292 -0.0000 650.0000
37.8169 244 232 1067 1055 -2.3676 -0.0000 -5.1428 -0.0000 650.0000
37.8236 264 334 965 1035 -2.2485 -0.0000 -5.0817 -0.0000 650.0000
37.8302 271 207 1092 1028 -2.2544 -0.0000 -5.1851 -0.0000 650.0000
37.8369 322 253 1046 977 -2.2550 -0.0000 -5.1338 -0.0000 650.0000
37.8436 218 255 1044 1081 -2.1476 -0.0000 -5.2336 -0.0000 650.0000
37.8502 277 197 1102 1022 -2.1781 -0.0000 -5.3269 -0.0000 650.0000
37.8568 250 292 1007 1049 -2.1252 -0.0000 -5.2992 -0.0000 650.0000
37.8635 249 191 1108 1050 -2.1938 -0.0000 -5.4248 -0.0000 650.0000
37.8702 371 178 1121 928 -2.4119 -0.0000 -5.3684 -0.0000 650.0000
37.8768 257 252 1047 1042 -2.3836 -0.0000 -5.3385 -0.0000 650.0000
37.8835 249 153 1146 1050 -2.4342 -0.0000 -5.4590 -0.0000 650.0000
37.8902 346 199 1100 953 -2.5169 -0.0000 -5.3606 -0.0000 650.0000
37.8968 221 259 1040 1078 -2.4035 -0.0000 -5.3864 -0.0000 650.0000
37.9034 294 203 1096 1005 -2.4471 -0.0000 -5.4074 -0.0000 650.0000
37.9101 381 280 1019 918 -2.5003 -0.0000 -5.2163 -0.0000 650.0000
37.9168 286 289 1010 1013 -2.4454 -0.0000 -5.1761 -0.0000 650.0000
37.9234 267 307 992 1032 -2.3544 -0.0000 -5.1451 -0.0000 650.0000
37.9301 298 369 930 1001 -2.2209 -0.0000 -4.9972 -0.0000 650.0000
37.9367 310 385 914 989 -2.0710 -0.0000 -4.8244 -0.0000 650.0000
37.9433 266 328 971 1033 -1.9401 -0.0000 -4.7930 -0.0000 650.0000
37.9500 319 332 967 980 -1.8780 -0.0000 -4.6943 -0.0000 650.0000
37.9567 269 362 937 1030 -1.7341 -0.0000 -4.6118 -0.0000 650.0000
37.9633 224 261 1038 1075 -1.6495 -0.0000 -4.7445 -0.0000 650.0000
37.9700 351 284 1015 948 -1.6505 -0.0000 -4.6443 -0.0000 650.0000
37.9766 384 321 978 915 -1.6386 -0.0000 -4.4359 -0.0000 650.0000
37.9833 276 248 1051 1023 -1.5935 -0.0000 -4.4881 -0.0000 650.0000
37.9899 266 255 1044 1033 -1.5520 -0.0000 -4.5398 -0.0000 650.0000
37.9966 316 226 1073 983 -1.6319 -0.0000 -4.5309 -0.0000 650.0000
38.0032 200 282 1017 1099 -1.5603 -0.0000 -4.6101 -0.0000 650.0000
38.0099 219 204 1095 1080 -1.6644 -0.0000 -4.7238 -0.0000 650.0000
38.0206 304 309 990 995 -1.7690 -0.0000 -4.5219 -0.0000 650.0000
38.0282 264 291 1008 1035 -1.8556 -0.0000 -4.4589 -0.0000 650.0000
38.0350 150 340 959 1149 -1.7468 -0.0000 -4.5212 -0.0000 650.0000
38.0418 269 338 961 1030 -1.7573 -0.0000 -4.4177 -0.0000 650.0000
38.0486 222 509 790 1077 -1.5071 -0.0000 -4.1657 -0.0000 650.0000
38.0554 157 375 924 1142 -1.3060 -0.0000 -4.2471 -0.0000 650.0000
38.0623 267 423 876 1032 -1.1515 -0.0000 -4.0961 -0.0000 650.0000
38.0690 169 419 880 1130 -0.8651 -0.0000 -4.1202 -0.0000 650.0000
38.0758 263 428 871 1036 -0.6511 -0.0000 -3.9842 -0.0000 650.0000
38.0826 230 442 857 1069 -0.3778 -0.0000 -3.8760 -0.0000 650.0000
38.0894 278 348 951 1021 -0.2598 -0.0000 -3.8463 -0.0000 650.0000
38.0961 234 483 816 1065 0.0507 -0.0000 -3.6748 -0.0000 650.0000
38.1029 230 350 949 1069 0.2011 -0.0000 -3.6905 -0.0000 650.0000
38.1098 249 394 905 1050 0.3956 -0.0000 -3.6204 -0.0000 650.0000
38.1165 147 313 986 1152 0.6199 -0.0000 -3.8012 -0.0000 650.0000
38.1232 184 331 968 1115 0.8287 -0.0000 -3.8627 -0.0000 650.0000
38.1301 142 405 894 1157 1.1566 -0.0000 -3.8647 -0.0000 650.0000
38.1369 231 340 959 1068 1.2915 -0.0000 -3.8258 -0.0000 650.0000
38.1437 113 430 869 1186 1.5945 -0.0000 -3.8041 -0.0000 650.0000
38.1504 161 296 1003 1138 1.6456 -0.0000 -3.9278 -0.0000 650.0000
38.1572 121 438 861 1178 1.8711 -0.0000 -3.9032 -0.0000 650.0000
38.1641 166 342 957 1133 1.9374 -0.0000 -3.9712 -0.0000 650.0000
38.1708 108 369 930 1191 2.0913 -0.0000 -4.0653 -0.0000 650.0000
38.1775 179 326 973 1120 2.0884 -0.0000 -4.1371 -0.0000 650.0000
38.1844 108 424 875 1191 2.2962 -0.0000 -4.1715 -0.0000 650.0000
38.1913 251 427 872 1048 2.3647 -0.0000 -3.9969 -0.0000 650.0000
38.1980 168 418 881 1131 2.5374 -0.0000 -3.9620 -0.0000 650.0000
38.2047 256 373 926 1043 2.5488 -0.0000 -3.8811 -0.0000 650.0000
38.2115 181 386 913 1118 2.6631 -0.0000 -3.8940 -0.0000 650.0000
38.2183 317 448 851 982 2.7289 -0.0000 -3.6163 -0.0000 650.0000
38.2250 257 434 865 1042 2.8593 -0.0000 -3.4484 -0.0000 650.0000
38.2317 385 395 904 914 2.7761 -0.0000 -3.1390 -0.0000 650.0000
38.2387 254 313 986 1045 2.7227 -0.0000 -3.1791 -0.0000 650.0000
38.2455 297 422 877 1002 2.7503 -0.0000 -3.0038 -0.0000 650.0000
38.2522 184 380 919 1115 2.8761 -0.0000 -3.0378 -0.0000 650.0000
38.2591 345 424 875 954 2.8698 -0.0000 -2.7249 -0.0000 650.0000
38.2660 279 430 869 1020 2.9250 -0.0000 -2.4959 -0.0000 650.0000
38.2727 290 344 955 1009 2.8697 -0.0000 -2.3834 -0.0000 650.0000
38.2794 373 374 925 926 2.7440 -0.0000 -2.0852 -0.0000 650.0000
38.2863 227 416 883 1072 2.7782 -0.0000 -1.9386 -0.0000 650.0000
38.2931 387 511 788 912 2.7187 -0.0000 -1.4175 -0.0000 650.0000
38.2999 328 528 771 971 2.7342 -0.0000 -1.0203 -0.0000 650.0000
38.3065 234 434 865 1065 2.7508 -0.0000 -0.9784 -0.0000 650.0000
38.3134 289 444 855 1010 2.7127 -0.0000 -0.8761 -0.0000 650.0000
38.3202 194 464 835 1105 2.8229 -0.0000 -0.8909 -0.0000 650.0000
38.3270 213 367 932 1086 2.7905 -0.0000 -0.9611 -0.0000 650.0000
38.3337 418 476 823 881 2.6499 -0.0000 -0.5666 -0.0000 650.0000
38.3406 315 574 725 984 2.7179 -0.0000 -0.1748 -0.0000 650.0000
38.3474 334 407 892 965 2.5708 -0.0000 -0.0466 -0.0000 650.0000
38.3541 373 540 759 926 2.5436 -0.0000 0.3311 -0.0000 650.0000
38.3608 260 459 840 1039 2.5881 -0.0000 0.4449 -0.0000 650.0000
38.3676 268 428 871 1031 2.6144 -0.0000 0.5276 -0.0000 650.0000
38.3744 341 547 752 958 2.7326 -0.0000 0.9523 -0.0000 650.0000
38.3812 257 468 831 1042 2.8505 -0.0000 1.1727 -0.0000 650.0000
38.3879 332 370 929 967 2.7503 -0.0000 1.3636 -0.0000 650.0000
38.3948 483 483 816 816 2.5663 -0.0000 1.9641 -0.0000 650.0000
38.4016 359 439 860 940 2.4957 -0.0000 2.3164 -0.0000 650.0000
38.4084 447 312 987 852 2.1960 -0.0000 2.6019 -0.0000 650.0000
38.4150 702 411 888 597 1.7532 -0.0000 3.3930 -0.0000 650.0000
38.4219 673 474 825 626 1.4276 -0.0000 4.2685 -0.0000 650.0000
38.4288 539 391 908 760 1.1411 -0.0000 4.7683 -0.0000 650.0000
38.4355 543 408 891 756 0.8478 -0.0000 5.2873 -0.0000 650.0000
38.4422 465 444 855 834 0.6748 -0.0000 5.6902 -0.0000 650.0000
38.4490 516 502 797 783 0.4737 -0.0000 6.2104 -0.0000 650.0000
38.4558 504 455 844 795 0.2279 -0.0000 6.6361 -0.0000 650.0000
38.4626 384 546 753 915 0.2346 -0.0000 6.9374 -0.0000 650.0000
38.4692 284 556 743 1015 0.3710 -0.0000 7.0854 -0.0000 650.0000
38.4760 328 506 793 971 0.3991 -0.0000 7.2939 -0.0000 650.0000
38.4828 259 400 899 1040 0.3999 -0.0000 7.1912 -0.0000 650.0000
38.4895 305 470 829 994 0.4796 -0.0000 7.3005 -0.0000 650.0000
38.4962 323 445 854 976 0.5405 -0.0000 7.4738 -0.0000 650.0000
38.5031 387 412 887 912 0.5230 -0.0000 7.6490 -0.0000 650.0000
38.5099 312 411 888 987 0.5899 -0.0000 7.7341 -0.0000 650.0000
38.5166 163 311 988 1136 0.7087 -0.0000 7.4904 -0.0000 650.0000
38.5235 217 270 1029 1082 0.6845 -0.0000 7.2392 -0.0000 650.0000
38.5304 355 287 1012 944 0.4878 -0.0000 7.2355 -0.0000 650.0000
38.5371 258 318 981 1041 0.4392 -0.0000 7.1197 -0.0000 650.0000
38.5438 175 256 1043 1124 0.3783 -0.0000 6.7919 -0.0000 650.0000
38.5507 207 268 1031 1092 0.2854 -0.0000 6.4775 -0.0000 650.0000
38.5575 256 342 957 1043 0.2203 -0.0000 6.3498 -0.0000 650.0000
38.5643 174 266 1033 1125 0.1773 -0.0000 5.9685 -0.0000 650.0000
38.5709 243 253 1046 1056 0.0678 -0.0000 5.6915 -0.0000 650.0000
38.5779 183 339 960 1116 0.1482 -0.0000 5.4569 -0.0000 650.0000
38.5848 215 158 1141 1084 0.0049 -0.0000 5.0109 -0.0000 650.0000
38.5916 288 267 1032 1011 -0.0745 -0.0000 4.8625 -0.0000 650.0000
38.5983 165 287 1012 1134 -0.0057 -0.0000 4.5786 -0.0000 650.0000
38.6052 276 302 997 1023 -0.0436 -0.0000 4.4841 -0.0000 650.0000
38.6120 212 271 1028 1087 -0.0547 -0.0000 4.2667 -0.0000 650.0000
38.6188 225 205 1094 1074 -0.1268 -0.0000 3.9809 -0.0000 650.0000
38.6255 239 310 989 1060 -0.0831 -0.0000 3.8965 -0.0000 650.0000
38.6324 248 243 1056 1051 -0.0937 -0.0000 3.7133 -0.0000 650.0000
38.6392 267 319 980 1032 -0.0263 -0.0000 3.6779 -0.0000 650.0000
38.6460 209 214 1085 1090 -0.0134 -0.0000 3.3953 -0.0000 650.0000
38.6527 299 329 970 1000 -0.0303 -0.0000 3.3910 -0.0000 650.0000
38.6596 221 268 1031 1078 -0.0522 -0.0000 3.1452 -0.0000 650.0000
38.6664 289 300 999 1010 -0.1389 -0.0000 3.0360 -0.0000 650.0000
38.6731 232 314 985 1067 -0.1704 -0.0000 2.8630 -0.0000 650.0000
38.6800 261 255 1044 1038 -0.2985 -0.0000 2.6378 -0.0000 650.0000
38.6869 232 348 951 1067 -0.2839 -0.0000 2.5226 -0.0000 650.0000
38.6936 225 193 1106 1074 -0.4145 -0.0000 2.1751 -0.0000 650.0000
38.7004 320 276 1023 979 -0.5450 -0.0000 2.0994 -0.0000 650.0000
38.7072 229 340 959 1070 -0.4682 -0.0000 1.9781 -0.0000 650.0000
38.7139 258 235 1064 1041 -0.5215 -0.0000 1.7550 -0.0000 650.0000
38.7206 173 359 940 1126 -0.3359 -0.0000 1.6027 -0.0000 650.0000
38.7275 110 237 1062 1189 -0.2104 -0.0000 1.1932 -0.0000 650.0000
38.7343 295 254 1045 1004 -0.2601 -0.0000 1.0911 -0.0000 650.0000
38.7411 147 303 996 1152 -0.0843 -0.0000 0.8363 -0.0000 650.0000
38.7479 232 220 1079 1067 -0.0977 -0.0000 0.5921 -0.0000 650.0000
38.7547 57 299 1000 1242 0.1608 -0.0000 0.2025 -0.0000 650.0000
38.7616 154 237 1062 1145 0.2123 -0.0000 -0.1501 -0.0000 650.0000
38.7683 79 299 1000 1220 0.4003 -0.0000 -0.5062 -0.0000 650.0000
38.7752 150 238 1061 1149 0.4108 -0.0000 -0.8621 -0.0000 650.0000
38.7819 59 385 914 1240 0.6350 -0.0000 -1.1436 -0.0000 650.0000
38.7888 164 306 993 1135 0.6594 -0.0000 -1.3831 -0.0000 650.0000
38.7956 30 316 983 1269 0.8601 -0.0000 -1.7785 -0.0000 650.0000
38.8023 189 200 1099 1110 0.7482 -0.0000 -2.0773 -0.0000 650.0000
38.8092 102 225 1074 1197 0.7426 -0.0000 -2.4645 -0.0000 650.0000
38.8160 132 301 998 1167 0.7860 -0.0000 -2.7107 -0.0000 650.0000
38.8228 101 241 1058 1198 0.8038 -0.0000 -3.0968 -0.0000 650.0000
38.8296 43 299 1000 1256 0.9496 -0.0000 -3.4981 -0.0000 650.0000
38.8364 162 254 1045 1137 0.8935 -0.0000 -3.7573 -0.0000 650.0000
38.8431 80 279 1020 1219 0.9384 -0.0000 -4.0785 -0.0000 650.0000
38.8499 115 305 994 1184 0.9704 -0.0000 -4.2720 -0.0000 650.0000
38.8568 106 277 1022 1193 0.9948 -0.0000 -4.5106 -0.0000 650.0000
38.8635 50 347 952 1249 1.1841 -0.0000 -4.7140 -0.0000 650.0000
38.8704 156 295 1004 1143 1.2366 -0.0000 -4.8406 -0.0000 650.0000
38.8772 44 322 977 1255 1.4436 -0.0000 -5.0979 -0.0000 650.0000
38.8839 126 342 957 1173 1.5564 -0.0000 -5.1877 -0.0000 650.0000
38.8908 112 343 956 1187 1.6479 -0.0000 -5.2972 -0.0000 650.0000
38.8977 -7 375 924 1307 1.9065 -0.0000 -5.5227 -0.0000 650.0000
38.9044 106 333 966 1193 2.0360 -0.0000 -5.6259 -0.0000 650.0000
38.9113 84 300 999 1215 2.1804 -0.0000 -5.8230 -0.0000 650.0000
38.9181 22 385 914 1277 2.5100 -0.0000 -5.9862 -0.0000 650.0000
38.9248 171 364 935 1128 2.6427 -0.0000 -5.9714 -0.0000 650.0000
38.9317 164 317 982 1135 2.7169 -0.0000 -6.0413 -0.0000 650.0000
38.9386 126 380 919 1173 2.8416 -0.0000 -6.0691 -0.0000 650.0000
38.9453 284 370 929 1015 2.7545 -0.0000 -5.8705 -0.0000 650.0000
38.9521 201 379 920 1098 2.7417 -0.0000 -5.7843 -0.0000 650.0000
38.9589 172 417 882 1127 2.7952 -0.0000 -5.7043 -0.0000 650.0000
38.9656 220 386 913 1079 2.7737 -0.0000 -5.6128 -0.0000 650.0000
38.9724 163 427 872 1136 2.8774 -0.0000 -5.5598 -0.0000 650.0000
38.9792 254 298 1001 1045 2.7612 -0.0000 -5.5732 -0.0000 650.0000
38.9859 117 323 976 1182 2.7941 -0.0000 -5.7540 -0.0000 650.0000
38.9928 228 250 1049 1071 2.5548 -0.0000 -5.9091 -0.0000 650.0000
38.9996 139 267 1032 1160 2.4214 -0.0000 -6.1897 -0.0000 650.0000
39.0064 193 209 1090 1106 2.1921 -0.0000 -6.4671 -0.0000 650.0000
39.0130 80 216 1083 1219 2.1464 -0.0000 -6.8757 -0.0000 650.0000
39.0199 130 247 1052 1169 2.0829 -0.0000 -7.1464 -0.0000 650.0000
39.0267 94 197 1102 1205 1.9789 -0.0000 -7.5354 -0.0000 650.0000
39.0335 81 245 1054 1218 1.9304 -0.0000 -7.8652 -0.0000 650.0000
39.0402 99 222 1077 1200 1.8595 -0.0000 -8.1926 -0.0000 650.0000
39.0470 87 275 1024 1212 1.8810 -0.0000 -8.4310 -0.0000 650.0000
39.0538 182 281 1018 1117 1.7926 -0.0000 -8.5082 -0.0000 650.0000
39.0606 37 352 947 1262 1.9115 -0.0000 -8.6878 -0.0000 650.0000
39.0673 108 344 955 1191 1.9124 -0.0000 -8.7855 -0.0000 650.0000
39.0742 83 345 954 1216 1.9662 -0.0000 -8.9284 -0.0000 650.0000
39.0810 81 335 964 1218 2.0389 -0.0000 -9.0879 -0.0000 650.0000
39.0878 152 319 980 1147 2.0757 -0.0000 -9.1587 -0.0000 650.0000
39.0945 50 359 940 1249 2.2641 -0.0000 -9.3131 -0.0000 650.0000
39.1014 80 380 919 1219 2.4344 -0.0000 -9.3845 -0.0000 650.0000
39.1082 103 347 952 1196 2.5024 -0.0000 -9.4577 -0.0000 650.0000
39.1149 42 402 897 1257 2.6766 -0.0000 -9.5343 -0.0000 650.0000
39.1216 206 350 949 1093 2.6305 -0.0000 -9.4233 -0.0000 650.0000
39.1285 127 397 902 1172 2.7534 -0.0000 -9.3628 -0.0000 650.0000
39.1354 147 465 834 1152 2.9499 -0.0000 -9.1591 -0.0000 650.0000
39.1421 334 418 881 965 2.9156 -0.0000 -8.7302 -0.0000 650.0000
39.1488 225 469 830 1074 3.0420 -0.0000 -8.3973 -0.0000 650.0000
39.1557 271 520 779 1028 3.1477 -0.0000 -7.9133 -0.0000 650.0000
39.1625 267 507 792 1032 3.1582 -0.0000 -7.4794 -0.0000 650.0000
39.1693 281 577 722 1018 3.2141 -0.0000 -6.9377 -0.0000 650.0000
39.1759 208 443 856 1091 3.2173 -0.0000 -6.7392 -0.0000 650.0000
39.1828 201 555 744 1098 3.3615 -0.0000 -6.3914 -0.0000 650.0000
39.1896 112 408 891 1187 3.4296 -0.0000 -6.4115 -0.0000 650.0000
39.1964 193 462 837 1106 3.4313 -0.0000 -6.2861 -0.0000 650.0000
39.2031 139 466 833 1160 3.4934 -0.0000 -6.2568 -0.0000 650.0000
39.2099 267 475 824 1032 3.4249 -0.0000 -6.0139 -0.0000 650.0000
39.2167 147 424 875 1152 3.4118 -0.0000 -6.0010 -0.0000 650.0000
39.2235 236 467 832 1063 3.3275 -0.0000 -5.7961 -0.0000 650.0000
39.2302 112 432 867 1187 3.3536 -0.0000 -5.8571 -0.0000 650.0000
39.2370 261 423 876 1038 3.2165 -0.0000 -5.7063 -0.0000 650.0000
39.2439 88 365 934 1211 3.2221 -0.0000 -5.8735 -0.0000 650.0000
39.2507 219 441 858 1080 3.1728 -0.0000 -5.7179 -0.0000 650.0000
39.2573 85 398 901 1214 3.2298 -0.0000 -5.8409 -0.0000 650.0000
39.2642 179 451 848 1120 3.2673 -0.0000 -5.7225 -0.0000 650.0000
39.2710 68 371 928 1231 3.3254 -0.0000 -5.8826 -0.0000 650.0000
39.2777 106 461 838 1193 3.4166 -0.0000 -5.8771 -0.0000 650.0000
39.2844 92 394 905 1207 3.4682 -0.0000 -6.0109 -0.0000 650.0000
39.2913 163 470 829 1136 3.5441 -0.0000 -5.8890 -0.0000 650.0000
39.2982 269 409 890 1030 3.4225 -0.0000 -5.6904 -0.0000 650.0000
39.3049 174 474 825 1125 3.3936 -0.0000 -5.5181 -0.0000 650.0000
39.3116 218 441 858 1081 3.2453 -0.0000 -5.3432 -0.0000 650.0000
39.3185 101 500 799 1198 3.2906 -0.0000 -5.2650 -0.0000 650.0000
39.3253 243 426 873 1056 3.1806 -0.0000 -5.0698 -0.0000 650.0000
39.3321 144 435 864 1155 3.2222 -0.0000 -5.0098 -0.0000 650.0000
39.3388 256 461 838 1043 3.1732 -0.0000 -4.7290 -0.0000 650.0000
39.3456 93 419 880 1206 3.2511 -0.0000 -4.7586 -0.0000 650.0000
39.3525 205 470 829 1094 3.2561 -0.0000 -4.5802 -0.0000 650.0000
39.3592 193 427 872 1106 3.2645 -0.0000 -4.4850 -0.0000 650.0000
39.3659 232 450 849 1067 3.2564 -0.0000 -4.2731 -0.0000 650.0000
39.3728 141 396 903 1158 3.2596 -0.0000 -4.2951 -0.0000 650.0000
39.3796 187 468 831 1112 3.2545 -0.0000 -4.1614 -0.0000 650.0000
39.3864 157 378 921 1142 3.1776 -0.0000 -4.2033 -0.0000 650.0000
39.3931 217 444 855 1082 3.0734 -0.0000 -4.0421 -0.0000 650.0000
39.4000 98 409 890 1201 3.0329 -0.0000 -4.1220 -0.0000 650.0000
39.4068 145 460 839 1154 2.9824 -0.0000 -4.0706 -0.0000 650.0000
39.4135 174 340 959 1125 2.8091 -0.0000 -4.1731 -0.0000 650.0000
39.4203 241 406 893 1058 2.6686 -0.0000 -4.0474 -0.0000 650.0000
39.4271 238 356 943 1061 2.4736 -0.0000 -3.9963 -0.0000 650.0000
39.4339 241 463 836 1058 2.3604 -0.0000 -3.7849 -0.0000 650.0000
39.4407 237 396 903 1062 2.1881 -0.0000 -3.6793 -0.0000 650.0000
39.4473 205 441 858 1094 2.1273 -0.0000 -3.5522 -0.0000 650.0000
39.4541 208 349 950 1091 1.9797 -0.0000 -3.5534 -0.0000 650.0000
39.4609 255 409 890 1044 1.8282 -0.0000 -3.4012 -0.0000 650.0000
39.4678 209 350 949 1090 1.6579 -0.0000 -3.4494 -0.0000 650.0000
39.4745 216 499 800 1083 1.6696 -0.0000 -3.2563 -0.0000 650.0000
39.4814 157 413 886 1142 1.6587 -0.0000 -3.2891 -0.0000 650.0000
39.4882 235 451 848 1064 1.5996 -0.0000 -3.1395 -0.0000 650.0000
39.4949 143 400 899 1156 1.5845 -0.0000 -3.1953 -0.0000 650.0000
39.5017 219 391 908 1080 1.4881 -0.0000 -3.1160 -0.0000 650.0000
39.5085 184 373 926 1115 1.4090 -0.0000 -3.0982 -0.0000 650.0000
39.5154 280 400 899 1019 1.2597 -0.0000 -2.9074 -0.0000 650.0000
39.5221 149 442 857 1150 1.3278 -0.0000 -2.8328 -0.0000 650.0000
39.5290 254 424 875 1045 1.2537 -0.0000 -2.6066 -0.0000 650.0000
39.5359 118 432 867 1181 1.3278 -0.0000 -2.5973 -0.0000 650.0000
39.5426 267 349 950 1032 1.1627 -0.0000 -2.5300 -0.0000 650.0000
39.5495 183 378 921 1116 1.1309 -0.0000 -2.5568 -0.0000 650.0000
39.5563 262 337 962 1037 0.9342 -0.0000 -2.5412 -0.0000 650.0000
39.5630 147 442 857 1152 0.9613 -0.0000 -2.5524 -0.0000 650.0000
39.5699 196 398 901 1103 0.8844 -0.0000 -2.5927 -0.0000 650.0000
39.5768 91 398 901 1208 0.9295 -0.0000 -2.7891 -0.0000 650.0000
39.5835 167 325 974 1132 0.7924 -0.0000 -2.9760 -0.0000 650.0000
39.5904 100 371 928 1199 0.7726 -0.0000 -3.1872 -0.0000 650.0000
39.5972 197 359 940 1102 0.6562 -0.0000 -3.2732 -0.0000 650.0000
39.6039 93 433 866 1206 0.7352 -0.0000 -3.4041 -0.0000 650.0000
39.6106 243 396 903 1056 0.5618 -0.0000 -3.3523 -0.0000 650.0000
39.6174 104 481 818 1195 0.6301 -0.0000 -3.4028 -0.0000 650.0000
39.6242 166 369 930 1133 0.5324 -0.0000 -3.5097 -0.0000 650.0000
39.6310 7 456 843 1292 0.7352 -0.0000 -3.6979 -0.0000 650.0000
39.6378 106 449 850 1193 0.7971 -0.0000 -3.7234 -0.0000 650.0000
39.6444 49 433 866 1250 0.8728 -0.0000 -3.8567 -0.0000 650.0000
39.6510 162 443 856 1137 0.8599 -0.0000 -3.8082 -0.0000 650.0000
39.6577 95 430 869 1204 0.9378 -0.0000 -3.8541 -0.0000 650.0000
39.6643 209 459 840 1090 0.9304 -0.0000 -3.6849 -0.0000 650.0000
39.6710 120 435 864 1179 0.9535 -0.0000 -3.6657 -0.0000 650.0000
39.6777 151 455 844 1148 0.9472 -0.0000 -3.5892 -0.0000 650.0000
39.6843 109 427 872 1190 0.9556 -0.0000 -3.6118 -0.0000 650.0000
39.6909 67 484 815 1232 1.1207 -0.0000 -3.6276 -0.0000 650.0000
39.6976 120 445 854 1179 1.1986 -0.0000 -3.6395 -0.0000 650.0000
39.7043 90 460 839 1209 1.3360 -0.0000 -3.6651 -0.0000 650.0000
39.7109 196 392 907 1104 1.2564 -0.0000 -3.6274 -0.0000 650.0000
39.7175 76 502 797 1223 1.3847 -0.0000 -3.6146 -0.0000 650.0000
39.7242 225 466 833 1074 1.2785 -0.0000 -3.4414 -0.0000 650.0000
39.7308 106 494 805 1193 1.2797 -0.0000 -3.4073 -0.0000 650.0000
39.7375 237 490 809 1062 1.1450 -0.0000 -3.1785 -0.0000 650.0000
39.7441 151 537 762 1148 1.2159 -0.0000 -3.0001 -0.0000 650.0000
39.7507 220 573 726 1079 1.2858 -0.0000 -2.6725 -0.0000 650.0000
39.7573 152 512 787 1147 1.3817 -0.0000 -2.5202 -0.0000 650.0000
39.7640 239 521 778 1060 1.4103 -0.0000 -2.2113 -0.0000 650.0000
39.7707 157 534 765 1142 1.5485 -0.0000 -2.0206 -0.0000 650.0000
39.7774 225 557 742 1074 1.6550 -0.0000 -1.6922 -0.0000 650.0000
39.7840 167 497 802 1132 1.7861 -0.0000 -1.5297 -0.0000 650.0000
39.7907 285 445 854 1014 1.7239 -0.0000 -1.2581 -0.0000 650.0000
39.7973 152 505 794 1147 1.8329 -0.0000 -1.1044 -0.0000 650.0000
39.8039 227 401 898 1072 1.7052 -0.0000 -1.0255 -0.0000 650.0000
39.8106 105 458 841 1194 1.7786 -0.0000 -1.0379 -0.0000 650.0000
39.8172 168 429 870 1131 1.7606 -0.0000 -1.0118 -0.0000 650.0000
39.8238 88 460 839 1211 1.8442 -0.0000 -1.0540 -0.0000 650.0000
39.8305 154 382 917 1145 1.7552 -0.0000 -1.1242 -0.0000 650.0000
39.8371 151 421 878 1148 1.7103 -0.0000 -1.1620 -0.0000 650.0000
39.8437 76 375 924 1223 1.7201 -0.0000 -1.3755 -0.0000 650.0000
39.8504 127 381 918 1172 1.6730 -0.0000 -1.4934 -0.0000 650.0000
39.8570 138 386 913 1161 1.6018 -0.0000 -1.5690 -0.0000 650.0000
39.8636 109 443 856 1190 1.5899 -0.0000 -1.6106 -0.0000 650.0000
39.8703 155 415 884 1144 1.5130 -0.0000 -1.6330 -0.0000 650.0000
39.8769 116 443 856 1183 1.5358 -0.0000 -1.6666 -0.0000 650.0000
39.8836 204 362 937 1095 1.4041 -0.0000 -1.6704 -0.0000 650.0000
39.8903 160 432 867 1139 1.3753 -0.0000 -1.6235 -0.0000 650.0000
39.8970 222 411 888 1077 1.2246 -0.0000 -1.5374 -0.0000 650.0000
39.9036 120 513 786 1179 1.2535 -0.0000 -1.4903 -0.0000 650.0000
39.9103 224 422 877 1075 1.1018 -0.0000 -1.4216 -0.0000 650.0000
39.9169 76 488 811 1223 1.2164 -0.0000 -1.4682 -0.0000 650.0000
39.9236 186 405 894 1113 1.1534 -0.0000 -1.4687 -0.0000 650.0000
39.9303 73 442 857 1226 1.2267 -0.0000 -1.5624 -0.0000 650.0000
39.9370 196 390 909 1103 1.0419 -0.0000 -1.5619 -0.0000 650.0000
39.9436 81 453 846 1218 1.0516 -0.0000 -1.6495 -0.0000 650.0000
39.9502 144 464 835 1155 1.0234 -0.0000 -1.6377 -0.0000 650.0000
39.9568 21 513 786 1278 1.2150 -0.0000 -1.7213 -0.0000 650.0000
39.9635 139 446 853 1160 1.1908 -0.0000 -1.7083 -0.0000 650.0000
39.9702 83 469 830 1216 1.2247 -0.0000 -1.7577 -0.0000 650.0000
39.9768 167 476 823 1132 1.1442 -0.0000 -1.7007 -0.0000 650.0000
39.9835 -1 550 749 1301 1.3496 -0.0000 -1.7788 -0.0000 650.0000
39.9901 142 491 808 1157 1.3563 -0.0000 -1.7532 -0.0000 650.0000
39.9968 107 452 847 1192 1.4021 -0.0000 -1.8173 -0.0000 650.0000
40.0035 149 478 821 1150 1.4232 -0.0000 -1.7469 -0.0000 650.0000
40.0101 152 438 861 1147 1.3754 -0.0000 -1.7393 -0.0000 650.0000
40.0168 67 557 742 1232 1.5040 -0.0000 -1.6793 -0.0000 650.0000
40.0234 170 436 863 1129 1.3950 -0.0000 -1.6331 -0.0000 650.0000
40.0300 61 509 790 1238 1.4961 -0.0000 -1.6626 -0.0000 650.0000
40.0366 133 462 837 1166 1.5292 -0.0000 -1.6492 -0.0000 650.0000
40.0433 4 506 793 1295 1.7671 -0.0000 -1.7471 -0.0000 650.0000
40.0500 155 472 827 1144 1.8043 -0.0000 -1.6793 -0.0000 650.0000
40.0566 79 421 878 1220 1.8370 -0.0000 -1.8055 -0.0000 650.0000
40.0633 91 498 801 1208 1.9130 -0.0000 -1.8026 -0.0000 650.0000
40.0700 126 374 925 1173 1.8082 -0.0000 -1.9275 -0.0000 650.0000
40.0766 84 446 853 1215 1.8495 -0.0000 -1.9901 -0.0000 650.0000
40.0832 166 442 857 1133 1.8135 -0.0000 -1.9384 -0.0000 650.0000
40.0899 19 451 848 1280 1.9557 -0.0000 -2.0788 -0.0000 650.0000
40.0966 123 426 873 1176 1.9405 -0.0000 -2.0781 -0.0000 650.0000
40.1032 107 420 879 1192 1.9129 -0.0000 -2.1254 -0.0000 650.0000
40.1099 159 422 877 1140 1.7885 -0.0000 -2.1048 -0.0000 650.0000
40.1165 66 427 872 1233 1.7752 -0.0000 -2.2101 -0.0000 650.0000
40.1232 78 493 806 1221 1.8273 -0.0000 -2.2267 -0.0000 650.0000
40.1299 93 417 882 1206 1.8370 -0.0000 -2.3408 -0.0000 650.0000
40.1365 75 480 819 1224 1.9524 -0.0000 -2.3667 -0.0000 650.0000
40.1432 220 450 849 1079 1.8833 -0.0000 -2.2172 -0.0000 650.0000
40.1498 57 502 797 1242 2.0036 -0.0000 -2.2105 -0.0000 650.0000
40.1564 121 474 825 1178 1.9864 -0.0000 -2.1409 -0.0000 650.0000
40.1631 117 380 919 1182 1.8329 -0.0000 -2.2171 -0.0000 650.0000
40.1697 139 448 851 1160 1.7108 -0.0000 -2.1623 -0.0000 650.0000
40.1763 118 480 819 1181 1.6728 -0.0000 -2.0932 -0.0000 650.0000
40.1830 11 558 741 1288 1.8708 -0.0000 -2.0838 -0.0000 650.0000
40.1896 143 434 865 1156 1.8611 -0.0000 -2.0832 -0.0000 650.0000
40.1963 49 504 795 1250 2.0368 -0.0000 -2.1268 -0.0000 650.0000
40.2029 183 470 829 1116 2.0201 -0.0000 -2.0323 -0.0000 650.0000
40.2095 28 561 738 1271 2.2019 -0.0000 -2.0486 -0.0000 650.0000
40.2161 103 469 830 1196 2.1694 -0.0000 -2.0901 -0.0000 650.0000
40.2228 89 499 800 1210 2.1546 -0.0000 -2.1117 -0.0000 650.0000
40.2294 105 555 744 1194 2.1974 -0.0000 -2.0294 -0.0000 650.0000
40.2360 107 491 808 1192 2.1953 -0.0000 -2.0318 -0.0000 650.0000
40.2427 89 511 788 1210 2.2610 -0.0000 -2.0372 -0.0000 650.0000
40.2494 216 472 827 1083 2.1721 -0.0000 -1.9329 -0.0000 650.0000
40.2561 92 578 721 1207 2.3222 -0.0000 -1.8640 -0.0000 650.0000
40.2627 190 504 795 1109 2.2609 -0.0000 -1.8153 -0.0000 650.0000
40.2694 181 464 835 1118 2.1124 -0.0000 -1.8697 -0.0000 650.0000
40.2761 155 562 737 1144 2.0821 -0.0000 -1.8144 -0.0000 650.0000
40.2827 179 453 846 1120 1.9219 -0.0000 -1.8663 -0.0000 650.0000
40.2894 137 536 763 1162 1.9273 -0.0000 -1.8213 -0.0000 650.0000
40.2960 137 548 751 1162 1.9668 -0.0000 -1.7411 -0.0000 650.0000
40.3027 94 465 834 1205 1.9723 -0.0000 -1.7826 -0.0000 650.0000
40.3094 209 414 885 1090 1.7786 -0.0000 -1.6953 -0.0000 650.0000
40.3160 46 522 777 1253 1.8611 -0.0000 -1.6852 -0.0000 650.0000
40.3227 153 468 831 1146 1.7627 -0.0000 -1.5806 -0.0000 650.0000
40.3293 139 461 838 1160 1.6903 -0.0000 -1.5082 -0.0000 650.0000
40.3360 149 501 798 1150 1.6765 -0.0000 -1.3356 -0.0000 650.0000
40.3426 11 551 748 1288 1.8648 -0.0000 -1.2665 -0.0000 650.0000
40.3493 116 528 771 1183 1.8799 -0.0000 -1.0865 -0.0000 650.0000
40.3559 115 501 798 1184 1.8222 -0.0000 -0.9478 -0.0000 650.0000
40.3626 69 517 782 1230 1.7615 -0.0000 -0.8911 -0.0000 650.0000
40.3692 165 412 887 1134 1.4921 -0.0000 -0.8674 -0.0000 650.0000
40.3759 34 575 724 1265 1.5656 -0.0000 -0.8120 -0.0000 650.0000
40.3825 120 516 783 1179 1.5480 -0.0000 -0.7394 -0.0000 650.0000
40.3892 65 508 791 1234 1.6020 -0.0000 -0.7597 -0.0000 650.0000
40.3958 122 491 808 1177 1.5799 -0.0000 -0.7465 -0.0000 650.0000
40.4025 -27 528 771 1327 1.7353 -0.0000 -0.9166 -0.0000 650.0000
40.4091 68 471 828 1231 1.7046 -0.0000 -1.0249 -0.0000 650.0000
40.4157 70 472 827 1229 1.6748 -0.0000 -1.1302 -0.0000 650.0000
40.4224 4 500 799 1295 1.7785 -0.0000 -1.2866 -0.0000 650.0000
40.4291 107 454 845 1192 1.7393 -0.0000 -1.3701 -0.0000 650.0000
40.4357 16 518 781 1283 1.8902 -0.0000 -1.4754 -0.0000 650.0000
40.4424 58 478 821 1241 1.9624 -0.0000 -1.5786 -0.0000 650.0000
40.4490 95 500 799 1204 2.0073 -0.0000 -1.5998 -0.0000 650.0000
40.4557 52 596 703 1247 2.1804 -0.0000 -1.5324 -0.0000 650.0000
40.4623 116 496 803 1183 2.1294 -0.0000 -1.5252 -0.0000 650.0000
40.4690 56 556 743 1243 2.1929 -0.0000 -1.5006 -0.0000 650.0000
40.4756 130 560 739 1169 2.1658 -0.0000 -1.3593 -0.0000 650.0000
40.4823 129 518 781 1170 2.0995 -0.0000 -1.3025 -0.0000 650.0000
40.4890 157 526 773 1142 2.0337 -0.0000 -1.1820 -0.0000 650.0000
40.4956 148 516 783 1151 2.0164 -0.0000 -1.0958 -0.0000 650.0000
40.5023 38 546 753 1261 2.1684 -0.0000 -1.1161 -0.0000 650.0000
40.5089 181 473 826 1118 2.0928 -0.0000 -1.0408 -0.0000 650.0000
40.5155 47 563 736 1252 2.2380 -0.0000 -1.0180 -0.0000 650.0000
40.5221 139 530 769 1160 2.2158 -0.0000 -0.9020 -0.0000 650.0000
40.5288 154 502 797 1145 2.1211 -0.0000 -0.8059 -0.0000 650.0000
40.5354 88 552 747 1211 2.1133 -0.0000 -0.7311 -0.0000 650.0000
40.5421 143 475 824 1156 1.9634 -0.0000 -0.7029 -0.0000 650.0000
40.5488 55 585 714 1244 2.0490 -0.0000 -0.6278 -0.0000 650.0000
40.5554 166 500 799 1133 1.9646 -0.0000 -0.5124 -0.0000 650.0000
40.5621 60 524 775 1239 2.0290 -0.0000 -0.5004 -0.0000 650.0000
40.5687 89 473 826 1210 2.0004 -0.0000 -0.5242 -0.0000 650.0000
40.5754 25 492 807 1274 2.0112 -0.0000 -0.6138 -0.0000 650.0000
40.5820 67 536 763 1232 1.9930 -0.0000 -0.5854 -0.0000 650.0000
40.5887 23 518 781 1276 1.9879 -0.0000 -0.6597 -0.0000 650.0000
40.5953 41 500 799 1258 1.9600 -0.0000 -0.7472 -0.0000 650.0000
40.6020 118 503 796 1181 1.8763 -0.0000 -0.7231 -0.0000 650.0000
40.6086 4 542 757 1295 1.9811 -0.0000 -0.7950 -0.0000 650.0000
40.6152 207 452 847 1092 1.7947 -0.0000 -0.6797 -0.0000 650.0000
40.6219 83 562 737 1216 1.8616 -0.0000 -0.5740 -0.0000 650.0000
40.6286 109 502 797 1190 1.8219 -0.0000 -0.5468 -0.0000 650.0000
40.6352 158 473 826 1141 1.6599 -0.0000 -0.5205 -0.0000 650.0000
40.6419 36 560 739 1263 1.7097 -0.0000 -0.5563 -0.0000 650.0000
40.6485 58 467 832 1241 1.6406 -0.0000 -0.7088 -0.0000 650.0000
40.6551 19 574 725 1280 1.7435 -0.0000 -0.7418 -0.0000 650.0000
40.6617 115 524 775 1184 1.6962 -0.0000 -0.7083 -0.0000 650.0000
40.6684 14 549 750 1285 1.7797 -0.0000 -0.7524 -0.0000 650.0000
40.6750 96 579 720 1203 1.7857 -0.0000 -0.6203 -0.0000 650.0000
40.6817 -4 562 737 1304 1.8620 -0.0000 -0.6526 -0.0000 650.0000
40.6884 96 562 737 1203 1.7911 -0.0000 -0.5510 -0.0000 650.0000
40.6950 87 508 791 1212 1.6699 -0.0000 -0.5614 -0.0000 650.0000
40.7016 60 490 809 1239 1.5793 -0.0000 -0.6382 -0.0000 650.0000
40.7082 135 490 809 1164 1.4681 -0.0000 -0.5898 -0.0000 650.0000
40.7148 -62 550 749 1362 1.6606 -0.0000 -0.7244 -0.0000 650.0000
40.7215 115 502 797 1184 1.6203 -0.0000 -0.6595 -0.0000 650.0000
40.7281 6 552 747 1293 1.7403 -0.0000 -0.6695 -0.0000 650.0000
40.7348 40 541 758 1259 1.7835 -0.0000 -0.6602 -0.0000 650.0000
40.7414 98 502 797 1201 1.6926 -0.0000 -0.6151 -0.0000 650.0000
40.7481 -16 609 690 1316 1.7951 -0.0000 -0.6135 -0.0000 650.0000
40.7547 121 513 786 1178 1.6413 -0.0000 -0.5514 -0.0000 650.0000
40.7614 -23 573 726 1323 1.7160 -0.0000 -0.6353 -0.0000 650.0000
40.7680 22 523 776 1277 1.7364 -0.0000 -0.7213 -0.0000 650.0000
40.7747 5 508 791 1294 1.7761 -0.0000 -0.8575 -0.0000 650.0000
40.7814 -27 601 698 1327 1.9672 -0.0000 -0.8939 -0.0000 650.0000
40.7880 119 497 802 1180 1.8800 -0.0000 -0.8747 -0.0000 650.0000
40.7946 -3 642 657 1303 2.0705 -0.0000 -0.8304 -0.0000 650.0000
40.8013 81 562 737 1218 2.0599 -0.0000 -0.7800 -0.0000 650.0000
40.8080 40 530 769 1259 2.0283 -0.0000 -0.8328 -0.0000 650.0000
40.8146 -13 570 729 1313 2.0935 -0.0000 -0.8921 -0.0000 650.0000
40.8213 44 490 809 1255 2.0103 -0.0000 -0.9800 -0.0000 650.0000
40.8279 -23 616 683 1323 2.1765 -0.0000 -0.9648 -0.0000 650.0000
40.8345 105 522 777 1194 2.1222 -0.0000 -0.8987 -0.0000 650.0000
40.8412 37 615 684 1262 2.2579 -0.0000 -0.7839 -0.0000 650.0000
40.8479 77 570 729 1222 2.3087 -0.0000 -0.6885 -0.0000 650.0000
40.8545 50 556 743 1249 2.3560 -0.0000 -0.6491 -0.0000 650.0000
40.8612 3 554 745 1296 2.4004 -0.0000 -0.6936 -0.0000 650.0000
40.8678 68 541 758 1231 2.3246 -0.0000 -0.6583 -0.0000 650.0000
40.8745 -35 569 730 1335 2.3667 -0.0000 -0.7458 -0.0000 650.0000
40.8812 167 537 762 1132 2.1439 -0.0000 -0.5792 -0.0000 650.0000
40.8878 16 572 727 1283 2.1451 -0.0000 -0.5966 -0.0000 650.0000
40.8944 99 553 746 1200 2.0636 -0.0000 -0.5202 -0.0000 650.0000
40.9011 53 551 748 1246 2.0905 -0.0000 -0.5124 -0.0000 650.0000
40.9078 54 591 708 1245 2.1746 -0.0000 -0.4336 -0.0000 650.0000
40.9144 110 568 731 1189 2.1778 -0.0000 -0.3036 -0.0000 650.0000
40.9211 15 620 679 1284 2.3012 -0.0000 -0.2346 -0.0000 650.0000
40.9277 122 596 703 1177 2.2538 -0.0000 -0.0497 -0.0000 650.0000
40.9344 11 498 801 1288 2.1973 -0.0000 -0.1803 -0.0000 650.0000
40.9410 51 546 753 1248 2.1546 -0.0000 -0.1663 -0.0000 650.0000
40.9477 -9 561 738 1309 2.2135 -0.0000 -0.2092 -0.0000 650.0000
40.9543 -12 691 608 1312 2.4407 -0.0000 -0.0433 -0.0000 650.0000
40.9609 78 566 733 1221 2.4663 -0.0000 0.0792 -0.0000 650.0000
40.9676 -3 596 703 1303 2.6071 -0.0000 0.1252 -0.0000 650.0000
40.9742 10 528 771 1289 2.6311 -0.0000 0.0779 -0.0000 650.0000
40.9809 -63 602 697 1363 2.7456 -0.0000 0.0087 -0.0000 650.0000
40.9876 30 559 740 1269 2.6904 -0.0000 -0.0079 -0.0000 650.0000
40.9943 41 577 722 1258 2.6501 -0.0000 0.0039 -0.0000 650.0000
41.0009 -17 570 729 1317 2.7404 -0.0000 -0.0862 -0.0000 650.0000
41.0076 39 543 756 1260 2.7745 -0.0000 -0.1257 -0.0000 650.0000
41.0142 -45 563 736 1345 2.9408 -0.0000 -0.2634 -0.0000 650.0000
41.0208 79 556 743 1220 2.9322 -0.0000 -0.2203 -0.0000 650.0000
41.0275 -26 623 676 1326 3.0673 -0.0000 -0.2372 -0.0000 650.0000
41.0341 63 558 741 1236 2.9664 -0.0000 -0.2238 -0.0000 650.0000
41.0408 -21 486 813 1321 2.8788 -0.0000 -0.4416 -0.0000 650.0000
41.0475 -36 593 707 1336 2.9406 -0.0000 -0.5242 -0.0000 650.0000
41.0541 38 549 750 1261 2.9273 -0.0000 -0.5511 -0.0000 650.0000
41.0608 -5 652 647 1305 3.0811 -0.0000 -0.5022 -0.0000 650.0000
41.0675 59 640 659 1240 3.1429 -0.0000 -0.3712 -0.0000 650.0000
41.0741 -66 623 676 1366 3.2768 -0.0000 -0.4656 -0.0000 650.0000
41.0807 -25 596 703 1325 3.3101 -0.0000 -0.5197 -0.0000 650.0000
41.0873 -9 595 704 1309 3.3098 -0.0000 -0.5467 -0.0000 650.0000
41.0940 -35 632 667 1335 3.3853 -0.0000 -0.5490 -0.0000 650.0000
41.1006 26 581 718 1273 3.3565 -0.0000 -0.5481 -0.0000 650.0000
41.1072 -93 625 674 1393 3.5261 -0.0000 -0.6783 -0.0000 650.0000
41.1138 61 611 688 1238 3.5394 -0.0000 -0.6136 -0.0000 650.0000
41.1205 -24 610 689 1324 3.6594 -0.0000 -0.6755 -0.0000 650.0000
41.1271 -11 631 668 1311 3.7968 -0.0000 -0.6681 -0.0000 650.0000
41.1337 -19 538 761 1319 3.8603 -0.0000 -0.7728 -0.0000 650.0000
41.1404 -101 662 637 1401 4.1204 -0.0000 -0.8072 -0.0000 650.0000
41.1469 79 572 727 1220 4.0523 -0.0000 -0.7050 -0.0000 650.0000
41.1536 -79 641 658 1379 4.1799 -0.0000 -0.7389 -0.0000 650.0000
41.1603 9 544 755 1290 4.0969 -0.0000 -0.7739 -0.0000 650.0000
41.1669 -102 614 685 1402 4.2136 -0.0000 -0.8675 -0.0000 650.0000
41.1735 -70 646 653 1370 4.3348 -0.0000 -0.8802 -0.0000 650.0000
41.1802 0 582 717 1300 4.3049 -0.0000 -0.8904 -0.0000 650.0000
41.1869 -137 639 660 1437 4.4899 -0.0000 -1.0202 -0.0000 650.0000
41.1936 32 579 720 1267 4.4421 -0.0000 -0.9681 -0.0000 650.0000
41.2002 -43 655 644 1343 4.5672 -0.0000 -0.9237 -0.0000 650.0000
41.2068 -4 533 766 1304 4.5066 -0.0000 -1.0294 -0.0000 650.0000
41.2134 -61 615 684 1361 4.5560 -0.0000 -1.1125 -0.0000 650.0000
41.2201 -32 635 664 1332 4.5855 -0.0000 -1.1341 -0.0000 650.0000
41.2267 48 576 723 1251 4.4712 -0.0000 -1.1248 -0.0000 650.0000
41.2334 -48 574 725 1348 4.4935 -0.0000 -1.2635 -0.0000 650.0000
41.2401 0 595 704 1300 4.4860 -0.0000 -1.2993 -0.0000 650.0000
41.2467 -38 631 668 1338 4.5497 -0.0000 -1.3114 -0.0000 650.0000
41.2534 -11 568 731 1311 4.5083 -0.0000 -1.3634 -0.0000 650.0000
41.2600 -23 608 691 1323 4.5140 -0.0000 -1.3574 -0.0000 650.0000
41.2667 -87 580 719 1387 4.5113 -0.0000 -1.4871 -0.0000 650.0000
41.2734 21 667 632 1278 4.4429 -0.0000 -1.3332 -0.0000 650.0000
41.2801 -8 558 741 1308 4.2559 -0.0000 -1.3885 -0.0000 650.0000
41.2867 -62 664 635 1362 4.2453 -0.0000 -1.3690 -0.0000 650.0000
41.2934 -54 590 709 1354 4.1681 -0.0000 -1.4434 -0.0000 650.0000
41.3000 -73 713 586 1373 4.2753 -0.0000 -1.3703 -0.0000 650.0000
41.3067 47 623 676 1252 4.1764 -0.0000 -1.2723 -0.0000 650.0000
41.3134 -98 623 676 1398 4.2391 -0.0000 -1.3842 -0.0000 650.0000
41.3201 -56 696 603 1356 4.3326 -0.0000 -1.3099 -0.0000 650.0000
41.3267 28 630 669 1271 4.2454 -0.0000 -1.1814 -0.0000 650.0000
41.3333 -62 695 604 1362 4.2974 -0.0000 -1.0998 -0.0000 650.0000
41.3400 -11 658 641 1311 4.2214 -0.0000 -1.0091 -0.0000 650.0000
41.3466 -85 712 587 1385 4.2709 -0.0000 -0.9629 -0.0000 650.0000
41.3532 34 653 646 1265 4.1546 -0.0000 -0.8281 -0.0000 650.0000
41.3599 -107 627 672 1407 4.1942 -0.0000 -0.9411 -0.0000 650.0000
41.3665 -35 696 603 1335 4.2725 -0.0000 -0.8266 -0.0000 650.0000
41.3731 -5 609 690 1305 4.2401 -0.0000 -0.7800 -0.0000 650.0000
41.3798 -72 634 665 1372 4.3084 -0.0000 -0.7757 -0.0000 650.0000
41.3865 37 624 675 1262 4.2089 -0.0000 -0.6217 -0.0000 650.0000
41.3931 -77 658 641 1377 4.2427 -0.0000 -0.5977 -0.0000 650.0000
41.3998 71 560 739 1228 3.9628 -0.0000 -0.5187 -0.0000 650.0000
41.4064 -20 636 663 1320 3.8632 -0.0000 -0.4847 -0.0000 650.0000
41.4130 -16 644 655 1316 3.7738 -0.0000 -0.4419 -0.0000 650.0000
41.4197 -19 638 661 1319 3.7390 -0.0000 -0.4102 -0.0000 650.0000
41.4263 -62 727 572 1362 3.8676 -0.0000 -0.3106 -0.0000 650.0000
41.4330 41 532 767 1258 3.6833 -0.0000 -0.3383 -0.0000 650.0000
41.4397 -143 693 606 1443 3.8759 -0.0000 -0.3657 -0.0000 650.0000
41.4463 65 636 663 1234 3.7630 -0.0000 -0.1548 -0.0000 650.0000
41.4529 -17 539 760 1317 3.6140 -0.0000 -0.2173 -0.0000 650.0000
41.4595 -8 730 569 1308 3.6236 -0.0000 -0.0115 -0.0000 650.0000
41.4661 17 605 694 1282 3.4894 -0.0000 0.0332 -0.0000 650.0000
41.4727 -78 648 651 1378 3.5326 -0.0000 -0.0149 -0.0000 650.0000
41.4794 22 610 689 1277 3.4561 -0.0000 0.0136 -0.0000 650.0000
41.4860 -35 614 685 1335 3.4591 -0.0000 -0.0308 -0.0000 650.0000
41.4927 0 646 653 1300 3.4648 -0.0000 0.0352 -0.0000 650.0000
41.4994 -47 636 663 1347 3.4784 -0.0000 0.0234 -0.0000 650.0000
41.5061 -10 605 694 1310 3.3863 -0.0000 0.0179 -0.0000 650.0000
41.5127 -28 620 679 1328 3.3069 -0.0000 0.0057 -0.0000 650.0000
41.5194 -67 601 698 1367 3.2437 -0.0000 -0.1020 -0.0000 650.0000
41.5260 79 628 671 1220 3.0605 -0.0000 0.0357 -0.0000 650.0000
41.5326 -39 626 673 1339 3.0113 -0.0000 -0.0146 -0.0000 650.0000
41.5393 -5 604 695 1305 2.9460 -0.0000 -0.0228 -0.0000 650.0000
41.5459 25 672 627 1274 2.9427 -0.0000 0.1226 -0.0000 650.0000
41.5526 49 544 755 1250 2.7816 -0.0000 0.1170 -0.0000 650.0000
41.5593 60 583 716 1239 2.6266 -0.0000 0.1858 -0.0000 650.0000
41.5659 -45 698 601 1345 2.6982 -0.0000 0.2722 -0.0000 650.0000
41.5726 67 631 668 1232 2.5629 -0.0000 0.4310 -0.0000 650.0000
41.5793 -34 631 668 1334 2.5175 -0.0000 0.4298 -0.0000 650.0000
41.5859 -47 611 688 1347 2.4628 -0.0000 0.3777 -0.0000 650.0000
41.5926 7 643 656 1292 2.4476 -0.0000 0.4730 -0.0000 650.0000
41.5993 -50 653 646 1350 2.5503 -0.0000 0.4982 -0.0000 650.0000
41.6059 -33 584 715 1333 2.5865 -0.0000 0.4448 -0.0000 650.0000
41.6125 -70 693 606 1370 2.7899 -0.0000 0.4973 -0.0000 650.0000
41.6192 71 522 777 1228 2.6545 -0.0000 0.5126 -0.0000 650.0000
41.6258 -67 585 714 1367 2.7378 -0.0000 0.4250 -0.0000 650.0000
41.6325 -10 609 690 1310 2.7437 -0.0000 0.4432 -0.0000 650.0000
41.6391 6 572 727 1293 2.6682 -0.0000 0.4156 -0.0000 650.0000
41.6457 -65 636 663 1365 2.7301 -0.0000 0.3705 -0.0000 650.0000
41.6524 27 545 754 1272 2.6188 -0.0000 0.3137 -0.0000 650.0000
41.6590 -69 688 611 1369 2.7709 -0.0000 0.3153 -0.0000 650.0000
41.6657 32 568 731 1267 2.6726 -0.0000 0.2886 -0.0000 650.0000
41.6723 -45 570 729 1345 2.6427 -0.0000 0.1588 -0.0000 650.0000
41.6790 -40 578 721 1340 2.6071 -0.0000 0.0685 -0.0000 650.0000
41.6856 2 601 698 1297 2.5440 -0.0000 0.0784 -0.0000 650.0000
41.6922 -39 603 696 1339 2.4828 -0.0000 -0.0064 -0.0000 650.0000
41.6989 22 587 712 1277 2.3224 -0.0000 -0.0396 -0.0000 650.0000
41.7055 -59 669 630 1359 2.3495 -0.0000 -0.0803 -0.0000 650.0000
41.7121 1 604 695 1298 2.3088 -0.0000 -0.1091 -0.0000 650.0000
41.7188 -6 634 665 1306 2.3473 -0.0000 -0.0938 -0.0000 650.0000
41.7254 -57 561 738 1357 2.3737 -0.0000 -0.2580 -0.0000 650.0000
41.7321 -38 617 682 1338 2.4072 -0.0000 -0.3029 -0.0000 650.0000
41.7389 -51 649 650 1351 2.4736 0.3906 -0.3164 -0.0000 650.0000
41.7456 -1 638 661 1301 2.4552 0.3906 -0.2777 -0.0000 650.0000
41.7522 -92 608 691 1392 2.4885 0.3906 -0.4337 -0.0000 650.0000
41.7589 -57 605 694 1357 2.4774 0.3906 -0.5538 -0.0000 650.0000
41.7655 12 623 676 1287 2.4376 0.3906 -0.5349 -0.0000 650.0000
41.7722 -32 562 737 1332 2.4145 0.3906 -0.6541 -0.0000 650.0000
41.7789 -30 673 626 1330 2.5312 0.3906 -0.5915 -0.0000 650.0000
41.7855 -61 643 656 1361 2.6439 0.3906 -0.6196 -0.0000 650.0000
41.7922 -3 658 641 1303 2.6816 0.3906 -0.5498 -0.0000 650.0000
41.7988 -37 589 710 1337 2.6607 0.3906 -0.6306 -0.0000 650.0000
41.8054 -33 612 687 1333 2.6590 0.3906 -0.6650 -0.0000 650.0000
41.8121 -8 622 677 1308 2.6472 0.3906 -0.6490 -0.0000 650.0000
41.8188 -33 585 714 1333 2.6290 0.3906 -0.7308 -0.0000 650.0000
41.8254 0 649 650 1300 2.6797 0.3906 -0.6633 -0.0000 650.0000
41.8320 -40 641 658 1340 2.7854 0.3906 -0.6597 -0.0000 650.0000
41.8386 15 617 682 1284 2.8193 0.3906 -0.5959 -0.0000 650.0000
41.8452 -22 577 722 1322 2.8225 0.3906 -0.6510 -0.0000 650.0000
41.8519 -67 566 733 1367 2.8352 0.3906 -0.7809 -0.0000 650.0000
41.8585 19 631 668 1280 2.8080 0.3906 -0.6776 -0.0000 650.0000
41.8652 4 574 725 1295 2.7190 0.3906 -0.6911 -0.0000 650.0000
41.8718 30 619 680 1269 2.6406 0.3906 -0.6157 -0.0000 650.0000
41.8785 -17 642 657 1317 2.6336 0.3906 -0.5938 -0.0000 650.0000
41.8852 -2 606 693 1302 2.5975 0.3906 -0.5917 -0.0000 650.0000
41.8918 15 645 654 1284 2.6167 0.3906 -0.4868 -0.0000 650.0000
41.8985 -26 608 691 1326 2.6606 0.3906 -0.4942 -0.0000 650.0000
41.9051 26 643 656 1273 2.6668 0.3906 -0.3639 -0.0000 650.0000
41.9118 -13 635 664 1313 2.6874 0.3906 -0.3029 -0.0000 650.0000
41.9184 2 659 640 1297 2.6990 0.3906 -0.1777 -0.0000 650.0000
41.9251 -14 599 700 1314 2.6399 0.3906 -0.1639 -0.0000 650.0000
41.9317 -4 632 667 1304 2.5935 0.3906 -0.0998 -0.0000 650.0000
41.9384 37 594 705 1262 2.4561 0.3906 -0.0365 -0.0000 650.0000
41.9450 -86 619 680 1386 2.5152 0.3906 -0.1113 -0.0000 650.0000
41.9517 17 664 635 1282 2.5382 0.3906 0.0439 -0.0000 650.0000
41.9582 -29 589 710 1329 2.5405 0.3906 0.0306 -0.0000 650.0000
41.9649 -64 656 643 1364 2.6386 0.3906 0.0744 -0.0000 650.0000
41.9715 -25 612 687 1325 2.6343 0.3906 0.1264 -0.0000 650.0000
41.9782 -98 612 687 1398 2.6812 0.3906 0.0825 -0.0000 650.0000
41.9848 -22 633 666 1322 2.6436 0.3906 0.1684 -0.0000 650.0000
41.9916 -106 613 686 1406 2.6459 -0.0000 0.0712 -0.0000 650.0000
41.9986 -96 655 644 1396 2.6936 -0.0000 0.0261 -0.0000 650.0000
42.0054 -16 637 662 1316 2.6609 -0.0000 0.0660 -0.0000 650.0000
42.0123 -70 622 677 1370 2.6992 0.1562 -0.0097 -0.0000 650.0000
42.0191 -82 703 596 1382 2.8635 0.1562 0.0145 -0.0000 650.0000
42.0257 7 608 691 1292 2.8326 0.1562 0.0395 -0.0000 650.0000
42.0326 -71 666 633 1371 2.9569 0.1562 0.0508 -0.0000 650.0000
42.0394 -61 704 595 1361 3.0863 0.1562 0.1287 -0.0000 650.0000
42.0461 -12 595 704 1312 3.0133 0.1562 0.1135 -0.0000 650.0000
42.0529 -79 667 632 1379 3.0708 0.1562 0.1160 -0.0000 650.0000
42.0597 -10 634 665 1310 3.0184 0.1562 0.1711 -0.0000 650.0000
42.0666 -1 571 728 1301 2.9535 3.0469 0.1360 -0.0000 650.0000
42.0733 -37 635 664 1337 3.0219 3.0469 0.1385 -0.0000 650.0000
42.0802 -9 613 686 1309 3.0581 3.0469 0.1569 -0.0000 650.0000
42.0871 -10 522 777 1310 3.0232 3.0469 0.0426 -0.0000 650.0000
42.0937 -79 633 666 1379 3.1804 3.0469 -0.0057 -0.0000 650.0000
42.1004 25 565 734 1274 3.1456 3.0469 0.0036 -0.0000 650.0000
42.1071 -54 584 715 1354 3.2131 3.0469 -0.0788 -0.0000 650.0000
42.1137 10 646 653 1289 3.2543 3.0469 0.0150 -0.0000 650.0000
42.1204 90 495 804 1209 3.0777 5.4688 -0.0131 -0.0000 650.0000
42.1271 -3 616 683 1303 3.1305 5.4688 -0.0142 -0.0000 650.0000
42.1339 40 507 792 1259 3.0372 5.4688 -0.1070 -0.0000 650.0000
42.1405 -74 573 726 1374 3.1706 5.4688 -0.2681 -0.0000 650.0000
42.1474 10 604 695 1289 3.2571 5.4688 -0.2632 -0.0000 650.0000
42.1542 111 510 789 1188 3.1274 5.4688 -0.2518 -0.0000 650.0000
42.1609 11 619 680 1288 3.2188 5.4688 -0.2132 -0.0000 650.0000
42.1678 45 498 801 1254 3.1414 5.4688 -0.2918 -0.0000 650.0000
42.1746 43 543 756 1256 3.1137 5.4688 -0.3059 -0.0000 650.0000
42.1813 18 543 756 1281 3.1692 9.4531 -0.3633 -0.0000 650.0000
42.1882 96 633 666 1203 3.2230 9.4531 -0.1898 -0.0000 650.0000
42.1951 118 492 807 1181 3.0879 9.4531 -0.2090 -0.0000 650.0000
42.2017 41 584 715 1258 3.1594 9.4531 -0.2174 -0.0000 650.0000
42.2085 159 428 871 1140 2.9538 9.4531 -0.2627 -0.0000 650.0000
42.2153 97 486 813 1202 2.9454 9.4531 -0.2883 -0.0000 650.0000
42.2220 106 507 792 1193 2.9713 9.4531 -0.2475 -0.0000 650.0000
42.2289 149 511 788 1150 2.9624 9.4531 -0.1335 -0.0000 650.0000
42.2357 96 532 767 1203 2.9925 9.4531 -0.0623 -0.0000 650.0000
42.2424 183 525 774 1116 2.8873 9.4531 0.1137 -0.0000 650.0000
42.2493 96 491 808 1203 2.8075 9.4531 0.1067 -0.0000 650.0000
42.2561 95 520 779 1204 2.7277 9.4531 0.1350 -0.0000 650.0000
42.2628 85 513 786 1214 2.6594 9.4531 0.1509 -0.0000 650.0000
42.2696 33 470 829 1266 2.6401 9.4531 0.0390 -0.0000 650.0000
42.2764 50 531 768 1249 2.6881 9.4531 0.0746 -0.0000 650.0000
42.2831 -16 469 830 1316 2.7444 9.4531 -0.0776 -0.0000 650.0000
42.2900 -30 487 812 1330 2.8218 9.4531 -0.2187 -0.0000 650.0000
42.2968 -17 496 803 1317 2.8806 9.4531 -0.3282 -0.0000 650.0000
42.3035 -91 484 815 1391 2.9995 9.4531 -0.5770 -0.0000 650.0000
42.3103 -68 532 767 1368 3.1803 9.4531 -0.7547 -0.0000 650.0000
42.3171 -13 525 774 1313 3.3153 9.4531 -0.8789 -0.0000 650.0000
42.3238 -55 481 818 1355 3.4753 9.4531 -1.1262 -0.0000 650.0000
42.3307 -63 584 715 1363 3.8036 9.4531 -1.2218 -0.0000 650.0000
42.3375 -8 514 785 1308 3.9932 9.4531 -1.3407 -0.0000 650.0000
42.3441 -31 536 763 1331 4.2157 9.4531 -1.4688 -0.0000 650.0000
42.3510 50 572 727 1249 4.3763 9.4531 -1.4477 -0.0000 650.0000
42.3577 35 500 799 1264 4.4618 9.4531 -1.5592 -0.0000 650.0000
42.3644 49 577 722 1250 4.6126 9.4531 -1.5576 -0.0000 650.0000
42.3710 82 559 740 1217 4.7233 9.4531 -1.5383 -0.0000 650.0000
42.3777 93 498 801 1206 4.7807 9.4531 -1.5998 -0.0000 650.0000
42.3843 144 511 788 1155 4.8602 9.4531 -1.5600 -0.0000 650.0000
42.3910 44 489 810 1255 5.0467 9.4531 -1.6845 -0.0000 650.0000
42.3977 113 537 762 1186 5.2224 9.4531 -1.6303 -0.0000 650.0000
42.4043 162 507 792 1137 5.3129 9.4531 -1.5388 -0.0000 650.0000
42.4110 134 510 789 1165 5.4209 9.4531 -1.5037 -0.0000 650.0000
42.4177 258 520 779 1041 5.3866 9.4531 -1.2613 -0.0000 650.0000
42.4243 166 551 748 1133 5.4534 9.4531 -1.1189 -0.0000 650.0000
42.4310 309 460 839 990 5.2837 10.0000 -0.8809 -0.0000 650.0000
42.4379 257 462 837 1042 5.2000 10.0000 -0.6989 -0.0000 650.0000
42.4448 255 497 802 1044 5.1754 10.0000 -0.4562 -0.0000 650.0000
42.4515 311 399 900 988 4.9872 10.0000 -0.2645 -0.0000 650.0000
42.4585 275 479 820 1024 4.8621 10.0000 0.0307 -0.0000 650.0000
42.4653 368 362 937 931 4.4887 10.0000 0.2854 -0.0000 650.0000
42.4720 272 544 755 1027 4.4119 10.0000 0.6378 -0.0000 650.0000
42.4787 243 377 922 1056 4.1932 10.0000 0.7134 -0.0000 650.0000
42.4855 299 463 836 1000 3.9993 10.0000 1.0142 -0.0000 650.0000
42.4924 234 401 898 1065 3.7893 10.0000 1.1125 -0.0000 650.0000
42.4991 258 380 919 1041 3.5254 10.0000 1.2147 -0.0000 650.0000
42.5060 286 465 834 1013 3.3268 10.0000 1.4804 -0.0000 650.0000
42.5128 274 333 966 1025 2.9978 10.0000 1.5200 -0.0000 650.0000
42.5196 280 498 801 1019 2.8493 10.0000 1.8065 -0.0000 650.0000
42.5263 124 437 862 1175 2.8128 10.0000 1.7602 -0.0000 650.0000
42.5331 173 385 914 1126 2.6483 10.0000 1.7220 -0.0000 650.0000
42.5399 186 470 829 1113 2.5553 10.0000 1.8147 -0.0000 650.0000
42.5466 94 372 927 1205 2.4620 10.0000 1.6212 -0.0000 650.0000
42.5533 177 409 890 1122 2.3419 10.0000 1.6164 -0.0000 650.0000
42.5602 59 461 838 1240 2.4290 10.0000 1.4899 -0.0000 650.0000
42.5670 52 424 875 1247 2.5336 10.0000 1.2893 -0.0000 650.0000
42.5737 72 512 787 1227 2.7393 10.0000 1.2669 -0.0000 650.0000
42.5804 207 390 909 1092 2.6909 10.0000 1.2556 -0.0000 650.0000
42.5873 78 489 810 1221 2.9038 10.0000 1.2074 -0.0000 650.0000
42.5941 164 409 890 1135 2.9333 10.0000 1.1475 -0.0000 650.0000
42.6009 47 426 873 1252 3.1704 10.0000 0.9095 -0.0000 650.0000
42.6077 177 405 894 1122 3.2747 10.0000 0.8556 -0.0000 650.0000
42.6145 165 334 965 1134 3.3276 10.0000 0.6795 -0.0000 650.0000
42.6213 130 455 844 1169 3.5140 10.0000 0.6276 -0.0000 650.0000
42.6282 222 381 918 1077 3.5085 10.0000 0.5963 -0.0000 650.0000
42.6349 110 465 834 1189 3.7191 10.0000 0.4892 -0.0000 650.0000
42.6418 320 373 926 979 3.6561 10.0000 0.5478 -0.0000 650.0000
42.6487 218 367 932 1081 3.7083 10.0000 0.4650 -0.0000 650.0000
42.6554 319 350 949 980 3.5767 10.0000 0.5051 -0.0000 650.0000
42.6621 198 366 933 1101 3.5617 10.0000 0.3728 -0.0000 650.0000
42.6690 316 417 882 983 3.4609 10.0000 0.4831 -0.0000 650.0000
42.6759 233 333 966 1066 3.3850 10.0000 0.3498 -0.0000 650.0000
42.6827 367 446 853 932 3.2808 10.0000 0.6196 -0.0000 650.0000
42.6896 250 340 959 1049 3.1626 10.0000 0.5391 -0.0000 650.0000
42.6965 376 368 931 923 2.9249 10.0000 0.7026 -0.0000 650.0000
42.7032 320 400 899 979 2.8003 10.0000 0.8326 -0.0000 650.0000
42.7100 420 382 917 879 2.5470 10.0000 1.1124 -0.0000 650.0000
42.7168 372 526 773 927 2.5113 10.0000 1.5490 -0.0000 650.0000
42.7235 211 351 948 1088 2.4684 10.0000 1.4750 -0.0000 650.0000
42.7302 263 406 893 1036 2.4554 10.0000 1.6113 -0.0000 650.0000
42.7371 323 452 847 976 2.4122 10.0000 1.9204 -0.0000 650.0000
42.7439 154 314 985 1145 2.4064 10.0000 1.7746 -0.0000 650.0000
42.7507 222 286 1013 1077 2.3044 10.0000 1.7068 -0.0000 650.0000
42.7574 329 368 931 970 2.1872 10.0000 1.9134 -0.0000 650.0000
42.7643 300 280 1019 999 2.0075 10.0000 1.9374 -0.0000 650.0000
42.7711 333 301 998 966 1.8213 10.0000 2.0084 -0.0000 650.0000
42.7779 266 381 918 1033 1.8161 10.0000 2.0823 -0.0000 650.0000
42.7847 198 306 993 1101 1.8134 10.0000 1.9341 -0.0781 650.0000
42.7917 265 416 883 1034 1.8661 10.0000 2.0497 -0.0781 650.0000
42.7986 187 337 962 1112 1.9252 10.0000 1.9090 -0.0781 650.0000
42.8053 165 362 937 1134 2.0386 10.0000 1.7801 -0.0781 650.0000
42.8122 293 486 813 1006 2.1593 10.0000 2.0087 -0.0781 650.0000
42.8191 138 315 984 1161 2.2831 10.0000 1.7302 -0.0781 650.0000
42.8259 281 345 954 1018 2.2912 10.0000 1.7017 -0.0781 650.0000
42.8326 209 353 946 1090 2.3956 10.0000 1.5817 -0.0781 650.0000
42.8395 351 354 945 948 2.3551 10.0000 1.6652 -0.0781 650.0000
42.8464 186 331 968 1113 2.4786 10.0000 1.4691 -0.0781 650.0000
42.8531 233 274 1025 1066 2.4601 10.0000 1.2551 -0.0781 650.0000
42.8598 278 380 919 1021 2.5116 10.0000 1.2748 -0.0781 650.0000
42.8667 270 228 1071 1029 2.4123 10.0000 1.0514 -0.0781 650.0000
42.8735 284 350 949 1015 2.4471 10.0000 1.0607 -0.0781 650.0000
42.8802 222 339 960 1077 2.5374 10.0000 0.9587 -0.0781 650.0000
42.8870 289 318 981 1010 2.5344 10.0000 0.9319 -0.0781 650.0000
42.8938 292 327 972 1007 2.5328 10.0000 0.9217 -0.0781 650.0000
42.9007 264 204 1095 1035 2.4317 10.0000 0.6866 -0.0781 650.0000
42.9074 358 358 941 941 2.4146 10.0000 0.8456 -0.0781 650.0000
42.9141 340 348 951 959 2.4121 10.0000 0.9703 -0.0781 650.0000
42.9209 386 259 1040 913 2.2783 10.0000 1.0352 -0.0781 650.0000
42.9278 403 347 952 896 2.2163 10.0000 1.2669 -0.0781 650.0000
42.9346 336 222 1077 963 2.1131 10.0000 1.2184 -0.0781 650.0000
42.9413 399 261 1038 900 1.9723 10.0000 1.3368 -0.0781 650.0000
42.9481 470 359 940 829 1.8620 10.0000 1.6960 -0.0781 650.0000
42.9549 313 334 965 986 1.8862 10.0000 1.7859 -0.0781 650.0000
42.9617 289 249 1050 1010 1.8358 10.0000 1.6843 -0.0781 650.0000
42.9684 343 352 947 956 1.8313 10.0000 1.8543 -0.0781 650.0000
42.9752 403 372 927 896 1.7839 10.0000 2.1086 -0.0781 650.0000
42.9821 335 337 962 964 1.7990 10.0000 2.2300 -0.0781 650.0000
42.9888 296 327 972 1003 1.8622 10.0000 2.2252 -0.0781 650.0000
42.9955 367 323 976 932 1.8606 10.0000 2.3405 -0.0781 650.0000
43.0024 512 389 910 787 1.7857 10.0000 2.7392 -0.0781 650.0000
43.0093 334 355 944 965 1.8779 10.0000 2.8323 -0.0781 650.0000
43.0160 315 247 1052 984 1.8794 10.0000 2.6999 -0.0781 650.0000
43.0227 437 313 986 862 1.8150 10.0000 2.8705 -0.0781 650.0000
43.0296 472 364 935 827 1.7716 10.0000 3.1406 -0.0781 650.0000
43.0364 401 365 934 898 1.8278 10.0000 3.3182 -0.0000 650.0000
43.0432 355 299 1000 944 1.8775 10.0000 3.2936 -0.0000 650.0000
43.0501 288 177 1122 1011 1.8720 10.0000 3.0235 -0.0000 650.0000
43.0569 335 242 1057 964 1.8926 10.0000 2.9147 -0.0000 650.0000
43.0636 426 278 1021 873 1.8459 10.0000 3.0061 -0.0000 650.0000
43.0704 383 256 1043 916 1.8155 10.0000 2.9920 -0.0000 650.0000
43.0773 263 203 1096 1036 1.8638 10.0000 2.6714 -0.0000 650.0000
43.0841 273 119 1180 1026 1.8189 10.0000 2.2727 -0.0000 650.0000
43.0909 385 222 1077 914 1.7680 10.0000 2.1859 -0.0000 650.0000
43.0976 465 277 1022 834 1.6927 10.0000 2.3370 -0.0000 650.0000
43.1043 362 225 1074 937 1.6818 10.0000 2.2168 -0.0000 650.0000
43.1109 310 218 1081 989 1.7248 10.0000 2.0329 -0.0000 650.0000
43.1175 283 131 1168 1016 1.7232 10.0000 1.6529 -0.0000 650.0000
43.1242 349 215 1084 950 1.7384 10.0000 1.5425 -0.0000 650.0000
43.1309 381 207 1092 918 1.7355 10.0000 1.4569 -0.0000 650.0000
43.1375 439 253 1046 860 1.7118 10.0000 1.5528 -0.0000 650.0000
43.1441 362 237 1062 937 1.7659 10.0000 1.4705 -0.0000 650.0000
43.1507 271 194 1105 1028 1.8634 10.0000 1.2254 -0.0000 650.0000
43.1573 250 181 1118 1049 1.9923 10.0000 0.9301 -0.0000 650.0000
43.1639 283 143 1156 1016 2.0345 10.0000 0.6870 -0.0000 650.0000
43.1706 369 136 1163 930 1.9889 10.0000 0.5369 -0.0000 650.0000
43.1772 469 259 1040 830 1.9736 10.0000 0.7179 -0.0000 650.0000
43.1838 443 201 1098 856 1.9522 10.0000 0.7743 -0.0000 650.0000
43.1908 262 113 1186 1037 2.0325 10.0000 0.4009 -0.0000 650.0000
43.1978 424 248 1051 875 2.0900 10.0000 0.4793 -0.0000 650.0000
43.2048 485 252 1047 814 2.0698 10.0000 0.6458 -0.0000 650.0000
43.2118 343 224 1075 956 2.1966 10.0000 0.5748 -0.0000 650.0000
43.2188 359 176 1123 940 2.2481 10.0000 0.4393 -0.0000 650.0000
43.2257 516 274 1025 783 2.2196 10.0000 0.7372 -0.0000 650.0000
43.2327 527 341 958 772 2.2538 10.0000 1.0990 -0.0000 650.0000
43.2397 390 171 1128 909 2.2621 10.0000 1.0051 -0.0000 650.0000
43.2467 347 120 1179 952 2.2906 10.0000 0.7509 -0.0000 650.0000
43.2537 483 113 1186 816 2.1421 10.0000 0.6861 -0.0000 650.0000
43.2607 512 223 1076 787 2.0743 10.0000 0.8690 -0.0000 650.0000
43.2677 468 244 1055 831 2.0913 10.0000 0.9778 -0.0000 650.0000
43.2747 419 157 1142 880 2.0854 10.0000 0.8946 -0.0000 650.0000
43.2817 325 132 1167 974 2.1623 10.0000 0.6293 -0.0000 650.0000
43.2887 366 85 1214 933 2.1181 10.0000 0.3435 -0.0000 650.0000
43.2953 359 98 1201 940 2.0949 10.0000 0.1146 -0.0000 650.0000
43.3020 458 173 1126 841 2.0871 10.0000 0.1418 -0.0000 650.0000
43.3087 492 208 1091 807 2.1117 10.0000 0.2651 -0.0000 650.0000
43.3153 566 201 1098 733 2.0243 10.0000 0.5066 -0.0000 650.0000
43.3220 603 198 1101 696 1.8943 10.0000 0.7131 -0.0000 650.0000
43.3287 617 221 1078 682 1.7683 10.0000 0.9562 -0.0000 650.0000
43.3353 551 189 1110 748 1.6934 10.0000 1.1009 -0.0000 650.0000
43.3420 558 229 1070 741 1.6910 10.0000 1.3640 -0.0000 650.0000
43.3487 577 124 1175 722 1.5678 10.0000 1.4729 -0.0000 650.0000
43.3553 512 192 1107 787 1.5643 10.0000 1.6213 -0.0000 650.0000
43.3619 545 163 1136 754 1.4994 10.0000 1.7437 -0.0000 650.0000
43.3686 519 147 1152 780 1.4388 10.0000 1.7818 -0.0000 650.0000
43.3753 358 109 1190 941 1.5312 10.0000 1.5317 -0.0000 650.0000
43.3819 393 172 1127 906 1.6785 10.0000 1.4500 -0.0000 650.0000
43.3886 405 80 1219 894 1.6893 10.0000 1.2680 -0.0000 650.0000
43.3953 405 187 1112 894 1.8174 10.0000 1.2217 -0.0000 650.0000
43.4019 523 91 1208 776 1.6994 10.0000 1.1806 -0.0000 650.0000
43.4086 488 122 1177 811 1.6909 10.0000 1.1036 -0.0000 650.0000
43.4152 576 126 1173 723 1.5971 10.0000 1.1953 -0.0000 650.0000
43.4218 567 204 1095 732 1.6312 10.0000 1.4032 -0.0000 650.0000
43.4285 668 152 1147 631 1.5227 10.0000 1.6462 -0.0000 650.0000
43.4351 573 128 1171 726 1.4714 10.0000 1.7302 -0.0000 650.0000
43.4419 580 224 1075 719 1.4974 10.0000 1.9350 -0.0000 650.0000
43.4485 581 92 1207 718 1.3726 10.0000 1.9480 -0.0000 650.0000
43.4551 396 159 1140 903 1.5437 10.0000 1.7782 -0.0000 650.0000
43.4618 477 98 1201 822 1.5783 10.0000 1.6876 -0.0000 650.0000
43.4685 398 117 1182 901 1.7283 10.0000 1.5224 -0.0000 650.0000
43.4751 552 155 1144 747 1.7507 10.0000 1.6590 -0.0000 650.0000
43.4818 621 140 1159 678 1.6771 10.0000 1.8344 -0.0000 650.0000
43.4885 597 144 1155 702 1.6390 10.0000 1.9545 -0.0000 650.0000
43.4951 663 102 1197 636 1.4904 10.0000 2.0708 -0.0000 650.0000
43.5018 529 124 1175 770 1.5254 10.0000 2.0057 -0.0000 650.0000
43.5085 465 139 1160 834 1.6377 10.0000 1.8948 -0.0000 650.0000
43.5151 452 133 1166 847 1.7692 10.0000 1.7845 -0.0000 650.0000
43.5218 469 147 1152 830 1.8869 10.0000 1.7474 -0.0000 650.0000
43.5284 570 137 1162 729 1.8917 10.0000 1.8448 -0.0000 650.0000
43.5351 550 157 1142 749 1.9088 10.0000 1.9288 -0.0000 650.0000
43.5418 592 118 1181 707 1.8557 10.0000 1.9868 -0.0000 650.0000
43.5485 476 145 1154 823 1.9471 10.0000 1.9014 -0.0000 650.0000
43.5551 327 123 1176 972 2.2052 10.0000 1.5608 -0.0000 650.0000
43.5617 418 151 1148 881 2.3921 10.0000 1.4293 -0.0000 650.0000
43.5684 382 146 1153 917 2.6454 10.0000 1.2528 -0.0000 650.0000
43.5751 471 193 1106 828 2.8828 10.0000 1.3180 -0.0000 650.0000
43.5817 541 150 1149 758 3.0303 10.0000 1.4020 -0.0000 650.0000
43.5884 530 112 1187 769 3.1330 10.0000 1.4271 -0.0000 650.0000
43.5950 545 216 1083 754 3.3307 10.0000 1.5813 -0.0000 650.0000
43.6016 658 88 1211 641 3.2677 10.0000 1.6870 -0.0000 650.0000
43.6083 552 115 1184 747 3.3469 10.0000 1.6531 -0.0000 650.0000
43.6149 551 82 1217 748 3.4128 10.0000 1.5737 -0.0000 650.0000
43.6215 568 50 1249 731 3.4217 10.0000 1.5210 -0.0000 650.0000
43.6282 454 134 1165 845 3.6801 10.0000 1.4264 -0.0000 650.0000
43.6348 480 56 1243 819 3.8181 10.0000 1.2952 -0.0000 650.0000
43.6415 522 154 1145 777 4.0171 10.0000 1.3514 -0.0000 650.0000
43.6482 624 90 1209 675 4.0022 10.0000 1.4607 -0.0000 650.0000
43.6549 658 92 1207 641 3.9392 10.0000 1.5611 -0.0000 650.0000
43.6615 572 66 1233 727 3.9319 10.0000 1.4992 -0.0000 650.0000
43.6682 613 52 1247 686 3.8803 10.0000 1.4695 -0.0000 650.0000
43.6749 465 98 1201 834 4.0237 10.0000 1.3019 -0.0000 650.0000
43.6815 538 65 1234 761 4.0609 10.0000 1.2021 -0.0000 650.0000
43.6881 610 120 1179 689 4.0734 10.0000 1.3206 -0.0000 650.0000
43.6947 655 104 1195 644 4.0595 10.0000 1.4730 -0.0000 650.0000
43.7014 533 29 1270 766 4.0999 10.0000 1.3497 -0.0000 650.0000
43.7080 509 40 1259 790 4.1905 10.0000 1.2045 -0.0000 650.0000
43.7147 528 35 1264 771 4.2325 10.0000 1.0897 -0.0000 650.0000
43.7214 572 84 1215 727 4.2730 10.0000 1.1050 -0.0000 650.0000
43.7281 587 49 1250 712 4.2212 10.0000 1.0562 -0.0000 650.0000
43.7347 537 -5 1305 762 4.1730 10.0000 0.8437 -0.0000 650.0000
43.7414 481 60 1239 818 4.2639 10.0000 0.6305 -0.0000 650.0000
43.7480 497 106 1193 802 4.4163 10.0000 0.5241 -0.0000 650.0000
43.7547 647 28 1271 652 4.3373 10.0000 0.5194 -0.0000 650.0000
43.7613 584 123 1176 715 4.4384 10.0000 0.5792 -0.0000 650.0000
43.7680 640 -15 1315 659 4.3421 10.0000 0.5198 -0.0000 650.0000
43.7746 500 19 1280 799 4.4254 10.0000 0.3269 -0.0000 650.0000
43.7813 617 87 1212 682 4.4616 10.0000 0.4107 -0.0000 650.0000
43.7881 570 55 1244 729 4.5091 10.0000 0.3876 -0.0000 650.0000
43.7947 691 75 1224 608 4.4714 10.0000 0.5747 -0.0000 650.0000
43.8014 531 44 1255 768 4.5889 10.0000 0.4716 -0.0000 650.0000
43.8080 601 -7 1307 698 4.5882 10.0000 0.4267 -0.0000 650.0000
43.8146 568 86 1213 731 4.7112 10.0000 0.4654 -0.0000 650.0000
43.8213 673 38 1261 626 4.6449 10.0000 0.5918 -0.0000 650.0000
43.8280 593 -46 1346 706 4.5572 10.0000 0.4456 -0.0000 650.0000
43.8346 530 43 1256 769 4.6355 10.0000 0.3396 -0.0000 650.0000
43.8413 640 37 1262 659 4.5961 10.0000 0.3916 -0.0000 650.0000
43.8479 594 39 1260 705 4.6021 10.0000 0.3819 -0.0000 650.0000
43.8546 622 74 1225 677 4.6092 10.0000 0.4674 -0.0000 650.0000
43.8612 539 -34 1334 760 4.5967 10.0000 0.2583 -0.0000 650.0000
43.8679 717 62 1237 582 4.5172 10.0000 0.4610 -0.0000 650.0000
43.8745 584 85 1214 715 4.6259 10.0000 0.5049 -0.0000 650.0000
43.8812 597 -48 1348 702 4.5837 10.0000 0.3813 -0.0000 650.0000
43.8878 631 55 1244 668 4.6151 10.0000 0.4702 -0.0000 650.0000
43.8945 648 8 1291 651 4.5859 10.0000 0.5138 -0.0000 650.0000
43.9012 603 -13 1313 696 4.6017 10.0000 0.4583 -0.0000 650.0000
43.9078 517 72 1227 782 4.8038 10.0000 0.4140 -0.0000 650.0000
43.9145 668 -12 1312 631 4.7406 10.0000 0.4648 -0.0000 650.0000
43.9211 595 36 1263 704 4.8028 10.0000 0.4557 -0.0000 650.0000
43.9277 552 16 1283 747 4.8944 10.0000 0.3458 -0.0000 650.0000
43.9344 627 16 1283 672 4.9100 10.0000 0.3379 -0.0000 650.0000
43.9411 639 30 1269 660 4.9146 10.0000 0.3596 -0.0000 650.0000
43.9477 633 1 1298 666 4.8931 10.0000 0.3218 -0.0000 650.0000
43.9543 551 -12 1312 748 4.9529 10.0000 0.1356 -0.0000 650.0000
43.9610 683 29 1270 616 4.9261 10.0000 0.2198 -0.0000 650.0000
43.9677 614 12 1287 685 4.9499 10.0000 0.1767 -0.0000 650.0000
43.9743 555 -25 1325 744 4.9900 10.0000 -0.0063 -0.0000 650.0000
43.9811 687 18 1281 612 4.9468 10.0000 0.0795 -0.0000 650.0000
43.9878 592 43 1256 707 5.0449 10.0000 0.0651 -0.0000 650.0000
43.9944 599 -52 1352 700 5.0333 10.0000 -0.0591 -0.0000 650.0000
44.0011 625 63 1236 674 5.1186 10.0000 0.0335 -0.0000 650.0000
44.0077 592 -6 1306 707 5.1729 10.0000 -0.0262 -0.0000 650.0000
44.0144 642 -27 1327 657 5.1591 10.0000 -0.0369 -0.0000 650.0000
44.0211 537 27 1272 762 5.3136 10.0000 -0.1217 -0.0000 650.0000
44.0278 637 26 1273 662 5.3550 10.0000 -0.0639 -0.0000 650.0000
44.0345 684 -34 1334 615 5.2937 10.0000 -0.0376 -0.0000 650.0000
44.0412 561 19 1280 738 5.4248 10.0000 -0.1133 -0.0000 650.0000
44.0479 632 -44 1344 667 5.4015 10.0000 -0.1789 -0.0000 650.0000
44.0545 643 47 1252 656 5.4663 10.0000 -0.1018 -0.0000 650.0000
44.0612 572 -14 1314 727 5.5461 10.0000 -0.2254 -0.0000 650.0000
44.0679 642 -41 1341 657 5.5212 10.0000 -0.2827 -0.0000 650.0000
44.0745 611 85 1214 688 5.6522 10.0000 -0.2053 -0.0000 650.0000
44.0811 642 -18 1318 657 5.6398 10.0000 -0.2394 -0.0000 650.0000
44.0878 606 -25 1325 693 5.6718 10.0000 -0.3385 -0.0000 650.0000
44.0945 629 13 1286 670 5.7281 10.0000 -0.3288 -0.0000 650.0000
44.1012 675 -47 1347 624 5.6654 10.0000 -0.3355 -0.0000 650.0000
44.1077 553 7 1292 746 5.7964 10.0000 -0.4382 -0.0000 650.0000
44.1143 698 -18 1318 601 5.7636 10.0000 -0.3533 -0.0000 650.0000
44.1210 648 -43 1343 651 5.7618 10.0000 -0.3725 -0.0000 650.0000
44.1277 579 -26 1326 720 5.8555 10.0000 -0.4614 -0.0000 650.0000
44.1343 704 9 1290 595 5.8663 10.0000 -0.3080 -0.0000 650.0000
44.1409 599 2 1297 700 5.9875 10.0000 -0.3178 -0.0000 650.0000
44.1476 603 -17 1317 696 6.0746 10.0000 -0.3517 -0.0000 650.0000
44.1543 707 -20 1320 592 6.0311 10.0000 -0.2456 -0.0000 650.0000
44.1609 606 -48 1348 693 6.0674 10.0000 -0.3391 -0.0000 650.0000
44.1676 597 3 1296 702 6.1579 10.0000 -0.3717 -0.0000 650.0000
44.1742 701 -63 1363 598 6.0559 10.0000 -0.3611 -0.0000 650.0000
44.1808 583 6 1293 716 6.1549 10.0000 -0.4312 -0.0000 650.0000
44.1875 640 -44 1344 659 6.1348 10.0000 -0.5005 -0.0000 650.0000
44.1942 678 -41 1341 621 6.0728 10.0000 -0.5123 -0.0000 650.0000
44.2009 617 -28 1328 682 6.0898 10.0000 -0.6013 -0.0000 650.0000
44.2075 674 -26 1326 625 6.0562 10.0000 -0.5995 -0.0000 650.0000
44.2142 638 -22 1322 661 6.0669 10.0000 -0.6420 -0.0000 650.0000
44.2208 620 -27 1327 679 6.0893 10.0000 -0.7164 -0.0000 650.0000
44.2275 667 -57 1357 632 6.0361 10.0000 -0.7510 -0.0000 650.0000
44.2341 625 18 1281 674 6.1158 10.0000 -0.7283 -0.0000 650.0000
44.2408 568 39 1260 731 6.2778 10.0000 -0.7519 -0.0000 650.0000
44.2475 665 -47 1347 634 6.2509 10.0000 -0.7499 -0.0000 650.0000
44.2541 668 -1 1301 631 6.2752 10.0000 -0.6682 -0.0000 650.0000
44.2608 613 9 1290 686 6.3737 10.0000 -0.6496 -0.0000 650.0000
44.2674 652 -64 1364 647 6.3541 10.0000 -0.6808 -0.0000 650.0000
44.2740 629 24 1275 670 6.4559 10.0000 -0.6148 -0.0000 650.0000
44.2807 644 -21 1321 655 6.4833 10.0000 -0.5968 -0.0000 650.0000
44.2874 664 -82 1382 635 6.4077 10.0000 -0.6514 -0.0000 650.0000
44.2941 657 -11 1311 642 6.4171 10.0000 -0.6107 -0.0000 650.0000
44.3008 630 -44 1344 669 6.4148 10.0000 -0.6684 -0.0000 650.0000
44.3074 657 -56 1356 642 6.3557 10.0000 -0.7070 -0.0000 650.0000
44.3141 636 30 1269 663 6.4134 10.0000 -0.6494 -0.0000 650.0000
44.3208 669 -82 1382 630 6.3126 10.0000 -0.7134 -0.0000 650.0000
44.3275 703 -71 1371 596 6.1938 10.0000 -0.7106 -0.0000 650.0000
44.3341 619 56 1243 680 6.3109 10.0000 -0.6435 -0.0000 650.0000
44.3408 644 -92 1392 655 6.2476 10.0000 -0.7554 -0.0000 650.0000
44.3475 692 -54 1354 607 6.1783 10.0000 -0.7353 -0.0000 650.0000
44.3541 629 45 1254 670 6.2884 10.0000 -0.6542 -0.0000 650.0000
44.3608 606 -106 1406 693 6.2606 10.0000 -0.8237 -0.0000 650.0000
44.3675 693 -2 1302 606 6.2541 10.0000 -0.7089 -0.0000 650.0000
44.3741 635 11 1288 664 6.3253 10.0000 -0.6600 -0.0000 650.0000
44.3808 620 -107 1407 679 6.2855 10.0000 -0.8043 -0.0000 650.0000
44.3874 714 1 1298 585 6.2612 10.0000 -0.6506 -0.0000 650.0000
44.3941 641 41 1258 658 6.3484 9.5312 -0.5559 -0.0000 650.0000
44.4007 580 -118 1418 719 6.3215 9.5312 -0.7884 -0.0000 650.0000
44.4074 738 -1 1301 561 6.2478 9.5312 -0.6153 -0.0000 650.0000
44.4141 607 29 1270 692 6.3510 9.5312 -0.6022 -0.0000 650.0000
44.4207 576 -85 1385 723 6.3604 9.5312 -0.8049 -0.0000 650.0000
44.4273 732 26 1273 567 6.3221 9.5312 -0.6128 -0.0000 650.0000
44.4339 603 -69 1369 696 6.3215 9.5312 -0.7578 -0.0000 650.0000
44.4406 548 -40 1340 751 6.4135 9.5312 -0.9353 -0.0000 650.0000
44.4472 748 -28 1328 551 6.2981 9.5312 -0.7896 -0.0000 650.0000
44.4539 521 -23 1323 778 6.3604 6.0156 -0.9749 -0.0000 650.0000
44.4606 534 15 1284 765 6.4538 6.0156 -1.0751 -0.0000 650.0000
44.4673 649 48 1251 650 6.4553 6.0156 -0.9515 -0.0000 650.0000
44.4739 543 -2 1302 756 6.5110 6.0156 -1.0603 -0.0000 650.0000
44.4806 568 -19 1319 731 6.5300 6.0156 -1.1543 -0.0000 650.0000
44.4872 637 16 1283 662 6.5158 6.0156 -1.0863 -0.0000 650.0000
44.4938 582 -22 1322 717 6.5026 6.0156 -1.1610 -0.0000 650.0000
44.5005 634 14 1285 665 6.4734 6.0156 -1.1053 -0.0000 650.0000
44.5072 583 -26 1326 716 6.4618 6.0156 -1.1960 -0.0000 650.0000
44.5138 712 41 1258 587 6.3717 6.0156 -0.9898 -0.0000 650.0000
44.5205 579 34 1265 720 6.4046 6.0156 -1.0003 -0.0000 650.0000
44.5271 572 -2 1302 727 6.3911 6.0156 -1.0778 -0.0000 650.0000
44.5337 686 91 1208 613 6.3573 6.0156 -0.8475 -0.0000 650.0000
44.5404 540 -7 1307 759 6.3748 6.0156 -0.9783 -0.0000 650.0000
44.5470 549 0 1300 750 6.3856 6.0156 -1.0784 -0.0000 650.0000
44.5537 543 85 1214 756 6.4859 6.0156 -1.0604 -0.0000 650.0000
44.5604 627 -7 1307 672 6.4056 6.0156 -1.0611 -0.0000 650.0000
44.5670 505 29 1270 794 6.5094 6.0156 -1.1846 -0.0000 650.0000
44.5736 543 18 1281 756 6.5657 6.0156 -1.2549 -0.0000 650.0000
44.5803 628 36 1263 671 6.5516 6.0156 -1.1762 -0.0000 650.0000
44.5869 620 44 1255 679 6.5609 6.0156 -1.1001 -0.0000 650.0000
44.5936 539 4 1295 760 6.6586 6.0156 -1.2087 -0.0000 650.0000
44.6003 558 -5 1305 741 6.7326 6.0156 -1.2904 -0.0000 650.0000
44.6069 663 93 1206 636 6.8005 6.0156 -1.0589 -0.0000 650.0000
44.6135 600 4 1295 699 6.8173 6.0156 -1.0646 -0.0000 650.0000
44.6201 601 -39 1339 698 6.7761 6.0156 -1.1318 -0.0000 650.0000
44.6268 544 71 1228 755 6.9198 6.0156 -1.1282 -0.0000 650.0000
44.6334 683 -8 1308 616 6.8269 6.0156 -1.0357 -0.0000 650.0000
44.6400 622 49 1250 677 6.8567 6.0156 -0.9472 -0.0000 650.0000
44.6466 616 -25 1325 683 6.7960 6.0156 -0.9895 -0.0000 650.0000
44.6533 664 -23 1323 635 6.6691 6.0156 -0.9599 -0.0000 650.0000
44.6599 632 66 1233 667 6.6788 6.0156 -0.8494 -0.0000 650.0000
44.6666 675 -13 1313 624 6.5558 6.0156 -0.7808 -0.0000 650.0000
44.6733 567 -11 1311 732 6.5340 6.0156 -0.8632 -0.0000 650.0000
44.6799 641 24 1275 658 6.4655 6.0156 -0.7771 -0.0000 650.0000
44.6865 668 34 1265 631 6.3823 6.0156 -0.6227 -0.0000 650.0000
44.6932 554 5 1294 745 6.3849 6.0156 -0.6719 -0.0000 650.0000
44.6999 594 37 1262 705 6.2354 -0.0000 -0.6084 -0.0000 650.0000
44.7065 565 85 1214 734 6.1684 -0.0000 -0.5077 -0.0000 650.0000
44.7132 480 76 1223 819 6.1854 -0.0000 -0.5420 -0.0000 650.0000
44.7199 523 75 1224 776 6.1483 -0.0000 -0.5066 -0.0000 650.0000
44.7265 497 80 1219 802 6.1310 -0.0000 -0.5086 -0.0000 650.0000
44.7331 570 83 1216 729 6.0509 -0.0000 -0.4138 -0.0000 650.0000
44.7398 400 78 1221 899 6.1635 -0.0000 -0.5908 -0.0000 650.0000
44.7464 490 61 1238 809 6.1773 -0.0000 -0.6597 -0.0000 650.0000
44.7530 525 90 1209 774 6.1793 -0.0000 -0.6525 -0.0000 650.0000
44.7597 588 79 1220 711 6.0920 -0.0000 -0.5717 -0.0000 650.0000
44.7663 507 63 1236 792 6.0808 -0.0000 -0.6876 -0.0000 650.0000
44.7729 451 101 1198 848 6.1648 -0.0000 -0.8231 -0.0000 650.0000
44.7796 510 46 1253 789 6.1406 -0.0000 -0.9765 -0.0000 650.0000
44.7863 443 136 1163 856 6.2815 -0.0000 -1.0834 -0.0000 650.0000
44.7929 603 101 1198 696 6.2208 -0.0000 -1.0224 -0.0000 650.0000
44.7995 588 106 1193 711 6.1648 -0.0000 -0.9591 -0.0000 650.0000
44.8062 584 123 1176 715 6.1425 -0.0000 -0.8728 -0.0000 650.0000
44.8129 572 3 1296 727 5.9881 -0.0000 -0.9453 -0.0000 650.0000
44.8195 471 57 1242 828 6.0179 -0.0000 -1.0879 -0.0000 650.0000
44.8262 502 109 1190 797 6.0452 -0.0000 -1.0647 -0.0000 650.0000
44.8328 485 89 1210 814 6.0667 -0.0000 -1.1032 -0.0000 650.0000
44.8395 614 206 1093 685 6.0496 -0.0000 -0.7436 -0.0000 650.0000
44.8461 596 68 1231 703 5.8970 -0.0000 -0.6325 -0.0000 650.0000
44.8528 556 118 1181 743 5.8241 -0.0000 -0.4813 -0.0000 650.0000
44.8595 508 102 1197 791 5.7726 -0.0000 -0.4464 -0.0000 650.0000
44.8661 391 91 1208 908 5.8255 -0.0000 -0.5972 -0.0000 650.0000
44.8727 447 134 1165 852 5.8665 -0.0000 -0.6262 -0.0000 650.0000
44.8794 471 108 1191 828 5.8550 -0.0000 -0.6660 -0.0000 650.0000
44.8860 561 129 1170 738 5.7840 -0.0000 -0.5642 -0.0000 650.0000
44.8927 590 138 1161 709 5.6919 -0.0000 -0.3877 -0.0000 650.0000
44.8994 502 96 1203 797 5.6778 -0.0000 -0.4138 -0.0000 650.0000
44.9060 523 98 1201 776 5.6479 -0.0000 -0.3898 -0.0000 650.0000
44.9127 371 141 1158 928 5.8381 -0.0000 -0.5418 -0.0000 650.0000
44.9193 358 130 1169 941 6.0230 -0.0000 -0.6987 -0.0000 650.0000
44.9260 406 163 1136 893 6.1645 -0.0000 -0.7231 -0.0000 650.0000
44.9326 374 76 1223 925 6.2408 -0.0000 -0.9090 -0.0000 650.0000
44.9393 436 152 1147 863 6.3121 -0.0000 -0.9089 -0.0000 650.0000
44.9459 505 136 1163 794 6.3073 -0.0000 -0.8893 -0.0000 650.0000
44.9526 441 48 1251 858 6.2420 -0.0000 -1.0845 -0.0000 650.0000
44.9593 467 190 1109 832 6.2971 -0.0000 -1.0668 -0.0000 650.0000
44.9659 515 169 1130 784 6.2902 -0.0000 -1.0467 -0.0000 650.0000
44.9725 617 208 1091 682 6.2078 -0.0000 -0.7872 -0.0000 650.0000
44.9791 559 61 1238 740 6.0609 -0.0000 -0.8041 -0.0000 650.0000
44.9857 566 145 1154 733 6.0207 -0.0000 -0.6785 -0.0000 650.0000
44.9923 669 156 1143 630 5.8752 -0.0000 -0.3668 -0.0000 650.0000
44.9990 623 147 1152 676 5.7388 -0.0000 -0.1446 -0.0000 650.0000
45.0056 584 189 1110 715 5.6473 -0.0000 0.0823 -0.0000 650.0000
45.0123 560 131 1168 739 5.5016 -0.0000 0.1411 -0.0000 650.0000
45.0189 442 150 1149 857 5.4523 -0.0000 0.0550 -0.0000 650.0000
45.0255 474 132 1167 825 5.3430 -0.0000 0.0074 -0.0000 650.0000
45.0322 468 204 1095 831 5.3134 -0.0000 0.0818 -0.0000 650.0000
45.0388 525 176 1123 774 5.2148 -0.0000 0.2105 -0.0000 650.0000
45.0455 591 201 1098 708 5.0814 -0.0000 0.4712 -0.0000 650.0000
45.0521 558 134 1165 741 4.9198 -0.0000 0.5489 -0.0000 650.0000
45.0587 491 208 1091 808 4.9083 -0.0000 0.6091 -0.0000 650.0000
45.0654 412 109 1190 887 4.8716 -0.0000 0.4102 -0.0000 650.0000
45.0720 348 202 1097 951 5.0416 -0.0000 0.2835 -0.0000 650.0000
45.0787 437 161 1138 862 5.0554 -0.0000 0.2701 -0.0000 650.0000
45.0853 366 204 1095 933 5.2072 -0.0000 0.2180 -0.0000 650.0000
45.0919 442 251 1048 857 5.3011 -0.0000 0.3537 -0.0000 650.0000
45.0986 442 141 1158 857 5.2720 -0.0000 0.2828 -0.0000 650.0000
45.1053 475 238 1061 824 5.2952 -0.0000 0.4213 -0.0000 650.0000
45.1119 497 207 1092 802 5.2764 -0.0000 0.5463 -0.0000 650.0000
45.1186 557 205 1094 742 5.2205 -0.0000 0.7167 -0.0000 650.0000
45.1252 520 161 1138 779 5.1325 -0.0000 0.8195 -0.0000 650.0000
45.1318 506 257 1042 793 5.1278 -0.0000 1.0197 -0.0000 650.0000
45.1384 521 273 1026 778 5.1267 -0.0000 1.2031 -0.0000 650.0000
45.1450 595 186 1113 704 4.9358 -0.0000 1.3902 -0.0000 650.0000
45.1516 561 156 1143 738 4.7867 -0.0000 1.4858 -0.0000 650.0000
45.1583 518 217 1082 781 4.7632 -0.0000 1.6012 -0.0000 650.0000
45.1649 573 185 1114 726 4.6390 -0.0000 1.7418 -0.0000 650.0000
45.1716 468 184 1115 831 4.6189 -0.0000 1.6937 -0.0000 650.0000
45.1781 430 242 1057 869 4.6803 -0.0000 1.7085 -0.0000 650.0000
45.1848 388 116 1183 911 4.6750 -0.0000 1.4599 -0.0000 650.0000
45.1914 287 250 1049 1012 4.8924 -0.0000 1.2941 -0.0000 650.0000
45.1981 421 121 1178 878 4.8100 -0.0000 1.1232 -0.0000 650.0000
45.2048 364 224 1075 935 4.8834 -0.0000 1.0406 -0.0000 650.0000
45.2116 308 135 1164 991 4.9440 -0.0000 0.7695 -0.0000 650.0000
45.2183 343 208 1091 956 5.0793 -0.0000 0.6308 -0.0000 650.0000
45.2249 351 102 1197 948 5.0668 -0.0000 0.4082 -0.0000 650.0000
45.2316 334 104 1195 965 5.0772 -0.0000 0.1536 -0.0000 650.0000
45.2383 389 33 1266 910 4.9757 -0.0000 -0.1660 -0.0000 650.0000
45.2449 469 208 1091 830 4.9822 -0.0000 -0.1021 -0.0000 650.0000
45.2516 525 153 1146 774 4.8622 -0.0000 -0.0220 -0.0000 650.0000
45.2583 540 292 1007 759 4.8353 -0.0000 0.2619 -0.0000 650.0000
45.2649 590 265 1034 709 4.6824 -0.0000 0.5711 -0.0000 650.0000
45.2715 548 259 1040 751 4.5798 -0.0000 0.7531 -0.0000 650.0000
45.2782 577 207 1092 722 4.3781 -0.0000 0.9511 -0.0000 650.0000
45.2848 442 170 1129 857 4.2737 -0.0000 0.9277 -0.0000 650.0000
45.2915 489 175 1124 810 4.1285 -0.0000 0.9592 -0.0000 650.0000
45.2982 504 316 983 795 4.0818 -0.0000 1.2680 -0.0000 650.0000
45.3049 515 146 1153 784 3.8266 -0.0000 1.3198 -0.0000 650.0000
45.3115 487 250 1049 812 3.7532 -0.0000 1.4450 -0.0000 650.0000
45.3182 549 240 1059 750 3.6105 -0.0000 1.6831 -0.0000 650.0000
45.3248 554 266 1033 745 3.5242 -0.0000 1.9583 -0.0000 650.0000
45.3315 457 221 1078 842 3.4941 -0.0000 2.0170 -0.0000 650.0000
45.3381 513 257 1042 786 3.4581 -0.0000 2.1923 -0.0000 650.0000
45.3448 496 172 1127 803 3.3729 -0.0000 2.2153 -0.0000 650.0000
45.3514 354 225 1074 945 3.4693 -0.0000 2.1437 -0.0000 650.0000
45.3581 440 201 1098 859 3.4528 -0.0000 2.1182 -0.0000 650.0000
45.3647 362 141 1158 937 3.4328 -0.0000 1.8742 -0.0000 650.0000
45.3714 303 234 1065 996 3.5751 -0.0000 1.6871 -0.0000 650.0000
45.3781 357 144 1155 942 3.5556 -0.0000 1.4525 -0.0000 650.0000
45.3847 316 198 1101 983 3.6322 -0.0000 1.2240 -0.0000 650.0000
45.3914 347 113 1186 952 3.5971 -0.0000 0.8809 -0.0000 650.0000
45.3981 380 162 1137 919 3.5771 -0.0000 0.6624 -0.0000 650.0000
45.4047 431 181 1118 868 3.5268 -0.0000 0.5826 -0.0000 650.0000
45.4114 522 292 1007 777 3.4731 -0.0000 0.7807 -0.0000 650.0000
45.4180 576 307 992 723 3.3803 -0.0000 1.1040 -0.0000 650.0000
45.4247 538 355 944 761 3.4135 -0.0000 1.4112 -0.0000 650.0000
45.4313 477 191 1108 822 3.3277 -0.0000 1.4543 -0.0000 650.0000
45.4380 493 194 1105 806 3.2028 -0.0000 1.5505 -0.0000 650.0000
45.4446 369 285 1014 930 3.2962 -0.0000 1.5583 -0.0000 650.0000
45.4513 388 209 1090 911 3.2706 -0.0000 1.5301 -0.0000 650.0000
45.4580 406 237 1062 893 3.2732 -0.0000 1.5878 -0.0000 650.0000
45.4646 385 188 1111 914 3.2581 -0.0000 1.5025 -0.0000 650.0000
45.4712 312 200 1099 987 3.3252 -0.0000 1.3590 -0.0000 650.0000
45.4779 321 169 1130 978 3.3442 -0.0000 1.1586 -0.0000 650.0000
45.4845 289 202 1097 1010 3.4276 -0.0000 0.9229 -0.0000 650.0000
45.4912 406 213 1086 893 3.3826 -0.0000 0.8930 -0.0000 650.0000
45.4979 397 131 1168 902 3.2511 -0.0000 0.6962 -0.0000 650.0000
45.5045 494 172 1127 805 3.0691 -0.0000 0.7328 -0.0000 650.0000
45.5112 536 169 1130 763 2.8800 -0.0000 0.7990 -0.0000 650.0000
45.5178 511 260 1039 788 2.8148 -0.0000 0.9678 -0.0000 650.0000
45.5245 452 267 1032 847 2.8062 -0.0000 1.0860 -0.0000 650.0000
45.5311 434 328 971 865 2.8658 -0.0000 1.2639 -0.0000 650.0000
45.5378 377 217 1082 922 2.8792 -0.0000 1.2443 -0.0000 650.0000
45.5444 398 239 1060 901 2.9054 -0.0000 1.2689 -0.0000 650.0000
45.5511 414 163 1136 885 2.7935 -0.0000 1.2401 -0.0000 650.0000
45.5578 308 151 1148 991 2.7626 -0.0000 1.0355 -0.0000 650.0000
45.5644 312 165 1134 987 2.7668 -0.0000 0.8223 -0.0000 650.0000
45.5711 281 139 1160 1018 2.7763 -0.0000 0.5187 -0.0000 650.0000
45.5777 401 275 1024 898 2.8050 -0.0000 0.6278 -0.0000 650.0000
45.5844 429 255 1044 870 2.7707 -0.0000 0.6760 -0.0000 650.0000
45.5910 532 332 967 767 2.7021 -0.0000 1.0032 -0.0000 650.0000
45.5977 549 274 1025 750 2.5752 -0.0000 1.2456 -0.0000 650.0000
45.6044 458 303 996 841 2.5591 -0.0000 1.4296 -0.0000 650.0000
45.6111 444 205 1094 855 2.4350 -0.0000 1.4316 -0.0000 650.0000
45.6177 289 188 1111 1010 2.4583 -0.0000 1.1598 -0.0000 650.0000
45.6244 270 197 1102 1029 2.5120 -0.0000 0.9269 -0.0000 650.0000
45.6310 293 192 1107 1006 2.5358 -0.0000 0.7290 -0.0000 650.0000
45.6376 333 242 1057 966 2.5543 -0.0000 0.6657 -0.0000 650.0000
45.6443 342 206 1093 957 2.5431 -0.0000 0.5374 -0.0000 650.0000
45.6509 462 242 1057 837 2.4445 -0.0000 0.6227 -0.0000 650.0000
45.6575 510 243 1056 789 2.2996 -0.0000 0.8177 -0.0000 650.0000
45.6642 527 238 1061 772 2.1471 -0.0000 0.9887 -0.0000 650.0000
45.6708 413 253 1046 886 2.1522 -0.0000 1.0433 -0.0000 650.0000
45.6775 329 213 1086 970 2.2083 -0.0000 0.8829 -0.0000 650.0000
45.6842 281 177 1122 1018 2.2602 -0.0000 0.6544 -0.0000 650.0000
45.6908 276 160 1139 1023 2.3012 -0.0000 0.3997 -0.0000 650.0000
45.6975 373 260 1039 926 2.3374 -0.0000 0.4155 -0.0000 650.0000
45.7042 462 264 1035 837 2.2749 -0.0000 0.5834 -0.0000 650.0000
45.7108 491 284 1015 808 2.1958 -0.0000 0.8000 -0.0000 650.0000
45.7175 502 277 1022 797 2.0902 -0.0000 1.0565 -0.0000 650.0000
45.7242 504 246 1053 795 1.9600 -0.0000 1.2677 -0.0000 650.0000
45.7308 394 271 1028 905 1.9460 -0.0000 1.3218 -0.0000 650.0000
45.7375 297 136 1163 1002 1.8920 -0.0000 1.0423 -0.0000 650.0000
45.7442 270 177 1122 1029 1.9067 -0.0000 0.7737 -0.0000 650.0000
45.7508 239 187 1112 1060 1.9342 -0.0000 0.5142 -0.0000 650.0000
45.7575 298 264 1035 1001 1.9855 -0.0000 0.4112 -0.0000 650.0000
45.7641 393 258 1041 906 1.9475 -0.0000 0.4347 -0.0000 650.0000
45.7708 462 264 1035 837 1.8530 -0.0000 0.5969 -0.0000 650.0000
45.7775 460 374 925 839 1.8783 -0.0000 0.8832 -0.0000 650.0000
45.7842 403 292 1007 896 1.8707 -0.0000 0.9741 -0.0000 650.0000
45.7909 342 295 1004 957 1.9418 -0.0000 0.9406 -0.0000 650.0000
45.7976 290 246 1053 1009 2.0107 -0.0000 0.8132 -0.0000 650.0000
45.8043 403 206 1093 896 1.9072 -0.0000 0.7961 -0.0000 650.0000
45.8109 414 274 1025 885 1.8569 -0.0000 0.9274 -0.0000 650.0000
45.8176 497 299 1000 802 1.7599 -0.0000 1.1724 -0.0000 650.0000
45.8242 483 354 945 816 1.7390 -0.0000 1.4702 -0.0000 650.0000
45.8309 510 330 969 789 1.6790 -0.0000 1.7858 -0.0000 650.0000
45.8375 296 183 1116 1003 1.6832 -0.0000 1.5670 -0.0000 650.0000
45.8442 259 205 1094 1040 1.7354 -0.0000 1.3478 -0.0000 650.0000
45.8508 211 216 1083 1088 1.8590 -0.0000 1.0390 -0.0000 650.0000
45.8574 311 188 1111 988 1.8329 -0.0000 0.8987 -0.0000 650.0000
45.8641 280 280 1019 1019 1.9555 -0.0000 0.8205 -0.0000 650.0000
45.8707 385 251 1048 914 1.9219 -0.0000 0.8124 -0.0000 650.0000
45.8774 489 366 933 810 1.9211 -0.0000 1.1222 -0.0000 650.0000
45.8840 437 360 939 862 1.9681 -0.0000 1.2925 -0.0000 650.0000
45.8907 275 265 1034 1024 2.0864 -0.0000 1.1076 -0.0000 650.0000
45.8973 286 233 1066 1013 2.1476 -0.0000 0.8924 -0.0000 650.0000
45.9039 393 272 1027 906 2.1302 -0.0000 0.9552 -0.0000 650.0000
45.9106 440 346 953 859 2.1347 -0.0000 1.1570 -0.0000 650.0000
45.9172 458 351 948 841 2.1172 -0.0000 1.4197 -0.0000 650.0000
45.9239 405 344 955 894 2.1585 -0.0000 1.5535 -0.0000 650.0000
45.9306 405 245 1054 894 2.0933 -0.0000 1.5709 -0.0000 650.0000
45.9372 333 228 1071 966 2.0944 -0.0000 1.4396 -0.0000 650.0000
45.9438 364 275 1024 935 2.1022 -0.0000 1.4389 -0.0000 650.0000
45.9505 377 225 1074 922 2.0540 -0.0000 1.3536 -0.0000 650.0000
45.9571 443 278 1021 856 1.9767 -0.0000 1.4303 -0.0000 650.0000
45.9637 515 329 970 784 1.8888 -0.0000 1.7199 -0.0000 650.0000
45.9704 543 235 1064 756 1.6622 -0.0000 1.8842 -0.0000 650.0000
45.9769 421 264 1035 878 1.5932 -0.0000 1.9157 -0.0000 650.0000
45.9836 332 273 1026 967 1.6325 -0.0000 1.7952 -0.0000 650.0000
45.9902 324 278 1021 975 1.6692 -0.0000 1.7271 -0.0000 650.0000
45.9969 286 285 1014 1013 1.7468 -0.0000 1.6205 -0.0000 650.0000
46.0036 313 214 1085 986 1.7116 -0.0000 1.4046 -0.0000 650.0000
46.0102 285 203 1096 1014 1.6853 -0.0000 1.1793 -0.0000 650.0000
46.0169 407 260 1039 892 1.6019 -0.0000 1.2200 -0.0000 650.0000
46.0235 472 300 999 827 1.4930 -0.0000 1.4300 -0.0000 650.0000
46.0302 541 332 967 758 1.3639 -0.0000 1.7301 -0.0000 650.0000
46.0369 459 305 994 840 1.2847 -0.0000 1.8522 -0.0000 650.0000
46.0435 389 263 1036 910 1.2385 -0.0000 1.8299 -0.0000 650.0000
46.0502 355 261 1038 944 1.2133 -0.0000 1.7648 -0.0000 650.0000
46.0568 269 228 1071 1030 1.2256 -0.0000 1.5556 -0.0000 650.0000
46.0634 225 193 1106 1074 1.2547 -0.0000 1.1983 -0.0000 650.0000
46.0701 240 202 1097 1059 1.2718 -0.0000 0.9013 -0.0000 650.0000
46.0768 411 297 1002 888 1.2291 -0.0000 1.0407 -0.0000 650.0000
46.0834 489 296 1003 810 1.1004 -0.0000 1.2554 -0.0000 650.0000
46.0901 448 420 879 851 1.1617 -0.0000 1.6100 -0.0000 650.0000
46.0967 290 272 1027 1009 1.2340 -0.0000 1.4698 -0.0000 650.0000
46.1033 275 232 1067 1024 1.2787 -0.0000 1.2845 -0.0000 650.0000
46.1099 328 267 1032 971 1.3041 -0.0000 1.2231 -0.0000 650.0000
46.1166 345 235 1064 954 1.2683 -0.0000 1.1856 -0.0000 650.0000
46.1232 475 334 965 824 1.2042 -0.0000 1.4410 -0.0000 650.0000
46.1299 455 374 925 844 1.2080 -0.0000 1.7299 -0.0000 650.0000
46.1365 459 347 952 840 1.1963 -0.0000 1.9327 -0.0000 650.0000
46.1432 358 309 990 941 1.2511 -0.0000 1.9538 -0.0000 650.0000
46.1498 294 272 1027 1005 1.3345 -0.0000 1.7986 -0.0000 650.0000
46.1565 361 187 1112 938 1.2300 -0.0000 1.6469 -0.0000 650.0000
46.1632 441 278 1021 858 1.1486 -0.0000 1.7165 -0.0000 650.0000
46.1699 485 354 945 814 1.0694 -0.0000 1.9545 -0.0000 650.0000
46.1766 474 273 1026 825 0.9279 -0.0000 2.0695 -0.0000 650.0000
46.1833 379 245 1054 920 0.8441 -0.0000 1.9940 -0.0000 650.0000
46.1900 258 247 1052 1041 0.8853 -0.0000 1.7587 -0.0000 650.0000
46.1967 190 173 1126 1109 0.9247 -0.0000 1.2886 -0.0000 650.0000
46.2034 249 173 1126 1050 0.9018 -0.0000 0.9737 -0.0000 650.0000
46.2100 368 207 1092 931 0.7967 -0.0000 0.8751 -0.0000 650.0000
46.2170 500 328 971 799 0.6680 -0.0000 1.1422 -0.0000 650.0000
46.2237 350 326 973 949 0.7223 -0.0000 1.1714 -0.0000 650.0000
46.2304 261 263 1036 1038 0.8041 -0.0000 0.9414 -0.0000 650.0000
46.2370 287 174 1125 1012 0.7743 -0.0000 0.6434 -0.0000 650.0000
46.2436 452 315 984 847 0.7145 -0.0000 0.7952 -0.0000 650.0000
46.2503 467 329 970 832 0.6504 -0.0000 1.0321 -0.0000 650.0000
46.2569 385 378 921 914 0.7174 -0.0000 1.2004 -0.0000 650.0000
46.2635 303 249 1050 996 0.7311 -0.0000 1.0804 -0.0000 650.0000
46.2702 249 205 1094 1050 0.7603 -0.0000 0.7858 -0.0000 650.0000
46.2768 234 203 1096 1065 0.8099 -0.0000 0.5101 -0.0000 650.0000
46.2834 358 221 1078 941 0.7525 -0.0000 0.4357 -0.0000 650.0000
46.2901 501 319 980 798 0.6505 -0.0000 0.7572 -0.0000 650.0000
46.2967 411 306 993 888 0.6350 -0.0000 0.8775 -0.0000 650.0000
46.3034 270 249 1050 1029 0.7099 -0.0000 0.7145 -0.0000 650.0000
46.3101 300 156 1143 999 0.6526 -0.0000 0.4397 -0.0000 650.0000
46.3167 389 228 1071 910 0.5816 -0.0000 0.4268 -0.0000 650.0000
46.3233 398 279 1020 901 0.5439 -0.0000 0.4823 -0.0000 650.0000
46.3300 397 284 1015 902 0.5013 -0.0000 0.5896 -0.0000 650.0000
46.3366 321 233 1066 978 0.4848 -0.0000 0.4759 -0.0000 650.0000
46.3433 249 168 1131 1050 0.4734 -0.0000 0.1953 -0.0000 650.0000
46.3499 242 144 1155 1057 0.4481 -0.0000 -0.1634 -0.0000 650.0000
46.3566 366 263 1036 933 0.4060 -0.7031 -0.1194 -0.0000 650.0000
46.3632 478 270 1029 821 0.2598 -0.7031 0.0536 -0.0000 650.0000
46.3699 390 323 976 909 0.2683 -0.7031 0.1999 -0.0000 650.0000
46.3765 270 127 1172 1029 0.1936 -0.7031 -0.1590 -0.0000 650.0000
46.3832 261 163 1136 1038 0.1616 -0.7031 -0.4374 -0.0000 650.0000
46.3898 313 186 1113 986 0.1095 -0.7031 -0.6306 -0.0000 650.0000
46.3965 436 272 1027 863 0.0151 -0.7031 -0.4797 -0.0000 650.0000
46.4032 402 276 1023 897 -0.0235 -0.7031 -0.3970 -0.0000 650.0000
46.4099 287 235 1064 1012 -0.0434 -3.2812 -0.5274 -0.0000 650.0000
46.4166 274 212 1087 1025 -0.0511 -3.2812 -0.7109 -0.0000 650.0000
46.4233 388 195 1104 911 -0.2102 -3.2812 -0.6986 -0.0000 650.0000
46.4299 422 316 983 877 -0.2754 -3.2812 -0.4996 -0.0000 650.0000
46.4366 346 239 1060 953 -0.3473 -3.2812 -0.4969 -0.0000 650.0000
46.4433 267 216 1083 1032 -0.3504 -3.2812 -0.6669 -0.0000 650.0000
46.4499 291 171 1128 1008 -0.4408 -3.2812 -0.8271 -0.0000 650.0000
46.4565 351 200 1099 948 -0.5855 -3.2812 -0.8841 -0.0000 650.0000
46.4633 457 345 954 842 -0.6992 -3.2812 -0.5331 -0.0000 650.0000
46.4700 297 255 1044 1002 -0.7821 -5.0781 -0.5985 -0.0000 650.0000
46.4767 237 275 1024 1062 -0.7912 -5.0781 -0.7049 -0.0000 650.0000
46.4834 309 233 1066 990 -0.9199 -5.0781 -0.8107 -0.0000 650.0000
46.4901 416 305 994 883 -1.0850 -5.0781 -0.6301 -0.0000 650.0000
46.4967 352 461 838 947 -1.0121 -5.0781 -0.3502 -0.0000 650.0000
46.5034 267 297 1002 1032 -1.0342 -5.0781 -0.4174 -0.0000 650.0000
46.5101 232 317 982 1067 -1.0007 -5.0781 -0.5404 -0.0000 650.0000
46.5167 258 325 974 1041 -0.9709 -5.0781 -0.5821 -0.0000 650.0000
46.5233 359 483 816 940 -0.9711 -9.1406 -0.2760 -0.0000 650.0000
46.5300 282 525 774 1017 -0.8284 -9.1406 -0.0136 -0.0000 650.0000
46.5366 211 405 894 1088 -0.7413 -9.1406 -0.0721 -0.0000 650.0000
46.5433 234 310 989 1065 -0.7543 -9.1406 -0.2203 -0.0000 650.0000
46.5499 389 392 907 910 -0.8506 -9.1406 -0.0057 -0.0000 650.0000
46.5566 256 436 863 1043 -0.7301 -9.1406 0.0920 -0.0000 650.0000
46.5633 244 274 1025 1055 -0.7872 -9.1406 -0.0442 -0.0000 650.0000
46.5699 368 357 942 931 -0.8856 -9.1406 0.1122 -0.0000 650.0000
46.5765 443 452 847 856 -0.9779 -9.1406 0.5291 -0.0000 650.0000
46.5832 304 425 874 995 -0.9656 -9.1406 0.6904 -0.0000 650.0000
46.5899 219 321 978 1080 -0.9977 -9.1406 0.5692 -0.0000 650.0000
46.5965 316 370 929 983 -1.0957 -9.1406 0.6709 -0.0000 650.0000
46.6031 337 415 884 962 -1.1802 -9.1406 0.8409 -0.0000 650.0000
46.6098 215 321 978 1084 -1.2457 -9.1406 0.7187 -0.0000 650.0000
46.6164 190 258 1041 1109 -1.3534 -9.1406 0.4530 -0.0000 650.0000
46.6230 344 327 972 955 -1.5441 -9.1406 0.5370 -0.0000 650.0000
46.6297 350 493 806 949 -1.5742 -9.1406 0.8541 -0.0000 650.0000
46.6364 267 414 885 1032 -1.5961 -9.1406 0.9240 -0.0000 650.0000
46.6431 303 322 977 996 -1.7679 -9.1406 0.9156 -0.0000 650.0000
46.6497 435 423 876 864 -1.9687 -9.1406 1.2280 -0.0000 650.0000
46.6563 295 375 924 1004 -2.0694 -9.1406 1.2790 -0.0000 650.0000
46.6630 198 349 950 1101 -2.1027 -9.1406 1.1375 -0.0000 650.0000
46.6696 261 322 977 1038 -2.2357 -9.1406 1.0725 -0.0000 650.0000
46.6762 441 541 758 858 -2.3303 -9.1406 1.5718 -0.0000 650.0000
46.6828 368 489 810 931 -2.3977 -9.1406 1.8562 -0.0000 650.0000
46.6895 271 366 933 1028 -2.4982 -9.1406 1.8364 -0.0000 650.0000
46.6961 217 332 967 1082 -2.5689 -9.1406 1.6877 -0.0000 650.0000
46.7027 352 432 867 947 -2.6654 -9.1406 1.9083 -0.0000 650.0000
46.7095 296 407 892 1003 -2.7395 -9.1406 1.9990 -0.0000 650.0000
46.7161 165 405 894 1134 -2.6803 -9.1406 1.8975 -0.0000 650.0000
46.7228 227 451 848 1072 -2.6389 -9.1406 1.9189 -0.0000 650.0000
46.7294 329 542 757 970 -2.6183 -9.1406 2.2209 -0.0000 650.0000
46.7361 284 490 809 1015 -2.6189 -9.1406 2.3903 -0.0000 650.0000
46.7427 227 337 962 1072 -2.7361 -9.1406 2.2401 -0.0000 650.0000
46.7494 350 337 962 949 -2.9772 -9.1406 2.2891 -0.0000 650.0000
46.7560 287 466 833 1012 -3.0069 -9.1406 2.4246 -0.0000 650.0000
46.7627 146 399 900 1153 -2.9601 -9.1406 2.2653 -0.0000 650.0000
46.7693 241 479 820 1058 -2.9556 -9.1406 2.3646 -0.0000 650.0000
46.7760 293 587 712 1006 -2.9279 -9.9219 2.6578 -0.0000 650.0000
46.7827 149 421 878 1150 -2.9240 -9.9219 2.5004 -0.0000 650.0000
46.7894 211 397 902 1088 -3.0046 -9.9219 2.4058 -0.0000 650.0000
46.7960 300 548 751 999 -3.0047 -9.9219 2.6716 -0.0000 650.0000
46.8026 254 517 782 1045 -2.9938 -9.9219 2.8242 -0.0000 650.0000
46.8093 246 411 888 1053 -3.0971 -9.9219 2.7803 -0.0000 650.0000
46.8159 261 504 795 1038 -3.1058 -9.9219 2.9041 -0.0000 650.0000
46.8225 187 439 860 1112 -3.0939 -9.9219 2.8206 -0.0000 650.0000
46.8292 297 435 864 1002 -3.2127 -9.9219 2.8823 -0.0000 650.0000
46.8358 262 497 802 1037 -3.2184 -9.9219 3.0039 -0.0000 650.0000
46.8425 156 424 875 1143 -3.2158 -9.9219 2.8672 -0.0000 650.0000
46.8491 254 446 853 1045 -3.3212 -9.9219 2.8951 -0.0000 650.0000
46.8557 264 507 792 1035 -3.3819 -9.9219 3.0309 -0.0000 650.0000
46.8624 112 429 870 1187 -3.3933 -9.9219 2.8135 -0.0000 650.0000
46.8691 212 498 801 1087 -3.4540 -9.9219 2.8372 -0.0000 650.0000
46.8757 97 510 789 1202 -3.3848 -9.9219 2.7159 -0.0000 650.0000
46.8823 95 414 885 1204 -3.4230 -9.9219 2.4773 -0.0000 650.0000
46.8890 173 501 798 1126 -3.4543 -9.9219 2.4867 -0.0000 650.0000
46.8956 60 496 803 1239 -3.3738 -9.9219 2.3259 -0.0000 650.0000
46.9023 107 489 810 1192 -3.3433 -9.9219 2.2399 -0.0000 650.0000
46.9090 119 506 793 1180 -3.3063 -9.9219 2.1905 -0.0000 650.0000
46.9156 199 466 833 1100 -3.4168 -9.9219 2.1869 -0.0000 650.0000
46.9223 40 572 727 1259 -3.2249 -9.9219 2.0976 -0.0000 650.0000
46.9290 118 452 847 1181 -3.2287 -9.9219 1.9366 -0.0000 650.0000
46.9356 81 545 754 1218 -3.0428 -9.9219 1.8814 -0.0000 650.0000
46.9422 197 482 817 1102 -3.0701 -9.9219 1.9194 -0.0000 650.0000
46.9488 28 566 733 1271 -2.8434 -9.9219 1.8241 -0.0000 650.0000
46.9555 186 464 835 1113 -2.8867 -9.9219 1.7995 -0.0000 650.0000
46.9621 109 530 769 1190 -2.7495 -9.9219 1.7481 -0.0000 650.0000
46.9688 165 506 793 1134 -2.6837 -9.9219 1.7693 -0.0000 650.0000
46.9754 103 557 742 1196 -2.5170 -9.9219 1.7970 -0.0000 650.0000
46.9821 243 513 786 1056 -2.5849 -9.9219 1.9429 -0.0000 650.0000
46.9888 120 582 717 1179 -2.4714 -9.9219 1.9963 -0.0000 650.0000
46.9954 241 432 867 1058 -2.6369 -9.9219 1.9714 -0.0000 650.0000
47.0021 152 583 716 1147 -2.5177 -9.9219 2.0548 -0.0000 650.0000
47.0088 175 493 806 1124 -2.5154 -9.9219 2.0389 -0.0000 650.0000
47.0154 160 496 803 1139 -2.5235 -9.9219 2.0127 -0.0000 650.0000
47.0221 270 447 852 1029 -2.7199 -9.9219 2.0683 -0.0000 650.0000
47.0287 133 486 813 1166 -2.7232 -9.9219 1.9614 -0.0000 650.0000
47.0354 257 363 936 1042 -2.9674 -9.9219 1.8753 -0.0000 650.0000
47.0420 168 484 815 1131 -2.9969 -9.9219 1.8435 -0.0000 650.0000
47.0487 212 390 909 1087 -3.2035 -9.9219 1.7526 -0.0000 650.0000
47.0553 214 492 807 1085 -3.3444 -9.9219 1.8120 -0.0000 650.0000
47.0620 222 419 880 1077 -3.5830 -9.9219 1.7743 -0.0000 650.0000
47.0687 221 478 821 1078 -3.7896 -9.9219 1.8430 -0.0000 650.0000
47.0753 138 530 769 1161 -3.8989 -9.9219 1.8633 -0.0000 650.0000
47.0819 220 454 845 1079 -4.2062 -9.9219 1.8776 -0.0000 650.0000
47.0886 177 576 723 1122 -4.3409 -9.9219 2.0009 -0.0000 650.0000
47.0952 143 493 806 1156 -4.5325 -9.9219 1.9446 -0.0000 650.0000
47.1019 129 573 726 1170 -4.6252 -9.9219 1.9893 -0.0000 650.0000
47.1086 145 523 776 1154 -4.7808 -9.9219 1.9698 -0.0000 650.0000
47.1152 156 616 683 1143 -4.8233 -9.9219 2.0969 -0.0000 650.0000
47.1219 58 609 690 1241 -4.7556 -9.9219 2.1011 -0.0000 650.0000
47.1285 157 518 781 1142 -4.8909 -9.9219 2.1237 -0.0000 650.0000
47.1352 120 660 639 1179 -4.8209 -9.9219 2.2907 -0.0000 650.0000
47.1418 108 539 760 1191 -4.8431 -9.9219 2.2663 -0.0000 650.0000
47.1485 87 603 696 1212 -4.7578 -9.9219 2.3417 -0.0000 650.0000
47.1551 73 532 767 1226 -4.7465 -9.9219 2.3041 -0.0000 650.0000
47.1618 24 535 764 1275 -4.6917 -9.9219 2.1864 -0.0000 650.0000
47.1684 100 582 717 1199 -4.6143 -9.9219 2.2356 -0.0000 650.0000
47.1750 19 570 729 1280 -4.4308 -9.9219 2.1472 -0.0000 650.0000
47.1817 135 537 762 1164 -4.3918 -9.9219 2.1937 -0.0000 650.0000
47.1883 12 529 770 1287 -4.2519 -9.9219 2.0356 -0.0000 650.0000
47.1950 141 478 821 1158 -4.3366 -9.9219 1.9808 -0.0000 650.0000
47.2016 52 512 787 1247 -4.3095 -9.9219 1.8188 -0.0000 650.0000
47.2083 125 540 759 1174 -4.3347 -9.9219 1.7656 -0.0000 650.0000
47.2149 83 549 750 1216 -4.3007 -9.9219 1.6501 -0.0000 650.0000
47.2216 124 565 734 1175 -4.2987 -9.9219 1.6254 -0.0000 650.0000
47.2283 208 553 746 1091 -4.4349 -9.9219 1.7210 -0.0000 650.0000
47.2349 85 553 746 1214 -4.4664 -9.9219 1.6452 -0.0000 650.0000
47.2416 236 447 852 1063 -4.8176 -9.9219 1.6120 -0.0000 650.0000
47.2483 38 554 745 1261 -4.8274 -9.9219 1.4452 -0.0000 650.0000
47.2549 189 535 764 1110 -4.9988 -9.9219 1.4631 -0.0000 650.0000
47.2616 178 602 697 1121 -5.0369 -9.9219 1.5853 -0.0000 650.0000
47.2682 186 544 755 1113 -5.1460 -9.9219 1.6314 -0.0000 650.0000
47.2749 161 573 726 1138 -5.2147 -9.9219 1.7027 -0.0000 650.0000
47.2816 141 569 730 1158 -5.3189 -9.9219 1.7203 -0.0000 650.0000
47.2883 117 544 755 1182 -5.4184 -9.9219 1.6616 -0.0000 650.0000
47.2949 167 569 730 1132 -5.5244 -9.9219 1.7037 -0.0000 650.0000
47.3015 109 543 756 1190 -5.5618 -9.9219 1.6591 -0.0000 650.0000
47.3082 156 570 729 1143 -5.6380 -9.9219 1.7402 -0.0000 650.0000
47.3149 118 583 716 1181 -5.6795 -9.9219 1.7956 -0.0000 650.0000
47.3215 193 605 694 1106 -5.7962 -9.9219 1.9706 -0.0000 650.0000
47.3282 70 575 724 1229 -5.7938 -9.9219 1.9299 -0.0000 650.0000
47.3348 190 522 777 1109 -5.9561 -9.9219 1.9943 -0.0000 650.0000
47.3415 57 542 757 1242 -5.9586 -9.9219 1.9426 -0.0000 650.0000
47.3481 168 560 739 1131 -6.0914 -9.9219 2.0731 -0.0000 650.0000
47.3547 41 613 686 1258 -6.0495 -9.9219 2.0794 -0.0000 650.0000
47.3614 161 549 750 1138 -6.2030 -9.9219 2.1261 -0.0000 650.0000
47.3681 60 579 720 1239 -6.2021 -9.9219 2.0733 -0.0000 650.0000
47.3747 114 543 756 1185 -6.2998 -9.9219 2.0490 -0.0000 650.0000
47.3814 1 617 682 1298 -6.2447 -9.9219 1.9910 -0.0000 650.0000
47.3880 84 616 683 1215 -6.3049 -9.9219 2.0382 -0.0000 650.0000
47.3946 68 613 686 1231 -6.3472 -9.9219 2.0392 -0.0000 650.0000
47.4012 63 561 738 1236 -6.3720 -9.9219 1.9455 -0.0000 650.0000
47.4079 30 571 728 1269 -6.3254 -9.9219 1.8240 -0.0000 650.0000
47.4146 22 618 681 1277 -6.2237 -9.9219 1.7589 -0.0000 650.0000
47.4212 107 625 674 1192 -6.2417 -9.9219 1.8292 -0.0000 650.0000
47.4279 9 623 676 1290 -6.1819 -9.9219 1.7484 -0.0000 650.0000
47.4345 64 603 696 1235 -6.2006 -9.9219 1.7139 -0.0000 650.0000
47.4412 -52 613 686 1352 -6.0541 -9.9219 1.5290 -0.0000 650.0000
47.4478 130 608 691 1169 -6.0726 -9.9219 1.6125 -0.0000 650.0000
47.4544 46 559 740 1253 -6.0146 -9.9219 1.5149 -0.0000 650.0000
47.4611 50 655 644 1249 -5.8716 -9.9219 1.5626 -0.0000 650.0000
47.4677 83 537 762 1216 -5.9203 -9.9219 1.4911 -0.0000 650.0000
47.4744 -15 683 616 1315 -5.7427 -9.9219 1.5027 -0.0000 650.0000
47.4811 177 608 691 1122 -5.8650 -9.9219 1.6721 -0.0000 650.0000
47.4877 13 625 674 1286 -5.7966 -9.9219 1.6037 -0.0000 650.0000
47.4944 102 602 697 1197 -5.8375 -9.9219 1.5974 -0.0000 650.0000
47.5010 18 573 726 1281 -5.8083 -9.9219 1.4305 -0.0000 650.0000
47.5077 98 683 616 1201 -5.7304 -9.9219 1.5669 -0.0000 650.0000
47.5144 118 529 770 1181 -5.8329 -9.9219 1.5330 -0.0000 650.0000
47.5211 -12 685 614 1312 -5.6504 -9.9219 1.5392 -0.0000 650.0000
47.5278 116 586 713 1183 -5.7627 -9.9219 1.5805 -0.0000 650.0000
47.5344 44 687 612 1255 -5.7410 -9.9219 1.6455 -0.0000 650.0000
47.5411 198 593 706 1101 -5.9806 -9.9219 1.7982 -0.0000 650.0000
47.5477 -28 625 674 1328 -5.9073 -9.9219 1.6562 -0.0000 650.0000
47.5543 171 635 664 1128 -5.9946 -9.9219 1.8152 -0.0000 650.0000
47.5609 109 538 761 1190 -6.1043 -9.9219 1.7472 -0.0000 650.0000
47.5676 13 686 613 1286 -5.9512 -9.9219 1.7987 -0.0000 650.0000
47.5743 25 599 700 1274 -5.9451 -9.9219 1.7510 -0.0000 650.0000
47.5809 52 679 620 1247 -5.9125 -9.9219 1.8525 -0.0000 650.0000
47.5875 87 600 699 1212 -6.0365 -9.9219 1.8503 -0.0000 650.0000
47.5942 -34 601 698 1334 -6.0040 -9.9219 1.6640 -0.0000 650.0000
47.6009 80 632 667 1219 -6.0259 -9.9219 1.7083 -0.0000 650.0000
47.6075 21 603 696 1278 -5.9839 -9.9219 1.6322 -0.0000 650.0000
47.6142 65 646 653 1234 -5.9647 -9.9219 1.6823 -0.0000 650.0000
47.6209 43 633 666 1256 -5.9691 -9.9219 1.6705 -0.0000 650.0000
47.6275 60 644 655 1239 -6.0198 -9.9219 1.6828 -0.0000 650.0000
47.6342 60 619 680 1239 -6.1011 -9.9219 1.6439 -0.0000 650.0000
47.6408 -24 682 617 1324 -6.0194 -9.9219 1.5553 -0.0000 650.0000
47.6474 106 663 636 1193 -6.0665 -9.9219 1.6405 -0.0000 650.0000
47.6540 47 611 688 1252 -6.0753 -9.9219 1.5823 -0.0000 650.0000
47.6607 110 640 659 1189 -6.1076 -9.9219 1.6752 -0.0000 650.0000
47.6673 78 685 614 1221 -6.0823 -9.9219 1.7983 -0.0000 650.0000
47.6739 139 553 746 1160 -6.2895 -9.9219 1.8168 -0.0000 650.0000
47.6805 -10 649 650 1310 -6.2502 -9.9219 1.7586 -0.0000 650.0000
47.6871 110 613 686 1189 -6.4016 -9.9219 1.8185 -0.0000 650.0000
47.6937 106 518 781 1193 -6.6444 -9.9219 1.7267 -0.0000 650.0000
47.7004 -1 714 585 1301 -6.5443 -9.9219 1.7710 -0.0000 650.0000
47.7070 138 621 678 1161 -6.6499 -9.9219 1.9029 -0.0000 650.0000
47.7137 26 696 603 1273 -6.5504 -9.9219 1.9739 -0.0000 650.0000
47.7203 73 605 694 1226 -6.6197 -9.9219 1.9752 -0.0000 650.0000
47.7269 -15 675 624 1315 -6.5737 -9.9219 1.9531 -0.0000 650.0000
47.7335 118 673 626 1181 -6.7084 -9.9219 2.1291 -0.0000 650.0000
47.7402 53 587 712 1246 -6.8917 -9.9219 2.0760 -0.0000 650.0000
47.7468 -34 847 452 1334 -6.7425 -9.9219 2.2549 -0.0000 650.0000
47.7534 64 657 642 1235 -6.8968 -9.9219 2.2993 -0.0000 650.0000
47.7600 -124 781 518 1424 -6.6931 -9.9219 2.2566 -0.0000 650.0000
47.7666 -20 761 538 1320 -6.6073 -9.9219 2.3538 -0.0000 650.0000
47.7733 -128 701 598 1428 -6.4730 -9.9219 2.2150 -0.0000 650.0000
47.7800 -104 742 557 1404 -6.3324 -9.9219 2.1908 -0.0000 650.0000
47.7866 -147 727 572 1447 -6.1839 -9.9219 2.0865 -0.0000 650.0000
47.7932 -141 784 515 1441 -5.9873 -9.9219 2.0585 -0.0000 650.0000
47.7999 -58 709 590 1358 -5.9689 -9.9219 2.0152 -0.0000 650.0000
47.8066 -243 776 523 1543 -5.6079 -9.9219 1.7947 -0.0000 650.0000
47.8133 -100 772 527 1400 -5.3722 -9.9219 1.7848 -0.0000 650.0000
47.8200 -199 738 561 1499 -4.9979 -9.9219 1.5832 -0.0000 650.0000
47.8266 -75 744 555 1375 -4.7586 -9.9219 1.5765 -0.0000 650.0000
47.8333 -98 679 620 1398 -4.5907 -9.9219 1.4402 -0.0000 650.0000
47.8399 -142 748 551 1442 -4.3447 -9.9219 1.3369 -0.0000 650.0000
47.8465 -75 725 574 1375 -4.2334 -9.9219 1.2892 -0.0000 650.0000
47.8531 -84 754 545 1384 -4.0798 -9.9219 1.2551 -0.0000 650.0000
47.8597 19 656 643 1280 -4.1072 -9.9219 1.1881 -0.0000 650.0000
47.8664 -116 707 592 1416 -3.8908 -9.9219 0.9885 -0.0000 650.0000
47.8731 -74 748 551 1374 -3.6543 -9.9219 0.9078 -0.0000 650.0000
47.8797 1 688 611 1298 -3.5621 -9.9219 0.8637 -0.0000 650.0000
47.8864 -57 730 569 1357 -3.3815 -9.9219 0.8035 -0.0000 650.0000
47.8930 83 603 696 1216 -3.5277 -9.9219 0.7772 -0.0000 650.0000
47.8997 -80 700 599 1380 -3.4311 -9.9219 0.6635 -0.0000 650.0000
47.9063 113 675 624 1186 -3.5958 -9.9219 0.7879 -0.0000 650.0000
47.9130 42 674 625 1257 -3.6853 -9.9219 0.7887 -0.0000 650.0000
47.9196 89 715 584 1210 -3.7742 -9.9219 0.8823 -0.0000 650.0000
47.9262 82 643 656 1217 -3.9167 -9.9219 0.8639 -0.0000 650.0000
47.9329 57 739 560 1242 -3.9046 -9.9219 0.9687 -0.0000 650.0000
47.9396 101 639 660 1198 -4.0440 -9.9219 1.0347 -0.0000 650.0000
47.9462 20 711 588 1279 -4.0388 -9.9219 1.1035 -0.0000 650.0000
47.9528 78 724 575 1221 -4.1290 -9.9219 1.2810 -0.0000 650.0000
47.9595 -15 737 562 1315 -4.2378 -9.9219 1.3402 -0.0000 650.0000
47.9661 5 733 566 1294 -4.4087 -9.9219 1.4303 -0.0000 650.0000
47.9728 -48 711 588 1348 -4.5573 -9.9219 1.4059 -0.0000 650.0000
47.9795 -100 804 495 1400 -4.5080 -9.9219 1.4449 -0.0000 650.0000
47.9861 -93 775 524 1393 -4.4675 -9.9219 1.4501 -0.0000 650.0000
47.9927 -135 801 498 1435 -4.3277 -9.9219 1.4518 -0.0000 650.0000
47.9994 -42 764 535 1342 -4.2774 -9.9219 1.5503 -0.0000 650.0000
48.0060 -105 776 523 1405 -4.1338 -9.9219 1.5763 -0.0000 650.0000
48.0127 -190 808 491 1490 -3.8502 -9.9219 1.5326 -0.0000 650.0000
48.0194 -72 740 559 1372 -3.7834 -9.9219 1.5490 -0.0000 650.0000
48.0260 -174 807 492 1474 -3.5378 -9.9219 1.5019 -0.0000 650.0000
48.0327 -2 678 621 1302 -3.5842 -9.9219 1.4837 -0.0000 650.0000
48.0393 -225 787 512 1525 -3.2428 -9.9219 1.2969 -0.0000 650.0000
48.0459 -127 764 535 1427 -3.0091 -9.9219 1.2237 -0.0000 650.0000
48.0525 -143 723 576 1443 -2.7720 -9.9219 1.0768 -0.0000 650.0000
48.0592 -101 752 547 1401 -2.5545 -9.9219 1.0336 -0.0000 650.0000
48.0658 -7 706 593 1307 -2.5115 -9.9219 1.0684 -0.0000 650.0000
48.0725 -134 789 510 1434 -2.2842 -9.9219 1.0191 -0.0000 650.0000
48.0791 24 703 596 1275 -2.3439 -9.9219 1.0677 -0.0000 650.0000
48.0857 -124 806 493 1424 -2.1271 -9.9219 1.0228 -0.0000 650.0000
48.0923 -17 741 558 1317 -2.0756 -9.9219 1.0135 -0.0000 650.0000
48.0990 20 673 626 1279 -2.1109 -9.9219 0.9530 -0.0000 650.0000
48.1057 -32 736 563 1332 -2.0106 -9.9219 0.9149 -0.0000 650.0000
48.1123 68 625 674 1231 -2.1222 -9.9219 0.8871 -0.0000 650.0000
48.1190 -106 763 536 1406 -1.9175 -9.9219 0.8219 -0.0000 650.0000
48.1257 63 705 594 1236 -1.9805 -9.9219 0.9330 -0.0000 650.0000
48.1324 -2 726 573 1302 -2.0153 -9.9219 0.9712 -0.0000 650.0000
48.1391 108 665 634 1191 -2.2369 -9.9219 1.0746 -0.0000 650.0000
48.1457 40 654 645 1259 -2.3879 -9.9219 1.0456 -0.0000 650.0000
48.1523 -19 709 590 1319 -2.3751 -9.9219 0.9985 -0.0000 650.0000
48.1589 30 722 577 1269 -2.3919 -9.9219 1.0386 -0.0000 650.0000
48.1656 -30 744 555 1330 -2.3252 -9.9219 1.0347 -0.0000 650.0000
48.1723 90 728 571 1209 -2.4364 -9.9219 1.1991 -0.0000 650.0000
48.1789 -5 638 661 1305 -2.5726 -9.9219 1.1053 -0.0000 650.0000
48.1855 -101 806 493 1401 -2.4522 -9.9219 1.1561 -0.0000 650.0000
48.1921 15 689 610 1284 -2.6330 -9.9219 1.2040 -0.0000 650.0000
48.1987 -63 746 553 1363 -2.6735 -9.9219 1.2095 -0.0000 650.0000
48.2054 33 638 661 1266 -2.9251 -9.9219 1.1697 -0.0000 650.0000
48.2120 -121 770 529 1421 -2.8344 -9.9219 1.0945 -0.0000 650.0000
48.2187 54 682 617 1245 -2.9936 -9.9219 1.1609 -0.0000 650.0000
48.2253 -54 674 625 1354 -2.9820 -9.9219 1.0706 -0.0000 650.0000
48.2319 -58 730 569 1358 -2.8863 -9.9219 1.0752 -0.0000 650.0000
48.2386 -68 757 542 1368 -2.7560 -9.9219 1.1072 -0.0000 650.0000
48.2453 -83 761 538 1383 -2.6670 -9.9219 1.1239 -0.0000 650.0000
48.2519 21 686 613 1278 -2.7961 -9.9219 1.1770 -0.0000 650.0000
48.2586 -107 713 586 1407 -2.7798 -9.9219 1.0676 -0.0000 650.0000
48.2652 -84 792 507 1384 -2.6689 -9.9219 1.1049 -0.0000 650.0000
48.2719 -16 703 596 1316 -2.6995 -9.9219 1.0949 -0.0000 650.0000
48.2786 -40 746 553 1340 -2.6230 -9.9219 1.1051 -0.0000 650.0000
48.2852 51 628 671 1248 -2.7271 -9.9219 1.0674 -0.0000 650.0000
48.2919 -150 751 548 1450 -2.4892 -9.9219 0.9221 -0.0000 650.0000
48.2986 23 719 580 1276 -2.4856 -9.9219 1.0030 -0.0000 650.0000
48.3052 -61 713 586 1361 -2.4479 -9.9219 0.9600 -0.0000 650.0000
48.3118 39 687 612 1260 -2.5550 -9.9219 1.0286 -0.0000 650.0000
48.3185 -8 705 594 1308 -2.5951 -9.9219 1.0409 -0.0000 650.0000
48.3252 -42 730 569 1342 -2.5648 -9.9219 1.0006 -0.0000 650.0000
48.3318 51 726 573 1248 -2.6212 -9.7656 1.0744 -0.0000 650.0000
48.3385 7 686 613 1292 -2.6625 -9.7656 1.0148 -0.0000 650.0000
48.3452 35 736 563 1264 -2.6348 -9.7656 1.1070 -0.0000 650.0000
48.3518 25 668 631 1274 -2.6625 -9.7656 1.1035 -0.0000 650.0000
48.3584 -18 734 565 1318 -2.5718 -9.7656 1.1729 -0.0000 650.0000
48.3650 89 632 667 1210 -2.7424 -9.7656 1.2455 -0.0000 650.0000
48.3717 -36 704 595 1336 -2.7396 -9.7656 1.2279 -0.0000 650.0000
48.3783 114 691 608 1185 -2.9529 -9.7656 1.3901 -0.0000 650.0000
48.3850 -14 686 613 1314 -3.0017 -8.8281 1.3355 -0.0000 650.0000
48.3917 119 692 607 1180 -3.1593 -8.8281 1.4854 -0.0000 650.0000
48.3984 69 593 706 1230 -3.3134 -8.8281 1.3998 -0.0000 650.0000
48.4050 10 777 522 1289 -3.2032 -8.8281 1.5036 -0.0000 650.0000
48.4116 135 629 670 1164 -3.4009 -8.8281 1.5848 -0.0000 650.0000
48.4182 13 683 616 1286 -3.4703 -8.8281 1.5919 -0.0000 650.0000
48.4248 108 699 600 1191 -3.6497 -8.8281 1.7718 -0.0000 650.0000
48.4315 -45 765 534 1345 -3.6051 -8.8281 1.8174 -0.0000 650.0000
48.4382 116 690 609 1183 -3.8366 -8.8281 1.9600 -0.0000 650.0000
48.4449 1 669 630 1298 -3.9185 -7.5000 1.8953 -0.0000 650.0000
48.4515 -16 789 510 1316 -3.8265 -7.5000 1.9864 -0.0000 650.0000
48.4582 41 638 661 1258 -3.9082 -7.5000 1.9731 -0.0000 650.0000
48.4648 -58 755 544 1358 -3.7463 -7.5000 1.9977 -0.0000 650.0000
48.4715 42 670 629 1257 -3.8022 -7.5000 2.0465 -0.0000 650.0000
48.4781 -53 777 522 1353 -3.7017 -7.5000 2.1072 -0.0000 650.0000
48.4848 80 634 665 1219 -3.9132 -7.5000 2.1485 -0.0000 650.0000
48.4914 -52 682 617 1352 -3.9223 -7.5000 2.0483 -0.0000 650.0000
48.4981 -27 718 581 1327 -3.8189 -5.5469 2.0134 -0.0000 650.0000
48.5048 -11 686 613 1311 -3.7481 -5.5469 1.9399 -0.0000 650.0000
48.5114 16 695 604 1283 -3.6849 -5.5469 1.9165 -0.0000 650.0000
48.5180 86 655 644 1213 -3.7248 -5.5469 1.9509 -0.0000 650.0000
48.5247 -11 696 603 1311 -3.6267 -5.5469 1.9075 -0.0000 650.0000
48.5313 64 671 628 1235 -3.6580 -5.5469 1.9485 -0.0000 650.0000
48.5380 46 650 649 1253 -3.7370 -5.5469 1.9204 -0.0000 650.0000
48.5446 8 716 583 1291 -3.7252 -5.5469 1.9210 -0.0000 650.0000
48.5513 69 750 549 1230 -3.7170 -5.5469 2.0555 -0.0000 650.0000
48.5580 64 654 645 1235 -3.7068 -2.5000 2.0345 -0.0000 650.0000
48.5647 165 599 700 1134 -3.8289 -2.5000 2.0861 -0.0000 650.0000
48.5714 16 643 656 1283 -3.7102 -2.5000 2.0026 -0.0000 650.0000
48.5780 39 719 580 1260 -3.5501 -2.5000 2.0853 -0.0000 650.0000
48.5847 159 594 705 1140 -3.6738 -2.5000 2.1796 -0.0000 650.0000
48.5913 11 648 651 1288 -3.6216 -2.5000 2.1448 -0.0000 650.0000
48.5980 85 667 632 1214 -3.6555 -2.5000 2.2366 -0.0000 650.0000
48.6047 52 623 676 1247 -3.7090 -2.5000 2.2023 -0.0000 650.0000
48.6113 111 613 686 1188 -3.7965 -2.5000 2.2285 -0.0000 650.0000
48.6180 37 681 618 1262 -3.6864 -2.5000 2.2443 -0.0000 650.0000
48.6246 145 523 776 1154 -3.8375 -2.5000 2.1862 -0.0000 650.0000
48.6313 30 644 655 1269 -3.7354 -2.5000 2.1552 -0.0000 650.0000
48.6379 75 718 581 1224 -3.6283 -2.5000 2.3079 -0.0000 650.0000
48.6445 138 501 798 1161 -3.8499 -2.5000 2.2279 -0.0000 650.0000
48.6512 -22 694 605 1322 -3.7424 -2.5000 2.1606 -0.0000 650.0000
48.6579 164 605 694 1135 -3.9259 -2.5000 2.2281 -0.0000 650.0000
48.6645 64 599 700 1235 -3.9698 -2.5000 2.1364 -0.0000 650.0000
48.6712 88 665 634 1211 -3.9202 -2.5000 2.1808 -0.0000 650.0000
48.6778 51 613 686 1248 -3.8869 -2.5000 2.1035 -0.0000 650.0000
48.6844 79 672 627 1220 -3.8311 -2.5000 2.1683 -0.0000 650.0000
48.6911 28 635 664 1271 -3.8143 -2.5000 2.1071 -0.0000 650.0000
48.6977 40 663 636 1259 -3.8130 -2.5000 2.0874 -0.0000 650.0000
48.7043 62 631 668 1237 -3.8837 -2.5000 2.0320 -0.0000 650.0000
48.7109 22 642 657 1277 -3.8433 -2.5000 1.9335 -0.0000 650.0000
48.7176 121 665 634 1178 -3.8422 -2.5000 2.0220 -0.0000 650.0000
48.7243 49 631 668 1250 -3.7700 -2.5000 1.9576 -0.0000 650.0000
48.7309 151 626 673 1148 -3.8213 -2.5000 2.0471 -0.0000 650.0000
48.7375 42 673 626 1257 -3.7231 -2.5000 2.0567 -0.0000 650.0000
48.7442 132 544 755 1167 -3.9134 -2.5000 2.0060 -0.0000 650.0000
48.7508 54 590 709 1245 -3.9882 -2.5000 1.9005 -0.0000 650.0000
48.7575 115 673 626 1184 -4.0362 -2.5000 1.9977 -0.0000 650.0000
48.7641 122 592 707 1177 -4.1118 -2.5000 1.9756 -0.0000 650.0000
48.7708 55 703 596 1244 -3.9679 -2.5000 2.0175 -0.0000 650.0000
48.7774 189 585 714 1110 -4.0892 -2.5000 2.0883 -0.0000 650.0000
48.7841 52 668 631 1247 -3.9167 0.3125 2.1136 -0.0000 650.0000
48.7908 131 626 673 1168 -3.8931 0.3125 2.2036 -0.0000 650.0000
48.7975 95 544 755 1204 -3.9387 0.3125 2.1126 -0.0000 650.0000
48.8041 167 632 667 1132 -3.9953 0.3125 2.2259 -0.0000 650.0000
48.8107 103 545 754 1196 -4.0524 0.3125 2.1068 -0.0000 650.0000
48.8174 95 678 621 1204 -3.9168 0.3125 2.1808 -0.0000 650.0000
48.8239 177 595 704 1122 -3.9245 0.3125 2.2576 -0.0000 650.0000
48.8306 87 606 693 1212 -3.8394 0.3125 2.2204 -0.0000 650.0000
48.8372 122 597 702 1177 -3.8352 0.3125 2.2287 -0.0000 650.0000
48.8438 70 629 670 1229 -3.7734 0.3125 2.2161 -0.0000 650.0000
48.8504 194 592 707 1105 -3.8746 0.3125 2.3184 -0.0000 650.0000
48.8571 129 527 772 1170 -3.8967 2.8906 2.2118 -0.0000 650.0000
48.8638 199 581 718 1100 -3.8923 2.8906 2.2955 -0.0000 650.0000
48.8705 173 558 741 1126 -3.8628 2.8906 2.3228 -0.0000 650.0000
48.8771 196 556 743 1103 -3.8611 2.8906 2.3921 -0.0000 650.0000
48.8837 129 553 746 1170 -3.8455 2.8906 2.3435 -0.0000 650.0000
48.8903 211 577 722 1088 -3.9152 2.8906 2.4181 -0.0000 650.0000
48.8969 185 553 746 1114 -3.9852 2.8906 2.4057 -0.0000 650.0000
48.9035 186 544 755 1113 -4.0185 2.8906 2.4072 -0.0000 650.0000
48.9102 120 556 743 1179 -3.9653 2.8906 2.3572 -0.0000 650.0000
48.9168 173 557 742 1126 -3.9882 2.8906 2.3963 -0.0000 650.0000
48.9235 112 668 631 1187 -3.8993 2.8906 2.4851 -0.0000 650.0000
48.9301 130 563 736 1169 -3.9580 2.8906 2.4348 -0.0000 650.0000
48.9368 87 609 690 1212 -3.8995 2.8906 2.4022 -0.0000 650.0000
48.9434 93 597 702 1206 -3.8531 2.8906 2.3937 -0.0000 650.0000
48.9500 82 655 644 1217 -3.7365 2.8906 2.4650 -0.0000 650.0000
48.9566 104 595 704 1195 -3.6732 2.8906 2.4655 -0.0000 650.0000
48.9633 40 651 648 1259 -3.4372 2.8906 2.4344 -0.0000 650.0000
48.9699 78 608 691 1221 -3.2532 2.8906 2.3862 -0.0000 650.0000
48.9766 53 687 612 1246 -2.9256 2.8906 2.4304 -0.0000 650.0000
48.9832 138 607 692 1161 -2.7862 2.8906 2.4922 -0.0000 650.0000
48.9899 46 622 677 1253 -2.5333 2.8906 2.4452 -0.0000 650.0000
48.9965 153 502 797 1146 -2.5118 2.8906 2.3539 -0.0000 650.0000
49.0032 98 591 708 1201 -2.3175 2.8906 2.2911 -0.0000 650.0000
49.0098 189 558 741 1110 -2.2396 2.8906 2.3011 -0.0000 650.0000
49.0165 72 566 733 1227 -1.9836 2.8906 2.1541 -0.0000 650.0000
49.0232 113 596 703 1186 -1.7361 2.8906 2.1305 -0.0000 650.0000
49.0299 189 533 766 1110 -1.6511 2.8906 2.1271 -0.0000 650.0000
49.0365 206 580 719 1093 -1.5880 2.8906 2.1864 -0.0000 650.0000
49.0431 212 523 776 1087 -1.6101 2.8906 2.1540 -0.0000 650.0000
49.0498 163 527 772 1136 -1.5636 2.8906 2.0441 -0.0000 650.0000
49.0564 197 568 731 1102 -1.4663 2.8906 2.0699 -0.0000 650.0000
49.0630 166 596 703 1133 -1.3190 2.8906 2.0959 -0.0000 650.0000
49.0697 149 603 696 1150 -1.2023 2.8906 2.1180 -0.0000 650.0000
49.0763 115 637 662 1184 -1.1771 2.8906 2.1080 -0.0000 650.0000
49.0830 30 681 618 1269 -1.0670 2.8906 2.0229 -0.0000 650.0000
49.0896 30 750 549 1269 -0.9006 2.8906 2.0400 -0.0000 650.0000
49.0963 88 700 599 1211 -0.8230 2.8906 2.1164 -0.0000 650.0000
49.1030 12 720 579 1287 -0.6223 2.8906 2.1387 -0.0000 650.0000
49.1097 -40 664 635 1340 -0.4768 -0.0000 2.0234 -0.0000 650.0000
49.1163 -95 822 477 1395 -0.0571 -0.0000 2.0553 -0.0000 650.0000
49.1229 40 681 618 1259 0.1038 -0.0000 2.0725 -0.0000 650.0000
49.1295 -110 783 516 1410 0.6448 -0.0000 2.0521 -0.0000 650.0000
49.1362 3 719 580 1296 1.0153 -0.0000 2.1204 -0.0000 650.0000
49.1428 -45 633 666 1345 1.3416 -0.0000 1.9979 -0.0000 650.0000
49.1495 -35 747 552 1335 1.7759 -0.0000 2.0570 -0.0000 650.0000
49.1561 -52 659 640 1352 2.1247 -0.0000 1.9382 -0.0000 650.0000
49.1628 0 668 631 1299 2.4359 -0.0000 1.8882 -0.0000 650.0000
49.1694 65 620 679 1234 2.6585 -0.0000 1.8194 -0.0000 650.0000
49.1760 -63 713 586 1363 3.1286 -0.0000 1.7011 -0.0000 650.0000
49.1826 126 593 706 1173 3.2778 -0.0000 1.6968 -0.0000 650.0000
49.1893 55 586 713 1244 3.5016 -0.0000 1.5791 -0.0000 650.0000
49.1959 147 648 651 1152 3.6684 -0.0000 1.6802 -0.0000 650.0000
49.2025 130 503 796 1169 3.6811 -0.0000 1.5303 -0.0000 650.0000
49.2091 162 460 839 1137 3.6468 -0.0000 1.3465 -0.0000 650.0000
49.2157 205 495 804 1094 3.6502 -0.0000 1.2675 -0.0000 650.0000
49.2224 323 354 945 976 3.4283 -0.0000 1.1458 -0.0000 650.0000
49.2290 306 326 973 993 3.2917 -0.0000 0.9817 -0.0000 650.0000
49.2356 410 360 939 889 3.1138 -0.0000 1.0340 -0.0000 650.0000
49.2423 448 322 977 851 2.8435 -0.0000 1.0878 -0.0000 650.0000
49.2489 497 306 993 802 2.3834 -0.0000 1.1232 -0.0000 650.0000
49.2555 566 237 1062 733 1.7158 -0.0000 1.1362 -0.0000 650.0000
49.2622 613 257 1042 686 0.9767 -0.0000 1.2328 -0.0000 650.0000
49.2688 642 349 950 657 0.2061 -0.0000 1.5088 -0.0000 650.0000
49.2754 724 351 948 575 -0.6755 -0.0000 1.9268 -0.0000 650.0000
49.2821 598 280 1019 701 -1.5595 -0.0000 2.0365 -0.0000 650.0000
49.2887 597 299 1000 702 -2.4914 -0.0000 2.1906 -0.0000 650.0000
49.2953 579 316 983 720 -3.3942 -0.0000 2.3089 -0.0000 650.0000
49.3020 558 410 889 741 -4.1836 -0.0000 2.5926 -0.0000 650.0000
49.3086 598 443 856 701 -5.0355 -0.0000 3.0076 -0.0000 650.0000
49.3152 606 485 814 693 -5.8413 -0.0000 3.4861 -0.0000 650.0000
49.3219 490 478 821 809 -6.5464 -0.0000 3.7979 -0.0000 650.0000
49.3286 404 537 762 895 -7.1001 -0.0000 4.1307 -0.0000 650.0000
49.3352 304 544 755 995 -7.5266 -0.0000 4.3651 -0.0000 650.0000
49.3419 192 533 766 1107 -7.8101 -0.0000 4.4619 -0.0000 650.0000
49.3485 113 612 687 1186 -7.8923 -0.0000 4.5995 -0.0000 650.0000
49.3552 69 637 662 1230 -7.8580 -0.0000 4.6956 -0.0000 650.0000
49.3618 91 603 696 1208 -7.7393 -0.0000 4.7865 -0.0000 650.0000
49.3684 38 505 794 1261 -7.6043 -0.0000 4.6806 -0.0000 650.0000
49.3751 57 480 819 1242 -7.4362 -0.0000 4.5293 -0.0000 650.0000
49.3817 116 559 740 1183 -7.1572 -0.0000 4.5504 -0.0000 650.0000
49.3884 136 566 733 1163 -6.8540 -0.0000 4.5858 -0.0000 650.0000
49.3950 112 462 837 1187 -6.6257 -0.0000 4.4015 -0.0000 650.0000
49.4016 147 506 793 1152 -6.3754 -0.0000 4.2651 -0.0000 650.0000
49.4082 104 544 755 1195 -6.0597 -0.0000 4.0927 -0.0000 650.0000
49.4149 217 446 853 1082 -5.9598 -0.0000 3.9217 -0.0000 650.0000
49.4215 198 561 738 1101 -5.7152 -0.0000 3.8584 -0.0000 650.0000
49.4282 206 450 849 1093 -5.6136 -0.0000 3.6353 -0.0000 650.0000
49.4348 262 520 779 1037 -5.5238 -0.0000 3.5739 -0.0000 650.0000
49.4414 235 455 844 1064 -5.4746 -0.0000 3.3508 -0.0000 650.0000
49.4480 269 507 792 1030 -5.4018 -0.0000 3.2775 -0.0000 650.0000
49.4546 258 448 851 1041 -5.3981 -0.0000 3.1099 -0.0000 650.0000
49.4613 295 498 801 1004 -5.4355 -0.0000 3.0897 -0.0000 650.0000
49.4680 239 550 749 1060 -5.3628 -0.0000 3.0661 -0.0000 650.0000
49.4746 266 486 813 1033 -5.3774 -0.0000 3.0371 -0.0000 650.0000
49.4813 255 600 699 1044 -5.2605 -0.0000 3.2093 -0.0000 650.0000
49.4879 298 579 720 1001 -5.2222 -0.0000 3.4163 -0.0000 650.0000
49.4945 291 454 845 1008 -5.2874 -0.0000 3.4501 -0.0000 650.0000
49.5012 298 635 664 1001 -5.1434 -0.0000 3.7818 -0.0000 650.0000
49.5079 211 493 806 1088 -5.0509 -0.0000 3.7817 -0.0000 650.0000
49.5145 302 422 877 997 -5.1230 -0.0000 3.8023 -0.0000 650.0000
49.5212 222 572 727 1077 -4.9364 -0.0000 3.9301 -0.0000 650.0000
49.5278 196 392 907 1103 -4.9156 -0.0000 3.7617 -0.0000 650.0000
49.5345 241 497 802 1058 -4.8343 -0.0000 3.8141 -0.0000 650.0000
49.5411 221 470 829 1078 -4.7599 -0.0000 3.7688 -0.0000 650.0000
49.5478 171 436 863 1128 -4.6810 -0.0000 3.5776 -0.0000 650.0000
49.5544 245 452 847 1054 -4.6645 -0.0000 3.4890 -0.0000 650.0000
49.5611 234 573 726 1065 -4.5002 -0.0000 3.5520 -0.0000 650.0000
49.5677 202 422 877 1097 -4.4650 -0.0000 3.3341 -0.0000 650.0000
49.5743 272 430 869 1027 -4.4856 -0.0000 3.2180 -0.0000 650.0000
49.5809 259 542 757 1040 -4.3807 -0.0000 3.2275 -0.0000 650.0000
49.5876 173 422 877 1126 -4.3016 -0.0000 2.9304 -0.0000 650.0000
49.5943 333 513 786 966 -4.2860 -0.0000 2.9981 -0.0000 650.0000
49.6009 281 516 783 1018 -4.2177 -0.0000 2.9716 -0.0000 650.0000
49.6076 294 456 843 1005 -4.2182 -0.0000 2.8894 -0.0000 650.0000
49.6142 324 518 781 975 -4.1901 -0.0000 2.9574 -0.0000 650.0000
49.6208 267 458 841 1032 -4.1730 -0.0000 2.8558 -0.0000 650.0000
49.6275 335 444 855 964 -4.2458 -0.0000 2.8593 -0.0000 650.0000
49.6341 321 522 777 978 -4.2452 -0.0000 2.9689 -0.0000 650.0000
49.6408 261 449 850 1038 -4.2546 -0.0000 2.8942 -0.0000 650.0000
49.6474 293 481 818 1006 -4.2732 -0.0000 2.9212 -0.0000 650.0000
49.6541 326 562 737 973 -4.2499 -0.0000 3.0979 -0.0000 650.0000
49.6607 256 541 758 1043 -4.1769 -0.0000 3.1557 -0.0000 650.0000
49.6674 222 461 838 1077 -4.1737 -0.0000 3.0374 -0.0000 650.0000
49.6740 239 491 808 1060 -4.1746 -0.0000 2.9962 -0.0000 650.0000
49.6807 252 557 742 1047 -4.1270 -0.0000 3.1115 -0.0000 650.0000
49.6873 187 472 827 1112 -4.1192 -0.0000 2.9770 -0.0000 650.0000
49.6939 162 526 773 1137 -4.0098 -0.0000 2.9223 -0.0000 650.0000
49.7006 187 533 766 1112 -3.9115 -0.0000 2.9283 -0.0000 650.0000
49.7072 90 441 858 1209 -3.8061 -0.0000 2.6551 -0.0000 650.0000
49.7139 123 494 805 1176 -3.6527 -0.0000 2.5254 -0.0000 650.0000
49.7204 131 504 795 1168 -3.4931 -0.0000 2.4144 -0.0000 650.0000
49.7270 107 435 864 1192 -3.3694 -0.0000 2.1734 -0.0000 650.0000
49.7337 124 533 766 1175 -3.1407 -0.0000 2.0707 -0.0000 650.0000
49.7403 9 534 765 1290 -2.7775 -0.0000 1.7747 -0.0000 650.0000
49.7470 140 441 858 1159 -2.6533 -0.0000 1.5537 -0.0000 650.0000
49.7536 70 596 703 1229 -2.2993 -0.0000 1.4151 -0.0000 650.0000
49.7603 118 518 781 1181 -2.0804 -0.0000 1.1929 -0.0000 650.0000
49.7669 149 518 781 1150 -1.8707 -0.0000 0.9871 -0.0000 650.0000
49.7735 217 527 772 1082 -1.6773 -0.0000 0.8874 -0.0000 650.0000
49.7801 131 595 704 1168 -1.3185 -0.0000 0.7705 -0.0000 650.0000
49.7867 292 449 850 1007 -1.2967 -0.0000 0.6625 -0.0000 650.0000
49.7934 303 519 780 996 -1.1641 -0.0000 0.6740 -0.0000 650.0000
49.8000 298 359 940 1001 -1.1592 -0.0000 0.4671 -0.0000 650.0000
49.8066 382 419 880 917 -1.1527 -0.0000 0.5358 -0.0000 650.0000
49.8133 315 394 905 984 -1.1207 -0.0000 0.4991 -0.0000 650.0000
49.8199 319 378 921 980 -1.1525 -0.0000 0.4394 -0.0000 650.0000
49.8266 287 299 1000 1012 -1.2583 -0.0000 0.2716 -0.0000 650.0000
49.8332 347 309 990 952 -1.4152 -0.0000 0.2592 -0.0000 650.0000
49.8399 367 322 977 932 -1.5940 -0.0000 0.2881 -0.0000 650.0000
49.8465 292 361 938 1007 -1.6987 -0.0000 0.2371 -0.0000 650.0000
49.8531 262 333 966 1037 -1.8359 -0.0000 0.0676 -0.0000 650.0000
49.8599 390 430 869 909 -2.0422 -0.0000 0.1676 -0.0000 650.0000
49.8665 396 477 822 903 -2.2659 -0.0000 0.2579 -0.0000 650.0000
49.8731 242 337 962 1057 -2.4725 -0.0000 -0.1096 -0.0000 650.0000
49.8798 324 412 887 975 -2.6846 -0.0000 -0.2185 -0.0000 650.0000
49.8864 380 512 787 919 -2.8793 -0.0000 -0.1008 -0.0000 650.0000
49.8931 325 531 768 974 -2.9891 -0.0000 -0.0169 -0.0000 650.0000
49.8997 232 535 764 1067 -2.9983 -0.0000 -0.0451 -0.0000 650.0000
49.9064 188 494 805 1111 -2.9713 -0.0000 -0.1569 -0.0000 650.0000
49.9130 345 598 701 954 -2.9928 -0.0000 0.1596 -0.0000 650.0000
49.9196 266 549 750 1033 -2.9640 -0.0000 0.2692 -0.0000 650.0000
49.9263 175 453 846 1124 -2.8781 -0.0000 0.1763 -0.0000 650.0000
49.9329 209 441 858 1090 -2.8044 -0.0000 0.1375 -0.0000 650.0000
49.9396 299 592 707 1000 -2.6334 -0.0000 0.4658 -0.0000 650.0000
49.9462 227 522 777 1072 -2.4496 -0.0000 0.5900 -0.0000 650.0000
49.9528 209 354 945 1090 -2.4125 -0.0000 0.4619 -0.0000 650.0000
49.9595 290 500 799 1009 -2.3171 -0.0000 0.6657 -0.0000 650.0000
49.9662 132 520 779 1167 -2.0541 -0.0000 0.6334 -0.0000 650.0000
49.9728 190 352 947 1109 -2.0468 -0.0000 0.4390 -0.0000 650.0000
49.9795 292 526 773 1007 -1.9740 -0.0000 0.5917 -0.0000 650.0000
49.9861 157 472 827 1142 -1.8230 -0.0000 0.4319 -0.0000 650.0000
49.9927 168 384 915 1131 -1.7752 -0.0000 0.1315 -0.0000 650.0000
49.9994 244 491 808 1055 -1.6702 -0.0000 0.0477 -0.0000 650.0000
50.0060 214 441 858 1085 -1.5753 -0.0000 -0.1690 -0.0000 650.0000
50.0126 293 458 841 1006 -1.5353 -0.0000 -0.2626 -0.0000 650.0000
50.0193 263 566 733 1036 -1.3153 -0.0000 -0.2476 -0.0000 650.0000
50.0260 311 395 904 988 -1.3274 -0.0000 -0.3956 -0.0000 650.0000
50.0326 377 491 808 922 -1.3070 -0.0000 -0.2988 -0.0000 650.0000
50.0393 304 550 749 995 -1.1398 -0.0000 -0.1957 -0.0000 650.0000
50.0459 329 406 893 970 -1.1616 -0.0000 -0.2484 -0.0000 650.0000
50.0526 394 462 837 905 -1.1968 -0.0000 -0.1141 -0.0000 650.0000
50.0592 379 469 830 920 -1.2164 -0.0000 0.0303 -0.0000 650.0000
50.0658 291 428 871 1008 -1.1871 -0.0000 -0.0097 -0.0000 650.0000
50.0725 374 494 805 925 -1.1777 -0.0000 0.1729 -0.0000 650.0000
50.0792 462 488 811 837 -1.2902 -0.0000 0.4598 -0.0000 650.0000
50.0858 329 465 834 970 -1.2694 -0.0000 0.5381 -0.0000 650.0000
50.0924 261 365 934 1038 -1.2967 -0.0000 0.3772 -0.0000 650.0000
50.0991 307 351 948 992 -1.3963 -0.0000 0.2580 -0.0000 650.0000
50.1058 432 445 854 867 -1.5461 -0.0000 0.4979 -0.0000 650.0000
50.1125 361 453 846 938 -1.6290 -0.0000 0.5778 -0.0000 650.0000
50.1191 280 418 881 1019 -1.6828 -0.0000 0.5038 -0.0000 650.0000
50.1258 262 411 888 1037 -1.7222 -0.0000 0.3684 -0.0000 650.0000
50.1324 397 442 857 902 -1.8598 -0.0000 0.4998 -0.0000 650.0000
50.1391 464 491 808 835 -1.9879 -0.0000 0.7758 -0.0000 650.0000
50.1457 398 519 780 901 -2.0026 -0.0000 1.0125 -0.0000 650.0000
50.1524 258 427 872 1041 -1.9603 -0.0000 0.8718 -0.0000 650.0000
50.1590 326 460 839 973 -1.9587 -0.0000 0.9220 -0.0000 650.0000
50.1656 398 469 830 901 -2.0411 -0.0000 1.0448 -0.0000 650.0000
50.1722 463 483 816 836 -2.1491 -0.0000 1.3173 -0.0000 650.0000
50.1789 359 473 826 940 -2.1537 -0.0000 1.3973 -0.0000 650.0000
50.1855 236 449 850 1063 -2.0448 -0.0000 1.2778 -0.0000 650.0000
50.1921 227 381 918 1072 -1.9930 -0.0000 1.0342 -0.0000 650.0000
50.1988 430 493 806 869 -2.0391 -0.0000 1.3264 -0.0000 650.0000
50.2055 486 532 767 813 -2.1169 -0.0000 1.7039 -0.0000 650.0000
50.2121 379 577 722 920 -2.0354 -0.0000 2.0185 -0.0000 650.0000
50.2188 254 454 845 1045 -1.9524 -0.0000 1.9469 -0.0000 650.0000
50.2254 285 403 896 1014 -1.9567 -0.0000 1.8650 -0.0000 650.0000
50.2321 333 412 887 966 -2.0093 -0.0000 1.8407 -0.0000 650.0000
50.2387 347 462 837 952 -2.0161 -0.0000 1.9625 -0.0000 650.0000
50.2453 349 520 779 950 -1.9689 -0.0000 2.1149 -0.0000 650.0000
50.2520 311 460 839 988 -1.9328 -0.0000 2.1189 -0.0000 650.0000
50.2587 234 381 918 1065 -1.8898 -0.0000 1.8652 -0.0000 650.0000
50.2653 318 509 790 981 -1.7904 -0.0000 1.9288 -0.0000 650.0000
50.2719 403 516 783 896 -1.7888 -0.0000 2.0875 -0.0000 650.0000
50.2786 362 513 786 937 -1.7339 -0.0000 2.2169 -0.0000 650.0000
50.2852 297 366 933 1002 -1.7867 -0.0000 2.0021 -0.0000 650.0000
50.2918 271 398 901 1028 -1.7710 -0.0000 1.7847 -0.0000 650.0000
50.2986 335 424 875 964 -1.8008 -0.0000 1.7188 0.1562 650.0000
50.3052 371 440 859 928 -1.8506 -0.0000 1.6891 0.1562 650.0000
50.3119 307 364 935 992 -1.9103 -0.0000 1.4705 0.1562 650.0000
50.3185 282 326 973 1017 -1.9581 -0.0000 1.1750 0.1562 650.0000
50.3252 384 402 897 915 -2.0306 -0.0000 1.1650 0.1562 650.0000
50.3319 424 459 840 875 -2.0763 -0.0000 1.3011 0.1562 650.0000
50.3385 404 396 903 895 -2.1845 -0.0000 1.3553 0.1562 650.0000
50.3452 296 288 1011 1003 -2.3078 -0.0000 1.0754 0.1562 650.0000
50.3519 370 342 957 929 -2.4558 -0.0000 1.0360 0.1562 650.0000
50.3585 415 448 851 884 -2.5397 -0.0000 1.2227 2.7344 650.0000
50.3652 375 511 788 924 -2.4888 -0.0000 1.4862 2.7344 650.0000
50.3718 268 483 816 1031 -2.3528 -0.0000 1.5191 2.7344 650.0000
50.3785 278 391 908 1021 -2.3281 -0.0000 1.4574 2.7344 650.0000
50.3852 308 351 948 991 -2.3712 -0.0000 1.3643 2.7344 650.0000
50.3918 392 374 925 907 -2.4758 -0.0000 1.4624 2.7344 650.0000
50.3984 443 438 861 856 -2.5588 -0.0000 1.7095 2.7344 650.0000
50.4050 387 463 836 912 -2.5624 -0.0000 1.9304 2.7344 650.0000
50.4117 211 360 939 1088 -2.4896 -0.0000 1.7162 4.6094 650.0000
50.4184 238 385 914 1061 -2.4208 -0.0000 1.5995 4.6094 650.0000
50.4251 325 374 925 974 -2.4478 -0.0000 1.5582 4.6094 650.0000
50.4317 419 499 800 880 -2.4365 -0.0000 1.8870 4.6094 650.0000
50.4384 335 465 834 964 -2.3824 -0.0000 1.9896 4.6094 650.0000
50.4450 301 374 925 998 -2.3724 -0.0000 1.9137 4.6094 650.0000
50.4517 365 394 905 934 -2.4105 -0.0000 1.9232 4.6094 650.0000
50.4583 458 468 831 841 -2.4352 -0.0000 2.1938 4.6094 650.0000
50.4651 350 498 801 949 -2.3348 -0.0000 2.3666 6.6406 650.0000
50.4718 223 441 858 1076 -2.1593 -0.0000 2.2693 6.6406 650.0000
50.4784 207 343 956 1092 -2.0953 -0.0000 2.0335 6.6406 650.0000
50.4851 367 482 817 932 -2.0314 -0.0000 2.2443 6.6406 650.0000
50.4917 457 498 801 842 -2.0492 -0.0000 2.6064 6.6406 650.0000
50.4983 402 501 798 897 -1.9989 -0.0000 2.8907 6.6406 650.0000
50.5050 285 398 901 1014 -1.9550 -0.0000 2.8050 6.6406 650.0000
50.5116 234 333 966 1065 -1.9033 -0.0000 2.5625 6.6406 650.0000
50.5183 311 337 962 988 -1.9289 -0.0000 2.4401 6.6406 650.0000
50.5251 341 359 940 958 -1.9300 0.3125 2.4399 8.7500 650.0000
50.5318 262 288 1011 1037 -1.9366 0.3125 2.2470 8.7500 650.0000
50.5385 267 273 1026 1032 -1.9806 0.3125 2.0144 8.7500 650.0000
50.5452 354 318 981 945 -2.0724 0.3125 2.0051 8.7500 650.0000
50.5518 352 436 863 947 -2.0342 0.3125 2.1159 8.7500 650.0000
50.5585 240 278 1021 1059 -2.0245 0.3125 1.8625 8.7500 650.0000
50.5652 214 314 985 1085 -1.9565 0.3125 1.6081 8.7500 650.0000
50.5719 333 379 920 966 -1.9373 0.3125 1.6570 8.7500 650.0000
50.5786 341 431 868 958 -1.8697 0.8594 1.8138 10.0000 650.0000
50.5852 194 425 874 1105 -1.6410 0.8594 1.7661 10.0000 650.0000
50.5918 268 265 1034 1031 -1.6775 0.8594 1.6162 10.0000 650.0000
50.5985 341 383 916 958 -1.6606 0.8594 1.7410 10.0000 650.0000
50.6051 261 330 969 1038 -1.6225 0.8594 1.6876 10.0000 650.0000
50.6118 191 260 1039 1108 -1.5931 0.8594 1.4091 10.0000 650.0000
50.6185 301 321 978 998 -1.6111 0.8594 1.3929 10.0000 650.0000
50.6251 384 427 872 915 -1.6080 0.8594 1.6364 10.0000 650.0000
50.6317 280 368 931 1019 -1.5483 0.8594 1.6282 10.0000 650.0000
50.6383 208 208 1091 1091 -1.5874 0.8594 1.2813 10.0000 650.0000
50.6450 401 334 965 898 -1.6589 2.5781 1.4009 10.0000 650.0000
50.6517 336 360 939 963 -1.6301 2.5781 1.4995 10.0000 650.0000
50.6583 313 297 1002 986 -1.6561 2.5781 1.4493 10.0000 650.0000
50.6650 411 295 1004 888 -1.7840 2.5781 1.5332 10.0000 650.0000
50.6716 481 414 885 818 -1.8682 2.5781 1.9028 10.0000 650.0000
50.6783 395 359 940 904 -1.9108 2.5781 2.0340 10.0000 650.0000
50.6849 286 235 1064 1013 -1.9529 2.5781 1.8596 10.0000 650.0000
50.6916 342 229 1070 957 -2.0756 2.5781 1.7381 10.0000 650.0000
50.6982 358 305 994 941 -2.1172 2.5781 1.8090 10.0000 650.0000
50.7049 402 317 982 897 -2.1972 2.5781 1.9353 10.0000 650.0000
50.7115 256 245 1054 1043 -2.1684 2.5781 1.7626 10.0000 650.0000
50.7182 176 184 1115 1123 -2.1124 2.5781 1.3542 10.0000 650.0000
50.7248 198 134 1165 1101 -2.1139 2.5781 0.9463 10.0000 650.0000
50.7315 366 254 1045 933 -2.1454 2.5000 0.9480 10.0000 650.0000
50.7381 394 310 989 905 -2.1377 2.5000 1.0960 10.0000 650.0000
50.7447 377 331 968 922 -2.1007 2.5000 1.2071 10.0000 650.0000
50.7514 339 290 1009 960 -2.0613 2.5000 1.1939 10.0000 650.0000
50.7580 404 376 923 895 -2.0144 2.5000 1.3975 10.0000 650.0000
50.7647 440 430 869 859 -1.9381 2.5000 1.7162 10.0000 650.0000
50.7713 339 287 1012 960 -1.9107 2.5000 1.7070 10.0000 650.0000
50.7780 287 307 992 1012 -1.7910 2.5000 1.6349 10.0000 650.0000
50.7847 367 230 1069 932 -1.8433 2.5000 1.6301 10.0000 650.0000
50.7913 482 362 937 817 -1.8710 2.5000 1.9629 10.0000 650.0000
50.7980 419 353 946 880 -1.8577 2.5000 2.2178 10.0000 650.0000
50.8046 301 345 954 998 -1.7202 2.5000 2.2561 10.0000 650.0000
50.8113 267 228 1071 1032 -1.6930 2.5000 2.0860 10.0000 650.0000
50.8180 317 261 1038 982 -1.6716 2.5000 2.0120 10.0000 650.0000
50.8246 413 243 1056 886 -1.7706 2.5000 2.0799 10.0000 650.0000
50.8313 504 368 931 795 -1.8181 2.5000 2.4711 10.0000 650.0000
50.8380 411 349 950 888 -1.7918 2.5000 2.7109 10.0000 650.0000
50.8446 278 300 999 1021 -1.6640 2.5000 2.6683 10.0000 650.0000
50.8514 268 255 1044 1031 -1.5906 2.5000 2.5398 10.0000 650.0000
50.8581 332 229 1070 967 -1.6018 2.5000 2.4734 10.0000 650.0000
50.8647 462 365 934 837 -1.6271 2.5000 2.8192 10.0000 650.0000
50.8714 493 364 935 806 -1.6709 2.5000 3.2321 10.0000 650.0000
50.8780 424 302 997 875 -1.7193 2.5000 3.4299 10.0000 650.0000
50.8847 280 290 1009 1019 -1.6190 2.5000 3.4017 10.0000 650.0000
50.8913 218 265 1034 1081 -1.4887 2.5000 3.2071 10.0000 650.0000
50.8980 345 198 1101 954 -1.5644 2.5000 3.1262 10.0000 650.0000
50.9046 403 241 1058 896 -1.6520 2.5000 3.1638 10.0000 650.0000
50.9112 472 381 918 827 -1.6560 2.5000 3.5354 10.0000 650.0000
50.9179 422 332 967 877 -1.6577 2.5000 3.6986 10.0000 650.0000
50.9245 324 296 1003 975 -1.5833 2.5000 3.6589 10.0000 650.0000
50.9312 231 223 1076 1068 -1.4735 2.5000 3.3429 10.0000 650.0000
50.9379 289 258 1041 1010 -1.3918 2.5000 3.2188 10.0000 650.0000
50.9445 394 233 1066 905 -1.4389 2.5000 3.2061 10.0000 650.0000
50.9511 463 336 963 836 -1.4521 2.5000 3.4543 10.0000 650.0000
50.9578 436 290 1009 863 -1.4756 2.5000 3.5563 10.0000 650.0000
50.9644 320 249 1050 979 -1.4071 2.5000 3.4432 10.0000 650.0000
50.9711 235 195 1104 1064 -1.2928 2.4219 3.1291 10.0000 650.0000
50.9778 304 229 1070 995 -1.2230 2.4219 2.9843 10.0000 650.0000
50.9845 470 203 1096 829 -1.3562 2.4219 3.0862 10.0000 650.0000
50.9911 426 320 979 873 -1.3222 2.4219 3.2864 10.0000 650.0000
50.9978 345 199 1100 954 -1.3214 2.4219 3.1844 10.0000 650.0000
51.0044 284 201 1098 1015 -1.2573 2.4219 2.9749 10.0000 650.0000
51.0111 341 163 1136 958 -1.2773 2.4219 2.8074 10.0000 650.0000
51.0178 411 171 1128 888 -1.3711 2.4219 2.7498 10.0000 650.0000
51.0244 433 277 1022 866 -1.3803 2.4219 2.9218 10.0000 650.0000
51.0311 413 180 1119 886 -1.4731 2.4219 2.9032 10.0000 650.0000
51.0377 321 225 1074 978 -1.4237 2.4219 2.8371 10.0000 650.0000
51.0443 254 159 1140 1045 -1.3764 2.4219 2.5352 10.0000 650.0000
51.0510 274 94 1205 1025 -1.4166 2.5000 2.2095 10.0000 650.0000
51.0577 375 184 1115 924 -1.4486 2.5000 2.1599 10.0000 650.0000
51.0643 404 169 1130 895 -1.5380 2.5000 2.1744 10.0000 650.0000
51.0710 403 315 984 896 -1.4578 2.5000 2.3505 10.0000 650.0000
51.0777 257 153 1146 1042 -1.3881 2.5000 2.0934 10.0000 650.0000
51.0843 241 98 1201 1058 -1.3337 2.5000 1.7226 10.0000 650.0000
51.0910 306 39 1260 993 -1.4138 2.5000 1.4193 10.0000 650.0000
51.0977 395 218 1081 904 -1.3998 2.5000 1.4861 10.0000 650.0000
51.1043 431 202 1097 868 -1.4516 2.5000 1.5966 10.0000 650.0000
51.1110 270 119 1180 1029 -1.4082 2.5000 1.3076 10.0000 650.0000
51.1177 317 59 1240 982 -1.4543 2.5000 1.0602 10.0000 650.0000
51.1244 343 106 1193 956 -1.4713 2.4219 0.9016 10.0000 650.0000
51.1311 509 163 1136 790 -1.6373 2.4219 1.0984 10.0000 650.0000
51.1378 377 250 1049 922 -1.5603 2.4219 1.1952 10.0000 650.0000
51.1444 358 225 1074 941 -1.5025 2.4219 1.2470 10.0000 650.0000
51.1511 273 94 1205 1026 -1.4741 2.4219 0.9739 10.0000 650.0000
51.1578 405 126 1173 894 -1.5579 2.4219 0.9913 10.0000 650.0000
51.1644 445 124 1175 854 -1.6697 2.4219 1.0354 10.0000 650.0000
51.1711 491 252 1047 808 -1.7087 2.4219 1.3454 10.0000 650.0000
51.1777 404 171 1128 895 -1.7336 2.4219 1.3704 10.0000 650.0000
51.1844 338 203 1096 961 -1.6683 2.4219 1.3615 10.0000 650.0000
51.1911 252 84 1215 1047 -1.6202 2.4219 1.0434 10.0000 650.0000
51.1977 272 75 1224 1027 -1.5985 2.3438 0.7489 10.0000 650.0000
51.2044 334 40 1259 965 -1.6548 2.3438 0.5134 10.0000 650.0000
51.2111 435 218 1081 864 -1.6432 2.3438 0.6571 10.0000 650.0000
51.2177 435 203 1096 864 -1.6573 2.3438 0.7987 10.0000 650.0000
51.2244 335 185 1114 964 -1.5944 2.3438 0.7174 10.0000 650.0000
51.2310 275 96 1203 1024 -1.5371 2.3438 0.4469 10.0000 650.0000
51.2377 279 7 1292 1020 -1.5554 2.3438 0.0351 10.0000 650.0000
51.2443 350 53 1246 949 -1.5836 2.3438 -0.1301 10.0000 650.0000
51.2509 505 154 1145 794 -1.6617 2.3438 0.0751 10.0000 650.0000
51.2576 404 114 1185 895 -1.6923 2.3438 0.1024 10.0000 650.0000
51.2642 376 83 1216 923 -1.7366 2.3438 -0.0058 10.0000 650.0000
51.2708 302 49 1250 997 -1.7535 2.3438 -0.2564 10.0000 650.0000
51.2775 344 26 1273 955 -1.8247 2.3438 -0.5052 10.0000 650.0000
51.2842 429 63 1236 870 -1.9394 2.4219 -0.5228 10.0000 650.0000
51.2909 489 149 1150 810 -2.0002 2.4219 -0.3095 10.0000 650.0000
51.2975 389 122 1177 910 -1.9922 2.4219 -0.2518 10.0000 650.0000
51.3041 340 168 1131 959 -1.8744 2.4219 -0.1958 10.0000 650.0000
51.3108 268 96 1203 1031 -1.7775 2.4219 -0.3903 10.0000 650.0000
51.3174 227 72 1227 1072 -1.6588 2.4219 -0.6756 10.0000 650.0000
51.3240 274 136 1163 1025 -1.5301 2.4219 -0.8125 10.0000 650.0000
51.3308 415 68 1231 884 -1.6327 2.4219 -0.8022 10.0000 650.0000
51.3374 508 241 1058 791 -1.6354 2.4219 -0.4503 10.0000 650.0000
51.3441 455 196 1103 844 -1.6101 2.4219 -0.2294 10.0000 650.0000
51.3507 364 202 1097 935 -1.4594 2.4219 -0.1725 10.0000 650.0000
51.3574 309 94 1205 990 -1.3633 2.4219 -0.3046 10.0000 650.0000
51.3640 298 103 1196 1001 -1.2358 2.4219 -0.4390 10.0000 650.0000
51.3706 424 140 1159 875 -1.2319 2.4219 -0.2991 10.0000 650.0000
51.3772 490 145 1154 809 -1.2870 2.4219 -0.1111 10.0000 650.0000
51.3839 520 286 1013 779 -1.2478 2.4219 0.3095 10.0000 650.0000
51.3905 442 172 1127 857 -1.2329 2.4219 0.4352 10.0000 650.0000
51.3972 381 215 1084 918 -1.1190 2.4219 0.5441 10.0000 650.0000
51.4039 329 53 1246 970 -1.1050 2.4219 0.3771 10.0000 650.0000
51.4106 307 14 1285 992 -1.0910 2.2656 0.1045 10.0000 650.0000
51.4173 376 58 1241 923 -1.1031 2.3438 0.0617 10.0000 650.0000
51.4240 398 97 1202 901 -1.1199 2.3438 0.0762 10.0000 650.0000
51.4307 426 110 1189 873 -1.1770 2.3438 0.1377 10.0000 650.0000
51.4373 477 142 1157 822 -1.2321 2.3438 0.2986 10.0000 650.0000
51.4439 501 159 1140 798 -1.2771 2.3438 0.4639 10.0000 650.0000
51.4506 422 116 1183 877 -1.2838 2.3438 0.5028 10.0000 650.0000
51.4572 397 228 1071 902 -1.1327 2.3438 0.6943 10.0000 650.0000
51.4639 322 100 1199 977 -1.0473 2.3438 0.5949 10.0000 650.0000
51.4705 322 77 1222 977 -0.9834 2.3438 0.4523 10.0000 650.0000
51.4772 327 54 1245 972 -0.9843 2.3438 0.2562 10.0000 650.0000
51.4838 297 -8 1308 1002 -1.0336 2.3438 -0.0350 10.0000 650.0000
51.4905 390 24 1275 909 -1.1203 2.3438 -0.1852 10.0000 650.0000
51.4971 413 0 1300 886 -1.2321 2.3438 -0.3338 10.0000 650.0000
51.5038 470 141 1158 829 -1.2376 2.3438 -0.1508 10.0000 650.0000
51.5104 504 96 1203 795 -1.3262 2.3438 0.0168 10.0000 650.0000
51.5171 382 139 1160 917 -1.2366 2.3438 0.1003 10.0000 650.0000
51.5237 293 100 1199 1006 -1.0940 2.3438 -0.0543 10.0000 650.0000
51.5304 278 43 1256 1021 -1.0189 2.3438 -0.2611 10.0000 650.0000
51.5370 311 86 1213 988 -0.9352 2.3438 -0.3546 10.0000 650.0000
51.5437 331 -2 1302 968 -0.9798 2.3438 -0.5613 10.0000 650.0000
51.5503 467 79 1220 832 -1.0654 2.3438 -0.4695 10.0000 650.0000
51.5570 538 154 1145 761 -1.1346 2.3438 -0.1880 10.0000 650.0000
51.5636 578 161 1138 721 -1.2291 2.3438 0.1937 10.0000 650.0000
51.5703 462 137 1162 837 -1.2178 2.3438 0.3371 10.0000 650.0000
51.5769 392 64 1235 907 -1.2170 2.3438 0.3101 10.0000 650.0000
51.5835 333 85 1214 966 -1.1113 2.3438 0.2107 10.0000 650.0000
51.5903 251 71 1228 1048 -0.9474 2.3438 0.0412 10.0000 650.0000
51.5969 267 17 1282 1032 -0.8661 2.3438 -0.1593 10.0000 650.0000
51.6035 302 23 1276 997 -0.8131 2.3438 -0.3594 10.0000 650.0000
51.6103 377 85 1214 922 -0.7911 2.0312 -0.3722 10.0000 650.0000
51.6170 507 55 1244 792 -0.9233 1.8750 -0.2296 10.0000 650.0000
51.6237 543 170 1129 756 -0.9691 1.8750 0.1085 10.0000 650.0000
51.6304 480 141 1158 819 -0.9727 1.8750 0.2964 10.0000 650.0000
51.6371 357 -21 1321 942 -1.0147 1.8750 0.0261 10.0000 650.0000
51.6437 307 34 1265 992 -0.9409 1.8750 -0.1839 10.0000 650.0000
51.6503 277 0 1300 1022 -0.8742 1.8750 -0.4720 10.0000 650.0000
51.6569 267 31 1268 1032 -0.7878 1.8750 -0.6828 10.0000 650.0000
51.6636 352 35 1264 947 -0.7620 1.8750 -0.7806 10.0000 650.0000
51.6703 398 84 1215 901 -0.7137 1.8750 -0.7507 10.0000 650.0000
51.6769 488 118 1181 811 -0.7271 1.8750 -0.5095 10.0000 650.0000
51.6835 542 123 1176 757 -0.7982 1.8750 -0.2416 10.0000 650.0000
51.6901 439 117 1182 860 -0.7797 1.8750 -0.1428 10.0000 650.0000
51.6967 370 58 1241 929 -0.7488 1.9531 -0.2795 10.0000 650.0000
51.7034 390 62 1237 909 -0.7569 1.9531 -0.3382 10.0000 650.0000
51.7101 351 87 1212 948 -0.7080 1.9531 -0.4041 10.0000 650.0000
51.7167 362 -2 1302 937 -0.7666 1.9531 -0.5876 10.0000 650.0000
51.7233 427 0 1299 872 -0.8748 1.9531 -0.6604 10.0000 650.0000
51.7300 549 50 1249 750 -1.0444 1.9531 -0.4839 10.0000 650.0000
51.7366 503 50 1249 796 -1.1659 1.9531 -0.3299 10.0000 650.0000
51.7433 533 83 1216 766 -1.2488 1.9531 -0.1284 10.0000 650.0000
51.7499 468 118 1181 831 -1.2255 1.9531 0.0259 10.0000 650.0000
51.7566 484 163 1136 815 -1.1898 1.8750 0.3137 10.0000 650.0000
51.7632 525 140 1159 774 -1.2319 1.8750 0.5792 10.0000 650.0000
51.7699 570 60 1239 729 -1.3980 1.8750 0.7980 10.0000 650.0000
51.7765 464 132 1167 835 -1.3580 1.8750 0.9893 10.0000 650.0000
51.7831 460 142 1157 839 -1.2888 1.8750 1.1389 10.0000 650.0000
51.7898 547 123 1176 752 -1.3340 1.8750 1.3456 10.0000 650.0000
51.7965 533 113 1186 766 -1.3943 1.8750 1.5338 10.0000 650.0000
51.8031 483 86 1213 816 -1.4074 1.8750 1.5835 10.0000 650.0000
51.8098 511 113 1186 788 -1.4107 1.8750 1.6836 10.0000 650.0000
51.8164 478 24 1275 821 -1.4761 1.8750 1.6411 10.0000 650.0000
51.8230 405 57 1242 894 -1.4017 1.8750 1.5489 10.0000 650.0000
51.8297 386 110 1189 913 -1.2502 1.8750 1.5317 10.0000 650.0000
51.8363 412 -16 1316 887 -1.2495 1.8750 1.3410 10.0000 650.0000
51.8429 322 25 1274 977 -1.0985 1.8750 1.0712 10.0000 650.0000
51.8496 318 70 1229 981 -0.9232 1.8750 0.8977 10.0000 650.0000
51.8562 362 23 1276 937 -0.8298 1.8750 0.6865 10.0000 650.0000
51.8629 391 35 1264 908 -0.7548 1.8750 0.5386 10.0000 650.0000
51.8696 374 -49 1349 925 -0.7596 1.8750 0.2772 10.0000 650.0000
51.8763 381 -56 1356 918 -0.7542 1.8750 -0.0022 10.0000 650.0000
51.8829 475 32 1267 824 -0.7593 1.8750 -0.0108 10.0000 650.0000
51.8896 468 29 1270 831 -0.7932 1.8750 0.0108 10.0000 650.0000
51.8962 543 110 1189 756 -0.8142 1.8750 0.2117 10.0000 650.0000
51.9029 673 103 1196 626 -0.9816 1.8750 0.6148 10.0000 650.0000
51.9095 640 56 1243 659 -1.1592 1.8750 0.9416 10.0000 650.0000
51.9162 574 134 1165 725 -1.1747 1.8750 1.2514 10.0000 650.0000
51.9229 527 65 1234 772 -1.2473 1.8750 1.4051 10.0000 650.0000
51.9296 542 75 1224 757 -1.3485 1.8750 1.6286 10.0000 650.0000
51.9362 454 31 1268 845 -1.3988 1.8750 1.6253 10.0000 650.0000
51.9428 405 74 1225 894 -1.3549 1.8750 1.6133 10.0000 650.0000
51.9495 377 66 1233 922 -1.2991 2.0312 1.5528 10.0000 650.0000
51.9561 282 2 1297 1017 -1.2033 2.0312 1.2522 10.0000 650.0000
51.9628 282 71 1228 1017 -1.0281 2.0312 1.0364 10.0000 650.0000
51.9695 366 51 1248 933 -0.9359 2.0312 0.8714 10.0000 650.0000
51.9761 361 4 1295 938 -0.8968 2.0312 0.6004 10.0000 650.0000
51.9828 370 -1 1301 929 -0.8275 2.0312 0.3620 10.0000 650.0000
51.9894 340 -28 1328 959 -0.7114 2.0312 0.0181 10.0000 650.0000
51.9961 324 -87 1387 975 -0.6083 2.0312 -0.4308 10.0000 650.0000
52.0028 435 32 1267 864 -0.5178 2.0312 -0.4749 10.0000 650.0000
52.0094 493 65 1234 806 -0.4453 2.0312 -0.4344 10.0000 650.0000
52.0160 588 69 1230 711 -0.4862 2.0312 -0.2159 10.0000 650.0000
52.0227 614 116 1183 685 -0.5025 2.0312 0.1403 10.0000 650.0000
52.0293 671 108 1191 628 -0.6173 2.0312 0.5493 10.0000 650.0000
52.0360 624 94 1205 675 -0.7347 2.0312 0.8748 10.0000 650.0000
52.0426 545 137 1162 754 -0.7148 2.0312 1.1122 10.0000 650.0000
52.0493 597 40 1259 702 -0.8760 2.0312 1.3159 10.0000 650.0000
52.0560 589 107 1192 710 -0.9610 1.8750 1.5858 10.0000 650.0000
52.0626 438 36 1263 861 -0.9621 1.8750 1.5213 10.0000 650.0000
52.0693 501 27 1272 798 -1.0350 1.8750 1.5080 10.0000 650.0000
52.0759 422 53 1246 877 -0.9910 1.8750 1.4120 10.0000 650.0000
52.0825 400 47 1252 899 -0.9301 1.8750 1.2739 10.0000 650.0000
52.0892 557 101 1198 742 -0.9711 1.8750 1.4623 10.0000 650.0000
52.0959 532 77 1222 767 -0.9809 1.8750 1.5786 10.0000 650.0000
52.1025 614 111 1188 685 -1.0094 1.8750 1.8583 10.0000 650.0000
52.1092 655 79 1220 644 -1.1151 1.8750 2.1467 10.0000 650.0000
52.1158 605 109 1190 694 -1.1172 1.8750 2.3994 10.0000 650.0000
52.1225 584 34 1265 715 -1.2012 1.9531 2.5441 10.0000 650.0000
52.1292 499 88 1211 800 -1.1196 1.9531 2.6313 10.0000 650.0000
52.1359 454 95 1204 845 -1.0066 1.9531 2.6741 10.0000 650.0000
52.1426 519 105 1194 780 -0.9441 1.9531 2.8156 10.0000 650.0000
52.1493 532 144 1155 767 -0.8500 1.9531 3.0542 10.0000 650.0000
52.1559 632 38 1261 667 -0.9653 1.9531 3.2627 10.0000 650.0000
52.1625 527 62 1237 772 -0.9444 1.9531 3.3707 10.0000 650.0000
52.1692 592 53 1246 707 -0.9870 1.9531 3.5533 10.0000 650.0000
52.1758 431 -40 1340 868 -0.9619 1.9531 3.3761 10.0000 650.0000
52.1824 479 106 1193 820 -0.8203 1.9531 3.4707 10.0000 650.0000
52.1891 549 37 1262 750 -0.8427 1.9531 3.5685 10.0000 650.0000
52.1959 587 47 1252 712 -0.8805 1.9531 3.7161 10.0000 650.0000
52.2026 629 54 1245 670 -0.9636 1.9531 3.9435 10.0000 650.0000
52.2093 537 -37 1337 762 -1.0254 1.9531 3.8872 10.0000 650.0000
52.2160 541 -50 1350 758 -1.1168 1.9531 3.8463 10.0000 650.0000
52.2226 391 12 1287 908 -0.9660 1.9531 3.6671 10.0000 650.0000
52.2293 485 38 1261 814 -0.9249 1.9531 3.6770 10.0000 650.0000
52.2359 525 86 1213 774 -0.8755 1.9531 3.7895 10.0000 650.0000
52.2426 582 92 1207 717 -0.9019 1.9531 3.9873 10.0000 650.0000
52.2492 592 33 1266 707 -0.9865 1.9531 4.0748 10.0000 650.0000
52.2558 462 29 1270 837 -0.9453 1.9531 3.9804 10.0000 650.0000
52.2625 480 -25 1325 819 -0.9595 2.0312 3.8081 10.0000 650.0000
52.2691 426 -13 1313 873 -0.9218 2.0312 3.5814 10.0000 650.0000
52.2757 436 97 1202 863 -0.7675 2.0312 3.5086 10.0000 650.0000
52.2824 578 63 1236 721 -0.8181 2.0312 3.5933 10.0000 650.0000
52.2891 568 100 1199 731 -0.7810 2.0312 3.6938 10.0000 650.0000
52.2957 674 82 1217 625 -0.8700 2.0312 3.9340 10.0000 650.0000
52.3024 662 -4 1304 637 -1.0060 2.0312 4.0213 10.0000 650.0000
52.3090 582 91 1208 717 -0.9150 2.0312 4.1232 10.0000 650.0000
52.3157 583 -22 1322 716 -0.9481 2.0312 4.0703 10.0000 650.0000
52.3223 479 8 1291 820 -0.8166 2.0312 3.9465 10.0000 650.0000
52.3290 584 69 1230 715 -0.7482 2.0312 4.0952 10.0000 650.0000
52.3357 603 -19 1319 696 -0.7965 2.0312 4.1573 10.0000 650.0000
52.3423 678 8 1291 621 -0.9224 2.0312 4.3864 10.0000 650.0000
52.3490 534 -1 1301 765 -0.9104 2.1094 4.3967 10.0000 650.0000
52.3557 547 -66 1366 752 -0.9995 2.1094 4.3221 10.0000 650.0000
52.3623 496 53 1246 803 -0.9391 2.1094 4.3621 10.0000 650.0000
52.3690 608 25 1274 691 -1.0384 2.1094 4.5159 10.0000 650.0000
52.3756 520 3 1296 779 -1.0686 2.1094 4.5061 10.0000 650.0000
52.3823 546 -36 1336 753 -1.1623 2.1094 4.4676 10.0000 650.0000
52.3889 425 -39 1339 874 -1.1371 2.1094 4.2547 10.0000 650.0000
52.3956 536 16 1283 763 -1.1679 2.1094 4.2910 10.0000 650.0000
52.4023 508 79 1220 791 -1.1011 1.9531 4.3548 10.0000 650.0000
52.4090 636 -7 1307 663 -1.2435 1.9531 4.4721 10.0000 650.0000
52.4156 553 0 1299 746 -1.2610 1.9531 4.4509 10.0000 650.0000
52.4223 430 -4 1304 869 -1.1063 1.9531 4.2518 10.0000 650.0000
52.4289 455 -76 1376 844 -1.0560 1.9531 3.9907 10.0000 650.0000
52.4356 420 70 1229 879 -0.8056 1.9531 3.9095 10.0000 650.0000
52.4422 557 71 1228 742 -0.7089 1.9531 4.0425 10.0000 650.0000
52.4489 595 24 1275 704 -0.6982 1.9531 4.1598 10.0000 650.0000
52.4555 659 105 1194 640 -0.6652 1.9531 4.4716 10.0000 650.0000
52.4621 635 -38 1338 664 -0.7586 1.9531 4.4892 10.0000 650.0000
52.4688 522 -24 1324 777 -0.7365 1.9531 4.3682 10.0000 650.0000
52.4755 542 -12 1312 757 -0.7313 1.9531 4.2796 10.0000 650.0000
52.4821 480 -34 1334 819 -0.7102 1.9531 4.0899 10.0000 650.0000
52.4888 623 74 1225 676 -0.7175 1.9531 4.2693 10.0000 650.0000
52.4954 621 -15 1315 678 -0.8273 1.9531 4.3268 10.0000 650.0000
52.5021 675 4 1295 624 -0.9420 1.9531 4.4824 10.0000 650.0000
52.5088 600 -61 1361 699 -1.0392 1.9531 4.4351 10.0000 650.0000
52.5154 516 -63 1363 783 -1.0156 1.9531 4.2795 10.0000 650.0000
52.5220 525 -10 1310 774 -0.9590 1.9531 4.2400 10.0000 650.0000
52.5287 644 31 1268 655 -0.9878 1.9531 4.4518 10.0000 650.0000
52.5354 589 -58 1358 710 -1.0793 2.0312 4.4493 10.0000 650.0000
52.5421 539 -27 1327 760 -1.0794 2.0312 4.4289 10.0000 650.0000
52.5488 461 13 1286 838 -0.9416 2.0312 4.3359 10.0000 650.0000
52.5554 596 -55 1355 703 -1.0156 2.0312 4.3505 10.0000 650.0000
52.5620 576 19 1280 723 -0.9829 2.0312 4.4325 10.0000 650.0000
52.5687 627 -49 1349 672 -1.0934 2.0312 4.4862 10.0000 650.0000
52.5753 475 -105 1405 824 -1.1163 2.0312 4.2238 10.0000 650.0000
52.5820 527 -10 1310 772 -1.1035 2.0312 4.1826 10.0000 650.0000
52.5886 461 -6 1306 838 -1.0096 2.0312 4.0504 10.0000 650.0000
52.5952 640 14 1285 659 -1.0626 2.0312 4.1942 10.0000 650.0000
52.6020 596 -24 1324 703 -1.0905 2.0312 4.2239 10.0000 650.0000
52.6087 595 -70 1370 704 -1.1485 2.0312 4.1737 10.0000 650.0000
52.6154 451 -35 1335 848 -1.0145 2.0312 3.9603 10.0000 650.0000
52.6220 504 22 1277 795 -0.8804 2.0312 3.8984 10.0000 650.0000
52.6287 593 -35 1335 706 -0.9039 2.0312 3.8901 10.0000 650.0000
52.6353 657 31 1268 642 -0.9078 2.0312 4.0674 10.0000 650.0000
52.6420 660 -87 1387 639 -1.0328 2.0312 4.0971 10.0000 650.0000
52.6486 527 -99 1399 772 -0.9901 2.0312 3.9333 10.0000 650.0000
52.6552 543 14 1285 756 -0.8545 2.0312 3.9955 10.0000 650.0000
52.6618 534 -34 1334 765 -0.7705 2.0312 3.9715 10.0000 650.0000
52.6685 659 -21 1321 640 -0.8697 2.0312 4.1654 10.0000 650.0000
52.6752 530 -77 1377 769 -0.9025 2.0312 4.0679 10.0000 650.0000
52.6819 546 -97 1397 753 -0.9926 2.0312 3.9491 10.0000 650.0000
52.6885 463 11 1288 836 -0.8697 2.0312 3.8402 10.0000 650.0000
52.6952 593 0 1300 706 -0.8941 2.0312 3.8880 10.0000 650.0000
52.7018 585 -23 1323 714 -0.9172 2.0312 3.8915 10.0000 650.0000
52.7085 610 -7 1307 689 -0.9199 2.0312 3.9430 10.0000 650.0000
52.7152 441 -95 1395 858 -0.8373 2.0312 3.6344 10.0000 650.0000
52.7218 531 -33 1333 768 -0.7800 2.0312 3.5519 10.0000 650.0000
52.7285 527 54 1245 772 -0.6378 2.0312 3.6045 10.0000 650.0000
52.7351 683 -21 1321 616 -0.7308 2.0312 3.7658 10.0000 650.0000
52.7418 581 -6 1306 718 -0.6893 1.9531 3.7964 10.0000 650.0000
52.7485 558 -74 1374 741 -0.6589 1.9531 3.7136 10.0000 650.0000
52.7552 499 -103 1403 800 -0.5968 1.9531 3.5160 10.0000 650.0000
52.7619 566 8 1291 733 -0.4883 1.9531 3.6022 10.0000 650.0000
52.7685 591 -24 1324 708 -0.4701 1.9531 3.6775 10.0000 650.0000
52.7751 640 -32 1332 659 -0.5247 1.9531 3.8141 10.0000 650.0000
52.7817 595 -46 1346 704 -0.5624 1.9531 3.8299 10.0000 650.0000
52.7883 523 -71 1371 776 -0.5444 1.9531 3.6991 10.0000 650.0000
52.7950 568 -5 1305 731 -0.4909 1.9531 3.7154 10.0000 650.0000
52.8016 630 19 1280 669 -0.4679 1.9531 3.8709 10.0000 650.0000
52.8083 591 -108 1408 708 -0.5352 1.9531 3.7706 10.0000 650.0000
52.8149 570 -67 1367 729 -0.5455 1.9531 3.7086 10.0000 650.0000
52.8216 508 -81 1381 791 -0.5134 1.9531 3.5367 10.0000 650.0000
52.8283 649 -19 1319 650 -0.5675 1.9531 3.6703 10.0000 650.0000
52.8349 543 -1 1301 756 -0.4752 1.9531 3.6817 10.0000 650.0000
52.8416 650 -85 1385 649 -0.5659 1.9531 3.7266 10.0000 650.0000
52.8483 479 -46 1346 820 -0.4267 1.9531 3.5927 10.0000 650.0000
52.8549 569 -7 1307 730 -0.3456 1.9531 3.6464 10.0000 650.0000
52.8616 584 -27 1327 715 -0.3079 1.9531 3.6843 10.0000 650.0000
52.8682 668 -43 1343 631 -0.3621 1.9531 3.8108 10.0000 650.0000
52.8750 488 -83 1383 811 -0.2522 1.9531 3.5954 10.0000 650.0000
52.8817 588 -109 1409 711 -0.2706 2.2656 3.4994 10.0000 650.0000
52.8884 605 2 1297 694 -0.1992 2.2656 3.5837 10.0000 650.0000
52.8951 657 -76 1376 642 -0.2851 2.2656 3.6242 10.0000 650.0000
52.9017 595 -39 1339 704 -0.2656 2.2656 3.6007 10.0000 650.0000
52.9083 534 -72 1372 765 -0.2126 2.2656 3.4464 10.0000 650.0000
52.9150 610 -40 1340 689 -0.1973 2.2656 3.4580 10.0000 650.0000
52.9216 641 -39 1339 658 -0.2243 2.2656 3.5224 10.0000 650.0000
52.9283 652 -45 1345 647 -0.2803 2.2656 3.6046 10.0000 650.0000
52.9349 555 -127 1427 744 -0.3263 2.2656 3.4253 10.0000 650.0000
52.9416 665 -52 1352 634 -0.4016 2.2656 3.5372 10.0000 650.0000
52.9483 585 -9 1309 714 -0.3308 2.2656 3.5987 10.0000 650.0000
52.9550 661 -86 1386 638 -0.4417 2.0312 3.6725 9.9219 650.0000
52.9617 541 -27 1327 758 -0.3645 2.0312 3.6546 9.9219 650.0000
52.9684 562 -18 1318 737 -0.3105 2.0312 3.6723 9.9219 650.0000
52.9750 639 -9 1309 660 -0.3217 2.0312 3.8087 9.9219 650.0000
52.9817 555 -61 1361 744 -0.2998 2.0312 3.7418 9.9219 650.0000
52.9883 625 -105 1405 674 -0.4066 2.0312 3.7050 9.9219 650.0000
52.9950 565 3 1296 734 -0.3402 2.0312 3.7308 9.9219 650.0000
53.0016 675 -81 1381 624 -0.4721 2.0312 3.7811 9.9219 650.0000
53.0083 540 -81 1381 759 -0.4458 2.0312 3.6336 9.9219 650.0000
53.0150 541 -10 1310 758 -0.3526 1.5625 3.5726 7.1875 650.0000
53.0217 626 0 1300 673 -0.3549 1.5625 3.6544 7.1875 650.0000
53.0284 622 -13 1313 677 -0.3692 1.5625 3.7150 7.1875 650.0000
53.0350 621 -29 1329 678 -0.3726 1.5625 3.7473 7.1875 650.0000
53.0417 473 -47 1347 826 -0.2225 1.5625 3.5471 7.1875 650.0000
53.0483 695 1 1298 604 -0.2554 1.5625 3.7607 7.1875 650.0000
53.0549 607 28 1271 692 -0.1746 1.5625 3.8713 7.1875 650.0000
53.0616 613 -108 1408 686 -0.2482 1.5625 3.7892 7.1875 650.0000
53.0682 540 33 1266 759 -0.0823 1.5625 3.7957 7.1875 650.0000
53.0749 639 -24 1324 660 -0.0915 1.5625 3.8701 7.1875 650.0000
53.0816 659 -22 1322 640 -0.1333 1.5625 3.9744 7.1875 650.0000
53.0883 563 -42 1342 736 -0.1336 0.7812 3.8409 3.9844 650.0000
53.0949 573 -85 1385 726 -0.1887 0.7812 3.6653 3.9844 650.0000
53.1016 632 50 1249 667 -0.1589 0.7812 3.7814 3.9844 650.0000
53.1083 629 -33 1333 670 -0.2356 0.7812 3.7809 3.9844 650.0000
53.1149 593 -43 1343 706 -0.2903 0.7812 3.7210 3.9844 650.0000
53.1216 536 9 1290 763 -0.2199 0.7812 3.6543 3.9844 650.0000
53.1282 662 -9 1309 637 -0.2914 0.7812 3.7655 3.9844 650.0000
53.1349 554 9 1290 745 -0.2242 0.7812 3.7462 3.9844 650.0000
53.1416 555 -26 1326 744 -0.1995 0.7812 3.6712 3.9844 650.0000
53.1482 563 9 1290 736 -0.1225 0.7812 3.6543 3.9844 650.0000
53.1549 610 38 1261 689 -0.0534 0.7812 3.7409 3.9844 650.0000
53.1615 643 0 1300 656 -0.0625 0.7812 3.8163 3.9844 650.0000
53.1682 527 -67 1367 772 -0.0318 0.7812 3.6006 3.9844 650.0000
53.1748 601 -32 1332 698 -0.0476 0.7812 3.5397 3.9844 650.0000
53.1815 592 35 1264 707 0.0247 0.7812 3.5627 3.9844 650.0000
53.1882 648 -53 1353 651 -0.0599 0.7812 3.5281 3.9844 650.0000
53.1948 545 -36 1336 754 -0.0303 0.7812 3.3760 3.9844 650.0000
53.2015 590 -69 1369 709 -0.0965 0.7812 3.2415 3.9844 650.0000
53.2081 663 22 1277 636 -0.1448 0.7812 3.3437 3.9844 650.0000
53.2148 540 -22 1322 759 -0.0950 0.7812 3.2028 3.9844 650.0000
53.2214 614 -56 1356 685 -0.1489 0.7812 3.1358 3.9844 650.0000
53.2281 534 12 1287 765 -0.0422 0.7812 3.0672 3.9844 650.0000
53.2348 660 -44 1344 639 -0.1297 0.7812 3.0990 3.9844 650.0000
53.2414 623 9 1290 676 -0.0915 0.7812 3.1648 3.9844 650.0000
53.2480 576 -37 1337 723 -0.0395 0.7812 3.0938 3.9844 650.0000
53.2547 576 -44 1344 723 0.0009 0.7812 3.0115 3.9844 650.0000
53.2613 600 11 1288 699 0.0497 0.7812 3.0490 3.9844 650.0000
53.2680 653 -1 1301 646 0.0186 0.7812 3.1245 3.9844 650.0000
53.2746 514 -75 1375 785 0.0551 0.7812 2.8821 3.9844 650.0000
53.2812 605 -26 1326 694 0.0440 0.7812 2.8472 3.9844 650.0000
53.2879 673 -16 1316 626 0.0147 3.5938 2.8679 -0.0000 650.0000
53.2945 730 -22 1322 569 -0.0916 3.5938 2.9649 -0.0000 650.0000
53.3012 637 -21 1321 662 -0.0908 3.5938 2.9134 -0.0000 650.0000
53.3079 641 -72 1372 658 -0.1409 3.5938 2.8098 -0.0000 650.0000
53.3145 717 -6 1306 582 -0.1987 3.5938 2.9270 -0.0000 650.0000
53.3212 586 27 1272 713 -0.0871 3.5938 2.9103 -0.0000 650.0000
53.3279 647 -126 1426 652 -0.2026 3.5938 2.7636 -0.0000 650.0000
53.3345 709 11 1288 590 -0.2254 3.5938 2.9192 -0.0000 650.0000
53.3412 594 -1 1301 705 -0.1328 3.5938 2.8913 -0.0000 650.0000
53.3478 619 -107 1407 680 -0.1780 3.5938 2.7461 -0.0000 650.0000
53.3545 711 16 1283 588 -0.1783 3.5938 2.9189 -0.0000 650.0000
53.3612 620 -14 1314 679 -0.1131 3.5938 2.9062 -0.0000 650.0000
53.3678 573 -91 1391 726 -0.0834 3.5938 2.7046 -0.0000 650.0000
53.3745 691 11 1288 608 -0.0730 3.5938 2.8260 -0.0000 650.0000
53.3811 546 -70 1370 753 -0.0103 3.5938 2.5955 -0.0000 650.0000
53.3878 581 -48 1348 718 0.0266 3.5938 2.4430 -0.0000 650.0000
53.3944 734 -11 1311 565 -0.0675 3.5938 2.5499 -0.0000 650.0000
53.4010 617 -53 1353 682 -0.0915 3.5938 2.4145 -0.0000 650.0000
53.4077 626 -46 1346 673 -0.1240 3.5938 2.2966 -0.0000 650.0000
53.4143 680 -9 1309 619 -0.1652 3.5938 2.3065 -0.0000 650.0000
53.4210 631 -9 1309 668 -0.1489 3.5938 2.2514 -0.0000 650.0000
53.4277 651 -46 1346 648 -0.1945 3.5938 2.1777 -0.0000 650.0000
53.4344 637 -16 1316 662 -0.1752 3.5938 2.1454 -0.0000 650.0000
53.4411 650 6 1293 649 -0.1323 3.5938 2.1785 -0.0000 650.0000
53.4477 673 -36 1336 626 -0.1527 3.5938 2.1953 -0.0000 650.0000
53.4544 636 -48 1348 663 -0.1334 3.5938 2.1641 -0.0000 650.0000
53.4610 625 14 1285 674 -0.0295 3.5938 2.2206 -0.0000 650.0000
53.4677 634 -57 1357 665 -0.0147 3.5938 2.1914 -0.0000 650.0000
53.4743 609 -32 1332 690 0.0435 3.5938 2.1670 -0.0000 650.0000
53.4810 635 -12 1312 664 0.0882 3.5938 2.2062 -0.0000 650.0000
53.4877 659 -74 1374 640 0.0352 3.5938 2.1797 -0.0000 650.0000
53.4943 605 -10 1310 694 0.0947 3.5938 2.1400 -0.0000 650.0000
53.5010 648 13 1286 651 0.1293 3.5938 2.1798 -0.0000 650.0000
53.5077 682 -82 1382 617 0.0220 3.5938 2.1135 -0.0000 650.0000
53.5143 592 20 1279 707 0.1143 3.5938 2.0551 -0.0000 650.0000
53.5210 652 -13 1313 647 0.1041 3.5938 2.0367 -0.0000 650.0000
53.5277 689 -47 1347 610 0.0201 3.5938 2.0264 -0.0000 650.0000
53.5344 560 55 1244 739 0.1139 -0.0000 1.9893 -0.0000 650.0000
53.5411 592 17 1282 707 0.1319 -0.0000 1.9524 -0.0000 650.0000
53.5478 626 -10 1310 673 0.1006 -0.0000 1.9478 -0.0000 650.0000
53.5544 526 81 1218 773 0.2781 -0.0000 1.9423 -0.0000 650.0000
53.5611 644 -26 1326 655 0.2149 -0.0000 1.9586 -0.0000 650.0000
53.5678 669 -14 1314 630 0.1558 -0.0000 2.0309 -0.0000 650.0000
53.5744 509 23 1276 790 0.3095 -0.0000 1.9209 -0.0000 650.0000
53.5811 627 -75 1375 672 0.2175 -0.0000 1.8325 -0.0000 650.0000
53.5877 643 60 1239 656 0.2502 -0.0000 1.9522 -0.0000 650.0000
53.5944 538 -13 1313 761 0.3131 -0.0000 1.8002 -0.0000 650.0000
53.6010 624 -78 1378 675 0.2041 -0.0000 1.6745 -0.0000 650.0000
53.6077 571 46 1253 728 0.2657 -0.0000 1.6399 -0.0000 650.0000
53.6144 662 -14 1314 637 0.1650 -0.0000 1.6393 -0.0000 650.0000
53.6212 588 -32 1332 711 0.1309 -0.0000 1.4938 -0.0000 650.0000
53.6279 571 37 1262 728 0.1799 -0.0000 1.4319 -0.0000 650.0000
53.6345 681 27 1272 618 0.0895 -0.0000 1.5126 -0.0000 650.0000
53.6413 640 24 1275 659 0.0456 -0.0000 1.5297 -0.0000 650.0000
53.6483 620 23 1276 679 0.0458 -0.0000 1.5308 -0.0000 650.0000
53.6553 613 15 1284 686 0.0456 -0.0000 1.5252 -0.0000 650.0000
53.6623 522 12 1287 777 0.1371 -0.0000 1.3947 -0.0000 650.0000
53.6693 605 48 1251 694 0.1772 -0.0000 1.4541 -0.0000 650.0000
53.6762 718 14 1285 581 0.0635 -0.0000 1.6456 -0.0000 650.0000
53.6832 550 56 1243 749 0.1864 -0.0000 1.6370 -0.0000 650.0000
53.6902 611 -81 1381 688 0.0781 -0.0000 1.5006 -0.0000 650.0000
53.6973 687 -66 1366 612 -0.0198 3.0469 1.4959 -0.0000 650.0000
53.7044 657 -15 1315 642 -0.0184 3.0469 1.5184 -0.0000 650.0000
53.7114 646 -4 1304 653 -0.0139 3.0469 1.5427 -0.0000 650.0000
53.7184 733 5 1294 566 -0.1091 3.0469 1.7078 -0.0000 650.0000
53.7254 624 8 1291 675 -0.0809 3.0469 1.7024 -0.0000 650.0000
53.7324 577 -63 1363 722 -0.0893 3.0469 1.5221 -0.0000 650.0000
53.7395 711 -53 1353 588 -0.2460 3.0469 1.5709 -0.0000 650.0000
53.7463 708 2 1297 591 -0.3191 3.0469 1.7010 -0.0000 650.0000
53.7529 514 -51 1351 785 -0.2273 3.0469 1.4681 -0.0000 650.0000
53.7596 666 -48 1348 633 -0.2884 3.0469 1.4746 -0.0000 650.0000
53.7663 672 14 1285 627 -0.2967 1.5625 1.5892 -0.0000 650.0000
53.7730 522 -18 1318 777 -0.1669 1.5625 1.4307 -0.0000 650.0000
53.7797 633 -4 1304 666 -0.1401 1.5625 1.4606 -0.0000 650.0000
53.7863 689 39 1260 610 -0.1235 1.5625 1.6246 -0.0000 650.0000
53.7930 512 -27 1327 787 0.0149 1.5625 1.4143 -0.0000 650.0000
53.7997 654 48 1251 645 0.0761 1.5625 1.5206 -0.0000 650.0000
53.8063 680 48 1251 619 0.0973 1.5625 1.6528 -0.0000 650.0000
53.8129 534 -63 1363 765 0.1556 1.5625 1.4003 -0.0000 650.0000
53.8196 679 42 1257 620 0.1687 1.5625 1.5215 -0.0000 650.0000
53.8263 730 2 1297 569 0.1637 5.7812 1.6546 -0.0000 650.0000
53.8330 637 -51 1351 662 0.1958 5.7812 1.5620 -0.0000 650.0000
53.8396 720 11 1288 579 0.2037 5.7812 1.6831 -0.0000 650.0000
53.8463 714 -28 1328 585 0.1648 5.7812 1.7414 -0.0000 650.0000
53.8530 612 -50 1350 687 0.2050 5.7812 1.6232 -0.0000 650.0000
53.8596 732 -33 1333 567 0.1324 5.7812 1.7387 -0.0000 650.0000
53.8662 653 -57 1357 646 0.1198 5.7812 1.7172 -0.0000 650.0000
53.8728 612 -38 1338 687 0.1721 5.7812 1.6672 -0.0000 650.0000
53.8795 759 -73 1373 540 0.0363 5.7812 1.7758 -0.0000 650.0000
53.8861 614 -47 1347 685 0.0879 5.7812 1.7075 -0.0000 650.0000
53.8928 587 -34 1334 712 0.1833 5.7812 1.6193 -0.0000 650.0000
53.8995 743 -114 1414 556 0.0275 5.7812 1.6382 -0.0000 650.0000
53.9061 616 -27 1327 683 0.1055 5.7812 1.5983 -0.0000 650.0000
53.9128 635 -41 1341 664 0.1422 5.7812 1.5614 -0.0000 650.0000
53.9194 697 -99 1399 602 0.0402 5.7812 1.5082 -0.0000 650.0000
53.9260 649 -6 1306 650 0.0949 5.7812 1.5056 -0.0000 650.0000
53.9327 647 -29 1329 652 0.1238 5.7812 1.4563 -0.0000 650.0000
53.9394 654 -46 1346 645 0.1214 5.7812 1.3872 -0.0000 650.0000
53.9460 685 -46 1346 614 0.0885 5.7812 1.3641 -0.0000 650.0000
53.9527 615 -60 1360 684 0.1222 5.7812 1.2182 -0.0000 650.0000
53.9594 587 -22 1322 712 0.1276 0.7031 1.1012 -0.0000 650.0000
53.9661 683 44 1255 616 0.1047 0.7031 1.2305 -0.0000 650.0000
53.9727 567 12 1287 732 0.1899 0.7031 1.1415 -0.0000 650.0000
53.9794 620 -2 1302 679 0.2065 0.7031 1.1162 -0.0000 650.0000
53.9860 694 15 1284 605 0.1678 0.7031 1.2349 -0.0000 650.0000
53.9927 586 13 1286 713 0.2414 0.7031 1.2015 -0.0000 650.0000
53.9994 611 -10 1310 688 0.2609 0.7031 1.1702 -0.0000 650.0000
54.0060 697 4 1295 602 0.1983 0.7031 1.2907 -0.0000 650.0000
54.0126 586 11 1288 713 0.2390 0.7031 1.2503 -0.0000 650.0000
54.0193 601 5 1294 698 0.2500 0.7031 1.2233 -0.0000 650.0000
54.0259 674 12 1287 625 0.1867 0.7031 1.3162 -0.0000 650.0000
54.0326 562 40 1259 737 0.2419 -0.0000 1.2852 -0.0000 650.0000
54.0393 609 -8 1308 690 0.1909 -0.0000 1.2453 -0.0000 650.0000
54.0459 648 11 1288 651 0.1226 -0.0000 1.2869 -0.0000 650.0000
54.0526 601 72 1227 698 0.1689 -0.0000 1.3368 -0.0000 650.0000
54.0593 634 -25 1325 665 0.0722 -0.0000 1.2865 -0.0000 650.0000
54.0659 581 52 1247 718 0.1289 -0.0000 1.2711 -0.0000 650.0000
54.0726 616 35 1264 683 0.1504 -0.0000 1.2920 -0.0000 650.0000
54.0792 624 -11 1311 675 0.1164 -0.0000 1.2592 -0.0000 650.0000
54.0858 509 36 1263 790 0.2586 -0.0000 1.1271 -0.0000 650.0000
54.0924 669 19 1280 630 0.2282 -0.0000 1.2125 -0.0000 650.0000
54.0991 561 -10 1310 738 0.2825 -0.0000 1.1002 -0.0000 650.0000
54.1058 574 -3 1303 725 0.3256 -0.0000 1.0219 -0.0000 650.0000
54.1124 597 1 1298 702 0.3389 -0.0000 0.9859 -0.0000 650.0000
54.1191 660 -5 1305 639 0.2831 -0.0000 1.0260 -0.0000 650.0000
54.1257 668 31 1268 631 0.2627 -0.0000 1.1291 -0.0000 650.0000
54.1323 516 -38 1338 783 0.3058 -0.0000 0.8992 -0.0000 650.0000
54.1390 663 41 1258 636 0.2621 -0.0000 0.9976 -0.0000 650.0000
54.1456 655 60 1239 644 0.2421 -0.0000 1.1013 -0.0000 650.0000
54.1523 611 -32 1332 688 0.1688 -0.0000 0.9985 -0.0000 650.0000
54.1590 610 27 1272 689 0.1549 -0.0000 0.9852 -0.0000 650.0000
54.1656 606 -5 1305 693 0.1027 -0.0000 0.9200 -0.0000 650.0000
54.1723 685 8 1291 614 -0.0044 -0.0000 0.9929 -0.0000 650.0000
54.1790 520 2 1297 779 0.0800 -0.0000 0.8263 -0.0000 650.0000
54.1856 593 -28 1328 706 0.0643 -0.0000 0.7499 -0.0000 650.0000
54.1923 690 37 1262 609 0.0173 -0.0000 0.9199 -0.0000 650.0000
54.1989 562 -4 1304 737 0.0716 -0.0000 0.8443 -0.0000 650.0000
54.2056 585 -46 1346 714 0.0748 -0.0000 0.7458 -0.0000 650.0000
54.2122 566 95 1204 733 0.2411 -0.0000 0.8327 -0.0000 650.0000
54.2189 677 -9 1309 622 0.1566 -0.0000 0.9221 -0.0000 650.0000
54.2256 586 -3 1303 713 0.1685 -0.0000 0.8584 -0.0000 650.0000
54.2323 574 19 1280 725 0.2226 -0.0000 0.8110 -0.0000 650.0000
54.2390 710 -67 1367 589 0.1052 3.1250 0.8365 -0.0000 650.0000
54.2457 656 -3 1303 643 0.1012 3.1250 0.8641 -0.0000 650.0000
54.2524 678 -9 1309 621 0.0664 3.1250 0.9096 -0.0000 650.0000
54.2591 580 -2 1302 719 0.1512 3.1250 0.8090 -0.0000 650.0000
54.2657 640 15 1284 659 0.1866 3.1250 0.8373 -0.0000 650.0000
54.2724 702 12 1287 597 0.1431 3.1250 0.9542 -0.0000 650.0000
54.2791 548 -32 1332 751 0.2163 3.1250 0.7836 -0.0000 650.0000
54.2857 596 18 1281 703 0.3077 3.1250 0.7689 -0.0000 650.0000
54.2924 731 -32 1332 568 0.2008 3.1250 0.8794 -0.0000 650.0000
54.2990 557 -21 1321 742 0.3008 3.1250 0.7464 -0.0000 650.0000
54.3056 683 -52 1352 616 0.2393 3.1250 0.7611 -0.0000 650.0000
54.3122 697 -55 1355 602 0.1624 3.1250 0.7940 -0.0000 650.0000
54.3188 588 -38 1338 711 0.2039 3.1250 0.6884 -0.0000 650.0000
54.3254 656 -50 1350 643 0.1588 3.1250 0.6616 -0.0000 650.0000
54.3321 654 8 1291 645 0.1783 3.1250 0.7170 -0.0000 650.0000
54.3387 578 0 1299 721 0.2611 3.1250 0.6422 -0.0000 650.0000
54.3454 669 -92 1392 630 0.1483 3.1250 0.5620 -0.0000 650.0000
54.3521 645 25 1274 654 0.1981 3.1250 0.6186 -0.0000 650.0000
54.3588 615 1 1298 684 0.2561 3.1250 0.5927 -0.0000 650.0000
54.3654 662 -87 1387 637 0.1599 3.1250 0.5019 -0.0000 650.0000
54.3721 571 64 1235 728 0.2600 -0.0000 0.4964 -0.0781 650.0000
54.3788 619 47 1252 680 0.2909 -0.0000 0.5363 -0.0781 650.0000
54.3854 595 -35 1335 704 0.2545 -0.0000 0.4215 -0.0781 650.0000
54.3921 569 16 1283 730 0.3050 -0.0000 0.3477 -0.0781 650.0000
54.3988 704 8 1291 595 0.2190 -0.0000 0.4783 -0.0781 650.0000
54.4054 632 -6 1306 667 0.1992 -0.0000 0.4872 -0.0781 650.0000
54.4121 519 38 1261 780 0.3473 -0.0000 0.3938 -0.0781 650.0000
54.4188 663 7 1292 636 0.3067 -0.0000 0.4736 -0.0781 650.0000
54.4254 647 47 1252 652 0.3296 -0.0000 0.5817 -0.0781 650.0000
54.4321 611 -1 1301 688 0.3298 -0.0000 0.5396 -1.8750 650.0000
54.4388 556 -19 1319 743 0.3452 -0.0000 0.3825 -1.8750 650.0000
54.4454 617 26 1273 682 0.3414 -0.0000 0.3778 -1.8750 650.0000
54.4521 700 53 1246 599 0.2622 -0.0000 0.5302 -1.8750 650.0000
54.4588 534 13 1286 765 0.3050 -0.0000 0.3676 -1.8750 650.0000
54.4654 590 15 1284 709 0.2789 -0.0000 0.2880 -1.8750 650.0000
54.4721 652 73 1226 647 0.2605 -0.0000 0.3929 -1.8750 650.0000
54.4788 627 -21 1321 672 0.1742 -0.0000 0.3231 -1.8750 650.0000
54.4855 592 20 1279 707 0.1715 -0.0000 0.2725 -1.8750 650.0000
54.4921 503 41 1258 796 0.3015 -0.0000 0.1269 -1.8750 650.0000
54.4988 663 -15 1315 636 0.2108 -0.0000 0.1378 -1.8750 650.0000
54.5054 629 67 1232 670 0.2581 -0.0000 0.2290 -1.8750 650.0000
54.5121 523 -32 1332 776 0.3098 -0.0000 0.0138 -1.8750 650.0000
54.5187 593 -28 1328 706 0.2862 -0.0000 -0.0870 -1.8750 650.0000
54.5254 638 98 1201 661 0.3585 -0.0000 0.0029 -6.1719 650.0000
54.5321 656 -8 1308 643 0.2922 -0.0000 -0.0534 -6.1719 650.0000
54.5388 631 37 1262 668 0.2917 -0.0000 -0.0759 -6.1719 650.0000
54.5454 606 6 1293 693 0.2770 -0.0000 -0.1917 -6.1719 650.0000
54.5521 700 79 1220 599 0.2374 -0.0000 -0.0664 -6.1719 650.0000
54.5587 608 104 1195 691 0.3249 -0.0000 -0.0445 -6.1719 650.0000
54.5654 616 42 1257 683 0.3241 -0.0000 -0.1070 -6.1719 650.0000
54.5720 645 60 1239 654 0.2990 -0.0000 -0.1068 -6.1719 650.0000
54.5787 619 119 1180 680 0.3760 -0.0000 -0.0642 -6.1719 650.0000
54.5853 667 -49 1349 632 0.2281 -0.0000 -0.1928 -6.1719 650.0000
54.5920 584 52 1247 715 0.2865 -0.0000 -0.2875 -6.1719 650.0000
54.5987 653 59 1240 646 0.2793 -0.0000 -0.2686 -6.1719 650.0000
54.6053 655 0 1300 644 0.2277 -0.0000 -0.3200 -6.1719 650.0000
54.6119 546 77 1222 753 0.3790 -0.0000 -0.4069 -6.1719 650.0000
54.6186 669 51 1248 630 0.3644 -0.0000 -0.3416 -6.1719 650.0000
54.6252 621 71 1228 678 0.4342 -0.0000 -0.3136 -6.1719 650.0000
54.6319 591 26 1273 708 0.4904 -0.0000 -0.3929 -6.1719 650.0000
54.6386 663 34 1265 636 0.4710 -0.0000 -0.3569 -6.1719 650.0000
54.6453 642 110 1189 657 0.5311 -0.0000 -0.2609 -6.1719 650.0000
54.6520 618 28 1271 681 0.5234 -0.0000 -0.3387 -6.1719 650.0000
54.6587 636 4 1295 663 0.4674 -0.0000 -0.4302 -6.1719 650.0000
54.6653 602 126 1173 697 0.5529 -0.0000 -0.3995 -6.1719 650.0000
54.6720 666 4 1295 633 0.4312 -0.0000 -0.4591 -6.1719 650.0000
54.6786 590 39 1260 709 0.4346 -0.0000 -0.5830 -6.1719 650.0000
54.6852 612 56 1243 687 0.4356 -0.0000 -0.6382 -6.1719 650.0000
54.6919 689 19 1280 610 0.3143 -0.0000 -0.6346 -6.1719 650.0000
54.6985 542 85 1214 757 0.4318 -0.0000 -0.7529 -6.1719 650.0000
54.7052 639 10 1289 660 0.3839 -0.0000 -0.8201 -6.1719 650.0000
54.7119 725 31 1268 574 0.2699 -0.0000 -0.7263 -6.1719 650.0000
54.7186 588 100 1199 711 0.3842 -0.0000 -0.7332 -6.1719 650.0000
54.7252 641 19 1280 658 0.3691 -0.0000 -0.7766 -6.1719 650.0000
54.7319 686 85 1214 613 0.3784 -0.0000 -0.6551 -6.1719 650.0000
54.7385 597 78 1221 702 0.4644 -0.0000 -0.6805 -6.1719 650.0000
54.7451 653 -9 1309 646 0.3902 -0.0000 -0.7605 -6.1719 650.0000
54.7519 669 65 1234 630 0.3761 -0.0000 -0.7087 -6.1719 650.0000
54.7585 603 70 1229 696 0.4196 -0.0000 -0.7625 -6.1719 650.0000
54.7652 658 -1 1301 641 0.3203 -0.0000 -0.8467 -6.1719 650.0000
54.7718 630 90 1209 669 0.3538 -0.0000 -0.8408 -6.1719 650.0000
54.7785 643 40 1259 656 0.3195 -0.0000 -0.8916 -6.1719 650.0000
54.7852 726 42 1257 573 0.2033 -0.0000 -0.8734 -9.9219 650.0000
54.7919 620 102 1197 679 0.2797 -0.0000 -0.9232 -9.9219 650.0000
54.7986 667 37 1262 632 0.2452 -0.0000 -0.9790 -9.9219 650.0000
54.8052 683 81 1218 616 0.2444 -0.0000 -0.9343 -9.9219 650.0000
54.8118 632 108 1191 667 0.3281 -0.0000 -0.9135 -9.9219 650.0000
54.8184 683 51 1248 616 0.2939 -0.0000 -0.8884 -9.9219 650.0000
54.8250 671 88 1211 628 0.3071 -0.0000 -0.8298 -9.9219 650.0000
54.8317 597 72 1227 702 0.3750 -0.0000 -0.9076 -9.9219 650.0000
54.8383 671 85 1214 628 0.3619 -0.0000 -0.8701 -9.9219 650.0000
54.8450 642 95 1204 657 0.3826 -0.0000 -0.8713 -9.9219 650.0000
54.8517 619 86 1213 680 0.4098 -0.0000 -0.9295 -9.9219 650.0000
54.8583 613 88 1211 686 0.4403 -0.0000 -1.0152 -9.9219 650.0000
54.8650 658 86 1213 641 0.4197 -0.0000 -1.0442 -9.9219 650.0000
54.8716 628 104 1195 671 0.4555 -0.0000 -1.0915 -9.9219 650.0000
54.8783 619 109 1190 680 0.5221 -0.0000 -1.1466 -9.9219 650.0000
54.8849 692 5 1294 607 0.4036 -0.0000 -1.2437 -9.9219 650.0000
54.8916 623 115 1184 676 0.4855 -0.0000 -1.2773 -9.9219 650.0000
54.8983 659 92 1207 640 0.5221 -0.0000 -1.2812 -9.9219 650.0000
54.9049 680 4 1295 619 0.4425 -0.0000 -1.3761 -9.9219 650.0000
54.9116 629 126 1173 670 0.5492 -0.0000 -1.3635 -9.9219 650.0000
54.9182 653 73 1226 646 0.5662 -0.0000 -1.3966 -9.9219 650.0000
54.9248 690 54 1245 609 0.5164 -0.0000 -1.4044 -9.9219 650.0000
54.9315 635 150 1149 664 0.6086 -0.0000 -1.3615 -9.9219 650.0000
54.9382 712 49 1250 587 0.4993 -0.0000 -1.3635 -9.9219 650.0000
54.9448 693 24 1275 606 0.3807 -0.0000 -1.4355 -9.9219 650.0000
54.9515 646 136 1163 653 0.4243 -0.0000 -1.4158 -9.9219 650.0000
54.9582 642 71 1228 657 0.3985 -0.0000 -1.4955 -9.9219 650.0000
54.9648 718 76 1223 581 0.2969 -0.0000 -1.4495 -9.9219 650.0000
54.9715 705 78 1221 594 0.2205 -0.0000 -1.4007 -9.9219 650.0000
54.9781 617 90 1209 682 0.2546 -0.0000 -1.4541 -9.9219 650.0000
54.9848 685 113 1186 614 0.2401 -0.0000 -1.3668 -9.9219 650.0000
54.9915 712 119 1180 587 0.2158 -0.0000 -1.2300 -9.9219 650.0000
54.9982 581 124 1175 718 0.3361 -0.0000 -1.2841 -9.9219 650.0000
55.0049 628 90 1209 671 0.3672 -0.0000 -1.3213 -9.9219 650.0000
55.0115 705 54 1245 594 0.2794 -0.0000 -1.3114 -9.9219 650.0000
55.0182 623 128 1171 676 0.3639 -0.0000 -1.3282 -9.9219 650.0000
55.0248 619 93 1206 680 0.4118 -0.0000 -1.4102 -9.9219 650.0000
55.0315 665 89 1210 634 0.3925 -0.0000 -1.4464 -9.9219 650.0000
55.0381 639 110 1189 660 0.4224 -0.0000 -1.4992 -9.9219 650.0000
55.0448 639 100 1199 660 0.4425 -0.0000 -1.5686 -9.9219 650.0000
55.0515 659 121 1178 640 0.4748 -0.0000 -1.5699 -9.9219 650.0000
55.0582 695 116 1183 604 0.4711 -0.0000 -1.5214 -9.9219 650.0000
55.0648 634 115 1184 665 0.5425 -0.0000 -1.5465 -9.9219 650.0000
55.0714 674 95 1204 625 0.5599 -0.0000 -1.5284 -9.9219 650.0000
55.0781 739 69 1230 560 0.4777 -0.0000 -1.4457 -9.9219 650.0000
55.0847 636 165 1134 663 0.5931 -0.0000 -1.3772 -9.9219 650.0000
55.0914 618 48 1251 681 0.5830 -0.0000 -1.5142 -9.9219 650.0000
55.0981 760 100 1199 539 0.4607 -0.0000 -1.3724 -9.9219 650.0000
55.1047 620 174 1125 679 0.5526 -0.0000 -1.3624 -9.9219 650.0000
55.1114 604 37 1262 695 0.5112 -0.0000 -1.5893 -9.9219 650.0000
55.1180 770 115 1184 529 0.3814 -0.0000 -1.4626 -9.9219 650.0000
55.1247 629 157 1142 670 0.4703 -0.0000 -1.4922 -9.9219 650.0000
55.1313 633 87 1212 666 0.4917 -0.0000 -1.6129 -9.9219 650.0000
55.1380 729 95 1204 570 0.4351 -0.0000 -1.5650 -9.9219 650.0000
55.1446 654 94 1205 645 0.4745 -0.0000 -1.5932 -9.9219 650.0000
55.1513 655 140 1159 644 0.5604 -0.0000 -1.5491 -9.9219 650.0000
55.1580 645 67 1232 654 0.5713 -0.0000 -1.6326 -9.9219 650.0000
55.1646 727 135 1164 572 0.5437 -0.0000 -1.5198 -9.9219 650.0000
55.1713 633 143 1156 666 0.6067 -0.0000 -1.5504 -9.9219 650.0000
55.1779 619 41 1258 680 0.5620 -0.0000 -1.7657 -9.9219 650.0000
55.1846 784 131 1168 515 0.4480 -0.0000 -1.6246 -9.9219 650.0000
55.1912 609 143 1156 690 0.5441 -0.0000 -1.7222 -9.9219 650.0000
55.1979 638 76 1223 661 0.5459 -0.0000 -1.8677 -9.9219 650.0000
55.2046 759 96 1203 540 0.4688 -0.0000 -1.7826 -9.9219 650.0000
55.2112 624 97 1202 675 0.5487 -0.0000 -1.8879 -9.9219 650.0000
55.2178 662 154 1145 637 0.6476 -0.0000 -1.8323 -9.9219 650.0000
55.2245 699 79 1220 600 0.6088 -0.0000 -1.8357 -9.9219 650.0000
55.2312 680 146 1153 619 0.6550 -0.0000 -1.7823 -9.9219 650.0000
55.2378 650 112 1187 649 0.6829 -0.0000 -1.8463 -9.9219 650.0000
55.2445 617 75 1224 682 0.6899 -0.0000 -2.0189 -9.9219 650.0000
55.2512 747 118 1181 552 0.5924 -0.0000 -1.9376 -9.9219 650.0000
55.2578 676 105 1194 623 0.5638 -0.0000 -1.9832 -9.9219 650.0000
55.2645 594 168 1131 705 0.6872 -0.0000 -2.0502 -9.9219 650.0000
55.2712 755 86 1213 544 0.5495 -0.0000 -1.9859 -9.9219 650.0000
55.2779 692 122 1177 607 0.5252 -0.0000 -1.9370 -9.9219 650.0000
55.2845 633 185 1114 666 0.6337 -0.0000 -1.8823 -9.9219 650.0000
55.2912 638 123 1176 661 0.6736 -0.0000 -1.9098 -9.9219 650.0000
55.2978 705 108 1191 594 0.6112 -0.0000 -1.8579 -9.9219 650.0000
55.3045 730 125 1174 569 0.5366 -0.0000 -1.7622 -9.9219 650.0000
55.3111 593 98 1201 706 0.5865 -0.0000 -1.9256 -9.9219 650.0000
55.3177 709 98 1201 590 0.5093 -0.0000 -1.9350 -9.9219 650.0000
55.3243 708 104 1195 591 0.4473 -0.0000 -1.9359 -9.9219 650.0000
55.3309 598 167 1132 701 0.5792 -0.0000 -2.0033 -9.9219 650.0000
55.3376 716 78 1221 583 0.5054 -0.0000 -2.0180 -9.9219 650.0000
55.3443 678 71 1228 621 0.4802 -0.0000 -2.0869 -9.9219 650.0000
55.3511 694 166 1133 605 0.5393 -0.0000 -1.9763 -9.9219 650.0000
55.3577 617 123 1176 682 0.6168 -0.0000 -2.0560 -9.9219 650.0000
55.3644 673 167 1132 626 0.6740 -0.0000 -2.0022 -9.9219 650.0000
55.3710 781 114 1185 518 0.5450 -0.0000 -1.8923 -9.9219 650.0000
55.3777 635 155 1144 664 0.5962 -0.0000 -1.9478 -9.9219 650.0000
55.3843 630 162 1137 669 0.6601 -0.0000 -1.9996 -9.9219 650.0000
55.3910 722 89 1210 577 0.5560 -0.0000 -2.0075 -9.9219 650.0000
55.3977 661 195 1104 638 0.6472 -0.0000 -1.9287 -9.9219 650.0000
55.4043 646 75 1224 653 0.6274 -0.0000 -2.0355 -9.9219 650.0000
55.4110 655 135 1164 644 0.6695 -0.0000 -2.0401 -9.9219 650.0000
55.4177 723 112 1187 576 0.6146 -0.0000 -1.9866 -9.9219 650.0000
55.4243 695 128 1171 604 0.5979 -0.0000 -1.9609 -9.9219 650.0000
55.4310 593 131 1168 706 0.6660 -0.0000 -2.1051 -9.9219 650.0000
55.4377 758 106 1193 541 0.5307 -0.0000 -2.0482 -9.9219 650.0000
55.4443 684 151 1148 615 0.5294 -0.0000 -2.0323 -9.9219 650.0000
55.4510 626 99 1200 673 0.5574 -0.0000 -2.1480 -9.9219 650.0000
55.4578 719 137 1162 580 0.5338 -0.0000 -2.0493 -9.9219 650.0000
55.4644 711 131 1168 588 0.5171 -0.0000 -1.9685 -9.9219 650.0000
55.4710 689 146 1153 610 0.5422 -0.0000 -1.9032 -9.9219 650.0000
55.4776 651 139 1160 648 0.5807 -0.0000 -1.9083 -9.9219 650.0000
55.4842 730 71 1228 569 0.4410 -0.0000 -1.9125 -9.9219 650.0000
55.4908 750 195 1104 549 0.4058 -0.0000 -1.7383 -9.9219 650.0000
55.4975 584 116 1183 715 0.4584 -0.0000 -1.9296 -9.9219 650.0000
55.5045 626 126 1173 673 0.4817 -0.0000 -2.0433 -9.9219 650.0000
55.5114 700 127 1172 599 0.4420 -0.0000 -2.0057 -9.9219 650.0000
55.5180 673 101 1198 626 0.4173 -0.0000 -2.0458 -9.9219 650.0000
55.5247 677 234 1065 622 0.5582 -0.0000 -1.8729 -9.9219 650.0000
55.5313 555 114 1185 744 0.6823 -0.0000 -2.0675 -9.9219 650.0000
55.5380 726 114 1185 573 0.6044 -0.0000 -2.0233 -9.9219 650.0000
55.5446 709 184 1115 590 0.6012 -0.0000 -1.9425 -9.9219 650.0000
55.5514 607 94 1205 692 0.6024 -0.0000 -2.1582 -9.9219 650.0000
55.5581 699 132 1167 600 0.5502 -0.0000 -2.1744 -9.9219 650.0000
55.5648 692 112 1187 607 0.5031 -0.0000 -2.2140 -9.9219 650.0000
55.5714 635 214 1085 664 0.6450 -0.0000 -2.1785 -9.9219 650.0000
55.5781 691 136 1163 608 0.6521 -0.0000 -2.1624 -9.9219 650.0000
55.5847 667 106 1193 632 0.6442 -0.0000 -2.2202 -9.9219 650.0000
55.5913 777 180 1119 522 0.5896 -0.0000 -2.0255 -9.9219 650.0000
55.5980 634 157 1142 665 0.6602 -0.0000 -2.0937 -9.9219 650.0000
55.6049 611 194 1105 688 0.7716 -0.0000 -2.1576 -9.9219 650.0000
55.6116 735 121 1178 564 0.6652 -0.0000 -2.1445 -9.9219 650.0000
55.6183 745 138 1161 554 0.5919 -0.0000 -2.0695 -9.9219 650.0000
55.6250 616 167 1132 683 0.7009 -0.0000 -2.1295 -9.9219 650.0000
55.6316 735 139 1160 564 0.6568 -0.0000 -2.0438 -9.9219 650.0000
55.6383 680 133 1166 619 0.6357 -0.0000 -2.0676 -9.9219 650.0000
55.6449 713 192 1107 586 0.6354 -0.0000 -1.9805 -9.9219 650.0000
55.6516 574 168 1131 725 0.7541 -0.0000 -2.1447 -9.9219 650.0000
55.6582 743 126 1173 556 0.6426 -0.0000 -2.1015 -9.9219 650.0000
55.6649 771 178 1121 528 0.5806 -0.0000 -1.9262 -9.9219 650.0000
55.6717 572 148 1151 727 0.7171 -0.0000 -2.0806 -9.9219 650.0000
55.6784 688 171 1128 611 0.7573 -0.0000 -2.0248 -9.9219 650.0000
55.6850 659 91 1208 640 0.7269 -0.0000 -2.1366 -9.9219 650.0000
55.6917 776 184 1115 523 0.6478 -0.0000 -1.9515 -9.9219 650.0000
55.6983 653 159 1140 646 0.6748 -0.0000 -2.0098 -9.9219 650.0000
55.7048 636 124 1175 663 0.7008 -0.0000 -2.1350 -9.9219 650.0000
55.7115 770 124 1175 529 0.5969 -0.0000 -2.0488 -9.9219 650.0000
55.7181 630 149 1150 669 0.6838 -0.0000 -2.1107 -9.9219 650.0000
55.7247 696 184 1115 603 0.7243 -0.0000 -2.0344 -9.9219 650.0000
55.7313 678 95 1204 621 0.6729 -0.0000 -2.1397 -9.9219 650.0000
55.7383 774 152 1147 525 0.5642 -0.0000 -2.0323 -9.9219 650.0000
55.7450 670 154 1145 629 0.5674 -0.0000 -2.0790 -9.9219 650.0000
55.7517 589 200 1099 710 0.7120 -0.0000 -2.1515 -9.9219 650.0000
55.7583 784 79 1220 515 0.5377 -0.0000 -2.1026 -9.9219 650.0000
55.7650 699 184 1115 600 0.5693 -0.0000 -2.0279 -9.9219 650.0000
55.7716 692 166 1133 607 0.5608 -0.0000 -1.9983 -9.9219 650.0000
55.7783 646 121 1178 653 0.5237 -0.0000 -2.1239 -9.9219 650.0000
55.7849 712 113 1186 587 0.4017 -0.0000 -2.1757 -9.9219 650.0000
55.7916 809 134 1165 490 0.2099 -0.0000 -2.0417 -9.9219 650.0000
55.7982 622 247 1052 677 0.3507 -0.0000 -2.0072 -9.9219 650.0000
55.8048 646 139 1160 653 0.3638 -0.0000 -2.0797 -9.9219 650.0000
55.8116 627 167 1132 672 0.4271 -0.0000 -2.1467 -9.9219 650.0000
55.8182 726 92 1207 573 0.3096 -0.0000 -2.1824 -9.9219 650.0000
55.8249 680 235 1064 619 0.3915 -0.0000 -2.0849 -9.9219 650.0000
55.8315 542 152 1147 757 0.5214 -0.0000 -2.3289 -9.9219 650.0000
55.8381 694 168 1131 605 0.5163 -0.0000 -2.3199 -9.9219 650.0000
55.8447 690 148 1151 609 0.5050 -0.0000 -2.3483 -9.9219 650.0000
55.8513 682 218 1081 617 0.6169 -0.0000 -2.2741 -9.9219 650.0000
55.8580 601 179 1120 698 0.7626 -0.0000 -2.3840 -9.9219 650.0000
55.8646 658 98 1201 641 0.7408 -0.0000 -2.5440 -9.9219 650.0000
55.8713 788 175 1124 511 0.6523 -0.0000 -2.4419 -9.9219 650.0000
55.8780 594 132 1167 705 0.7243 -0.0000 -2.6970 -9.9219 650.0000
55.8847 671 155 1144 628 0.7458 -0.0000 -2.7842 -9.9219 650.0000
55.8914 777 83 1216 522 0.5931 -0.0000 -2.7929 -9.9219 650.0000
55.8980 699 213 1086 600 0.6642 -0.0000 -2.7242 -9.9219 650.0000
55.9047 630 163 1136 669 0.7396 -0.0000 -2.8392 -9.9219 650.0000
55.9113 709 211 1088 590 0.7315 -0.0000 -2.7805 -9.9219 650.0000
55.9180 770 99 1200 529 0.5357 -0.0000 -2.8040 -9.9219 650.0000
55.9246 731 224 1075 568 0.5370 -0.0000 -2.6597 -9.9219 650.0000
55.9313 612 129 1170 687 0.5729 -0.0000 -2.8095 -9.9219 650.0000
55.9380 747 174 1125 552 0.5123 -0.0000 -2.6854 -9.9219 650.0000
55.9450 712 148 1151 587 0.4291 -0.0000 -2.6784 -9.9219 650.0000
55.9516 672 187 1112 627 0.4255 -0.0000 -2.6981 -9.9219 650.0000
55.9582 625 229 1070 674 0.5227 -0.0000 -2.7221 -9.9219 650.0000
55.9648 633 70 1229 666 0.4553 -0.0000 -2.9419 -9.9219 650.0000
55.9715 760 151 1148 539 0.3713 -0.0000 -2.8445 -9.9219 650.0000
55.9781 608 166 1133 691 0.4836 -0.0000 -2.9548 -9.9219 650.0000
55.9848 664 165 1134 635 0.5243 -0.0000 -3.0283 -9.9219 650.0000
55.9915 661 100 1199 638 0.4898 -0.0000 -3.2097 -9.9219 650.0000
55.9981 709 167 1132 590 0.4715 -0.0000 -3.2242 -9.9219 650.0000
56.0049 723 135 1164 576 0.4402 -0.0000 -3.2492 -9.9219 650.0000
56.0116 574 192 1107 725 0.6398 -0.0000 -3.4003 -9.9219 650.0000
56.0183 739 128 1171 560 0.5770 -0.0000 -3.3990 -9.9219 650.0000
56.0249 746 140 1159 553 0.5071 -0.0000 -3.3965 -9.9219 650.0000
56.0316 597 168 1131 702 0.6243 -0.0000 -3.5728 -9.9219 650.0000
56.0382 708 99 1200 591 0.5465 -0.0000 -3.6327 -9.9219 650.0000
56.0449 657 120 1179 642 0.5558 -0.0000 -3.6973 -9.9219 650.0000
56.0515 693 133 1166 606 0.5308 -0.0000 -3.6630 -9.9219 650.0000
56.0582 565 173 1126 734 0.6644 -0.0000 -3.7745 -9.9219 650.0000
56.0649 684 110 1189 615 0.5655 -0.0000 -3.8100 -9.9219 650.0000
56.0715 692 172 1127 607 0.4955 -0.0000 -3.7683 -9.9219 650.0000
56.0782 551 119 1180 748 0.5107 -0.0000 -4.0577 -9.9219 650.0000
56.0848 627 208 1091 672 0.5489 -0.0000 -4.1114 -9.9219 650.0000
56.0915 751 122 1177 548 0.3840 -0.0000 -4.1156 -9.9219 650.0000
56.0982 635 136 1163 664 0.4081 -0.0000 -4.2744 -9.9219 650.0000
56.1049 668 156 1143 631 0.4271 -0.0000 -4.3638 -9.9219 650.0000
56.1115 758 113 1186 541 0.3062 -0.0000 -4.3983 -9.9219 650.0000
56.1183 659 200 1099 640 0.3647 -0.0000 -4.4943 -9.9219 650.0000
56.1250 650 159 1140 649 0.3717 -0.0000 -4.6811 -9.9219 650.0000
56.1316 702 192 1107 597 0.3570 -0.0000 -4.7495 -9.9219 650.0000
56.1383 740 119 1180 559 0.2449 -0.0000 -4.8322 -9.9219 650.0000
56.1450 725 242 1057 574 0.2959 -0.0000 -4.7278 -9.9219 650.0000
56.1516 584 162 1137 715 0.4241 -0.0000 -4.9282 -9.9219 650.0000
56.1583 747 191 1108 552 0.4038 -0.0000 -4.8215 -9.9219 650.0000
56.1649 733 141 1158 566 0.3319 -0.0000 -4.8126 -9.9219 650.0000
56.1715 600 186 1113 699 0.4453 -0.0000 -4.9325 -9.9219 650.0000
56.1781 722 118 1181 577 0.3540 -0.0000 -4.9466 -9.9219 650.0000
56.1848 735 125 1174 564 0.2717 -0.0000 -4.9191 -9.9219 650.0000
56.1914 758 219 1080 541 0.2692 -0.0000 -4.7032 -9.9219 650.0000
56.1981 612 130 1169 687 0.2763 -0.0000 -4.8646 -9.9219 650.0000
56.2047 692 163 1136 607 0.2167 -0.0000 -4.8822 -9.9219 650.0000
56.2115 776 154 1145 523 0.0465 -0.0000 -4.8115 -9.9219 650.0000
56.2181 704 237 1062 595 0.0611 -0.0000 -4.7158 -9.9219 650.0000
56.2248 712 177 1122 587 0.0166 -0.0000 -4.6799 -9.9219 650.0000
56.2314 639 197 1102 660 0.0688 -0.0000 -4.7334 -9.9219 650.0000
56.2381 796 146 1153 503 -0.0958 -0.0000 -4.6399 -9.9219 650.0000
56.2447 658 226 1073 641 -0.0302 -0.0000 -4.6420 -9.9219 650.0000
56.2513 649 199 1100 650 0.0321 -0.0000 -4.6766 -9.9219 650.0000
56.2580 673 150 1149 626 0.0297 -0.0000 -4.7269 -9.9219 650.0000
56.2646 735 125 1174 564 -0.0493 -0.0000 -4.7102 -9.9219 650.0000
56.2713 755 241 1058 544 0.0025 -0.0000 -4.4922 -9.9219 650.0000
56.2780 597 149 1150 702 0.1056 -0.0000 -4.6529 -9.9219 650.0000
56.2846 605 189 1110 694 0.2312 -0.0000 -4.7457 -9.9219 650.0000
56.2912 712 74 1225 587 0.1167 -0.0000 -4.8410 -9.9219 650.0000
56.2979 705 176 1123 594 0.1263 -0.0000 -4.8048 -9.9219 650.0000
56.3045 660 157 1142 639 0.1661 -0.0000 -4.8702 -9.9219 650.0000
56.3112 554 192 1107 745 0.3036 -0.0000 -5.0835 -9.9219 650.0000
56.3178 788 90 1209 511 0.0720 -0.0000 -5.1225 -9.9219 650.0000
56.3245 697 210 1089 602 0.0805 -0.0000 -5.1282 -9.9219 650.0000
56.3312 610 199 1100 689 0.1959 -0.0000 -5.2750 -9.9219 650.0000
56.3378 712 228 1071 587 0.2384 -0.0000 -5.2179 -9.9219 650.0000
56.3444 682 145 1154 617 0.2137 -0.0000 -5.3318 -9.9219 650.0000
56.3510 795 219 1080 504 0.1494 -0.0000 -5.2017 -9.9219 650.0000
56.3577 630 227 1072 669 0.2746 -0.0000 -5.2991 -9.9219 650.0000
56.3644 750 165 1134 549 0.2052 -0.0000 -5.2683 -9.9219 650.0000
56.3710 793 164 1135 506 0.1210 -0.0000 -5.1552 -9.9219 650.0000
56.3777 750 238 1061 549 0.1587 -0.0000 -4.9872 -9.9219 650.0000
56.3843 725 163 1136 574 0.1110 -0.0000 -4.9695 -9.9219 650.0000
56.3910 654 210 1089 645 0.1613 -0.0000 -4.9763 -9.9219 650.0000
56.3976 701 117 1182 598 0.0550 -0.0000 -5.0514 -9.9219 650.0000
56.4042 758 252 1047 541 0.0556 -0.0000 -4.8122 -9.9219 650.0000
56.4109 698 198 1101 601 0.0574 -0.0000 -4.7627 -9.9219 650.0000
56.4175 641 206 1093 658 0.1253 -0.0000 -4.7850 -9.9219 650.0000
56.4242 653 108 1191 646 0.0531 -0.0000 -4.9426 -9.9219 650.0000
56.4308 783 178 1121 516 -0.0561 -0.0000 -4.7900 -9.9219 650.0000
56.4375 729 223 1076 570 -0.0420 -0.0000 -4.6550 -9.9219 650.0000
56.4441 710 276 1023 589 0.0556 -0.0000 -4.5079 -9.9219 650.0000
56.4508 576 187 1112 723 0.1829 -0.0000 -4.7021 -9.9219 650.0000
56.4575 698 183 1116 601 0.1585 -0.0000 -4.7229 -9.9219 650.0000
56.4642 729 169 1130 570 0.1286 -0.0000 -4.6913 -9.9219 650.0000
56.4708 696 171 1128 603 0.1450 -0.0000 -4.7050 -9.9219 650.0000
56.4775 670 191 1108 629 0.2201 -0.0000 -4.7271 -9.9219 650.0000
56.4844 595 137 1162 704 0.2834 -0.0000 -4.9330 -9.9219 650.0000
56.4911 760 115 1184 539 0.1400 -0.0000 -4.9033 -9.9219 650.0000
56.4977 650 166 1133 649 0.1778 -0.0000 -4.9484 -9.9219 650.0000
56.5044 618 211 1088 681 0.2612 -0.0000 -4.9758 -9.9219 650.0000
56.5110 638 121 1178 661 0.2082 -0.0000 -5.1133 -9.9219 650.0000
56.5177 645 143 1156 654 0.1528 -0.0000 -5.2145 -9.9219 650.0000
56.5243 633 223 1076 666 0.2081 -0.0000 -5.2183 -9.9219 650.0000
56.5309 614 170 1129 685 0.2452 -0.0000 -5.3212 -9.9219 650.0000
56.5375 666 175 1124 633 0.2276 -0.0000 -5.3762 -9.9219 650.0000
56.5441 704 265 1034 595 0.2621 -0.0000 -5.2780 -9.9219 650.0000
56.5507 547 204 1095 752 0.4004 -0.0000 -5.5312 -9.9219 650.0000
56.5574 696 215 1084 603 0.4229 -0.0000 -5.5513 -9.9219 650.0000
56.5639 744 152 1147 555 0.3577 -0.0000 -5.5817 -9.9219 650.0000
56.5706 583 208 1091 716 0.5463 -0.0000 -5.7469 -9.9219 650.0000
56.5772 698 149 1150 601 0.5558 -0.0000 -5.8173 -9.9219 650.0000
56.5838 771 187 1112 528 0.5194 -0.0000 -5.7297 -9.9219 650.0000
56.5905 607 169 1130 692 0.6409 -0.0000 -5.9140 -9.9219 650.0000
56.5971 673 197 1102 626 0.7221 -0.0000 -5.9263 -9.9219 650.0000
56.6037 726 138 1161 573 0.6807 -0.0000 -5.9320 -9.9219 650.0000
56.6103 627 234 1065 672 0.8336 -0.0000 -5.9347 -9.9219 650.0000
56.6169 670 105 1194 629 0.7783 -0.0000 -6.0571 -9.9219 650.0000
56.6235 679 167 1132 620 0.7749 -0.0000 -6.0594 -9.9219 650.0000
56.6302 687 173 1126 612 0.7610 -0.0000 -6.0288 -9.9219 650.0000
56.6368 599 205 1094 700 0.8507 -0.0000 -6.0971 -9.9219 650.0000
56.6435 589 112 1187 710 0.8245 -0.0000 -6.3338 -9.9219 650.0000
56.6501 692 201 1098 607 0.7600 -0.0000 -6.3012 -9.9219 650.0000
56.6567 602 177 1122 697 0.7758 -0.0000 -6.4476 -9.9219 650.0000
56.6634 558 179 1120 741 0.8532 -0.0000 -6.6415 -9.9219 650.0000
56.6700 694 151 1148 605 0.7636 -0.0000 -6.6710 -9.9219 650.0000
56.6766 597 280 1019 702 0.9088 -0.0000 -6.6832 -9.9219 650.0000
56.6833 639 162 1137 660 0.8785 -0.0000 -6.8283 -9.9219 650.0000
56.6899 657 249 1050 642 0.9302 -0.0000 -6.8305 -9.9219 650.0000
56.6965 637 195 1104 662 0.9766 -0.0000 -6.9269 -9.9219 650.0000
56.7031 647 219 1080 652 1.0582 -0.0000 -6.9587 -9.9219 650.0000
56.7098 687 214 1085 612 1.1118 -0.0000 -6.9360 -9.9219 650.0000
56.7164 693 246 1053 606 1.1934 -0.0000 -6.8727 -9.9219 650.0000
56.7231 732 169 1130 567 1.1474 -0.0000 -6.8723 -9.9219 650.0000
56.7300 657 260 1039 642 1.2934 -0.0000 -6.8430 -9.9219 650.0000
56.7367 677 176 1123 622 1.3304 -0.0000 -6.8892 -9.9219 650.0000
56.7433 735 178 1121 564 1.2937 -0.0000 -6.8562 -9.9219 650.0000
56.7499 668 188 1111 631 1.3246 -0.0000 -6.9124 -9.9219 650.0000
56.7566 726 225 1074 573 1.3211 -0.0000 -6.8219 -9.9219 650.0000
56.7632 647 196 1103 652 1.3705 -0.0000 -6.8836 -9.9219 650.0000
56.7699 771 176 1123 528 1.2329 -0.0000 -6.7833 -9.9219 650.0000
56.7766 665 291 1008 634 1.3220 -0.0000 -6.6838 -9.9219 650.0000
56.7832 580 183 1116 719 1.3817 -0.0000 -6.8636 -9.9219 650.0000
56.7899 736 221 1078 563 1.3132 -0.0000 -6.7273 -9.9219 650.0000
56.7965 635 172 1127 664 1.3050 -0.0000 -6.8042 -9.9219 650.0000
56.8031 693 274 1025 606 1.3324 -0.0000 -6.6506 -9.9219 650.0000
56.8097 599 172 1127 700 1.3578 -0.0000 -6.8185 -9.9219 650.0000
56.8163 665 195 1104 634 1.3575 -0.0000 -6.8408 -9.9219 650.0000
56.8229 704 291 1008 595 1.4212 -0.0000 -6.6637 -9.9219 650.0000
56.8296 568 236 1063 731 1.5771 -0.0000 -6.7945 -9.9219 650.0000
56.8362 669 295 1004 630 1.6876 -0.0000 -6.7018 -9.9219 650.0000
56.8428 762 175 1124 537 1.5750 -0.0000 -6.6513 -9.9219 650.0000
56.8494 583 263 1036 716 1.7711 -0.0000 -6.7195 -9.9219 650.0000
56.8560 713 206 1093 586 1.7570 -0.0000 -6.6875 -9.9219 650.0000
56.8626 706 185 1114 593 1.7213 -0.0000 -6.7092 -9.9219 650.0000
56.8693 661 248 1051 638 1.7980 -0.0000 -6.6938 -9.9219 650.0000
56.8759 670 203 1096 629 1.8028 -0.0000 -6.7293 -9.9219 650.0000
56.8825 660 215 1084 639 1.8157 -0.0000 -6.7631 -9.9219 650.0000
56.8892 750 242 1057 549 1.7450 -0.0000 -6.6204 -9.9219 650.0000
56.8958 653 274 1025 646 1.8033 -0.0000 -6.5683 -9.9219 650.0000
56.9024 652 220 1079 647 1.7956 -0.0000 -6.5942 -9.9219 650.0000
56.9091 802 199 1100 497 1.5980 -0.0000 -6.4473 -9.9219 650.0000
56.9157 552 277 1022 747 1.7534 -0.0000 -6.5513 -9.9219 650.0000
56.9223 619 159 1140 680 1.7194 -0.0000 -6.7175 -9.9219 650.0000
56.9290 759 227 1072 540 1.6127 -0.0000 -6.5748 -9.9219 650.0000
56.9356 661 219 1080 638 1.6071 -0.0000 -6.6021 -9.9219 650.0000
56.9422 667 242 1057 632 1.6317 -0.0000 -6.5826 -9.9219 650.0000
56.9489 659 229 1070 640 1.6415 -0.0000 -6.5860 -9.9219 650.0000
56.9555 718 199 1100 581 1.5513 -0.0000 -6.5600 -9.9219 650.0000
56.9622 703 327 972 596 1.6205 -0.0000 -6.3757 -9.9219 650.0000
56.9688 560 172 1127 739 1.6715 -0.0000 -6.6080 -9.9219 650.0000
56.9755 717 227 1072 582 1.6064 -0.0000 -6.5171 -9.9219 650.0000
56.9822 692 249 1050 607 1.5876 -0.0000 -6.4426 -9.9219 650.0000
56.9888 554 208 1091 745 1.6609 -0.0000 -6.6360 -9.9219 650.0000
56.9955 708 275 1024 591 1.6385 -0.0000 -6.4966 -9.9219 650.0000
57.0022 660 199 1100 639 1.5745 -0.0000 -6.5640 -9.9219 650.0000
57.0088 624 283 1016 675 1.6439 -0.0000 -6.5744 -9.9219 650.0000
57.0155 642 226 1073 657 1.6372 -0.0000 -6.6358 -9.9219 650.0000
57.0221 662 256 1043 637 1.6437 -0.0000 -6.6232 -9.9219 650.0000
57.0288 631 292 1007 668 1.7206 -0.0000 -6.6205 -9.9219 650.0000
57.0354 592 233 1066 707 1.7778 -0.0000 -6.7651 -9.9219 650.0000
57.0420 719 259 1040 580 1.7427 -0.0000 -6.6716 -9.9219 650.0000
57.0487 641 263 1036 658 1.7986 -0.0000 -6.6887 -9.9219 650.0000
57.0553 618 245 1054 681 1.8581 -0.0000 -6.7635 -9.9219 650.0000
57.0620 710 223 1076 589 1.8065 -0.0000 -6.7178 -9.9219 650.0000
57.0686 714 251 1048 585 1.7894 -0.0000 -6.6221 -9.9219 650.0000
57.0752 595 284 1015 704 1.9305 -0.0000 -6.6464 -9.9219 650.0000
57.0818 648 157 1142 651 1.8704 -0.0000 -6.7644 -9.9219 650.0000
57.0885 741 218 1081 558 1.7779 -0.0000 -6.6560 -9.9219 650.0000
57.0951 618 279 1020 681 1.8747 -0.0000 -6.6448 -9.9219 650.0000
57.1018 589 155 1144 710 1.8417 -0.0000 -6.8760 -9.9219 650.0000
57.1084 800 252 1047 499 1.6877 -0.0000 -6.6601 -9.9219 650.0000
57.1150 583 227 1072 716 1.7345 -0.0000 -6.8119 -9.9219 650.0000
57.1216 593 209 1090 706 1.7339 -0.0000 -6.9945 -9.9219 650.0000
57.1282 761 260 1039 538 1.6135 -0.0000 -6.8519 -9.9219 650.0000
57.1348 660 199 1100 639 1.5486 -0.0000 -6.9515 -9.9219 650.0000
57.1415 570 292 1007 729 1.6839 -0.0000 -7.0464 -9.9219 650.0000
57.1481 755 183 1116 544 1.5078 -0.0000 -7.0231 -9.9219 650.0000
57.1547 632 281 1018 667 1.5735 -0.0000 -7.0333 -9.9219 650.0000
57.1613 621 288 1011 678 1.6666 -0.0000 -7.0283 -9.9219 650.0000
57.1680 717 179 1120 582 1.5361 -0.0000 -7.0358 -9.9219 650.0000
57.1746 705 252 1047 594 1.4930 -0.0000 -6.9481 -9.9219 650.0000
57.1813 632 266 1033 667 1.5477 -0.0000 -6.9339 -9.9219 650.0000
57.1879 638 242 1057 661 1.5657 -0.0000 -6.9376 -9.9219 650.0000
57.1945 713 257 1042 586 1.5050 -0.0000 -6.8125 -9.9219 650.0000
57.2012 666 263 1036 633 1.4922 -0.0000 -6.7600 -9.9219 650.0000
57.2079 582 263 1036 717 1.5721 -0.0000 -6.8285 -9.9219 650.0000
57.2145 715 200 1099 584 1.4340 -0.0000 -6.7983 -9.9219 650.0000
57.2212 661 295 1004 638 1.4681 -0.0000 -6.7208 -9.9219 650.0000
57.2278 516 281 1018 783 1.6463 -0.0000 -6.8801 -9.9219 650.0000
57.2345 680 193 1106 619 1.5532 -0.0000 -6.9370 -9.9219 650.0000
57.2412 726 282 1017 573 1.5146 -0.0000 -6.8005 -9.9219 650.0000
57.2479 531 236 1063 768 1.6396 -0.0000 -7.0247 -9.9219 650.0000
57.2545 708 196 1103 591 1.5336 -0.0000 -7.0386 -9.9219 650.0000
57.2612 727 325 974 572 1.5438 -0.0000 -6.8295 -9.9219 650.0000
57.2678 535 207 1092 764 1.6254 -0.0000 -7.0778 -9.9219 650.0000
57.2744 761 226 1073 538 1.4805 -0.0000 -6.9508 -9.9219 650.0000
57.2810 720 279 1020 579 1.4320 -0.0000 -6.8015 -9.9219 650.0000
57.2877 590 214 1085 709 1.4467 -0.0000 -6.9442 -9.9219 650.0000
57.2943 702 287 1012 597 1.4101 -0.0000 -6.8060 -9.9219 650.0000
57.3010 736 258 1041 563 1.2967 -0.0000 -6.6643 -9.9219 650.0000
57.3076 588 234 1065 711 1.3113 -0.0000 -6.7837 -9.9219 650.0000
57.3142 705 299 1000 594 1.2755 -0.0000 -6.6314 -9.9219 650.0000
57.3208 628 203 1096 671 1.2218 -0.0000 -6.7334 -9.9219 650.0000
57.3275 649 325 974 650 1.2769 -0.0000 -6.6216 -9.9219 650.0000
57.3342 622 280 1019 677 1.3152 -0.0000 -6.6293 -9.9219 650.0000
57.3408 651 225 1074 648 1.2637 -0.0000 -6.6777 -9.9219 650.0000
57.3475 685 306 993 614 1.2650 -0.0000 -6.5570 -9.9219 650.0000
57.3541 614 268 1031 685 1.2973 -0.0000 -6.5988 -9.9219 650.0000
57.3608 673 206 1093 626 1.2009 -0.0000 -6.6444 -9.9219 650.0000
57.3674 633 315 984 666 1.2679 -0.0000 -6.5832 -9.9219 650.0000
57.3740 646 229 1070 653 1.2194 -0.0000 -6.6279 -9.9219 650.0000
57.3807 656 294 1005 643 1.2335 -0.0000 -6.5717 -9.9219 650.0000
57.3873 673 341 958 626 1.2728 -0.0000 -6.4231 -9.9219 650.0000
57.3939 555 285 1014 744 1.3777 -0.0000 -6.5298 -9.9219 650.0000
57.4005 703 227 1072 596 1.2665 -0.0000 -6.5036 -9.9219 650.0000
57.4072 743 294 1005 556 1.1893 -0.0000 -6.3220 -9.9219 650.0000
57.4138 581 253 1046 718 1.2549 -0.0000 -6.4438 -9.9219 650.0000
57.4205 600 228 1071 699 1.2691 -0.0000 -6.5744 -9.9219 650.0000
57.4271 722 271 1028 577 1.2037 -0.0000 -6.4667 -9.9219 650.0000
57.4337 589 254 1045 710 1.2644 -0.0000 -6.5828 -9.9219 650.0000
57.4403 651 251 1048 648 1.2550 -0.0000 -6.6167 -9.9219 650.0000
57.4470 674 297 1002 625 1.2839 -0.0000 -6.5497 -9.9219 650.0000
57.4536 565 263 1036 734 1.3916 -0.0000 -6.6822 -9.9219 650.0000
57.4603 688 286 1013 611 1.3929 -0.0000 -6.5984 -9.9219 650.0000
57.4669 753 264 1035 546 1.3057 -0.0000 -6.4561 -9.9219 650.0000
57.4735 571 232 1067 728 1.3764 -0.0000 -6.6322 -9.9219 650.0000
57.4805 591 233 1066 708 1.4162 -0.0000 -6.7776 -9.9219 650.0000
57.4872 760 244 1055 539 1.2745 -0.0000 -6.6606 -9.9219 650.0000
57.4938 623 338 961 676 1.3827 -0.0000 -6.6112 -9.9219 650.0000
57.5005 603 252 1047 696 1.4084 -0.0000 -6.7225 -9.9219 650.0000
57.5070 704 265 1034 595 1.3318 -0.0000 -6.6801 -9.9219 650.0000
57.5137 609 296 1003 690 1.3909 -0.0000 -6.7265 -9.9219 650.0000
57.5203 650 231 1068 649 1.3292 -0.0000 -6.8067 -9.9219 650.0000
57.5270 737 312 987 562 1.2574 -0.0000 -6.6400 -9.9219 650.0000
57.5336 552 275 1024 747 1.3393 -0.0000 -6.7910 -9.9219 650.0000
57.5402 642 197 1102 657 1.2438 -0.0000 -6.9150 -9.9219 650.0000
57.5468 761 300 999 538 1.1283 -0.0000 -6.7056 -9.9219 650.0000
57.5535 553 289 1010 746 1.2303 -0.0000 -6.8202 -9.9219 650.0000
57.5601 695 249 1050 604 1.1367 -0.0000 -6.7755 -9.9219 650.0000
57.5667 657 317 982 642 1.1544 -0.0000 -6.6906 -9.9219 650.0000
57.5733 571 284 1015 728 1.2349 -0.0000 -6.7847 -9.9219 650.0000
57.5800 748 268 1031 551 1.1093 -0.0000 -6.6383 -9.9219 650.0000
57.5865 610 282 1017 689 1.1519 -0.0000 -6.6762 -9.9219 650.0000
57.5932 522 269 1030 777 1.2720 -0.0000 -6.8666 -9.9219 650.0000
57.5998 696 229 1070 603 1.1678 -0.0000 -6.8610 -9.9219 650.0000
57.6065 674 294 1005 625 1.1625 -0.0000 -6.7970 -9.9219 650.0000
57.6131 609 245 1054 690 1.1763 -0.0000 -6.9104 -9.9219 650.0000
57.6198 719 247 1052 580 1.0920 -0.0000 -6.8593 -9.9219 650.0000
57.6264 615 320 979 684 1.1904 -0.0000 -6.8447 -9.9219 650.0000
57.6330 673 249 1050 626 1.1484 -0.0000 -6.8497 -9.9219 650.0000
57.6397 770 240 1059 529 0.9915 -0.0000 -6.7083 -9.9219 650.0000
57.6463 639 314 985 660 1.0539 -0.0000 -6.6464 -9.9219 650.0000
57.6529 596 211 1088 703 1.0420 -0.0000 -6.7827 -9.9219 650.0000
57.6598 878 129 1170 421 0.8243 9.4531 -6.6016 -9.9219 650.0000
57.6665 821 164 1135 478 0.7219 9.4531 -6.4615 -9.9219 650.0000
57.6732 671 145 1154 628 0.7628 9.4531 -6.5788 -9.9219 650.0000
57.6799 771 188 1111 528 0.7308 9.4531 -6.4826 -9.9219 650.0000
57.6865 727 136 1163 572 0.6870 9.4531 -6.5269 -9.9219 650.0000
57.6931 801 223 1076 498 0.6474 9.4531 -6.3282 -9.9219 650.0000
57.6997 628 162 1137 671 0.7235 9.4531 -6.4827 -9.9219 650.0000
57.7063 720 114 1185 579 0.6645 9.4531 -6.5677 -9.9219 650.0000
57.7130 720 136 1163 579 0.6283 9.4531 -6.6443 -9.9219 650.0000
57.7196 757 130 1169 542 0.5584 9.4531 -6.6954 -9.9219 650.0000
57.7262 743 229 1070 556 0.6173 9.4531 -6.6321 -9.9219 650.0000
57.7329 689 129 1170 610 0.6477 9.4531 -6.7973 -9.9219 650.0000
57.7395 692 162 1137 607 0.7301 9.4531 -6.9388 -9.9219 650.0000
57.7461 690 117 1182 609 0.7749 9.4531 -7.1669 -9.9219 650.0000
57.7528 794 154 1145 505 0.7554 9.4531 -7.1881 -9.9219 650.0000
57.7594 775 189 1110 524 0.8063 9.4531 -7.1778 -9.9219 650.0000
57.7660 792 182 1117 507 0.8470 9.4531 -7.1281 -9.9219 650.0000
57.7726 691 161 1138 608 0.9799 9.4531 -7.2598 -9.9219 650.0000
57.7793 778 111 1188 521 0.9924 9.4531 -7.3376 -9.9219 650.0000
57.7859 743 182 1117 556 1.1193 9.4531 -7.3904 -9.9219 650.0000
57.7926 842 102 1197 457 1.0646 9.4531 -7.4096 -9.9219 650.0000
57.7992 821 143 1156 478 1.0849 9.4531 -7.3984 -9.9219 650.0000
57.8058 809 140 1159 490 1.1351 9.4531 -7.3758 -9.9219 650.0000
57.8124 778 103 1196 521 1.1839 9.4531 -7.4414 -9.9219 650.0000
57.8190 775 44 1255 524 1.1761 9.4531 -7.5911 -9.9219 650.0000
57.8256 788 145 1154 511 1.2525 9.4531 -7.5974 -9.9219 650.0000
57.8323 776 107 1192 523 1.2828 9.4531 -7.6930 -9.9219 650.0000
57.8389 865 157 1142 434 1.2683 9.4531 -7.5895 -9.9219 650.0000
57.8455 866 102 1197 433 1.2007 9.4531 -7.5504 -9.9219 650.0000
57.8521 876 164 1135 423 1.1967 9.4531 -7.3811 -9.9219 650.0000
57.8588 875 124 1175 424 1.1622 9.4531 -7.2797 -9.9219 650.0000
57.8655 890 107 1192 409 1.0837 9.4531 -7.1690 -9.9219 650.0000
57.8721 865 123 1176 434 1.0338 9.4531 -7.0733 -9.9219 650.0000
57.8788 884 68 1231 415 0.9150 9.4531 -7.0296 -9.9219 650.0000
57.8854 895 137 1162 404 0.8433 9.4531 -6.8782 -9.9219 650.0000
57.8921 836 62 1237 463 0.7625 9.4531 -6.9184 -9.9219 650.0000
57.8987 848 119 1180 451 0.7609 9.4531 -6.8416 -9.9219 650.0000
57.9058 854 158 1141 445 0.8094 9.4531 -6.6867 -9.9219 650.0000
57.9124 666 154 1145 633 0.8868 -0.0000 -6.8057 -9.9219 650.0000
57.9191 675 191 1108 624 1.0254 -0.0000 -6.8563 -9.9219 650.0000
57.9257 665 206 1093 634 1.1771 -0.0000 -6.8991 -9.9219 650.0000
57.9324 704 144 1155 595 1.2172 -0.0000 -7.0047 -9.9219 650.0000
57.9389 724 217 1082 575 1.3201 -0.0000 -7.0035 -9.9219 650.0000
57.9455 750 121 1178 549 1.2658 -0.0000 -7.1235 -9.9219 650.0000
57.9521 834 206 1093 465 1.1973 -0.0000 -7.0275 -9.9219 650.0000
57.9588 772 183 1116 527 1.1721 -0.0000 -7.0459 -9.9219 650.0000
57.9655 809 200 1099 490 1.1221 -0.0000 -6.9464 -9.9219 650.0000
57.9721 792 160 1139 507 1.0560 -0.0000 -6.9246 -9.9219 650.0000
57.9788 756 168 1131 543 1.0289 -0.0000 -6.9187 -9.9219 650.0000
57.9854 782 168 1131 517 0.9423 -0.0000 -6.8864 -9.9219 650.0000
57.9920 743 186 1113 556 0.9047 -0.0000 -6.8956 -9.9219 650.0000
57.9987 626 176 1123 673 0.9646 -0.0000 -7.1127 -9.9219 650.0000
58.0053 739 177 1122 560 0.9124 -0.0000 -7.1523 -9.9219 650.0000
58.0120 647 197 1102 652 0.9848 -0.0000 -7.2785 -9.9219 650.0000
58.0186 783 222 1077 516 0.9514 -0.0000 -7.1688 -9.9219 650.0000
58.0252 703 228 1071 596 1.0019 -0.0000 -7.1988 -9.9219 650.0000
58.0319 804 236 1063 495 0.9459 -0.0000 -7.1005 -9.9219 650.0000
58.0385 738 206 1093 561 0.9376 -0.0000 -7.1462 -9.9219 650.0000
58.0452 735 164 1135 564 0.9152 -0.0000 -7.2485 -9.9219 650.0000
58.0518 691 167 1132 608 0.9513 -0.0000 -7.3794 -9.9219 650.0000
58.0585 669 202 1097 630 1.0374 -0.0000 -7.4936 -9.9219 650.0000
58.0653 812 51 1248 487 1.0074 10.0000 -7.6073 -9.8438 650.0000
58.0720 853 136 1163 446 1.0318 10.0000 -7.5358 -9.8438 650.0000
58.0787 872 90 1209 427 1.0089 10.0000 -7.4863 -9.8438 650.0000
58.0853 855 137 1162 444 1.0710 10.0000 -7.4252 -9.8438 650.0000
58.0920 838 46 1253 461 1.0543 10.0000 -7.5347 -9.8438 650.0000
58.0986 789 78 1221 510 1.1154 10.0000 -7.6958 -9.8438 650.0000
58.1052 816 59 1240 483 1.1207 10.0000 -7.8142 -9.8438 650.0000
58.1118 802 66 1233 497 1.1443 10.0000 -7.9326 -9.8438 650.0000
58.1185 756 101 1198 543 1.2520 10.0000 -8.0375 -9.8438 650.0000
58.1252 712 207 1092 587 1.2868 -0.0000 -8.0090 -6.0938 650.0000
58.1319 693 170 1129 606 1.3050 -0.0000 -8.0850 -6.0938 650.0000
58.1385 682 191 1108 617 1.3444 -0.0000 -8.1580 -6.0938 650.0000
58.1452 740 212 1087 559 1.3607 -0.0000 -8.1171 -6.0938 650.0000
58.1518 713 147 1152 586 1.3532 -0.0000 -8.1881 -6.0938 650.0000
58.1584 737 202 1097 562 1.4190 -0.0000 -8.1167 -6.0938 650.0000
58.1651 609 179 1120 690 1.6052 -0.0000 -8.2619 -6.0938 650.0000
58.1717 709 152 1147 590 1.6510 -0.0000 -8.3063 -6.0938 650.0000
58.1784 633 144 1155 666 1.7458 -0.0000 -8.4834 -4.2188 650.0000
58.1850 788 132 1167 511 1.6576 -0.0000 -8.4692 -4.2188 650.0000
58.1917 723 178 1121 576 1.6891 -0.0000 -8.4918 -4.2188 650.0000
58.1984 746 170 1129 553 1.7059 -0.0000 -8.4776 -4.2188 650.0000
58.2050 623 176 1123 676 1.8502 -0.0000 -8.6139 -4.2188 650.0000
58.2117 715 105 1194 584 1.8051 -0.0000 -8.7083 -4.2188 650.0000
58.2183 704 174 1125 595 1.8118 -0.0000 -8.7176 -4.2188 650.0000
58.2250 787 148 1151 512 1.6889 -0.0000 -8.6689 -4.2188 650.0000
58.2316 691 247 1052 608 1.7896 -0.0000 -8.6234 -4.2188 650.0000
58.2383 719 104 1195 580 1.7156 -0.0000 -8.6866 -0.6250 650.0000
58.2449 648 160 1139 651 1.7941 -0.0000 -8.7345 -0.6250 650.0000
58.2515 770 89 1210 529 1.6562 -0.0000 -8.6845 -0.6250 650.0000
58.2582 683 190 1109 616 1.7228 -0.0000 -8.6183 -0.6250 650.0000
58.2648 708 173 1126 591 1.7260 -0.0000 -8.5637 -0.6250 650.0000
58.2714 604 166 1133 695 1.8279 -0.0000 -8.6940 -0.6250 650.0000
58.2781 705 111 1188 594 1.7565 -0.0000 -8.7290 -0.6250 650.0000
58.2847 700 128 1171 599 1.7186 -0.0000 -8.7269 -0.6250 650.0000
58.2914 788 73 1226 511 1.7289 8.3594 -8.6367 -0.0000 650.0000
58.2980 747 49 1250 552 1.7590 8.3594 -8.6569 -0.0000 650.0000
58.3047 693 29 1270 606 1.8261 8.3594 -8.7914 -0.0000 650.0000
58.3114 861 -1 1301 438 1.6500 8.3594 -8.7316 -0.0000 650.0000
58.3180 744 62 1237 555 1.6558 8.3594 -8.7470 -0.0000 650.0000
58.3247 808 23 1276 491 1.5534 8.3594 -8.7084 -0.0000 650.0000
58.3313 708 70 1229 591 1.6256 8.3594 -8.7309 -0.0000 650.0000
58.3380 751 22 1277 548 1.6223 8.3594 -8.7503 -0.0000 650.0000
58.3446 674 21 1278 625 1.7005 8.3594 -8.8952 -0.0000 650.0000
58.3513 777 98 1201 522 1.7338 8.3594 -8.7794 -0.0000 650.0000
58.3580 743 31 1268 556 1.7270 8.3594 -8.8319 -0.0000 650.0000
58.3646 810 116 1183 489 1.7485 8.3594 -8.6640 -0.0000 650.0000
58.3712 688 31 1268 611 1.8317 8.3594 -8.8300 -0.0000 650.0000
58.3779 766 21 1278 533 1.8331 8.3594 -8.8802 -0.0000 650.0000
58.3845 683 38 1261 616 1.9472 8.3594 -9.0247 -0.0000 650.0000
58.3911 805 33 1266 494 1.9306 8.3594 -8.9528 -0.0000 650.0000
58.3978 773 85 1214 526 1.9949 8.3594 -8.8491 -0.0000 650.0000
58.4044 748 53 1246 551 2.0480 8.3594 -8.8113 -0.0000 650.0000
58.4111 732 41 1258 567 2.0867 8.3594 -8.8272 -0.0000 650.0000
58.4178 706 71 1228 593 2.1866 8.3594 -8.8342 -0.0000 650.0000
58.4244 758 7 1292 541 2.1556 8.3594 -8.8791 -0.0000 650.0000
58.4310 754 11 1288 545 2.1457 8.3594 -8.9385 -0.0000 650.0000
58.4377 828 76 1223 471 2.1248 8.3594 -8.8088 -0.0000 650.0000
58.4443 765 15 1284 534 2.1124 8.3594 -8.8570 -0.0000 650.0000
58.4510 806 86 1213 493 2.1206 8.3594 -8.7355 -0.0000 650.0000
58.4577 687 42 1257 612 2.2024 8.3594 -8.8416 -0.0000 650.0000
58.4644 814 -10 1310 485 2.0813 8.3594 -8.8362 -0.0000 650.0000
58.4710 690 76 1223 609 2.1857 8.3594 -8.8714 -0.0000 650.0000
58.4776 742 17 1282 557 2.1729 8.3594 -8.9206 -0.0000 650.0000
58.4843 785 84 1215 514 2.1879 8.3594 -8.7885 -0.0000 650.0000
58.4911 805 110 1189 494 2.2211 8.3594 -8.5917 -0.0000 650.0000
58.4978 842 54 1245 457 2.1572 8.3594 -8.4228 -0.0000 650.0000
58.5047 821 57 1242 478 2.1247 8.3594 -8.2821 -0.0000 650.0000
58.5115 850 114 1185 449 2.1228 8.3594 -8.0179 -0.0000 650.0000
58.5183 781 40 1259 518 2.1072 8.3594 -7.9720 -0.0000 650.0000
58.5251 859 59 1240 440 2.0185 8.3594 -7.7735 -0.0000 650.0000
58.5320 782 85 1214 517 2.0302 8.3594 -7.6425 -0.0000 650.0000
58.5388 709 130 1169 590 1.9967 -0.0000 -7.5698 -0.0000 650.0000
58.5455 759 100 1199 540 1.8756 -0.0000 -7.4790 -0.0000 650.0000
58.5521 651 177 1122 648 1.9468 -0.0000 -7.4348 -0.0000 650.0000
58.5588 689 86 1213 610 1.8891 -0.0000 -7.4623 -0.0000 650.0000
58.5655 630 121 1178 669 1.9384 -0.0000 -7.5062 -0.0000 650.0000
58.5725 666 167 1132 633 2.0133 -0.0000 -7.4312 -0.0000 650.0000
58.5795 651 96 1203 648 2.0399 -0.0000 -7.4713 -0.0000 650.0000
58.5867 709 54 1245 590 1.9597 -0.0000 -7.4798 -0.0000 650.0000
58.5939 618 60 1239 681 2.0066 -0.0000 -7.6217 -0.0000 650.0000
58.6010 721 79 1220 578 1.9671 -0.0000 -7.5678 -0.0000 650.0000
58.6083 748 144 1155 551 1.9419 -0.0000 -7.3895 -0.0000 650.0000
58.6155 716 142 1157 583 1.9382 -0.0000 -7.2772 -0.0000 650.0000
58.6225 747 115 1184 552 1.8468 -0.0000 -7.1689 -0.0000 650.0000
58.6297 770 122 1177 529 1.7143 -0.0000 -7.0326 -0.0000 650.0000
58.6369 655 179 1120 644 1.7917 -0.0000 -6.9917 -0.0000 650.0000
58.6440 682 211 1088 617 1.8706 -0.0000 -6.8414 -0.0000 650.0000
58.6511 643 106 1193 656 1.8777 -0.0000 -6.8906 -0.0000 650.0000
58.6584 590 107 1192 709 1.9473 -0.0000 -6.9958 -0.0000 650.0000
58.6654 670 86 1213 629 1.9187 -0.0000 -6.9901 -0.0000 650.0000
58.6723 693 123 1176 606 1.9065 -0.0000 -6.9143 -0.0000 650.0000
58.6792 701 60 1239 598 1.8144 -0.0000 -6.9318 -0.0000 650.0000
58.6859 713 155 1144 586 1.7955 -0.0000 -6.8045 -0.0000 650.0000
58.6927 610 125 1174 689 1.8371 -0.0000 -6.9069 -0.0000 650.0000
58.6995 657 32 1267 642 1.7237 -0.0000 -7.0728 -0.0000 650.0000
58.7061 807 147 1152 492 1.5732 -0.0000 -6.8332 -0.0000 650.0000
58.7129 644 137 1162 655 1.6068 -0.0000 -6.8236 -0.0000 650.0000
58.7198 588 117 1182 711 1.6824 -0.0000 -6.9146 -0.0000 650.0000
58.7264 676 184 1115 623 1.7318 -0.0000 -6.7680 -0.0000 650.0000
58.7332 655 122 1177 644 1.7390 -0.0000 -6.7309 -0.0000 650.0000
58.7401 748 150 1149 551 1.6619 -0.0000 -6.5214 -0.0000 650.0000
58.7467 639 210 1089 660 1.7712 -0.0000 -6.4268 -0.0000 650.0000
58.7536 576 131 1168 723 1.8555 -0.0000 -6.5532 -0.0000 650.0000
58.7604 708 161 1138 591 1.8223 -0.0000 -6.4346 -0.0000 650.0000
58.7672 755 135 1164 544 1.7346 -0.0000 -6.2770 -0.0000 650.0000
58.7740 607 81 1218 692 1.7596 -0.0000 -6.4083 -0.0000 650.0000
58.7809 640 143 1156 659 1.8253 -0.0000 -6.3578 -0.0000 650.0000
58.7878 733 54 1245 566 1.6808 -0.0000 -6.2974 -0.0000 650.0000
58.7947 686 103 1196 613 1.6322 -0.0000 -6.2516 -0.0000 650.0000
58.8014 660 170 1129 639 1.6532 -0.0000 -6.1763 -0.0000 650.0000
58.8082 649 165 1134 650 1.6637 -0.0000 -6.1350 -0.0000 650.0000
58.8151 650 141 1158 649 1.6439 -0.0000 -6.1326 -0.0000 650.0000
58.8218 728 125 1174 571 1.5545 -0.0000 -6.0139 -0.0000 650.0000
58.8285 705 116 1183 594 1.4919 -0.0000 -5.9253 -0.0000 650.0000
58.8353 592 155 1144 707 1.6087 -0.0000 -5.9380 -0.0000 650.0000
58.8420 730 105 1194 569 1.5212 -0.0000 -5.8308 -0.0000 650.0000
58.8489 784 135 1164 515 1.3932 -0.0000 -5.6120 -0.0000 650.0000
58.8557 603 155 1144 696 1.4737 -0.0000 -5.6653 -0.0000 650.0000
58.8623 653 119 1180 646 1.4500 -0.0000 -5.7010 -0.0000 650.0000
58.8691 704 142 1157 595 1.4020 -0.0000 -5.6242 -0.0000 650.0000
58.8759 668 95 1204 631 1.3566 -0.0000 -5.6432 -0.0000 650.0000
58.8826 656 199 1100 643 1.4366 -0.0000 -5.5229 -0.0000 650.0000
58.8894 564 165 1134 735 1.5784 -0.0000 -5.6002 -0.0000 650.0000
58.8962 646 86 1213 653 1.5212 -0.0000 -5.6959 -0.0000 650.0000
58.9029 787 188 1111 512 1.4074 -0.0000 -5.4476 -0.0000 650.0000
58.9098 601 165 1134 698 1.4734 -0.0000 -5.5359 -0.0000 650.0000
58.9166 564 142 1157 735 1.5612 -0.0000 -5.7000 -0.0000 650.0000
58.9233 781 112 1187 518 1.3961 -0.0000 -5.5557 -0.0000 650.0000
58.9302 696 196 1103 603 1.4416 -0.0000 -5.3748 -0.0000 650.0000
58.9370 578 197 1102 721 1.6166 -0.0000 -5.3693 -0.0000 650.0000
58.9436 737 80 1219 562 1.4789 -0.0000 -5.3041 -0.0000 650.0000
58.9504 743 188 1111 556 1.4310 -0.0000 -5.0830 -0.0000 650.0000
58.9572 597 142 1157 702 1.4947 -0.0000 -5.1561 -0.0000 650.0000
58.9638 648 168 1131 651 1.5465 -0.0000 -5.0898 -0.0000 650.0000
58.9707 743 109 1190 556 1.4362 -0.0000 -4.9500 -0.0000 650.0000
58.9776 676 85 1214 623 1.3795 -0.0000 -4.9484 -0.0000 650.0000
58.9842 681 207 1092 618 1.4452 -0.0000 -4.7782 -0.0000 650.0000
58.9911 642 98 1201 657 1.4140 -0.0000 -4.8412 -0.0000 650.0000
58.9980 704 67 1232 595 1.2609 -0.0000 -4.8682 -0.0000 650.0000
59.0047 775 162 1137 524 1.1469 -0.0000 -4.6547 -0.0000 650.0000
59.0115 662 149 1150 637 1.1471 -0.0000 -4.6136 -0.0000 650.0000
59.0184 595 163 1136 704 1.2397 -0.0000 -4.6218 -0.0000 650.0000
59.0250 754 81 1218 545 1.0630 -0.0000 -4.5091 -0.0000 650.0000
59.0319 738 85 1214 561 0.8913 -0.0000 -4.4199 -0.0000 650.0000
59.0388 683 176 1123 616 0.8645 -0.0000 -4.2840 -0.0000 650.0000
59.0456 648 151 1148 651 0.8361 -0.0000 -4.2451 -0.0000 650.0000
59.0523 599 153 1146 700 0.8625 -0.0000 -4.2801 -0.0000 650.0000
59.0590 761 112 1187 538 0.7097 -0.0000 -4.1073 -0.0000 650.0000
59.0656 629 215 1084 670 0.8200 -0.0000 -3.9651 -0.0000 650.0000
59.0723 552 181 1118 747 0.9842 -0.0000 -3.9788 -0.0000 650.0000
59.0792 688 99 1200 611 0.8945 -0.0000 -3.9283 -0.0000 650.0000
59.0859 679 123 1176 620 0.8358 -0.0000 -3.8789 -0.0000 650.0000
59.0927 640 121 1178 659 0.8000 -0.0000 -3.9062 -0.0000 650.0000
59.0995 668 176 1123 631 0.7954 -0.0000 -3.8040 -0.0000 650.0000
59.1062 625 96 1203 674 0.7623 -0.0000 -3.8754 -0.0000 650.0000
59.1131 683 124 1175 616 0.7176 -0.0000 -3.7922 -0.0000 650.0000
59.1199 647 242 1057 652 0.8379 -0.0000 -3.5875 -0.0000 650.0000
59.1266 612 85 1214 687 0.8095 -0.0000 -3.6877 -0.0000 650.0000
59.1334 648 116 1183 651 0.7537 -0.0000 -3.7183 -0.0000 650.0000
59.1403 710 141 1158 589 0.6585 -0.0000 -3.6196 -0.0000 650.0000
59.1469 591 144 1155 708 0.7117 -0.0000 -3.6805 -0.0000 650.0000
59.1537 662 146 1153 637 0.7031 -0.0000 -3.6172 -0.0000 650.0000
59.1606 722 128 1171 577 0.6151 -0.0000 -3.4780 -0.0000 650.0000
59.1672 617 185 1114 682 0.6907 -0.0000 -3.4184 -0.0000 650.0000
59.1740 647 35 1264 652 0.5573 -0.0000 -3.5544 -0.0000 650.0000
59.1808 726 102 1197 573 0.4064 -0.0000 -3.4795 -0.0000 650.0000
59.1876 658 198 1101 641 0.4371 -0.0000 -3.3737 -0.0000 650.0000
59.1944 533 105 1194 766 0.5158 -0.0000 -3.5881 -0.0000 650.0000
59.2010 778 147 1152 521 0.4048 -0.0000 -3.3370 -0.0000 650.0000
59.2077 657 114 1185 642 0.4019 -0.0000 -3.3084 -0.0000 650.0000
59.2143 553 89 1210 746 0.4847 -0.0000 -3.4657 -0.0000 650.0000
59.2212 655 178 1121 644 0.5295 -0.0000 -3.3612 -0.0000 650.0000
59.2279 716 95 1204 583 0.3989 -0.0000 -3.3066 -0.0000 650.0000
59.2347 580 184 1115 719 0.5069 -0.0000 -3.3448 -0.0000 650.0000
59.2416 592 179 1120 707 0.5948 -0.0000 -3.3792 -0.0000 650.0000
59.2482 795 139 1160 504 0.4297 -0.0000 -3.1710 -0.0000 650.0000
59.2550 621 204 1095 678 0.5381 -0.0000 -3.1213 -0.0000 650.0000
59.2618 640 69 1230 659 0.4960 -0.0000 -3.2363 -0.0000 650.0000
59.2685 735 173 1126 564 0.4642 -0.0000 -3.0554 -0.0000 650.0000
59.2753 738 153 1146 561 0.3842 -0.0000 -2.9208 -0.0000 650.0000
59.2821 615 151 1148 684 0.4253 -0.0000 -2.9918 -0.0000 650.0000
59.2889 656 170 1129 643 0.4363 -0.0000 -2.9711 -0.0000 650.0000
59.2957 732 84 1215 567 0.2852 -0.0000 -2.9283 -0.0000 650.0000
59.3026 725 172 1127 574 0.2629 -0.0000 -2.7425 -0.0000 650.0000
59.3093 670 154 1145 629 0.2966 -0.0000 -2.6511 -0.0000 650.0000
59.3161 613 164 1135 686 0.3847 -0.0000 -2.6233 -0.0000 650.0000
59.3230 733 127 1172 566 0.2843 -0.0000 -2.4882 -0.0000 650.0000
59.3297 764 109 1190 535 0.1197 -0.0000 -2.3440 -0.0000 650.0000
59.3365 586 188 1111 713 0.2407 -0.0000 -2.3318 -0.0000 650.0000
59.3434 621 78 1221 678 0.2089 -0.0000 -2.4131 -0.0000 650.0000
59.3501 722 142 1157 577 0.1339 -0.0000 -2.2276 -0.0000 650.0000
59.3569 665 153 1146 634 0.1223 -0.0000 -2.1227 -0.0000 650.0000
59.3637 598 125 1174 701 0.1374 -0.0000 -2.1727 -0.0000 650.0000
59.3703 627 168 1131 672 0.1279 -0.0000 -2.1465 -0.0000 650.0000
59.3771 642 102 1197 657 0.0407 -0.0000 -2.2074 -0.0000 650.0000
59.3839 666 180 1119 633 0.0495 -0.0000 -2.0969 -0.0000 650.0000
59.3906 552 160 1139 747 0.1784 -0.0000 -2.1782 -0.0000 650.0000
59.3974 635 68 1231 664 0.1285 -0.0000 -2.2702 -0.0000 650.0000
59.4042 726 166 1133 573 0.0943 -0.0000 -2.0876 -0.0000 650.0000
59.4108 617 139 1160 682 0.1451 -0.0000 -2.1250 -0.0000 650.0000
59.4177 617 46 1253 682 0.0787 -0.0000 -2.3172 -0.0000 650.0000
59.4245 717 121 1178 582 -0.0245 -0.0000 -2.2481 -0.0000 650.0000
59.4313 689 120 1179 610 -0.0873 -0.0000 -2.2153 -0.0000 650.0000
59.4381 580 118 1181 719 -0.0262 -0.0000 -2.3175 -0.0000 650.0000
59.4450 633 116 1183 666 -0.0185 -0.0000 -2.3280 -0.0000 650.0000
59.4516 698 133 1166 601 -0.0678 -0.0000 -2.2105 -0.0000 650.0000
59.4584 550 181 1118 749 0.0753 -0.0000 -2.2589 -0.0000 650.0000
59.4653 622 50 1249 677 -0.0182 -0.0000 -2.4129 -0.0000 650.0000
59.4720 761 126 1173 538 -0.1780 -0.0000 -2.2510 -0.0000 650.0000
59.4789 588 184 1115 711 -0.0801 -0.0000 -2.2731 -0.0000 650.0000
59.4857 600 30 1269 699 -0.1549 -0.0000 -2.5076 -0.0000 650.0000
59.4925 692 151 1148 607 -0.1757 -0.0000 -2.3946 -0.0000 650.0000
59.4993 676 141 1158 623 -0.1658 -0.0000 -2.3134 -0.0000 650.0000
59.5061 605 94 1205 694 -0.1258 -0.0000 -2.4067 -0.0000 650.0000
59.5128 662 111 1188 637 -0.1361 -0.0000 -2.3907 -0.0000 650.0000
59.5196 663 152 1147 636 -0.1233 -0.0000 -2.3232 -0.0000 650.0000
59.5265 614 129 1170 685 -0.1003 -0.0000 -2.3807 -0.0000 650.0000
59.5331 648 96 1203 651 -0.1599 -0.0000 -2.4479 -0.0000 650.0000
59.5401 692 48 1251 607 -0.3168 -0.0000 -2.5134 -0.0000 650.0000
59.5470 625 170 1129 674 -0.2343 -0.0000 -2.4697 -0.0000 650.0000
59.5538 686 75 1224 613 -0.3088 -0.0000 -2.4666 -0.0000 650.0000
59.5607 647 72 1227 652 -0.3348 -0.0000 -2.5171 -0.0000 650.0000
59.5675 624 169 1130 675 -0.2404 -0.0000 -2.4661 -0.0000 650.0000
59.5742 643 128 1171 656 -0.2248 -0.0000 -2.4642 -0.0000 650.0000
59.5810 696 69 1230 603 -0.3411 -0.0000 -2.4856 -0.0000 650.0000
59.5879 643 160 1139 656 -0.3126 -0.0000 -2.4656 -0.0000 650.0000
59.5947 631 134 1165 668 -0.2936 -0.0000 -2.5022 -0.0000 650.0000
59.6015 652 83 1216 647 -0.3278 -0.0000 -2.5506 -0.0000 650.0000
59.6082 645 120 1179 654 -0.3008 -0.0000 -2.5342 -0.0000 650.0000
59.6151 613 114 1185 686 -0.2350 -0.0000 -2.5627 -0.0000 650.0000
59.6219 663 124 1175 636 -0.2177 -0.0000 -2.4939 -0.0000 650.0000
59.6287 667 92 1207 632 -0.2540 -0.0000 -2.4804 -0.0000 650.0000
59.6354 603 93 1206 696 -0.2308 -0.0000 -2.5741 -0.0000 650.0000
59.6422 617 183 1116 682 -0.1373 -0.0000 -2.5323 -0.0000 650.0000
59.6490 704 123 1176 595 -0.2124 -0.0000 -2.4599 -0.0000 650.0000
59.6557 640 61 1238 659 -0.2691 -0.0000 -2.5710 -0.0000 650.0000
59.6625 564 154 1145 735 -0.1309 -0.0000 -2.6412 -0.0000 650.0000
59.6693 712 89 1210 587 -0.2228 -0.0000 -2.5718 -0.0000 650.0000
59.6762 626 132 1167 673 -0.1655 -0.0000 -2.5568 -0.0000 650.0000
59.6829 553 144 1155 746 -0.0214 -0.0000 -2.6321 -0.0000 650.0000
59.6896 702 70 1229 597 -0.1342 -0.0000 -2.5992 -0.0000 650.0000
59.6965 726 118 1181 573 -0.2447 -0.0000 -2.4808 -0.0000 650.0000
59.7033 536 119 1180 763 -0.1478 -0.0000 -2.6593 -0.0000 650.0000
59.7100 603 42 1257 696 -0.2200 -0.0000 -2.8533 -0.0000 650.0000
59.7167 723 169 1130 576 -0.2771 -0.0000 -2.6828 -0.0000 650.0000
59.7235 572 129 1170 727 -0.1986 -0.0000 -2.7928 -0.0000 650.0000
59.7303 610 75 1224 689 -0.2065 -0.0000 -2.9050 -0.0000 650.0000
59.7372 727 132 1167 572 -0.2786 -0.0000 -2.7456 -0.0000 650.0000