0.2925 99 100 -2.2425 -0.0000 100.0000
0.2940 99 100 -2.0949 -0.0000 100.0000
0.2955 99 100 -2.1385 -0.0000 100.0000
0.2970 99 100 -2.0268 -0.0000 100.0000
0.2986 99 100 -2.0433 -0.0000 100.0000
0.3001 99 100 -1.9678 -0.0000 100.0000
0.3016 99 100 -1.8922 -0.0000 100.0000
0.3031 99 100 -1.7283 -0.0000 100.0000
0.3046 99 100 -1.6346 -0.0000 100.0000
0.3061 99 100 -1.6832 -0.0000 100.0000
0.3078 99 100 -1.7287 -0.0000 100.0000
0.3095 99 100 -1.7753 -0.0000 100.0000
0.3111 99 100 -1.7895 -0.0000 100.0000
0.3128 99 100 -1.7393 -0.0000 100.0000
0.3145 99 100 -1.8544 -0.0000 100.0000
0.3162 99 100 -1.7784 -0.0000 100.0000
0.3179 99 100 -1.8048 -0.0000 100.0000
0.3193 99 100 -1.8229 -0.0000 100.0000
0.3207 99 100 -1.9034 -0.0000 100.0000
0.3224 99 100 -1.7014 -0.0000 100.0000
0.3239 99 100 -1.5954 -0.0000 100.0000
0.3255 99 100 -1.6225 -0.0000 100.0000
0.3270 99 100 -1.6609 -0.0000 100.0000
0.3284 99 100 -1.5568 -0.0000 100.0000
0.3299 99 100 -1.5562 -0.0000 100.0000
0.3314 99 100 -1.4209 -0.0000 100.0000
0.3331 99 100 -1.2827 -0.0000 100.0000
0.3345 99 100 -1.4291 -0.0000 100.0000
0.3360 99 100 -1.4491 -0.0000 100.0000
0.3377 99 100 -1.3639 -0.0000 100.0000
0.3392 99 100 -1.3239 -0.0000 100.0000
0.3407 99 100 -1.2415 -0.0000 100.0000
0.3424 99 100 -1.1627 -0.0000 100.0000
0.3439 99 100 -1.0920 -0.0000 100.0000
0.3455 99 100 -1.1294 -0.0000 100.0000
0.3471 99 100 -1.1162 -0.0000 100.0000
0.3486 99 100 -1.0452 -0.0000 100.0000
0.3501 99 100 -0.9436 -0.0000 100.0000
0.3518 99 100 -1.0601 -0.0000 100.0000
0.3533 99 100 -1.0506 -0.0000 100.0000
0.3548 99 100 -1.0313 -0.0000 100.0000
0.3565 99 100 -1.0017 -0.0000 100.0000
0.3579 99 100 -0.9765 -0.0000 100.0000
0.3596 99 100 -1.0462 -0.0000 100.0000
0.3611 99 100 -1.0091 -0.0000 100.0000
0.3628 99 100 -0.9687 -0.0000 100.0000
0.3642 99 100 -0.9974 -0.0000 100.0000
0.3657 99 100 -0.9277 -0.0000 100.0000
0.3674 99 100 -1.0052 -0.0000 100.0000
0.3689 99 100 -0.9882 -0.0000 100.0000
0.3704 99 100 -0.9308 -0.0000 100.0000
0.3719 99 100 -0.9399 -0.0000 100.0000
0.3735 99 100 -0.8757 -0.0000 100.0000
0.3751 99 100 -0.9348 -0.0000 100.0000
0.3768 99 100 -0.9905 -0.0000 100.0000
0.3785 99 100 -0.9738 -0.0000 100.0000
0.3800 99 100 -0.9603 -0.0000 100.0000
0.3816 99 100 -0.8278 -0.0000 100.0000
0.3831 99 100 -0.8521 -0.0000 100.0000
0.3848 99 100 -0.8025 -0.0000 100.0000
0.3863 99 100 -0.8296 -0.0000 100.0000
0.3880 99 100 -0.8051 -0.0000 100.0000
0.3895 99 100 -0.8225 -0.0000 100.0000
0.3910 99 100 -0.8134 -0.0000 100.0000
0.3925 99 100 -0.7788 -0.0000 100.0000
0.3938 99 100 -0.8817 -0.0000 100.0000
0.3952 99 100 -0.9233 -0.0000 100.0000
0.3965 99 100 -0.9867 -0.0000 100.0000
0.3980 99 100 -0.9239 -0.0000 100.0000
0.3994 99 100 -0.9573 -0.0000 100.0000
0.4007 99 100 -0.9545 -0.0000 100.0000
0.4022 99 100 -1.0158 -0.0000 100.0000
0.4035 99 100 -1.0506 -0.0000 100.0000
0.4048 99 100 -1.1090 -0.0000 100.0000
0.4061 99 100 -1.1270 -0.0000 100.0000
0.4073 99 100 -1.0040 -0.0000 100.0000
0.4086 99 100 -0.9836 -0.0000 100.0000
0.4099 99 100 -0.9451 -0.0000 100.0000
0.4112 98 101 -0.9010 -0.0000 100.0000
0.4124 98 101 -0.8995 -0.0000 100.0000
0.4137 98 101 -0.8792 -0.0000 100.0000
0.4150 98 101 -0.8388 -0.0000 100.0000
0.4163 98 101 -0.8243 -0.0000 100.0000
0.4176 98 101 -0.8777 -0.0000 100.0000
0.4189 98 101 -0.8013 -0.0000 100.0000
0.4202 98 101 -0.8494 -0.0000 100.0000
0.4214 98 101 -0.7712 -0.0000 100.0000
0.4227 98 101 -0.7426 -0.0000 100.0000
0.4240 98 101 -0.7168 -0.0000 100.0000
0.4252 98 101 -0.7494 -0.0000 100.0000
0.4265 98 101 -0.7691 -0.0000 100.0000
0.4278 98 101 -0.7572 -0.0000 100.0000
0.4291 98 101 -0.8035 -0.0000 100.0000
0.4303 98 101 -0.7546 -0.0000 100.0000
0.4316 98 101 -0.8449 -0.0000 100.0000
0.4329 98 101 -0.8958 -0.0000 100.0000
0.4342 98 101 -0.9064 -0.0000 100.0000
0.4354 98 101 -0.9826 -0.0000 100.0000
0.4367 98 101 -1.0073 -0.0000 100.0000
0.4380 98 101 -1.0074 -0.0000 100.0000
0.4392 98 101 -1.0388 -0.0000 100.0000
0.4405 98 101 -1.0319 -0.0000 100.0000
0.4417 98 101 -0.9343 -0.0000 100.0000
0.4430 98 101 -0.9625 -0.0000 100.0000
0.4442 98 101 -0.9938 -0.0000 100.0000
0.4455 98 101 -0.9525 -0.0000 100.0000
0.4467 98 101 -1.0078 -0.0000 100.0000
0.4480 98 101 -1.0096 -0.0000 100.0000
0.4492 98 101 -1.0741 -0.0000 100.0000
0.4505 98 101 -1.0812 -0.0000 100.0000
0.4517 98 101 -0.9941 -0.0000 100.0000
0.4530 98 101 -0.8706 -0.0000 100.0000
0.4542 98 101 -0.8221 -0.0000 100.0000
0.4555 98 101 -0.7939 -0.0000 100.0000
0.4567 98 101 -0.8434 -0.0000 100.0000
0.4580 98 101 -0.7605 -0.0000 100.0000
0.4592 98 101 -0.7592 -0.0000 100.0000
0.4605 98 101 -0.6837 -0.0000 100.0000
0.4617 98 101 -0.6966 -0.0000 100.0000
0.4630 98 101 -0.7190 -0.0000 100.0000
0.4642 98 101 -0.6751 -0.0000 100.0000
0.4655 98 101 -0.5662 -0.0000 100.0000
0.4667 98 101 -0.5874 -0.0000 100.0000
0.4680 98 101 -0.5683 -0.0000 100.0000
0.4693 98 101 -0.6035 -0.0000 100.0000
0.4706 98 101 -0.6541 -0.0000 100.0000
0.4718 98 101 -0.6331 -0.0000 100.0000
0.4731 98 101 -0.5384 -0.0000 100.0000
0.4744 98 101 -0.5087 -0.0000 100.0000
0.4756 98 101 -0.4944 -0.0000 100.0000
0.4769 98 101 -0.4117 -0.0000 100.0000
0.4782 98 101 -0.4382 -0.0000 100.0000
0.4795 98 101 -0.4646 -0.0000 100.0000
0.4808 98 101 -0.4747 -0.0000 100.0000
0.4821 98 101 -0.4458 -0.0000 100.0000
0.4834 98 101 -0.5213 -0.0000 100.0000
0.4847 98 101 -0.6497 -0.0000 100.0000
0.4860 98 101 -0.6142 -0.0000 100.0000
0.4874 98 101 -0.5721 -0.0000 100.0000
0.4887 98 101 -0.5390 -0.0000 100.0000
0.4900 98 101 -0.5279 -0.0000 100.0000
0.4914 98 101 -0.5309 -0.0000 100.0000
0.4928 98 101 -0.6250 -0.0000 100.0000
0.4942 98 101 -0.6242 -0.0000 100.0000
0.4956 98 101 -0.6147 -0.0000 100.0000
0.4969 98 101 -0.6634 -0.0000 100.0000
0.4982 98 101 -0.6857 -0.0000 100.0000
0.4995 98 101 -0.7028 -0.0000 100.0000
0.5008 98 101 -0.7189 -0.0000 100.0000
0.5020 98 101 -0.7036 -0.0000 100.0000
0.5033 98 101 -0.6282 -0.0000 100.0000
0.5045 98 101 -0.5411 -0.0000 100.0000
0.5058 98 101 -0.5129 -0.0000 100.0000
0.5070 98 101 -0.5320 -0.0000 100.0000
0.5083 98 101 -0.5061 -0.0000 100.0000
0.5095 98 101 -0.4604 -0.0000 100.0000
0.5108 98 101 -0.3880 -0.0000 100.0000
0.5121 98 101 -0.3481 -0.0000 100.0000
0.5133 98 101 -0.4075 -0.0000 100.0000
0.5146 98 101 -0.4250 -0.0000 100.0000
0.5159 98 101 -0.5405 -0.0000 100.0000
0.5172 98 101 -0.5451 -0.0000 100.0000
0.5184 98 101 -0.5698 -0.0000 100.0000
0.5197 98 101 -0.6655 -0.0000 100.0000
0.5210 98 101 -0.7405 -0.0000 100.0000
0.5222 98 101 -0.6979 -0.0000 100.0000
0.5235 98 101 -0.6357 -0.0000 100.0000
0.5248 98 101 -0.6262 -0.0000 100.0000
0.5261 98 101 -0.5519 -0.0000 100.0000
0.5273 98 101 -0.6116 -0.0000 100.0000
0.5286 98 101 -0.6185 -0.0000 100.0000
0.5299 98 101 -0.5495 -0.0000 100.0000
0.5311 98 101 -0.5801 -0.0000 100.0000
0.5324 98 101 -0.4599 -0.0000 100.0000
0.5337 98 101 -0.4017 -0.0000 100.0000
0.5349 98 101 -0.4333 -0.0000 100.0000
0.5362 98 101 -0.4019 -0.0000 100.0000
0.5375 98 101 -0.2817 -0.0000 100.0000
0.5387 98 101 -0.2810 -0.0000 100.0000
0.5400 98 101 -0.3397 -0.0000 100.0000
0.5412 98 101 -0.2883 -0.0000 100.0000
0.5425 98 101 -0.3411 -0.0000 100.0000
0.5438 98 101 -0.3677 -0.0000 100.0000
0.5451 98 101 -0.4546 -0.0000 100.0000
0.5463 98 101 -0.4667 -0.0000 100.0000
0.5476 98 101 -0.4650 -0.0000 100.0000
0.5489 98 101 -0.4226 -0.0000 100.0000
0.5502 98 101 -0.4734 -0.0000 100.0000
0.5514 98 101 -0.5408 -0.0000 100.0000
0.5527 98 101 -0.5183 -0.0000 100.0000
0.5540 98 101 -0.6056 -0.0000 100.0000
0.5552 98 101 -0.4717 -0.0000 100.0000
0.5565 98 101 -0.4043 -0.0000 100.0000
0.5578 98 101 -0.3111 -0.0000 100.0000
0.5590 98 101 -0.3641 -0.0000 100.0000
0.5603 98 101 -0.3914 -0.0000 100.0000
0.5616 98 101 -0.3888 -0.0000 100.0000
0.5628 98 101 -0.3596 -0.0000 100.0000
0.5641 98 101 -0.4046 -0.0000 100.0000
0.5654 98 101 -0.3940 -0.0000 100.0000
0.5667 98 101 -0.3361 -0.0000 100.0000
0.5679 98 101 -0.2835 -0.0000 100.0000
0.5692 98 101 -0.3517 -0.0000 100.0000
0.5705 98 101 -0.3347 -0.0000 100.0000
0.5718 98 101 -0.3781 -0.0000 100.0000
0.5730 98 101 -0.3802 -0.0000 100.0000
0.5743 98 101 -0.3903 -0.0000 100.0000
0.5755 98 101 -0.3458 -0.0000 100.0000
0.5768 98 101 -0.2576 -0.0000 100.0000
0.5780 98 101 -0.2323 -0.0000 100.0000
0.5793 98 101 -0.2427 -0.0000 100.0000
0.5806 98 101 -0.2460 -0.0000 100.0000
0.5818 98 101 -0.2305 -0.0000 100.0000
0.5831 98 101 -0.2146 -0.0000 100.0000
0.5844 98 101 -0.1665 -0.0000 100.0000
0.5857 98 101 -0.2870 -0.0000 100.0000
0.5869 98 101 -0.3350 -0.0000 100.0000
0.5882 98 101 -0.2130 -0.0000 100.0000
0.5895 98 101 -0.1459 -0.0000 100.0000
0.5908 98 101 -0.1312 -0.0000 100.0000
0.5921 98 101 -0.1380 -0.0000 100.0000
0.5933 98 101 -0.1420 -0.0000 100.0000
0.5946 98 101 -0.1565 -0.0000 100.0000
0.5959 98 101 -0.0628 -0.0000 100.0000
0.5972 98 101 -0.0083 -0.0000 100.0000
0.5984 98 101 -0.0167 -0.0000 100.0000
0.5997 98 101 -0.0077 -0.0000 100.0000
0.6010 98 101 0.0050 -0.0000 100.0000
0.6022 98 101 -0.0723 -0.0000 100.0000
0.6035 98 101 0.0402 -0.0000 100.0000
0.6048 98 101 -0.0641 -0.0000 100.0000
0.6060 98 101 -0.0023 -0.0000 100.0000
0.6073 98 101 0.0570 -0.0000 100.0000
0.6086 98 101 0.0448 -0.0000 100.0000
0.6098 98 101 0.0978 -0.0000 100.0000
0.6111 98 101 0.1166 -0.0000 100.0000
0.6124 98 101 0.0890 -0.0000 100.0000
0.6136 98 101 0.0730 -0.0000 100.0000
0.6149 98 101 0.0494 -0.0000 100.0000
0.6161 98 101 0.0206 -0.0000 100.0000
0.6174 98 101 0.1301 -0.0000 100.0000
0.6186 98 101 0.1523 -0.0000 100.0000
0.6199 98 101 0.2680 -0.0000 100.0000
0.6212 98 101 0.3307 -0.0000 100.0000
0.6224 98 101 0.3218 -0.0000 100.0000
0.6237 98 101 0.2547 -0.0000 100.0000
0.6250 98 101 0.2976 -0.0000 100.0000
0.6262 98 101 0.3359 -0.0000 100.0000
0.6275 98 101 0.3739 -0.0000 100.0000
0.6288 98 101 0.3987 -0.0000 100.0000
0.6300 98 101 0.4017 -0.0000 100.0000
0.6313 98 101 0.3812 -0.0000 100.0000
0.6326 98 101 0.3497 -0.0000 100.0000
0.6338 98 101 0.3265 -0.0000 100.0000
0.6351 98 101 0.3446 -0.0000 100.0000
0.6363 98 101 0.3006 -0.0000 100.0000
0.6376 98 101 0.3259 -0.0000 100.0000
0.6389 98 101 0.2518 -0.0000 100.0000
0.6401 98 101 0.3241 -0.0000 100.0000
0.6414 98 101 0.3711 -0.0000 100.0000
0.6427 98 101 0.3369 -0.0000 100.0000
0.6440 98 101 0.3394 -0.0000 100.0000
0.6452 98 101 0.3757 -0.0000 100.0000
0.6465 98 101 0.2789 -0.0000 100.0000
0.6477 98 101 0.2738 -0.0000 100.0000
0.6490 98 101 0.2862 -0.0000 100.0000
0.6503 98 101 0.2455 -0.0000 100.0000
0.6515 98 101 0.2041 -0.0000 100.0000
0.6528 98 101 0.2131 -0.0000 100.0000
0.6540 98 101 0.1761 -0.0000 100.0000
0.6553 98 101 0.1258 -0.0000 100.0000
0.6565 98 101 0.1139 -0.0000 100.0000
0.6578 98 101 0.0366 -0.0000 100.0000
0.6591 98 101 0.0472 -0.0000 100.0000
0.6603 98 101 0.0166 -0.0000 100.0000
0.6616 98 101 0.0398 -0.0000 100.0000
0.6629 98 101 0.0361 -0.0000 100.0000
0.6641 98 101 0.0792 -0.0000 100.0000
0.6654 98 101 0.0792 -0.0000 100.0000
0.6667 98 101 0.0687 -0.0000 100.0000
0.6679 98 101 0.1162 -0.0000 100.0000
0.6692 98 101 -0.0125 -0.0000 100.0000
0.6705 98 101 -0.0460 -0.0000 100.0000
0.6717 98 101 -0.1199 -0.0000 100.0000
0.6730 98 101 -0.1198 -0.0000 100.0000
0.6743 98 101 -0.0760 -0.0000 100.0000
0.6755 98 101 -0.1855 -0.0000 100.0000
0.6768 98 101 -0.3099 -0.0000 100.0000
0.6781 98 101 -0.1997 -0.0000 100.0000
0.6793 98 101 -0.3235 -0.0000 100.0000
0.6806 98 101 -0.2997 -0.0000 100.0000
0.6819 98 101 -0.3842 -0.0000 100.0000
0.6831 98 101 -0.2929 -0.0000 100.0000
0.6844 98 101 -0.2675 -0.0000 100.0000
0.6856 98 101 -0.1938 -0.0000 100.0000
0.6869 98 101 -0.2043 -0.0000 100.0000
0.6882 98 101 -0.2580 -0.0000 100.0000
0.6894 98 101 -0.2899 -0.0000 100.0000
0.6907 98 101 -0.3133 -0.0000 100.0000
0.6920 98 101 -0.3373 -0.0000 100.0000
0.6932 98 101 -0.3551 -0.0000 100.0000
0.6945 98 101 -0.3973 -0.0000 100.0000
0.6958 98 101 -0.5034 -0.0000 100.0000
0.6970 98 101 -0.5050 -0.0000 100.0000
0.6983 98 101 -0.5074 -0.0000 100.0000
0.6995 98 101 -0.5211 -0.0000 100.0000
0.7008 98 101 -0.6763 -0.0000 100.0000
0.7020 98 101 -0.7736 -0.0000 100.0000
0.7033 98 101 -0.7660 -0.0000 100.0000
0.7046 98 101 -0.7619 -0.0000 100.0000
0.7058 98 101 -0.8062 -0.0000 100.0000
0.7071 98 101 -0.8513 -0.0000 100.0000
0.7084 98 101 -0.7564 -0.0000 100.0000
0.7096 98 101 -0.6586 -0.0000 100.0000
0.7109 98 101 -0.6827 -0.0000 100.0000
0.7121 98 101 -0.6947 -0.0000 100.0000
0.7134 98 101 -0.7259 -0.0000 100.0000
0.7147 98 101 -0.7092 -0.0000 100.0000
0.7159 98 101 -0.6274 -0.0000 100.0000
0.7172 98 101 -0.5758 -0.0000 100.0000
0.7185 98 101 -0.5751 -0.0000 100.0000
0.7197 98 101 -0.6013 -0.0000 100.0000
0.7209 98 101 -0.6003 -0.0000 100.0000
0.7222 98 101 -0.5779 -0.0000 100.0000
0.7234 98 101 -0.6044 -0.0000 100.0000
0.7246 98 101 -0.4854 -0.0000 100.0000
0.7259 98 101 -0.3592 -0.0000 100.0000
0.7271 98 101 -0.3057 -0.0000 100.0000
0.7283 98 101 -0.2969 -0.0000 100.0000
0.7296 98 101 -0.3387 -0.0000 100.0000
0.7308 98 101 -0.2505 -0.0000 100.0000
0.7321 98 101 -0.1892 -0.0000 100.0000
0.7333 98 101 -0.1344 -0.0000 100.0000
0.7346 98 101 -0.1633 -0.0000 100.0000
0.7359 98 101 -0.1869 -0.0000 100.0000
0.7371 98 101 -0.1833 -0.0000 100.0000
0.7384 98 101 -0.1467 -0.0000 100.0000
0.7396 98 101 -0.1752 -0.0000 100.0000
0.7409 98 101 -0.2368 -0.0000 100.0000
0.7421 98 101 -0.2767 -0.0000 100.0000
0.7434 98 101 -0.2480 -0.0000 100.0000
0.7446 98 101 -0.2497 -0.0000 100.0000
0.7459 98 101 -0.2043 -0.0000 100.0000
0.7471 98 101 -0.1408 -0.0000 100.0000
0.7484 98 101 -0.1601 -0.0000 100.0000
0.7496 98 101 -0.1447 -0.0000 100.0000
0.7508 98 101 -0.1391 -0.0000 100.0000
0.7520 98 101 -0.1614 -0.0000 100.0000
0.7534 98 101 -0.1320 -0.0000 100.0000
0.7546 98 101 -0.2046 -0.0000 100.0000
0.7559 98 101 -0.2439 -0.0000 100.0000
0.7571 98 101 -0.2182 -0.0000 100.0000
0.7583 98 101 -0.2253 -0.0000 100.0000
0.7595 98 101 -0.1868 -0.0000 100.0000
0.7608 98 101 -0.2669 -0.0000 100.0000
0.7620 98 101 -0.2742 -0.0000 100.0000
0.7632 97 102 -0.2563 -0.0000 100.0000
0.7644 97 102 -0.1912 -0.0000 100.0000
0.7657 97 102 -0.2183 -0.0000 100.0000
0.7669 97 102 -0.2561 -0.0000 100.0000
0.7681 97 102 -0.3079 -0.0000 100.0000
0.7693 97 102 -0.2457 -0.0000 100.0000
0.7706 97 102 -0.1650 -0.0000 100.0000
0.7718 97 102 -0.1455 -0.0000 100.0000
0.7730 97 102 -0.1366 -0.0000 100.0000
0.7742 97 102 -0.1425 -0.0000 100.0000
0.7755 97 102 -0.1103 -0.0000 100.0000
0.7767 97 102 -0.0228 -0.0000 100.0000
0.7779 97 102 0.0057 -0.0000 100.0000
0.7791 97 102 0.0205 -0.0000 100.0000
0.7804 97 102 0.1164 -0.0000 100.0000
0.7816 97 102 0.1249 -0.0000 100.0000
0.7828 97 102 0.1517 -0.0000 100.0000
0.7840 97 102 0.0447 -0.0000 100.0000
0.7853 97 102 0.1023 -0.0000 100.0000
0.7865 97 102 0.1080 -0.0000 100.0000
0.7877 97 102 0.1217 -0.0000 100.0000
0.7890 97 102 0.1202 -0.0000 100.0000
0.7902 97 102 0.1472 -0.0000 100.0000
0.7915 97 102 0.1601 -0.0000 100.0000
0.7927 97 102 0.1245 -0.0000 100.0000
0.7940 97 102 0.1078 -0.0000 100.0000
0.7952 97 102 0.1297 -0.0000 100.0000
0.7965 97 102 0.0696 -0.0000 100.0000
0.7978 97 102 0.1411 -0.0000 100.0000
0.7990 97 102 0.1633 -0.0000 100.0000
0.8003 97 102 0.1252 -0.0000 100.0000
0.8015 98 101 0.1077 -0.0000 100.0000
0.8028 98 101 0.1895 -0.0000 100.0000
0.8040 98 101 0.2202 -0.0000 100.0000
0.8053 98 101 0.2802 -0.0000 100.0000
0.8065 98 101 0.2962 -0.0000 100.0000
0.8078 98 101 0.3380 -0.0000 100.0000
0.8090 98 101 0.4653 -0.0000 100.0000
0.8103 98 101 0.4791 -0.0000 100.0000
0.8115 98 101 0.3396 -0.0000 100.0000
0.8128 98 101 0.3286 -0.0000 100.0000
0.8140 98 101 0.3021 -0.0000 100.0000
0.8153 98 101 0.3053 -0.0000 100.0000
0.8165 98 101 0.2084 -0.0000 100.0000
0.8178 98 101 0.1750 -0.0000 100.0000
0.8190 98 101 0.1872 -0.0000 100.0000
0.8203 98 101 0.1168 -0.0000 100.0000
0.8215 98 101 0.1085 -0.0000 100.0000
0.8228 98 101 0.0357 -0.0000 100.0000
0.8241 98 101 -0.0466 -0.0000 100.0000
0.8253 98 101 -0.0764 -0.0000 100.0000
0.8266 98 101 -0.2067 -0.0000 100.0000
0.8278 98 101 -0.2129 -0.0000 100.0000
0.8291 98 101 -0.2137 -0.0000 100.0000
0.8303 98 101 -0.2393 -0.0000 100.0000
0.8316 98 101 -0.2995 -0.0000 100.0000
0.8328 98 101 -0.3361 -0.0000 100.0000
0.8341 98 101 -0.1785 -0.0000 100.0000
0.8353 98 101 -0.1237 -0.0000 100.0000
0.8366 98 101 -0.1886 -0.0000 100.0000
0.8378 98 101 -0.2486 -0.0000 100.0000
0.8391 98 101 -0.2683 -0.0000 100.0000
0.8403 98 101 -0.2091 -0.0000 100.0000
0.8416 98 101 -0.1055 -0.0000 100.0000
0.8429 98 101 -0.1616 -0.0000 100.0000
0.8441 98 101 -0.1047 -0.0000 100.0000
0.8454 98 101 -0.1218 -0.0000 100.0000
0.8466 98 101 -0.0737 -0.0000 100.0000
0.8479 98 101 -0.0174 -0.0000 100.0000
0.8491 98 101 -0.0086 -0.0000 100.0000
0.8504 98 101 -0.0483 -0.0000 100.0000
0.8516 98 101 -0.1201 -0.0000 100.0000
0.8529 98 101 -0.1431 -0.0000 100.0000
0.8541 98 101 -0.1296 -0.0000 100.0000
0.8554 98 101 -0.0496 -0.0000 100.0000
0.8567 98 101 -0.0123 -0.0000 100.0000
0.8579 98 101 -0.0507 -0.0000 100.0000
0.8592 98 101 -0.1026 -0.0000 100.0000
0.8604 98 101 -0.0306 -0.0000 100.0000
0.8617 98 101 -0.1099 -0.0000 100.0000
0.8629 98 101 -0.0873 -0.0000 100.0000
0.8642 98 101 0.0082 -0.0000 100.0000
0.8654 98 101 0.1091 -0.0000 100.0000
0.8667 98 101 0.2013 -0.0000 100.0000
0.8679 98 101 0.1057 -0.0000 100.0000
0.8692 98 101 0.1441 -0.0000 100.0000
0.8704 98 101 0.0597 -0.0000 100.0000
0.8717 98 101 0.1807 -0.0000 100.0000
0.8729 98 101 0.2138 -0.0000 100.0000
0.8742 98 101 0.1645 -0.0000 100.0000
0.8754 98 101 0.1239 -0.0000 100.0000
0.8767 98 101 0.0817 -0.0000 100.0000
0.8779 98 101 0.1025 -0.0000 100.0000
0.8792 98 101 0.0345 -0.0000 100.0000
0.8805 98 101 -0.0338 -0.0000 100.0000
0.8817 98 101 -0.0403 -0.0000 100.0000
0.8830 98 101 -0.0759 -0.0000 100.0000
0.8842 98 101 -0.0508 -0.0000 100.0000
0.8855 98 101 -0.1491 -0.0000 100.0000
0.8867 98 101 -0.1373 -0.0000 100.0000
0.8880 98 101 -0.1167 -0.0000 100.0000
0.8892 98 101 -0.1363 -0.0000 100.0000
0.8905 98 101 -0.1480 -0.0000 100.0000
0.8917 98 101 -0.1261 -0.0000 100.0000
0.8930 98 101 -0.0596 -0.0000 100.0000
0.8943 98 101 -0.0785 -0.0000 100.0000
0.8955 98 101 -0.0986 -0.0000 100.0000
0.8968 98 101 -0.0169 -0.0000 100.0000
0.8980 98 101 0.0017 -0.0000 100.0000
0.8993 98 101 0.0711 -0.0000 100.0000
0.9005 98 101 0.0750 -0.0000 100.0000
0.9018 98 101 0.1965 -0.0000 100.0000
0.9030 98 101 0.1829 -0.0000 100.0000
0.9043 98 101 0.2609 -0.0000 100.0000
0.9055 98 101 0.2993 -0.0000 100.0000
0.9068 98 101 0.2618 -0.0000 100.0000
0.9080 98 101 0.3262 -0.0000 100.0000
0.9093 98 101 0.2779 -0.0000 100.0000
0.9105 98 101 0.3168 -0.0000 100.0000
0.9118 98 101 0.4225 -0.0000 100.0000
0.9131 98 101 0.4615 -0.0000 100.0000
0.9143 98 101 0.4840 -0.0000 100.0000
0.9156 98 101 0.4896 -0.0000 100.0000
0.9168 98 101 0.5295 -0.0000 100.0000
0.9181 98 101 0.5349 -0.0000 100.0000
0.9193 98 101 0.5462 -0.0000 100.0000
0.9205 98 101 0.4807 -0.0000 100.0000
0.9218 98 101 0.5595 -0.0000 100.0000
0.9230 98 101 0.5789 -0.0000 100.0000
0.9242 98 101 0.6663 -0.0000 100.0000
0.9255 98 101 0.6520 -0.0000 100.0000
0.9267 98 101 0.7027 -0.0000 100.0000
0.9279 98 101 0.6794 -0.0000 100.0000
0.9292 98 101 0.7544 -0.0000 100.0000
0.9304 98 101 0.7952 -0.0000 100.0000
0.9317 98 101 0.7854 -0.0000 100.0000
0.9330 98 101 0.8209 -0.0000 100.0000
0.9342 98 101 0.8721 -0.0000 100.0000
0.9355 98 101 0.9229 -0.0000 100.0000
0.9367 98 101 1.0169 -0.0000 100.0000
0.9380 98 101 1.0243 -0.0000 100.0000
0.9392 98 101 1.0977 -0.0000 100.0000
0.9405 98 101 1.1587 -0.0000 100.0000
0.9417 98 101 1.2515 -0.0000 100.0000
0.9430 98 101 1.2875 -0.0000 100.0000
0.9442 98 101 1.2455 -0.0000 100.0000
0.9455 98 101 1.2059 -0.0000 100.0000
0.9467 98 101 1.1002 -0.0000 100.0000
0.9480 98 101 1.0627 -0.0000 100.0000
0.9493 98 101 1.0785 -0.0000 100.0000
0.9505 98 101 1.0571 -0.0000 100.0000
0.9518 98 101 0.9970 -0.0000 100.0000
0.9531 98 101 0.8878 -0.0000 100.0000
0.9543 98 101 0.9122 -0.0000 100.0000
0.9556 98 101 0.8838 -0.0000 100.0000
0.9568 98 101 0.7921 -0.0000 100.0000
0.9581 98 101 0.7930 -0.0000 100.0000
0.9593 98 101 0.7165 -0.0000 100.0000
0.9606 98 101 0.6819 -0.0000 100.0000
0.9618 98 101 0.6233 -0.0000 100.0000
0.9631 98 101 0.5674 -0.0000 100.0000
0.9644 98 101 0.5366 -0.0000 100.0000
0.9656 98 101 0.5448 -0.0000 100.0000
0.9669 98 101 0.6498 -0.0000 100.0000
0.9681 98 101 0.6393 -0.0000 100.0000
0.9694 98 101 0.6162 -0.0000 100.0000
0.9706 98 101 0.6360 -0.0000 100.0000
0.9719 98 101 0.5985 -0.0000 100.0000
0.9732 98 101 0.5973 -0.0000 100.0000
0.9744 98 101 0.5657 -0.0000 100.0000
0.9757 98 101 0.5633 -0.0000 100.0000
0.9770 98 101 0.5721 -0.0000 100.0000
0.9783 98 101 0.6075 -0.0000 100.0000
0.9796 98 101 0.5875 -0.0000 100.0000
0.9808 98 101 0.5056 -0.0000 100.0000
0.9821 98 101 0.5462 -0.0000 100.0000
0.9834 98 101 0.6009 -0.0000 100.0000
0.9847 98 101 0.5790 -0.0000 100.0000
0.9860 98 101 0.6627 -0.0000 100.0000
0.9873 98 101 0.6166 -0.0000 100.0000
0.9886 98 101 0.4687 -0.0000 100.0000
0.9898 98 101 0.4820 -0.0000 100.0000
0.9911 98 101 0.4473 -0.0000 100.0000
0.9924 98 101 0.3981 -0.0000 100.0000
0.9937 98 101 0.3976 -0.0000 100.0000
0.9949 98 101 0.3800 -0.0000 100.0000
0.9962 98 101 0.3376 -0.0000 100.0000
0.9975 98 101 0.2892 -0.0000 100.0000
0.9987 98 101 0.3053 -0.0000 100.0000
1.0000 98 101 0.2813 -0.0000 100.0000
1.0012 98 101 0.2438 -0.0000 100.0000
1.0025 98 101 0.2231 -0.0000 100.0000
1.0037 98 101 0.1489 -0.0000 100.0000
1.0050 98 101 0.2005 -0.0000 100.0000
1.0062 98 101 0.1527 -0.0000 100.0000
1.0075 98 101 0.1640 -0.0000 100.0000
1.0087 98 101 0.1027 -0.0000 100.0000
1.0100 98 101 0.0097 -0.0000 100.0000
1.0112 98 101 0.1043 -0.0000 100.0000
1.0125 98 101 0.0666 -0.0000 100.0000
1.0137 98 101 0.0332 -0.0000 100.0000
1.0150 98 101 -0.0039 -0.0000 100.0000
1.0163 98 101 0.0592 -0.0000 100.0000
1.0175 98 101 0.0920 -0.0000 100.0000
1.0188 98 101 0.1030 -0.0000 100.0000
1.0200 98 101 0.0962 -0.0000 100.0000
1.0213 98 101 0.0750 -0.0000 100.0000
1.0225 98 101 0.0828 -0.0000 100.0000
1.0237 98 101 0.0429 -0.0000 100.0000
1.0250 98 101 0.1306 -0.0000 100.0000
1.0263 98 101 0.2149 -0.0000 100.0000
1.0275 98 101 0.2234 -0.0000 100.0000
1.0288 98 101 0.0716 -0.0000 100.0000
1.0301 98 101 0.0722 -0.0000 100.0000
1.0313 98 101 0.1146 -0.0000 100.0000
1.0326 98 101 0.1190 -0.0000 100.0000
1.0339 98 101 0.0750 -0.0000 100.0000
1.0352 98 101 0.0534 -0.0000 100.0000
1.0365 98 101 -0.0024 -0.0000 100.0000
1.0377 98 101 0.0850 -0.0000 100.0000
1.0390 98 101 0.1604 -0.0000 100.0000
1.0403 98 101 0.1362 -0.0000 100.0000
1.0415 98 101 0.0231 -0.0000 100.0000
1.0428 98 101 0.0069 -0.0000 100.0000
1.0440 98 101 0.0606 -0.0000 100.0000
1.0453 98 101 0.1222 -0.0000 100.0000
1.0465 98 101 0.1115 -0.0000 100.0000
1.0477 98 101 0.0040 -0.0000 100.0000
1.0490 98 101 -0.0037 -0.0000 100.0000
1.0502 98 101 0.0757 -0.0000 100.0000
1.0515 98 101 0.1210 -0.0000 100.0000
1.0527 98 101 0.1391 -0.0000 100.0000
1.0540 98 101 0.1336 -0.0000 100.0000
1.0552 98 101 0.0725 -0.0000 100.0000
1.0565 98 101 0.0051 -0.0000 100.0000
1.0578 98 101 -0.0174 -0.0000 100.0000
1.0590 98 101 -0.1507 -0.0000 100.0000
1.0603 98 101 -0.1192 -0.0000 100.0000
1.0615 98 101 -0.0082 -0.0000 100.0000
1.0628 98 101 -0.1414 -0.0000 100.0000
1.0640 98 101 -0.1131 -0.0000 100.0000
1.0653 98 101 -0.0155 -0.0000 100.0000
1.0665 98 101 -0.1158 -0.0000 100.0000
1.0678 98 101 -0.1207 -0.0000 100.0000
1.0691 98 101 -0.0500 -0.0000 100.0000
1.0703 100 103 -0.0699 -0.0000 102.3438
1.0716 100 103 -0.1781 -0.0000 102.3438
1.0729 100 103 -0.2863 -0.0000 102.3438
1.0741 100 103 -0.2954 -0.0000 102.3438
1.0754 100 103 -0.2672 -0.0000 102.3438
1.0767 100 103 -0.2428 -0.0000 102.3438
1.0780 100 103 -0.3005 -0.0000 102.3438
1.0793 100 103 -0.3452 -0.0000 102.3438
1.0806 100 103 -0.3232 -0.0000 102.3438
1.0819 100 103 -0.3053 -0.0000 102.3438
1.0831 100 103 -0.2214 -0.0000 102.3438
1.0844 100 103 -0.1761 -0.0000 102.3438
1.0857 100 103 -0.0496 -0.0000 102.3438
1.0869 100 103 -0.0106 -0.0000 102.3438
1.0882 100 103 0.0355 -0.0000 102.3438
1.0895 100 103 0.1016 -0.0000 102.3438
1.0908 100 103 0.1708 -0.0000 102.3438
1.0921 100 103 0.1301 -0.0000 102.3438
1.0934 100 103 0.1496 -0.0000 102.3438
1.0946 100 103 0.0646 -0.0000 102.3438
1.0959 100 103 -0.0615 -0.0000 102.3438
1.0972 100 103 -0.1244 -0.0000 102.3438
1.0985 100 103 -0.2058 -0.0000 102.3438
1.0998 100 103 -0.2509 -0.0000 102.3438
1.1011 100 103 -0.3239 -0.0000 102.3438
1.1023 100 103 -0.3266 -0.0000 102.3438
1.1036 100 103 -0.3293 -0.0000 102.3438
1.1048 100 103 -0.2944 -0.0000 102.3438
1.1061 100 103 -0.2608 -0.0000 102.3438
1.1074 100 103 -0.2778 -0.0000 102.3438
1.1087 100 103 -0.1741 -0.0000 102.3438
1.1099 100 103 -0.2040 -0.0000 102.3438
1.1112 109 112 -0.1813 -0.0000 110.9375
1.1125 109 112 -0.1744 -0.0000 110.9375
1.1138 109 112 -0.1720 -0.0000 110.9375
1.1151 109 112 -0.2010 -0.0000 110.9375
1.1164 109 112 -0.1836 -0.0000 110.9375
1.1176 109 112 -0.1585 -0.0000 110.9375
1.1189 109 112 -0.2278 -0.0000 110.9375
1.1202 109 112 -0.1902 -0.0000 110.9375
1.1214 109 112 -0.1729 -0.0000 110.9375
1.1227 109 112 -0.1620 -0.0000 110.9375
1.1240 109 112 -0.1430 -0.0000 110.9375
1.1252 109 112 -0.0783 -0.0000 110.9375
1.1265 109 112 -0.0682 -0.0000 110.9375
1.1278 109 112 -0.0883 -0.0000 110.9375
1.1291 109 112 -0.1389 -0.0000 110.9375
1.1304 109 112 -0.1302 -0.0000 110.9375
1.1317 109 112 -0.1485 -0.0000 110.9375
1.1330 109 112 -0.2318 -0.0000 110.9375
1.1342 109 112 -0.3529 -0.0000 110.9375
1.1355 109 112 -0.2861 -0.0000 110.9375
1.1368 109 112 -0.3496 -0.0000 110.9375
1.1381 109 112 -0.3645 -0.0000 110.9375
1.1394 109 112 -0.3538 -0.0000 110.9375
1.1406 109 112 -0.4109 -0.0000 110.9375
1.1419 109 112 -0.4075 -0.0000 110.9375
1.1431 109 112 -0.4676 -0.0000 110.9375
1.1444 109 112 -0.3821 -0.0000 110.9375
1.1456 109 112 -0.3276 -0.0000 110.9375
1.1469 109 112 -0.3002 -0.0000 110.9375
1.1482 109 112 -0.2743 -0.0000 110.9375
1.1495 109 112 -0.1540 -0.0000 110.9375
1.1507 109 112 -0.1780 -0.0000 110.9375
1.1520 109 112 -0.1738 -0.0000 110.9375
1.1533 109 112 -0.1965 -0.0000 110.9375
1.1546 109 112 -0.1697 -0.0000 110.9375
1.1558 109 112 -0.1639 -0.0000 110.9375
1.1571 109 112 -0.1887 -0.0000 110.9375
1.1584 109 112 -0.1469 -0.0000 110.9375
1.1596 109 112 -0.2266 -0.0000 110.9375
1.1609 109 112 -0.2532 -0.0000 110.9375
1.1622 109 112 -0.2231 -0.0000 110.9375
1.1635 109 112 -0.3504 -0.0000 110.9375
1.1648 109 112 -0.4076 -0.0000 110.9375
1.1660 109 112 -0.5542 -0.0000 110.9375
1.1673 121 124 -0.3885 -0.0000 122.6562
1.1687 121 124 -0.2484 -0.0000 122.6562
1.1699 121 124 -0.1959 -0.0000 122.6562
1.1712 121 124 -0.1993 -0.0000 122.6562
1.1725 121 124 -0.2019 -0.0000 122.6562
1.1738 121 124 -0.1815 -0.0000 122.6562
1.1751 121 124 -0.1434 -0.0000 122.6562
1.1763 121 124 -0.1527 -0.0000 122.6562
1.1776 121 124 -0.1457 -0.0000 122.6562
1.1789 121 124 -0.1911 -0.0000 122.6562
1.1802 121 124 -0.1884 -0.0000 122.6562
1.1814 121 124 -0.0799 -0.0000 122.6562
1.1827 121 124 -0.1366 -0.0000 122.6562
1.1840 121 124 -0.1191 -0.0000 122.6562
1.1852 121 124 -0.1887 -0.0000 122.6562
1.1865 121 124 -0.2569 -0.0000 122.6562
1.1877 121 124 -0.3192 -0.0000 122.6562
1.1890 121 124 -0.2407 -0.0000 122.6562
1.1903 121 124 -0.3458 -0.0000 122.6562
1.1916 121 124 -0.3365 -0.0000 122.6562
1.1929 121 124 -0.3194 -0.0000 122.6562
1.1941 121 124 -0.2939 -0.0000 122.6562
1.1954 121 124 -0.2670 -0.0000 122.6562
1.1967 120 124 -0.2912 -0.0000 122.6562
1.1980 120 124 -0.3195 -0.0000 122.6562
1.1992 120 124 -0.3406 -0.0000 122.6562
1.2005 120 124 -0.3705 -0.0000 122.6562
1.2018 120 124 -0.3704 -0.0000 122.6562
1.2031 120 124 -0.3835 -0.0000 122.6562
1.2044 120 124 -0.3780 -0.0000 122.6562
1.2056 120 124 -0.3273 -0.0000 122.6562
1.2069 120 124 -0.2698 -0.0000 122.6562
1.2082 120 124 -0.2929 -0.0000 122.6562
1.2095 120 124 -0.1416 -0.0000 122.6562
1.2108 120 124 -0.1024 -0.0000 122.6562
1.2120 120 124 -0.2462 -0.0000 122.6562
1.2133 120 124 -0.3169 -0.0000 122.6562
1.2146 120 124 -0.3831 -0.0000 122.6562
1.2159 120 124 -0.3439 -0.0000 122.6562
1.2171 120 124 -0.2960 -0.0000 122.6562
1.2184 120 124 -0.2640 -0.0000 122.6562
1.2197 120 124 -0.2008 -0.0000 122.6562
1.2209 120 124 -0.2324 -0.0000 122.6562
1.2222 120 124 -0.1619 -0.0000 122.6562
1.2235 127 130 -0.2514 -0.0000 128.9062
1.2248 127 130 -0.2423 -0.0000 128.9062
1.2260 127 130 -0.2778 -0.0000 128.9062
1.2273 127 130 -0.3196 -0.0000 128.9062
1.2286 127 130 -0.3152 -0.0000 128.9062
1.2299 127 130 -0.2949 -0.0000 128.9062
1.2311 127 130 -0.2467 -0.0000 128.9062
1.2324 127 130 -0.2424 -0.0000 128.9062
1.2337 127 130 -0.2856 -0.0000 128.9062
1.2350 127 130 -0.2824 -0.0000 128.9062
1.2363 127 130 -0.3287 -0.0000 128.9062
1.2376 127 130 -0.2761 -0.0000 128.9062
1.2388 127 130 -0.2651 -0.0000 128.9062
1.2401 127 130 -0.3183 -0.0000 128.9062
1.2414 127 130 -0.3238 -0.0000 128.9062
1.2427 127 130 -0.2994 -0.0000 128.9062
1.2439 127 130 -0.3288 -0.0000 128.9062
1.2452 127 130 -0.3156 -0.0000 128.9062
1.2465 127 130 -0.3609 -0.0000 128.9062
1.2477 127 130 -0.3077 -0.0000 128.9062
1.2489 127 130 -0.2710 -0.0000 128.9062
1.2502 127 130 -0.1782 -0.0000 128.9062
1.2515 127 130 -0.1742 -0.0000 128.9062
1.2527 127 130 -0.2050 -0.0000 128.9062
1.2539 127 130 -0.2671 -0.0000 128.9062
1.2552 127 130 -0.3200 -0.0000 128.9062
1.2564 127 130 -0.3480 -0.0000 128.9062
1.2577 127 130 -0.3571 -0.0000 128.9062
1.2589 127 130 -0.3631 -0.0000 128.9062
1.2602 127 130 -0.3508 -0.0000 128.9062
1.2615 127 130 -0.3033 -0.0000 128.9062
1.2628 127 130 -0.4021 -0.0000 128.9062
1.2640 127 130 -0.4693 -0.0000 128.9062
1.2653 127 130 -0.4783 -0.0000 128.9062
1.2666 127 130 -0.5021 -0.0000 128.9062
1.2678 127 130 -0.5241 -0.0000 128.9062
1.2691 127 130 -0.5198 -0.0000 128.9062
1.2704 127 130 -0.5103 -0.0000 128.9062
1.2716 127 130 -0.5002 -0.0000 128.9062
1.2730 127 130 -0.4830 -0.0000 128.9062
1.2743 127 130 -0.4865 -0.0000 128.9062
1.2755 127 130 -0.5199 -0.0000 128.9062
1.2768 127 130 -0.6228 -0.0000 128.9062
1.2780 127 130 -0.6334 -0.0000 128.9062
1.2793 127 130 -0.6684 -0.0000 128.9062
1.2806 127 130 -0.6811 -0.0000 128.9062
1.2819 127 130 -0.7002 -0.0000 128.9062
1.2831 127 130 -0.6404 -0.0000 128.9062
1.2844 126 130 -0.7050 -0.0000 128.9062
1.2857 126 130 -0.6528 -0.0000 128.9062
1.2870 126 130 -0.6525 -0.0000 128.9062
1.2882 126 130 -0.6136 -0.0000 128.9062
1.2895 133 137 -0.6126 -0.0000 135.1562
1.2908 133 137 -0.5401 -0.0000 135.1562
1.2920 133 137 -0.5716 -0.0000 135.1562
1.2934 133 137 -0.5188 -0.0000 135.1562
1.2947 133 137 -0.5078 -0.0000 135.1562
1.2960 133 137 -0.5182 -0.0000 135.1562
1.2972 133 137 -0.6094 -0.0000 135.1562
1.2985 133 137 -0.6430 -0.0000 135.1562
1.2998 133 137 -0.6389 -0.0000 135.1562
1.3010 133 137 -0.6771 -0.0000 135.1562
1.3023 133 137 -0.6611 -0.0000 135.1562
1.3036 133 137 -0.5753 -0.0000 135.1562
1.3049 133 137 -0.6227 -0.0000 135.1562
1.3061 133 137 -0.6989 -0.0000 135.1562
1.3074 133 137 -0.7137 -0.0000 135.1562
1.3087 133 137 -0.7722 -0.0000 135.1562
1.3099 133 137 -0.7898 -0.0000 135.1562
1.3112 133 137 -0.7606 -0.0000 135.1562
1.3124 133 137 -0.7427 -0.0000 135.1562
1.3136 133 137 -0.7230 -0.0000 135.1562
1.3149 133 137 -0.6859 -0.0000 135.1562
1.3162 133 137 -0.5088 -0.0000 135.1562
1.3174 133 137 -0.4950 -0.0000 135.1562
1.3187 133 137 -0.5472 -0.0000 135.1562
1.3200 133 137 -0.5817 -0.0000 135.1562
1.3213 133 137 -0.5393 -0.0000 135.1562
1.3225 133 137 -0.5850 -0.0000 135.1562
1.3238 133 137 -0.5399 -0.0000 135.1562
1.3251 133 137 -0.5332 -0.0000 135.1562
1.3263 133 137 -0.5750 -0.0000 135.1562
1.3276 133 137 -0.5845 -0.0000 135.1562
1.3289 133 137 -0.5546 -0.0000 135.1562
1.3302 133 137 -0.5432 -0.0000 135.1562
1.3315 133 137 -0.6001 -0.0000 135.1562
1.3327 133 137 -0.5635 -0.0000 135.1562
1.3340 133 137 -0.5779 -0.0000 135.1562
1.3353 133 137 -0.5941 -0.0000 135.1562
1.3366 132 137 -0.6123 -0.0000 135.1562
1.3378 132 137 -0.5622 -0.0000 135.1562
1.3391 132 137 -0.6122 -0.0000 135.1562
1.3404 132 137 -0.6611 -0.0000 135.1562
1.3417 132 137 -0.6483 -0.0000 135.1562
1.3430 132 137 -0.5607 -0.0000 135.1562
1.3442 132 137 -0.4977 -0.0000 135.1562
1.3455 132 137 -0.4473 -0.0000 135.1562
1.3468 136 141 -0.5212 -0.0000 139.0625
1.3480 136 141 -0.5542 -0.0000 139.0625
1.3493 136 141 -0.5193 -0.0000 139.0625
1.3506 136 141 -0.5664 -0.0000 139.0625
1.3518 136 141 -0.5530 -0.0000 139.0625
1.3531 136 141 -0.5229 -0.0000 139.0625
1.3544 136 141 -0.4655 -0.0000 139.0625
1.3556 136 141 -0.4251 -0.0000 139.0625
1.3569 136 141 -0.4430 -0.0000 139.0625
1.3581 136 141 -0.4298 -0.0000 139.0625
1.3594 136 141 -0.3521 -0.0000 139.0625
1.3606 136 141 -0.3400 -0.0000 139.0625
1.3619 136 141 -0.3306 -0.0000 139.0625
1.3632 136 141 -0.2772 -0.0000 139.0625
1.3644 136 141 -0.2038 -0.0000 139.0625
1.3657 136 141 -0.1416 -0.0000 139.0625
1.3669 136 141 -0.1373 -0.0000 139.0625
1.3682 136 141 -0.0798 -0.0000 139.0625
1.3695 136 141 -0.0513 -0.0000 139.0625
1.3707 136 141 -0.0658 -0.0000 139.0625
1.3720 136 141 -0.0168 -0.0000 139.0625
1.3733 136 141 -0.0018 -0.0000 139.0625
1.3745 136 141 0.0198 -0.0000 139.0625
1.3758 136 141 -0.0004 -0.0000 139.0625
1.3771 136 141 -0.0078 -0.0000 139.0625
1.3784 136 141 -0.0033 -0.0000 139.0625
1.3796 136 141 -0.0047 -0.0000 139.0625
1.3809 136 141 0.0522 -0.0000 139.0625
1.3822 136 141 -0.0048 -0.0000 139.0625
1.3834 136 141 -0.0467 -0.0000 139.0625
1.3847 136 141 -0.0761 -0.0000 139.0625
1.3860 136 141 -0.1378 -0.0000 139.0625
1.3873 136 141 -0.1493 -0.0000 139.0625
1.3886 136 141 -0.1755 -0.0000 139.0625
1.3898 136 141 -0.1987 -0.0000 139.0625
1.3911 136 141 -0.2381 -0.0000 139.0625
1.3923 136 141 -0.1643 -0.0000 139.0625
1.3937 136 141 -0.1141 -0.0000 139.0625
1.3949 136 141 -0.1692 -0.0000 139.0625
1.3962 136 141 -0.1631 -0.0000 139.0625
1.3975 136 141 -0.1371 -0.0000 139.0625
1.3988 135 140 -0.1695 -0.0000 138.2812
1.4000 135 140 -0.2092 -0.0000 138.2812
1.4013 135 140 -0.2078 -0.0000 138.2812
1.4025 135 140 -0.1873 -0.0000 138.2812
1.4039 135 140 -0.2757 -0.0000 138.2812
1.4051 135 140 -0.2445 -0.0000 138.2812
1.4064 135 140 -0.2785 -0.0000 138.2812
1.4077 135 140 -0.1737 -0.0000 138.2812
1.4089 135 140 -0.0675 -0.0000 138.2812
1.4102 135 140 -0.0708 -0.0000 138.2812
1.4115 135 140 -0.0593 -0.0000 138.2812
1.4127 135 140 -0.0781 -0.0000 138.2812
1.4140 135 140 -0.0581 -0.0000 138.2812
1.4153 135 140 -0.1035 -0.0000 138.2812
1.4166 135 140 -0.0781 -0.0000 138.2812
1.4179 135 140 -0.0678 -0.0000 138.2812
1.4192 135 140 -0.0561 -0.0000 138.2812
1.4204 135 140 -0.1344 -0.0000 138.2812
1.4217 135 140 -0.1353 -0.0000 138.2812
1.4230 135 140 -0.1436 -0.0000 138.2812
1.4243 135 140 -0.2219 -0.0000 138.2812
1.4255 135 140 -0.1770 -0.0000 138.2812
1.4268 135 140 -0.1734 -0.0000 138.2812
1.4281 135 140 -0.1239 -0.0000 138.2812
1.4293 135 140 -0.0475 -0.0000 138.2812
1.4306 135 140 -0.0682 -0.0000 138.2812
1.4319 135 140 -0.0190 -0.0000 138.2812
1.4332 135 140 -0.0402 -0.0000 138.2812
1.4345 135 140 -0.0129 -0.0000 138.2812
1.4358 135 140 0.0392 -0.0000 138.2812
1.4371 135 140 0.0470 -0.0000 138.2812
1.4384 135 140 0.0777 -0.0000 138.2812
1.4396 135 140 0.0732 -0.0000 138.2812
1.4409 135 140 0.1110 -0.0000 138.2812
1.4421 135 140 0.1785 -0.0000 138.2812
1.4434 135 140 0.2133 -0.0000 138.2812
1.4446 135 140 0.1792 -0.0000 138.2812
1.4459 135 140 0.0281 -0.0000 138.2812
1.4471 135 140 0.1063 -0.0000 138.2812
1.4484 135 140 0.1115 -0.0000 138.2812
1.4497 135 140 0.1119 -0.0000 138.2812
1.4510 135 140 0.0998 -0.0000 138.2812
1.4522 135 140 0.1261 -0.0000 138.2812
1.4535 135 140 0.1489 -0.0000 138.2812
1.4548 135 140 0.0822 -0.0000 138.2812
1.4561 139 144 0.0842 -0.0000 142.1875
1.4574 139 144 -0.0030 -0.0000 142.1875
1.4587 139 144 0.0149 -0.0000 142.1875
1.4600 139 144 -0.0862 -0.0000 142.1875
1.4613 139 144 -0.0631 -0.0000 142.1875
1.4626 139 144 -0.0140 -0.0000 142.1875
1.4639 139 144 0.0484 -0.0000 142.1875
1.4651 139 144 0.0862 -0.0000 142.1875
1.4664 139 144 0.0683 -0.0000 142.1875
1.4677 139 144 0.0871 -0.0000 142.1875
1.4690 139 144 0.1490 -0.0000 142.1875
1.4703 139 144 0.1924 -0.0000 142.1875
1.4716 139 144 0.2730 -0.0000 142.1875
1.4728 139 144 0.3079 -0.0000 142.1875
1.4741 139 144 0.3139 -0.0000 142.1875
1.4754 139 144 0.3900 -0.0000 142.1875
1.4767 139 144 0.4304 -0.0000 142.1875
1.4780 139 144 0.3685 -0.0000 142.1875
1.4793 139 144 0.2891 -0.0000 142.1875
1.4805 139 144 0.2718 -0.0000 142.1875
1.4818 139 144 0.2196 -0.0000 142.1875
1.4831 139 144 0.1715 -0.0000 142.1875
1.4843 139 144 0.1878 -0.0000 142.1875
1.4856 139 144 0.2349 -0.0000 142.1875
1.4869 139 144 0.2708 -0.0000 142.1875
1.4882 139 144 0.2312 -0.0000 142.1875
1.4895 139 144 0.2609 -0.0000 142.1875
1.4907 139 144 0.2030 -0.0000 142.1875
1.4920 139 144 0.2004 -0.0000 142.1875
1.4933 139 144 0.2526 -0.0000 142.1875
1.4946 139 144 0.2806 -0.0000 142.1875
1.4958 139 144 0.2893 -0.0000 142.1875
1.4971 139 144 0.2993 -0.0000 142.1875
1.4984 139 144 0.2703 -0.0000 142.1875
1.4997 139 144 0.2344 -0.0000 142.1875
1.5009 139 144 0.2804 -0.0000 142.1875
1.5022 139 144 0.2524 -0.0000 142.1875
1.5034 139 144 0.2933 -0.0000 142.1875
1.5047 139 144 0.2186 -0.0000 142.1875
1.5059 139 144 0.2275 -0.0000 142.1875
1.5072 139 144 0.2386 -0.0000 142.1875
1.5084 139 144 0.2606 -0.0000 142.1875
1.5097 139 144 0.2316 -0.0000 142.1875
1.5110 149 153 0.2000 -0.0000 151.5625
1.5123 149 153 0.2035 -0.0000 151.5625
1.5136 149 153 0.1349 -0.0000 151.5625
1.5148 149 153 0.0911 -0.0000 151.5625
1.5161 149 153 -0.0171 -0.0000 151.5625
1.5174 149 153 -0.1043 -0.0000 151.5625
1.5187 149 153 0.0113 -0.0000 151.5625
1.5200 149 153 -0.0361 -0.0000 151.5625
1.5213 149 153 -0.0077 -0.0000 151.5625
1.5226 149 153 -0.0549 -0.0000 151.5625
1.5238 149 153 -0.0257 -0.0000 151.5625
1.5251 149 153 -0.0809 -0.0000 151.5625
1.5265 149 153 -0.0365 -0.0000 151.5625
1.5278 149 153 -0.0713 -0.0000 151.5625
1.5290 149 153 -0.1344 -0.0000 151.5625
1.5303 149 153 -0.0927 -0.0000 151.5625
1.5316 149 153 -0.1733 -0.0000 151.5625
1.5329 149 153 -0.0568 -0.0000 151.5625
1.5341 149 153 -0.0472 -0.0000 151.5625
1.5354 149 153 -0.0756 -0.0000 151.5625
1.5367 149 153 -0.0986 -0.0000 151.5625
1.5380 149 153 -0.1583 -0.0000 151.5625
1.5393 149 153 0.0003 -0.0000 151.5625
1.5406 149 153 -0.0574 -0.0000 151.5625
1.5418 149 153 -0.0264 -0.0000 151.5625
1.5431 149 153 0.0427 -0.0000 151.5625
1.5444 149 153 0.0132 -0.0000 151.5625
1.5456 149 153 -0.0158 -0.0000 151.5625
1.5469 149 153 0.0074 -0.0000 151.5625
1.5482 149 153 0.0414 -0.0000 151.5625
1.5494 149 153 0.1929 -0.0000 151.5625
1.5507 149 153 0.2235 -0.0000 151.5625
1.5521 149 153 0.1951 -0.0000 151.5625
1.5533 149 153 0.1460 -0.0000 151.5625
1.5546 149 153 0.2392 -0.0000 151.5625
1.5559 149 153 0.2764 -0.0000 151.5625
1.5572 149 153 0.3200 -0.0000 151.5625
1.5585 149 153 0.2870 -0.0000 151.5625
1.5598 149 153 0.3054 -0.0000 151.5625
1.5610 149 153 0.2703 -0.0000 151.5625
1.5623 149 153 0.2496 -0.0000 151.5625
1.5636 149 153 0.2091 -0.0000 151.5625
1.5648 149 153 0.0626 -0.0000 151.5625
1.5662 149 153 0.0314 -0.0000 151.5625
1.5674 155 160 0.0412 -0.0000 157.8125
1.5687 155 160 0.0075 -0.0000 157.8125
1.5700 155 160 0.0418 -0.0000 157.8125
1.5713 155 160 -0.0091 -0.0000 157.8125
1.5726 155 160 -0.0459 -0.0000 157.8125
1.5739 155 160 -0.1007 -0.0000 157.8125
1.5752 155 160 -0.0976 -0.0000 157.8125
1.5764 155 160 -0.1072 -0.0000 157.8125
1.5777 155 160 -0.1853 -0.0000 157.8125
1.5790 155 160 -0.2617 -0.0000 157.8125
1.5803 155 160 -0.3489 -0.0000 157.8125
1.5815 155 160 -0.4521 -0.0000 157.8125
1.5828 155 160 -0.5289 -0.0000 157.8125
1.5840 155 160 -0.4508 -0.0000 157.8125
1.5854 155 160 -0.4038 -0.0000 157.8125
1.5866 155 160 -0.4523 -0.0000 157.8125
1.5879 155 160 -0.4877 -0.0000 157.8125
1.5892 155 160 -0.6090 -0.0000 157.8125
1.5904 155 160 -0.5956 -0.0000 157.8125
1.5917 155 160 -0.6826 -0.0000 157.8125
1.5930 155 160 -0.6666 -0.0000 157.8125
1.5943 155 160 -0.6161 -0.0000 157.8125
1.5956 155 160 -0.6744 -0.0000 157.8125
1.5969 155 160 -0.6388 -0.0000 157.8125
1.5982 155 160 -0.6543 -0.0000 157.8125
1.5994 155 160 -0.6331 -0.0000 157.8125
1.6007 155 160 -0.6358 -0.0000 157.8125
1.6020 155 160 -0.6664 -0.0000 157.8125
1.6033 155 160 -0.6477 -0.0000 157.8125
1.6046 155 160 -0.7318 -0.0000 157.8125
1.6058 155 160 -0.6944 -0.0000 157.8125
1.6071 155 160 -0.6728 -0.0000 157.8125
1.6084 155 160 -0.6674 -0.0000 157.8125
1.6096 155 160 -0.6254 -0.0000 157.8125
1.6109 155 160 -0.5610 -0.0000 157.8125
1.6122 155 160 -0.4582 -0.0000 157.8125
1.6134 155 160 -0.4775 -0.0000 157.8125
1.6147 155 160 -0.4979 -0.0000 157.8125
1.6159 155 160 -0.4873 -0.0000 157.8125
1.6172 155 160 -0.4200 -0.0000 157.8125
1.6185 155 160 -0.4316 -0.0000 157.8125
1.6197 155 160 -0.3887 -0.0000 157.8125
1.6210 155 160 -0.4079 -0.0000 157.8125
1.6223 155 160 -0.3162 -0.0000 157.8125
1.6237 161 166 -0.2730 -0.0000 164.0625
1.6250 161 166 -0.2674 -0.0000 164.0625
1.6262 161 166 -0.2957 -0.0000 164.0625
1.6275 161 166 -0.2640 -0.0000 164.0625
1.6288 161 166 -0.2930 -0.0000 164.0625
1.6301 161 166 -0.3414 -0.0000 164.0625
1.6314 161 166 -0.4120 -0.0000 164.0625
1.6326 161 166 -0.4163 -0.0000 164.0625
1.6338 161 166 -0.4425 -0.0000 164.0625
1.6351 161 166 -0.5114 -0.0000 164.0625
1.6364 161 166 -0.5311 -0.0000 164.0625
1.6376 161 166 -0.5391 -0.0000 164.0625
1.6389 161 166 -0.5617 -0.0000 164.0625
1.6402 161 166 -0.5772 -0.0000 164.0625
1.6414 161 166 -0.5218 -0.0000 164.0625
1.6427 161 166 -0.5750 -0.0000 164.0625
1.6439 161 166 -0.5534 -0.0000 164.0625
1.6452 161 166 -0.5099 -0.0000 164.0625
1.6464 161 166 -0.4719 -0.0000 164.0625
1.6477 161 166 -0.3416 -0.0000 164.0625
1.6490 161 166 -0.3795 -0.0000 164.0625
1.6502 161 166 -0.3333 -0.0000 164.0625
1.6515 161 166 -0.2558 -0.0000 164.0625
1.6527 161 166 -0.2105 -0.0000 164.0625
1.6540 161 166 -0.1850 -0.0000 164.0625
1.6552 161 166 -0.1806 -0.0000 164.0625
1.6565 161 166 -0.2138 -0.0000 164.0625
1.6578 161 166 -0.1713 -0.0000 164.0625
1.6590 161 166 -0.1790 -0.0000 164.0625
1.6602 161 166 -0.1929 -0.0000 164.0625
1.6615 161 166 -0.1705 -0.0000 164.0625
1.6627 161 166 -0.2046 -0.0000 164.0625
1.6639 161 166 -0.2460 -0.0000 164.0625
1.6652 161 166 -0.1896 -0.0000 164.0625
1.6664 161 166 -0.2013 -0.0000 164.0625
1.6676 161 166 -0.2550 -0.0000 164.0625
1.6689 161 166 -0.2793 -0.0000 164.0625
1.6702 161 166 -0.2638 -0.0000 164.0625
1.6714 161 166 -0.2343 -0.0000 164.0625
1.6727 161 166 -0.2010 -0.0000 164.0625
1.6740 161 166 -0.1740 -0.0000 164.0625
1.6753 161 166 -0.2684 -0.0000 164.0625
1.6765 161 166 -0.2515 -0.0000 164.0625
1.6778 161 166 -0.3287 -0.0000 164.0625
1.6790 161 166 -0.2854 -0.0000 164.0625
1.6803 161 166 -0.3688 -0.0000 164.0625
1.6816 161 166 -0.3369 -0.0000 164.0625
1.6829 161 166 -0.3786 -0.0000 164.0625
1.6842 164 169 -0.4404 -0.0000 167.1875
1.6855 164 169 -0.4179 -0.0000 167.1875
1.6868 164 169 -0.3653 -0.0000 167.1875
1.6881 164 169 -0.3811 -0.0000 167.1875
1.6894 164 169 -0.4038 -0.0000 167.1875
1.6907 164 169 -0.3982 -0.0000 167.1875
1.6919 164 169 -0.4250 -0.0000 167.1875
1.6932 164 169 -0.4136 -0.0000 167.1875
1.6945 164 169 -0.5093 -0.0000 167.1875
1.6958 164 169 -0.5713 -0.0000 167.1875
1.6970 164 169 -0.5213 -0.0000 167.1875
1.6983 164 169 -0.5080 -0.0000 167.1875
1.6995 164 169 -0.5063 -0.0000 167.1875
1.7008 164 169 -0.3624 -0.0000 167.1875
1.7021 164 169 -0.3312 -0.0000 167.1875
1.7034 164 169 -0.3405 -0.0000 167.1875
1.7046 164 169 -0.3382 -0.0000 167.1875
1.7059 164 169 -0.2882 -0.0000 167.1875
1.7071 164 169 -0.3006 -0.0000 167.1875
1.7084 164 169 -0.3368 -0.0000 167.1875
1.7097 164 169 -0.3060 -0.0000 167.1875
1.7109 164 169 -0.2934 -0.0000 167.1875
1.7122 164 169 -0.3600 -0.0000 167.1875
1.7135 164 169 -0.3553 -0.0000 167.1875
1.7147 164 169 -0.3249 -0.0000 167.1875
1.7160 164 169 -0.3574 -0.0000 167.1875
1.7173 164 169 -0.3817 -0.0000 167.1875
1.7185 164 169 -0.3353 -0.0000 167.1875
1.7198 164 169 -0.3248 -0.0000 167.1875
1.7211 164 169 -0.2808 -0.0000 167.1875
1.7224 164 169 -0.2872 -0.0000 167.1875
1.7236 164 169 -0.3668 -0.0000 167.1875
1.7249 164 169 -0.3791 -0.0000 167.1875
1.7261 164 169 -0.3639 -0.0000 167.1875
1.7274 164 169 -0.4495 -0.0000 167.1875
1.7287 164 169 -0.3641 -0.0000 167.1875
1.7299 164 169 -0.3543 -0.0000 167.1875
1.7312 164 169 -0.2628 -0.0000 167.1875
1.7325 164 169 -0.1909 -0.0000 167.1875
1.7337 164 169 -0.1576 -0.0000 167.1875
1.7350 164 169 -0.1261 -0.0000 167.1875
1.7363 164 169 -0.2056 -0.0000 167.1875
1.7376 164 169 -0.2617 -0.0000 167.1875
1.7389 164 169 -0.2496 -0.0000 167.1875
1.7401 164 169 -0.2800 -0.0000 167.1875
1.7414 164 169 -0.3292 -0.0000 167.1875
1.7427 164 169 -0.3250 -0.0000 167.1875
1.7439 166 172 -0.2347 -0.0000 169.5312
1.7452 166 172 -0.2642 -0.0000 169.5312
1.7464 166 172 -0.2499 -0.0000 169.5312
1.7477 166 172 -0.2375 -0.0000 169.5312
1.7489 166 172 -0.1760 -0.0000 169.5312
1.7502 166 172 -0.2276 -0.0000 169.5312
1.7515 166 172 -0.1727 -0.0000 169.5312
1.7527 166 172 -0.1783 -0.0000 169.5312
1.7540 166 172 -0.0970 -0.0000 169.5312
1.7552 166 172 -0.0563 -0.0000 169.5312
1.7565 166 172 -0.0800 -0.0000 169.5312
1.7577 166 172 -0.0618 -0.0000 169.5312
1.7590 166 172 -0.0862 -0.0000 169.5312
1.7603 166 172 -0.0837 -0.0000 169.5312
1.7615 166 172 -0.0835 -0.0000 169.5312
1.7628 166 172 -0.1309 -0.0000 169.5312
1.7640 166 172 -0.1539 -0.0000 169.5312
1.7653 166 172 -0.1311 -0.0000 169.5312
1.7666 166 172 -0.0935 -0.0000 169.5312
1.7678 166 172 -0.0855 -0.0000 169.5312
1.7691 166 172 -0.0917 -0.0000 169.5312
1.7704 166 172 -0.0494 -0.0000 169.5312
1.7716 166 172 0.0842 -0.0000 169.5312
1.7729 166 172 -0.0162 -0.0000 169.5312
1.7742 166 172 0.1709 -0.0000 169.5312
1.7755 166 172 0.2106 -0.0000 169.5312
1.7767 166 172 0.1582 -0.0000 169.5312
1.7780 166 172 0.1584 -0.0000 169.5312
1.7793 166 172 0.2047 -0.0000 169.5312
1.7805 166 172 0.2278 -0.0000 169.5312
1.7818 166 172 0.2977 -0.0000 169.5312
1.7831 166 172 0.3037 -0.0000 169.5312
1.7844 166 172 0.2712 -0.0000 169.5312
1.7856 166 172 0.2683 -0.0000 169.5312
1.7869 166 172 0.2633 -0.0000 169.5312
1.7882 166 172 0.3376 -0.0000 169.5312
1.7895 166 172 0.2648 -0.0000 169.5312
1.7907 166 172 0.3311 -0.0000 169.5312
1.7920 166 172 0.3805 -0.0000 169.5312
1.7933 166 172 0.3156 -0.0000 169.5312
1.7946 166 172 0.2908 -0.0000 169.5312
1.7959 166 172 0.2287 -0.0000 169.5312
1.7972 166 172 0.1279 -0.0000 169.5312
1.7984 166 172 -0.0099 -0.0000 169.5312
1.7997 168 173 0.0264 -0.0000 171.0938
1.8009 168 173 0.1660 -0.0000 171.0938
1.8022 168 173 0.1302 -0.0000 171.0938
1.8034 168 173 0.0179 -0.0000 171.0938
1.8047 168 173 0.0304 -0.0000 171.0938
1.8060 168 173 -0.0028 -0.0000 171.0938
1.8073 168 173 -0.0893 -0.0000 171.0938
1.8085 168 173 -0.0281 -0.0000 171.0938
1.8098 168 173 -0.0943 -0.0000 171.0938
1.8110 168 173 -0.0794 -0.0000 171.0938
1.8123 168 173 -0.2041 -0.0000 171.0938
1.8136 168 173 -0.1569 -0.0000 171.0938
1.8149 168 173 -0.0531 -0.0000 171.0938
1.8161 168 173 0.0059 -0.0000 171.0938
1.8174 168 173 -0.0332 -0.0000 171.0938
1.8187 168 173 -0.0868 -0.0000 171.0938
1.8199 168 173 -0.0607 -0.0000 171.0938
1.8212 168 173 -0.1079 -0.0000 171.0938
1.8224 168 173 -0.1424 -0.0000 171.0938
1.8237 168 173 -0.1097 -0.0000 171.0938
1.8250 168 173 -0.1072 -0.0000 171.0938
1.8262 168 173 0.0031 -0.0000 171.0938
1.8275 168 173 -0.0206 -0.0000 171.0938
1.8288 168 173 -0.0830 -0.0000 171.0938
1.8300 168 173 -0.1835 -0.0000 171.0938
1.8313 168 173 -0.1896 -0.0000 171.0938
1.8325 168 173 -0.2304 -0.0000 171.0938
1.8338 168 173 -0.1543 -0.0000 171.0938
1.8351 168 173 -0.1101 -0.0000 171.0938
1.8363 168 173 -0.0049 -0.0000 171.0938
1.8376 168 173 -0.0508 -0.0000 171.0938
1.8389 168 173 -0.0404 -0.0000 171.0938
1.8401 168 173 -0.1056 -0.0000 171.0938
1.8414 168 173 -0.1097 -0.0000 171.0938
1.8427 168 173 -0.1434 -0.0000 171.0938
1.8439 168 173 -0.0572 -0.0000 171.0938
1.8452 168 173 -0.0049 -0.0000 171.0938
1.8465 168 173 -0.0358 -0.0000 171.0938
1.8478 168 173 0.0857 -0.0000 171.0938
1.8490 168 173 0.0215 -0.0000 171.0938
1.8503 168 173 0.0610 -0.0000 171.0938
1.8516 168 173 0.0747 -0.0000 171.0938
1.8529 168 173 0.0669 -0.0000 171.0938
1.8542 168 173 0.0693 -0.0000 171.0938
1.8555 174 180 0.1300 -0.0000 177.3438
1.8567 174 180 0.2046 -0.0000 177.3438
1.8580 174 180 0.2111 -0.0000 177.3438
1.8593 174 180 0.1822 -0.0000 177.3438
1.8605 174 180 0.1551 -0.0000 177.3438
1.8618 174 180 0.2212 -0.0000 177.3438
1.8631 174 180 0.1773 -0.0000 177.3438
1.8644 174 180 0.1795 -0.0000 177.3438
1.8656 174 180 0.3007 -0.0000 177.3438
1.8669 174 180 0.2552 -0.0000 177.3438
1.8682 174 180 0.3408 -0.0000 177.3438
1.8695 174 180 0.3391 -0.0000 177.3438
1.8707 174 180 0.3450 -0.0000 177.3438
1.8720 174 180 0.3575 -0.0000 177.3438
1.8732 174 180 0.4259 -0.0000 177.3438
1.8745 174 180 0.4259 -0.0000 177.3438
1.8758 174 180 0.4816 -0.0000 177.3438
1.8770 174 180 0.4707 -0.0000 177.3438
1.8783 174 179 0.4039 -0.0000 177.3438
1.8796 174 179 0.4133 -0.0000 177.3438
1.8808 174 179 0.4248 -0.0000 177.3438
1.8821 174 179 0.4278 -0.0000 177.3438
1.8834 174 179 0.4077 -0.0000 177.3438
1.8846 174 179 0.4356 -0.0000 177.3438
1.8859 174 179 0.4206 -0.0000 177.3438
1.8872 174 179 0.3931 -0.0000 177.3438
1.8885 174 179 0.4345 -0.0000 177.3438
1.8898 174 179 0.3537 -0.0000 177.3438
1.8910 174 179 0.3512 -0.0000 177.3438
1.8923 174 179 0.2951 -0.0000 177.3438
1.8936 174 179 0.3213 -0.0000 177.3438
1.8948 174 179 0.4109 -0.0000 177.3438
1.8961 174 179 0.5303 -0.0000 177.3438
1.8974 174 179 0.4999 -0.0000 177.3438
1.8987 174 179 0.4929 -0.0000 177.3438
1.8999 174 179 0.4777 -0.0000 177.3438
1.9012 174 179 0.4054 -0.0000 177.3438
1.9025 174 179 0.4089 -0.0000 177.3438
1.9037 174 179 0.4131 -0.0000 177.3438
1.9050 174 179 0.4288 -0.0000 177.3438
1.9063 174 179 0.3947 -0.0000 177.3438
1.9076 174 179 0.3048 -0.0000 177.3438
1.9088 174 179 0.2297 -0.0000 177.3438
1.9101 174 179 0.3205 -0.0000 177.3438
1.9113 177 182 0.3162 -0.0000 179.6875
1.9126 177 182 0.3507 -0.0000 179.6875
1.9138 177 182 0.3229 -0.0000 179.6875
1.9151 177 182 0.3221 -0.0000 179.6875
1.9164 177 182 0.4145 -0.0000 179.6875
1.9176 177 182 0.3252 -0.0000 179.6875
1.9189 177 182 0.2505 -0.0000 179.6875
1.9201 177 182 0.2882 -0.0000 179.6875
1.9214 177 182 0.2744 -0.0000 179.6875
1.9227 177 182 0.3172 -0.0000 179.6875
1.9240 177 182 0.3133 -0.0000 179.6875
1.9252 177 182 0.3421 -0.0000 179.6875
1.9265 177 182 0.3498 -0.0000 179.6875
1.9278 177 182 0.3127 -0.0000 179.6875
1.9291 177 182 0.2928 -0.0000 179.6875
1.9303 177 182 0.3124 -0.0000 179.6875
1.9316 177 182 0.2985 -0.0000 179.6875
1.9329 177 182 0.3262 -0.0000 179.6875
1.9342 177 182 0.3299 -0.0000 179.6875
1.9354 177 182 0.2918 -0.0000 179.6875
1.9367 177 182 0.2970 -0.0000 179.6875
1.9380 177 182 0.2854 -0.0000 179.6875
1.9392 177 182 0.3636 -0.0000 179.6875
1.9405 177 182 0.3936 -0.0000 179.6875
1.9418 177 182 0.3454 -0.0000 179.6875
1.9430 177 182 0.3446 -0.0000 179.6875
1.9443 177 182 0.3669 -0.0000 179.6875
1.9455 177 182 0.3603 -0.0000 179.6875
1.9468 177 182 0.2531 -0.0000 179.6875
1.9480 177 182 0.2744 -0.0000 179.6875
1.9493 177 182 0.2775 -0.0000 179.6875
1.9506 177 182 0.1530 -0.0000 179.6875
1.9518 177 182 0.1540 -0.0000 179.6875
1.9531 177 182 0.1714 -0.0000 179.6875
1.9543 177 182 0.1307 -0.0000 179.6875
1.9556 177 182 0.3331 -0.0000 179.6875
1.9568 177 182 0.4124 -0.0000 179.6875
1.9581 177 182 0.3697 -0.0000 179.6875
1.9594 177 182 0.3031 -0.0000 179.6875
1.9606 177 182 0.2297 -0.0000 179.6875
1.9619 177 182 0.2704 -0.0000 179.6875
1.9631 177 182 0.2643 -0.0000 179.6875
1.9644 177 182 0.3266 -0.0000 179.6875
1.9656 177 182 0.2608 -0.0000 179.6875
1.9669 177 182 0.1866 -0.0000 179.6875
1.9681 177 182 0.1837 -0.0000 179.6875
1.9694 177 182 0.2732 -0.0000 179.6875
1.9707 178 182 0.1989 -0.0000 180.4688
1.9720 178 182 0.2158 -0.0000 180.4688
1.9732 178 182 0.2121 -0.0000 180.4688
1.9745 178 182 0.2814 -0.0000 180.4688
1.9760 178 182 0.3682 -0.0000 180.4688
1.9773 178 182 0.2862 -0.0000 180.4688
1.9786 178 182 0.3592 -0.0000 180.4688
1.9799 178 182 0.3161 -0.0000 180.4688
1.9811 178 182 0.2692 -0.0000 180.4688
1.9824 178 182 0.2783 -0.0000 180.4688
1.9836 178 182 0.2721 -0.0000 180.4688
1.9849 178 182 0.3264 -0.0000 180.4688
1.9862 178 182 0.2538 -0.0000 180.4688
1.9874 178 182 0.1674 -0.0000 180.4688
1.9887 178 182 0.2192 -0.0000 180.4688
1.9899 178 182 0.2929 -0.0000 180.4688
1.9912 178 182 0.2088 -0.0000 180.4688
1.9924 178 182 0.2818 -0.0000 180.4688
1.9937 178 182 0.3542 -0.0000 180.4688
1.9950 178 182 0.3408 -0.0000 180.4688
1.9962 178 182 0.3360 -0.0000 180.4688
1.9975 178 182 0.3098 -0.0000 180.4688
1.9988 178 182 0.1600 -0.0000 180.4688
2.0000 178 182 0.2394 -0.0000 180.4688
2.0014 178 182 0.1544 -0.0000 180.4688
2.0026 178 182 0.2112 -0.0000 180.4688
2.0039 178 182 0.2314 -0.0000 180.4688
2.0052 178 182 0.1956 -0.0000 180.4688
2.0064 178 182 0.2041 -0.0000 180.4688
2.0076 178 182 0.1546 -0.0000 180.4688
2.0089 178 182 0.2018 -0.0000 180.4688
2.0102 178 182 0.2592 -0.0000 180.4688
2.0114 178 182 0.3137 -0.0000 180.4688
2.0127 178 182 0.2821 -0.0000 180.4688
2.0140 178 182 0.2316 -0.0000 180.4688
2.0153 178 182 0.2265 -0.0000 180.4688
2.0165 178 182 0.2801 -0.0000 180.4688
2.0178 178 182 0.3341 -0.0000 180.4688
2.0191 178 182 0.3505 -0.0000 180.4688
2.0204 178 182 0.3764 -0.0000 180.4688
2.0216 178 182 0.3510 -0.0000 180.4688
2.0229 177 181 0.3103 -0.0000 179.6875
2.0242 177 181 0.3365 -0.0000 179.6875
2.0255 177 181 0.3279 -0.0000 179.6875
2.0267 177 181 0.2739 -0.0000 179.6875
2.0280 177 181 0.2116 -0.0000 179.6875
2.0293 177 181 0.2997 -0.0000 179.6875
2.0306 177 181 0.1084 -0.0000 179.6875
2.0319 177 181 0.1263 -0.0000 179.6875
2.0332 177 181 0.1847 -0.0000 179.6875
2.0345 177 181 0.0919 -0.0000 179.6875
2.0358 177 181 0.1647 -0.0000 179.6875
2.0370 177 181 0.1365 -0.0000 179.6875
2.0383 177 181 0.1851 -0.0000 179.6875
2.0396 177 181 0.2796 -0.0000 179.6875
2.0409 177 181 0.2852 -0.0000 179.6875
2.0421 177 181 0.2755 -0.0000 179.6875
2.0434 177 181 0.2955 -0.0000 179.6875
2.0447 177 181 0.2903 -0.0000 179.6875
2.0460 177 181 0.2371 -0.0000 179.6875
2.0472 177 181 0.2106 -0.0000 179.6875
2.0485 177 181 0.1980 -0.0000 179.6875
2.0497 177 181 0.2360 -0.0000 179.6875
2.0510 177 181 0.1172 -0.0000 179.6875
2.0522 177 181 0.1323 -0.0000 179.6875
2.0535 177 181 0.2124 -0.0000 179.6875
2.0547 177 181 0.2999 -0.0000 179.6875
2.0560 177 181 0.2589 -0.0000 179.6875
2.0573 177 181 0.2196 -0.0000 179.6875
2.0585 177 181 0.1746 -0.0000 179.6875
2.0598 177 181 0.1355 -0.0000 179.6875
2.0610 177 181 0.1616 -0.0000 179.6875
2.0622 177 181 0.0903 -0.0000 179.6875
2.0635 177 181 0.0941 -0.0000 179.6875
2.0647 177 181 0.1075 -0.0000 179.6875
2.0659 177 181 0.1264 -0.0000 179.6875
2.0672 177 181 0.1157 -0.0000 179.6875
2.0684 177 181 0.1177 -0.0000 179.6875
2.0696 177 181 0.2004 -0.0000 179.6875
2.0709 177 181 0.2000 -0.0000 179.6875
2.0721 177 181 0.2348 -0.0000 179.6875
2.0734 177 181 0.2431 -0.0000 179.6875
2.0746 177 181 0.2181 -0.0000 179.6875
2.0759 177 181 0.2059 -0.0000 179.6875
2.0772 177 181 0.1716 -0.0000 179.6875
2.0785 177 181 0.1624 -0.0000 179.6875
2.0797 177 181 0.3477 -0.0000 179.6875
2.0811 177 181 0.4100 -0.0000 179.6875
2.0823 177 181 0.4019 -0.0000 179.6875
2.0836 177 181 0.3577 -0.0000 179.6875
2.0849 177 181 0.2959 -0.0000 179.6875
2.0861 177 181 0.3148 -0.0000 179.6875
2.0874 177 181 0.3241 -0.0000 179.6875
2.0887 177 181 0.3827 -0.0000 179.6875
2.0900 177 181 0.3445 -0.0000 179.6875
2.0912 177 181 0.3254 -0.0000 179.6875
2.0925 177 181 0.3242 -0.0000 179.6875
2.0937 177 181 0.3416 -0.0000 179.6875
2.0950 177 181 0.3732 -0.0000 179.6875
2.0963 177 181 0.3362 -0.0000 179.6875
2.0975 177 181 0.3705 -0.0000 179.6875
2.0988 177 181 0.3815 -0.0000 179.6875
2.1001 177 181 0.3402 -0.0000 179.6875
2.1014 177 181 0.4492 -0.0000 179.6875
2.1026 177 181 0.4519 -0.0000 179.6875
2.1039 177 181 0.4154 -0.0000 179.6875
2.1052 177 181 0.3662 -0.0000 179.6875
2.1065 177 181 0.2502 -0.0000 179.6875
2.1078 177 181 0.2493 -0.0000 179.6875
2.1091 177 181 0.2148 -0.0000 179.6875
2.1104 177 181 0.1053 -0.0000 179.6875
2.1116 177 181 0.1308 -0.0000 179.6875
2.1129 177 181 0.1612 -0.0000 179.6875
2.1141 177 181 0.2695 -0.0000 179.6875
2.1154 177 181 0.3392 -0.0000 179.6875
2.1167 177 181 0.3954 -0.0000 179.6875
2.1180 177 181 0.4950 -0.0000 179.6875
2.1193 177 181 0.4952 -0.0000 179.6875
2.1206 177 181 0.4884 -0.0000 179.6875
2.1219 177 181 0.4912 -0.0000 179.6875
2.1232 177 181 0.4277 -0.0000 179.6875
2.1244 177 181 0.4227 -0.0000 179.6875
2.1257 177 181 0.4480 -0.0000 179.6875
2.1270 177 181 0.4366 -0.0000 179.6875
2.1282 177 181 0.3291 -0.0000 179.6875
2.1295 177 181 0.3350 -0.0000 179.6875
2.1307 177 181 0.3242 -0.0000 179.6875
2.1320 177 181 0.3858 -0.0000 179.6875
2.1332 177 181 0.4028 -0.0000 179.6875
2.1345 177 181 0.4459 -0.0000 179.6875
2.1357 176 180 0.4857 -0.0000 178.1250
2.1370 176 180 0.4998 -0.0000 178.1250
2.1383 176 180 0.5451 -0.0000 178.1250
2.1395 176 180 0.5532 -0.0000 178.1250
2.1408 176 180 0.5849 -0.0000 178.1250
2.1421 176 180 0.5303 -0.0000 178.1250
2.1433 176 180 0.5164 -0.0000 178.1250
2.1446 176 180 0.5632 -0.0000 178.1250
2.1458 176 180 0.4890 -0.0000 178.1250
2.1471 176 180 0.4555 -0.0000 178.1250
2.1483 176 180 0.3447 -0.0000 178.1250
2.1496 176 180 0.2264 -0.0000 178.1250
2.1509 176 180 0.2029 -0.0000 178.1250
2.1521 176 180 0.2544 -0.0000 178.1250
2.1534 176 180 0.2763 -0.0000 178.1250
2.1547 176 180 0.2919 -0.0000 178.1250
2.1559 176 180 0.3230 -0.0000 178.1250
2.1572 176 180 0.2626 -0.0000 178.1250
2.1585 176 180 0.3450 -0.0000 178.1250
2.1597 176 180 0.3063 -0.0000 178.1250
2.1610 176 180 0.2355 -0.0000 178.1250
2.1623 176 180 0.2550 -0.0000 178.1250
2.1635 176 180 0.3334 -0.0000 178.1250
2.1648 176 180 0.3502 -0.0000 178.1250
2.1660 176 180 0.3892 -0.0000 178.1250
2.1673 176 180 0.3688 -0.0000 178.1250
2.1685 176 180 0.3984 -0.0000 178.1250
2.1698 176 180 0.3973 -0.0000 178.1250
2.1710 176 180 0.3829 -0.0000 178.1250
2.1723 176 180 0.4299 -0.0000 178.1250
2.1735 176 180 0.4670 -0.0000 178.1250
2.1748 176 180 0.5420 -0.0000 178.1250
2.1760 176 180 0.4875 -0.0000 178.1250
2.1772 176 180 0.5167 -0.0000 178.1250
2.1785 176 180 0.5178 -0.0000 178.1250
2.1797 176 180 0.5205 -0.0000 178.1250
2.1810 176 180 0.5870 -0.0000 178.1250
2.1822 176 180 0.6102 -0.0000 178.1250
2.1835 176 180 0.5424 -0.0000 178.1250
2.1847 176 180 0.5171 -0.0000 178.1250
2.1860 176 180 0.4715 -0.0000 178.1250
2.1873 176 180 0.4531 -0.0000 178.1250
2.1885 176 179 0.4783 -0.0000 178.1250
2.1897 176 179 0.5133 -0.0000 178.1250
2.1910 176 179 0.4450 -0.0000 178.1250
2.1922 176 179 0.4242 -0.0000 178.1250
2.1935 176 179 0.3209 -0.0000 178.1250
2.1947 176 179 0.2510 -0.0000 178.1250
2.1961 177 180 0.2974 -0.0000 178.9062
2.1974 177 180 0.1933 -0.0000 178.9062
2.1987 177 180 0.1885 -0.0000 178.9062
2.2000 177 180 0.2230 -0.0000 178.9062
2.2013 177 180 0.1918 -0.0000 178.9062
2.2025 177 180 0.1678 -0.0000 178.9062
2.2038 177 180 0.1999 -0.0000 178.9062
2.2051 177 180 0.1471 -0.0000 178.9062
2.2063 177 180 0.1715 -0.0000 178.9062
2.2076 177 180 0.2498 -0.0000 178.9062
2.2089 177 180 0.1758 -0.0000 178.9062
2.2102 177 180 0.2682 -0.0000 178.9062
2.2114 177 180 0.3611 -0.0000 178.9062
2.2127 177 180 0.4218 -0.0000 178.9062
2.2139 177 180 0.4032 -0.0000 178.9062
2.2152 177 180 0.4364 -0.0000 178.9062
2.2164 177 180 0.4458 -0.0000 178.9062
2.2176 177 180 0.4454 -0.0000 178.9062
2.2189 177 180 0.3795 -0.0000 178.9062
2.2201 177 180 0.4010 -0.0000 178.9062
2.2214 177 180 0.3818 -0.0000 178.9062
2.2226 177 180 0.3254 -0.0000 178.9062
2.2238 177 180 0.2527 -0.0000 178.9062
2.2251 177 180 0.2241 -0.0000 178.9062
2.2263 177 180 0.1433 -0.0000 178.9062
2.2276 177 180 0.1251 -0.0000 178.9062
2.2288 177 180 0.0552 -0.0000 178.9062
2.2300 177 180 0.1320 -0.0000 178.9062
2.2313 177 180 0.1134 -0.0000 178.9062
2.2325 177 180 -0.0119 -0.0000 178.9062
2.2338 177 180 0.0142 -0.0000 178.9062
2.2350 177 180 -0.0241 -0.0000 178.9062
2.2363 177 180 0.0296 -0.0000 178.9062
2.2375 177 180 0.0433 -0.0000 178.9062
2.2388 177 180 0.1466 -0.0000 178.9062
2.2401 177 180 0.0449 -0.0000 178.9062
2.2414 177 180 0.0635 -0.0000 178.9062
2.2427 177 180 0.0170 -0.0000 178.9062
2.2439 177 180 0.0785 -0.0000 178.9062
2.2452 177 180 0.0205 -0.0000 178.9062
2.2465 173 176 0.0963 -0.0000 175.0000
2.2478 173 176 0.2056 -0.0000 175.0000
2.2490 173 176 0.1780 -0.0000 175.0000
2.2502 173 176 0.2559 -0.0000 175.0000
2.2515 173 176 0.2403 -0.0000 175.0000
2.2527 173 176 0.2492 -0.0000 175.0000
2.2540 173 176 0.2281 -0.0000 175.0000
2.2552 173 176 0.1990 -0.0000 175.0000
2.2565 173 176 0.2182 -0.0000 175.0000
2.2578 173 176 0.3260 -0.0000 175.0000
2.2590 173 176 0.3562 -0.0000 175.0000
2.2603 173 176 0.3163 -0.0000 175.0000
2.2616 173 176 0.2978 -0.0000 175.0000
2.2629 173 176 0.3064 -0.0000 175.0000
2.2641 173 176 0.2397 -0.0000 175.0000
2.2654 173 176 0.2046 -0.0000 175.0000
2.2667 173 176 0.2138 -0.0000 175.0000
2.2680 173 176 0.2083 -0.0000 175.0000
2.2692 173 176 0.2173 -0.0000 175.0000
2.2705 173 176 0.1174 -0.0000 175.0000
2.2718 173 176 0.0650 -0.0000 175.0000
2.2730 173 176 0.0999 -0.0000 175.0000
2.2743 173 176 0.1372 -0.0000 175.0000
2.2756 173 176 0.1293 -0.0000 175.0000
2.2769 173 176 0.0763 -0.0000 175.0000
2.2782 173 176 0.0202 -0.0000 175.0000
2.2794 173 176 0.0011 -0.0000 175.0000
2.2807 173 176 -0.0718 -0.0000 175.0000
2.2820 173 176 -0.2005 -0.0000 175.0000
2.2832 173 176 -0.2679 -0.0000 175.0000
2.2845 173 176 -0.2257 -0.0000 175.0000
2.2858 173 176 -0.2047 -0.0000 175.0000
2.2871 173 176 -0.2830 -0.0000 175.0000
2.2883 173 176 -0.2760 -0.0000 175.0000
2.2896 173 176 -0.3179 -0.0000 175.0000
2.2909 173 176 -0.3495 -0.0000 175.0000
2.2921 173 176 -0.3575 -0.0000 175.0000
2.2934 173 176 -0.3886 -0.0000 175.0000
2.2948 173 176 -0.3995 -0.0000 175.0000
2.2961 173 176 -0.3493 -0.0000 175.0000
2.2973 173 176 -0.3455 -0.0000 175.0000
2.2987 173 176 -0.2927 -0.0000 175.0000
2.3000 173 176 -0.2588 -0.0000 175.0000
2.3012 173 176 -0.3303 -0.0000 175.0000
2.3025 173 176 -0.3444 -0.0000 175.0000
2.3038 173 176 -0.3482 -0.0000 175.0000
2.3051 173 176 -0.2612 -0.0000 175.0000
2.3064 173 176 -0.2680 -0.0000 175.0000
2.3076 173 176 -0.2906 -0.0000 175.0000
2.3090 173 176 -0.3519 -0.0000 175.0000
2.3102 173 176 -0.4374 -0.0000 175.0000
2.3115 174 178 -0.5176 -0.0000 176.5625
2.3128 174 178 -0.4772 -0.0000 176.5625
2.3141 174 178 -0.3604 -0.0000 176.5625
2.3154 174 178 -0.3214 -0.0000 176.5625
2.3166 174 178 -0.2968 -0.0000 176.5625
2.3179 174 178 -0.2739 -0.0000 176.5625
2.3192 174 178 -0.2463 -0.0000 176.5625
2.3205 174 178 -0.3059 -0.0000 176.5625
2.3217 174 178 -0.2799 -0.0000 176.5625
2.3230 174 178 -0.3066 -0.0000 176.5625
2.3243 174 178 -0.2761 -0.0000 176.5625
2.3256 174 178 -0.2865 -0.0000 176.5625
2.3268 174 178 -0.3949 -0.0000 176.5625
2.3281 174 178 -0.4874 -0.0000 176.5625
2.3294 174 178 -0.4446 -0.0000 176.5625
2.3306 174 178 -0.5637 -0.0000 176.5625
2.3319 174 178 -0.5224 -0.0000 176.5625
2.3332 174 178 -0.4886 -0.0000 176.5625
2.3345 174 178 -0.4228 -0.0000 176.5625
2.3357 174 178 -0.3994 -0.0000 176.5625
2.3370 174 178 -0.3998 -0.0000 176.5625
2.3383 174 178 -0.3633 -0.0000 176.5625
2.3395 174 178 -0.2976 -0.0000 176.5625
2.3408 174 178 -0.3794 -0.0000 176.5625
2.3421 174 178 -0.4417 -0.0000 176.5625
2.3434 174 178 -0.4052 -0.0000 176.5625
2.3447 174 178 -0.2960 -0.0000 176.5625
2.3460 174 178 -0.2537 -0.0000 176.5625
2.3473 174 178 -0.2026 -0.0000 176.5625
2.3485 174 178 -0.1897 -0.0000 176.5625
2.3498 174 178 -0.2111 -0.0000 176.5625
2.3511 174 178 -0.2671 -0.0000 176.5625
2.3523 174 178 -0.2191 -0.0000 176.5625
2.3536 174 178 -0.2398 -0.0000 176.5625
2.3549 174 178 -0.3147 -0.0000 176.5625
2.3561 174 178 -0.3128 -0.0000 176.5625
2.3574 174 178 -0.3132 -0.0000 176.5625
2.3587 174 178 -0.3176 -0.0000 176.5625
2.3599 174 178 -0.3933 -0.0000 176.5625
2.3612 174 178 -0.3148 -0.0000 176.5625
2.3625 174 178 -0.3010 -0.0000 176.5625
2.3638 174 178 -0.2645 -0.0000 176.5625
2.3650 174 178 -0.2118 -0.0000 176.5625
2.3663 174 178 -0.1919 -0.0000 176.5625
2.3676 175 179 -0.2570 -0.0000 177.3438
2.3689 175 179 -0.3175 -0.0000 177.3438
2.3702 175 179 -0.4070 -0.0000 177.3438
2.3715 175 179 -0.5245 -0.0000 177.3438
2.3728 175 179 -0.6125 -0.0000 177.3438
2.3740 175 179 -0.5957 -0.0000 177.3438
2.3753 175 179 -0.5302 -0.0000 177.3438
2.3766 175 179 -0.5229 -0.0000 177.3438
2.3778 175 179 -0.6182 -0.0000 177.3438
2.3791 175 179 -0.5393 -0.0000 177.3438
2.3804 175 179 -0.5798 -0.0000 177.3438
2.3816 175 179 -0.5789 -0.0000 177.3438
2.3829 175 179 -0.5349 -0.0000 177.3438
2.3841 175 179 -0.4234 -0.0000 177.3438
2.3854 175 179 -0.4694 -0.0000 177.3438
2.3866 175 179 -0.4867 -0.0000 177.3438
2.3879 175 179 -0.5142 -0.0000 177.3438
2.3892 175 179 -0.5058 -0.0000 177.3438
2.3905 175 179 -0.5669 -0.0000 177.3438
2.3917 175 179 -0.5668 -0.0000 177.3438
2.3930 175 179 -0.6067 -0.0000 177.3438
2.3943 175 179 -0.5715 -0.0000 177.3438
2.3955 175 179 -0.5038 -0.0000 177.3438
2.3968 175 179 -0.5009 -0.0000 177.3438
2.3981 175 179 -0.5427 -0.0000 177.3438
2.3993 175 179 -0.4801 -0.0000 177.3438
2.4006 175 179 -0.4459 -0.0000 177.3438
2.4019 175 179 -0.4612 -0.0000 177.3438
2.4032 175 179 -0.4782 -0.0000 177.3438
2.4044 175 179 -0.4561 -0.0000 177.3438
2.4057 175 179 -0.5431 -0.0000 177.3438
2.4070 175 179 -0.5204 -0.0000 177.3438
2.4083 175 179 -0.5546 -0.0000 177.3438
2.4095 175 179 -0.5676 -0.0000 177.3438
2.4108 175 179 -0.6598 -0.0000 177.3438
2.4120 175 179 -0.6339 -0.0000 177.3438
2.4133 175 179 -0.5607 -0.0000 177.3438
2.4145 175 179 -0.5810 -0.0000 177.3438
2.4158 175 179 -0.5213 -0.0000 177.3438
2.4171 175 179 -0.5066 -0.0000 177.3438
2.4183 175 179 -0.4312 -0.0000 177.3438
2.4196 175 179 -0.3987 -0.0000 177.3438
2.4209 175 179 -0.4204 -0.0000 177.3438
2.4221 175 179 -0.4701 -0.0000 177.3438
2.4234 175 179 -0.4616 -0.0000 177.3438
2.4247 175 179 -0.4537 -0.0000 177.3438
2.4260 175 179 -0.5238 -0.0000 177.3438
2.4273 172 177 -0.4645 -0.0000 175.0000
2.4286 172 177 -0.4120 -0.0000 175.0000
2.4299 172 177 -0.3850 -0.0000 175.0000
2.4311 172 177 -0.3530 -0.0000 175.0000
2.4324 172 177 -0.4088 -0.0000 175.0000
2.4337 172 177 -0.4193 -0.0000 175.0000
2.4350 172 177 -0.3736 -0.0000 175.0000
2.4363 172 177 -0.3405 -0.0000 175.0000
2.4375 172 177 -0.2773 -0.0000 175.0000
2.4388 172 177 -0.2525 -0.0000 175.0000
2.4400 172 177 -0.2032 -0.0000 175.0000
2.4413 172 177 -0.1322 -0.0000 175.0000
2.4426 172 177 -0.1080 -0.0000 175.0000
2.4439 172 177 -0.0619 -0.0000 175.0000
2.4452 172 177 -0.0913 -0.0000 175.0000
2.4464 172 177 -0.1038 -0.0000 175.0000
2.4477 172 177 -0.1658 -0.0000 175.0000
2.4490 172 177 -0.1319 -0.0000 175.0000
2.4502 172 177 -0.1530 -0.0000 175.0000
2.4515 172 177 -0.1964 -0.0000 175.0000
2.4528 172 177 -0.2134 -0.0000 175.0000
2.4540 172 177 -0.2376 -0.0000 175.0000
2.4553 172 177 -0.2414 -0.0000 175.0000
2.4566 172 177 -0.2089 -0.0000 175.0000
2.4578 172 177 -0.3091 -0.0000 175.0000
2.4591 172 177 -0.2871 -0.0000 175.0000
2.4604 172 177 -0.2683 -0.0000 175.0000
2.4617 172 177 -0.2512 -0.0000 175.0000
2.4630 172 177 -0.3499 -0.0000 175.0000
2.4643 172 177 -0.3425 -0.0000 175.0000
2.4655 172 177 -0.4169 -0.0000 175.0000
2.4668 172 177 -0.3079 -0.0000 175.0000
2.4680 172 177 -0.3497 -0.0000 175.0000
2.4693 172 177 -0.2915 -0.0000 175.0000
2.4705 172 177 -0.3350 -0.0000 175.0000
2.4718 172 177 -0.3619 -0.0000 175.0000
2.4730 172 177 -0.3949 -0.0000 175.0000
2.4743 172 177 -0.4924 -0.0000 175.0000
2.4755 172 177 -0.4781 -0.0000 175.0000
2.4768 172 177 -0.5036 -0.0000 175.0000
2.4780 172 177 -0.5179 -0.0000 175.0000
2.4793 172 177 -0.4991 -0.0000 175.0000
2.4805 172 177 -0.5747 -0.0000 175.0000
2.4818 172 177 -0.5096 -0.0000 175.0000
2.4831 172 177 -0.4356 -0.0000 175.0000
2.4843 172 177 -0.4224 -0.0000 175.0000
2.4856 172 177 -0.4012 -0.0000 175.0000
2.4868 172 177 -0.3512 -0.0000 175.0000
2.4881 172 177 -0.3007 -0.0000 175.0000
2.4893 172 177 -0.2556 -0.0000 175.0000
2.4906 172 177 -0.2624 -0.0000 175.0000
2.4918 172 177 -0.3176 -0.0000 175.0000
2.4931 172 177 -0.3233 -0.0000 175.0000
2.4944 171 175 -0.2911 -0.0000 173.4375
2.4957 171 175 -0.3446 -0.0000 173.4375
2.4970 171 175 -0.3033 -0.0000 173.4375
2.4983 171 175 -0.2830 -0.0000 173.4375
2.4995 171 175 -0.2990 -0.0000 173.4375
2.5008 171 175 -0.3445 -0.0000 173.4375
2.5020 171 175 -0.3546 -0.0000 173.4375
2.5033 171 175 -0.2933 -0.0000 173.4375
2.5045 171 175 -0.3067 -0.0000 173.4375
2.5058 171 175 -0.2320 -0.0000 173.4375
2.5070 171 175 -0.2871 -0.0000 173.4375
2.5083 171 175 -0.2385 -0.0000 173.4375
2.5096 171 175 -0.1701 -0.0000 173.4375
2.5108 171 175 -0.1775 -0.0000 173.4375
2.5121 171 175 -0.1758 -0.0000 173.4375
2.5134 171 175 -0.1938 -0.0000 173.4375
2.5146 171 175 -0.2444 -0.0000 173.4375
2.5159 171 175 -0.3242 -0.0000 173.4375
2.5172 171 175 -0.3254 -0.0000 173.4375
2.5185 171 175 -0.2773 -0.0000 173.4375
2.5197 171 175 -0.2446 -0.0000 173.4375
2.5210 171 175 -0.2995 -0.0000 173.4375
2.5222 171 175 -0.2336 -0.0000 173.4375
2.5235 171 175 -0.1672 -0.0000 173.4375
2.5248 171 175 -0.1275 -0.0000 173.4375
2.5260 171 175 -0.0367 -0.0000 173.4375
2.5273 171 175 -0.0004 -0.0000 173.4375
2.5286 171 175 -0.0748 -0.0000 173.4375
2.5298 171 175 -0.0977 -0.0000 173.4375
2.5311 171 175 -0.1230 -0.0000 173.4375
2.5324 171 175 -0.1750 -0.0000 173.4375
2.5337 171 175 -0.1015 -0.0000 173.4375
2.5350 167 172 0.0293 -0.0000 170.3125
2.5362 167 172 -0.0270 -0.0000 170.3125
2.5375 167 172 0.0225 -0.0000 170.3125
2.5388 167 172 0.0576 -0.0000 170.3125
2.5400 167 172 0.0519 -0.0000 170.3125
2.5413 167 172 0.0629 -0.0000 170.3125
2.5426 167 172 0.0499 -0.0000 170.3125
2.5438 167 172 0.0004 -0.0000 170.3125
2.5451 167 172 -0.0564 -0.0000 170.3125
2.5464 167 172 0.0271 -0.0000 170.3125
2.5476 167 172 0.0520 -0.0000 170.3125
2.5489 167 172 -0.0062 -0.0000 170.3125
2.5502 167 172 -0.0018 -0.0000 170.3125
2.5515 167 172 0.0769 -0.0000 170.3125
2.5527 167 172 0.1376 -0.0000 170.3125
2.5540 167 172 0.1475 -0.0000 170.3125
2.5552 167 172 0.1813 -0.0000 170.3125
2.5565 167 172 0.1886 -0.0000 170.3125
2.5577 167 172 0.1872 -0.0000 170.3125
2.5590 167 172 0.1772 -0.0000 170.3125
2.5603 167 172 0.1969 -0.0000 170.3125
2.5615 167 172 0.2427 -0.0000 170.3125
2.5628 167 172 0.3007 -0.0000 170.3125
2.5640 167 172 0.2879 -0.0000 170.3125
2.5653 167 172 0.2225 -0.0000 170.3125
2.5666 167 172 0.2523 -0.0000 170.3125
2.5679 167 172 0.2301 -0.0000 170.3125
2.5692 167 172 0.3443 -0.0000 170.3125
2.5704 167 172 0.4355 -0.0000 170.3125
2.5717 167 172 0.4713 -0.0000 170.3125
2.5730 167 172 0.4525 -0.0000 170.3125
2.5742 167 172 0.5243 -0.0000 170.3125
2.5755 167 172 0.5289 -0.0000 170.3125
2.5768 167 172 0.5360 -0.0000 170.3125
2.5780 167 172 0.6164 -0.0000 170.3125
2.5794 167 172 0.6543 -0.0000 170.3125
2.5806 167 172 0.6315 -0.0000 170.3125
2.5819 167 172 0.5869 -0.0000 170.3125
2.5832 167 172 0.5699 -0.0000 170.3125
2.5845 167 172 0.4809 -0.0000 170.3125
2.5858 167 172 0.4044 -0.0000 170.3125
2.5870 167 172 0.3842 -0.0000 170.3125
2.5883 167 172 0.2992 -0.0000 170.3125
2.5896 168 172 0.2474 -0.0000 170.3125
2.5909 161 166 0.2178 -0.0000 164.0625
2.5922 161 166 0.2003 -0.0000 164.0625
2.5934 161 166 0.1472 -0.0000 164.0625
2.5947 161 166 0.0755 -0.0000 164.0625
2.5960 161 166 0.0280 -0.0000 164.0625
2.5973 161 166 0.0933 -0.0000 164.0625
2.5986 161 166 0.1523 -0.0000 164.0625
2.5998 161 166 0.0832 -0.0000 164.0625
2.6011 161 166 -0.0744 -0.0000 164.0625
2.6024 161 166 -0.0284 -0.0000 164.0625
2.6037 161 166 -0.0108 -0.0000 164.0625
2.6049 161 166 -0.0279 -0.0000 164.0625
2.6062 161 166 -0.1002 -0.0000 164.0625
2.6075 161 166 -0.1891 -0.0000 164.0625
2.6088 161 166 -0.2072 -0.0000 164.0625
2.6100 161 166 -0.1376 -0.0000 164.0625
2.6114 161 166 -0.2446 -0.0000 164.0625
2.6126 161 166 -0.2310 -0.0000 164.0625
2.6139 161 166 -0.2510 -0.0000 164.0625
2.6152 161 166 -0.1247 -0.0000 164.0625
2.6165 161 166 -0.0891 -0.0000 164.0625
2.6177 161 166 -0.1014 -0.0000 164.0625
2.6190 161 166 -0.0077 -0.0000 164.0625
2.6203 161 166 -0.0649 -0.0000 164.0625
2.6216 161 166 -0.0917 -0.0000 164.0625
2.6228 161 166 -0.0326 -0.0000 164.0625
2.6241 161 166 -0.0124 -0.0000 164.0625
2.6254 161 166 -0.0208 -0.0000 164.0625
2.6267 161 166 -0.0868 -0.0000 164.0625
2.6279 161 166 -0.1117 -0.0000 164.0625
2.6292 161 166 -0.0569 -0.0000 164.0625
2.6304 161 166 -0.1691 -0.0000 164.0625
2.6317 161 166 -0.1845 -0.0000 164.0625
2.6329 161 166 -0.1727 -0.0000 164.0625
2.6342 161 166 -0.1148 -0.0000 164.0625
2.6355 161 166 -0.0644 -0.0000 164.0625
2.6367 161 166 -0.0675 -0.0000 164.0625
2.6380 161 166 -0.1320 -0.0000 164.0625
2.6393 161 166 -0.1577 -0.0000 164.0625
2.6406 161 166 -0.2308 -0.0000 164.0625
2.6419 161 166 -0.1311 -0.0000 164.0625
2.6432 161 166 -0.1359 -0.0000 164.0625
2.6444 161 166 -0.0967 -0.0000 164.0625
2.6457 161 166 -0.1786 -0.0000 164.0625
2.6470 161 166 -0.2866 -0.0000 164.0625
2.6483 161 166 -0.2802 -0.0000 164.0625
2.6495 161 166 -0.2695 -0.0000 164.0625
2.6508 161 166 -0.2809 -0.0000 164.0625
2.6520 161 166 -0.2805 -0.0000 164.0625
2.6533 161 166 -0.2689 -0.0000 164.0625
2.6546 161 166 -0.2237 -0.0000 164.0625
2.6558 161 166 -0.1794 -0.0000 164.0625
2.6571 161 166 -0.1608 -0.0000 164.0625
2.6583 161 166 -0.1465 -0.0000 164.0625
2.6596 161 166 -0.0985 -0.0000 164.0625
2.6609 161 166 -0.1450 -0.0000 164.0625
2.6622 161 166 -0.1549 -0.0000 164.0625
2.6634 161 166 -0.1073 -0.0000 164.0625
2.6646 161 166 -0.0211 -0.0000 164.0625
2.6659 161 166 0.0113 -0.0000 164.0625
2.6672 161 166 -0.0229 -0.0000 164.0625
2.6685 161 166 -0.0812 -0.0000 164.0625
2.6698 161 166 -0.0810 -0.0000 164.0625
2.6710 160 165 -0.1218 -0.0000 163.2812
2.6723 160 165 -0.1362 -0.0000 163.2812
2.6736 160 165 -0.0985 -0.0000 163.2812
2.6749 160 165 -0.0631 -0.0000 163.2812
2.6762 160 165 -0.0278 -0.0000 163.2812
2.6775 160 165 0.0143 -0.0000 163.2812
2.6788 160 165 0.0784 -0.0000 163.2812
2.6800 160 165 0.0768 -0.0000 163.2812
2.6813 160 165 0.0564 -0.0000 163.2812
2.6826 160 165 -0.0514 -0.0000 163.2812
2.6838 160 165 -0.0432 -0.0000 163.2812
2.6851 160 165 -0.0651 -0.0000 163.2812
2.6864 160 165 -0.0910 -0.0000 163.2812
2.6877 160 165 -0.0374 -0.0000 163.2812
2.6889 160 165 0.0345 -0.0000 163.2812
2.6902 160 165 0.0340 -0.0000 163.2812
2.6915 160 165 0.0595 -0.0000 163.2812
2.6927 160 165 0.0702 -0.0000 163.2812
2.6940 160 165 0.0504 -0.0000 163.2812
2.6953 160 165 0.1055 -0.0000 163.2812
2.6965 160 165 0.0635 -0.0000 163.2812
2.6978 160 165 0.1125 -0.0000 163.2812
2.6991 160 165 0.0716 -0.0000 163.2812
2.7004 160 165 0.0581 -0.0000 163.2812
2.7016 160 165 0.0577 -0.0000 163.2812
2.7029 160 165 0.0316 -0.0000 163.2812
2.7042 160 165 0.0150 -0.0000 163.2812
2.7054 160 165 0.0411 -0.0000 163.2812
2.7067 160 165 -0.0232 -0.0000 163.2812
2.7079 160 165 -0.0111 -0.0000 163.2812
2.7092 160 165 0.0509 -0.0000 163.2812
2.7105 160 165 0.0365 -0.0000 163.2812
2.7118 160 165 -0.0451 -0.0000 163.2812
2.7130 160 165 0.0138 -0.0000 163.2812
2.7143 160 165 0.0399 -0.0000 163.2812
2.7156 160 165 -0.0063 -0.0000 163.2812
2.7168 160 165 0.0190 -0.0000 163.2812
2.7181 160 165 -0.0273 -0.0000 163.2812
2.7194 160 165 -0.0620 -0.0000 163.2812
2.7206 160 165 -0.0758 -0.0000 163.2812
2.7218 160 165 -0.0730 -0.0000 163.2812
2.7231 160 165 -0.0409 -0.0000 163.2812
2.7243 160 165 -0.1012 -0.0000 163.2812
2.7256 160 165 -0.1718 -0.0000 163.2812
2.7268 160 165 -0.2691 -0.0000 163.2812
2.7281 153 157 -0.2912 -0.0000 155.4688
2.7294 153 157 -0.3462 -0.0000 155.4688
2.7307 153 157 -0.3322 -0.0000 155.4688
2.7320 153 157 -0.3073 -0.0000 155.4688
2.7333 153 157 -0.2611 -0.0000 155.4688
2.7346 153 157 -0.3497 -0.0000 155.4688
2.7359 153 157 -0.2921 -0.0000 155.4688
2.7372 153 157 -0.3273 -0.0000 155.4688
2.7385 153 157 -0.3428 -0.0000 155.4688
2.7398 153 157 -0.3387 -0.0000 155.4688
2.7411 153 157 -0.4017 -0.0000 155.4688
2.7423 153 157 -0.4943 -0.0000 155.4688
2.7436 153 157 -0.4846 -0.0000 155.4688
2.7449 153 157 -0.4198 -0.0000 155.4688
2.7462 153 157 -0.4211 -0.0000 155.4688
2.7474 153 157 -0.4156 -0.0000 155.4688
2.7487 153 157 -0.3935 -0.0000 155.4688
2.7500 153 157 -0.3577 -0.0000 155.4688
2.7512 153 157 -0.3849 -0.0000 155.4688
2.7524 153 157 -0.4673 -0.0000 155.4688
2.7537 153 157 -0.4524 -0.0000 155.4688
2.7549 153 157 -0.3386 -0.0000 155.4688
2.7561 153 157 -0.2546 -0.0000 155.4688
2.7574 153 157 -0.1469 -0.0000 155.4688
2.7586 153 157 -0.1248 -0.0000 155.4688
2.7599 153 157 -0.0861 -0.0000 155.4688
2.7611 153 157 -0.0541 -0.0000 155.4688
2.7623 153 157 -0.0352 -0.0000 155.4688
2.7636 153 157 0.0098 -0.0000 155.4688
2.7648 153 157 0.0510 -0.0000 155.4688
2.7661 153 157 0.0579 -0.0000 155.4688
2.7673 153 157 0.1165 -0.0000 155.4688
2.7686 153 157 0.1664 -0.0000 155.4688
2.7698 153 157 0.1017 -0.0000 155.4688
2.7711 153 157 0.1867 -0.0000 155.4688
2.7724 153 157 0.1473 -0.0000 155.4688
2.7736 153 157 0.1876 -0.0000 155.4688
2.7749 153 157 0.2894 -0.0000 155.4688
2.7761 153 157 0.3336 -0.0000 155.4688
2.7774 153 157 0.3966 -0.0000 155.4688
2.7787 153 157 0.3759 -0.0000 155.4688
2.7799 153 157 0.4050 -0.0000 155.4688
2.7812 153 157 0.5326 -0.0000 155.4688
2.7825 153 157 0.4758 -0.0000 155.4688
2.7837 141 146 0.4822 -0.0000 143.7500
2.7850 141 146 0.4199 -0.0000 143.7500
2.7862 141 146 0.5282 -0.0000 143.7500
2.7875 141 146 0.5537 -0.0000 143.7500
2.7888 141 146 0.5049 -0.0000 143.7500
2.7901 141 146 0.4910 -0.0000 143.7500
2.7913 141 146 0.5123 -0.0000 143.7500
2.7926 141 146 0.5579 -0.0000 143.7500
2.7938 141 146 0.6626 -0.0000 143.7500
2.7951 141 146 0.7091 -0.0000 143.7500
2.7964 141 146 0.6818 -0.0000 143.7500
2.7976 141 146 0.6456 -0.0000 143.7500
2.7989 141 146 0.5592 -0.0000 143.7500
2.8002 141 146 0.5800 -0.0000 143.7500
2.8015 141 146 0.6590 -0.0000 143.7500
2.8027 141 146 0.5910 -0.0000 143.7500
2.8041 141 146 0.5141 -0.0000 143.7500
2.8054 141 146 0.4867 -0.0000 143.7500
2.8067 141 146 0.3299 -0.0000 143.7500
2.8080 141 146 0.2234 -0.0000 143.7500
2.8093 141 146 0.2572 -0.0000 143.7500
2.8106 141 146 0.3033 -0.0000 143.7500
2.8118 141 146 0.2899 -0.0000 143.7500
2.8131 141 146 0.2996 -0.0000 143.7500
2.8144 141 146 0.2293 -0.0000 143.7500
2.8156 141 146 0.2190 -0.0000 143.7500
2.8169 141 146 0.0980 -0.0000 143.7500
2.8182 141 146 0.0589 -0.0000 143.7500
2.8195 141 146 0.0698 -0.0000 143.7500
2.8208 141 146 0.0107 -0.0000 143.7500
2.8221 141 146 0.0704 -0.0000 143.7500
2.8234 141 146 0.1430 -0.0000 143.7500
2.8246 141 146 0.1652 -0.0000 143.7500
2.8259 141 146 0.1173 -0.0000 143.7500
2.8272 141 146 0.1397 -0.0000 143.7500
2.8285 141 146 -0.0052 -0.0000 143.7500
2.8297 141 146 -0.0139 -0.0000 143.7500
2.8310 141 146 -0.0177 -0.0000 143.7500
2.8323 141 146 -0.0602 -0.0000 143.7500
2.8335 141 146 -0.0404 -0.0000 143.7500
2.8348 141 146 -0.0506 -0.0000 143.7500
2.8361 141 146 0.0191 -0.0000 143.7500
2.8374 141 146 -0.0156 -0.0000 143.7500
2.8386 141 146 -0.0799 -0.0000 143.7500
2.8399 141 146 -0.0147 -0.0000 143.7500
2.8412 141 146 -0.0120 -0.0000 143.7500
2.8425 141 146 0.0510 -0.0000 143.7500
2.8437 141 146 -0.0348 -0.0000 143.7500
2.8450 141 146 -0.0615 -0.0000 143.7500
2.8462 141 146 -0.1126 -0.0000 143.7500
2.8475 141 146 -0.2406 -0.0000 143.7500
2.8487 141 146 -0.1999 -0.0000 143.7500
2.8501 141 146 -0.1130 -0.0000 143.7500
2.8513 135 139 -0.1407 -0.0000 137.5000
2.8526 135 139 -0.1475 -0.0000 137.5000
2.8539 135 139 -0.1319 -0.0000 137.5000
2.8551 135 139 -0.1650 -0.0000 137.5000
2.8564 135 139 -0.0539 -0.0000 137.5000
2.8577 135 139 -0.1057 -0.0000 137.5000
2.8590 135 139 -0.1227 -0.0000 137.5000
2.8603 135 139 -0.1912 -0.0000 137.5000
2.8615 135 139 -0.1160 -0.0000 137.5000
2.8628 135 139 -0.1237 -0.0000 137.5000
2.8641 135 139 -0.0463 -0.0000 137.5000
2.8653 135 139 0.0509 -0.0000 137.5000
2.8666 135 139 0.0655 -0.0000 137.5000
2.8679 135 139 0.0280 -0.0000 137.5000
2.8691 135 139 -0.0293 -0.0000 137.5000
2.8704 135 139 -0.1251 -0.0000 137.5000
2.8717 135 139 -0.1493 -0.0000 137.5000
2.8730 135 139 -0.1745 -0.0000 137.5000
2.8743 135 139 -0.2290 -0.0000 137.5000
2.8755 135 139 -0.2583 -0.0000 137.5000
2.8768 135 139 -0.3272 -0.0000 137.5000
2.8781 135 139 -0.3144 -0.0000 137.5000
2.8793 135 139 -0.3927 -0.0000 137.5000
2.8806 135 139 -0.4534 -0.0000 137.5000
2.8819 135 139 -0.5132 -0.0000 137.5000
2.8832 135 139 -0.4592 -0.0000 137.5000
2.8844 135 139 -0.3287 -0.0000 137.5000
2.8857 135 139 -0.3095 -0.0000 137.5000
2.8870 135 139 -0.2692 -0.0000 137.5000
2.8883 135 139 -0.3177 -0.0000 137.5000
2.8896 135 139 -0.3385 -0.0000 137.5000
2.8908 135 139 -0.3620 -0.0000 137.5000
2.8921 135 139 -0.4121 -0.0000 137.5000
2.8934 135 139 -0.3640 -0.0000 137.5000
2.8947 135 139 -0.2419 -0.0000 137.5000
2.8959 135 139 -0.2408 -0.0000 137.5000
2.8972 135 139 -0.1807 -0.0000 137.5000
2.8985 135 139 -0.1950 -0.0000 137.5000
2.8998 135 139 -0.2458 -0.0000 137.5000
2.9010 135 139 -0.2167 -0.0000 137.5000
2.9023 135 139 -0.1907 -0.0000 137.5000
2.9036 134 139 -0.1622 -0.0000 136.7188
2.9050 134 139 -0.1113 -0.0000 136.7188
2.9063 134 139 -0.0689 -0.0000 136.7188
2.9075 134 139 0.0104 -0.0000 136.7188
2.9088 134 139 0.0446 -0.0000 136.7188
2.9101 134 139 0.0830 -0.0000 136.7188
2.9114 134 139 0.0460 -0.0000 136.7188
2.9126 134 139 0.0556 -0.0000 136.7188
2.9139 134 139 0.0573 -0.0000 136.7188
2.9152 134 139 0.0852 -0.0000 136.7188
2.9164 134 139 0.1389 -0.0000 136.7188
2.9177 134 139 0.1952 -0.0000 136.7188
2.9190 134 139 0.1259 -0.0000 136.7188
2.9202 134 139 0.1636 -0.0000 136.7188
2.9215 134 139 0.1533 -0.0000 136.7188
2.9228 134 139 0.1422 -0.0000 136.7188
2.9241 134 139 0.2518 -0.0000 136.7188
2.9254 134 139 0.2814 -0.0000 136.7188
2.9266 134 139 0.1897 -0.0000 136.7188
2.9279 134 139 0.0379 -0.0000 136.7188
2.9291 134 139 0.0951 -0.0000 136.7188
2.9304 134 139 -0.0063 -0.0000 136.7188
2.9317 134 139 0.0059 -0.0000 136.7188
2.9330 134 139 -0.0156 -0.0000 136.7188
2.9343 134 139 -0.0191 -0.0000 136.7188
2.9355 134 139 -0.0724 -0.0000 136.7188
2.9368 134 139 -0.0077 -0.0000 136.7188
2.9381 134 139 -0.0126 -0.0000 136.7188
2.9393 134 139 -0.0559 -0.0000 136.7188
2.9406 134 139 -0.0679 -0.0000 136.7188
2.9419 134 139 -0.0469 -0.0000 136.7188
2.9432 134 139 0.0094 -0.0000 136.7188
2.9444 134 139 0.0640 -0.0000 136.7188
2.9457 134 139 0.1302 -0.0000 136.7188
2.9470 134 139 0.0557 -0.0000 136.7188
2.9483 134 139 0.1407 -0.0000 136.7188
2.9495 134 139 0.1531 -0.0000 136.7188
2.9508 134 139 0.0384 -0.0000 136.7188
2.9521 134 139 0.0351 -0.0000 136.7188
2.9534 134 139 0.1568 -0.0000 136.7188
2.9546 134 139 0.1322 -0.0000 136.7188
2.9559 134 139 0.1990 -0.0000 136.7188
2.9572 134 139 0.3028 -0.0000 136.7188
2.9585 134 139 0.2810 -0.0000 136.7188
2.9597 123 128 0.3121 -0.0000 125.7812
2.9610 123 128 0.3202 -0.0000 125.7812
2.9623 123 128 0.3288 -0.0000 125.7812
2.9635 123 128 0.2990 -0.0000 125.7812
2.9648 123 128 0.2984 -0.0000 125.7812
2.9661 123 128 0.3085 -0.0000 125.7812
2.9673 123 128 0.2564 -0.0000 125.7812
2.9686 123 128 0.3213 -0.0000 125.7812
2.9699 123 128 0.2429 -0.0000 125.7812
2.9711 123 128 0.3432 -0.0000 125.7812
2.9724 123 128 0.2901 -0.0000 125.7812
2.9737 123 128 0.2648 -0.0000 125.7812
2.9750 123 128 0.2011 -0.0000 125.7812
2.9762 123 128 0.1820 -0.0000 125.7812
2.9775 123 128 0.1772 -0.0000 125.7812
2.9788 123 128 0.3153 -0.0000 125.7812
2.9801 123 128 0.3032 -0.0000 125.7812
2.9813 123 128 0.2525 -0.0000 125.7812
2.9826 123 128 0.2153 -0.0000 125.7812
2.9839 123 128 0.2001 -0.0000 125.7812
2.9852 123 128 0.0730 -0.0000 125.7812
2.9864 123 128 0.0434 -0.0000 125.7812
2.9877 123 128 0.0104 -0.0000 125.7812
2.9890 123 128 0.0515 -0.0000 125.7812
2.9902 123 128 0.0125 -0.0000 125.7812
2.9915 123 128 -0.0080 -0.0000 125.7812
2.9928 123 128 -0.1129 -0.0000 125.7812
2.9941 123 128 -0.0168 -0.0000 125.7812
2.9954 123 128 0.0079 -0.0000 125.7812
2.9967 123 128 0.0526 -0.0000 125.7812
2.9979 123 128 0.0196 -0.0000 125.7812
2.9992 123 128 -0.0524 -0.0000 125.7812
3.0005 123 128 -0.1888 -0.0000 125.7812
3.0017 123 128 -0.2787 -0.0000 125.7812
3.0030 123 128 -0.2716 -0.0000 125.7812
3.0042 123 128 -0.2332 -0.0000 125.7812
3.0055 123 128 -0.2048 -0.0000 125.7812
3.0067 123 128 -0.2057 -0.0000 125.7812
3.0080 123 128 -0.1610 -0.0000 125.7812
3.0093 123 128 -0.0945 -0.0000 125.7812
3.0105 123 128 -0.0208 -0.0000 125.7812
3.0118 123 128 -0.1065 -0.0000 125.7812
3.0131 123 128 -0.1772 -0.0000 125.7812
3.0144 123 128 -0.1468 -0.0000 125.7812
3.0157 117 122 -0.1743 -0.0000 120.3125
3.0169 117 122 -0.1399 -0.0000 120.3125
3.0182 117 122 -0.1228 -0.0000 120.3125
3.0195 117 122 -0.0615 -0.0000 120.3125
3.0207 117 122 0.0466 -0.0000 120.3125
3.0220 117 122 -0.0196 -0.0000 120.3125
3.0233 117 122 0.1157 -0.0000 120.3125
3.0246 117 122 0.1232 -0.0000 120.3125
3.0259 117 122 0.1484 -0.0000 120.3125
3.0271 117 122 0.1073 -0.0000 120.3125
3.0284 117 122 0.1381 -0.0000 120.3125
3.0297 117 122 0.2044 -0.0000 120.3125
3.0310 117 122 0.2380 -0.0000 120.3125
3.0323 117 122 0.2768 -0.0000 120.3125
3.0336 117 122 0.2654 -0.0000 120.3125
3.0348 117 122 0.3267 -0.0000 120.3125
3.0361 118 122 0.3660 -0.0000 120.3125
3.0374 118 122 0.3224 -0.0000 120.3125
3.0387 118 122 0.3404 -0.0000 120.3125
3.0399 118 122 0.3285 -0.0000 120.3125
3.0412 118 122 0.2613 -0.0000 120.3125
3.0425 118 122 0.2317 -0.0000 120.3125
3.0438 118 122 0.2744 -0.0000 120.3125
3.0451 118 122 0.2438 -0.0000 120.3125
3.0463 118 122 0.3110 -0.0000 120.3125
3.0476 118 122 0.4114 -0.0000 120.3125
3.0489 118 122 0.4389 -0.0000 120.3125
3.0502 118 122 0.3655 -0.0000 120.3125
3.0515 118 122 0.3357 -0.0000 120.3125
3.0527 118 122 0.3341 -0.0000 120.3125
3.0540 118 122 0.3221 -0.0000 120.3125
3.0553 118 122 0.3103 -0.0000 120.3125
3.0565 118 122 0.3185 -0.0000 120.3125
3.0579 118 122 0.2784 -0.0000 120.3125
3.0591 118 122 0.1846 -0.0000 120.3125
3.0604 118 122 0.1494 -0.0000 120.3125
3.0617 118 122 0.2026 -0.0000 120.3125
3.0629 118 122 0.1824 -0.0000 120.3125
3.0642 118 122 0.2010 -0.0000 120.3125
3.0654 118 122 0.2058 -0.0000 120.3125
3.0667 118 122 0.1254 -0.0000 120.3125
3.0680 118 122 0.1829 -0.0000 120.3125
3.0693 118 122 0.1197 -0.0000 120.3125
3.0706 118 122 0.0784 -0.0000 120.3125
3.0718 118 122 0.0887 -0.0000 120.3125
3.0731 118 122 0.0378 -0.0000 120.3125
3.0743 118 122 0.0761 -0.0000 120.3125
3.0756 118 122 0.0293 -0.0000 120.3125
3.0768 118 122 0.0421 -0.0000 120.3125
3.0781 118 122 -0.0729 -0.0000 120.3125
3.0794 118 122 -0.0691 -0.0000 120.3125
3.0806 118 122 -0.0849 -0.0000 120.3125
3.0819 118 122 -0.0628 -0.0000 120.3125
3.0831 118 122 -0.0979 -0.0000 120.3125
3.0844 118 122 -0.0226 -0.0000 120.3125
3.0856 118 122 -0.0073 -0.0000 120.3125
3.0869 118 122 0.0301 -0.0000 120.3125
3.0882 118 122 0.0253 -0.0000 120.3125
3.0894 118 122 0.0657 -0.0000 120.3125
3.0907 118 122 0.0407 -0.0000 120.3125
3.0919 118 122 0.0079 -0.0000 120.3125
3.0932 118 122 0.0097 -0.0000 120.3125
3.0945 118 122 0.1227 -0.0000 120.3125
3.0958 111 116 0.1765 -0.0000 114.0625
3.0971 111 116 0.1879 -0.0000 114.0625
3.0984 111 116 0.2502 -0.0000 114.0625
3.0997 111 116 0.2335 -0.0000 114.0625
3.1010 111 116 0.2031 -0.0000 114.0625
3.1023 111 116 0.1554 -0.0000 114.0625
3.1035 111 116 0.0645 -0.0000 114.0625
3.1048 111 116 0.0835 -0.0000 114.0625
3.1061 111 116 0.0112 -0.0000 114.0625
3.1073 111 116 -0.0051 -0.0000 114.0625
3.1086 111 116 -0.0312 -0.0000 114.0625
3.1099 111 116 0.0393 -0.0000 114.0625
3.1111 111 116 0.0344 -0.0000 114.0625
3.1124 111 116 -0.0159 -0.0000 114.0625
3.1137 111 116 0.0365 -0.0000 114.0625
3.1150 111 116 0.0119 -0.0000 114.0625
3.1162 111 116 -0.0998 -0.0000 114.0625
3.1175 111 116 -0.0732 -0.0000 114.0625
3.1189 111 116 -0.0911 -0.0000 114.0625
3.1201 111 116 -0.0810 -0.0000 114.0625
3.1214 111 116 -0.1294 -0.0000 114.0625
3.1227 111 116 -0.2906 -0.0000 114.0625
3.1239 111 116 -0.3630 -0.0000 114.0625
3.1252 111 116 -0.4351 -0.0000 114.0625
3.1265 111 116 -0.3683 -0.0000 114.0625
3.1278 111 116 -0.3836 -0.0000 114.0625
3.1290 111 116 -0.4739 -0.0000 114.0625
3.1303 111 116 -0.5761 -0.0000 114.0625
3.1316 111 116 -0.4731 -0.0000 114.0625
3.1328 111 116 -0.4348 -0.0000 114.0625
3.1341 111 116 -0.3619 -0.0000 114.0625
3.1354 106 110 -0.3286 -0.0000 108.5938
3.1367 106 110 -0.3915 -0.0000 108.5938
3.1380 106 110 -0.3499 -0.0000 108.5938
3.1393 106 110 -0.4337 -0.0000 108.5938
3.1406 106 110 -0.4992 -0.0000 108.5938
3.1418 106 110 -0.4329 -0.0000 108.5938
3.1431 106 110 -0.3692 -0.0000 108.5938
3.1444 106 110 -0.3158 -0.0000 108.5938
3.1457 106 110 -0.3221 -0.0000 108.5938
3.1469 106 110 -0.3084 -0.0000 108.5938
3.1482 106 110 -0.3202 -0.0000 108.5938
3.1495 106 110 -0.3714 -0.0000 108.5938
3.1508 106 110 -0.3565 -0.0000 108.5938
3.1520 106 110 -0.3269 -0.0000 108.5938
3.1533 106 110 -0.3129 -0.0000 108.5938
3.1545 106 110 -0.3174 -0.0000 108.5938
3.1558 106 110 -0.3342 -0.0000 108.5938
3.1571 106 110 -0.2599 -0.0000 108.5938
3.1583 106 110 -0.2286 -0.0000 108.5938
3.1596 106 110 -0.1818 -0.0000 108.5938
3.1609 106 110 -0.1918 -0.0000 108.5938
3.1622 106 110 -0.1379 -0.0000 108.5938
3.1634 106 110 -0.1736 -0.0000 108.5938
3.1647 106 110 -0.1563 -0.0000 108.5938
3.1660 106 110 -0.2255 -0.0000 108.5938
3.1672 106 110 -0.2858 -0.0000 108.5938
3.1685 106 110 -0.3226 -0.0000 108.5938
3.1697 106 110 -0.3707 -0.0000 108.5938
3.1710 106 110 -0.3051 -0.0000 108.5938
3.1723 106 110 -0.2465 -0.0000 108.5938
3.1735 106 110 -0.1392 -0.0000 108.5938
3.1748 106 110 -0.0947 -0.0000 108.5938
3.1760 106 110 0.0120 -0.0000 108.5938
3.1773 106 110 0.0070 -0.0000 108.5938
3.1786 106 110 0.0691 -0.0000 108.5938
3.1799 106 110 0.0350 -0.0000 108.5938
3.1812 106 110 0.0949 -0.0000 108.5938
3.1825 106 110 0.0559 -0.0000 108.5938
3.1837 106 110 -0.0011 -0.0000 108.5938
3.1850 106 110 0.0547 -0.0000 108.5938
3.1863 106 110 0.1103 -0.0000 108.5938
3.1876 106 110 0.1684 -0.0000 108.5938
3.1889 106 110 0.1625 -0.0000 108.5938
3.1901 106 110 0.1373 -0.0000 108.5938
3.1914 106 110 0.1009 -0.0000 108.5938
3.1927 106 110 0.1624 -0.0000 108.5938
3.1940 106 110 0.1803 -0.0000 108.5938
3.1953 106 110 0.1763 -0.0000 108.5938
3.1965 106 110 0.0589 -0.0000 108.5938
3.1978 106 110 0.0573 -0.0000 108.5938
3.1991 106 110 0.0932 -0.0000 108.5938
3.2004 106 110 0.1459 -0.0000 108.5938
3.2016 106 110 0.1834 -0.0000 108.5938
3.2029 106 110 0.2129 -0.0000 108.5938
3.2042 106 110 0.2400 -0.0000 108.5938
3.2054 106 110 0.2285 -0.0000 108.5938
3.2067 106 110 0.2056 -0.0000 108.5938
3.2080 106 110 0.2535 -0.0000 108.5938
3.2093 106 110 0.1298 -0.0000 108.5938
3.2105 106 110 0.1447 -0.0000 108.5938
3.2118 106 110 0.0474 -0.0000 108.5938
3.2131 106 110 0.0165 -0.0000 108.5938
3.2143 106 110 0.0528 -0.0000 108.5938
3.2156 106 110 0.0756 -0.0000 108.5938
3.2169 106 110 0.0436 -0.0000 108.5938
3.2182 106 110 -0.0374 -0.0000 108.5938
3.2194 106 110 -0.1145 -0.0000 108.5938
3.2207 106 110 -0.0904 -0.0000 108.5938
3.2219 106 110 -0.0271 -0.0000 108.5938
3.2232 102 107 -0.0111 -0.0000 104.6875
3.2245 102 107 -0.0476 -0.0000 104.6875
3.2257 102 107 -0.0874 -0.0000 104.6875
3.2270 102 107 -0.1062 -0.0000 104.6875
3.2283 102 107 -0.0608 -0.0000 104.6875
3.2295 102 107 -0.1446 -0.0000 104.6875
3.2308 102 107 -0.0608 -0.0000 104.6875
3.2321 102 107 0.0198 -0.0000 104.6875
3.2334 102 107 0.0648 -0.0000 104.6875
3.2346 102 107 0.1491 -0.0000 104.6875
3.2359 102 107 0.1861 -0.0000 104.6875
3.2372 102 107 0.2202 -0.0000 104.6875
3.2385 102 107 0.2884 -0.0000 104.6875
3.2397 102 107 0.2191 -0.0000 104.6875
3.2410 102 107 0.1261 -0.0000 104.6875
3.2423 102 107 0.0670 -0.0000 104.6875
3.2435 102 107 0.1162 -0.0000 104.6875
3.2448 102 107 0.1737 -0.0000 104.6875
3.2460 102 107 0.2518 -0.0000 104.6875
3.2473 102 107 0.2840 -0.0000 104.6875
3.2485 102 106 0.1884 -0.0000 104.6875
3.2498 102 106 0.1130 -0.0000 104.6875
3.2510 102 106 0.0905 -0.0000 104.6875
3.2523 102 106 0.1335 -0.0000 104.6875
3.2535 102 106 0.1716 -0.0000 104.6875
3.2547 102 106 0.1853 -0.0000 104.6875
3.2560 102 106 0.1263 -0.0000 104.6875
3.2572 102 106 0.2194 -0.0000 104.6875
3.2585 102 106 0.3071 -0.0000 104.6875
3.2598 102 106 0.3572 -0.0000 104.6875
3.2610 102 106 0.3914 -0.0000 104.6875
3.2623 102 106 0.3985 -0.0000 104.6875
3.2637 102 106 0.3961 -0.0000 104.6875
3.2650 102 106 0.3520 -0.0000 104.6875
3.2663 102 106 0.3243 -0.0000 104.6875
3.2676 102 106 0.3745 -0.0000 104.6875
3.2689 102 106 0.3362 -0.0000 104.6875
3.2701 102 106 0.3319 -0.0000 104.6875
3.2714 102 106 0.3581 -0.0000 104.6875
3.2727 102 106 0.4048 -0.0000 104.6875
3.2739 102 106 0.4017 -0.0000 104.6875
3.2752 102 106 0.2916 -0.0000 104.6875
3.2765 102 106 0.1536 -0.0000 104.6875
3.2778 102 106 0.0779 -0.0000 104.6875
3.2790 102 106 0.0661 -0.0000 104.6875
3.2803 102 106 -0.0052 -0.0000 104.6875
3.2816 102 106 -0.0891 -0.0000 104.6875
3.2828 102 106 -0.1242 -0.0000 104.6875
3.2841 102 106 -0.0633 -0.0000 104.6875
3.2854 102 106 0.0359 -0.0000 104.6875
3.2867 102 106 -0.0867 -0.0000 104.6875
3.2879 102 106 -0.0439 -0.0000 104.6875
3.2892 102 106 -0.0960 -0.0000 104.6875
3.2905 102 106 -0.1439 -0.0000 104.6875
3.2918 102 106 -0.1100 -0.0000 104.6875
3.2930 102 106 -0.0919 -0.0000 104.6875
3.2943 102 106 -0.0069 -0.0000 104.6875
3.2956 102 106 0.1250 -0.0000 104.6875
3.2969 102 106 0.1670 -0.0000 104.6875
3.2982 102 106 0.2164 -0.0000 104.6875
3.2995 102 106 0.2864 -0.0000 104.6875
3.3007 102 106 0.3852 -0.0000 104.6875
3.3020 102 106 0.3828 -0.0000 104.6875
3.3033 102 106 0.3584 -0.0000 104.6875
3.3045 102 106 0.4976 -0.0000 104.6875
3.3058 102 106 0.5446 -0.0000 104.6875
3.3071 102 106 0.5854 -0.0000 104.6875
3.3084 102 106 0.5591 -0.0000 104.6875
3.3096 102 106 0.5548 -0.0000 104.6875
3.3109 102 106 0.5896 -0.0000 104.6875
3.3121 102 106 0.6852 -0.0000 104.6875
3.3134 102 106 0.6301 -0.0000 104.6875
3.3147 102 106 0.5130 -0.0000 104.6875
3.3159 102 106 0.6229 -0.0000 104.6875
3.3172 102 106 0.6940 -0.0000 104.6875
3.3184 102 106 0.7287 -0.0000 104.6875
3.3197 102 106 0.7514 -0.0000 104.6875
3.3210 102 106 0.8015 -0.0000 104.6875
3.3222 102 106 0.7129 -0.0000 104.6875
3.3235 102 106 0.6401 -0.0000 104.6875
3.3248 102 106 0.6945 -0.0000 104.6875
3.3260 102 106 0.7135 -0.0000 104.6875
3.3273 102 106 0.7212 -0.0000 104.6875
3.3286 102 106 0.7799 -0.0000 104.6875
3.3299 102 106 0.8301 -0.0000 104.6875
3.3312 102 106 0.8166 -0.0000 104.6875
3.3324 102 106 0.8694 -0.0000 104.6875
3.3337 102 106 0.8505 -0.0000 104.6875
3.3350 102 106 0.8343 -0.0000 104.6875
3.3363 102 106 0.9275 -0.0000 104.6875
3.3376 102 106 0.8768 -0.0000 104.6875
3.3388 102 106 0.8757 -0.0000 104.6875
3.3401 102 106 0.8748 -0.0000 104.6875
3.3414 102 106 0.8774 -0.0000 104.6875
3.3427 102 106 0.9080 -0.0000 104.6875
3.3439 102 106 0.8896 -0.0000 104.6875
3.3452 102 106 0.8861 -0.0000 104.6875
3.3465 102 106 0.9207 -0.0000 104.6875
3.3478 102 106 0.8279 -0.0000 104.6875
3.3490 102 106 0.6636 -0.0000 104.6875
3.3503 102 106 0.7801 -0.0000 104.6875
3.3516 102 106 0.7461 -0.0000 104.6875
3.3528 102 106 0.6399 -0.0000 104.6875
3.3541 102 106 0.4962 -0.0000 104.6875
3.3554 102 106 0.5663 -0.0000 104.6875
3.3567 102 106 0.6197 -0.0000 104.6875
3.3580 102 106 0.6776 -0.0000 104.6875
3.3592 102 106 0.6582 -0.0000 104.6875
3.3605 102 106 0.7048 -0.0000 104.6875
3.3618 102 106 0.5890 -0.0000 104.6875
3.3631 102 106 0.5726 -0.0000 104.6875
3.3643 102 106 0.6455 -0.0000 104.6875
3.3656 102 106 0.5481 -0.0000 104.6875
3.3669 102 106 0.5538 -0.0000 104.6875
3.3681 102 106 0.5256 -0.0000 104.6875
3.3694 102 106 0.5915 -0.0000 104.6875
3.3706 102 106 0.6535 -0.0000 104.6875
3.3719 102 106 0.6260 -0.0000 104.6875
3.3731 102 106 0.5857 -0.0000 104.6875
3.3744 102 106 0.5664 -0.0000 104.6875
3.3757 102 106 0.5701 -0.0000 104.6875
3.3769 102 106 0.5901 -0.0000 104.6875
3.3782 102 106 0.6074 -0.0000 104.6875
3.3794 102 106 0.6750 -0.0000 104.6875
3.3807 102 106 0.5959 -0.0000 104.6875
3.3820 102 106 0.6074 -0.0000 104.6875
3.3832 102 106 0.6488 -0.0000 104.6875
3.3845 102 106 0.5705 -0.0000 104.6875
3.3857 102 106 0.4823 -0.0000 104.6875
3.3870 102 106 0.4780 -0.0000 104.6875
3.3883 102 106 0.5235 -0.0000 104.6875
3.3895 102 106 0.4811 -0.0000 104.6875
3.3908 102 106 0.5015 -0.0000 104.6875
3.3920 102 106 0.4764 -0.0000 104.6875
3.3932 102 106 0.4761 -0.0000 104.6875
3.3945 102 106 0.4677 -0.0000 104.6875
3.3958 102 106 0.5037 -0.0000 104.6875
3.3971 102 106 0.4453 -0.0000 104.6875
3.3984 102 106 0.3914 -0.0000 104.6875
3.3996 102 106 0.3413 -0.0000 104.6875
3.4009 102 106 0.2822 -0.0000 104.6875
3.4021 102 106 0.2222 -0.0000 104.6875
3.4035 102 106 0.2666 -0.0000 104.6875
3.4047 102 106 0.3141 -0.0000 104.6875
3.4060 102 106 0.3140 -0.0000 104.6875
3.4073 102 106 0.2338 -0.0000 104.6875
3.4085 102 106 0.1967 -0.0000 104.6875
3.4098 102 106 0.1665 -0.0000 104.6875
3.4110 102 106 0.1332 -0.0000 104.6875
3.4123 102 106 0.0316 -0.0000 104.6875
3.4136 102 106 -0.0032 -0.0000 104.6875
3.4149 102 106 -0.0280 -0.0000 104.6875
3.4162 102 106 -0.0793 -0.0000 104.6875
3.4174 102 106 -0.1506 -0.0000 104.6875
3.4187 102 106 -0.0865 -0.0000 104.6875
3.4200 102 106 -0.0700 -0.0000 104.6875
3.4212 102 106 -0.0420 -0.0000 104.6875
3.4225 102 106 0.0091 -0.0000 104.6875
3.4238 102 106 -0.0149 -0.0000 104.6875
3.4250 102 106 -0.0176 -0.0000 104.6875
3.4263 102 106 -0.0007 -0.0000 104.6875
3.4277 102 106 0.1083 -0.0000 104.6875
3.4289 102 106 0.0240 -0.0000 104.6875
3.4302 102 106 -0.0479 -0.0000 104.6875
3.4315 102 106 -0.0822 -0.0000 104.6875
3.4327 102 106 -0.1365 -0.0000 104.6875
3.4340 102 106 -0.1662 -0.0000 104.6875
3.4353 102 106 -0.1199 -0.0000 104.6875
3.4366 102 106 -0.1428 -0.0000 104.6875
3.4379 102 106 -0.1265 -0.0000 104.6875
3.4392 94 97 -0.0885 -0.0000 96.0938
3.4405 94 97 -0.0532 -0.0000 96.0938
3.4418 94 97 -0.0369 -0.0000 96.0938
3.4431 94 97 -0.1450 -0.0000 96.0938
3.4444 94 97 -0.1851 -0.0000 96.0938
3.4457 94 97 -0.1785 -0.0000 96.0938
3.4470 94 97 -0.1964 -0.0000 96.0938
3.4482 94 97 -0.2208 -0.0000 96.0938
3.4495 94 97 -0.3289 -0.0000 96.0938
3.4508 94 97 -0.2737 -0.0000 96.0938
3.4521 94 97 -0.2603 -0.0000 96.0938
3.4534 94 97 -0.2763 -0.0000 96.0938
3.4546 94 97 -0.2338 -0.0000 96.0938
3.4559 94 97 -0.2211 -0.0000 96.0938
3.4572 94 97 -0.2233 -0.0000 96.0938
3.4585 94 97 -0.2802 -0.0000 96.0938
3.4597 94 97 -0.2956 -0.0000 96.0938
3.4611 94 97 -0.2950 -0.0000 96.0938
3.4623 94 97 -0.2462 -0.0000 96.0938
3.4636 94 97 -0.3045 -0.0000 96.0938
3.4649 94 97 -0.2657 -0.0000 96.0938
3.4661 94 97 -0.3066 -0.0000 96.0938
3.4674 94 97 -0.3801 -0.0000 96.0938
3.4687 94 97 -0.4316 -0.0000 96.0938
3.4700 94 97 -0.3971 -0.0000 96.0938
3.4712 94 97 -0.4708 -0.0000 96.0938
3.4725 94 97 -0.4593 -0.0000 96.0938
3.4738 94 97 -0.5157 -0.0000 96.0938
3.4750 94 97 -0.6158 -0.0000 96.0938
3.4763 94 97 -0.6193 -0.0000 96.0938
3.4776 94 97 -0.6159 -0.0000 96.0938
3.4789 94 97 -0.6787 -0.0000 96.0938
3.4801 94 97 -0.6938 -0.0000 96.0938
3.4814 94 97 -0.7087 -0.0000 96.0938
3.4826 94 97 -0.7513 -0.0000 96.0938
3.4839 94 97 -0.6995 -0.0000 96.0938
3.4852 94 97 -0.7640 -0.0000 96.0938
3.4865 94 97 -0.7938 -0.0000 96.0938
3.4878 94 97 -0.8010 -0.0000 96.0938
3.4891 94 97 -0.9369 -0.0000 96.0938
3.4904 94 97 -0.8998 -0.0000 96.0938
3.4916 94 98 -0.8699 -0.0000 96.0938
3.4929 94 98 -0.9236 -0.0000 96.0938
3.4942 94 98 -0.9261 -0.0000 96.0938
3.4955 82 86 -0.9371 -0.0000 84.3750
3.4968 82 86 -0.8626 -0.0000 84.3750
3.4980 82 86 -0.9569 -0.0000 84.3750
3.4993 82 86 -0.9280 -0.0000 84.3750
3.5005 82 86 -0.9369 -0.0000 84.3750
3.5018 82 86 -1.0091 -0.0000 84.3750
3.5030 82 86 -0.9670 -0.0000 84.3750
3.5042 82 86 -0.9957 -0.0000 84.3750
3.5055 82 86 -0.8967 -0.0000 84.3750
3.5067 82 86 -0.8863 -0.0000 84.3750
3.5080 82 86 -0.9049 -0.0000 84.3750
3.5092 82 86 -0.9053 -0.0000 84.3750
3.5105 82 86 -0.9107 -0.0000 84.3750
3.5118 82 86 -0.9355 -0.0000 84.3750
3.5130 82 86 -0.9388 -0.0000 84.3750
3.5143 82 86 -1.0059 -0.0000 84.3750
3.5155 82 86 -1.0008 -0.0000 84.3750
3.5168 82 86 -1.0274 -0.0000 84.3750
3.5182 82 86 -1.1123 -0.0000 84.3750
3.5195 82 86 -1.1103 -0.0000 84.3750
3.5208 82 86 -1.0838 -0.0000 84.3750
3.5221 82 86 -1.0991 -0.0000 84.3750
3.5234 82 86 -1.2494 -0.0000 84.3750
3.5246 82 86 -1.3013 -0.0000 84.3750
3.5259 82 86 -1.2807 -0.0000 84.3750
3.5272 82 86 -1.2222 -0.0000 84.3750
3.5285 82 86 -1.2620 -0.0000 84.3750
3.5298 82 86 -1.2349 -0.0000 84.3750
3.5310 82 86 -1.3203 -0.0000 84.3750
3.5323 82 86 -1.2673 -0.0000 84.3750
3.5336 82 86 -1.2915 -0.0000 84.3750
3.5349 82 86 -1.2636 -0.0000 84.3750
3.5362 82 86 -1.2992 -0.0000 84.3750
3.5375 82 86 -1.2476 -0.0000 84.3750
3.5388 82 86 -1.2213 -0.0000 84.3750
3.5400 82 86 -1.1840 -0.0000 84.3750
3.5413 82 86 -1.1197 -0.0000 84.3750
3.5426 82 86 -1.1621 -0.0000 84.3750
3.5439 82 86 -1.1852 -0.0000 84.3750
3.5452 82 86 -1.1322 -0.0000 84.3750
3.5464 81 86 -1.2054 -0.0000 84.3750
3.5477 81 86 -1.1713 -0.0000 84.3750
3.5490 81 86 -1.2032 -0.0000 84.3750
3.5503 81 86 -1.1890 -0.0000 84.3750
3.5515 81 86 -1.1222 -0.0000 84.3750
3.5528 81 86 -1.0694 -0.0000 84.3750
3.5541 81 86 -1.0864 -0.0000 84.3750
3.5553 81 86 -1.1507 -0.0000 84.3750
3.5566 81 86 -1.2984 -0.0000 84.3750
3.5579 81 86 -1.2735 -0.0000 84.3750
3.5591 78 83 -1.2408 -0.0000 81.2500
3.5604 78 83 -1.1574 -0.0000 81.2500
3.5617 78 83 -1.1485 -0.0000 81.2500
3.5630 78 83 -1.1417 -0.0000 81.2500
3.5642 78 83 -1.1461 -0.0000 81.2500
3.5655 78 83 -1.1022 -0.0000 81.2500
3.5668 78 83 -1.0607 -0.0000 81.2500
3.5680 78 83 -0.9451 -0.0000 81.2500
3.5693 78 83 -0.8803 -0.0000 81.2500
3.5705 78 83 -0.7835 -0.0000 81.2500
3.5718 78 83 -0.7330 -0.0000 81.2500
3.5730 78 83 -0.6527 -0.0000 81.2500
3.5743 78 83 -0.6379 -0.0000 81.2500
3.5755 78 83 -0.5496 -0.0000 81.2500
3.5768 78 83 -0.6217 -0.0000 81.2500
3.5781 78 83 -0.6244 -0.0000 81.2500
3.5794 78 83 -0.6542 -0.0000 81.2500
3.5806 78 83 -0.6986 -0.0000 81.2500
3.5819 78 83 -0.7333 -0.0000 81.2500
3.5832 78 83 -0.8318 -0.0000 81.2500
3.5844 78 83 -0.7614 -0.0000 81.2500
3.5857 78 83 -0.7104 -0.0000 81.2500
3.5870 78 83 -0.7271 -0.0000 81.2500
3.5882 78 83 -0.6254 -0.0000 81.2500
3.5895 78 83 -0.6210 -0.0000 81.2500
3.5908 78 83 -0.6398 -0.0000 81.2500
3.5921 78 83 -0.6453 -0.0000 81.2500
3.5933 78 83 -0.6105 -0.0000 81.2500
3.5946 78 83 -0.5998 -0.0000 81.2500
3.5959 78 83 -0.5311 -0.0000 81.2500
3.5972 78 83 -0.4989 -0.0000 81.2500
3.5985 78 83 -0.6743 -0.0000 81.2500
3.5997 78 83 -0.6624 -0.0000 81.2500
3.6010 78 83 -0.6023 -0.0000 81.2500
3.6023 78 84 -0.5880 -0.0000 81.2500
3.6036 78 84 -0.6576 -0.0000 81.2500
3.6048 78 84 -0.7526 -0.0000 81.2500
3.6061 78 84 -0.8108 -0.0000 81.2500
3.6074 78 84 -0.8358 -0.0000 81.2500
3.6087 78 84 -0.8052 -0.0000 81.2500
3.6099 78 84 -0.8679 -0.0000 81.2500
3.6112 78 84 -0.8226 -0.0000 81.2500
3.6125 78 84 -0.7408 -0.0000 81.2500
3.6138 78 84 -0.7018 -0.0000 81.2500
3.6150 78 84 -0.5948 -0.0000 81.2500
3.6163 78 84 -0.6043 -0.0000 81.2500
3.6175 78 84 -0.6356 -0.0000 81.2500
3.6188 78 84 -0.6358 -0.0000 81.2500
3.6201 78 84 -0.5948 -0.0000 81.2500
3.6214 78 84 -0.5212 -0.0000 81.2500
3.6226 78 84 -0.5313 -0.0000 81.2500
3.6239 73 79 -0.5220 -0.0000 76.5625
3.6252 73 79 -0.6922 -0.0000 76.5625
3.6266 73 79 -0.7285 -0.0000 76.5625
3.6278 73 79 -0.7426 -0.0000 76.5625
3.6291 73 79 -0.7235 -0.0000 76.5625
3.6304 73 79 -0.6550 -0.0000 76.5625
3.6316 73 79 -0.6329 -0.0000 76.5625
3.6329 73 79 -0.6139 -0.0000 76.5625
3.6342 73 79 -0.5904 -0.0000 76.5625
3.6355 73 79 -0.6285 -0.0000 76.5625
3.6368 73 79 -0.6232 -0.0000 76.5625
3.6380 73 79 -0.6681 -0.0000 76.5625
3.6393 73 79 -0.6339 -0.0000 76.5625
3.6406 73 79 -0.5810 -0.0000 76.5625
3.6419 73 79 -0.5211 -0.0000 76.5625
3.6431 73 79 -0.5458 -0.0000 76.5625
3.6444 73 79 -0.5413 -0.0000 76.5625
3.6457 73 79 -0.5153 -0.0000 76.5625
3.6470 73 79 -0.4215 -0.0000 76.5625
3.6482 73 79 -0.4162 -0.0000 76.5625
3.6495 73 79 -0.3892 -0.0000 76.5625
3.6508 73 79 -0.4079 -0.0000 76.5625
3.6520 73 79 -0.3793 -0.0000 76.5625
3.6533 73 79 -0.3438 -0.0000 76.5625
3.6546 73 79 -0.2473 -0.0000 76.5625
3.6558 73 79 -0.2285 -0.0000 76.5625
3.6571 73 79 -0.2219 -0.0000 76.5625
3.6584 73 79 -0.1609 -0.0000 76.5625
3.6597 73 79 -0.1426 -0.0000 76.5625
3.6610 73 79 -0.1494 -0.0000 76.5625
3.6622 73 79 -0.1111 -0.0000 76.5625
3.6635 73 79 -0.0241 -0.0000 76.5625
3.6648 73 79 -0.0416 -0.0000 76.5625
3.6660 73 79 0.0020 -0.0000 76.5625
3.6673 73 79 0.0110 -0.0000 76.5625
3.6685 73 79 -0.1127 -0.0000 76.5625
3.6698 73 79 -0.1336 -0.0000 76.5625
3.6710 73 79 -0.1255 -0.0000 76.5625
3.6723 73 79 -0.0672 -0.0000 76.5625
3.6736 73 79 -0.1665 -0.0000 76.5625
3.6748 73 79 -0.2212 -0.0000 76.5625
3.6761 73 79 -0.2671 -0.0000 76.5625
3.6773 73 79 -0.2093 -0.0000 76.5625
3.6786 73 79 -0.1386 -0.0000 76.5625
3.6799 73 79 -0.1250 -0.0000 76.5625
3.6811 73 79 -0.0824 -0.0000 76.5625
3.6824 73 79 -0.1498 -0.0000 76.5625
3.6836 73 79 -0.1765 -0.0000 76.5625
3.6849 73 79 -0.2636 -0.0000 76.5625
3.6861 73 79 -0.2609 -0.0000 76.5625
3.6874 73 79 -0.2719 -0.0000 76.5625
3.6887 73 79 -0.2449 -0.0000 76.5625
3.6899 73 79 -0.2169 -0.0000 76.5625
3.6912 73 79 -0.2150 -0.0000 76.5625
3.6924 73 79 -0.2507 -0.0000 76.5625
3.6937 73 79 -0.1874 -0.0000 76.5625
3.6950 68 74 -0.1823 -0.0000 71.8750
3.6963 68 74 -0.2492 -0.0000 71.8750
3.6976 68 74 -0.2652 -0.0000 71.8750
3.6989 68 74 -0.2059 -0.0000 71.8750
3.7001 68 74 -0.1008 -0.0000 71.8750
3.7014 68 74 -0.1048 -0.0000 71.8750
3.7026 68 74 -0.1751 -0.0000 71.8750
3.7039 68 74 -0.1667 -0.0000 71.8750
3.7052 68 74 -0.2341 -0.0000 71.8750
3.7064 68 74 -0.1506 -0.0000 71.8750
3.7077 68 74 -0.1357 -0.0000 71.8750
3.7090 68 74 -0.1495 -0.0000 71.8750
3.7103 68 74 -0.1098 -0.0000 71.8750
3.7115 68 74 -0.1300 -0.0000 71.8750
3.7128 68 74 -0.2002 -0.0000 71.8750
3.7141 68 74 -0.1761 -0.0000 71.8750
3.7154 68 74 -0.1791 -0.0000 71.8750
3.7167 68 74 -0.1449 -0.0000 71.8750
3.7179 68 74 -0.2684 -0.0000 71.8750
3.7192 68 74 -0.2729 -0.0000 71.8750
3.7205 68 74 -0.2640 -0.0000 71.8750
3.7217 68 74 -0.2777 -0.0000 71.8750
3.7230 68 74 -0.3626 -0.0000 71.8750
3.7243 68 74 -0.4687 -0.0000 71.8750
3.7256 68 74 -0.3444 -0.0000 71.8750
3.7269 68 74 -0.2907 -0.0000 71.8750
3.7281 68 74 -0.1931 -0.0000 71.8750
3.7294 68 74 -0.1296 -0.0000 71.8750
3.7307 68 74 -0.1454 -0.0000 71.8750
3.7319 68 74 -0.0886 -0.0000 71.8750
3.7332 68 74 -0.1224 -0.0000 71.8750
3.7345 68 74 -0.1428 -0.0000 71.8750
3.7357 68 74 -0.1896 -0.0000 71.8750
3.7370 68 74 -0.2129 -0.0000 71.8750
3.7383 68 74 -0.2030 -0.0000 71.8750
3.7396 68 74 -0.1271 -0.0000 71.8750
3.7409 68 74 -0.1375 -0.0000 71.8750
3.7422 68 75 -0.2080 -0.0000 71.8750
3.7434 68 75 -0.2266 -0.0000 71.8750
3.7447 68 75 -0.2142 -0.0000 71.8750
3.7460 68 75 -0.2898 -0.0000 71.8750
3.7473 68 75 -0.3925 -0.0000 71.8750
3.7486 68 75 -0.4167 -0.0000 71.8750
3.7498 68 75 -0.3973 -0.0000 71.8750
3.7511 65 71 -0.2810 -0.0000 68.7500
3.7523 65 71 -0.1569 -0.0000 68.7500
3.7536 65 71 -0.1483 -0.0000 68.7500
3.7548 65 71 -0.0904 -0.0000 68.7500
3.7561 65 71 -0.1652 -0.0000 68.7500
3.7573 65 71 -0.1407 -0.0000 68.7500
3.7586 65 71 -0.1883 -0.0000 68.7500
3.7599 65 71 -0.1143 -0.0000 68.7500
3.7612 65 71 -0.1726 -0.0000 68.7500
3.7625 65 71 -0.1227 -0.0000 68.7500
3.7638 65 71 -0.2144 -0.0000 68.7500
3.7650 65 71 -0.1688 -0.0000 68.7500
3.7663 65 71 -0.1029 -0.0000 68.7500
3.7675 65 71 -0.0467 -0.0000 68.7500
3.7689 65 71 -0.0389 -0.0000 68.7500
3.7702 65 71 -0.0765 -0.0000 68.7500
3.7715 65 71 0.0584 -0.0000 68.7500
3.7727 65 71 0.0340 -0.0000 68.7500
3.7741 65 71 0.0251 -0.0000 68.7500
3.7753 65 71 -0.0299 -0.0000 68.7500
3.7766 65 71 -0.0515 -0.0000 68.7500
3.7779 65 71 -0.0073 -0.0000 68.7500
3.7792 65 71 0.0086 -0.0000 68.7500
3.7805 65 71 0.0144 -0.0000 68.7500
3.7818 65 71 0.0286 -0.0000 68.7500
3.7830 65 71 0.0221 -0.0000 68.7500
3.7843 65 71 0.0431 -0.0000 68.7500
3.7856 65 71 -0.0472 -0.0000 68.7500
3.7869 65 71 -0.0582 -0.0000 68.7500
3.7881 65 71 -0.0459 -0.0000 68.7500
3.7894 65 71 -0.0511 -0.0000 68.7500
3.7907 65 71 0.0191 -0.0000 68.7500
3.7920 65 71 0.0136 -0.0000 68.7500
3.7933 65 71 0.0224 -0.0000 68.7500
3.7945 65 71 0.0786 -0.0000 68.7500
3.7958 65 71 0.0533 -0.0000 68.7500
3.7971 65 71 -0.0093 -0.0000 68.7500
3.7984 65 71 -0.0876 -0.0000 68.7500
3.7997 65 71 -0.1092 -0.0000 68.7500
3.8009 65 71 -0.1286 -0.0000 68.7500
3.8022 65 71 -0.1726 -0.0000 68.7500
3.8035 65 71 -0.1768 -0.0000 68.7500
3.8048 65 71 -0.2296 -0.0000 68.7500
3.8061 65 71 -0.2486 -0.0000 68.7500
3.8073 56 63 -0.1261 -0.0000 60.1562
3.8086 56 63 -0.2837 -0.0000 60.1562
3.8099 56 63 -0.2618 -0.0000 60.1562
3.8111 56 63 -0.3025 -0.0000 60.1562
3.8124 56 63 -0.3100 -0.0000 60.1562
3.8137 56 63 -0.2492 -0.0000 60.1562
3.8150 56 63 -0.3032 -0.0000 60.1562
3.8162 56 63 -0.1945 -0.0000 60.1562
3.8175 56 63 -0.2110 -0.0000 60.1562
3.8188 56 63 -0.1986 -0.0000 60.1562
3.8201 56 63 -0.2351 -0.0000 60.1562
3.8214 56 63 -0.2119 -0.0000 60.1562
3.8227 56 63 -0.2693 -0.0000 60.1562
3.8239 56 63 -0.3060 -0.0000 60.1562
3.8252 56 63 -0.2280 -0.0000 60.1562
3.8265 56 63 -0.3000 -0.0000 60.1562
3.8278 56 63 -0.3883 -0.0000 60.1562
3.8290 56 63 -0.4187 -0.0000 60.1562
3.8303 56 63 -0.4736 -0.0000 60.1562
3.8316 56 63 -0.4764 -0.0000 60.1562
3.8329 56 63 -0.4220 -0.0000 60.1562
3.8341 56 63 -0.5200 -0.0000 60.1562
3.8354 56 63 -0.4715 -0.0000 60.1562
3.8367 56 63 -0.5284 -0.0000 60.1562
3.8380 56 63 -0.5497 -0.0000 60.1562
3.8392 56 63 -0.6388 -0.0000 60.1562
3.8405 56 63 -0.6267 -0.0000 60.1562
3.8418 56 63 -0.6369 -0.0000 60.1562
3.8431 56 63 -0.7322 -0.0000 60.1562
3.8443 56 63 -0.7455 -0.0000 60.1562
3.8456 56 63 -0.7727 -0.0000 60.1562
3.8469 56 63 -0.6964 -0.0000 60.1562
3.8481 56 63 -0.7237 -0.0000 60.1562
3.8494 56 63 -0.7234 -0.0000 60.1562
3.8507 56 63 -0.6618 -0.0000 60.1562
3.8519 56 63 -0.5824 -0.0000 60.1562
3.8532 56 63 -0.6145 -0.0000 60.1562
3.8545 56 63 -0.6617 -0.0000 60.1562
3.8557 56 63 -0.6459 -0.0000 60.1562
3.8570 56 63 -0.6202 -0.0000 60.1562
3.8583 56 63 -0.7285 -0.0000 60.1562
3.8596 56 63 -0.7314 -0.0000 60.1562
3.8608 56 63 -0.7550 -0.0000 60.1562
3.8621 56 63 -0.8084 -0.0000 60.1562
3.8634 40 47 -0.9261 -0.0000 43.7500
3.8646 40 47 -0.9716 -0.0000 43.7500
3.8659 40 47 -0.9610 -0.0000 43.7500
3.8672 40 47 -1.0271 -0.0000 43.7500
3.8685 40 47 -1.0566 -0.0000 43.7500
3.8697 40 47 -1.0862 -0.0000 43.7500
3.8710 40 47 -1.0733 -0.0000 43.7500
3.8722 40 47 -1.0895 -0.0000 43.7500
3.8735 40 47 -1.0693 -0.0000 43.7500
3.8747 40 47 -1.1149 -0.0000 43.7500
3.8760 40 47 -1.1078 -0.0000 43.7500
3.8773 40 47 -1.1282 -0.0000 43.7500
3.8785 40 47 -1.0293 -0.0000 43.7500
3.8798 40 47 -1.0227 -0.0000 43.7500
3.8811 40 47 -0.9933 -0.0000 43.7500
3.8824 40 47 -1.0189 -0.0000 43.7500
3.8836 40 47 -0.9985 -0.0000 43.7500
3.8849 40 47 -0.9173 -0.0000 43.7500
3.8861 40 47 -0.8679 -0.0000 43.7500
3.8874 40 47 -0.8955 -0.0000 43.7500
3.8887 40 47 -0.9360 -0.0000 43.7500
3.8899 40 47 -1.0085 -0.0000 43.7500
3.8912 40 47 -0.9912 -0.0000 43.7500
3.8924 40 47 -0.9138 -0.0000 43.7500
3.8937 40 47 -0.8821 -0.0000 43.7500
3.8950 40 47 -0.8955 -0.0000 43.7500
3.8962 40 47 -0.8953 -0.0000 43.7500
3.8975 40 47 -0.7855 -0.0000 43.7500
3.8988 40 47 -0.6491 -0.0000 43.7500
3.9001 40 47 -0.6606 -0.0000 43.7500
3.9013 40 47 -0.6305 -0.0000 43.7500
3.9026 40 47 -0.5421 -0.0000 43.7500
3.9038 40 47 -0.4759 -0.0000 43.7500
3.9051 40 47 -0.4441 -0.0000 43.7500
3.9063 40 47 -0.4679 -0.0000 43.7500
3.9076 40 47 -0.4695 -0.0000 43.7500
3.9089 40 47 -0.4718 -0.0000 43.7500
3.9102 40 47 -0.5001 -0.0000 43.7500
3.9115 40 47 -0.5075 -0.0000 43.7500
3.9127 40 47 -0.5508 -0.0000 43.7500
3.9140 40 47 -0.6341 -0.0000 43.7500
3.9153 40 47 -0.6485 -0.0000 43.7500
3.9165 39 47 -0.6109 -0.0000 43.7500
3.9178 39 47 -0.5580 -0.0000 43.7500
3.9192 33 41 -0.6135 -0.0000 37.5000
3.9205 33 41 -0.6811 -0.0000 37.5000
3.9218 33 41 -0.7583 -0.0000 37.5000
3.9231 33 41 -0.7129 -0.0000 37.5000
3.9244 33 41 -0.7940 -0.0000 37.5000
3.9257 33 41 -0.7434 -0.0000 37.5000
3.9270 33 41 -0.7354 -0.0000 37.5000
3.9283 33 41 -0.7459 -0.0000 37.5000
3.9295 33 41 -0.6747 -0.0000 37.5000
3.9308 33 41 -0.6781 -0.0000 37.5000
3.9321 33 41 -0.6070 -0.0000 37.5000
3.9333 33 41 -0.5990 -0.0000 37.5000
3.9346 33 41 -0.6209 -0.0000 37.5000
3.9358 33 41 -0.6025 -0.0000 37.5000
3.9371 33 41 -0.5471 -0.0000 37.5000
3.9384 33 41 -0.5005 -0.0000 37.5000
3.9396 33 41 -0.5341 -0.0000 37.5000
3.9409 33 41 -0.5774 -0.0000 37.5000
3.9421 33 41 -0.5455 -0.0000 37.5000
3.9433 33 41 -0.5909 -0.0000 37.5000
3.9446 33 41 -0.6689 -0.0000 37.5000
3.9458 33 41 -0.5742 -0.0000 37.5000
3.9471 33 41 -0.6861 -0.0000 37.5000
3.9483 33 41 -0.7470 -0.0000 37.5000
3.9496 33 41 -0.8447 -0.0000 37.5000
3.9508 33 41 -0.8600 -0.0000 37.5000
3.9521 33 41 -0.8043 -0.0000 37.5000
3.9533 33 41 -0.7705 -0.0000 37.5000
3.9546 33 41 -0.6969 -0.0000 37.5000
3.9558 33 41 -0.6075 -0.0000 37.5000
3.9571 33 41 -0.5928 -0.0000 37.5000
3.9584 33 41 -0.4996 -0.0000 37.5000
3.9597 33 41 -0.5421 -0.0000 37.5000
3.9609 33 41 -0.4597 -0.0000 37.5000
3.9622 33 41 -0.4269 -0.0000 37.5000
3.9635 33 41 -0.4121 -0.0000 37.5000
3.9647 33 41 -0.3401 -0.0000 37.5000
3.9660 33 41 -0.3330 -0.0000 37.5000
3.9672 33 41 -0.3138 -0.0000 37.5000
3.9685 33 41 -0.3154 -0.0000 37.5000
3.9697 33 41 -0.3105 -0.0000 37.5000
3.9709 33 41 -0.2659 -0.0000 37.5000
3.9722 33 41 -0.1884 -0.0000 37.5000
3.9734 33 41 -0.2864 -0.0000 37.5000
3.9746 33 41 -0.2212 -0.0000 37.5000
3.9759 33 41 -0.1896 -0.0000 37.5000
3.9771 33 41 -0.1790 -0.0000 37.5000
3.9783 33 41 -0.1841 -0.0000 37.5000
3.9796 33 41 -0.1437 -0.0000 37.5000
3.9808 33 41 -0.1063 -0.0000 37.5000
3.9821 33 41 -0.1201 -0.0000 37.5000
3.9833 33 41 -0.1224 -0.0000 37.5000
3.9846 33 41 -0.2091 -0.0000 37.5000
3.9858 33 41 -0.2156 -0.0000 37.5000
3.9871 33 41 -0.1613 -0.0000 37.5000
3.9883 33 41 -0.1929 -0.0000 37.5000
3.9896 33 41 -0.2465 -0.0000 37.5000
3.9909 33 41 -0.2715 -0.0000 37.5000
3.9921 33 41 -0.1919 -0.0000 37.5000
3.9934 33 41 -0.2076 -0.0000 37.5000
3.9946 27 36 -0.2077 -0.0000 32.0312
3.9959 27 36 -0.2711 -0.0000 32.0312
3.9971 27 36 -0.3606 -0.0000 32.0312
3.9985 27 36 -0.3591 -0.0000 32.0312
3.9997 27 36 -0.3793 -0.0000 32.0312
4.0010 27 36 -0.4497 -0.0000 32.0312
4.0022 27 36 -0.4885 -0.0000 32.0312
4.0034 27 36 -0.5377 -0.0000 32.0312
4.0047 27 36 -0.4763 -0.0000 32.0312
4.0059 27 36 -0.5401 -0.0000 32.0312
4.0072 27 36 -0.5863 -0.0000 32.0312
4.0084 27 36 -0.5765 -0.0000 32.0312
4.0097 27 36 -0.5176 -0.0000 32.0312
4.0110 27 36 -0.4213 -0.0000 32.0312
4.0122 27 36 -0.3307 -0.0000 32.0312
4.0135 27 36 -0.4056 -0.0000 32.0312
4.0148 27 36 -0.3525 -0.0000 32.0312
4.0160 27 36 -0.4106 -0.0000 32.0312
4.0173 27 36 -0.4239 -0.0000 32.0312
4.0186 27 36 -0.4202 -0.0000 32.0312
4.0199 27 36 -0.3165 -0.0000 32.0312
4.0212 27 36 -0.2496 -0.0000 32.0312
4.0224 27 36 -0.2724 -0.0000 32.0312
4.0237 27 36 -0.3627 -0.0000 32.0312
4.0250 27 36 -0.3332 -0.0000 32.0312
4.0262 27 36 -0.3220 -0.0000 32.0312
4.0275 27 36 -0.2991 -0.0000 32.0312
4.0288 27 36 -0.2816 -0.0000 32.0312
4.0300 27 36 -0.3472 -0.0000 32.0312
4.0314 27 36 -0.3428 -0.0000 32.0312
4.0326 27 36 -0.4695 -0.0000 32.0312
4.0339 27 36 -0.4403 -0.0000 32.0312
4.0352 27 36 -0.4444 -0.0000 32.0312
4.0365 27 36 -0.5465 -0.0000 32.0312
4.0377 27 36 -0.5161 -0.0000 32.0312
4.0390 27 36 -0.6191 -0.0000 32.0312
4.0403 27 36 -0.6979 -0.0000 32.0312
4.0415 27 36 -0.6637 -0.0000 32.0312
4.0428 27 36 -0.6329 -0.0000 32.0312
4.0441 27 36 -0.6385 -0.0000 32.0312
4.0453 27 36 -0.5819 -0.0000 32.0312
4.0466 27 36 -0.5327 -0.0000 32.0312
4.0479 27 36 -0.5631 -0.0000 32.0312
4.0491 27 36 -0.5277 -0.0000 32.0312
4.0504 27 36 -0.5383 -0.0000 32.0312
4.0516 27 36 -0.5076 -0.0000 32.0312
4.0529 27 36 -0.3826 -0.0000 32.0312
4.0542 27 36 -0.4572 -0.0000 32.0312
4.0555 27 36 -0.4994 -0.0000 32.0312
4.0567 27 36 -0.4392 -0.0000 32.0312
4.0580 27 36 -0.4375 -0.0000 32.0312
4.0593 27 36 -0.4381 -0.0000 32.0312
4.0605 27 36 -0.4002 -0.0000 32.0312
4.0618 27 36 -0.4386 -0.0000 32.0312
4.0631 27 36 -0.5072 -0.0000 32.0312
4.0644 27 36 -0.5158 -0.0000 32.0312
4.0656 27 36 -0.6555 -0.0000 32.0312
4.0669 27 36 -0.6634 -0.0000 32.0312
4.0682 27 36 -0.7577 -0.0000 32.0312
4.0694 27 36 -0.8043 -0.0000 32.0312
4.0707 27 36 -0.8400 -0.0000 32.0312
4.0720 27 36 -0.8675 -0.0000 32.0312
4.0732 27 36 -0.9173 -0.0000 32.0312
4.0745 27 36 -1.0137 -0.0000 32.0312
4.0758 27 36 -0.9102 -0.0000 32.0312
4.0770 27 36 -0.9638 -0.0000 32.0312
4.0783 27 36 -0.8575 -0.0000 32.0312
4.0796 25 34 -0.8778 -0.0000 29.6875
4.0809 25 34 -0.8316 -0.0000 29.6875
4.0822 25 34 -0.8436 -0.0000 29.6875
4.0834 25 34 -0.8470 -0.0000 29.6875
4.0848 25 34 -0.9123 -0.0000 29.6875
4.0860 25 34 -0.9759 -0.0000 29.6875
4.0873 25 34 -0.9955 -0.0000 29.6875
4.0886 25 34 -0.9416 -0.0000 29.6875
4.0899 25 34 -0.9300 -0.0000 29.6875
4.0911 25 34 -0.9049 -0.0000 29.6875
4.0924 25 34 -0.9331 -0.0000 29.6875
4.0937 25 34 -0.9821 -0.0000 29.6875
4.0949 25 34 -1.0037 -0.0000 29.6875
4.0962 25 34 -0.9677 -0.0000 29.6875
4.0975 25 34 -0.9962 -0.0000 29.6875
4.0988 25 34 -1.0129 -0.0000 29.6875
4.1001 25 34 -1.1303 -0.0000 29.6875
4.1013 25 34 -1.0725 -0.0000 29.6875
4.1026 25 34 -1.1585 -0.0000 29.6875
4.1039 25 34 -1.0841 -0.0000 29.6875
4.1051 25 34 -1.1132 -0.0000 29.6875
4.1064 25 34 -1.1005 -0.0000 29.6875
4.1076 25 34 -1.0508 -0.0000 29.6875
4.1089 25 34 -1.0018 -0.0000 29.6875
4.1102 25 34 -0.9215 -0.0000 29.6875
4.1115 25 34 -0.9484 -0.0000 29.6875
4.1128 25 34 -1.0167 -0.0000 29.6875
4.1141 25 34 -1.0615 -0.0000 29.6875
4.1153 25 34 -1.0305 -0.0000 29.6875
4.1166 25 34 -0.9110 -0.0000 29.6875
4.1178 25 34 -0.8412 -0.0000 29.6875
4.1191 24 34 -0.8705 -0.0000 29.6875
4.1204 24 34 -0.8510 -0.0000 29.6875
4.1217 24 34 -0.8558 -0.0000 29.6875
4.1230 24 34 -0.8832 -0.0000 29.6875
4.1242 24 34 -0.8017 -0.0000 29.6875
4.1255 24 34 -0.8726 -0.0000 29.6875
4.1268 24 34 -0.8485 -0.0000 29.6875
4.1281 24 34 -0.8538 -0.0000 29.6875
4.1293 24 34 -0.8763 -0.0000 29.6875
4.1306 24 34 -0.8087 -0.0000 29.6875
4.1319 24 34 -0.7684 -0.0000 29.6875
4.1331 24 34 -0.7190 -0.0000 29.6875
4.1344 24 34 -0.7843 -0.0000 29.6875
4.1357 22 32 -0.8165 -0.0000 27.3438
4.1370 22 32 -0.7355 -0.0000 27.3438
4.1382 22 32 -0.7767 -0.0000 27.3438
4.1395 22 32 -0.8869 -0.0000 27.3438
4.1408 22 32 -0.8347 -0.0000 27.3438
4.1420 22 32 -0.8301 -0.0000 27.3438
4.1433 22 32 -0.8978 -0.0000 27.3438
4.1446 22 32 -0.9152 -0.0000 27.3438
4.1459 22 32 -0.9843 -0.0000 27.3438
4.1471 22 32 -0.9377 -0.0000 27.3438
4.1484 22 32 -0.8955 -0.0000 27.3438
4.1497 22 32 -0.8594 -0.0000 27.3438
4.1510 22 32 -0.7636 -0.0000 27.3438
4.1522 22 32 -0.7398 -0.0000 27.3438
4.1535 22 32 -0.6180 -0.0000 27.3438
4.1548 22 32 -0.6118 -0.0000 27.3438
4.1561 22 32 -0.6079 -0.0000 27.3438
4.1573 22 32 -0.5419 -0.0000 27.3438
4.1586 22 32 -0.5250 -0.0000 27.3438
4.1599 22 32 -0.5022 -0.0000 27.3438
4.1612 22 32 -0.5892 -0.0000 27.3438
4.1624 22 32 -0.6222 -0.0000 27.3438
4.1637 22 32 -0.5450 -0.0000 27.3438
4.1650 22 32 -0.4932 -0.0000 27.3438
4.1663 22 32 -0.4095 -0.0000 27.3438
4.1675 22 32 -0.4297 -0.0000 27.3438
4.1688 22 32 -0.4263 -0.0000 27.3438
4.1701 22 32 -0.4009 -0.0000 27.3438
4.1714 22 32 -0.3646 -0.0000 27.3438
4.1727 22 32 -0.3380 -0.0000 27.3438
4.1740 22 32 -0.3296 -0.0000 27.3438
4.1752 22 32 -0.3484 -0.0000 27.3438
4.1765 22 32 -0.3991 -0.0000 27.3438
4.1777 22 32 -0.5241 -0.0000 27.3438
4.1790 22 32 -0.4799 -0.0000 27.3438
4.1803 22 32 -0.5350 -0.0000 27.3438
4.1815 22 32 -0.5760 -0.0000 27.3438
4.1828 22 32 -0.6742 -0.0000 27.3438
4.1840 22 32 -0.6746 -0.0000 27.3438
4.1853 22 32 -0.6421 -0.0000 27.3438
4.1866 22 32 -0.6809 -0.0000 27.3438
4.1878 22 32 -0.6327 -0.0000 27.3438
4.1891 22 32 -0.6537 -0.0000 27.3438
4.1904 22 32 -0.6656 -0.0000 27.3438
4.1917 14 24 -0.7129 -0.0000 19.5312
4.1930 14 24 -0.7757 -0.0000 19.5312
4.1942 14 24 -0.7714 -0.0000 19.5312
4.1955 14 24 -0.6729 -0.0000 19.5312
4.1968 14 24 -0.7712 -0.0000 19.5312
4.1981 14 24 -0.7038 -0.0000 19.5312
4.1993 14 24 -0.8015 -0.0000 19.5312
4.2006 14 24 -0.8399 -0.0000 19.5312
4.2019 14 24 -0.8157 -0.0000 19.5312
4.2031 14 24 -0.8013 -0.0000 19.5312
4.2044 14 24 -0.8220 -0.0000 19.5312
4.2057 14 24 -0.7453 -0.0000 19.5312
4.2069 14 24 -0.7326 -0.0000 19.5312
4.2083 14 24 -0.7468 -0.0000 19.5312
4.2095 14 24 -0.7688 -0.0000 19.5312
4.2108 14 24 -0.6732 -0.0000 19.5312
4.2121 14 24 -0.6610 -0.0000 19.5312
4.2133 14 24 -0.7764 -0.0000 19.5312
4.2146 14 24 -0.7823 -0.0000 19.5312
4.2159 14 24 -0.7999 -0.0000 19.5312
4.2172 14 24 -0.7470 -0.0000 19.5312
4.2184 14 24 -0.7390 -0.0000 19.5312
4.2197 14 24 -0.7908 -0.0000 19.5312
4.2210 14 24 -0.7230 -0.0000 19.5312
4.2222 14 24 -0.7286 -0.0000 19.5312
4.2235 14 24 -0.7898 -0.0000 19.5312
4.2248 14 24 -0.7830 -0.0000 19.5312
4.2260 14 24 -0.7582 -0.0000 19.5312
4.2273 14 24 -0.7250 -0.0000 19.5312
4.2285 14 24 -0.7189 -0.0000 19.5312
4.2298 14 24 -0.6758 -0.0000 19.5312
4.2311 14 24 -0.5950 -0.0000 19.5312
4.2324 14 24 -0.6054 -0.0000 19.5312
4.2336 14 24 -0.5968 -0.0000 19.5312
4.2349 14 24 -0.5661 -0.0000 19.5312
4.2362 14 24 -0.5489 -0.0000 19.5312
4.2374 14 24 -0.5449 -0.0000 19.5312
4.2387 14 24 -0.5274 -0.0000 19.5312
4.2400 14 24 -0.5665 -0.0000 19.5312
4.2413 14 24 -0.5892 -0.0000 19.5312
4.2425 14 24 -0.5581 -0.0000 19.5312
4.2438 14 24 -0.4891 -0.0000 19.5312
4.2450 14 24 -0.3885 -0.0000 19.5312
4.2463 14 24 -0.4035 -0.0000 19.5312
4.2476 14 24 -0.3663 -0.0000 19.5312
4.2488 14 24 -0.2859 -0.0000 19.5312
4.2501 14 24 -0.2994 -0.0000 19.5312
4.2513 14 24 -0.2679 -0.0000 19.5312
4.2526 14 24 -0.3088 -0.0000 19.5312
4.2538 14 24 -0.1968 -0.0000 19.5312
4.2551 3 14 -0.1512 -0.0000 9.3750
4.2564 3 14 -0.0630 -0.0000 9.3750
4.2577 3 14 -0.0123 -0.0000 9.3750
4.2590 3 14 0.0296 -0.0000 9.3750
4.2602 3 14 0.0224 -0.0000 9.3750
4.2614 3 14 0.0599 -0.0000 9.3750
4.2627 3 14 0.0906 -0.0000 9.3750
4.2639 3 14 0.0974 -0.0000 9.3750
4.2651 3 14 0.1853 -0.0000 9.3750
4.2664 3 14 0.1798 -0.0000 9.3750
4.2676 3 14 0.1070 -0.0000 9.3750
4.2689 3 14 0.1172 -0.0000 9.3750
4.2702 3 14 0.1071 -0.0000 9.3750
4.2714 3 14 0.1286 -0.0000 9.3750
4.2727 3 14 0.2030 -0.0000 9.3750
4.2739 3 14 0.2510 -0.0000 9.3750
4.2752 3 14 0.2829 -0.0000 9.3750
4.2764 4 14 0.2807 -0.0000 9.3750
4.2777 4 14 0.1718 -0.0000 9.3750
4.2789 4 14 0.2062 -0.0000 9.3750
4.2802 4 14 0.2872 -0.0000 9.3750
4.2814 4 14 0.3694 -0.0000 9.3750
4.2827 4 14 0.3249 -0.0000 9.3750
4.2839 4 14 0.3032 -0.0000 9.3750
4.2852 4 14 0.2798 -0.0000 9.3750
4.2864 4 14 0.1728 -0.0000 9.3750
4.2877 4 14 0.2510 -0.0000 9.3750
4.2889 4 14 0.2345 -0.0000 9.3750
4.2902 4 14 0.2079 -0.0000 9.3750
4.2914 4 14 0.2400 -0.0000 9.3750
4.2927 4 14 0.1738 -0.0000 9.3750
4.2939 4 14 0.0616 -0.0000 9.3750
4.2952 4 14 0.0739 -0.0000 9.3750
4.2965 4 14 0.0550 -0.0000 9.3750
4.2977 4 14 -0.0448 -0.0000 9.3750
4.2990 4 14 -0.0959 -0.0000 9.3750
4.3003 4 14 -0.1120 -0.0000 9.3750
4.3015 4 14 -0.0671 -0.0000 9.3750
4.3028 4 14 -0.1801 -0.0000 9.3750
4.3041 4 14 -0.1698 -0.0000 9.3750
4.3054 4 14 -0.1741 -0.0000 9.3750
4.3066 4 14 -0.1685 -0.0000 9.3750
4.3079 4 14 -0.1426 -0.0000 9.3750
4.3092 4 14 -0.1352 -0.0000 9.3750
4.3104 4 14 -0.1409 -0.0000 9.3750
4.3117 4 14 -0.2026 -0.0000 9.3750
4.3130 4 14 -0.2663 -0.0000 9.3750
4.3142 4 14 -0.3198 -0.0000 9.3750
4.3155 4 14 -0.3571 -0.0000 9.3750
4.3168 4 14 -0.4116 -0.0000 9.3750
4.3180 4 14 -0.3972 -0.0000 9.3750
4.3193 3 14 -0.4567 -0.0000 9.3750
4.3205 3 14 -0.4422 -0.0000 9.3750
4.3218 3 14 -0.4895 -0.0000 9.3750
4.3230 3 14 -0.4149 -0.0000 9.3750
4.3243 3 14 -0.4494 -0.0000 9.3750
4.3256 3 14 -0.5132 -0.0000 9.3750
4.3269 3 14 -0.5760 -0.0000 9.3750
4.3281 3 14 -0.6009 -0.0000 9.3750
4.3294 3 14 -0.6167 -0.0000 9.3750
4.3307 3 14 -0.6628 -0.0000 9.3750
4.3319 3 14 -0.6380 -0.0000 9.3750
4.3332 3 14 -0.6832 -0.0000 9.3750
4.3345 3 14 -0.6836 -0.0000 9.3750
4.3358 3 14 -0.6747 -0.0000 9.3750
4.3371 3 14 -0.7040 -0.0000 9.3750
4.3383 3 14 -0.6805 -0.0000 9.3750
4.3396 3 14 -0.7395 -0.0000 9.3750
4.3408 3 14 -0.6093 -0.0000 9.3750
4.3421 3 14 -0.6974 -0.0000 9.3750
4.3434 3 14 -0.6665 -0.0000 9.3750
4.3446 3 14 -0.6356 -0.0000 9.3750
4.3459 3 14 -0.7262 -0.0000 9.3750
4.3472 3 14 -0.7191 -0.0000 9.3750
4.3485 3 14 -0.7902 -0.0000 9.3750
4.3497 3 14 -0.8053 -0.0000 9.3750
4.3510 2 13 -0.8159 -0.0000 7.8125
4.3523 2 13 -0.7886 -0.0000 7.8125
4.3535 2 13 -0.6688 -0.0000 7.8125
4.3548 2 13 -0.7425 -0.0000 7.8125
4.3561 2 13 -0.7664 -0.0000 7.8125
4.3573 2 13 -0.7313 -0.0000 7.8125
4.3586 2 13 -0.6551 -0.0000 7.8125
4.3599 2 13 -0.6641 -0.0000 7.8125
4.3611 2 13 -0.6358 -0.0000 7.8125
4.3624 2 13 -0.5054 -0.0000 7.8125
4.3637 2 13 -0.4336 -0.0000 7.8125
4.3649 2 13 -0.4190 -0.0000 7.8125
4.3662 2 13 -0.3736 -0.0000 7.8125
4.3674 2 13 -0.3865 -0.0000 7.8125
4.3687 2 13 -0.3663 -0.0000 7.8125
4.3700 2 13 -0.2978 -0.0000 7.8125
4.3712 2 13 -0.2568 -0.0000 7.8125
4.3725 2 13 -0.2504 -0.0000 7.8125
4.3737 2 13 -0.2757 -0.0000 7.8125
4.3750 2 13 -0.2704 -0.0000 7.8125
4.3762 2 13 -0.2517 -0.0000 7.8125
4.3775 2 13 -0.2100 -0.0000 7.8125
4.3788 2 13 -0.2409 -0.0000 7.8125
4.3800 2 13 -0.2433 -0.0000 7.8125
4.3813 2 13 -0.3537 -0.0000 7.8125
4.3825 2 13 -0.3005 -0.0000 7.8125
4.3838 2 13 -0.2636 -0.0000 7.8125
4.3851 2 13 -0.2448 -0.0000 7.8125
4.3863 2 13 -0.2400 -0.0000 7.8125
4.3876 2 13 -0.2437 -0.0000 7.8125
4.3889 2 13 -0.2488 -0.0000 7.8125
4.3902 2 13 -0.1884 -0.0000 7.8125
4.3914 2 13 -0.2453 -0.0000 7.8125
4.3927 2 13 -0.2065 -0.0000 7.8125
4.3939 2 13 -0.2202 -0.0000 7.8125
4.3952 2 13 -0.2810 -0.0000 7.8125
4.3965 2 13 -0.3561 -0.0000 7.8125
4.3977 2 13 -0.3350 -0.0000 7.8125
4.3990 2 13 -0.3534 -0.0000 7.8125
4.4002 2 13 -0.3029 -0.0000 7.8125
4.4015 2 13 -0.2950 -0.0000 7.8125
4.4028 2 13 -0.2794 -0.0000 7.8125
4.4041 2 13 -0.3014 -0.0000 7.8125
4.4053 2 13 -0.2705 -0.0000 7.8125
4.4066 2 13 -0.1845 -0.0000 7.8125
4.4079 2 13 -0.1925 -0.0000 7.8125
4.4092 2 13 -0.1698 -0.0000 7.8125
4.4104 2 13 -0.1630 -0.0000 7.8125
4.4117 2 13 -0.1609 -0.0000 7.8125
4.4129 2 13 -0.1826 -0.0000 7.8125
4.4142 2 13 -0.1623 -0.0000 7.8125
4.4155 2 13 -0.1342 -0.0000 7.8125
4.4168 2 13 -0.1309 -0.0000 7.8125
4.4180 2 13 -0.1263 -0.0000 7.8125
4.4193 2 13 -0.1272 -0.0000 7.8125
4.4206 2 13 -0.1339 -0.0000 7.8125
4.4218 2 13 -0.1840 -0.0000 7.8125
4.4231 2 13 -0.1908 -0.0000 7.8125
4.4243 2 13 -0.3178 -0.0000 7.8125
4.4256 2 13 -0.1865 -0.0000 7.8125
4.4269 2 13 -0.1576 -0.0000 7.8125
4.4281 2 13 -0.1857 -0.0000 7.8125
4.4294 2 13 -0.1814 -0.0000 7.8125
4.4306 2 13 -0.1391 -0.0000 7.8125
4.4319 2 13 -0.0937 -0.0000 7.8125
4.4332 2 13 -0.0480 -0.0000 7.8125
4.4345 2 13 -0.0230 -0.0000 7.8125
4.4357 2 13 -0.1077 -0.0000 7.8125
4.4370 2 13 -0.1458 -0.0000 7.8125
4.4383 2 13 -0.1898 -0.0000 7.8125
4.4396 2 13 -0.2176 -0.0000 7.8125
4.4408 2 13 -0.2196 -0.0000 7.8125
4.4421 2 13 -0.1878 -0.0000 7.8125
4.4433 2 13 -0.1270 -0.0000 7.8125
4.4446 2 13 -0.1632 -0.0000 7.8125
4.4459 2 13 -0.1330 -0.0000 7.8125
4.4472 2 13 -0.0202 -0.0000 7.8125
4.4484 2 13 -0.0451 -0.0000 7.8125
4.4497 2 13 -0.0659 -0.0000 7.8125
4.4510 2 13 0.0177 -0.0000 7.8125
4.4522 2 13 0.0762 -0.0000 7.8125
4.4535 2 13 -0.0259 -0.0000 7.8125
4.4548 2 13 -0.0376 -0.0000 7.8125
4.4561 2 13 -0.0716 -0.0000 7.8125
4.4573 2 13 0.0192 -0.0000 7.8125
4.4586 2 13 -0.0139 -0.0000 7.8125
4.4599 2 13 0.0114 -0.0000 7.8125
4.4612 2 13 0.0490 -0.0000 7.8125
4.4624 2 13 0.0863 -0.0000 7.8125
4.4637 2 13 0.0802 -0.0000 7.8125
4.4650 2 13 0.0785 -0.0000 7.8125
4.4663 2 13 0.0470 -0.0000 7.8125
4.4676 2 13 0.0986 -0.0000 7.8125
4.4689 2 13 0.0863 -0.0000 7.8125
4.4702 2 13 0.1134 -0.0000 7.8125
4.4715 2 13 0.1986 -0.0000 7.8125
4.4727 2 13 0.2354 -0.0000 7.8125
4.4740 2 13 0.2838 -0.0000 7.8125
4.4753 2 13 0.2671 -0.0000 7.8125
4.4765 2 13 0.4138 -0.0000 7.8125
4.4778 2 13 0.3757 -0.0000 7.8125
4.4791 2 13 0.4403 -0.0000 7.8125
4.4803 2 13 0.4717 -0.0000 7.8125
4.4816 2 13 0.4087 -0.0000 7.8125
4.4829 2 13 0.3716 -0.0000 7.8125
4.4842 2 13 0.3182 -0.0000 7.8125
4.4854 2 13 0.2687 -0.0000 7.8125
4.4867 2 13 0.2826 -0.0000 7.8125
4.4880 2 13 0.2956 -0.0000 7.8125
4.4892 2 13 0.2788 -0.0000 7.8125
4.4906 2 13 0.3397 -0.0000 7.8125
4.4918 2 13 0.2914 -0.0000 7.8125
4.4931 2 13 0.2098 -0.0000 7.8125
4.4944 2 13 0.2550 -0.0000 7.8125
4.4956 2 13 0.2312 -0.0000 7.8125
4.4969 2 13 0.1793 -0.0000 7.8125
4.4982 2 13 0.2025 -0.0000 7.8125
4.4994 2 13 0.1857 -0.0000 7.8125
4.5007 2 13 0.1990 -0.0000 7.8125
4.5019 2 13 0.1292 -0.0000 7.8125
4.5032 2 13 0.0561 -0.0000 7.8125
4.5044 2 13 -0.0138 -0.0000 7.8125
4.5057 2 13 -0.1007 -0.0000 7.8125
4.5069 2 13 -0.1766 -0.0000 7.8125
4.5082 2 13 -0.1472 -0.0000 7.8125
4.5095 2 13 -0.1689 -0.0000 7.8125
4.5108 2 13 -0.0633 -0.0000 7.8125
4.5120 2 13 -0.0753 -0.0000 7.8125
4.5133 2 13 -0.1282 -0.0000 7.8125
4.5146 2 13 -0.1741 -0.0000 7.8125
4.5158 2 13 -0.1616 -0.0000 7.8125
4.5171 2 13 -0.1901 -0.0000 7.8125
4.5183 2 13 -0.3008 -0.0000 7.8125
4.5196 2 13 -0.2419 -0.0000 7.8125
4.5209 2 13 -0.2303 -0.0000 7.8125
4.5221 2 13 -0.2980 -0.0000 7.8125
4.5234 2 13 -0.3684 -0.0000 7.8125
4.5247 2 13 -0.4212 -0.0000 7.8125
4.5259 2 13 -0.4147 -0.0000 7.8125
4.5272 2 13 -0.4358 -0.0000 7.8125
4.5285 2 13 -0.4576 -0.0000 7.8125
4.5297 2 13 -0.4504 -0.0000 7.8125
4.5310 2 13 -0.5267 -0.0000 7.8125
4.5323 2 13 -0.4794 -0.0000 7.8125
4.5336 2 13 -0.5163 -0.0000 7.8125
4.5348 3 15 -0.6153 -0.0000 9.3750
4.5361 3 15 -0.6127 -0.0000 9.3750
4.5373 3 15 -0.6607 -0.0000 9.3750
4.5386 3 15 -0.5861 -0.0000 9.3750
4.5399 3 15 -0.6365 -0.0000 9.3750
4.5412 3 15 -0.6751 -0.0000 9.3750
4.5425 3 15 -0.5903 -0.0000 9.3750
4.5437 3 15 -0.5354 -0.0000 9.3750
4.5450 3 15 -0.5516 -0.0000 9.3750
4.5462 3 15 -0.5736 -0.0000 9.3750
4.5475 3 15 -0.5834 -0.0000 9.3750
4.5488 3 15 -0.6036 -0.0000 9.3750
4.5500 3 15 -0.6348 -0.0000 9.3750
4.5513 3 15 -0.6621 -0.0000 9.3750
4.5525 3 15 -0.7170 -0.0000 9.3750
4.5538 3 15 -0.7117 -0.0000 9.3750
4.5551 3 15 -0.5497 -0.0000 9.3750
4.5563 3 15 -0.5982 -0.0000 9.3750
4.5576 3 15 -0.5865 -0.0000 9.3750
4.5589 3 15 -0.6394 -0.0000 9.3750
4.5601 3 15 -0.6470 -0.0000 9.3750
4.5614 3 15 -0.6248 -0.0000 9.3750
4.5626 3 15 -0.5723 -0.0000 9.3750
4.5638 3 15 -0.5292 -0.0000 9.3750
4.5651 3 15 -0.4206 -0.0000 9.3750
4.5663 3 15 -0.4403 -0.0000 9.3750
4.5676 3 15 -0.5280 -0.0000 9.3750
4.5689 3 15 -0.5719 -0.0000 9.3750
4.5701 3 15 -0.6308 -0.0000 9.3750
4.5714 3 15 -0.5713 -0.0000 9.3750
4.5726 3 15 -0.5650 -0.0000 9.3750
4.5738 3 15 -0.7260 -0.0000 9.3750
4.5751 3 15 -0.8058 -0.0000 9.3750
4.5763 3 15 -0.9098 -0.0000 9.3750
4.5776 3 15 -0.7924 -0.0000 9.3750
4.5788 3 15 -0.6841 -0.0000 9.3750
4.5801 3 15 -0.6825 -0.0000 9.3750
4.5813 3 15 -0.6290 -0.0000 9.3750
4.5825 3 15 -0.6341 -0.0000 9.3750
4.5838 3 15 -0.5875 -0.0000 9.3750
4.5850 3 15 -0.5844 -0.0000 9.3750
4.5863 3 15 -0.4886 -0.0000 9.3750
4.5875 3 15 -0.4439 -0.0000 9.3750
4.5888 3 15 -0.4873 -0.0000 9.3750
4.5900 3 15 -0.4134 -0.0000 9.3750
4.5912 3 15 -0.4406 -0.0000 9.3750
4.5925 3 15 -0.3821 -0.0000 9.3750
4.5938 4 16 -0.3047 -0.0000 10.1562
4.5951 4 16 -0.3614 -0.0000 10.1562
4.5964 4 16 -0.3853 -0.0000 10.1562
4.5977 4 16 -0.3787 -0.0000 10.1562
4.5990 4 16 -0.3370 -0.0000 10.1562
4.6002 4 16 -0.2689 -0.0000 10.1562
4.6015 4 16 -0.2441 -0.0000 10.1562
4.6028 4 16 -0.1262 -0.0000 10.1562
4.6041 4 16 -0.1046 -0.0000 10.1562
4.6053 4 16 -0.0920 -0.0000 10.1562
4.6066 4 16 -0.1310 -0.0000 10.1562
4.6078 4 16 -0.2096 -0.0000 10.1562
4.6091 4 16 -0.1878 -0.0000 10.1562
4.6104 4 16 -0.0674 -0.0000 10.1562
4.6117 4 16 -0.0533 -0.0000 10.1562
4.6129 4 16 0.0498 -0.0000 10.1562
4.6142 4 16 0.0129 -0.0000 10.1562
4.6155 4 16 0.0102 -0.0000 10.1562
4.6168 4 16 -0.0080 -0.0000 10.1562
4.6180 4 16 -0.1096 -0.0000 10.1562
4.6193 4 16 -0.1636 -0.0000 10.1562
4.6205 4 16 -0.1474 -0.0000 10.1562
4.6218 4 16 -0.0972 -0.0000 10.1562
4.6231 4 16 -0.0438 -0.0000 10.1562
4.6243 4 16 -0.0091 -0.0000 10.1562
4.6256 4 16 0.0374 -0.0000 10.1562
4.6269 4 16 0.2141 -0.0000 10.1562
4.6282 4 16 0.3245 -0.0000 10.1562
4.6294 4 16 0.2403 -0.0000 10.1562
4.6307 4 16 0.2184 -0.0000 10.1562
4.6319 4 16 0.1930 -0.0000 10.1562
4.6332 4 16 0.1481 -0.0000 10.1562
4.6345 4 16 0.1808 -0.0000 10.1562
4.6357 4 16 0.1290 -0.0000 10.1562
4.6370 4 16 0.0434 -0.0000 10.1562
4.6383 4 16 0.0696 -0.0000 10.1562
4.6396 4 16 0.0351 -0.0000 10.1562
4.6408 4 16 -0.0626 -0.0000 10.1562
4.6421 4 16 -0.1078 -0.0000 10.1562
4.6434 4 16 -0.0889 -0.0000 10.1562
4.6447 4 16 -0.0428 -0.0000 10.1562
4.6459 4 16 -0.0298 -0.0000 10.1562
4.6472 4 16 -0.0247 -0.0000 10.1562
4.6485 4 16 0.0072 -0.0000 10.1562
4.6497 4 16 0.0131 -0.0000 10.1562
4.6510 4 16 0.1043 -0.0000 10.1562
4.6523 4 16 0.0726 -0.0000 10.1562
4.6536 4 16 0.0668 -0.0000 10.1562
4.6548 5 17 0.1036 -0.0000 11.7188
4.6561 5 17 0.1040 -0.0000 11.7188
4.6573 5 17 0.0901 -0.0000 11.7188
4.6586 5 17 0.2072 -0.0000 11.7188
4.6599 5 17 0.1703 -0.0000 11.7188
4.6611 5 17 0.1518 -0.0000 11.7188
4.6624 5 17 0.1607 -0.0000 11.7188
4.6637 5 17 0.1424 -0.0000 11.7188
4.6650 5 17 0.1040 -0.0000 11.7188
4.6663 5 17 0.0635 -0.0000 11.7188
4.6675 5 17 -0.0048 -0.0000 11.7188
4.6688 5 17 0.0011 -0.0000 11.7188
4.6701 5 17 -0.0253 -0.0000 11.7188
4.6714 5 17 -0.1216 -0.0000 11.7188
4.6727 5 17 -0.0257 -0.0000 11.7188
4.6739 5 17 0.0350 -0.0000 11.7188
4.6752 5 17 -0.0055 -0.0000 11.7188
4.6765 5 17 0.1324 -0.0000 11.7188
4.6777 5 17 0.1023 -0.0000 11.7188
4.6790 5 17 0.2343 -0.0000 11.7188
4.6803 5 17 0.2677 -0.0000 11.7188
4.6816 5 17 0.2561 -0.0000 11.7188
4.6828 5 17 0.1475 -0.0000 11.7188
4.6841 5 17 0.0474 -0.0000 11.7188
4.6854 5 17 0.0157 -0.0000 11.7188
4.6867 5 17 0.0973 -0.0000 11.7188
4.6880 5 17 0.1846 -0.0000 11.7188
4.6892 5 17 0.1904 -0.0000 11.7188
4.6905 5 17 0.2300 -0.0000 11.7188
4.6917 5 17 0.2335 -0.0000 11.7188
4.6930 5 17 0.1866 -0.0000 11.7188
4.6943 5 17 0.1024 -0.0000 11.7188
4.6956 5 17 0.1758 -0.0000 11.7188
4.6968 5 17 0.2395 -0.0000 11.7188
4.6981 5 17 0.2151 -0.0000 11.7188
4.6993 5 17 0.1753 -0.0000 11.7188
4.7006 5 17 0.2378 -0.0000 11.7188
4.7019 5 17 0.2546 -0.0000 11.7188
4.7032 5 17 0.1911 -0.0000 11.7188
4.7044 5 17 0.1240 -0.0000 11.7188
4.7057 5 17 0.2173 -0.0000 11.7188
4.7070 5 17 0.1738 -0.0000 11.7188
4.7083 5 17 0.2014 -0.0000 11.7188
4.7095 5 17 0.2474 -0.0000 11.7188
4.7108 5 17 0.2553 -0.0000 11.7188
4.7121 7 19 0.2846 -0.0000 13.2812
4.7134 7 19 0.3541 -0.0000 13.2812
4.7147 7 19 0.3024 -0.0000 13.2812
4.7159 7 19 0.3739 -0.0000 13.2812
4.7172 7 19 0.3959 -0.0000 13.2812
4.7185 7 19 0.3790 -0.0000 13.2812
4.7198 7 19 0.4198 -0.0000 13.2812
4.7210 7 19 0.3362 -0.0000 13.2812
4.7223 7 19 0.2990 -0.0000 13.2812
4.7236 7 19 0.2441 -0.0000 13.2812
4.7248 7 19 0.3051 -0.0000 13.2812
4.7261 7 19 0.2489 -0.0000 13.2812
4.7274 7 19 0.2092 -0.0000 13.2812
4.7287 7 19 0.1780 -0.0000 13.2812
4.7300 7 19 0.1236 -0.0000 13.2812
4.7312 7 19 0.1221 -0.0000 13.2812
4.7325 7 19 0.0018 -0.0000 13.2812
4.7338 7 19 0.0095 -0.0000 13.2812
4.7351 7 19 0.0593 -0.0000 13.2812
4.7363 7 19 0.0853 -0.0000 13.2812
4.7376 7 19 0.0255 -0.0000 13.2812
4.7389 7 19 0.0865 -0.0000 13.2812
4.7401 7 19 0.1778 -0.0000 13.2812
4.7414 7 19 0.1316 -0.0000 13.2812
4.7426 7 19 0.2200 -0.0000 13.2812
4.7439 7 19 0.2510 -0.0000 13.2812
4.7452 7 19 0.2150 -0.0000 13.2812
4.7465 7 19 0.2422 -0.0000 13.2812
4.7477 7 19 0.2791 -0.0000 13.2812
4.7490 7 19 0.3038 -0.0000 13.2812
4.7502 7 19 0.2738 -0.0000 13.2812
4.7515 7 19 0.1946 -0.0000 13.2812
4.7527 7 19 0.1529 -0.0000 13.2812
4.7540 7 19 0.1310 -0.0000 13.2812
4.7553 7 19 0.2493 -0.0000 13.2812
4.7565 7 19 0.2666 -0.0000 13.2812
4.7578 7 19 0.2687 -0.0000 13.2812
4.7591 7 19 0.2457 -0.0000 13.2812
4.7604 7 19 0.2797 -0.0000 13.2812
4.7616 7 19 0.3771 -0.0000 13.2812
4.7628 7 19 0.2997 -0.0000 13.2812
4.7641 7 19 0.3855 -0.0000 13.2812
4.7654 7 19 0.4077 -0.0000 13.2812
4.7666 7 19 0.4872 -0.0000 13.2812
4.7678 7 19 0.5894 -0.0000 13.2812
4.7691 7 19 0.6068 -0.0000 13.2812
4.7703 7 19 0.6556 -0.0000 13.2812
4.7716 7 19 0.7473 -0.0000 13.2812
4.7728 7 19 0.8303 -0.0000 13.2812
4.7741 7 19 0.8885 -0.0000 13.2812
4.7754 9 21 0.9342 -0.0000 15.6250
4.7766 9 21 0.9565 -0.0000 15.6250
4.7778 9 21 0.9914 -0.0000 15.6250
4.7791 9 21 0.8658 -0.0000 15.6250
4.7803 9 21 0.8899 -0.0000 15.6250
4.7816 9 21 0.8961 -0.0000 15.6250
4.7828 9 21 0.9184 -0.0000 15.6250
4.7840 9 21 0.9555 -0.0000 15.6250
4.7853 9 21 0.9645 -0.0000 15.6250
4.7865 9 21 0.9613 -0.0000 15.6250
4.7878 9 21 0.9273 -0.0000 15.6250
4.7890 9 21 0.8748 -0.0000 15.6250
4.7903 9 21 0.8648 -0.0000 15.6250
4.7915 9 21 0.9206 -0.0000 15.6250
4.7928 9 21 0.9495 -0.0000 15.6250
4.7941 9 21 0.8612 -0.0000 15.6250
4.7953 9 21 0.8630 -0.0000 15.6250
4.7966 9 21 0.9108 -0.0000 15.6250
4.7979 9 21 0.8363 -0.0000 15.6250
4.7992 9 21 0.8502 -0.0000 15.6250
4.8005 9 21 0.8000 -0.0000 15.6250
4.8017 9 21 0.7485 -0.0000 15.6250
4.8030 10 21 0.6998 -0.0000 15.6250
4.8043 10 21 0.6360 -0.0000 15.6250
4.8056 10 21 0.6766 -0.0000 15.6250
4.8068 10 21 0.6987 -0.0000 15.6250
4.8081 10 21 0.7068 -0.0000 15.6250
4.8094 10 21 0.7354 -0.0000 15.6250
4.8106 10 21 0.8664 -0.0000 15.6250
4.8119 10 21 0.8344 -0.0000 15.6250
4.8132 10 21 0.8307 -0.0000 15.6250
4.8145 10 21 0.7951 -0.0000 15.6250
4.8157 10 21 0.8035 -0.0000 15.6250
4.8170 10 21 0.7768 -0.0000 15.6250
4.8183 10 21 0.6704 -0.0000 15.6250
4.8196 10 21 0.5847 -0.0000 15.6250
4.8208 10 21 0.5547 -0.0000 15.6250
4.8221 10 21 0.6247 -0.0000 15.6250
4.8234 10 21 0.5978 -0.0000 15.6250
4.8247 10 21 0.6580 -0.0000 15.6250
4.8259 10 21 0.5452 -0.0000 15.6250
4.8272 10 21 0.4539 -0.0000 15.6250
4.8285 10 21 0.4358 -0.0000 15.6250
4.8297 10 21 0.3745 -0.0000 15.6250
4.8310 10 21 0.3598 -0.0000 15.6250
4.8323 10 21 0.3716 -0.0000 15.6250
4.8336 20 31 0.3951 -0.0000 25.7812
4.8349 20 31 0.4127 -0.0000 25.7812
4.8362 20 31 0.3356 -0.0000 25.7812
4.8374 20 31 0.2673 -0.0000 25.7812
4.8387 20 31 0.2507 -0.0000 25.7812
4.8400 20 31 0.2816 -0.0000 25.7812
4.8412 20 31 0.2561 -0.0000 25.7812
4.8425 20 31 0.3661 -0.0000 25.7812
4.8437 20 31 0.3572 -0.0000 25.7812
4.8450 20 31 0.3579 -0.0000 25.7812
4.8463 20 31 0.3540 -0.0000 25.7812
4.8476 20 31 0.3169 -0.0000 25.7812
4.8489 20 31 0.3890 -0.0000 25.7812
4.8501 20 31 0.4257 -0.0000 25.7812
4.8514 20 31 0.3887 -0.0000 25.7812
4.8527 20 31 0.3278 -0.0000 25.7812
4.8540 20 31 0.2627 -0.0000 25.7812
4.8553 20 31 0.3390 -0.0000 25.7812
4.8566 20 31 0.2875 -0.0000 25.7812
4.8578 20 31 0.3288 -0.0000 25.7812
4.8591 20 31 0.3258 -0.0000 25.7812
4.8604 20 31 0.3002 -0.0000 25.7812
4.8617 20 31 0.3792 -0.0000 25.7812
4.8629 20 31 0.3340 -0.0000 25.7812
4.8642 20 31 0.3451 -0.0000 25.7812
4.8654 20 31 0.3431 -0.0000 25.7812
4.8667 20 31 0.2438 -0.0000 25.7812
4.8680 20 31 0.2182 -0.0000 25.7812
4.8693 20 31 0.2469 -0.0000 25.7812
4.8706 20 31 0.2687 -0.0000 25.7812
4.8718 20 31 0.3650 -0.0000 25.7812
4.8731 20 31 0.2814 -0.0000 25.7812
4.8744 20 31 0.3647 -0.0000 25.7812
4.8756 20 31 0.3733 -0.0000 25.7812
4.8769 20 31 0.2738 -0.0000 25.7812
4.8781 20 31 0.2482 -0.0000 25.7812
4.8794 20 31 0.2486 -0.0000 25.7812
4.8806 20 31 0.2535 -0.0000 25.7812
4.8818 20 31 0.1672 -0.0000 25.7812
4.8831 20 31 0.0811 -0.0000 25.7812
4.8843 20 31 0.0710 -0.0000 25.7812
4.8855 20 31 0.0654 -0.0000 25.7812
4.8868 25 36 -0.0321 -0.0000 31.2500
4.8881 25 36 -0.0119 -0.0000 31.2500
4.8893 25 36 -0.0367 -0.0000 31.2500
4.8906 25 36 -0.0640 -0.0000 31.2500
4.8918 25 36 -0.0871 -0.0000 31.2500
4.8931 25 36 -0.0819 -0.0000 31.2500
4.8943 25 36 -0.1789 -0.0000 31.2500
4.8956 25 36 -0.2521 -0.0000 31.2500
4.8969 25 36 -0.2644 -0.0000 31.2500
4.8981 25 36 -0.2861 -0.0000 31.2500
4.8994 25 36 -0.3441 -0.0000 31.2500
4.9007 25 36 -0.3774 -0.0000 31.2500
4.9020 25 36 -0.4750 -0.0000 31.2500
4.9033 25 36 -0.4598 -0.0000 31.2500
4.9045 25 36 -0.4969 -0.0000 31.2500
4.9058 25 36 -0.5099 -0.0000 31.2500
4.9071 25 36 -0.6089 -0.0000 31.2500
4.9084 25 36 -0.5641 -0.0000 31.2500
4.9097 25 36 -0.5303 -0.0000 31.2500
4.9109 25 36 -0.5134 -0.0000 31.2500
4.9122 25 36 -0.5069 -0.0000 31.2500
4.9135 25 36 -0.4768 -0.0000 31.2500
4.9148 25 36 -0.4709 -0.0000 31.2500
4.9161 25 36 -0.5318 -0.0000 31.2500
4.9173 25 36 -0.4754 -0.0000 31.2500
4.9186 25 36 -0.4359 -0.0000 31.2500
4.9199 25 36 -0.3913 -0.0000 31.2500
4.9212 25 36 -0.3277 -0.0000 31.2500
4.9225 25 36 -0.3869 -0.0000 31.2500
4.9238 25 36 -0.2583 -0.0000 31.2500
4.9250 25 36 -0.2372 -0.0000 31.2500
4.9263 25 36 -0.1754 -0.0000 31.2500
4.9276 25 36 -0.3216 -0.0000 31.2500
4.9289 25 36 -0.2412 -0.0000 31.2500
4.9301 25 36 -0.2327 -0.0000 31.2500
4.9314 25 36 -0.1740 -0.0000 31.2500
4.9327 25 36 -0.1216 -0.0000 31.2500
4.9339 25 36 -0.1178 -0.0000 31.2500
4.9352 25 36 -0.1036 -0.0000 31.2500
4.9365 25 36 -0.1366 -0.0000 31.2500
4.9377 25 36 -0.0884 -0.0000 31.2500
4.9390 25 36 -0.0916 -0.0000 31.2500
4.9403 25 36 -0.0835 -0.0000 31.2500
4.9416 25 36 -0.0686 -0.0000 31.2500
4.9428 25 36 -0.0607 -0.0000 31.2500
4.9441 28 39 -0.1042 -0.0000 34.3750
4.9454 28 39 -0.0094 -0.0000 34.3750
4.9467 28 39 0.0140 -0.0000 34.3750
4.9480 28 39 0.0467 -0.0000 34.3750
4.9493 28 39 0.0687 -0.0000 34.3750
4.9505 28 39 0.1653 -0.0000 34.3750
4.9518 28 39 0.2959 -0.0000 34.3750
4.9531 28 39 0.3510 -0.0000 34.3750
4.9544 28 39 0.3923 -0.0000 34.3750
4.9556 28 39 0.4007 -0.0000 34.3750
4.9569 28 39 0.4205 -0.0000 34.3750
4.9582 28 39 0.3332 -0.0000 34.3750
4.9594 28 39 0.2186 -0.0000 34.3750
4.9607 28 39 0.2229 -0.0000 34.3750
4.9619 28 39 0.1912 -0.0000 34.3750
4.9632 28 39 0.3151 -0.0000 34.3750
4.9644 28 39 0.3475 -0.0000 34.3750
4.9657 28 39 0.3375 -0.0000 34.3750
4.9669 28 39 0.3720 -0.0000 34.3750
4.9683 28 39 0.3183 -0.0000 34.3750
4.9696 28 39 0.3144 -0.0000 34.3750
4.9709 28 39 0.3405 -0.0000 34.3750
4.9721 28 39 0.3724 -0.0000 34.3750
4.9734 28 39 0.2641 -0.0000 34.3750
4.9747 28 39 0.3054 -0.0000 34.3750
4.9759 28 39 0.3689 -0.0000 34.3750
4.9772 28 39 0.4257 -0.0000 34.3750
4.9785 28 39 0.3551 -0.0000 34.3750
4.9797 28 39 0.3324 -0.0000 34.3750
4.9810 28 39 0.3618 -0.0000 34.3750
4.9824 28 39 0.3769 -0.0000 34.3750
4.9836 28 39 0.3543 -0.0000 34.3750
4.9849 28 39 0.3578 -0.0000 34.3750
4.9862 28 39 0.4073 -0.0000 34.3750
4.9875 28 39 0.3484 -0.0000 34.3750
4.9887 29 39 0.2918 -0.0000 34.3750
4.9900 29 39 0.2727 -0.0000 34.3750
4.9913 29 39 0.2609 -0.0000 34.3750
4.9926 29 39 0.2470 -0.0000 34.3750
4.9938 29 39 0.1476 -0.0000 34.3750
4.9951 29 39 0.1192 -0.0000 34.3750
4.9964 29 39 0.1096 -0.0000 34.3750
4.9977 29 39 0.0671 -0.0000 34.3750
4.9989 29 39 0.0823 -0.0000 34.3750
5.0002 31 42 0.1522 -0.0000 36.7188
5.0015 31 42 0.2633 -0.0000 36.7188
5.0028 31 42 0.1885 -0.0000 36.7188
5.0041 31 42 0.2173 -0.0000 36.7188
5.0053 31 42 0.2551 -0.0000 36.7188
5.0066 31 42 0.2440 -0.0000 36.7188
5.0078 31 42 0.1242 -0.0000 36.7188
5.0091 31 42 0.1411 -0.0000 36.7188
5.0104 31 42 0.2294 -0.0000 36.7188
5.0116 31 42 0.2732 -0.0000 36.7188
5.0129 31 42 0.2423 -0.0000 36.7188
5.0142 31 42 0.2209 -0.0000 36.7188
5.0154 31 42 0.1937 -0.0000 36.7188
5.0167 31 42 0.2837 -0.0000 36.7188
5.0180 31 42 0.3163 -0.0000 36.7188
5.0193 31 42 0.2930 -0.0000 36.7188
5.0206 31 42 0.1602 -0.0000 36.7188
5.0219 31 42 0.1051 -0.0000 36.7188
5.0232 31 42 0.1391 -0.0000 36.7188
5.0244 31 42 0.2164 -0.0000 36.7188
5.0257 31 42 0.2564 -0.0000 36.7188
5.0269 31 42 0.2553 -0.0000 36.7188
5.0282 31 42 0.2038 -0.0000 36.7188
5.0294 31 42 0.1873 -0.0000 36.7188
5.0307 31 42 0.2192 -0.0000 36.7188
5.0320 31 42 0.1659 -0.0000 36.7188
5.0333 31 42 0.1818 -0.0000 36.7188
5.0346 31 42 0.1883 -0.0000 36.7188
5.0358 31 42 0.2491 -0.0000 36.7188
5.0371 31 42 0.1267 -0.0000 36.7188
5.0384 31 42 0.0851 -0.0000 36.7188
5.0397 31 42 0.0851 -0.0000 36.7188
5.0410 31 42 0.0922 -0.0000 36.7188
5.0423 31 42 0.2199 -0.0000 36.7188
5.0435 31 42 0.2457 -0.0000 36.7188
5.0448 31 42 0.2505 -0.0000 36.7188
5.0461 31 42 0.2911 -0.0000 36.7188
5.0474 31 42 0.2227 -0.0000 36.7188
5.0487 31 42 0.2256 -0.0000 36.7188
5.0499 31 41 0.3214 -0.0000 36.7188
5.0512 31 41 0.3215 -0.0000 36.7188
5.0525 31 41 0.3057 -0.0000 36.7188
5.0538 31 41 0.2257 -0.0000 36.7188
5.0551 33 44 0.1423 -0.0000 39.0625
5.0563 33 44 0.1704 -0.0000 39.0625
5.0576 33 44 0.1885 -0.0000 39.0625
5.0589 33 44 0.2210 -0.0000 39.0625
5.0601 33 44 0.2025 -0.0000 39.0625
5.0614 33 44 0.1653 -0.0000 39.0625
5.0627 33 44 0.1112 -0.0000 39.0625
5.0639 33 44 0.0579 -0.0000 39.0625
5.0652 33 44 0.1176 -0.0000 39.0625
5.0665 33 44 0.0833 -0.0000 39.0625
5.0678 33 44 0.1879 -0.0000 39.0625
5.0691 33 44 0.2292 -0.0000 39.0625
5.0703 33 44 0.1682 -0.0000 39.0625
5.0716 33 44 0.1593 -0.0000 39.0625
5.0729 33 44 0.1717 -0.0000 39.0625
5.0742 33 44 0.0927 -0.0000 39.0625
5.0754 33 44 0.0744 -0.0000 39.0625
5.0767 33 44 0.1045 -0.0000 39.0625
5.0780 33 44 0.1153 -0.0000 39.0625
5.0793 33 44 0.0945 -0.0000 39.0625
5.0805 33 44 0.1367 -0.0000 39.0625
5.0818 33 44 0.1126 -0.0000 39.0625
5.0831 33 44 0.0495 -0.0000 39.0625
5.0844 33 44 0.0891 -0.0000 39.0625
5.0857 33 44 0.0258 -0.0000 39.0625
5.0869 33 44 0.0540 -0.0000 39.0625
5.0882 33 44 -0.0441 -0.0000 39.0625
5.0895 33 44 -0.1709 -0.0000 39.0625
5.0908 33 44 -0.1876 -0.0000 39.0625
5.0921 33 44 -0.1606 -0.0000 39.0625
5.0933 33 44 -0.1111 -0.0000 39.0625
5.0946 33 44 -0.1081 -0.0000 39.0625
5.0959 33 44 -0.1678 -0.0000 39.0625
5.0972 33 44 -0.2701 -0.0000 39.0625
5.0985 33 44 -0.2237 -0.0000 39.0625
5.0997 33 44 -0.1896 -0.0000 39.0625
5.1010 33 44 -0.2093 -0.0000 39.0625
5.1023 33 44 -0.2194 -0.0000 39.0625
5.1036 33 44 -0.2154 -0.0000 39.0625
5.1049 33 44 -0.2300 -0.0000 39.0625
5.1061 33 44 -0.2189 -0.0000 39.0625
5.1074 33 44 -0.1559 -0.0000 39.0625
5.1087 33 44 -0.1696 -0.0000 39.0625
5.1100 33 44 -0.1882 -0.0000 39.0625
5.1113 35 45 -0.2112 -0.0000 40.6250
5.1126 35 45 -0.2073 -0.0000 40.6250
5.1138 35 45 -0.2628 -0.0000 40.6250
5.1151 35 45 -0.3138 -0.0000 40.6250
5.1164 35 45 -0.3102 -0.0000 40.6250
5.1177 35 45 -0.3585 -0.0000 40.6250
5.1190 35 45 -0.3152 -0.0000 40.6250
5.1202 35 45 -0.2804 -0.0000 40.6250
5.1215 35 45 -0.3578 -0.0000 40.6250
5.1228 35 45 -0.4585 -0.0000 40.6250
5.1240 35 45 -0.4187 -0.0000 40.6250
5.1253 35 45 -0.4323 -0.0000 40.6250
5.1266 35 45 -0.4028 -0.0000 40.6250
5.1279 35 45 -0.4040 -0.0000 40.6250
5.1291 35 45 -0.4336 -0.0000 40.6250
5.1304 35 45 -0.4023 -0.0000 40.6250
5.1317 35 45 -0.3063 -0.0000 40.6250
5.1330 35 45 -0.3352 -0.0000 40.6250
5.1342 35 45 -0.4322 -0.0000 40.6250
5.1355 35 45 -0.4797 -0.0000 40.6250
5.1368 35 45 -0.4829 -0.0000 40.6250
5.1381 35 45 -0.5245 -0.0000 40.6250
5.1393 35 45 -0.4416 -0.0000 40.6250
5.1406 35 45 -0.3485 -0.0000 40.6250
5.1419 35 45 -0.2567 -0.0000 40.6250
5.1432 35 45 -0.2958 -0.0000 40.6250
5.1445 35 45 -0.2737 -0.0000 40.6250
5.1458 35 45 -0.3014 -0.0000 40.6250
5.1470 35 45 -0.2639 -0.0000 40.6250
5.1483 35 46 -0.3350 -0.0000 40.6250
5.1496 35 46 -0.3451 -0.0000 40.6250
5.1508 35 46 -0.3874 -0.0000 40.6250
5.1521 35 46 -0.4136 -0.0000 40.6250
5.1534 35 46 -0.3332 -0.0000 40.6250
5.1546 35 46 -0.3131 -0.0000 40.6250
5.1559 35 46 -0.3875 -0.0000 40.6250
5.1572 35 46 -0.3076 -0.0000 40.6250
5.1585 35 46 -0.3123 -0.0000 40.6250
5.1598 35 46 -0.3159 -0.0000 40.6250
5.1611 35 46 -0.3458 -0.0000 40.6250
5.1623 35 46 -0.3482 -0.0000 40.6250
5.1636 35 46 -0.4105 -0.0000 40.6250
5.1649 35 46 -0.4575 -0.0000 40.6250
5.1661 35 46 -0.5181 -0.0000 40.6250
5.1674 35 46 -0.5349 -0.0000 40.6250
5.1686 35 46 -0.5333 -0.0000 40.6250
5.1699 35 46 -0.5929 -0.0000 40.6250
5.1712 35 46 -0.6647 -0.0000 40.6250
5.1724 35 46 -0.6275 -0.0000 40.6250
5.1737 35 46 -0.5491 -0.0000 40.6250
5.1750 35 46 -0.5707 -0.0000 40.6250
5.1762 35 46 -0.5008 -0.0000 40.6250
5.1775 35 46 -0.5773 -0.0000 40.6250
5.1787 35 46 -0.5741 -0.0000 40.6250
5.1800 35 46 -0.7102 -0.0000 40.6250
5.1812 35 46 -0.6885 -0.0000 40.6250
5.1825 35 46 -0.6210 -0.0000 40.6250
5.1838 39 50 -0.5188 -0.0000 44.5312
5.1850 39 50 -0.5187 -0.0000 44.5312
5.1863 39 50 -0.4994 -0.0000 44.5312
5.1875 39 50 -0.5134 -0.0000 44.5312
5.1887 39 50 -0.4675 -0.0000 44.5312
5.1900 38 50 -0.5807 -0.0000 44.5312
5.1912 38 50 -0.6394 -0.0000 44.5312
5.1924 38 50 -0.5612 -0.0000 44.5312
5.1937 38 50 -0.4628 -0.0000 44.5312
5.1950 38 50 -0.4588 -0.0000 44.5312
5.1962 38 50 -0.4682 -0.0000 44.5312
5.1975 38 50 -0.5239 -0.0000 44.5312
5.1988 38 50 -0.5198 -0.0000 44.5312
5.2001 38 50 -0.4209 -0.0000 44.5312
5.2013 38 50 -0.4304 -0.0000 44.5312
5.2026 38 50 -0.4742 -0.0000 44.5312
5.2039 38 50 -0.4803 -0.0000 44.5312
5.2052 38 50 -0.5069 -0.0000 44.5312
5.2065 38 50 -0.4685 -0.0000 44.5312
5.2078 38 50 -0.5333 -0.0000 44.5312
5.2091 38 50 -0.6029 -0.0000 44.5312
5.2103 38 50 -0.6551 -0.0000 44.5312
5.2116 38 50 -0.7286 -0.0000 44.5312
5.2129 38 50 -0.6789 -0.0000 44.5312
5.2142 38 50 -0.7280 -0.0000 44.5312
5.2154 38 50 -0.7594 -0.0000 44.5312
5.2167 38 50 -0.5936 -0.0000 44.5312
5.2180 38 50 -0.5423 -0.0000 44.5312
5.2193 38 50 -0.5462 -0.0000 44.5312
5.2205 38 50 -0.5238 -0.0000 44.5312
5.2218 38 50 -0.6008 -0.0000 44.5312
5.2231 38 50 -0.4967 -0.0000 44.5312
5.2244 56 67 -0.4379 -0.0000 61.7188
5.2257 56 67 -0.4530 -0.0000 61.7188
5.2270 56 67 -0.5236 -0.0000 61.7188
5.2283 56 67 -0.6066 -0.0000 61.7188
5.2296 56 67 -0.5975 -0.0000 61.7188
5.2309 56 67 -0.6426 -0.0000 61.7188
5.2321 55 67 -0.6547 -0.0000 61.7188
5.2334 55 67 -0.6283 -0.0000 61.7188
5.2347 55 67 -0.7048 -0.0000 61.7188
5.2359 55 67 -0.6145 -0.0000 61.7188
5.2372 55 67 -0.5815 -0.0000 61.7188
5.2384 55 67 -0.5711 -0.0000 61.7188
5.2397 55 67 -0.5585 -0.0000 61.7188
5.2410 55 67 -0.5198 -0.0000 61.7188
5.2422 55 67 -0.4181 -0.0000 61.7188
5.2435 55 67 -0.3804 -0.0000 61.7188
5.2448 55 67 -0.3450 -0.0000 61.7188
5.2460 55 67 -0.4657 -0.0000 61.7188
5.2473 55 67 -0.4376 -0.0000 61.7188
5.2486 55 67 -0.3727 -0.0000 61.7188
5.2499 55 67 -0.4267 -0.0000 61.7188
5.2511 55 67 -0.4199 -0.0000 61.7188
5.2523 55 67 -0.3331 -0.0000 61.7188
5.2536 55 67 -0.3148 -0.0000 61.7188
5.2548 55 67 -0.3901 -0.0000 61.7188
5.2561 55 67 -0.3545 -0.0000 61.7188
5.2573 55 67 -0.2992 -0.0000 61.7188
5.2586 55 67 -0.3339 -0.0000 61.7188
5.2599 55 67 -0.3433 -0.0000 61.7188
5.2611 55 67 -0.3685 -0.0000 61.7188
5.2624 55 67 -0.2716 -0.0000 61.7188
5.2637 55 67 -0.2532 -0.0000 61.7188
5.2650 55 67 -0.2764 -0.0000 61.7188
5.2662 55 67 -0.2705 -0.0000 61.7188
5.2675 55 67 -0.3876 -0.0000 61.7188
5.2688 55 67 -0.3438 -0.0000 61.7188
5.2701 55 67 -0.3366 -0.0000 61.7188
5.2713 55 67 -0.3299 -0.0000 61.7188
5.2726 55 67 -0.3830 -0.0000 61.7188
5.2738 55 67 -0.3958 -0.0000 61.7188
5.2751 55 67 -0.4568 -0.0000 61.7188
5.2763 55 67 -0.4161 -0.0000 61.7188
5.2776 55 67 -0.4223 -0.0000 61.7188
5.2788 55 67 -0.4115 -0.0000 61.7188
5.2801 55 67 -0.5073 -0.0000 61.7188
5.2814 55 67 -0.4468 -0.0000 61.7188
5.2826 55 67 -0.3903 -0.0000 61.7188
5.2839 55 67 -0.3871 -0.0000 61.7188
5.2852 55 67 -0.3804 -0.0000 61.7188
5.2865 55 67 -0.4146 -0.0000 61.7188
5.2878 62 74 -0.3499 -0.0000 68.7500
5.2891 62 74 -0.2848 -0.0000 68.7500
5.2903 62 74 -0.2300 -0.0000 68.7500
5.2916 62 74 -0.2511 -0.0000 68.7500
5.2928 62 74 -0.2503 -0.0000 68.7500
5.2941 62 74 -0.2396 -0.0000 68.7500
5.2954 62 74 -0.1921 -0.0000 68.7500
5.2967 62 74 -0.1226 -0.0000 68.7500
5.2980 62 74 -0.0970 -0.0000 68.7500
5.2993 62 74 -0.0776 -0.0000 68.7500
5.3005 62 74 -0.1117 -0.0000 68.7500
5.3018 62 74 -0.1016 -0.0000 68.7500
5.3031 62 74 -0.0261 -0.0000 68.7500
5.3043 62 74 0.0384 -0.0000 68.7500
5.3056 62 74 0.0872 -0.0000 68.7500
5.3068 62 74 0.0590 -0.0000 68.7500
5.3081 62 74 0.0071 -0.0000 68.7500
5.3094 62 74 0.0565 -0.0000 68.7500
5.3107 62 74 0.0787 -0.0000 68.7500
5.3119 62 74 0.1088 -0.0000 68.7500
5.3132 62 74 0.1046 -0.0000 68.7500
5.3144 62 74 0.1372 -0.0000 68.7500
5.3157 62 74 0.0958 -0.0000 68.7500
5.3170 62 74 0.1865 -0.0000 68.7500
5.3183 62 74 0.2930 -0.0000 68.7500
5.3195 62 74 0.2897 -0.0000 68.7500
5.3208 62 74 0.2588 -0.0000 68.7500
5.3221 62 74 0.2487 -0.0000 68.7500
5.3233 62 74 0.2569 -0.0000 68.7500
5.3246 62 74 0.1957 -0.0000 68.7500
5.3259 62 74 0.2218 -0.0000 68.7500
5.3271 62 74 0.2170 -0.0000 68.7500
5.3285 62 74 0.1830 -0.0000 68.7500
5.3297 62 74 0.2848 -0.0000 68.7500
5.3310 62 74 0.3244 -0.0000 68.7500
5.3322 62 74 0.2907 -0.0000 68.7500
5.3335 62 74 0.3040 -0.0000 68.7500
5.3348 62 74 0.2268 -0.0000 68.7500
5.3361 62 74 0.1602 -0.0000 68.7500
5.3373 62 74 0.1676 -0.0000 68.7500
5.3386 62 74 0.1901 -0.0000 68.7500
5.3399 62 74 0.1318 -0.0000 68.7500
5.3412 62 74 0.0904 -0.0000 68.7500
5.3424 62 74 0.2411 -0.0000 68.7500
5.3437 62 74 0.2941 -0.0000 68.7500
5.3450 62 74 0.3595 -0.0000 68.7500
5.3463 62 74 0.3999 -0.0000 68.7500
5.3476 62 74 0.2945 -0.0000 68.7500
5.3488 62 74 0.2760 -0.0000 68.7500
5.3501 62 74 0.2775 -0.0000 68.7500
5.3514 62 74 0.3155 -0.0000 68.7500
5.3527 62 74 0.2684 -0.0000 68.7500
5.3540 62 74 0.3041 -0.0000 68.7500
5.3552 62 74 0.2808 -0.0000 68.7500
5.3565 62 74 0.3262 -0.0000 68.7500
5.3578 62 74 0.2747 -0.0000 68.7500
5.3591 62 74 0.1980 -0.0000 68.7500
5.3604 62 74 0.2254 -0.0000 68.7500
5.3616 62 74 0.3252 -0.0000 68.7500
5.3629 62 74 0.3467 -0.0000 68.7500
5.3642 62 74 0.2377 -0.0000 68.7500
5.3655 62 74 0.2299 -0.0000 68.7500
5.3668 62 74 0.2215 -0.0000 68.7500
5.3681 66 77 0.1863 -0.0000 71.8750
5.3694 66 77 0.0820 -0.0000 71.8750
5.3706 66 77 0.0679 -0.0000 71.8750
5.3719 66 77 -0.0489 -0.0000 71.8750
5.3732 66 77 0.0068 -0.0000 71.8750
5.3745 66 77 0.0421 -0.0000 71.8750
5.3757 66 77 0.0188 -0.0000 71.8750
5.3771 66 77 0.1200 -0.0000 71.8750
5.3783 66 77 0.1527 -0.0000 71.8750
5.3796 66 77 0.2299 -0.0000 71.8750
5.3809 66 77 0.2734 -0.0000 71.8750
5.3821 66 77 0.2649 -0.0000 71.8750
5.3834 66 77 0.2189 -0.0000 71.8750
5.3846 66 77 0.2356 -0.0000 71.8750
5.3859 66 77 0.1483 -0.0000 71.8750
5.3872 66 77 0.1312 -0.0000 71.8750
5.3885 66 77 0.1801 -0.0000 71.8750
5.3898 66 77 0.1910 -0.0000 71.8750
5.3915 66 77 0.1622 -0.0000 71.8750
5.3928 66 77 0.1461 -0.0000 71.8750
5.3941 66 77 0.2059 -0.0000 71.8750
5.3954 66 77 0.1854 -0.0000 71.8750
5.3966 66 77 0.1451 -0.0000 71.8750
5.3979 66 77 0.1100 -0.0000 71.8750
5.3992 66 77 0.0605 -0.0000 71.8750
5.4005 66 77 0.0284 -0.0000 71.8750
5.4017 66 77 -0.0346 -0.0000 71.8750
5.4030 66 77 -0.0458 -0.0000 71.8750
5.4043 66 77 0.0104 -0.0000 71.8750
5.4055 66 77 0.0416 -0.0000 71.8750
5.4068 66 77 0.0399 -0.0000 71.8750
5.4080 66 77 0.0247 -0.0000 71.8750
5.4093 66 77 -0.0019 -0.0000 71.8750
5.4106 66 77 -0.0507 -0.0000 71.8750
5.4118 66 77 -0.0631 -0.0000 71.8750
5.4131 66 77 -0.1086 -0.0000 71.8750
5.4144 66 77 -0.0781 -0.0000 71.8750
5.4156 66 77 0.0294 -0.0000 71.8750
5.4169 66 77 -0.0007 -0.0000 71.8750
5.4182 66 77 -0.0219 -0.0000 71.8750
5.4195 66 77 -0.0125 -0.0000 71.8750
5.4208 66 77 -0.0168 -0.0000 71.8750
5.4221 66 77 0.0004 -0.0000 71.8750
5.4234 75 87 0.0216 -0.0000 81.2500
5.4247 75 87 0.0305 -0.0000 81.2500
5.4259 75 87 0.1641 -0.0000 81.2500
5.4272 75 87 0.1150 -0.0000 81.2500
5.4285 75 87 0.0427 -0.0000 81.2500
5.4298 75 87 0.0582 -0.0000 81.2500
5.4310 75 87 0.0484 -0.0000 81.2500
5.4323 75 87 0.1531 -0.0000 81.2500
5.4336 75 87 0.1097 -0.0000 81.2500
5.4348 75 87 0.2259 -0.0000 81.2500
5.4361 75 87 0.1372 -0.0000 81.2500
5.4374 75 87 0.2099 -0.0000 81.2500
5.4387 75 87 0.1457 -0.0000 81.2500
5.4399 75 87 0.1110 -0.0000 81.2500
5.4412 75 87 0.0847 -0.0000 81.2500
5.4424 75 87 0.2298 -0.0000 81.2500
5.4437 75 87 0.3272 -0.0000 81.2500
5.4450 75 87 0.2751 -0.0000 81.2500
5.4462 75 86 0.3184 -0.0000 81.2500
5.4475 75 86 0.2432 -0.0000 81.2500
5.4487 75 86 0.2388 -0.0000 81.2500
5.4500 75 86 0.2069 -0.0000 81.2500
5.4513 75 86 0.1768 -0.0000 81.2500
5.4526 75 86 0.2706 -0.0000 81.2500
5.4538 75 86 0.3592 -0.0000 81.2500
5.4551 75 86 0.3951 -0.0000 81.2500
5.4564 75 86 0.4105 -0.0000 81.2500
5.4577 75 86 0.3861 -0.0000 81.2500
5.4590 75 86 0.4289 -0.0000 81.2500
5.4602 75 86 0.4237 -0.0000 81.2500
5.4615 75 86 0.4263 -0.0000 81.2500
5.4628 75 86 0.3621 -0.0000 81.2500
5.4640 75 86 0.4632 -0.0000 81.2500
5.4653 75 86 0.5086 -0.0000 81.2500
5.4666 75 86 0.4830 -0.0000 81.2500
5.4678 75 86 0.5325 -0.0000 81.2500
5.4691 75 86 0.6359 -0.0000 81.2500
5.4703 75 86 0.5321 -0.0000 81.2500
5.4716 75 86 0.5509 -0.0000 81.2500
5.4729 75 86 0.5178 -0.0000 81.2500
5.4741 75 86 0.5065 -0.0000 81.2500
5.4754 75 86 0.4421 -0.0000 81.2500
5.4766 75 86 0.3998 -0.0000 81.2500
5.4779 75 86 0.4632 -0.0000 81.2500
5.4791 75 86 0.5183 -0.0000 81.2500
5.4804 75 86 0.4765 -0.0000 81.2500
5.4816 75 86 0.3952 -0.0000 81.2500
5.4829 75 86 0.2822 -0.0000 81.2500
5.4841 75 86 0.1786 -0.0000 81.2500
5.4854 75 86 0.1954 -0.0000 81.2500
5.4866 75 86 0.2074 -0.0000 81.2500
5.4878 75 86 0.1671 -0.0000 81.2500
5.4891 75 86 0.1093 -0.0000 81.2500
5.4903 75 86 0.1469 -0.0000 81.2500
5.4916 75 86 0.1853 -0.0000 81.2500
5.4928 75 86 0.1100 -0.0000 81.2500
5.4942 75 86 0.1086 -0.0000 81.2500
5.4954 81 93 0.0849 -0.0000 87.5000
5.4967 81 93 0.0193 -0.0000 87.5000
5.4980 81 93 0.0094 -0.0000 87.5000
5.4992 81 93 0.0569 -0.0000 87.5000
5.5004 81 93 0.0327 -0.0000 87.5000
5.5017 81 93 -0.0810 -0.0000 87.5000
5.5029 81 93 -0.1365 -0.0000 87.5000
5.5042 81 93 -0.1503 -0.0000 87.5000
5.5055 81 93 -0.2301 -0.0000 87.5000
5.5067 81 93 -0.1933 -0.0000 87.5000
5.5080 81 93 -0.1826 -0.0000 87.5000
5.5092 81 93 -0.2658 -0.0000 87.5000
5.5105 81 93 -0.2684 -0.0000 87.5000
5.5118 81 93 -0.2358 -0.0000 87.5000
5.5131 81 93 -0.1402 -0.0000 87.5000
5.5143 81 93 -0.2185 -0.0000 87.5000
5.5156 81 93 -0.2195 -0.0000 87.5000
5.5169 81 93 -0.2198 -0.0000 87.5000
5.5182 81 93 -0.2285 -0.0000 87.5000
5.5195 81 93 -0.1790 -0.0000 87.5000
5.5208 81 93 -0.1434 -0.0000 87.5000
5.5220 81 93 -0.1407 -0.0000 87.5000
5.5233 81 93 -0.1442 -0.0000 87.5000
5.5246 81 93 -0.1584 -0.0000 87.5000
5.5258 81 93 -0.1616 -0.0000 87.5000
5.5271 81 93 -0.1551 -0.0000 87.5000
5.5284 81 93 -0.0902 -0.0000 87.5000
5.5296 81 93 -0.0474 -0.0000 87.5000
5.5309 81 93 -0.0856 -0.0000 87.5000
5.5322 81 93 -0.0100 -0.0000 87.5000
5.5334 81 93 0.0629 -0.0000 87.5000
5.5347 88 100 0.0601 -0.0000 94.5312
5.5360 88 100 0.0366 -0.0000 94.5312
5.5373 88 100 -0.0838 -0.0000 94.5312
5.5385 88 100 -0.1168 -0.0000 94.5312
5.5398 88 100 -0.0807 -0.0000 94.5312
5.5411 88 100 -0.0158 -0.0000 94.5312
5.5424 88 100 -0.0503 -0.0000 94.5312
5.5436 88 100 -0.1477 -0.0000 94.5312
5.5449 88 100 -0.0452 -0.0000 94.5312
5.5462 88 100 -0.0586 -0.0000 94.5312
5.5475 88 100 -0.0686 -0.0000 94.5312
5.5487 88 100 -0.0215 -0.0000 94.5312
5.5500 88 100 -0.0503 -0.0000 94.5312
5.5513 88 100 0.0200 -0.0000 94.5312
5.5526 88 100 0.0307 -0.0000 94.5312
5.5538 88 100 0.0827 -0.0000 94.5312
5.5551 88 100 0.1722 -0.0000 94.5312
5.5564 88 100 0.2653 -0.0000 94.5312
5.5576 88 100 0.1869 -0.0000 94.5312
5.5589 88 100 0.1574 -0.0000 94.5312
5.5602 88 100 0.1933 -0.0000 94.5312
5.5614 88 100 0.2961 -0.0000 94.5312
5.5627 88 100 0.2977 -0.0000 94.5312
5.5639 88 100 0.2732 -0.0000 94.5312
5.5652 88 100 0.2870 -0.0000 94.5312
5.5665 88 100 0.2437 -0.0000 94.5312
5.5677 88 100 0.2041 -0.0000 94.5312
5.5690 88 100 0.1545 -0.0000 94.5312
5.5703 88 100 0.2207 -0.0000 94.5312
5.5716 88 100 0.1395 -0.0000 94.5312
5.5728 88 100 0.1541 -0.0000 94.5312
5.5741 88 100 0.1342 -0.0000 94.5312
5.5754 88 100 0.0549 -0.0000 94.5312
5.5766 88 100 0.0151 -0.0000 94.5312
5.5779 88 100 0.0396 -0.0000 94.5312
5.5792 88 100 0.0853 -0.0000 94.5312
5.5804 88 100 -0.0451 -0.0000 94.5312
5.5817 88 100 -0.0095 -0.0000 94.5312
5.5830 88 100 -0.0884 -0.0000 94.5312
5.5842 88 100 -0.1045 -0.0000 94.5312
5.5855 88 100 -0.0582 -0.0000 94.5312
5.5868 88 100 -0.1414 -0.0000 94.5312
5.5881 88 100 -0.1716 -0.0000 94.5312
5.5893 88 100 -0.2760 -0.0000 94.5312
5.5906 88 100 -0.3080 -0.0000 94.5312
5.5919 88 100 -0.3083 -0.0000 94.5312
5.5931 88 100 -0.3602 -0.0000 94.5312
5.5944 88 100 -0.3488 -0.0000 94.5312
5.5956 88 100 -0.5157 -0.0000 94.5312
5.5969 88 100 -0.4891 -0.0000 94.5312
5.5982 88 100 -0.5131 -0.0000 94.5312
5.5995 88 100 -0.4906 -0.0000 94.5312
5.6008 88 100 -0.4677 -0.0000 94.5312
5.6020 88 100 -0.4113 -0.0000 94.5312
5.6033 88 100 -0.4806 -0.0000 94.5312
5.6046 88 100 -0.3921 -0.0000 94.5312
5.6059 88 100 -0.4073 -0.0000 94.5312
5.6071 88 100 -0.2563 -0.0000 94.5312
5.6084 88 100 -0.2732 -0.0000 94.5312
5.6097 88 100 -0.2955 -0.0000 94.5312
5.6109 88 100 -0.3614 -0.0000 94.5312
5.6122 88 100 -0.3788 -0.0000 94.5312
5.6135 88 100 -0.3594 -0.0000 94.5312
5.6147 88 100 -0.3457 -0.0000 94.5312
5.6160 88 100 -0.2957 -0.0000 94.5312
5.6173 88 100 -0.4122 -0.0000 94.5312
5.6185 88 100 -0.4073 -0.0000 94.5312
5.6198 88 100 -0.2983 -0.0000 94.5312
5.6211 88 100 -0.3074 -0.0000 94.5312
5.6224 88 100 -0.2940 -0.0000 94.5312
5.6236 88 100 -0.3902 -0.0000 94.5312
5.6249 88 100 -0.3979 -0.0000 94.5312
5.6261 88 100 -0.4160 -0.0000 94.5312
5.6274 88 100 -0.4410 -0.0000 94.5312
5.6287 88 100 -0.5710 -0.0000 94.5312
5.6299 88 100 -0.5057 -0.0000 94.5312
5.6312 88 100 -0.5719 -0.0000 94.5312
5.6325 88 100 -0.5095 -0.0000 94.5312
5.6338 88 100 -0.6121 -0.0000 94.5312
5.6350 88 100 -0.6352 -0.0000 94.5312
5.6363 88 100 -0.6759 -0.0000 94.5312
5.6376 88 100 -0.6770 -0.0000 94.5312
5.6389 88 100 -0.6779 -0.0000 94.5312
5.6401 88 100 -0.6645 -0.0000 94.5312
5.6414 88 100 -0.7131 -0.0000 94.5312
5.6426 88 100 -0.7238 -0.0000 94.5312
5.6439 88 100 -0.6018 -0.0000 94.5312
5.6452 88 100 -0.5082 -0.0000 94.5312
5.6465 88 100 -0.5059 -0.0000 94.5312
5.6477 88 100 -0.5302 -0.0000 94.5312
5.6490 88 100 -0.4788 -0.0000 94.5312
5.6503 88 100 -0.4428 -0.0000 94.5312
5.6515 88 100 -0.4874 -0.0000 94.5312
5.6528 88 100 -0.3686 -0.0000 94.5312
5.6541 88 100 -0.2471 -0.0000 94.5312
5.6553 88 100 -0.2813 -0.0000 94.5312
5.6566 88 100 -0.2067 -0.0000 94.5312
5.6578 88 100 -0.2058 -0.0000 94.5312
5.6591 88 100 -0.1194 -0.0000 94.5312
5.6604 88 100 0.0010 -0.0000 94.5312
5.6617 88 100 0.0657 -0.0000 94.5312
5.6629 88 100 0.0127 -0.0000 94.5312
5.6642 88 100 0.0637 -0.0000 94.5312
5.6655 88 100 0.0726 -0.0000 94.5312
5.6667 88 100 0.1080 -0.0000 94.5312
5.6680 88 100 0.0639 -0.0000 94.5312
5.6693 88 100 0.0604 -0.0000 94.5312
5.6706 88 100 0.0247 -0.0000 94.5312
5.6718 88 100 0.0741 -0.0000 94.5312
5.6731 88 100 0.0664 -0.0000 94.5312
5.6744 88 100 0.0294 -0.0000 94.5312
5.6757 88 100 -0.0330 -0.0000 94.5312
5.6769 88 100 -0.0136 -0.0000 94.5312
5.6782 88 100 0.0508 -0.0000 94.5312
5.6795 88 100 0.0421 -0.0000 94.5312
5.6808 88 100 -0.0015 -0.0000 94.5312
5.6821 88 100 -0.0190 -0.0000 94.5312
5.6833 88 100 -0.0133 -0.0000 94.5312
5.6846 88 100 -0.0667 -0.0000 94.5312
5.6859 88 100 -0.1740 -0.0000 94.5312
5.6872 88 100 -0.0839 -0.0000 94.5312
5.6885 88 100 0.0261 -0.0000 94.5312
5.6897 88 100 0.0068 -0.0000 94.5312
5.6910 88 100 -0.0208 -0.0000 94.5312
5.6923 88 100 0.0063 -0.0000 94.5312
5.6935 88 100 -0.0009 -0.0000 94.5312
5.6948 88 100 -0.0207 -0.0000 94.5312
5.6961 88 100 -0.0652 -0.0000 94.5312
5.6973 88 100 -0.0619 -0.0000 94.5312
5.6986 88 100 -0.1072 -0.0000 94.5312
5.6999 88 100 -0.1532 -0.0000 94.5312
5.7011 88 100 -0.2281 -0.0000 94.5312
5.7024 88 100 -0.2352 -0.0000 94.5312
5.7037 88 100 -0.2483 -0.0000 94.5312
5.7050 88 100 -0.3099 -0.0000 94.5312
5.7062 88 100 -0.3486 -0.0000 94.5312
5.7075 88 100 -0.2754 -0.0000 94.5312
5.7088 88 100 -0.2358 -0.0000 94.5312
5.7100 88 100 -0.3446 -0.0000 94.5312
5.7113 88 100 -0.4077 -0.0000 94.5312
5.7126 88 100 -0.3888 -0.0000 94.5312
5.7138 88 100 -0.4598 -0.0000 94.5312
5.7151 88 100 -0.5232 -0.0000 94.5312
5.7164 88 100 -0.5093 -0.0000 94.5312
5.7176 88 100 -0.5207 -0.0000 94.5312
5.7189 88 100 -0.5300 -0.0000 94.5312
5.7202 88 100 -0.4739 -0.0000 94.5312
5.7214 88 100 -0.4938 -0.0000 94.5312
5.7227 88 100 -0.4279 -0.0000 94.5312
5.7240 88 100 -0.4310 -0.0000 94.5312
5.7253 88 100 -0.4594 -0.0000 94.5312
5.7266 88 100 -0.4594 -0.0000 94.5312
5.7279 88 100 -0.4035 -0.0000 94.5312
5.7291 88 100 -0.4045 -0.0000 94.5312
5.7304 88 100 -0.5937 -0.0000 94.5312
5.7316 88 100 -0.5826 -0.0000 94.5312
5.7329 88 100 -0.5851 -0.0000 94.5312
5.7341 88 100 -0.6694 -0.0000 94.5312
5.7354 88 100 -0.6066 -0.0000 94.5312
5.7367 88 100 -0.6088 -0.0000 94.5312
5.7379 88 100 -0.5914 -0.0000 94.5312
5.7392 88 100 -0.5797 -0.0000 94.5312
5.7404 88 100 -0.5606 -0.0000 94.5312
5.7417 88 100 -0.5096 -0.0000 94.5312
5.7430 88 100 -0.5043 -0.0000 94.5312
5.7442 88 100 -0.6101 -0.0000 94.5312
5.7455 88 100 -0.5027 -0.0000 94.5312
5.7468 88 100 -0.4719 -0.0000 94.5312
5.7480 88 100 -0.4799 -0.0000 94.5312
5.7493 88 100 -0.4794 -0.0000 94.5312
5.7505 88 100 -0.3515 -0.0000 94.5312
5.7518 88 100 -0.4194 -0.0000 94.5312
5.7530 88 100 -0.4243 -0.0000 94.5312
5.7543 88 100 -0.3851 -0.0000 94.5312
5.7555 88 100 -0.4302 -0.0000 94.5312
5.7568 88 100 -0.4274 -0.0000 94.5312
5.7580 88 100 -0.3613 -0.0000 94.5312
5.7593 88 100 -0.3233 -0.0000 94.5312
5.7606 88 100 -0.2611 -0.0000 94.5312
5.7619 88 100 -0.2360 -0.0000 94.5312
5.7631 88 100 -0.2752 -0.0000 94.5312
5.7644 88 100 -0.2122 -0.0000 94.5312
5.7657 88 100 -0.1241 -0.0000 94.5312
5.7669 88 100 -0.1328 -0.0000 94.5312
5.7682 88 100 -0.1363 -0.0000 94.5312
5.7694 88 100 -0.1076 -0.0000 94.5312
5.7707 88 100 -0.1429 -0.0000 94.5312
5.7720 88 100 -0.2388 -0.0000 94.5312
5.7732 88 100 -0.3154 -0.0000 94.5312
5.7745 88 100 -0.2176 -0.0000 94.5312
5.7757 88 100 -0.2197 -0.0000 94.5312
5.7770 88 100 -0.1754 -0.0000 94.5312
5.7782 88 100 -0.2159 -0.0000 94.5312
5.7795 88 100 -0.2475 -0.0000 94.5312
5.7808 88 100 -0.3319 -0.0000 94.5312
5.7820 88 100 -0.3092 -0.0000 94.5312
5.7833 88 100 -0.3087 -0.0000 94.5312
5.7845 88 100 -0.3395 -0.0000 94.5312
5.7857 88 100 -0.3055 -0.0000 94.5312
5.7870 88 100 -0.3055 -0.0000 94.5312
5.7883 88 100 -0.4530 -0.0000 94.5312
5.7895 88 100 -0.4395 -0.0000 94.5312
5.7908 88 100 -0.3838 -0.0000 94.5312
5.7920 88 100 -0.4253 -0.0000 94.5312
5.7933 88 100 -0.4482 -0.0000 94.5312
5.7945 93 106 -0.3738 -0.0000 100.0000
5.7958 93 106 -0.4274 -0.0000 100.0000
5.7971 93 106 -0.3590 -0.0000 100.0000
5.7985 93 106 -0.2912 -0.0000 100.0000
5.7998 93 106 -0.2938 -0.0000 100.0000
5.8011 93 106 -0.3478 -0.0000 100.0000
5.8024 93 106 -0.3424 -0.0000 100.0000
5.8036 93 106 -0.3225 -0.0000 100.0000
5.8049 93 106 -0.3168 -0.0000 100.0000
5.8062 93 106 -0.3246 -0.0000 100.0000
5.8075 93 106 -0.2788 -0.0000 100.0000
5.8087 93 106 -0.2831 -0.0000 100.0000
5.8100 93 106 -0.2871 -0.0000 100.0000
5.8113 93 106 -0.2639 -0.0000 100.0000
5.8126 93 106 -0.2135 -0.0000 100.0000
5.8138 93 106 -0.2080 -0.0000 100.0000
5.8151 93 106 -0.1844 -0.0000 100.0000
5.8164 93 106 -0.2035 -0.0000 100.0000
5.8176 93 106 -0.2685 -0.0000 100.0000
5.8189 93 106 -0.2187 -0.0000 100.0000
5.8201 93 106 -0.2158 -0.0000 100.0000
5.8214 93 106 -0.1625 -0.0000 100.0000
5.8226 93 106 -0.1094 -0.0000 100.0000
5.8239 93 106 -0.1128 -0.0000 100.0000
5.8252 93 106 -0.0314 -0.0000 100.0000
5.8264 93 106 -0.0644 -0.0000 100.0000
5.8277 93 106 -0.0734 -0.0000 100.0000
5.8290 93 106 0.0142 -0.0000 100.0000
5.8302 93 106 0.1998 -0.0000 100.0000
5.8315 93 106 0.3393 -0.0000 100.0000
5.8328 93 106 0.3823 -0.0000 100.0000
5.8340 93 106 0.3018 -0.0000 100.0000
5.8353 93 106 0.3539 -0.0000 100.0000
5.8366 93 106 0.3802 -0.0000 100.0000
5.8379 93 106 0.3685 -0.0000 100.0000
5.8391 93 106 0.3504 -0.0000 100.0000
5.8404 93 106 0.3220 -0.0000 100.0000
5.8417 93 106 0.2771 -0.0000 100.0000
5.8429 93 106 0.2481 -0.0000 100.0000
5.8442 93 106 0.2408 -0.0000 100.0000
5.8455 93 106 0.2479 -0.0000 100.0000
5.8467 93 106 0.2658 -0.0000 100.0000
5.8480 93 106 0.1137 -0.0000 100.0000
5.8493 93 106 0.0252 -0.0000 100.0000
5.8506 93 106 0.0189 -0.0000 100.0000
5.8518 93 106 -0.0335 -0.0000 100.0000
5.8531 93 106 -0.0921 -0.0000 100.0000
5.8544 93 106 -0.1883 -0.0000 100.0000
5.8557 93 106 -0.2173 -0.0000 100.0000
5.8569 93 106 -0.2613 -0.0000 100.0000
5.8582 93 106 -0.3345 -0.0000 100.0000
5.8595 93 106 -0.2802 -0.0000 100.0000
5.8608 93 106 -0.2498 -0.0000 100.0000
5.8620 93 106 -0.2320 -0.0000 100.0000
5.8633 93 106 -0.2560 -0.0000 100.0000
5.8646 93 106 -0.2516 -0.0000 100.0000
5.8658 93 106 -0.2889 -0.0000 100.0000
5.8671 93 106 -0.3196 -0.0000 100.0000
5.8684 93 106 -0.2794 -0.0000 100.0000
5.8696 93 106 -0.2536 -0.0000 100.0000
5.8709 93 106 -0.2995 -0.0000 100.0000
5.8722 93 106 -0.2613 -0.0000 100.0000
5.8734 93 106 -0.2491 -0.0000 100.0000
5.8747 93 106 -0.2718 -0.0000 100.0000
5.8759 93 106 -0.2691 -0.0000 100.0000
5.8772 93 106 -0.3124 -0.0000 100.0000
5.8785 93 106 -0.3667 -0.0000 100.0000
5.8797 93 106 -0.3748 -0.0000 100.0000
5.8810 93 106 -0.3590 -0.0000 100.0000
5.8822 93 106 -0.3533 -0.0000 100.0000
5.8835 93 106 -0.2289 -0.0000 100.0000
5.8848 93 106 -0.1748 -0.0000 100.0000
5.8860 93 106 -0.1310 -0.0000 100.0000
5.8873 93 106 -0.1690 -0.0000 100.0000
5.8886 93 106 -0.2125 -0.0000 100.0000
5.8898 93 106 -0.2467 -0.0000 100.0000
5.8910 93 106 -0.1788 -0.0000 100.0000
5.8923 93 106 -0.2179 -0.0000 100.0000
5.8936 93 106 -0.1769 -0.0000 100.0000
5.8948 95 107 -0.2048 -0.0000 101.5625
5.8961 95 107 -0.2310 -0.0000 101.5625
5.8974 95 107 -0.1916 -0.0000 101.5625
5.8987 95 107 -0.2016 -0.0000 101.5625
5.9000 95 107 -0.2668 -0.0000 101.5625
5.9012 95 107 -0.2155 -0.0000 101.5625
5.9025 95 107 -0.1490 -0.0000 101.5625
5.9037 95 107 -0.0564 -0.0000 101.5625
5.9050 95 107 -0.0377 -0.0000 101.5625
5.9063 95 107 -0.0208 -0.0000 101.5625
5.9075 95 107 0.0034 -0.0000 101.5625
5.9088 95 107 0.1224 -0.0000 101.5625
5.9101 95 107 0.1456 -0.0000 101.5625
5.9114 95 107 0.2042 -0.0000 101.5625
5.9126 95 107 0.1637 -0.0000 101.5625
5.9139 95 107 0.1780 -0.0000 101.5625
5.9151 95 107 0.2684 -0.0000 101.5625
5.9164 95 107 0.3304 -0.0000 101.5625
5.9176 95 107 0.2810 -0.0000 101.5625
5.9189 95 107 0.2357 -0.0000 101.5625
5.9201 95 107 0.3584 -0.0000 101.5625
5.9214 95 107 0.3273 -0.0000 101.5625
5.9227 95 107 0.2877 -0.0000 101.5625
5.9239 95 107 0.3342 -0.0000 101.5625
5.9252 95 107 0.4283 -0.0000 101.5625
5.9265 95 107 0.4189 -0.0000 101.5625
5.9277 95 107 0.4030 -0.0000 101.5625
5.9290 95 107 0.3864 -0.0000 101.5625
5.9303 95 107 0.3747 -0.0000 101.5625
5.9316 95 107 0.3920 -0.0000 101.5625
5.9328 95 107 0.3631 -0.0000 101.5625
5.9341 95 107 0.4229 -0.0000 101.5625
5.9353 95 107 0.4261 -0.0000 101.5625
5.9366 95 107 0.4345 -0.0000 101.5625
5.9378 95 107 0.4635 -0.0000 101.5625
5.9391 95 107 0.4341 -0.0000 101.5625
5.9404 95 107 0.4991 -0.0000 101.5625
5.9417 95 107 0.4225 -0.0000 101.5625
5.9430 95 107 0.4437 -0.0000 101.5625
5.9443 95 107 0.5213 -0.0000 101.5625
5.9455 95 107 0.5232 -0.0000 101.5625
5.9468 95 107 0.4759 -0.0000 101.5625
5.9481 95 107 0.5052 -0.0000 101.5625
5.9493 95 107 0.5439 -0.0000 101.5625
5.9506 103 115 0.5275 -0.0000 109.3750
5.9519 103 115 0.5473 -0.0000 109.3750
5.9532 103 115 0.4973 -0.0000 109.3750
5.9544 103 115 0.3770 -0.0000 109.3750
5.9557 103 115 0.2956 -0.0000 109.3750
5.9570 103 115 0.2940 -0.0000 109.3750
5.9582 103 115 0.2941 -0.0000 109.3750
5.9595 103 115 0.2907 -0.0000 109.3750
5.9608 103 115 0.3232 -0.0000 109.3750
5.9621 103 115 0.2695 -0.0000 109.3750
5.9633 103 115 0.2439 -0.0000 109.3750
5.9646 103 115 0.3218 -0.0000 109.3750
5.9659 103 115 0.3101 -0.0000 109.3750
5.9672 103 115 0.3154 -0.0000 109.3750
5.9684 103 115 0.2656 -0.0000 109.3750
5.9697 103 115 0.1816 -0.0000 109.3750
5.9709 103 115 0.1600 -0.0000 109.3750
5.9722 103 115 0.1804 -0.0000 109.3750
5.9735 103 115 0.2123 -0.0000 109.3750
5.9747 103 115 0.1957 -0.0000 109.3750
5.9760 103 115 0.2063 -0.0000 109.3750
5.9773 103 115 0.1652 -0.0000 109.3750
5.9785 103 115 0.1271 -0.0000 109.3750
5.9798 103 115 0.1536 -0.0000 109.3750
5.9811 103 115 0.2420 -0.0000 109.3750
5.9823 103 115 0.3300 -0.0000 109.3750
5.9836 103 115 0.3119 -0.0000 109.3750
5.9848 103 115 0.3575 -0.0000 109.3750
5.9861 103 115 0.3211 -0.0000 109.3750
5.9874 103 115 0.3228 -0.0000 109.3750
5.9886 103 115 0.2830 -0.0000 109.3750
5.9899 103 115 0.3582 -0.0000 109.3750
5.9911 103 115 0.3662 -0.0000 109.3750
5.9924 103 115 0.3086 -0.0000 109.3750
5.9937 103 115 0.2521 -0.0000 109.3750
5.9949 103 115 0.2246 -0.0000 109.3750
5.9962 103 115 0.2137 -0.0000 109.3750
5.9974 103 115 0.1789 -0.0000 109.3750
5.9987 103 115 0.1967 -0.0000 109.3750
5.9999 103 115 0.1447 -0.0000 109.3750
6.0012 103 115 0.2160 -0.0000 109.3750
6.0025 103 115 0.1729 -0.0000 109.3750
6.0037 103 115 0.1492 -0.0000 109.3750
6.0050 103 115 0.1284 -0.0000 109.3750
6.0062 103 115 0.1765 -0.0000 109.3750
6.0075 115 127 0.2263 -0.0000 121.8750
6.0088 115 127 0.1918 -0.0000 121.8750
6.0101 115 127 0.1359 -0.0000 121.8750
6.0114 115 127 0.0505 -0.0000 121.8750
6.0126 115 127 -0.0022 -0.0000 121.8750
6.0139 115 127 -0.0833 -0.0000 121.8750
6.0152 115 127 -0.0586 -0.0000 121.8750
6.0164 115 127 -0.0145 -0.0000 121.8750
6.0177 115 127 -0.0562 -0.0000 121.8750
6.0189 115 127 -0.1062 -0.0000 121.8750
6.0202 115 127 -0.0860 -0.0000 121.8750
6.0214 115 127 -0.1683 -0.0000 121.8750
6.0227 115 127 -0.2542 -0.0000 121.8750
6.0240 115 127 -0.2361 -0.0000 121.8750
6.0252 115 127 -0.2643 -0.0000 121.8750
6.0265 115 127 -0.2269 -0.0000 121.8750
6.0277 115 127 -0.1834 -0.0000 121.8750
6.0290 115 127 -0.2052 -0.0000 121.8750
6.0303 115 127 -0.2040 -0.0000 121.8750
6.0316 115 127 -0.2106 -0.0000 121.8750
6.0328 115 127 -0.0277 -0.0000 121.8750
6.0341 115 127 -0.1710 -0.0000 121.8750
6.0354 115 127 -0.1959 -0.0000 121.8750
6.0366 115 127 -0.2483 -0.0000 121.8750
6.0379 115 127 -0.1992 -0.0000 121.8750
6.0392 115 127 -0.1633 -0.0000 121.8750
6.0405 115 127 -0.2105 -0.0000 121.8750
6.0417 115 127 -0.2527 -0.0000 121.8750
6.0430 115 127 -0.2985 -0.0000 121.8750
6.0443 115 127 -0.2513 -0.0000 121.8750
6.0455 115 127 -0.1917 -0.0000 121.8750
6.0468 115 127 -0.1594 -0.0000 121.8750
6.0480 115 127 -0.1932 -0.0000 121.8750
6.0493 115 127 -0.1177 -0.0000 121.8750
6.0505 115 127 -0.1449 -0.0000 121.8750
6.0518 115 127 -0.2608 -0.0000 121.8750
6.0531 115 127 -0.2322 -0.0000 121.8750
6.0544 115 127 -0.2421 -0.0000 121.8750
6.0557 115 127 -0.2575 -0.0000 121.8750
6.0569 115 127 -0.3230 -0.0000 121.8750
6.0582 115 127 -0.3360 -0.0000 121.8750
6.0595 115 127 -0.3131 -0.0000 121.8750
6.0607 115 127 -0.2752 -0.0000 121.8750
6.0620 115 127 -0.2213 -0.0000 121.8750
6.0632 115 127 -0.2435 -0.0000 121.8750
6.0645 118 131 -0.1663 -0.0000 125.0000
6.0658 118 131 -0.1900 -0.0000 125.0000
6.0670 118 131 -0.2250 -0.0000 125.0000
6.0683 118 131 -0.1767 -0.0000 125.0000
6.0696 118 131 -0.2066 -0.0000 125.0000
6.0708 118 131 -0.1970 -0.0000 125.0000
6.0721 118 131 -0.2638 -0.0000 125.0000
6.0734 118 131 -0.2500 -0.0000 125.0000
6.0746 118 131 -0.2875 -0.0000 125.0000
6.0759 118 131 -0.2697 -0.0000 125.0000
6.0771 118 131 -0.2858 -0.0000 125.0000
6.0783 118 131 -0.2186 -0.0000 125.0000
6.0796 118 131 -0.2694 -0.0000 125.0000
6.0808 118 131 -0.2745 -0.0000 125.0000
6.0821 118 131 -0.3099 -0.0000 125.0000
6.0833 118 131 -0.3758 -0.0000 125.0000
6.0846 118 131 -0.3961 -0.0000 125.0000
6.0858 118 131 -0.3870 -0.0000 125.0000
6.0871 118 131 -0.4553 -0.0000 125.0000
6.0884 118 131 -0.4050 -0.0000 125.0000
6.0896 118 131 -0.4157 -0.0000 125.0000
6.0909 118 131 -0.3889 -0.0000 125.0000
6.0921 118 131 -0.4120 -0.0000 125.0000
6.0934 118 131 -0.4881 -0.0000 125.0000
6.0946 118 131 -0.5451 -0.0000 125.0000
6.0959 118 131 -0.5397 -0.0000 125.0000
6.0971 118 131 -0.5548 -0.0000 125.0000
6.0984 118 131 -0.4637 -0.0000 125.0000
6.0997 118 131 -0.3973 -0.0000 125.0000
6.1010 118 131 -0.2819 -0.0000 125.0000
6.1022 118 131 -0.2751 -0.0000 125.0000
6.1035 118 131 -0.2828 -0.0000 125.0000
6.1048 118 131 -0.2150 -0.0000 125.0000
6.1060 118 131 -0.1194 -0.0000 125.0000
6.1073 118 131 -0.0632 -0.0000 125.0000
6.1085 118 131 -0.0188 -0.0000 125.0000
6.1098 118 131 -0.0727 -0.0000 125.0000
6.1111 118 131 -0.1287 -0.0000 125.0000
6.1124 118 131 -0.1944 -0.0000 125.0000
6.1136 118 131 -0.2379 -0.0000 125.0000
6.1149 118 131 -0.2515 -0.0000 125.0000
6.1161 118 131 -0.2597 -0.0000 125.0000
6.1174 118 131 -0.2004 -0.0000 125.0000
6.1187 117 130 -0.2340 -0.0000 124.2188
6.1200 117 130 -0.1342 -0.0000 124.2188
6.1213 117 130 -0.1258 -0.0000 124.2188
6.1226 117 130 -0.1531 -0.0000 124.2188
6.1238 117 130 -0.1397 -0.0000 124.2188
6.1251 117 130 -0.0552 -0.0000 124.2188
6.1264 117 130 -0.0911 -0.0000 124.2188
6.1277 117 130 -0.1207 -0.0000 124.2188
6.1289 117 130 -0.2453 -0.0000 124.2188
6.1302 117 130 -0.2418 -0.0000 124.2188
6.1315 117 130 -0.2191 -0.0000 124.2188
6.1328 117 130 -0.1752 -0.0000 124.2188
6.1340 117 130 -0.2328 -0.0000 124.2188
6.1353 117 130 -0.2710 -0.0000 124.2188
6.1366 117 130 -0.2579 -0.0000 124.2188
6.1379 117 130 -0.1077 -0.0000 124.2188
6.1392 117 130 -0.0955 -0.0000 124.2188
6.1405 117 130 -0.1262 -0.0000 124.2188
6.1417 117 130 -0.1053 -0.0000 124.2188
6.1430 117 130 -0.0977 -0.0000 124.2188
6.1443 117 130 -0.1422 -0.0000 124.2188
6.1456 117 130 -0.0691 -0.0000 124.2188
6.1469 117 130 -0.1056 -0.0000 124.2188
6.1481 117 130 -0.1727 -0.0000 124.2188
6.1494 117 130 -0.1341 -0.0000 124.2188
6.1507 117 130 -0.0838 -0.0000 124.2188
6.1520 117 130 -0.0159 -0.0000 124.2188
6.1533 117 130 0.0144 -0.0000 124.2188
6.1546 117 130 -0.0253 -0.0000 124.2188
6.1558 117 130 -0.0834 -0.0000 124.2188
6.1571 117 130 -0.1313 -0.0000 124.2188
6.1584 117 130 -0.1879 -0.0000 124.2188
6.1597 117 130 -0.1553 -0.0000 124.2188
6.1609 117 130 -0.1200 -0.0000 124.2188
6.1622 117 130 -0.0324 -0.0000 124.2188
6.1635 117 130 0.0103 -0.0000 124.2188
6.1648 117 130 0.0052 -0.0000 124.2188
6.1661 117 130 0.0039 -0.0000 124.2188
6.1673 117 130 -0.0561 -0.0000 124.2188
6.1686 117 130 -0.1109 -0.0000 124.2188
6.1699 117 130 -0.0471 -0.0000 124.2188
6.1711 117 130 -0.0151 -0.0000 124.2188
6.1724 117 130 -0.1069 -0.0000 124.2188
6.1737 117 130 -0.0543 -0.0000 124.2188
6.1750 117 130 -0.1766 -0.0000 124.2188
6.1763 117 130 -0.1460 -0.0000 124.2188
6.1776 117 130 -0.0624 -0.0000 124.2188
6.1789 117 130 0.0019 -0.0000 124.2188
6.1802 117 130 0.0441 -0.0000 124.2188
6.1815 117 130 0.0316 -0.0000 124.2188
6.1828 117 130 0.0593 -0.0000 124.2188
6.1841 121 133 -0.0154 -0.0000 127.3438
6.1853 121 133 0.0350 -0.0000 127.3438
6.1866 121 133 0.0680 -0.0000 127.3438
6.1879 121 133 0.0085 -0.0000 127.3438
6.1892 121 133 0.0920 -0.0000 127.3438
6.1905 121 133 0.0647 -0.0000 127.3438
6.1918 121 133 0.0236 -0.0000 127.3438
6.1931 121 133 0.0734 -0.0000 127.3438
6.1944 121 133 0.1475 -0.0000 127.3438
6.1956 121 133 0.1388 -0.0000 127.3438
6.1969 121 133 0.1415 -0.0000 127.3438
6.1982 121 133 0.1770 -0.0000 127.3438
6.1995 121 133 0.0997 -0.0000 127.3438
6.2008 121 133 0.0640 -0.0000 127.3438
6.2021 121 133 0.0261 -0.0000 127.3438
6.2033 121 133 0.0515 -0.0000 127.3438
6.2046 121 133 0.1344 -0.0000 127.3438
6.2059 121 133 0.1460 -0.0000 127.3438
6.2072 121 133 0.1604 -0.0000 127.3438
6.2085 121 133 0.2012 -0.0000 127.3438
6.2097 121 133 0.1269 -0.0000 127.3438
6.2110 121 133 0.1341 -0.0000 127.3438
6.2123 121 133 0.1380 -0.0000 127.3438
6.2136 121 133 0.1682 -0.0000 127.3438
6.2148 121 133 0.0349 -0.0000 127.3438
6.2161 121 133 -0.0123 -0.0000 127.3438
6.2174 121 133 -0.0205 -0.0000 127.3438
6.2187 121 133 0.0063 -0.0000 127.3438
6.2200 121 133 0.0301 -0.0000 127.3438
6.2212 121 133 0.0592 -0.0000 127.3438
6.2225 121 133 0.0437 -0.0000 127.3438
6.2238 121 133 0.0696 -0.0000 127.3438
6.2251 121 133 0.0789 -0.0000 127.3438
6.2263 121 133 0.0810 -0.0000 127.3438
6.2276 121 133 0.0716 -0.0000 127.3438
6.2290 121 133 0.0406 -0.0000 127.3438
6.2302 121 133 -0.0190 -0.0000 127.3438
6.2315 121 133 -0.0355 -0.0000 127.3438
6.2328 121 133 0.0330 -0.0000 127.3438
6.2341 121 133 0.0161 -0.0000 127.3438
6.2354 121 133 0.0291 -0.0000 127.3438
6.2366 121 133 0.0460 -0.0000 127.3438
6.2379 121 133 0.0756 -0.0000 127.3438
6.2392 121 133 -0.0090 -0.0000 127.3438
6.2405 121 133 -0.0734 -0.0000 127.3438
6.2418 121 133 -0.0675 -0.0000 127.3438
6.2430 121 133 -0.0318 -0.0000 127.3438
6.2443 121 133 -0.0508 -0.0000 127.3438
6.2455 121 133 -0.0947 -0.0000 127.3438
6.2469 121 133 -0.1911 -0.0000 127.3438
6.2481 124 137 -0.1994 -0.0000 131.2500
6.2495 124 137 -0.1783 -0.0000 131.2500
6.2507 124 137 -0.2345 -0.0000 131.2500
6.2520 124 137 -0.2676 -0.0000 131.2500
6.2533 124 137 -0.2725 -0.0000 131.2500
6.2545 124 137 -0.2553 -0.0000 131.2500
6.2558 124 137 -0.2217 -0.0000 131.2500
6.2570 124 137 -0.2733 -0.0000 131.2500
6.2583 124 137 -0.2176 -0.0000 131.2500
6.2596 124 137 -0.3150 -0.0000 131.2500
6.2609 124 137 -0.3753 -0.0000 131.2500
6.2621 124 137 -0.4160 -0.0000 131.2500
6.2634 124 137 -0.3667 -0.0000 131.2500
6.2647 124 137 -0.4746 -0.0000 131.2500
6.2660 124 137 -0.4315 -0.0000 131.2500
6.2672 124 137 -0.3573 -0.0000 131.2500
6.2685 124 137 -0.3002 -0.0000 131.2500
6.2698 124 137 -0.3578 -0.0000 131.2500
6.2710 124 137 -0.3627 -0.0000 131.2500
6.2723 124 137 -0.3930 -0.0000 131.2500
6.2735 124 137 -0.3833 -0.0000 131.2500
6.2748 124 137 -0.5704 -0.0000 131.2500
6.2760 124 137 -0.4937 -0.0000 131.2500
6.2773 124 137 -0.3887 -0.0000 131.2500
6.2786 124 137 -0.4472 -0.0000 131.2500
6.2799 124 137 -0.5232 -0.0000 131.2500
6.2811 124 137 -0.4508 -0.0000 131.2500
6.2824 124 137 -0.3744 -0.0000 131.2500
6.2837 124 137 -0.3992 -0.0000 131.2500
6.2850 124 137 -0.3189 -0.0000 131.2500
6.2862 124 137 -0.3102 -0.0000 131.2500
6.2875 124 137 -0.3253 -0.0000 131.2500
6.2888 124 137 -0.3112 -0.0000 131.2500
6.2901 124 137 -0.3241 -0.0000 131.2500
6.2913 124 137 -0.3520 -0.0000 131.2500
6.2926 124 137 -0.4049 -0.0000 131.2500
6.2939 124 137 -0.4316 -0.0000 131.2500
6.2952 124 137 -0.4104 -0.0000 131.2500
6.2964 124 137 -0.3651 -0.0000 131.2500
6.2977 124 137 -0.4225 -0.0000 131.2500
6.2990 124 137 -0.3985 -0.0000 131.2500
6.3002 124 137 -0.4122 -0.0000 131.2500
6.3015 124 137 -0.3613 -0.0000 131.2500
6.3028 133 146 -0.3769 -0.0000 139.8438
6.3042 133 146 -0.3772 -0.0000 139.8438
6.3055 133 146 -0.3683 -0.0000 139.8438
6.3068 133 146 -0.4295 -0.0000 139.8438
6.3081 133 146 -0.3322 -0.0000 139.8438
6.3093 133 146 -0.3494 -0.0000 139.8438
6.3106 133 146 -0.3108 -0.0000 139.8438
6.3119 133 146 -0.3621 -0.0000 139.8438
6.3132 133 146 -0.4871 -0.0000 139.8438
6.3144 133 146 -0.4745 -0.0000 139.8438
6.3157 133 146 -0.4423 -0.0000 139.8438
6.3170 133 146 -0.4290 -0.0000 139.8438
6.3183 133 146 -0.4388 -0.0000 139.8438
6.3196 133 146 -0.4905 -0.0000 139.8438
6.3208 133 146 -0.5537 -0.0000 139.8438
6.3221 133 146 -0.5714 -0.0000 139.8438
6.3233 133 146 -0.6980 -0.0000 139.8438
6.3246 133 146 -0.7961 -0.0000 139.8438
6.3259 133 146 -0.7458 -0.0000 139.8438
6.3271 133 146 -0.6567 -0.0000 139.8438
6.3284 133 146 -0.6430 -0.0000 139.8438
6.3297 133 146 -0.6536 -0.0000 139.8438
6.3309 133 146 -0.7361 -0.0000 139.8438
6.3322 133 146 -0.6642 -0.0000 139.8438
6.3335 133 146 -0.6620 -0.0000 139.8438
6.3347 133 146 -0.6168 -0.0000 139.8438
6.3360 133 146 -0.7108 -0.0000 139.8438
6.3373 133 146 -0.7482 -0.0000 139.8438
6.3386 133 146 -0.8142 -0.0000 139.8438
6.3398 133 146 -0.7404 -0.0000 139.8438
6.3411 133 146 -0.7047 -0.0000 139.8438
6.3423 133 146 -0.7062 -0.0000 139.8438
6.3436 133 146 -0.6860 -0.0000 139.8438
6.3449 133 146 -0.7895 -0.0000 139.8438
6.3461 133 146 -0.7653 -0.0000 139.8438
6.3474 133 146 -0.7864 -0.0000 139.8438
6.3487 133 146 -0.7902 -0.0000 139.8438
6.3500 133 146 -0.8269 -0.0000 139.8438
6.3512 133 146 -0.7259 -0.0000 139.8438
6.3525 133 146 -0.6286 -0.0000 139.8438
6.3538 133 146 -0.5692 -0.0000 139.8438
6.3551 133 146 -0.4898 -0.0000 139.8438
6.3563 133 146 -0.4023 -0.0000 139.8438
6.3576 133 146 -0.3312 -0.0000 139.8438
6.3589 133 147 -0.4320 -0.0000 140.6250
6.3601 133 147 -0.4673 -0.0000 140.6250
6.3614 133 147 -0.3781 -0.0000 140.6250
6.3627 133 147 -0.3866 -0.0000 140.6250
6.3639 133 147 -0.4249 -0.0000 140.6250
6.3652 133 147 -0.4318 -0.0000 140.6250
6.3665 133 147 -0.3602 -0.0000 140.6250
6.3678 133 147 -0.3413 -0.0000 140.6250
6.3690 133 147 -0.3089 -0.0000 140.6250
6.3703 133 147 -0.2939 -0.0000 140.6250
6.3716 133 147 -0.3324 -0.0000 140.6250
6.3728 133 147 -0.3497 -0.0000 140.6250
6.3741 133 147 -0.3158 -0.0000 140.6250
6.3754 133 147 -0.2823 -0.0000 140.6250
6.3766 133 147 -0.3127 -0.0000 140.6250
6.3779 133 147 -0.3328 -0.0000 140.6250
6.3791 133 147 -0.2689 -0.0000 140.6250
6.3804 133 147 -0.3388 -0.0000 140.6250
6.3816 133 147 -0.4419 -0.0000 140.6250
6.3829 133 147 -0.3946 -0.0000 140.6250
6.3842 133 147 -0.4144 -0.0000 140.6250
6.3854 133 147 -0.4112 -0.0000 140.6250
6.3867 133 147 -0.4427 -0.0000 140.6250
6.3879 133 147 -0.3669 -0.0000 140.6250
6.3892 133 147 -0.3201 -0.0000 140.6250
6.3904 133 147 -0.4318 -0.0000 140.6250
6.3917 133 147 -0.5638 -0.0000 140.6250
6.3930 133 147 -0.4412 -0.0000 140.6250
6.3942 133 147 -0.5174 -0.0000 140.6250
6.3955 133 147 -0.6156 -0.0000 140.6250
6.3968 133 147 -0.5839 -0.0000 140.6250
6.3980 133 147 -0.6481 -0.0000 140.6250
6.3993 133 147 -0.7339 -0.0000 140.6250
6.4006 133 147 -0.6731 -0.0000 140.6250
6.4019 133 147 -0.6805 -0.0000 140.6250
6.4032 133 147 -0.6915 -0.0000 140.6250
6.4045 133 147 -0.7681 -0.0000 140.6250
6.4057 133 147 -0.8028 -0.0000 140.6250
6.4070 133 147 -0.7710 -0.0000 140.6250
6.4083 133 147 -0.7868 -0.0000 140.6250
6.4096 133 147 -0.8062 -0.0000 140.6250
6.4108 133 147 -0.8913 -0.0000 140.6250
6.4121 133 147 -0.8691 -0.0000 140.6250
6.4134 133 147 -0.7689 -0.0000 140.6250
6.4147 139 152 -0.7373 -0.0000 146.0938
6.4160 139 153 -0.6996 -0.0000 146.0938
6.4173 139 153 -0.7256 -0.0000 146.0938
6.4185 139 153 -0.7416 -0.0000 146.0938
6.4198 139 153 -0.7373 -0.0000 146.0938
6.4211 139 153 -0.8040 -0.0000 146.0938
6.4224 139 153 -0.9053 -0.0000 146.0938
6.4237 139 153 -0.8645 -0.0000 146.0938
6.4249 139 153 -0.8183 -0.0000 146.0938
6.4262 139 153 -0.7611 -0.0000 146.0938
6.4275 139 153 -0.8485 -0.0000 146.0938
6.4288 139 153 -0.8630 -0.0000 146.0938
6.4300 139 153 -0.9145 -0.0000 146.0938
6.4313 139 153 -0.9132 -0.0000 146.0938
6.4326 139 153 -0.7720 -0.0000 146.0938
6.4339 139 153 -0.7814 -0.0000 146.0938
6.4351 139 153 -0.7927 -0.0000 146.0938
6.4364 139 153 -0.8605 -0.0000 146.0938
6.4377 139 153 -0.8314 -0.0000 146.0938
6.4389 139 153 -0.7721 -0.0000 146.0938
6.4402 139 153 -0.6963 -0.0000 146.0938
6.4415 139 153 -0.7516 -0.0000 146.0938
6.4428 139 153 -0.7335 -0.0000 146.0938
6.4440 139 153 -0.6836 -0.0000 146.0938
6.4453 139 153 -0.6024 -0.0000 146.0938
6.4466 138 153 -0.6542 -0.0000 146.0938
6.4478 138 153 -0.6704 -0.0000 146.0938
6.4491 138 153 -0.6721 -0.0000 146.0938
6.4504 138 153 -0.6232 -0.0000 146.0938
6.4517 138 153 -0.5532 -0.0000 146.0938
6.4529 138 153 -0.4968 -0.0000 146.0938
6.4542 138 153 -0.4914 -0.0000 146.0938
6.4555 138 153 -0.5484 -0.0000 146.0938
6.4568 138 153 -0.5071 -0.0000 146.0938
6.4580 138 153 -0.5513 -0.0000 146.0938
6.4593 138 153 -0.5696 -0.0000 146.0938
6.4606 138 153 -0.7290 -0.0000 146.0938
6.4619 138 153 -0.7462 -0.0000 146.0938
6.4631 138 153 -0.7334 -0.0000 146.0938
6.4644 138 153 -0.7594 -0.0000 146.0938
6.4657 138 153 -0.7753 -0.0000 146.0938
6.4670 138 153 -0.7927 -0.0000 146.0938
6.4683 138 153 -0.8566 -0.0000 146.0938
6.4696 138 153 -0.9012 -0.0000 146.0938
6.4709 138 153 -0.8648 -0.0000 146.0938
6.4722 138 153 -0.8104 -0.0000 146.0938
6.4734 138 153 -0.8008 -0.0000 146.0938
6.4747 138 153 -0.7883 -0.0000 146.0938
6.4760 138 153 -0.8292 -0.0000 146.0938
6.4773 138 153 -0.8262 -0.0000 146.0938
6.4786 138 153 -0.7625 -0.0000 146.0938
6.4798 138 153 -0.7356 -0.0000 146.0938
6.4811 138 153 -0.6887 -0.0000 146.0938
6.4824 138 153 -0.5773 -0.0000 146.0938
6.4837 138 153 -0.5760 -0.0000 146.0938
6.4849 138 153 -0.5129 -0.0000 146.0938
6.4862 138 153 -0.4903 -0.0000 146.0938
6.4875 145 160 -0.4041 -0.0000 153.1250
6.4888 145 160 -0.2912 -0.0000 153.1250
6.4901 145 160 -0.3186 -0.0000 153.1250
6.4914 145 160 -0.3091 -0.0000 153.1250
6.4927 145 160 -0.3263 -0.0000 153.1250
6.4940 145 160 -0.4638 -0.0000 153.1250
6.4952 145 160 -0.4972 -0.0000 153.1250
6.4965 145 160 -0.4971 -0.0000 153.1250
6.4978 145 160 -0.4855 -0.0000 153.1250
6.4990 145 160 -0.4785 -0.0000 153.1250
6.5003 145 160 -0.4552 -0.0000 153.1250
6.5015 145 160 -0.4913 -0.0000 153.1250
6.5028 145 160 -0.5444 -0.0000 153.1250
6.5040 145 160 -0.5014 -0.0000 153.1250
6.5053 145 160 -0.4788 -0.0000 153.1250
6.5065 145 160 -0.4448 -0.0000 153.1250
6.5077 145 160 -0.5114 -0.0000 153.1250
6.5090 145 160 -0.4790 -0.0000 153.1250
6.5103 145 160 -0.4849 -0.0000 153.1250
6.5115 145 160 -0.5187 -0.0000 153.1250
6.5128 145 160 -0.5549 -0.0000 153.1250
6.5141 145 160 -0.5998 -0.0000 153.1250
6.5154 145 160 -0.6301 -0.0000 153.1250
6.5166 145 160 -0.6164 -0.0000 153.1250
6.5180 145 160 -0.5976 -0.0000 153.1250
6.5192 145 160 -0.5326 -0.0000 153.1250
6.5205 145 160 -0.4636 -0.0000 153.1250
6.5218 145 160 -0.4287 -0.0000 153.1250
6.5231 145 160 -0.4263 -0.0000 153.1250
6.5243 145 160 -0.3474 -0.0000 153.1250
6.5256 145 160 -0.3436 -0.0000 153.1250
6.5268 145 160 -0.2300 -0.0000 153.1250
6.5280 145 160 -0.1718 -0.0000 153.1250
6.5293 145 160 -0.1880 -0.0000 153.1250
6.5306 145 160 -0.2875 -0.0000 153.1250
6.5319 145 160 -0.2592 -0.0000 153.1250
6.5331 145 160 -0.1897 -0.0000 153.1250
6.5344 145 160 -0.2373 -0.0000 153.1250
6.5357 145 160 -0.1476 -0.0000 153.1250
6.5369 145 160 -0.1625 -0.0000 153.1250
6.5382 145 160 -0.0802 -0.0000 153.1250
6.5395 145 160 -0.1245 -0.0000 153.1250
6.5407 145 160 -0.1303 -0.0000 153.1250
6.5420 145 160 -0.1160 -0.0000 153.1250
6.5433 151 166 -0.1282 -0.0000 159.3750
6.5446 151 166 -0.1600 -0.0000 159.3750
6.5459 151 166 -0.1479 -0.0000 159.3750
6.5472 151 166 -0.1239 -0.0000 159.3750
6.5485 151 166 -0.1193 -0.0000 159.3750
6.5497 151 166 -0.1419 -0.0000 159.3750
6.5510 151 166 -0.1023 -0.0000 159.3750
6.5522 151 166 -0.0945 -0.0000 159.3750
6.5536 151 166 -0.0433 -0.0000 159.3750
6.5548 151 166 -0.0933 -0.0000 159.3750
6.5561 151 166 -0.0407 -0.0000 159.3750
6.5574 151 166 0.0064 -0.0000 159.3750
6.5587 151 166 -0.0874 -0.0000 159.3750
6.5599 151 166 -0.1457 -0.0000 159.3750
6.5612 151 166 -0.1450 -0.0000 159.3750
6.5625 151 166 -0.1505 -0.0000 159.3750
6.5638 151 166 -0.0961 -0.0000 159.3750
6.5650 151 166 -0.1592 -0.0000 159.3750
6.5663 151 166 -0.1268 -0.0000 159.3750
6.5676 151 166 -0.0903 -0.0000 159.3750
6.5689 151 166 -0.2039 -0.0000 159.3750
6.5701 151 166 -0.2321 -0.0000 159.3750
6.5714 151 166 -0.3476 -0.0000 159.3750
6.5727 151 166 -0.4148 -0.0000 159.3750
6.5739 151 166 -0.3019 -0.0000 159.3750
6.5752 151 166 -0.1983 -0.0000 159.3750
6.5765 151 166 -0.1530 -0.0000 159.3750
6.5778 151 166 -0.1977 -0.0000 159.3750
6.5790 151 166 -0.2314 -0.0000 159.3750
6.5803 151 166 -0.1768 -0.0000 159.3750
6.5816 151 166 -0.2206 -0.0000 159.3750
6.5828 151 166 -0.1567 -0.0000 159.3750
6.5841 151 166 -0.1029 -0.0000 159.3750
6.5854 151 166 -0.0908 -0.0000 159.3750
6.5867 151 166 -0.1125 -0.0000 159.3750
6.5879 151 166 -0.1035 -0.0000 159.3750
6.5892 151 166 -0.1151 -0.0000 159.3750
6.5905 151 166 -0.1323 -0.0000 159.3750
6.5917 151 166 -0.1597 -0.0000 159.3750
6.5930 151 166 -0.1217 -0.0000 159.3750
6.5943 151 166 -0.1082 -0.0000 159.3750
6.5956 151 166 -0.1685 -0.0000 159.3750
6.5968 151 166 -0.2149 -0.0000 159.3750
6.5981 151 166 -0.2542 -0.0000 159.3750
6.5994 151 166 -0.3250 -0.0000 159.3750
6.6006 151 166 -0.3305 -0.0000 159.3750
6.6018 151 166 -0.4189 -0.0000 159.3750
6.6031 151 166 -0.4282 -0.0000 159.3750
6.6044 151 166 -0.4755 -0.0000 159.3750
6.6057 151 166 -0.5090 -0.0000 159.3750
6.6070 151 166 -0.5019 -0.0000 159.3750
6.6083 151 166 -0.5015 -0.0000 159.3750
6.6096 151 166 -0.5173 -0.0000 159.3750
6.6108 151 166 -0.4770 -0.0000 159.3750
6.6121 151 166 -0.4721 -0.0000 159.3750
6.6134 151 166 -0.4537 -0.0000 159.3750
6.6147 158 174 -0.3307 -0.0000 166.4062
6.6160 158 174 -0.2918 -0.0000 166.4062
6.6173 158 174 -0.3126 -0.0000 166.4062
6.6186 158 174 -0.4356 -0.0000 166.4062
6.6199 158 174 -0.5254 -0.0000 166.4062
6.6211 158 174 -0.5227 -0.0000 166.4062
6.6224 158 174 -0.5275 -0.0000 166.4062
6.6237 158 174 -0.3749 -0.0000 166.4062
6.6249 158 174 -0.3989 -0.0000 166.4062
6.6262 158 174 -0.4029 -0.0000 166.4062
6.6275 158 174 -0.3681 -0.0000 166.4062
6.6288 158 174 -0.2485 -0.0000 166.4062
6.6300 158 174 -0.2991 -0.0000 166.4062
6.6313 158 174 -0.2591 -0.0000 166.4062
6.6326 158 174 -0.3163 -0.0000 166.4062
6.6338 158 174 -0.2927 -0.0000 166.4062
6.6351 158 174 -0.3343 -0.0000 166.4062
6.6364 158 174 -0.4247 -0.0000 166.4062
6.6376 158 174 -0.4364 -0.0000 166.4062
6.6389 158 174 -0.4935 -0.0000 166.4062
6.6402 158 174 -0.4713 -0.0000 166.4062
6.6415 158 174 -0.4864 -0.0000 166.4062
6.6427 158 174 -0.4937 -0.0000 166.4062
6.6440 158 174 -0.4562 -0.0000 166.4062
6.6452 158 174 -0.4768 -0.0000 166.4062
6.6465 158 174 -0.4111 -0.0000 166.4062
6.6478 158 174 -0.4243 -0.0000 166.4062
6.6490 158 174 -0.4592 -0.0000 166.4062
6.6503 158 174 -0.5097 -0.0000 166.4062
6.6516 158 174 -0.5269 -0.0000 166.4062
6.6529 158 174 -0.5173 -0.0000 166.4062
6.6541 158 174 -0.4692 -0.0000 166.4062
6.6554 158 174 -0.4374 -0.0000 166.4062
6.6567 158 174 -0.4652 -0.0000 166.4062
6.6580 158 174 -0.5182 -0.0000 166.4062
6.6593 158 174 -0.5053 -0.0000 166.4062
6.6605 158 174 -0.4635 -0.0000 166.4062
6.6618 158 174 -0.3779 -0.0000 166.4062
6.6631 158 174 -0.2997 -0.0000 166.4062
6.6643 158 174 -0.3541 -0.0000 166.4062
6.6656 158 174 -0.3392 -0.0000 166.4062
6.6669 158 174 -0.3291 -0.0000 166.4062
6.6681 158 174 -0.3441 -0.0000 166.4062
6.6694 158 174 -0.4009 -0.0000 166.4062
6.6706 158 174 -0.3946 -0.0000 166.4062
6.6719 158 174 -0.3141 -0.0000 166.4062
6.6732 158 174 -0.2885 -0.0000 166.4062
6.6744 158 174 -0.3310 -0.0000 166.4062
6.6757 158 174 -0.3766 -0.0000 166.4062
6.6769 158 174 -0.4552 -0.0000 166.4062
6.6782 158 174 -0.4780 -0.0000 166.4062
6.6794 158 174 -0.4974 -0.0000 166.4062
6.6807 158 174 -0.5390 -0.0000 166.4062
6.6820 158 174 -0.4330 -0.0000 166.4062
6.6832 158 174 -0.4450 -0.0000 166.4062
6.6845 158 174 -0.4582 -0.0000 166.4062
6.6857 158 174 -0.5094 -0.0000 166.4062
6.6869 158 174 -0.4852 -0.0000 166.4062
6.6882 158 174 -0.4946 -0.0000 166.4062
6.6894 158 174 -0.5780 -0.0000 166.4062
6.6907 158 174 -0.6166 -0.0000 166.4062
6.6919 158 174 -0.7386 -0.0000 166.4062
6.6932 158 174 -0.7688 -0.0000 166.4062
6.6945 158 174 -0.8666 -0.0000 166.4062
6.6958 161 177 -0.8701 -0.0000 169.5312
6.6971 161 177 -0.8991 -0.0000 169.5312
6.6984 161 177 -0.8690 -0.0000 169.5312
6.6997 161 177 -0.9014 -0.0000 169.5312
6.7009 161 177 -0.8133 -0.0000 169.5312
6.7022 161 177 -0.8563 -0.0000 169.5312
6.7035 161 177 -0.7955 -0.0000 169.5312
6.7048 161 177 -0.8264 -0.0000 169.5312
6.7061 161 177 -0.9087 -0.0000 169.5312
6.7074 161 177 -0.8369 -0.0000 169.5312
6.7087 161 177 -0.9092 -0.0000 169.5312
6.7100 161 177 -0.8851 -0.0000 169.5312
6.7113 161 177 -0.7989 -0.0000 169.5312
6.7126 161 177 -0.8355 -0.0000 169.5312
6.7138 161 177 -0.7511 -0.0000 169.5312
6.7151 161 177 -0.7356 -0.0000 169.5312
6.7164 161 177 -0.7235 -0.0000 169.5312
6.7177 161 177 -0.6265 -0.0000 169.5312
6.7189 161 177 -0.5996 -0.0000 169.5312
6.7202 161 177 -0.7197 -0.0000 169.5312
6.7215 161 177 -0.7398 -0.0000 169.5312
6.7228 161 177 -0.6984 -0.0000 169.5312
6.7241 161 177 -0.7188 -0.0000 169.5312
6.7254 161 177 -0.7000 -0.0000 169.5312
6.7267 177 193 -0.6916 -0.0000 185.1562
6.7280 177 193 -0.6857 -0.0000 185.1562
6.7293 177 193 -0.7619 -0.0000 185.1562
6.7306 177 193 -0.7544 -0.0000 185.1562
6.7319 177 193 -0.7540 -0.0000 185.1562
6.7332 177 193 -0.6868 -0.0000 185.1562
6.7344 177 193 -0.6682 -0.0000 185.1562
6.7357 177 193 -0.6356 -0.0000 185.1562
6.7370 177 193 -0.7500 -0.0000 185.1562
6.7382 177 193 -0.7130 -0.0000 185.1562
6.7395 177 193 -0.7579 -0.0000 185.1562
6.7408 176 193 -0.7309 -0.0000 185.1562
6.7421 176 193 -0.6070 -0.0000 185.1562
6.7434 176 193 -0.5192 -0.0000 185.1562
6.7446 176 193 -0.5703 -0.0000 185.1562
6.7460 176 193 -0.6799 -0.0000 185.1562
6.7472 176 193 -0.6549 -0.0000 185.1562
6.7485 176 193 -0.6227 -0.0000 185.1562
6.7497 176 193 -0.6445 -0.0000 185.1562
6.7510 176 193 -0.6117 -0.0000 185.1562
6.7522 176 193 -0.7040 -0.0000 185.1562
6.7535 176 193 -0.6882 -0.0000 185.1562
6.7548 176 193 -0.7365 -0.0000 185.1562
6.7560 176 193 -0.6018 -0.0000 185.1562
6.7573 176 193 -0.5410 -0.0000 185.1562
6.7585 176 193 -0.5165 -0.0000 185.1562
6.7598 176 193 -0.5337 -0.0000 185.1562
6.7611 176 193 -0.5299 -0.0000 185.1562
6.7624 176 193 -0.4928 -0.0000 185.1562
6.7636 176 193 -0.4225 -0.0000 185.1562
6.7649 176 193 -0.5162 -0.0000 185.1562
6.7662 176 193 -0.4348 -0.0000 185.1562
6.7675 176 193 -0.4155 -0.0000 185.1562
6.7688 176 193 -0.3515 -0.0000 185.1562
6.7700 176 193 -0.2934 -0.0000 185.1562
6.7713 176 193 -0.1866 -0.0000 185.1562
6.7726 176 193 -0.1642 -0.0000 185.1562
6.7738 176 193 -0.0594 -0.0000 185.1562
6.7751 176 193 0.0256 -0.0000 185.1562
6.7764 176 193 0.0241 -0.0000 185.1562
6.7776 176 193 0.0368 -0.0000 185.1562
6.7789 176 193 0.0090 -0.0000 185.1562
6.7802 176 193 0.0350 -0.0000 185.1562
6.7815 176 193 -0.0979 -0.0000 185.1562
6.7827 176 193 -0.1100 -0.0000 185.1562
6.7840 189 205 -0.1616 -0.0000 197.6562
6.7853 189 205 -0.2754 -0.0000 197.6562
6.7866 189 205 -0.3159 -0.0000 197.6562
6.7878 189 205 -0.1956 -0.0000 197.6562
6.7891 189 205 -0.1872 -0.0000 197.6562
6.7904 189 205 -0.3796 -0.0000 197.6562
6.7917 189 205 -0.3769 -0.0000 197.6562
6.7930 189 205 -0.3583 -0.0000 197.6562
6.7942 189 205 -0.3518 -0.0000 197.6562
6.7955 189 205 -0.4086 -0.0000 197.6562
6.7968 189 205 -0.3367 -0.0000 197.6562
6.7980 189 205 -0.3072 -0.0000 197.6562
6.7993 189 205 -0.2971 -0.0000 197.6562
6.8006 189 205 -0.2884 -0.0000 197.6562
6.8019 189 205 -0.3437 -0.0000 197.6562
6.8032 189 205 -0.3572 -0.0000 197.6562
6.8044 189 205 -0.3075 -0.0000 197.6562
6.8057 189 206 -0.2713 -0.0000 197.6562
6.8070 189 206 -0.3013 -0.0000 197.6562
6.8083 189 206 -0.2357 -0.0000 197.6562
6.8096 189 206 -0.3661 -0.0000 197.6562
6.8108 189 206 -0.3364 -0.0000 197.6562
6.8121 189 206 -0.2984 -0.0000 197.6562
6.8134 189 206 -0.2496 -0.0000 197.6562
6.8146 189 206 -0.1817 -0.0000 197.6562
6.8159 189 206 -0.0102 -0.0000 197.6562
6.8172 189 206 0.0363 -0.0000 197.6562
6.8184 189 206 0.0935 -0.0000 197.6562
6.8197 189 206 0.1090 -0.0000 197.6562
6.8210 189 206 0.1048 -0.0000 197.6562
6.8222 189 206 0.1893 -0.0000 197.6562
6.8235 189 206 0.3061 -0.0000 197.6562
6.8248 189 206 0.3103 -0.0000 197.6562
6.8261 189 206 0.3617 -0.0000 197.6562
6.8274 189 206 0.4570 -0.0000 197.6562
6.8286 189 205 0.3865 -0.0000 197.6562
6.8299 189 205 0.3981 -0.0000 197.6562
6.8312 189 205 0.3350 -0.0000 197.6562
6.8325 189 205 0.2318 -0.0000 197.6562
6.8338 189 205 0.3086 -0.0000 197.6562
6.8351 189 205 0.2487 -0.0000 197.6562
6.8363 189 205 0.2291 -0.0000 197.6562
6.8376 189 205 0.2092 -0.0000 197.6562
6.8389 189 205 0.2367 -0.0000 197.6562
6.8401 189 205 0.3607 -0.0000 197.6562
6.8414 189 205 0.3737 -0.0000 197.6562
6.8427 189 205 0.2658 -0.0000 197.6562
6.8440 189 205 0.2789 -0.0000 197.6562
6.8453 189 205 0.2089 -0.0000 197.6562
6.8465 189 205 0.1936 -0.0000 197.6562
6.8478 191 208 0.2834 -0.0000 200.0000
6.8491 191 208 0.2522 -0.0000 200.0000
6.8504 191 208 0.2520 -0.0000 200.0000
6.8517 191 208 0.2548 -0.0000 200.0000
6.8529 191 208 0.1736 -0.0000 200.0000
6.8542 191 208 0.2029 -0.0000 200.0000
6.8555 191 208 0.2337 -0.0000 200.0000
6.8567 191 208 0.2268 -0.0000 200.0000
6.8580 191 208 0.1862 -0.0000 200.0000
6.8593 191 208 0.2050 -0.0000 200.0000
6.8606 191 208 0.2211 -0.0000 200.0000
6.8619 191 208 0.2630 -0.0000 200.0000
6.8632 191 208 0.2705 -0.0000 200.0000
6.8645 191 208 0.3261 -0.0000 200.0000
6.8657 191 208 0.1938 -0.0000 200.0000
6.8670 191 208 0.1433 -0.0000 200.0000
6.8683 191 208 0.0741 -0.0000 200.0000
6.8696 191 208 0.1202 -0.0000 200.0000
6.8708 191 208 0.0040 -0.0000 200.0000
6.8721 191 208 -0.0009 -0.0000 200.0000
6.8734 191 208 0.0925 -0.0000 200.0000
6.8747 191 208 0.0352 -0.0000 200.0000
6.8759 191 208 0.0657 -0.0000 200.0000
6.8772 191 208 -0.0127 -0.0000 200.0000
6.8785 191 208 0.0222 -0.0000 200.0000
6.8798 191 208 0.1427 -0.0000 200.0000
6.8810 191 208 0.1705 -0.0000 200.0000
6.8823 191 208 0.1770 -0.0000 200.0000
6.8836 191 208 0.1991 -0.0000 200.0000
6.8849 191 208 0.1790 -0.0000 200.0000
6.8862 191 208 0.2328 -0.0000 200.0000
6.8875 191 208 0.2779 -0.0000 200.0000
6.8888 191 208 0.2198 -0.0000 200.0000
6.8901 191 208 0.2572 -0.0000 200.0000
6.8913 191 208 0.2221 -0.0000 200.0000
6.8926 191 208 0.1808 -0.0000 200.0000
6.8939 191 208 0.1923 -0.0000 200.0000
6.8951 191 208 0.1055 -0.0000 200.0000
6.8964 191 208 0.0395 -0.0000 200.0000
6.8977 191 208 0.0682 -0.0000 200.0000
6.8989 191 208 0.1533 -0.0000 200.0000
6.9002 191 208 0.1408 -0.0000 200.0000
6.9015 191 208 0.1192 -0.0000 200.0000
6.9028 190 206 0.1179 -0.0000 198.4375
6.9040 190 206 0.0702 -0.0000 198.4375
6.9053 190 206 -0.0800 -0.0000 198.4375
6.9066 190 206 -0.0284 -0.0000 198.4375
6.9079 190 206 0.0687 -0.0000 198.4375
6.9091 190 206 0.0393 -0.0000 198.4375
6.9104 190 206 0.0242 -0.0000 198.4375
6.9117 190 206 0.0969 -0.0000 198.4375
6.9129 190 206 0.1526 -0.0000 198.4375
6.9142 190 206 0.1252 -0.0000 198.4375
6.9155 190 206 0.1596 -0.0000 198.4375
6.9167 190 206 0.1092 -0.0000 198.4375
6.9180 190 206 0.1042 -0.0000 198.4375
6.9193 190 206 0.1297 -0.0000 198.4375
6.9205 190 206 0.1250 -0.0000 198.4375
6.9218 190 206 0.1182 -0.0000 198.4375
6.9231 190 206 0.1687 -0.0000 198.4375
6.9244 190 206 0.2563 -0.0000 198.4375
6.9256 190 206 0.1859 -0.0000 198.4375
6.9269 190 206 0.2913 -0.0000 198.4375
6.9282 190 206 0.3391 -0.0000 198.4375
6.9294 190 206 0.2062 -0.0000 198.4375
6.9307 190 206 0.2522 -0.0000 198.4375
6.9320 190 206 0.1892 -0.0000 198.4375
6.9333 190 206 0.2259 -0.0000 198.4375
6.9346 190 206 0.2115 -0.0000 198.4375
6.9359 190 206 0.1942 -0.0000 198.4375
6.9372 190 206 0.2140 -0.0000 198.4375
6.9385 190 206 0.1395 -0.0000 198.4375
6.9397 190 206 0.1803 -0.0000 198.4375
6.9410 190 206 0.2098 -0.0000 198.4375
6.9422 190 206 0.2347 -0.0000 198.4375
6.9435 190 206 0.1947 -0.0000 198.4375
6.9447 190 206 0.2076 -0.0000 198.4375
6.9460 190 206 0.2277 -0.0000 198.4375
6.9473 190 206 0.1617 -0.0000 198.4375
6.9486 190 206 0.1840 -0.0000 198.4375
6.9498 190 206 0.2293 -0.0000 198.4375
6.9511 190 206 0.3035 -0.0000 198.4375
6.9523 190 206 0.2845 -0.0000 198.4375
6.9536 190 206 0.2677 -0.0000 198.4375
6.9549 190 206 0.3398 -0.0000 198.4375
6.9562 190 206 0.3982 -0.0000 198.4375
6.9575 190 206 0.3747 -0.0000 198.4375
6.9588 191 208 0.4397 -0.0000 200.0000
6.9601 191 208 0.4903 -0.0000 200.0000
6.9613 191 208 0.4698 -0.0000 200.0000
6.9626 191 208 0.5306 -0.0000 200.0000
6.9639 191 208 0.4866 -0.0000 200.0000
6.9651 191 208 0.5272 -0.0000 200.0000
6.9664 191 208 0.4929 -0.0000 200.0000
6.9676 191 208 0.5227 -0.0000 200.0000
6.9689 191 208 0.5471 -0.0000 200.0000
6.9702 191 208 0.5932 -0.0000 200.0000
6.9715 191 208 0.5737 -0.0000 200.0000
6.9727 191 208 0.6462 -0.0000 200.0000
6.9740 191 208 0.5663 -0.0000 200.0000
6.9752 191 208 0.5969 -0.0000 200.0000
6.9765 191 208 0.5662 -0.0000 200.0000
6.9778 191 208 0.5135 -0.0000 200.0000
6.9790 191 208 0.4217 -0.0000 200.0000
6.9803 191 208 0.4327 -0.0000 200.0000
6.9815 191 208 0.4591 -0.0000 200.0000
6.9828 191 208 0.3980 -0.0000 200.0000
6.9840 191 208 0.3101 -0.0000 200.0000
6.9853 191 208 0.2217 -0.0000 200.0000
6.9866 191 208 0.1720 -0.0000 200.0000
6.9878 191 208 0.0983 -0.0000 200.0000
6.9891 191 208 0.1368 -0.0000 200.0000
6.9903 191 208 0.1971 -0.0000 200.0000
6.9916 191 208 0.1514 -0.0000 200.0000
6.9928 191 208 0.1421 -0.0000 200.0000
6.9940 191 208 0.2317 -0.0000 200.0000
6.9953 191 208 0.1910 -0.0000 200.0000
6.9966 191 208 0.2564 -0.0000 200.0000
6.9979 191 208 0.2481 -0.0000 200.0000
6.9991 191 208 0.1591 -0.0000 200.0000
7.0005 191 208 0.2348 -0.0000 200.0000
7.0017 191 208 0.2181 -0.0000 200.0000
7.0030 191 208 0.2027 -0.0000 200.0000
7.0042 191 208 0.1717 -0.0000 200.0000
7.0055 191 208 0.1556 -0.0000 200.0000
7.0068 191 208 0.1763 -0.0000 200.0000
7.0080 191 208 0.1706 -0.0000 200.0000
7.0093 191 208 0.0368 -0.0000 200.0000
7.0106 191 208 0.0932 -0.0000 200.0000
7.0119 191 208 0.1573 -0.0000 200.0000
7.0132 191 208 0.0977 -0.0000 200.0000
7.0145 191 208 0.1084 -0.0000 200.0000
7.0158 191 208 0.1733 -0.0000 200.0000
7.0171 191 208 0.1836 -0.0000 200.0000
7.0184 192 207 0.1904 -0.0000 200.0000
7.0197 192 207 0.2272 -0.0000 200.0000
7.0209 192 207 0.2355 -0.0000 200.0000
7.0222 192 207 0.1580 -0.0000 200.0000
7.0235 192 207 0.1184 -0.0000 200.0000
7.0247 192 207 0.1955 -0.0000 200.0000
7.0260 192 207 0.1866 -0.0000 200.0000
7.0272 192 207 0.1775 -0.0000 200.0000
7.0285 192 207 0.2325 -0.0000 200.0000
7.0298 192 207 0.1935 -0.0000 200.0000
7.0311 192 207 0.2803 -0.0000 200.0000
7.0324 192 207 0.3615 -0.0000 200.0000
7.0336 192 207 0.3984 -0.0000 200.0000
7.0349 192 207 0.3875 -0.0000 200.0000
7.0362 192 207 0.3293 -0.0000 200.0000
7.0375 192 207 0.1502 -0.0000 200.0000
7.0387 192 207 0.0241 -0.0000 200.0000
7.0400 192 207 0.0629 -0.0000 200.0000
7.0413 192 207 0.0779 -0.0000 200.0000
7.0426 192 207 0.1771 -0.0000 200.0000
7.0438 192 207 0.1939 -0.0000 200.0000
7.0451 192 207 0.0533 -0.0000 200.0000
7.0463 192 207 0.0214 -0.0000 200.0000
7.0476 192 207 -0.0269 -0.0000 200.0000
7.0489 192 207 -0.0033 -0.0000 200.0000
7.0502 192 207 0.0787 -0.0000 200.0000
7.0515 192 207 -0.0259 -0.0000 200.0000
7.0528 192 207 -0.1068 -0.0000 200.0000
7.0541 192 207 -0.1496 -0.0000 200.0000
7.0553 192 207 -0.1214 -0.0000 200.0000
7.0566 192 207 -0.2813 -0.0000 200.0000
7.0579 192 207 -0.3485 -0.0000 200.0000
7.0591 192 207 -0.2894 -0.0000 200.0000
7.0604 192 207 -0.3498 -0.0000 200.0000
7.0617 192 207 -0.3633 -0.0000 200.0000
7.0629 192 207 -0.4088 -0.0000 200.0000
7.0642 192 207 -0.4274 -0.0000 200.0000
7.0655 192 207 -0.4758 -0.0000 200.0000
7.0667 192 207 -0.3897 -0.0000 200.0000
7.0680 192 207 -0.3504 -0.0000 200.0000
7.0693 191 208 -0.3484 -0.0000 200.0000
7.0706 191 208 -0.3434 -0.0000 200.0000
7.0719 190 206 -0.3364 -0.0000 198.4375
7.0731 190 206 -0.3167 -0.0000 198.4375
7.0744 190 206 -0.4164 -0.0000 198.4375
7.0757 190 206 -0.3995 -0.0000 198.4375
7.0770 190 206 -0.4220 -0.0000 198.4375
7.0782 190 206 -0.3557 -0.0000 198.4375
7.0795 190 206 -0.3609 -0.0000 198.4375
7.0808 190 206 -0.3323 -0.0000 198.4375
7.0820 190 206 -0.3061 -0.0000 198.4375
7.0834 190 206 -0.3619 -0.0000 198.4375
7.0846 190 206 -0.4154 -0.0000 198.4375
7.0859 190 206 -0.3620 -0.0000 198.4375
7.0872 190 206 -0.3686 -0.0000 198.4375
7.0884 190 206 -0.2992 -0.0000 198.4375
7.0897 190 206 -0.3101 -0.0000 198.4375
7.0910 190 206 -0.3163 -0.0000 198.4375
7.0922 190 206 -0.3537 -0.0000 198.4375
7.0935 190 206 -0.2742 -0.0000 198.4375
7.0948 190 206 -0.1992 -0.0000 198.4375
7.0961 190 206 -0.1979 -0.0000 198.4375
7.0973 190 206 -0.1592 -0.0000 198.4375
7.0986 190 206 -0.1583 -0.0000 198.4375
7.0998 190 206 -0.1168 -0.0000 198.4375
7.1011 190 206 -0.1145 -0.0000 198.4375
7.1024 190 206 -0.1003 -0.0000 198.4375
7.1036 190 206 -0.1053 -0.0000 198.4375
7.1049 190 206 -0.1566 -0.0000 198.4375
7.1062 190 206 -0.2976 -0.0000 198.4375
7.1075 190 206 -0.2940 -0.0000 198.4375
7.1087 190 206 -0.2642 -0.0000 198.4375
7.1100 190 206 -0.3259 -0.0000 198.4375
7.1113 190 206 -0.2857 -0.0000 198.4375
7.1125 190 206 -0.2676 -0.0000 198.4375
7.1138 190 206 -0.2733 -0.0000 198.4375
7.1151 190 206 -0.3049 -0.0000 198.4375
7.1164 190 206 -0.4016 -0.0000 198.4375
7.1177 190 206 -0.3543 -0.0000 198.4375
7.1189 190 206 -0.3600 -0.0000 198.4375
7.1202 190 206 -0.3385 -0.0000 198.4375
7.1214 190 206 -0.3244 -0.0000 198.4375
7.1227 190 206 -0.2923 -0.0000 198.4375
7.1240 190 206 -0.2723 -0.0000 198.4375
7.1252 190 206 -0.2717 -0.0000 198.4375
7.1265 189 205 -0.2901 -0.0000 197.6562
7.1278 189 205 -0.3602 -0.0000 197.6562
7.1291 189 205 -0.2455 -0.0000 197.6562
7.1304 189 205 -0.2040 -0.0000 197.6562
7.1316 189 205 -0.2608 -0.0000 197.6562
7.1329 189 205 -0.3280 -0.0000 197.6562
7.1342 189 205 -0.3650 -0.0000 197.6562
7.1355 189 205 -0.3424 -0.0000 197.6562
7.1367 189 205 -0.4323 -0.0000 197.6562
7.1380 189 205 -0.4102 -0.0000 197.6562
7.1393 189 205 -0.3454 -0.0000 197.6562
7.1406 189 205 -0.2614 -0.0000 197.6562
7.1418 189 205 -0.2473 -0.0000 197.6562
7.1431 189 205 -0.2087 -0.0000 197.6562
7.1444 189 205 -0.2818 -0.0000 197.6562
7.1456 189 205 -0.2589 -0.0000 197.6562
7.1469 189 205 -0.2509 -0.0000 197.6562
7.1481 189 205 -0.2832 -0.0000 197.6562
7.1494 189 205 -0.3179 -0.0000 197.6562
7.1506 189 205 -0.2529 -0.0000 197.6562
7.1519 189 205 -0.2059 -0.0000 197.6562
7.1532 189 205 -0.1930 -0.0000 197.6562
7.1545 189 205 -0.1867 -0.0000 197.6562
7.1558 189 205 -0.2021 -0.0000 197.6562
7.1571 189 205 -0.1752 -0.0000 197.6562
7.1584 189 205 -0.1584 -0.0000 197.6562
7.1596 189 205 -0.2330 -0.0000 197.6562
7.1609 189 205 -0.2724 -0.0000 197.6562
7.1622 189 205 -0.2830 -0.0000 197.6562
7.1634 189 205 -0.3025 -0.0000 197.6562
7.1647 189 205 -0.3456 -0.0000 197.6562
7.1660 189 205 -0.3491 -0.0000 197.6562
7.1672 189 205 -0.3450 -0.0000 197.6562
7.1685 189 205 -0.3326 -0.0000 197.6562
7.1699 189 205 -0.3020 -0.0000 197.6562
7.1711 189 205 -0.3374 -0.0000 197.6562
7.1724 189 205 -0.3572 -0.0000 197.6562
7.1737 189 205 -0.4224 -0.0000 197.6562
7.1749 189 205 -0.4021 -0.0000 197.6562
7.1762 189 205 -0.3838 -0.0000 197.6562
7.1775 189 205 -0.4470 -0.0000 197.6562
7.1787 189 205 -0.4907 -0.0000 197.6562
7.1800 189 205 -0.4740 -0.0000 197.6562
7.1813 189 205 -0.4890 -0.0000 197.6562
7.1826 189 205 -0.4853 -0.0000 197.6562
7.1838 189 205 -0.4938 -0.0000 197.6562
7.1851 189 205 -0.5000 -0.0000 197.6562
7.1864 189 205 -0.5144 -0.0000 197.6562
7.1877 189 205 -0.5093 -0.0000 197.6562
7.1890 189 205 -0.5846 -0.0000 197.6562
7.1902 189 205 -0.5473 -0.0000 197.6562
7.1915 189 205 -0.6153 -0.0000 197.6562
7.1928 189 205 -0.6653 -0.0000 197.6562
7.1941 189 205 -0.6679 -0.0000 197.6562
7.1953 189 205 -0.7012 -0.0000 197.6562
7.1966 189 205 -0.6805 -0.0000 197.6562
7.1979 189 205 -0.6753 -0.0000 197.6562
7.1992 189 206 -0.7185 -0.0000 197.6562
7.2005 189 206 -0.6740 -0.0000 197.6562
7.2018 189 206 -0.6911 -0.0000 197.6562
7.2030 189 206 -0.5390 -0.0000 197.6562
7.2043 189 206 -0.5459 -0.0000 197.6562
7.2056 189 206 -0.5288 -0.0000 197.6562
7.2068 189 206 -0.4344 -0.0000 197.6562
7.2081 189 206 -0.3823 -0.0000 197.6562
7.2094 189 206 -0.3715 -0.0000 197.6562
7.2106 189 206 -0.2721 -0.0000 197.6562
7.2119 189 206 -0.2107 -0.0000 197.6562
7.2132 189 206 -0.1550 -0.0000 197.6562
7.2144 189 206 -0.1066 -0.0000 197.6562
7.2157 189 206 -0.0651 -0.0000 197.6562
7.2170 189 206 -0.0012 -0.0000 197.6562
7.2183 189 206 -0.0339 -0.0000 197.6562
7.2196 189 206 0.0697 -0.0000 197.6562
7.2208 189 206 0.0488 -0.0000 197.6562
7.2221 189 206 0.0370 -0.0000 197.6562
7.2234 189 206 0.0833 -0.0000 197.6562
7.2247 189 206 -0.0123 -0.0000 197.6562
7.2260 189 206 -0.0685 -0.0000 197.6562
7.2272 189 206 -0.0736 -0.0000 197.6562
7.2285 189 206 -0.1158 -0.0000 197.6562
7.2298 189 206 -0.1253 -0.0000 197.6562
7.2310 189 206 -0.2401 -0.0000 197.6562
7.2323 189 206 -0.2799 -0.0000 197.6562
7.2336 189 206 -0.2692 -0.0000 197.6562
7.2349 189 206 -0.3694 -0.0000 197.6562
7.2361 189 206 -0.3586 -0.0000 197.6562
7.2374 189 206 -0.3617 -0.0000 197.6562
7.2387 189 206 -0.3784 -0.0000 197.6562
7.2399 189 206 -0.3225 -0.0000 197.6562
7.2412 189 206 -0.2623 -0.0000 197.6562
7.2425 189 206 -0.2674 -0.0000 197.6562
7.2437 189 206 -0.2542 -0.0000 197.6562
7.2450 189 206 -0.1887 -0.0000 197.6562
7.2462 189 206 -0.1574 -0.0000 197.6562
7.2475 189 206 -0.1395 -0.0000 197.6562
7.2488 189 206 -0.2040 -0.0000 197.6562
7.2500 189 206 -0.2068 -0.0000 197.6562
7.2512 189 206 -0.2879 -0.0000 197.6562
7.2525 189 206 -0.3129 -0.0000 197.6562
7.2537 189 206 -0.2908 -0.0000 197.6562
7.2550 186 202 -0.3045 -0.0000 194.5312
7.2563 186 202 -0.2793 -0.0000 194.5312
7.2575 186 202 -0.3227 -0.0000 194.5312
7.2588 186 202 -0.3055 -0.0000 194.5312
7.2601 186 202 -0.3223 -0.0000 194.5312
7.2614 186 203 -0.3506 -0.0000 194.5312
7.2627 186 203 -0.3139 -0.0000 194.5312
7.2640 186 203 -0.3267 -0.0000 194.5312
7.2652 186 203 -0.2410 -0.0000 194.5312
7.2665 186 203 -0.2811 -0.0000 194.5312
7.2677 186 203 -0.3408 -0.0000 194.5312
7.2690 186 203 -0.3686 -0.0000 194.5312
7.2703 186 203 -0.3153 -0.0000 194.5312
7.2715 186 203 -0.2765 -0.0000 194.5312
7.2728 186 203 -0.2941 -0.0000 194.5312
7.2740 186 203 -0.2397 -0.0000 194.5312
7.2753 186 203 -0.2388 -0.0000 194.5312
7.2765 186 203 -0.1814 -0.0000 194.5312
7.2778 186 203 -0.2404 -0.0000 194.5312
7.2790 186 203 -0.2604 -0.0000 194.5312
7.2803 186 203 -0.3035 -0.0000 194.5312
7.2816 186 203 -0.2977 -0.0000 194.5312
7.2828 186 203 -0.2319 -0.0000 194.5312
7.2841 186 203 -0.1861 -0.0000 194.5312
7.2853 186 203 -0.2033 -0.0000 194.5312
7.2866 186 203 -0.2322 -0.0000 194.5312
7.2878 186 203 -0.3251 -0.0000 194.5312
7.2891 185 203 -0.3621 -0.0000 194.5312
7.2904 185 203 -0.3882 -0.0000 194.5312
7.2916 185 203 -0.3581 -0.0000 194.5312
7.2929 185 203 -0.3369 -0.0000 194.5312
7.2941 185 203 -0.3043 -0.0000 194.5312
7.2954 185 203 -0.1649 -0.0000 194.5312
7.2967 185 203 -0.1229 -0.0000 194.5312
7.2980 185 203 0.0365 -0.0000 194.5312
7.2993 185 203 -0.0792 -0.0000 194.5312
7.3006 185 203 -0.1611 -0.0000 194.5312
7.3018 185 203 -0.1907 -0.0000 194.5312
7.3031 185 203 -0.1704 -0.0000 194.5312
7.3044 185 203 -0.1493 -0.0000 194.5312
7.3057 185 203 -0.1512 -0.0000 194.5312
7.3070 185 203 -0.2414 -0.0000 194.5312
7.3083 185 203 -0.2555 -0.0000 194.5312
7.3096 185 203 -0.2700 -0.0000 194.5312
7.3109 163 180 -0.3459 -0.0000 171.8750
7.3122 163 180 -0.2977 -0.0000 171.8750
7.3134 163 180 -0.2906 -0.0000 171.8750
7.3147 163 180 -0.2956 -0.0000 171.8750
7.3160 163 180 -0.2607 -0.0000 171.8750
7.3173 163 180 -0.2056 -0.0000 171.8750
7.3185 163 180 -0.1301 -0.0000 171.8750
7.3198 163 180 -0.0929 -0.0000 171.8750
7.3211 163 180 -0.0823 -0.0000 171.8750
7.3224 163 180 -0.1114 -0.0000 171.8750
7.3236 163 180 -0.1012 -0.0000 171.8750
7.3249 163 180 -0.0514 -0.0000 171.8750
7.3262 163 180 -0.0471 -0.0000 171.8750
7.3275 163 180 -0.0998 -0.0000 171.8750
7.3287 163 180 -0.0725 -0.0000 171.8750
7.3300 163 180 -0.0146 -0.0000 171.8750
7.3313 163 180 0.0100 -0.0000 171.8750
7.3326 163 180 -0.0081 -0.0000 171.8750
7.3339 163 180 0.0494 -0.0000 171.8750
7.3351 163 180 0.0502 -0.0000 171.8750
7.3364 163 180 -0.0912 -0.0000 171.8750
7.3376 163 180 -0.1141 -0.0000 171.8750
7.3389 163 180 -0.0749 -0.0000 171.8750
7.3402 163 180 -0.0871 -0.0000 171.8750
7.3414 163 180 -0.1424 -0.0000 171.8750
7.3426 163 180 -0.2452 -0.0000 171.8750
7.3439 163 180 -0.2546 -0.0000 171.8750
7.3451 163 180 -0.2269 -0.0000 171.8750
7.3463 163 180 -0.3373 -0.0000 171.8750
7.3476 163 180 -0.4468 -0.0000 171.8750
7.3488 163 180 -0.3964 -0.0000 171.8750
7.3500 163 180 -0.5309 -0.0000 171.8750
7.3513 163 180 -0.5125 -0.0000 171.8750
7.3525 163 180 -0.4680 -0.0000 171.8750
7.3537 163 180 -0.3422 -0.0000 171.8750
7.3550 163 180 -0.3585 -0.0000 171.8750
7.3562 163 180 -0.4231 -0.0000 171.8750
7.3574 163 180 -0.4329 -0.0000 171.8750
7.3587 163 180 -0.4464 -0.0000 171.8750
7.3600 163 180 -0.4799 -0.0000 171.8750
7.3613 163 180 -0.4430 -0.0000 171.8750
7.3626 163 180 -0.4579 -0.0000 171.8750
7.3639 163 180 -0.5196 -0.0000 171.8750
7.3651 163 180 -0.5288 -0.0000 171.8750
7.3664 163 180 -0.5125 -0.0000 171.8750
7.3677 163 180 -0.4609 -0.0000 171.8750
7.3689 163 180 -0.4550 -0.0000 171.8750
7.3702 163 180 -0.4104 -0.0000 171.8750
7.3715 163 180 -0.4076 -0.0000 171.8750
7.3727 163 180 -0.3913 -0.0000 171.8750
7.3740 163 180 -0.3138 -0.0000 171.8750
7.3753 157 175 -0.3674 -0.0000 166.4062
7.3766 157 175 -0.3269 -0.0000 166.4062
7.3779 157 175 -0.3333 -0.0000 166.4062
7.3791 157 175 -0.3157 -0.0000 166.4062
7.3804 157 175 -0.4042 -0.0000 166.4062
7.3817 157 175 -0.4050 -0.0000 166.4062
7.3829 157 175 -0.3266 -0.0000 166.4062
7.3842 157 175 -0.2757 -0.0000 166.4062
7.3855 157 175 -0.2916 -0.0000 166.4062
7.3868 157 175 -0.3534 -0.0000 166.4062
7.3881 157 175 -0.3420 -0.0000 166.4062
7.3893 157 175 -0.2946 -0.0000 166.4062
7.3906 157 175 -0.3060 -0.0000 166.4062
7.3919 157 175 -0.3278 -0.0000 166.4062
7.3932 157 175 -0.2618 -0.0000 166.4062
7.3945 157 175 -0.3645 -0.0000 166.4062
7.3957 157 175 -0.3121 -0.0000 166.4062
7.3970 157 175 -0.3353 -0.0000 166.4062
7.3983 157 175 -0.3822 -0.0000 166.4062
7.3996 157 175 -0.3311 -0.0000 166.4062
7.4009 157 175 -0.2999 -0.0000 166.4062
7.4021 157 175 -0.3939 -0.0000 166.4062
7.4034 157 175 -0.3589 -0.0000 166.4062
7.4047 157 175 -0.3455 -0.0000 166.4062
7.4060 157 175 -0.4147 -0.0000 166.4062
7.4072 157 175 -0.3794 -0.0000 166.4062
7.4085 157 175 -0.3390 -0.0000 166.4062
7.4098 157 175 -0.3274 -0.0000 166.4062
7.4111 157 175 -0.4103 -0.0000 166.4062
7.4124 157 175 -0.3469 -0.0000 166.4062
7.4136 157 175 -0.3557 -0.0000 166.4062
7.4149 157 175 -0.3513 -0.0000 166.4062
7.4162 157 175 -0.3138 -0.0000 166.4062
7.4175 157 175 -0.2626 -0.0000 166.4062
7.4187 157 175 -0.2172 -0.0000 166.4062
7.4200 157 175 -0.1383 -0.0000 166.4062
7.4213 157 175 -0.0163 -0.0000 166.4062
7.4226 157 175 0.0824 -0.0000 166.4062
7.4238 157 175 0.0107 -0.0000 166.4062
7.4251 157 175 0.0803 -0.0000 166.4062
7.4264 157 175 -0.0157 -0.0000 166.4062
7.4277 157 175 0.0123 -0.0000 166.4062
7.4289 157 175 -0.0173 -0.0000 166.4062
7.4302 157 175 -0.1023 -0.0000 166.4062
7.4315 144 161 -0.1961 -0.0000 153.1250
7.4328 144 161 -0.2163 -0.0000 153.1250
7.4341 144 161 -0.1879 -0.0000 153.1250
7.4354 144 161 -0.2020 -0.0000 153.1250
7.4366 144 161 -0.1741 -0.0000 153.1250
7.4379 144 161 -0.2628 -0.0000 153.1250
7.4392 144 161 -0.2696 -0.0000 153.1250
7.4404 144 161 -0.2398 -0.0000 153.1250
7.4417 144 161 -0.2277 -0.0000 153.1250
7.4430 144 161 -0.2170 -0.0000 153.1250
7.4442 144 161 -0.2873 -0.0000 153.1250
7.4455 144 161 -0.2464 -0.0000 153.1250
7.4468 144 161 -0.2578 -0.0000 153.1250
7.4480 144 161 -0.3295 -0.0000 153.1250
7.4493 144 161 -0.3315 -0.0000 153.1250
7.4506 144 161 -0.3335 -0.0000 153.1250
7.4518 144 161 -0.2823 -0.0000 153.1250
7.4531 144 161 -0.2226 -0.0000 153.1250
7.4543 144 161 -0.2148 -0.0000 153.1250
7.4556 144 161 -0.1593 -0.0000 153.1250
7.4569 144 161 -0.1777 -0.0000 153.1250
7.4582 144 161 -0.2012 -0.0000 153.1250
7.4595 144 161 -0.1532 -0.0000 153.1250
7.4608 144 162 -0.0708 -0.0000 153.1250
7.4621 144 162 -0.0760 -0.0000 153.1250
7.4634 144 162 -0.0256 -0.0000 153.1250
7.4646 144 162 -0.0377 -0.0000 153.1250
7.4659 144 162 -0.0514 -0.0000 153.1250
7.4672 144 162 -0.0725 -0.0000 153.1250
7.4685 144 162 -0.1706 -0.0000 153.1250
7.4697 144 162 -0.1266 -0.0000 153.1250
7.4710 144 162 -0.1180 -0.0000 153.1250
7.4722 144 162 -0.0749 -0.0000 153.1250
7.4735 144 162 -0.0039 -0.0000 153.1250
7.4748 144 162 -0.1315 -0.0000 153.1250
7.4761 144 162 -0.0941 -0.0000 153.1250
7.4773 144 162 -0.0952 -0.0000 153.1250
7.4786 144 162 -0.0308 -0.0000 153.1250
7.4799 144 162 -0.0523 -0.0000 153.1250
7.4811 144 162 -0.1412 -0.0000 153.1250
7.4824 144 162 -0.0543 -0.0000 153.1250
7.4837 144 162 -0.0001 -0.0000 153.1250
7.4849 144 162 -0.0854 -0.0000 153.1250
7.4862 130 147 -0.0773 -0.0000 139.0625
7.4875 130 147 -0.0817 -0.0000 139.0625
7.4888 130 147 -0.1157 -0.0000 139.0625
7.4901 130 147 -0.1022 -0.0000 139.0625
7.4913 130 147 -0.1723 -0.0000 139.0625
7.4926 130 147 -0.2069 -0.0000 139.0625
7.4939 130 147 -0.1734 -0.0000 139.0625
7.4951 130 147 -0.1165 -0.0000 139.0625
7.4964 130 147 -0.1761 -0.0000 139.0625
7.4977 130 147 -0.0922 -0.0000 139.0625
7.4990 130 147 -0.0378 -0.0000 139.0625
7.5002 130 147 -0.0318 -0.0000 139.0625
7.5015 130 147 0.0635 -0.0000 139.0625
7.5027 130 147 0.1328 -0.0000 139.0625
7.5040 130 147 0.1005 -0.0000 139.0625
7.5052 130 147 0.1955 -0.0000 139.0625
7.5065 130 147 0.2594 -0.0000 139.0625
7.5078 130 147 0.2483 -0.0000 139.0625
7.5090 130 147 0.2205 -0.0000 139.0625
7.5103 130 147 0.2704 -0.0000 139.0625
7.5116 130 147 0.3186 -0.0000 139.0625
7.5128 130 147 0.3331 -0.0000 139.0625
7.5141 130 147 0.3359 -0.0000 139.0625
7.5154 130 147 0.3508 -0.0000 139.0625
7.5167 130 147 0.4920 -0.0000 139.0625
7.5179 130 147 0.5084 -0.0000 139.0625
7.5192 130 147 0.5528 -0.0000 139.0625
7.5204 130 147 0.5718 -0.0000 139.0625
7.5217 130 147 0.5158 -0.0000 139.0625
7.5230 130 147 0.5531 -0.0000 139.0625
7.5243 130 147 0.4842 -0.0000 139.0625
7.5255 130 147 0.4583 -0.0000 139.0625
7.5268 130 147 0.3586 -0.0000 139.0625
7.5281 130 147 0.2915 -0.0000 139.0625
7.5294 130 147 0.2157 -0.0000 139.0625
7.5306 130 147 0.2899 -0.0000 139.0625
7.5319 130 147 0.3009 -0.0000 139.0625
7.5332 130 147 0.3561 -0.0000 139.0625
7.5344 130 147 0.2503 -0.0000 139.0625
7.5357 130 147 0.2060 -0.0000 139.0625
7.5370 130 147 0.1890 -0.0000 139.0625
7.5383 130 147 0.2794 -0.0000 139.0625
7.5396 130 147 0.2709 -0.0000 139.0625
7.5409 130 147 0.3127 -0.0000 139.0625
7.5421 130 147 0.2989 -0.0000 139.0625
7.5434 130 147 0.2348 -0.0000 139.0625
7.5447 130 147 0.3162 -0.0000 139.0625
7.5459 130 147 0.3209 -0.0000 139.0625
7.5472 130 147 0.2814 -0.0000 139.0625
7.5485 130 147 0.2441 -0.0000 139.0625
7.5498 130 147 0.2122 -0.0000 139.0625
7.5511 127 144 0.2677 -0.0000 135.9375
7.5524 127 144 0.2214 -0.0000 135.9375
7.5536 127 144 0.1546 -0.0000 135.9375
7.5550 127 144 0.1861 -0.0000 135.9375
7.5562 127 144 0.2583 -0.0000 135.9375
7.5575 127 144 0.2880 -0.0000 135.9375
7.5588 127 144 0.3518 -0.0000 135.9375
7.5601 127 144 0.3578 -0.0000 135.9375
7.5614 127 144 0.3177 -0.0000 135.9375
7.5626 127 144 0.3802 -0.0000 135.9375
7.5639 127 144 0.3847 -0.0000 135.9375
7.5652 127 144 0.3646 -0.0000 135.9375
7.5664 127 144 0.2718 -0.0000 135.9375
7.5677 127 144 0.3863 -0.0000 135.9375
7.5690 127 144 0.5425 -0.0000 135.9375
7.5702 127 144 0.5229 -0.0000 135.9375
7.5715 127 144 0.5099 -0.0000 135.9375
7.5728 127 144 0.5613 -0.0000 135.9375
7.5740 127 144 0.6025 -0.0000 135.9375
7.5753 127 144 0.6481 -0.0000 135.9375
7.5765 127 144 0.7048 -0.0000 135.9375
7.5778 127 144 0.7154 -0.0000 135.9375
7.5790 127 144 0.7085 -0.0000 135.9375
7.5803 127 144 0.6521 -0.0000 135.9375
7.5815 127 144 0.6389 -0.0000 135.9375
7.5828 127 144 0.6397 -0.0000 135.9375
7.5841 127 144 0.6541 -0.0000 135.9375
7.5853 127 144 0.7222 -0.0000 135.9375
7.5866 127 144 0.7529 -0.0000 135.9375
7.5878 127 144 0.8365 -0.0000 135.9375
7.5891 127 144 0.8176 -0.0000 135.9375
7.5904 127 144 0.8150 -0.0000 135.9375
7.5916 127 144 0.7237 -0.0000 135.9375
7.5929 127 144 0.7597 -0.0000 135.9375
7.5941 127 144 0.7994 -0.0000 135.9375
7.5954 127 144 0.6574 -0.0000 135.9375
7.5967 127 144 0.6603 -0.0000 135.9375
7.5979 127 144 0.6519 -0.0000 135.9375
7.5992 127 144 0.4412 -0.0000 135.9375
7.6005 127 144 0.4425 -0.0000 135.9375
7.6018 127 144 0.4469 -0.0000 135.9375
7.6031 127 144 0.4956 -0.0000 135.9375
7.6044 127 144 0.4579 -0.0000 135.9375
7.6056 127 144 0.4934 -0.0000 135.9375
7.6070 127 144 0.5796 -0.0000 135.9375
7.6083 121 138 0.6497 -0.0000 129.6875
7.6096 121 138 0.6673 -0.0000 129.6875
7.6109 121 138 0.6025 -0.0000 129.6875
7.6122 121 138 0.5777 -0.0000 129.6875
7.6135 121 138 0.6006 -0.0000 129.6875
7.6148 121 138 0.6050 -0.0000 129.6875
7.6161 121 138 0.6047 -0.0000 129.6875
7.6173 121 138 0.6323 -0.0000 129.6875
7.6186 121 138 0.6911 -0.0000 129.6875
7.6199 121 138 0.7179 -0.0000 129.6875
7.6212 121 138 0.7639 -0.0000 129.6875
7.6224 121 138 0.8813 -0.0000 129.6875
7.6237 121 138 0.8798 -0.0000 129.6875
7.6250 121 138 0.8702 -0.0000 129.6875
7.6263 121 138 0.8263 -0.0000 129.6875
7.6276 121 138 0.8980 -0.0000 129.6875
7.6289 121 138 0.9685 -0.0000 129.6875
7.6302 121 138 0.8533 -0.0000 129.6875
7.6314 121 138 0.7615 -0.0000 129.6875
7.6327 121 138 0.7499 -0.0000 129.6875
7.6340 121 138 0.7660 -0.0000 129.6875
7.6352 121 138 0.8060 -0.0000 129.6875
7.6365 121 138 0.8004 -0.0000 129.6875
7.6378 121 138 0.8174 -0.0000 129.6875
7.6390 121 138 0.7970 -0.0000 129.6875
7.6403 121 138 0.8416 -0.0000 129.6875
7.6416 121 138 0.7593 -0.0000 129.6875
7.6429 121 138 0.7009 -0.0000 129.6875
7.6442 121 138 0.6470 -0.0000 129.6875
7.6455 121 138 0.6080 -0.0000 129.6875
7.6468 121 138 0.5744 -0.0000 129.6875
7.6480 121 137 0.5032 -0.0000 129.6875
7.6493 121 137 0.5508 -0.0000 129.6875
7.6506 121 137 0.5215 -0.0000 129.6875
7.6519 121 137 0.5023 -0.0000 129.6875
7.6532 121 137 0.5319 -0.0000 129.6875
7.6544 121 137 0.4518 -0.0000 129.6875
7.6557 121 137 0.4178 -0.0000 129.6875
7.6570 121 137 0.3834 -0.0000 129.6875
7.6583 121 137 0.3874 -0.0000 129.6875
7.6595 121 137 0.3714 -0.0000 129.6875
7.6608 121 137 0.3726 -0.0000 129.6875
7.6621 121 137 0.3333 -0.0000 129.6875
7.6634 103 119 0.3424 -0.0000 111.7188
7.6647 103 119 0.3226 -0.0000 111.7188
7.6659 103 119 0.3417 -0.0000 111.7188
7.6672 103 119 0.3339 -0.0000 111.7188
7.6685 103 119 0.2763 -0.0000 111.7188
7.6698 103 119 0.3065 -0.0000 111.7188
7.6710 103 119 0.2902 -0.0000 111.7188
7.6723 103 119 0.2674 -0.0000 111.7188
7.6736 103 119 0.2376 -0.0000 111.7188
7.6748 103 119 0.2006 -0.0000 111.7188
7.6761 103 119 0.2716 -0.0000 111.7188
7.6774 103 119 0.3144 -0.0000 111.7188
7.6786 103 119 0.3516 -0.0000 111.7188
7.6800 103 119 0.3836 -0.0000 111.7188
7.6813 103 119 0.3392 -0.0000 111.7188
7.6826 103 119 0.2336 -0.0000 111.7188
7.6838 103 119 0.1970 -0.0000 111.7188
7.6851 103 119 0.2050 -0.0000 111.7188
7.6864 103 119 0.1637 -0.0000 111.7188
7.6876 103 119 0.1492 -0.0000 111.7188
7.6889 103 119 0.1866 -0.0000 111.7188
7.6902 103 119 0.1581 -0.0000 111.7188
7.6915 103 119 0.1190 -0.0000 111.7188
7.6928 103 119 0.0381 -0.0000 111.7188
7.6940 103 119 0.1116 -0.0000 111.7188
7.6953 103 119 0.0859 -0.0000 111.7188
7.6966 103 119 0.0769 -0.0000 111.7188
7.6978 103 119 0.1392 -0.0000 111.7188
7.6991 103 119 0.1959 -0.0000 111.7188
7.7004 103 119 0.2168 -0.0000 111.7188
7.7016 103 119 0.2256 -0.0000 111.7188
7.7029 103 119 0.2716 -0.0000 111.7188
7.7042 103 119 0.2704 -0.0000 111.7188
7.7054 103 119 0.2420 -0.0000 111.7188
7.7067 103 119 0.2147 -0.0000 111.7188
7.7080 103 119 0.1486 -0.0000 111.7188
7.7092 103 119 0.1653 -0.0000 111.7188
7.7105 103 119 0.1671 -0.0000 111.7188
7.7118 103 119 0.1344 -0.0000 111.7188
7.7131 103 119 0.1250 -0.0000 111.7188
7.7143 103 119 0.1603 -0.0000 111.7188
7.7156 103 119 0.2163 -0.0000 111.7188
7.7169 103 119 0.1938 -0.0000 111.7188
7.7182 103 119 0.1732 -0.0000 111.7188
7.7196 91 108 0.2993 -0.0000 100.0000
7.7210 91 108 0.3514 -0.0000 100.0000
7.7223 91 108 0.3646 -0.0000 100.0000
7.7238 91 108 0.2457 -0.0000 100.0000
7.7253 91 108 0.2096 -0.0000 100.0000
7.7266 91 108 0.2890 -0.0000 100.0000
7.7280 91 108 0.2655 -0.0000 100.0000
7.7293 91 108 0.2688 -0.0000 100.0000
7.7307 91 108 0.1287 -0.0000 100.0000
7.7321 91 108 0.0452 -0.0000 100.0000
7.7334 91 108 0.0193 -0.0000 100.0000
7.7349 91 108 0.0416 -0.0000 100.0000
7.7362 91 108 -0.0332 -0.0000 100.0000
7.7375 91 108 -0.0396 -0.0000 100.0000
7.7388 91 108 -0.0233 -0.0000 100.0000
7.7403 91 108 -0.0849 -0.0000 100.0000
7.7416 91 108 -0.1165 -0.0000 100.0000
7.7430 91 108 -0.1141 -0.0000 100.0000
7.7443 91 108 -0.1802 -0.0000 100.0000
7.7456 91 108 -0.1872 -0.0000 100.0000
7.7470 91 108 -0.2189 -0.0000 100.0000
7.7485 91 108 -0.3062 -0.0000 100.0000
7.7498 91 108 -0.3068 -0.0000 100.0000
7.7512 91 108 -0.2979 -0.0000 100.0000
7.7526 91 108 -0.2755 -0.0000 100.0000
7.7539 91 108 -0.3597 -0.0000 100.0000
7.7552 91 108 -0.3671 -0.0000 100.0000
7.7567 91 108 -0.3785 -0.0000 100.0000
7.7579 91 108 -0.3607 -0.0000 100.0000
7.7594 91 108 -0.4299 -0.0000 100.0000
7.7607 91 108 -0.4669 -0.0000 100.0000
7.7620 91 108 -0.5974 -0.0000 100.0000
7.7633 91 108 -0.6136 -0.0000 100.0000
7.7648 91 108 -0.6013 -0.0000 100.0000
7.7661 91 108 -0.6493 -0.0000 100.0000
7.7676 91 108 -0.6536 -0.0000 100.0000
7.7689 91 108 -0.6508 -0.0000 100.0000
7.7702 91 108 -0.6220 -0.0000 100.0000
7.7715 91 108 -0.5477 -0.0000 100.0000
7.7730 91 108 -0.5918 -0.0000 100.0000
7.7743 91 108 -0.6269 -0.0000 100.0000
7.7757 91 108 -0.6965 -0.0000 100.0000
7.7770 91 108 -0.6993 -0.0000 100.0000
7.7783 91 108 -0.7061 -0.0000 100.0000
7.7796 91 108 -0.7016 -0.0000 100.0000
7.7811 91 108 -0.6856 -0.0000 100.0000
7.7824 91 108 -0.6762 -0.0000 100.0000
7.7839 91 108 -0.5979 -0.0000 100.0000
7.7852 91 108 -0.5924 -0.0000 100.0000
7.7867 91 108 -0.5033 -0.0000 100.0000
7.7880 91 108 -0.6149 -0.0000 100.0000
7.7893 91 108 -0.6423 -0.0000 100.0000
7.7907 91 108 -0.6125 -0.0000 100.0000
7.7920 91 108 -0.5822 -0.0000 100.0000
7.7933 91 108 -0.5596 -0.0000 100.0000
7.7948 91 108 -0.5867 -0.0000 100.0000
7.7961 91 108 -0.6216 -0.0000 100.0000
7.7974 91 108 -0.6247 -0.0000 100.0000
7.7988 91 108 -0.6794 -0.0000 100.0000
7.8002 91 108 -0.6305 -0.0000 100.0000
7.8015 91 108 -0.6336 -0.0000 100.0000
7.8029 91 108 -0.6594 -0.0000 100.0000
7.8042 91 108 -0.7119 -0.0000 100.0000
7.8055 91 108 -0.7645 -0.0000 100.0000
7.8070 91 108 -0.8454 -0.0000 100.0000
7.8083 91 108 -0.8096 -0.0000 100.0000
7.8098 91 108 -0.7666 -0.0000 100.0000
7.8110 91 108 -0.8133 -0.0000 100.0000
7.8123 91 108 -0.8445 -0.0000 100.0000
7.8136 91 108 -0.8854 -0.0000 100.0000
7.8147 91 108 -0.8312 -0.0000 100.0000
7.8160 91 108 -0.7689 -0.0000 100.0000
7.8171 91 108 -0.8525 -0.0000 100.0000
7.8183 91 108 -0.9213 -0.0000 100.0000
7.8196 91 108 -0.8257 -0.0000 100.0000
7.8207 91 108 -0.8235 -0.0000 100.0000
7.8220 91 108 -0.9229 -0.0000 100.0000
7.8232 91 108 -0.9814 -0.0000 100.0000
7.8245 91 108 -0.9869 -0.0000 100.0000
7.8256 91 108 -0.9623 -0.0000 100.0000
7.8267 91 108 -1.0652 -0.0000 100.0000
7.8280 91 108 -1.1495 -0.0000 100.0000
7.8292 91 108 -1.1819 -0.0000 100.0000
7.8303 91 108 -1.0984 -0.0000 100.0000
7.8316 91 108 -1.0620 -0.0000 100.0000
7.8327 91 108 -1.1074 -0.0000 100.0000
7.8339 91 108 -1.1208 -0.0000 100.0000
7.8352 91 108 -1.0802 -0.0000 100.0000
7.8364 91 108 -1.0418 -0.0000 100.0000
7.8375 91 108 -1.0851 -0.0000 100.0000
7.8388 91 108 -1.0995 -0.0000 100.0000
7.8400 91 108 -1.0545 -0.0000 100.0000
7.8411 91 108 -1.0483 -0.0000 100.0000
7.8424 91 108 -1.0367 -0.0000 100.0000
7.8435 91 108 -1.0213 -0.0000 100.0000
7.8447 91 108 -0.9626 -0.0000 100.0000
7.8459 91 108 -0.9548 -0.0000 100.0000
7.8470 91 108 -0.9329 -0.0000 100.0000
7.8482 91 108 -0.8619 -0.0000 100.0000
7.8494 91 108 -0.8367 -0.0000 100.0000
7.8506 91 108 -0.8986 -0.0000 100.0000
7.8517 91 108 -0.9372 -0.0000 100.0000
7.8528 91 108 -0.8926 -0.0000 100.0000
7.8539 91 108 -0.8019 -0.0000 100.0000
7.8550 91 108 -0.7921 -0.0000 100.0000
7.8561 91 108 -0.8370 -0.0000 100.0000
7.8573 91 108 -0.8261 -0.0000 100.0000
7.8584 91 108 -0.8398 -0.0000 100.0000
7.8595 91 108 -0.7874 -0.0000 100.0000
7.8606 91 108 -0.8444 -0.0000 100.0000
7.8618 91 108 -0.8808 -0.0000 100.0000
7.8629 91 108 -0.9020 -0.0000 100.0000
7.8640 91 108 -0.8840 -0.0000 100.0000
7.8651 91 108 -0.8559 -0.0000 100.0000
7.8662 91 108 -0.8237 -0.0000 100.0000
7.8673 91 108 -0.8322 -0.0000 100.0000
7.8684 91 108 -0.8439 -0.0000 100.0000
7.8695 91 108 -0.8068 -0.0000 100.0000
7.8706 91 108 -0.7918 -0.0000 100.0000
7.8717 91 108 -0.8134 -0.0000 100.0000
7.8728 91 108 -0.8452 -0.0000 100.0000
7.8739 91 108 -0.9240 -0.0000 100.0000
7.8750 91 108 -0.8518 -0.0000 100.0000
7.8761 91 108 -0.7975 -0.0000 100.0000
7.8772 91 108 -0.7306 -0.0000 100.0000
7.8783 91 108 -0.7356 -0.0000 100.0000
7.8795 91 108 -0.7287 -0.0000 100.0000
7.8806 91 108 -0.7053 -0.0000 100.0000
7.8817 91 108 -0.7933 -0.0000 100.0000
7.8828 91 108 -0.8380 -0.0000 100.0000
7.8839 91 108 -0.7945 -0.0000 100.0000
7.8850 90 109 -0.7076 -0.0000 100.0000
7.8861 90 109 -0.6999 -0.0000 100.0000
7.8873 90 109 -0.7012 -0.0000 100.0000
7.8884 90 109 -0.7795 -0.0000 100.0000
7.8895 90 109 -0.7460 -0.0000 100.0000
7.8906 90 109 -0.6978 -0.0000 100.0000
7.8917 90 109 -0.6823 -0.0000 100.0000
7.8928 90 109 -0.6870 -0.0000 100.0000
7.8939 90 109 -0.6870 -0.0000 100.0000
7.8950 90 109 -0.6645 -0.0000 100.0000
7.8961 90 109 -0.6631 -0.0000 100.0000
7.8973 90 109 -0.6428 -0.0000 100.0000
7.8984 90 109 -0.6751 -0.0000 100.0000
7.8995 90 109 -0.6681 -0.0000 100.0000
7.9006 90 109 -0.7643 -0.0000 100.0000
7.9017 90 109 -0.7267 -0.0000 100.0000
7.9028 90 109 -0.8087 -0.0000 100.0000
7.9039 90 109 -0.7862 -0.0000 100.0000
7.9050 90 109 -0.7677 -0.0000 100.0000
7.9061 90 109 -0.7827 -0.0000 100.0000
7.9073 90 109 -0.8062 -0.0000 100.0000
7.9084 90 109 -0.8280 -0.0000 100.0000
7.9095 90 109 -0.8694 -0.0000 100.0000
7.9107 90 109 -0.8386 -0.0000 100.0000
7.9120 90 109 -0.8554 -0.0000 100.0000
7.9132 90 109 -0.8478 -0.0000 100.0000
7.9145 90 109 -0.9083 -0.0000 100.0000
7.9158 90 109 -0.8311 -0.0000 100.0000
7.9170 90 109 -0.8250 -0.0000 100.0000
7.9183 90 109 -0.7978 -0.0000 100.0000
7.9196 90 109 -0.7309 -0.0000 100.0000
7.9209 90 109 -0.5987 -0.0000 100.0000
7.9222 90 109 -0.5316 -0.0000 100.0000
7.9235 90 109 -0.6538 -0.0000 100.0000
7.9247 90 109 -0.6549 -0.0000 100.0000
7.9260 90 109 -0.6128 -0.0000 100.0000
7.9273 90 109 -0.5866 -0.0000 100.0000
7.9285 90 109 -0.6100 -0.0000 100.0000
7.9298 90 109 -0.5632 -0.0000 100.0000
7.9311 90 109 -0.5014 -0.0000 100.0000
7.9323 90 109 -0.4809 -0.0000 100.0000
7.9336 90 109 -0.3487 -0.0000 100.0000
7.9348 90 109 -0.2913 -0.0000 100.0000
7.9361 90 109 -0.3235 -0.0000 100.0000
7.9374 90 109 -0.3389 -0.0000 100.0000
7.9387 90 109 -0.3250 -0.0000 100.0000
7.9399 90 109 -0.4174 -0.0000 100.0000
7.9412 90 109 -0.4584 -0.0000 100.0000
7.9425 90 109 -0.3911 -0.0000 100.0000
7.9437 90 109 -0.3550 -0.0000 100.0000
7.9450 90 109 -0.3753 -0.0000 100.0000
7.9463 90 109 -0.3514 -0.0000 100.0000
7.9475 90 109 -0.3408 -0.0000 100.0000
7.9488 90 109 -0.2995 -0.0000 100.0000
7.9501 90 109 -0.3101 -0.0000 100.0000
7.9513 90 109 -0.3593 -0.0000 100.0000
7.9526 90 109 -0.3824 -0.0000 100.0000
7.9538 90 109 -0.3544 -0.0000 100.0000
7.9551 90 109 -0.2742 -0.0000 100.0000
7.9564 90 109 -0.3060 -0.0000 100.0000
7.9576 90 109 -0.2859 -0.0000 100.0000
7.9589 90 109 -0.2162 -0.0000 100.0000
7.9601 90 109 -0.2139 -0.0000 100.0000
7.9614 90 109 -0.2640 -0.0000 100.0000
7.9627 90 109 -0.2953 -0.0000 100.0000
7.9639 90 109 -0.3721 -0.0000 100.0000
7.9652 90 109 -0.4488 -0.0000 100.0000
7.9664 90 109 -0.4573 -0.0000 100.0000
7.9677 90 109 -0.4460 -0.0000 100.0000
7.9690 90 109 -0.3829 -0.0000 100.0000
7.9702 90 109 -0.2680 -0.0000 100.0000
7.9715 90 109 -0.2927 -0.0000 100.0000
7.9728 90 109 -0.3082 -0.0000 100.0000
7.9740 90 109 -0.3048 -0.0000 100.0000
7.9753 90 109 -0.2754 -0.0000 100.0000
7.9765 90 109 -0.1929 -0.0000 100.0000
7.9778 90 109 -0.1106 -0.0000 100.0000
7.9791 90 109 -0.0066 -0.0000 100.0000
7.9804 90 109 0.0564 -0.0000 100.0000
7.9816 90 109 0.0349 -0.0000 100.0000
7.9829 90 109 0.0567 -0.0000 100.0000
7.9841 90 109 0.1083 -0.0000 100.0000
7.9854 90 109 0.1154 -0.0000 100.0000
7.9867 90 109 0.1708 -0.0000 100.0000
7.9880 90 109 0.2361 -0.0000 100.0000
7.9892 90 109 0.1574 -0.0000 100.0000
7.9905 90 109 0.1526 -0.0000 100.0000
7.9918 90 109 0.2089 -0.0000 100.0000
7.9930 90 109 0.2531 -0.0000 100.0000
7.9943 90 109 0.1672 -0.0000 100.0000
7.9956 90 109 0.0886 -0.0000 100.0000
7.9968 90 109 0.0171 -0.0000 100.0000
7.9981 90 109 0.0038 -0.0000 100.0000
7.9994 90 109 0.0176 -0.0000 100.0000
8.0006 90 109 -0.0418 -0.0000 100.0000
8.0019 90 109 0.0833 -0.0000 100.0000
8.0031 90 109 0.1520 -0.0000 100.0000
8.0043 90 109 0.1397 -0.0000 100.0000
8.0056 90 109 0.1364 -0.0000 100.0000
8.0068 90 109 0.1129 -0.0000 100.0000
8.0081 90 109 0.0968 -0.0000 100.0000
8.0093 90 109 0.1506 -0.0000 100.0000
8.0106 90 109 0.1276 -0.0000 100.0000
8.0119 90 109 0.1252 -0.0000 100.0000
8.0131 90 109 0.1454 -0.0000 100.0000
8.0144 90 109 0.0993 -0.0000 100.0000
8.0156 90 109 0.0943 -0.0000 100.0000
8.0169 90 109 0.1839 -0.0000 100.0000
8.0181 90 109 0.1554 -0.0000 100.0000
8.0194 90 109 0.2371 -0.0000 100.0000
8.0207 90 109 0.2425 -0.0000 100.0000
8.0220 90 109 0.1652 -0.0000 100.0000
8.0232 90 109 0.1714 -0.0000 100.0000
8.0245 90 109 0.1981 -0.0000 100.0000
8.0257 90 109 0.1617 -0.0000 100.0000
8.0270 90 109 0.0990 -0.0000 100.0000
8.0283 90 109 0.1227 -0.0000 100.0000
8.0295 90 109 0.1737 -0.0000 100.0000
8.0308 90 109 0.1510 -0.0000 100.0000
8.0321 90 109 0.1407 -0.0000 100.0000
8.0333 90 109 0.1339 -0.0000 100.0000
8.0346 90 109 0.1575 -0.0000 100.0000
8.0359 90 109 0.2503 -0.0000 100.0000
8.0371 90 109 0.2715 -0.0000 100.0000
8.0384 90 109 0.2558 -0.0000 100.0000
8.0397 90 109 0.2888 -0.0000 100.0000
8.0409 90 109 0.3610 -0.0000 100.0000
8.0422 90 109 0.3978 -0.0000 100.0000
8.0434 90 109 0.4078 -0.0000 100.0000
8.0447 90 109 0.4958 -0.0000 100.0000
8.0459 90 109 0.4895 -0.0000 100.0000
8.0472 90 109 0.5074 -0.0000 100.0000
8.0485 90 109 0.5876 -0.0000 100.0000
8.0497 90 109 0.5028 -0.0000 100.0000
8.0510 90 109 0.5723 -0.0000 100.0000
8.0523 90 109 0.6847 -0.0000 100.0000
8.0535 90 109 0.7027 -0.0000 100.0000
8.0548 90 109 0.6702 -0.0000 100.0000
8.0560 90 109 0.7064 -0.0000 100.0000
8.0573 90 109 0.6278 -0.0000 100.0000
8.0586 90 109 0.6421 -0.0000 100.0000
8.0598 90 109 0.6853 -0.0000 100.0000
8.0611 90 109 0.7782 -0.0000 100.0000
8.0624 90 109 0.7223 -0.0000 100.0000
8.0636 90 109 0.6956 -0.0000 100.0000
8.0649 90 109 0.6150 -0.0000 100.0000
8.0662 90 109 0.5491 -0.0000 100.0000
8.0674 90 109 0.4722 -0.0000 100.0000
8.0687 90 109 0.4716 -0.0000 100.0000
8.0700 90 109 0.4179 -0.0000 100.0000
8.0712 90 109 0.4530 -0.0000 100.0000
8.0725 90 109 0.5768 -0.0000 100.0000
8.0738 90 109 0.5208 -0.0000 100.0000
8.0751 90 109 0.4905 -0.0000 100.0000
8.0763 90 109 0.4288 -0.0000 100.0000
8.0776 90 109 0.3800 -0.0000 100.0000
8.0789 90 109 0.4337 -0.0000 100.0000
8.0801 90 109 0.3909 -0.0000 100.0000
8.0814 90 109 0.2959 -0.0000 100.0000
8.0827 90 109 0.2495 -0.0000 100.0000
8.0839 90 109 0.2273 -0.0000 100.0000
8.0852 90 109 0.1952 -0.0000 100.0000
8.0864 90 109 0.0812 -0.0000 100.0000
8.0877 90 109 0.1031 -0.0000 100.0000
8.0890 90 109 0.1012 -0.0000 100.0000
8.0902 90 109 0.0613 -0.0000 100.0000
8.0915 90 109 0.0227 -0.0000 100.0000
8.0927 90 109 0.0080 -0.0000 100.0000
8.0940 90 109 -0.0069 -0.0000 100.0000
8.0953 90 109 0.0870 -0.0000 100.0000
8.0965 90 109 0.0500 -0.0000 100.0000
8.0978 90 109 0.0057 -0.0000 100.0000
8.0990 90 109 0.0234 -0.0000 100.0000
8.1003 90 109 0.0226 -0.0000 100.0000
8.1015 90 109 -0.0044 -0.0000 100.0000
8.1028 90 109 0.0858 -0.0000 100.0000
8.1041 90 109 0.0920 -0.0000 100.0000
8.1053 90 109 0.0669 -0.0000 100.0000
8.1066 90 109 0.0283 -0.0000 100.0000
8.1079 90 109 -0.0811 -0.0000 100.0000
8.1092 90 109 -0.0934 -0.0000 100.0000
8.1104 90 109 -0.0586 -0.0000 100.0000
8.1117 90 109 -0.1054 -0.0000 100.0000
8.1130 90 109 -0.1303 -0.0000 100.0000
8.1143 90 109 -0.2655 -0.0000 100.0000
8.1156 90 109 -0.3160 -0.0000 100.0000
8.1168 90 109 -0.3739 -0.0000 100.0000
8.1181 90 109 -0.3690 -0.0000 100.0000
8.1194 90 109 -0.4029 -0.0000 100.0000
8.1206 90 109 -0.4053 -0.0000 100.0000
8.1219 90 109 -0.3616 -0.0000 100.0000
8.1232 90 109 -0.4496 -0.0000 100.0000
8.1244 90 109 -0.4271 -0.0000 100.0000
8.1257 90 109 -0.4638 -0.0000 100.0000
8.1270 90 109 -0.4595 -0.0000 100.0000
8.1282 90 109 -0.5158 -0.0000 100.0000
8.1295 90 109 -0.5571 -0.0000 100.0000
8.1308 90 109 -0.5193 -0.0000 100.0000
8.1321 90 109 -0.4594 -0.0000 100.0000
8.1333 90 109 -0.3459 -0.0000 100.0000
8.1346 90 109 -0.3602 -0.0000 100.0000
8.1359 89 107 -0.4114 -0.0000 98.4375
8.1372 89 107 -0.3880 -0.0000 98.4375
8.1385 89 107 -0.3727 -0.0000 98.4375
8.1398 89 107 -0.3585 -0.0000 98.4375
8.1410 89 107 -0.3902 -0.0000 98.4375
8.1423 89 107 -0.3562 -0.0000 98.4375
8.1436 89 107 -0.3839 -0.0000 98.4375
8.1449 89 107 -0.3877 -0.0000 98.4375
8.1461 89 107 -0.3369 -0.0000 98.4375
8.1474 89 107 -0.3360 -0.0000 98.4375
8.1486 89 107 -0.3710 -0.0000 98.4375
8.1499 89 107 -0.3822 -0.0000 98.4375
8.1511 89 107 -0.3448 -0.0000 98.4375
8.1524 89 107 -0.4146 -0.0000 98.4375
8.1537 89 107 -0.4818 -0.0000 98.4375
8.1550 89 107 -0.4635 -0.0000 98.4375
8.1562 89 107 -0.4778 -0.0000 98.4375
8.1575 89 107 -0.5090 -0.0000 98.4375
8.1588 89 107 -0.5264 -0.0000 98.4375
8.1601 89 107 -0.5800 -0.0000 98.4375
8.1613 89 107 -0.5539 -0.0000 98.4375
8.1626 89 107 -0.4810 -0.0000 98.4375
8.1639 89 107 -0.4540 -0.0000 98.4375
8.1651 89 107 -0.5291 -0.0000 98.4375
8.1664 89 107 -0.4410 -0.0000 98.4375
8.1676 89 107 -0.4299 -0.0000 98.4375
8.1689 89 107 -0.4919 -0.0000 98.4375
8.1701 89 107 -0.4742 -0.0000 98.4375
8.1714 89 107 -0.5182 -0.0000 98.4375
8.1726 89 107 -0.5367 -0.0000 98.4375
8.1739 89 107 -0.4275 -0.0000 98.4375
8.1752 89 107 -0.4134 -0.0000 98.4375
8.1764 89 107 -0.3796 -0.0000 98.4375
8.1777 89 107 -0.3394 -0.0000 98.4375
8.1789 89 107 -0.3126 -0.0000 98.4375
8.1801 89 107 -0.2273 -0.0000 98.4375
8.1814 89 107 -0.2512 -0.0000 98.4375
8.1826 89 107 -0.3485 -0.0000 98.4375
8.1838 89 107 -0.3304 -0.0000 98.4375
8.1851 89 107 -0.2407 -0.0000 98.4375
8.1863 89 107 -0.2366 -0.0000 98.4375
8.1876 89 107 -0.1295 -0.0000 98.4375
8.1888 89 107 -0.1222 -0.0000 98.4375
8.1901 89 107 -0.0740 -0.0000 98.4375
8.1913 89 107 -0.0760 -0.0000 98.4375
8.1926 89 107 -0.1027 -0.0000 98.4375
8.1939 89 107 -0.1059 -0.0000 98.4375
8.1951 82 101 -0.1025 -0.0000 92.1875
8.1965 82 101 -0.1042 -0.0000 92.1875
8.1978 82 101 0.0211 -0.0000 92.1875
8.1991 82 101 0.0086 -0.0000 92.1875
8.2004 82 101 0.0488 -0.0000 92.1875
8.2016 82 101 0.0288 -0.0000 92.1875
8.2029 82 101 0.0630 -0.0000 92.1875
8.2042 82 101 0.0110 -0.0000 92.1875
8.2055 82 101 -0.0004 -0.0000 92.1875
8.2068 82 101 0.0319 -0.0000 92.1875
8.2080 82 101 -0.0263 -0.0000 92.1875
8.2093 82 101 -0.0544 -0.0000 92.1875
8.2106 82 101 -0.0993 -0.0000 92.1875
8.2119 82 101 -0.0964 -0.0000 92.1875
8.2131 82 101 -0.1256 -0.0000 92.1875
8.2144 82 101 -0.0946 -0.0000 92.1875
8.2157 82 101 0.0196 -0.0000 92.1875
8.2170 82 101 0.0538 -0.0000 92.1875
8.2183 82 101 0.0935 -0.0000 92.1875
8.2195 82 101 0.0799 -0.0000 92.1875
8.2208 82 101 0.0787 -0.0000 92.1875
8.2221 82 101 0.1258 -0.0000 92.1875
8.2233 82 101 0.1866 -0.0000 92.1875
8.2246 82 101 0.1024 -0.0000 92.1875
8.2259 82 101 0.1347 -0.0000 92.1875
8.2271 82 101 0.1492 -0.0000 92.1875
8.2284 82 101 0.1332 -0.0000 92.1875
8.2297 82 101 0.1029 -0.0000 92.1875
8.2310 82 101 0.0394 -0.0000 92.1875
8.2322 82 101 0.0825 -0.0000 92.1875
8.2335 82 101 0.0838 -0.0000 92.1875
8.2348 82 101 0.0500 -0.0000 92.1875
8.2361 82 101 -0.0051 -0.0000 92.1875
8.2373 82 101 0.0719 -0.0000 92.1875
8.2386 82 101 0.1006 -0.0000 92.1875
8.2399 82 101 0.1619 -0.0000 92.1875
8.2411 82 101 0.1649 -0.0000 92.1875
8.2424 82 101 0.1612 -0.0000 92.1875
8.2437 82 101 0.1094 -0.0000 92.1875
8.2449 82 101 0.1730 -0.0000 92.1875
8.2462 82 101 0.1805 -0.0000 92.1875
8.2475 82 101 0.1345 -0.0000 92.1875
8.2488 76 95 0.1132 -0.0000 85.9375
8.2500 76 95 0.1736 -0.0000 85.9375
8.2513 76 95 0.0788 -0.0000 85.9375
8.2526 76 95 0.1292 -0.0000 85.9375
8.2538 76 95 0.1530 -0.0000 85.9375
8.2551 76 95 0.1336 -0.0000 85.9375
8.2563 76 95 0.0520 -0.0000 85.9375
8.2576 76 95 0.0629 -0.0000 85.9375
8.2588 76 95 0.0302 -0.0000 85.9375
8.2601 76 95 -0.0121 -0.0000 85.9375
8.2614 76 95 -0.1091 -0.0000 85.9375
8.2627 76 95 -0.0187 -0.0000 85.9375
8.2639 76 95 -0.0023 -0.0000 85.9375
8.2652 76 95 0.0518 -0.0000 85.9375
8.2665 76 95 -0.0355 -0.0000 85.9375
8.2677 76 95 -0.1904 -0.0000 85.9375
8.2690 76 95 -0.0489 -0.0000 85.9375
8.2703 76 95 0.0134 -0.0000 85.9375
8.2715 76 95 0.0261 -0.0000 85.9375
8.2728 76 95 0.0657 -0.0000 85.9375
8.2740 76 95 0.0791 -0.0000 85.9375
8.2753 76 95 0.1335 -0.0000 85.9375
8.2765 76 95 0.2017 -0.0000 85.9375
8.2778 76 95 0.2607 -0.0000 85.9375
8.2791 76 95 0.3270 -0.0000 85.9375
8.2804 76 95 0.3031 -0.0000 85.9375
8.2816 76 95 0.2552 -0.0000 85.9375
8.2829 76 95 0.2507 -0.0000 85.9375
8.2841 76 95 0.2597 -0.0000 85.9375
8.2854 76 95 0.3491 -0.0000 85.9375
8.2867 76 95 0.3895 -0.0000 85.9375
8.2879 76 95 0.3103 -0.0000 85.9375
8.2892 76 95 0.3031 -0.0000 85.9375
8.2904 76 95 0.3704 -0.0000 85.9375
8.2917 76 95 0.3724 -0.0000 85.9375
8.2929 76 95 0.3236 -0.0000 85.9375
8.2942 76 95 0.4067 -0.0000 85.9375
8.2954 76 95 0.4231 -0.0000 85.9375
8.2967 76 95 0.3961 -0.0000 85.9375
8.2980 76 95 0.3825 -0.0000 85.9375
8.2993 76 95 0.3551 -0.0000 85.9375
8.3006 76 95 0.3160 -0.0000 85.9375
8.3018 76 95 0.3281 -0.0000 85.9375
8.3031 70 88 0.3120 -0.0000 79.6875
8.3044 70 88 0.3008 -0.0000 79.6875
8.3057 70 88 0.3426 -0.0000 79.6875
8.3070 70 88 0.3133 -0.0000 79.6875
8.3083 70 88 0.2268 -0.0000 79.6875
8.3096 70 88 0.1332 -0.0000 79.6875
8.3109 70 88 0.1500 -0.0000 79.6875
8.3121 70 88 0.2412 -0.0000 79.6875
8.3134 70 88 0.2858 -0.0000 79.6875
8.3146 70 88 0.2389 -0.0000 79.6875
8.3159 70 88 0.2289 -0.0000 79.6875
8.3172 70 88 0.3740 -0.0000 79.6875
8.3185 70 88 0.3961 -0.0000 79.6875
8.3197 70 88 0.4228 -0.0000 79.6875
8.3210 70 88 0.3686 -0.0000 79.6875
8.3223 70 88 0.4376 -0.0000 79.6875
8.3236 70 88 0.3950 -0.0000 79.6875
8.3248 70 88 0.4151 -0.0000 79.6875
8.3261 70 88 0.4597 -0.0000 79.6875
8.3274 70 88 0.4348 -0.0000 79.6875
8.3286 70 88 0.4761 -0.0000 79.6875
8.3299 70 88 0.4862 -0.0000 79.6875
8.3312 70 88 0.4069 -0.0000 79.6875
8.3324 70 88 0.3956 -0.0000 79.6875
8.3337 70 88 0.4021 -0.0000 79.6875
8.3350 70 88 0.4856 -0.0000 79.6875
8.3363 70 88 0.5741 -0.0000 79.6875
8.3376 70 88 0.5418 -0.0000 79.6875
8.3388 70 88 0.4962 -0.0000 79.6875
8.3401 70 88 0.5225 -0.0000 79.6875
8.3413 70 88 0.5464 -0.0000 79.6875
8.3426 70 88 0.5070 -0.0000 79.6875
8.3438 70 88 0.5394 -0.0000 79.6875
8.3451 70 88 0.5082 -0.0000 79.6875
8.3464 70 88 0.3652 -0.0000 79.6875
8.3477 70 88 0.3615 -0.0000 79.6875
8.3489 70 88 0.2650 -0.0000 79.6875
8.3502 70 88 0.3097 -0.0000 79.6875
8.3515 70 88 0.3567 -0.0000 79.6875
8.3527 70 88 0.3540 -0.0000 79.6875
8.3540 70 88 0.2910 -0.0000 79.6875
8.3553 70 88 0.2907 -0.0000 79.6875
8.3566 70 88 0.2246 -0.0000 79.6875
8.3578 70 88 0.2660 -0.0000 79.6875
8.3591 70 88 0.1776 -0.0000 79.6875
8.3604 70 88 0.1452 -0.0000 79.6875
8.3616 70 88 0.1426 -0.0000 79.6875
8.3629 70 88 0.1863 -0.0000 79.6875
8.3642 70 88 0.2026 -0.0000 79.6875
8.3655 70 88 0.1507 -0.0000 79.6875
8.3667 66 84 0.1340 -0.0000 75.7812
8.3680 66 84 0.2086 -0.0000 75.7812
8.3693 66 84 0.1859 -0.0000 75.7812
8.3706 66 84 0.1838 -0.0000 75.7812
8.3719 66 84 0.1809 -0.0000 75.7812
8.3732 66 84 0.1234 -0.0000 75.7812
8.3744 66 84 0.0867 -0.0000 75.7812
8.3757 66 84 -0.0552 -0.0000 75.7812
8.3770 66 84 -0.0658 -0.0000 75.7812
8.3782 66 84 -0.0527 -0.0000 75.7812
8.3794 66 84 -0.0237 -0.0000 75.7812
8.3807 66 84 -0.0731 -0.0000 75.7812
8.3820 66 84 -0.0358 -0.0000 75.7812
8.3833 66 84 0.0002 -0.0000 75.7812
8.3846 66 84 -0.0837 -0.0000 75.7812
8.3858 66 84 -0.1178 -0.0000 75.7812
8.3871 66 84 -0.1475 -0.0000 75.7812
8.3884 66 84 -0.1746 -0.0000 75.7812
8.3896 66 84 -0.1890 -0.0000 75.7812
8.3909 66 84 -0.1239 -0.0000 75.7812
8.3921 66 84 -0.0904 -0.0000 75.7812
8.3934 66 84 0.0008 -0.0000 75.7812
8.3947 66 84 -0.0111 -0.0000 75.7812
8.3960 66 84 0.0262 -0.0000 75.7812
8.3972 66 84 -0.0446 -0.0000 75.7812
8.3985 66 84 -0.0641 -0.0000 75.7812
8.3998 66 84 -0.1213 -0.0000 75.7812
8.4010 66 84 -0.1480 -0.0000 75.7812
8.4023 66 84 -0.1278 -0.0000 75.7812
8.4036 66 84 -0.1189 -0.0000 75.7812
8.4049 66 84 -0.0811 -0.0000 75.7812
8.4061 66 84 -0.1196 -0.0000 75.7812
8.4074 66 84 -0.0668 -0.0000 75.7812
8.4087 66 84 -0.0586 -0.0000 75.7812
8.4100 66 84 -0.0644 -0.0000 75.7812
8.4112 66 84 -0.0425 -0.0000 75.7812
8.4125 66 84 -0.1220 -0.0000 75.7812
8.4138 66 84 -0.1399 -0.0000 75.7812
8.4150 66 84 -0.0907 -0.0000 75.7812
8.4163 66 84 -0.0607 -0.0000 75.7812
8.4176 66 84 -0.1118 -0.0000 75.7812
8.4189 66 84 -0.1403 -0.0000 75.7812
8.4201 66 84 -0.1766 -0.0000 75.7812
8.4214 66 84 -0.1710 -0.0000 75.7812
8.4227 62 81 -0.1438 -0.0000 71.8750
8.4240 62 81 -0.1705 -0.0000 71.8750
8.4253 62 81 -0.2241 -0.0000 71.8750
8.4266 62 81 -0.2787 -0.0000 71.8750
8.4278 62 81 -0.2494 -0.0000 71.8750
8.4291 62 81 -0.2313 -0.0000 71.8750
8.4304 62 81 -0.2270 -0.0000 71.8750
8.4317 62 81 -0.1440 -0.0000 71.8750
8.4329 62 81 -0.1055 -0.0000 71.8750
8.4342 62 81 -0.1650 -0.0000 71.8750
8.4354 62 81 -0.1858 -0.0000 71.8750
8.4367 62 81 -0.2349 -0.0000 71.8750
8.4380 62 81 -0.2569 -0.0000 71.8750
8.4392 62 81 -0.1517 -0.0000 71.8750
8.4405 62 81 -0.0532 -0.0000 71.8750
8.4418 62 81 0.0292 -0.0000 71.8750
8.4430 62 81 0.0722 -0.0000 71.8750
8.4443 62 81 0.0500 -0.0000 71.8750
8.4455 62 81 0.1062 -0.0000 71.8750
8.4468 62 81 0.1459 -0.0000 71.8750
8.4481 62 81 0.0779 -0.0000 71.8750
8.4494 62 81 0.0601 -0.0000 71.8750
8.4506 62 81 0.0946 -0.0000 71.8750
8.4519 62 81 0.1050 -0.0000 71.8750
8.4532 62 81 0.1138 -0.0000 71.8750
8.4545 62 81 0.1636 -0.0000 71.8750
8.4558 62 81 0.1675 -0.0000 71.8750
8.4570 62 81 0.1827 -0.0000 71.8750
8.4583 62 81 0.1561 -0.0000 71.8750
8.4596 62 81 0.1677 -0.0000 71.8750
8.4609 62 81 0.1384 -0.0000 71.8750
8.4621 62 81 0.2352 -0.0000 71.8750
8.4634 62 81 0.2063 -0.0000 71.8750
8.4647 62 81 0.2345 -0.0000 71.8750
8.4660 62 81 0.1419 -0.0000 71.8750
8.4672 62 81 0.1279 -0.0000 71.8750
8.4685 62 81 0.1953 -0.0000 71.8750
8.4697 62 81 0.1804 -0.0000 71.8750
8.4710 62 81 0.1687 -0.0000 71.8750
8.4723 62 81 0.2486 -0.0000 71.8750
8.4735 62 81 0.2532 -0.0000 71.8750
8.4748 62 81 0.2138 -0.0000 71.8750
8.4760 62 81 0.2789 -0.0000 71.8750
8.4773 62 80 0.2592 -0.0000 71.8750
8.4785 62 80 0.2773 -0.0000 71.8750
8.4798 62 80 0.3262 -0.0000 71.8750
8.4810 62 80 0.2786 -0.0000 71.8750
8.4822 62 80 0.1753 -0.0000 71.8750
8.4835 62 80 0.1635 -0.0000 71.8750
8.4847 62 80 0.0973 -0.0000 71.8750
8.4860 62 80 0.0517 -0.0000 71.8750
8.4872 62 80 -0.0308 -0.0000 71.8750
8.4885 62 80 -0.0433 -0.0000 71.8750
8.4897 62 80 -0.1280 -0.0000 71.8750
8.4910 62 80 -0.2113 -0.0000 71.8750
8.4923 62 80 -0.2634 -0.0000 71.8750
8.4935 62 80 -0.2529 -0.0000 71.8750
8.4948 62 80 -0.2705 -0.0000 71.8750
8.4960 62 81 -0.2699 -0.0000 71.8750
8.4973 62 81 -0.1590 -0.0000 71.8750
8.4985 62 81 -0.1629 -0.0000 71.8750
8.4998 62 81 -0.1415 -0.0000 71.8750
8.5010 62 81 -0.1782 -0.0000 71.8750
8.5023 62 81 -0.1864 -0.0000 71.8750
8.5035 62 81 -0.2065 -0.0000 71.8750
8.5048 62 81 -0.2556 -0.0000 71.8750
8.5060 62 81 -0.3031 -0.0000 71.8750
8.5073 62 81 -0.2758 -0.0000 71.8750
8.5086 62 81 -0.1816 -0.0000 71.8750
8.5098 62 81 -0.1180 -0.0000 71.8750
8.5112 58 77 -0.2395 -0.0000 67.9688
8.5125 58 77 -0.2424 -0.0000 67.9688
8.5138 58 77 -0.2574 -0.0000 67.9688
8.5150 58 77 -0.2442 -0.0000 67.9688
8.5163 58 77 -0.3570 -0.0000 67.9688
8.5176 58 77 -0.3427 -0.0000 67.9688
8.5189 58 77 -0.3595 -0.0000 67.9688
8.5202 58 77 -0.3758 -0.0000 67.9688
8.5214 58 77 -0.3432 -0.0000 67.9688
8.5227 58 77 -0.2840 -0.0000 67.9688
8.5240 58 77 -0.2494 -0.0000 67.9688
8.5252 58 77 -0.2644 -0.0000 67.9688
8.5265 58 77 -0.1837 -0.0000 67.9688
8.5278 58 77 -0.2171 -0.0000 67.9688
8.5291 58 77 -0.1667 -0.0000 67.9688
8.5304 58 77 -0.1537 -0.0000 67.9688
8.5316 58 77 -0.0874 -0.0000 67.9688
8.5329 58 77 -0.0201 -0.0000 67.9688
8.5342 58 77 -0.0962 -0.0000 67.9688
8.5354 58 77 -0.1285 -0.0000 67.9688
8.5367 58 77 -0.0745 -0.0000 67.9688
8.5380 58 77 -0.0120 -0.0000 67.9688
8.5392 58 77 -0.0188 -0.0000 67.9688
8.5405 58 77 -0.0134 -0.0000 67.9688
8.5418 58 77 -0.0383 -0.0000 67.9688
8.5430 58 77 -0.1927 -0.0000 67.9688
8.5443 58 77 -0.2149 -0.0000 67.9688
8.5456 58 77 -0.1896 -0.0000 67.9688
8.5468 58 77 -0.2104 -0.0000 67.9688
8.5481 58 77 -0.1431 -0.0000 67.9688
8.5494 58 77 -0.2371 -0.0000 67.9688
8.5506 58 77 -0.2530 -0.0000 67.9688
8.5519 58 77 -0.2391 -0.0000 67.9688
8.5532 58 77 -0.3207 -0.0000 67.9688
8.5545 58 77 -0.2763 -0.0000 67.9688
8.5557 58 77 -0.3582 -0.0000 67.9688
8.5570 58 77 -0.3716 -0.0000 67.9688
8.5583 58 77 -0.3771 -0.0000 67.9688
8.5595 58 77 -0.3398 -0.0000 67.9688
8.5608 58 77 -0.3742 -0.0000 67.9688
8.5621 58 77 -0.3186 -0.0000 67.9688
8.5634 58 77 -0.2267 -0.0000 67.9688
8.5646 58 77 -0.2145 -0.0000 67.9688
8.5659 58 77 -0.1691 -0.0000 67.9688
8.5672 54 73 -0.1596 -0.0000 64.0625
8.5685 54 73 -0.1494 -0.0000 64.0625
8.5698 54 73 -0.2507 -0.0000 64.0625
8.5710 54 73 -0.1271 -0.0000 64.0625
8.5723 54 73 -0.0841 -0.0000 64.0625
8.5736 54 73 -0.1998 -0.0000 64.0625
8.5748 54 73 -0.2525 -0.0000 64.0625
8.5761 54 73 -0.1877 -0.0000 64.0625
8.5774 54 73 -0.1159 -0.0000 64.0625
8.5786 54 73 -0.1007 -0.0000 64.0625
8.5799 54 73 -0.1715 -0.0000 64.0625
8.5812 54 73 -0.2099 -0.0000 64.0625
8.5824 54 73 -0.2173 -0.0000 64.0625
8.5837 54 73 -0.2042 -0.0000 64.0625
8.5850 54 73 -0.2863 -0.0000 64.0625
8.5863 54 73 -0.2126 -0.0000 64.0625
8.5876 54 73 -0.1203 -0.0000 64.0625
8.5888 54 73 -0.1200 -0.0000 64.0625
8.5901 54 73 -0.2203 -0.0000 64.0625
8.5914 54 73 -0.2495 -0.0000 64.0625
8.5927 54 73 -0.3308 -0.0000 64.0625
8.5940 54 73 -0.3478 -0.0000 64.0625
8.5953 54 73 -0.3108 -0.0000 64.0625
8.5965 54 73 -0.2809 -0.0000 64.0625
8.5978 54 73 -0.2615 -0.0000 64.0625
8.5991 54 73 -0.2158 -0.0000 64.0625
8.6003 54 73 -0.1995 -0.0000 64.0625
8.6016 54 73 -0.0988 -0.0000 64.0625
8.6028 54 73 -0.0242 -0.0000 64.0625
8.6041 54 73 -0.0557 -0.0000 64.0625
8.6054 54 73 -0.0596 -0.0000 64.0625
8.6067 54 73 -0.0118 -0.0000 64.0625
8.6079 54 73 0.1098 -0.0000 64.0625
8.6092 54 73 0.1081 -0.0000 64.0625
8.6105 54 73 0.0808 -0.0000 64.0625
8.6118 54 73 0.1379 -0.0000 64.0625
8.6131 54 73 0.0546 -0.0000 64.0625
8.6144 54 73 0.1411 -0.0000 64.0625
8.6156 54 73 0.1916 -0.0000 64.0625
8.6169 54 73 0.1701 -0.0000 64.0625
8.6182 54 73 0.1738 -0.0000 64.0625
8.6194 54 73 0.1639 -0.0000 64.0625
8.6207 54 73 0.1633 -0.0000 64.0625
8.6219 54 73 0.1163 -0.0000 64.0625
8.6232 54 73 0.0769 -0.0000 64.0625
8.6245 54 73 0.0402 -0.0000 64.0625
8.6257 54 73 0.0335 -0.0000 64.0625
8.6270 50 69 0.0391 -0.0000 60.1562
8.6283 50 69 0.0944 -0.0000 60.1562
8.6295 50 69 0.1138 -0.0000 60.1562
8.6308 50 69 0.1059 -0.0000 60.1562
8.6320 50 69 0.0574 -0.0000 60.1562
8.6333 50 69 0.1305 -0.0000 60.1562
8.6345 50 69 0.1464 -0.0000 60.1562
8.6358 50 69 0.1456 -0.0000 60.1562
8.6371 50 69 0.2383 -0.0000 60.1562
8.6384 50 69 0.2471 -0.0000 60.1562
8.6397 50 69 0.1876 -0.0000 60.1562
8.6411 50 69 0.2268 -0.0000 60.1562
8.6424 50 69 0.2753 -0.0000 60.1562
8.6437 50 69 0.2370 -0.0000 60.1562
8.6449 50 69 0.1623 -0.0000 60.1562
8.6462 50 69 0.1500 -0.0000 60.1562
8.6475 50 69 0.1531 -0.0000 60.1562
8.6488 50 69 0.1272 -0.0000 60.1562
8.6500 50 69 0.0750 -0.0000 60.1562
8.6513 50 69 0.0764 -0.0000 60.1562
8.6526 50 69 0.1217 -0.0000 60.1562
8.6539 50 69 0.2187 -0.0000 60.1562
8.6551 50 69 0.1745 -0.0000 60.1562
8.6564 50 69 0.1282 -0.0000 60.1562
8.6576 50 69 0.2532 -0.0000 60.1562
8.6589 50 69 0.2306 -0.0000 60.1562
8.6602 50 69 0.2162 -0.0000 60.1562
8.6615 50 69 0.2489 -0.0000 60.1562
8.6627 50 69 0.3045 -0.0000 60.1562
8.6640 50 69 0.3075 -0.0000 60.1562
8.6652 50 69 0.2669 -0.0000 60.1562
8.6665 50 69 0.2818 -0.0000 60.1562
8.6677 50 69 0.2370 -0.0000 60.1562
8.6690 50 69 0.2419 -0.0000 60.1562
8.6703 50 69 0.2691 -0.0000 60.1562
8.6716 50 69 0.2902 -0.0000 60.1562
8.6729 50 69 0.2303 -0.0000 60.1562
8.6741 50 69 0.2413 -0.0000 60.1562
8.6754 50 69 0.2837 -0.0000 60.1562
8.6767 50 69 0.3451 -0.0000 60.1562
8.6780 50 69 0.2935 -0.0000 60.1562
8.6792 47 65 0.2250 -0.0000 56.2500
8.6805 47 65 0.1505 -0.0000 56.2500
8.6818 47 65 0.1404 -0.0000 56.2500
8.6831 47 65 0.0303 -0.0000 56.2500
8.6843 47 65 0.0128 -0.0000 56.2500
8.6856 47 65 0.0130 -0.0000 56.2500
8.6869 47 65 0.0369 -0.0000 56.2500
8.6882 47 65 0.1044 -0.0000 56.2500
8.6894 47 65 0.1454 -0.0000 56.2500
8.6907 47 65 0.2060 -0.0000 56.2500
8.6920 47 65 0.1948 -0.0000 56.2500
8.6932 47 65 0.2319 -0.0000 56.2500
8.6945 47 65 0.2268 -0.0000 56.2500
8.6958 47 65 0.1841 -0.0000 56.2500
8.6970 47 65 0.1625 -0.0000 56.2500
8.6983 47 65 0.1823 -0.0000 56.2500
8.6996 47 65 0.2017 -0.0000 56.2500
8.7008 47 65 0.1268 -0.0000 56.2500
8.7020 47 65 0.1860 -0.0000 56.2500
8.7033 47 65 0.2002 -0.0000 56.2500
8.7046 47 65 0.2628 -0.0000 56.2500
8.7058 47 65 0.2936 -0.0000 56.2500
8.7071 47 65 0.2349 -0.0000 56.2500
8.7083 47 65 0.2517 -0.0000 56.2500
8.7096 47 65 0.3664 -0.0000 56.2500
8.7109 47 65 0.3826 -0.0000 56.2500
8.7121 47 65 0.3125 -0.0000 56.2500
8.7134 47 65 0.2103 -0.0000 56.2500
8.7147 47 65 0.1039 -0.0000 56.2500
8.7159 47 65 0.1522 -0.0000 56.2500
8.7172 47 65 0.1103 -0.0000 56.2500
8.7185 47 65 0.0806 -0.0000 56.2500
8.7198 47 65 0.0751 -0.0000 56.2500
8.7210 47 65 0.0486 -0.0000 56.2500
8.7223 47 65 0.0249 -0.0000 56.2500
8.7236 47 65 0.0692 -0.0000 56.2500
8.7249 47 65 0.0473 -0.0000 56.2500
8.7261 47 65 0.1277 -0.0000 56.2500
8.7274 47 65 0.0950 -0.0000 56.2500
8.7287 47 65 0.0066 -0.0000 56.2500
8.7300 47 65 0.0650 -0.0000 56.2500
8.7313 47 65 0.0657 -0.0000 56.2500
8.7326 47 65 0.0954 -0.0000 56.2500
8.7339 47 65 0.0551 -0.0000 56.2500
8.7351 47 65 0.0342 -0.0000 56.2500
8.7364 47 65 -0.0463 -0.0000 56.2500
8.7377 47 65 -0.0211 -0.0000 56.2500
8.7389 47 65 0.0103 -0.0000 56.2500
8.7402 47 65 0.0696 -0.0000 56.2500
8.7415 47 65 0.1706 -0.0000 56.2500
8.7427 47 65 0.0965 -0.0000 56.2500
8.7440 34 52 0.0332 -0.0000 43.7500
8.7453 34 52 0.0263 -0.0000 43.7500
8.7466 34 52 0.0250 -0.0000 43.7500
8.7479 34 52 0.1052 -0.0000 43.7500
8.7491 34 52 0.1880 -0.0000 43.7500
8.7504 34 52 0.1762 -0.0000 43.7500
8.7516 34 52 0.2360 -0.0000 43.7500
8.7530 34 52 0.2013 -0.0000 43.7500
8.7543 34 52 0.2107 -0.0000 43.7500
8.7555 34 52 0.1575 -0.0000 43.7500
8.7568 34 52 0.0732 -0.0000 43.7500
8.7580 34 52 0.0656 -0.0000 43.7500
8.7593 34 52 0.1008 -0.0000 43.7500
8.7606 34 52 0.1580 -0.0000 43.7500
8.7618 34 52 0.1751 -0.0000 43.7500
8.7631 34 52 0.1893 -0.0000 43.7500
8.7643 34 52 0.1914 -0.0000 43.7500
8.7655 34 52 0.0887 -0.0000 43.7500
8.7668 34 52 0.1239 -0.0000 43.7500
8.7680 34 52 0.0689 -0.0000 43.7500
8.7693 34 52 0.0953 -0.0000 43.7500
8.7705 34 52 0.0471 -0.0000 43.7500
8.7717 34 52 0.0414 -0.0000 43.7500
8.7730 34 52 0.0272 -0.0000 43.7500
8.7742 34 52 -0.0799 -0.0000 43.7500
8.7754 34 52 -0.1167 -0.0000 43.7500
8.7767 34 52 -0.0271 -0.0000 43.7500
8.7779 34 52 0.0466 -0.0000 43.7500
8.7791 34 52 0.0292 -0.0000 43.7500
8.7803 34 52 -0.0158 -0.0000 43.7500
8.7816 34 52 0.0159 -0.0000 43.7500
8.7828 34 52 0.0146 -0.0000 43.7500
8.7840 34 52 -0.0230 -0.0000 43.7500
8.7853 34 52 -0.0731 -0.0000 43.7500
8.7865 34 52 -0.1103 -0.0000 43.7500
8.7878 34 52 -0.1450 -0.0000 43.7500
8.7890 34 52 -0.1577 -0.0000 43.7500
8.7902 34 52 -0.0612 -0.0000 43.7500
8.7915 34 52 0.0710 -0.0000 43.7500
8.7927 34 52 0.0628 -0.0000 43.7500
8.7940 34 52 -0.0121 -0.0000 43.7500
8.7953 34 52 -0.0952 -0.0000 43.7500
8.7966 34 52 -0.1573 -0.0000 43.7500
8.7979 34 52 -0.0535 -0.0000 43.7500
8.7991 29 48 -0.0406 -0.0000 39.0625
8.8004 29 48 -0.0034 -0.0000 39.0625
8.8016 29 48 0.0570 -0.0000 39.0625
8.8029 29 48 0.0430 -0.0000 39.0625
8.8042 29 48 -0.0149 -0.0000 39.0625
8.8054 29 48 -0.1228 -0.0000 39.0625
8.8067 29 48 -0.1270 -0.0000 39.0625
8.8079 29 48 -0.1126 -0.0000 39.0625
8.8093 29 48 -0.0768 -0.0000 39.0625
8.8105 29 48 -0.0753 -0.0000 39.0625
8.8119 29 48 -0.0609 -0.0000 39.0625
8.8132 29 48 -0.1305 -0.0000 39.0625
8.8145 29 48 -0.1806 -0.0000 39.0625
8.8157 29 48 -0.1911 -0.0000 39.0625
8.8170 29 48 -0.3573 -0.0000 39.0625
8.8183 29 48 -0.3590 -0.0000 39.0625
8.8196 29 48 -0.2979 -0.0000 39.0625
8.8209 29 48 -0.3193 -0.0000 39.0625
8.8221 29 48 -0.2679 -0.0000 39.0625
8.8234 29 48 -0.2181 -0.0000 39.0625
8.8247 29 48 -0.2885 -0.0000 39.0625
8.8260 29 48 -0.2643 -0.0000 39.0625
8.8272 29 48 -0.2838 -0.0000 39.0625
8.8285 29 48 -0.3578 -0.0000 39.0625
8.8298 29 48 -0.3370 -0.0000 39.0625
8.8311 29 48 -0.3738 -0.0000 39.0625
8.8323 29 48 -0.3830 -0.0000 39.0625
8.8336 29 48 -0.3186 -0.0000 39.0625
8.8349 29 48 -0.2698 -0.0000 39.0625
8.8362 29 48 -0.2822 -0.0000 39.0625
8.8375 29 48 -0.2643 -0.0000 39.0625
8.8387 29 48 -0.3203 -0.0000 39.0625
8.8400 29 48 -0.3665 -0.0000 39.0625
8.8413 29 48 -0.4560 -0.0000 39.0625
8.8425 29 48 -0.5124 -0.0000 39.0625
8.8438 29 48 -0.4870 -0.0000 39.0625
8.8451 29 48 -0.5274 -0.0000 39.0625
8.8464 29 48 -0.6600 -0.0000 39.0625
8.8476 29 48 -0.5999 -0.0000 39.0625
8.8489 29 48 -0.6225 -0.0000 39.0625
8.8502 29 48 -0.6582 -0.0000 39.0625
8.8515 29 48 -0.7174 -0.0000 39.0625
8.8527 29 48 -0.7768 -0.0000 39.0625
8.8540 29 48 -0.7545 -0.0000 39.0625
8.8553 29 48 -0.7835 -0.0000 39.0625
8.8565 29 48 -0.8330 -0.0000 39.0625
8.8578 29 48 -0.8137 -0.0000 39.0625
8.8591 29 48 -0.8330 -0.0000 39.0625
8.8604 29 48 -0.8969 -0.0000 39.0625
8.8616 29 48 -0.8840 -0.0000 39.0625
8.8629 29 48 -0.9342 -0.0000 39.0625
8.8642 29 48 -0.9547 -0.0000 39.0625
8.8654 29 48 -0.9058 -0.0000 39.0625
8.8667 29 48 -0.9383 -0.0000 39.0625
8.8680 29 48 -0.9583 -0.0000 39.0625
8.8693 29 48 -0.9594 -0.0000 39.0625
8.8706 29 48 -1.0972 -0.0000 39.0625
8.8718 26 45 -1.0225 -0.0000 35.9375
8.8731 26 45 -0.9952 -0.0000 35.9375
8.8744 26 45 -0.9905 -0.0000 35.9375
8.8757 26 45 -0.9518 -0.0000 35.9375
8.8769 26 45 -0.9274 -0.0000 35.9375
8.8783 26 45 -0.9369 -0.0000 35.9375
8.8795 26 45 -0.8072 -0.0000 35.9375
8.8808 26 45 -0.8171 -0.0000 35.9375
8.8820 26 45 -0.7733 -0.0000 35.9375
8.8833 26 45 -0.7530 -0.0000 35.9375
8.8846 26 45 -0.7550 -0.0000 35.9375
8.8858 26 45 -0.7684 -0.0000 35.9375
8.8871 26 45 -0.7868 -0.0000 35.9375
8.8884 26 45 -0.6615 -0.0000 35.9375
8.8896 26 45 -0.6398 -0.0000 35.9375
8.8909 26 45 -0.6681 -0.0000 35.9375
8.8922 26 45 -0.5894 -0.0000 35.9375
8.8934 26 45 -0.5229 -0.0000 35.9375
8.8947 26 45 -0.6126 -0.0000 35.9375
8.8960 26 45 -0.5431 -0.0000 35.9375
8.8973 26 45 -0.5027 -0.0000 35.9375
8.8986 26 45 -0.3410 -0.0000 35.9375
8.8999 26 45 -0.3056 -0.0000 35.9375
8.9012 26 45 -0.2476 -0.0000 35.9375
8.9025 26 45 -0.2065 -0.0000 35.9375
8.9037 26 45 -0.2108 -0.0000 35.9375
8.9050 26 45 -0.1955 -0.0000 35.9375
8.9062 26 45 -0.1639 -0.0000 35.9375
8.9075 26 45 -0.1593 -0.0000 35.9375
8.9088 26 45 -0.2001 -0.0000 35.9375
8.9101 26 45 -0.2503 -0.0000 35.9375
8.9114 26 45 -0.2823 -0.0000 35.9375
8.9127 26 45 -0.3139 -0.0000 35.9375
8.9140 26 45 -0.3859 -0.0000 35.9375
8.9153 26 45 -0.3705 -0.0000 35.9375
8.9165 26 45 -0.3052 -0.0000 35.9375
8.9178 26 45 -0.2629 -0.0000 35.9375
8.9191 26 45 -0.2493 -0.0000 35.9375
8.9203 26 45 -0.3002 -0.0000 35.9375
8.9216 26 45 -0.3500 -0.0000 35.9375
8.9228 26 45 -0.2476 -0.0000 35.9375
8.9241 26 45 -0.1944 -0.0000 35.9375
8.9254 26 45 -0.2325 -0.0000 35.9375
8.9267 27 46 -0.1768 -0.0000 36.7188
8.9280 27 46 -0.2125 -0.0000 36.7188
8.9293 27 46 -0.2822 -0.0000 36.7188
8.9305 27 46 -0.2490 -0.0000 36.7188
8.9318 27 46 -0.2733 -0.0000 36.7188
8.9331 27 46 -0.2288 -0.0000 36.7188
8.9343 27 46 -0.2701 -0.0000 36.7188
8.9355 27 46 -0.3267 -0.0000 36.7188
8.9368 27 46 -0.3614 -0.0000 36.7188
8.9380 27 46 -0.3499 -0.0000 36.7188
8.9393 27 46 -0.2524 -0.0000 36.7188
8.9406 27 46 -0.2046 -0.0000 36.7188
8.9419 27 46 -0.1998 -0.0000 36.7188
8.9431 27 46 -0.2019 -0.0000 36.7188
8.9444 27 46 -0.1499 -0.0000 36.7188
8.9456 27 46 -0.1507 -0.0000 36.7188
8.9469 27 46 -0.2142 -0.0000 36.7188
8.9481 27 46 -0.3136 -0.0000 36.7188
8.9494 27 46 -0.2429 -0.0000 36.7188
8.9507 27 46 -0.1829 -0.0000 36.7188
8.9519 27 46 -0.0812 -0.0000 36.7188
8.9532 27 46 -0.1402 -0.0000 36.7188
8.9544 27 46 -0.1544 -0.0000 36.7188
8.9557 27 46 -0.0856 -0.0000 36.7188
8.9569 27 46 -0.0961 -0.0000 36.7188
8.9582 27 46 -0.1761 -0.0000 36.7188
8.9594 27 46 -0.1117 -0.0000 36.7188
8.9607 27 46 -0.0775 -0.0000 36.7188
8.9619 27 46 -0.0908 -0.0000 36.7188
8.9631 27 46 -0.0244 -0.0000 36.7188
8.9644 27 46 0.0275 -0.0000 36.7188
8.9656 27 46 -0.0469 -0.0000 36.7188
8.9668 27 46 -0.0578 -0.0000 36.7188
8.9681 27 46 -0.1458 -0.0000 36.7188
8.9695 27 46 -0.1724 -0.0000 36.7188
8.9708 27 46 -0.3084 -0.0000 36.7188
8.9720 27 46 -0.3813 -0.0000 36.7188
8.9733 27 46 -0.4603 -0.0000 36.7188
8.9746 27 46 -0.4504 -0.0000 36.7188
8.9759 27 46 -0.3899 -0.0000 36.7188
8.9771 27 46 -0.4003 -0.0000 36.7188
8.9784 27 46 -0.3848 -0.0000 36.7188
8.9797 27 46 -0.3340 -0.0000 36.7188
8.9810 27 46 -0.3104 -0.0000 36.7188
8.9823 27 46 -0.3977 -0.0000 36.7188
8.9836 26 45 -0.4130 -0.0000 35.9375
8.9848 26 45 -0.4782 -0.0000 35.9375
8.9861 26 45 -0.4805 -0.0000 35.9375
8.9874 26 45 -0.3878 -0.0000 35.9375
8.9887 26 45 -0.4790 -0.0000 35.9375
8.9899 26 45 -0.5406 -0.0000 35.9375
8.9912 26 45 -0.5824 -0.0000 35.9375
8.9925 26 45 -0.5986 -0.0000 35.9375
8.9937 26 45 -0.6130 -0.0000 35.9375
8.9950 26 45 -0.6612 -0.0000 35.9375
8.9963 26 45 -0.6586 -0.0000 35.9375
8.9976 26 45 -0.6309 -0.0000 35.9375
8.9988 26 45 -0.7077 -0.0000 35.9375
9.0001 26 45 -0.6537 -0.0000 35.9375
9.0013 26 45 -0.6532 -0.0000 35.9375
9.0026 26 45 -0.7138 -0.0000 35.9375
9.0038 26 45 -0.6407 -0.0000 35.9375
9.0050 26 45 -0.5856 -0.0000 35.9375
9.0063 26 45 -0.4769 -0.0000 35.9375
9.0076 26 45 -0.3000 -0.0000 35.9375
9.0088 26 45 -0.2574 -0.0000 35.9375
9.0101 26 45 -0.1456 -0.0000 35.9375
9.0114 26 45 -0.1562 -0.0000 35.9375
9.0127 26 45 -0.1193 -0.0000 35.9375
9.0139 26 45 -0.2040 -0.0000 35.9375
9.0152 26 45 -0.1723 -0.0000 35.9375
9.0165 26 45 -0.1629 -0.0000 35.9375
9.0178 26 45 -0.1688 -0.0000 35.9375
9.0191 26 45 -0.2337 -0.0000 35.9375
9.0204 26 45 -0.0110 -0.0000 35.9375
9.0216 26 45 -0.0260 -0.0000 35.9375
9.0229 26 45 -0.0440 -0.0000 35.9375
9.0242 26 45 -0.1195 -0.0000 35.9375
9.0255 26 45 -0.1117 -0.0000 35.9375
9.0268 26 45 -0.1612 -0.0000 35.9375
9.0280 26 45 -0.1330 -0.0000 35.9375
9.0293 26 45 -0.0847 -0.0000 35.9375
9.0306 26 45 -0.1124 -0.0000 35.9375
9.0319 26 45 -0.0600 -0.0000 35.9375
9.0332 26 45 -0.0816 -0.0000 35.9375
9.0345 26 45 -0.0913 -0.0000 35.9375
9.0357 26 45 -0.0939 -0.0000 35.9375
9.0370 26 45 -0.0608 -0.0000 35.9375
9.0383 26 45 -0.0631 -0.0000 35.9375
9.0397 23 43 -0.0558 -0.0000 33.5938
9.0410 23 43 -0.1683 -0.0000 33.5938
9.0423 23 43 -0.1855 -0.0000 33.5938
9.0436 23 43 -0.1773 -0.0000 33.5938
9.0448 23 43 -0.0622 -0.0000 33.5938
9.0461 23 43 -0.0116 -0.0000 33.5938
9.0474 23 43 -0.1090 -0.0000 33.5938
9.0487 23 43 -0.0664 -0.0000 33.5938
9.0500 23 43 -0.0441 -0.0000 33.5938
9.0513 23 43 -0.0839 -0.0000 33.5938
9.0526 23 43 -0.0907 -0.0000 33.5938
9.0538 23 43 -0.0861 -0.0000 33.5938
9.0551 23 43 -0.0315 -0.0000 33.5938
9.0564 23 43 0.0385 -0.0000 33.5938
9.0576 23 43 0.0448 -0.0000 33.5938
9.0589 23 43 0.0535 -0.0000 33.5938
9.0602 23 43 0.0527 -0.0000 33.5938
9.0615 23 43 0.0529 -0.0000 33.5938
9.0627 23 43 0.1196 -0.0000 33.5938
9.0640 23 43 0.0883 -0.0000 33.5938
9.0653 23 43 0.0879 -0.0000 33.5938
9.0665 23 43 -0.0064 -0.0000 33.5938
9.0678 23 43 0.0272 -0.0000 33.5938
9.0691 23 43 -0.0208 -0.0000 33.5938
9.0703 23 43 -0.0037 -0.0000 33.5938
9.0716 23 43 -0.0297 -0.0000 33.5938
9.0729 23 43 -0.0247 -0.0000 33.5938
9.0741 23 43 -0.0237 -0.0000 33.5938
9.0754 23 43 -0.0265 -0.0000 33.5938
9.0767 23 43 -0.0898 -0.0000 33.5938
9.0780 23 43 -0.0520 -0.0000 33.5938
9.0793 23 43 -0.0293 -0.0000 33.5938
9.0805 23 43 -0.1361 -0.0000 33.5938
9.0818 23 43 -0.1364 -0.0000 33.5938
9.0831 23 43 -0.1034 -0.0000 33.5938
9.0844 23 43 -0.0513 -0.0000 33.5938
9.0856 23 43 -0.0459 -0.0000 33.5938
9.0869 23 43 -0.0275 -0.0000 33.5938
9.0882 23 43 -0.0211 -0.0000 33.5938
9.0894 23 43 -0.0578 -0.0000 33.5938
9.0907 23 43 -0.0696 -0.0000 33.5938
9.0920 23 43 0.0681 -0.0000 33.5938
9.0933 23 43 0.0646 -0.0000 33.5938
9.0946 23 43 0.0431 -0.0000 33.5938
9.0958 19 38 -0.0114 -0.0000 28.9062
9.0971 19 38 0.0151 -0.0000 28.9062
9.0984 19 38 -0.0120 -0.0000 28.9062
9.0997 19 38 -0.0299 -0.0000 28.9062
9.1009 19 38 0.0268 -0.0000 28.9062
9.1022 19 38 0.0241 -0.0000 28.9062
9.1035 19 38 0.0763 -0.0000 28.9062
9.1048 19 38 0.1368 -0.0000 28.9062
9.1060 19 38 0.0678 -0.0000 28.9062
9.1073 19 38 0.0694 -0.0000 28.9062
9.1086 19 38 0.0063 -0.0000 28.9062
9.1099 19 38 0.0121 -0.0000 28.9062
9.1111 19 38 -0.0058 -0.0000 28.9062
9.1124 19 38 -0.0142 -0.0000 28.9062
9.1137 19 38 0.0895 -0.0000 28.9062
9.1150 19 38 0.0258 -0.0000 28.9062
9.1162 19 38 0.0526 -0.0000 28.9062
9.1175 19 38 -0.0130 -0.0000 28.9062
9.1188 19 38 -0.1099 -0.0000 28.9062
9.1200 19 38 -0.0893 -0.0000 28.9062
9.1213 19 38 0.0082 -0.0000 28.9062
9.1226 19 38 0.0836 -0.0000 28.9062
9.1239 19 38 0.0770 -0.0000 28.9062
9.1252 19 38 -0.0158 -0.0000 28.9062
9.1264 19 38 -0.0992 -0.0000 28.9062
9.1277 19 38 -0.0518 -0.0000 28.9062
9.1290 19 38 -0.1386 -0.0000 28.9062
9.1302 19 38 -0.2966 -0.0000 28.9062
9.1315 19 38 -0.3749 -0.0000 28.9062
9.1328 19 38 -0.3502 -0.0000 28.9062
9.1340 19 38 -0.3316 -0.0000 28.9062
9.1353 19 38 -0.3248 -0.0000 28.9062
9.1366 19 38 -0.3511 -0.0000 28.9062
9.1378 19 38 -0.2241 -0.0000 28.9062
9.1391 19 38 -0.2307 -0.0000 28.9062
9.1404 19 38 -0.2031 -0.0000 28.9062
9.1417 19 38 -0.1785 -0.0000 28.9062
9.1429 19 38 -0.2134 -0.0000 28.9062
9.1442 19 38 -0.2136 -0.0000 28.9062
9.1455 19 38 -0.1910 -0.0000 28.9062
9.1467 19 38 -0.2059 -0.0000 28.9062
9.1480 19 38 -0.2713 -0.0000 28.9062
9.1493 19 38 -0.3258 -0.0000 28.9062
9.1506 19 38 -0.3786 -0.0000 28.9062
9.1518 19 38 -0.3448 -0.0000 28.9062
9.1531 19 38 -0.4720 -0.0000 28.9062
9.1544 19 38 -0.3749 -0.0000 28.9062
9.1556 18 38 -0.3203 -0.0000 28.9062
9.1569 18 38 -0.2537 -0.0000 28.9062
9.1582 18 38 -0.1908 -0.0000 28.9062
9.1594 18 38 -0.1242 -0.0000 28.9062
9.1607 18 38 -0.1000 -0.0000 28.9062
9.1620 18 38 -0.2050 -0.0000 28.9062
9.1632 18 38 -0.3116 -0.0000 28.9062
9.1645 18 38 -0.3291 -0.0000 28.9062
9.1658 18 38 -0.2849 -0.0000 28.9062
9.1670 18 38 -0.2442 -0.0000 28.9062
9.1683 18 38 -0.2656 -0.0000 28.9062
9.1696 18 38 -0.2825 -0.0000 28.9062
9.1709 18 38 -0.2593 -0.0000 28.9062
9.1722 18 38 -0.3926 -0.0000 28.9062
9.1735 18 38 -0.3702 -0.0000 28.9062
9.1747 18 38 -0.3587 -0.0000 28.9062
9.1760 18 38 -0.4220 -0.0000 28.9062
9.1773 18 38 -0.4102 -0.0000 28.9062
9.1786 18 38 -0.4363 -0.0000 28.9062
9.1799 18 38 -0.4332 -0.0000 28.9062
9.1811 18 38 -0.3916 -0.0000 28.9062
9.1824 18 38 -0.4358 -0.0000 28.9062
9.1837 15 34 -0.4236 -0.0000 25.0000
9.1850 15 34 -0.4736 -0.0000 25.0000
9.1863 15 34 -0.4006 -0.0000 25.0000
9.1875 15 34 -0.4659 -0.0000 25.0000
9.1888 15 34 -0.4674 -0.0000 25.0000
9.1901 15 34 -0.5150 -0.0000 25.0000
9.1913 14 35 -0.5714 -0.0000 25.0000
9.1926 14 35 -0.5517 -0.0000 25.0000
9.1939 14 35 -0.5565 -0.0000 25.0000
9.1951 14 35 -0.6053 -0.0000 25.0000
9.1964 14 35 -0.6095 -0.0000 25.0000
9.1977 14 35 -0.5516 -0.0000 25.0000
9.1989 14 35 -0.5856 -0.0000 25.0000
9.2002 14 35 -0.5906 -0.0000 25.0000
9.2015 14 35 -0.5910 -0.0000 25.0000
9.2027 14 35 -0.5107 -0.0000 25.0000
9.2040 14 35 -0.5707 -0.0000 25.0000
9.2053 14 35 -0.5145 -0.0000 25.0000
9.2065 14 35 -0.4547 -0.0000 25.0000
9.2078 14 35 -0.4490 -0.0000 25.0000
9.2091 14 35 -0.4440 -0.0000 25.0000
9.2104 14 35 -0.5000 -0.0000 25.0000
9.2116 14 35 -0.5478 -0.0000 25.0000
9.2129 14 35 -0.6510 -0.0000 25.0000
9.2141 14 35 -0.6615 -0.0000 25.0000
9.2154 14 35 -0.7401 -0.0000 25.0000
9.2167 14 35 -0.7684 -0.0000 25.0000
9.2179 14 35 -0.8108 -0.0000 25.0000
9.2192 14 35 -0.7197 -0.0000 25.0000
9.2205 14 35 -0.5553 -0.0000 25.0000
9.2217 14 35 -0.4680 -0.0000 25.0000
9.2230 14 35 -0.5110 -0.0000 25.0000
9.2243 14 35 -0.5776 -0.0000 25.0000
9.2255 14 35 -0.5576 -0.0000 25.0000
9.2268 14 35 -0.6160 -0.0000 25.0000
9.2281 14 35 -0.6164 -0.0000 25.0000
9.2293 14 35 -0.6323 -0.0000 25.0000
9.2306 14 35 -0.5854 -0.0000 25.0000
9.2319 14 35 -0.7150 -0.0000 25.0000
9.2331 14 35 -0.7226 -0.0000 25.0000
9.2344 14 35 -0.7869 -0.0000 25.0000
9.2357 14 35 -0.8748 -0.0000 25.0000
9.2369 14 35 -0.9082 -0.0000 25.0000
9.2382 14 35 -0.9189 -0.0000 25.0000
9.2394 14 35 -0.9057 -0.0000 25.0000
9.2407 14 35 -0.8625 -0.0000 25.0000
9.2420 14 35 -0.8703 -0.0000 25.0000
9.2432 14 35 -0.8782 -0.0000 25.0000
9.2445 14 35 -0.8553 -0.0000 25.0000
9.2458 14 35 -0.8057 -0.0000 25.0000
9.2470 14 35 -0.7175 -0.0000 25.0000
9.2483 14 35 -0.7451 -0.0000 25.0000
9.2495 14 35 -0.7375 -0.0000 25.0000
9.2507 14 35 -0.7161 -0.0000 25.0000
9.2520 14 35 -0.6988 -0.0000 25.0000
9.2532 14 35 -0.7421 -0.0000 25.0000
9.2544 14 35 -0.6663 -0.0000 25.0000
9.2556 14 35 -0.5979 -0.0000 25.0000
9.2569 14 35 -0.5035 -0.0000 25.0000
9.2581 14 35 -0.4022 -0.0000 25.0000
9.2594 14 35 -0.3429 -0.0000 25.0000
9.2606 14 35 -0.2043 -0.0000 25.0000
9.2619 14 35 -0.1745 -0.0000 25.0000
9.2631 14 35 -0.1843 -0.0000 25.0000
9.2644 14 35 -0.2937 -0.0000 25.0000
9.2656 14 35 -0.2653 -0.0000 25.0000
9.2669 14 35 -0.2584 -0.0000 25.0000
9.2682 14 35 -0.2704 -0.0000 25.0000
9.2695 14 35 -0.2777 -0.0000 25.0000
9.2708 14 35 -0.2620 -0.0000 25.0000
9.2721 14 35 -0.1399 -0.0000 25.0000
9.2734 14 35 -0.1157 -0.0000 25.0000
9.2748 14 35 -0.1364 -0.0000 25.0000
9.2760 14 35 -0.2045 -0.0000 25.0000
9.2773 14 35 -0.2067 -0.0000 25.0000
9.2786 14 35 -0.1367 -0.0000 25.0000
9.2799 14 35 -0.1134 -0.0000 25.0000
9.2812 14 35 -0.0942 -0.0000 25.0000
9.2825 14 35 -0.0199 -0.0000 25.0000
9.2838 14 35 0.0072 -0.0000 25.0000
9.2850 14 35 -0.0060 -0.0000 25.0000
9.2863 14 35 -0.0084 -0.0000 25.0000
9.2876 14 35 -0.0335 -0.0000 25.0000
9.2888 14 35 -0.0437 -0.0000 25.0000
9.2901 14 35 -0.0986 -0.0000 25.0000
9.2914 14 35 -0.1365 -0.0000 25.0000
9.2926 14 35 0.0011 -0.0000 25.0000
9.2939 14 35 0.1575 -0.0000 25.0000
9.2952 14 35 0.1463 -0.0000 25.0000
9.2965 14 35 0.2006 -0.0000 25.0000
9.2978 14 35 0.2299 -0.0000 25.0000
9.2990 14 35 0.1949 -0.0000 25.0000
9.3003 14 35 0.2784 -0.0000 25.0000
9.3016 14 35 0.2905 -0.0000 25.0000
9.3028 14 35 0.3415 -0.0000 25.0000
9.3041 14 35 0.2599 -0.0000 25.0000
9.3054 14 35 0.3291 -0.0000 25.0000
9.3067 14 35 0.3754 -0.0000 25.0000
9.3080 14 35 0.3848 -0.0000 25.0000
9.3093 14 35 0.4055 -0.0000 25.0000
9.3106 14 35 0.4479 -0.0000 25.0000
9.3118 14 35 0.4446 -0.0000 25.0000
9.3131 14 35 0.3927 -0.0000 25.0000
9.3143 14 35 0.3770 -0.0000 25.0000
9.3156 14 35 0.3356 -0.0000 25.0000
9.3169 14 35 0.3722 -0.0000 25.0000
9.3182 14 35 0.2995 -0.0000 25.0000
9.3194 14 35 0.3724 -0.0000 25.0000
9.3207 14 35 0.3377 -0.0000 25.0000
9.3220 14 35 0.3865 -0.0000 25.0000
9.3232 14 35 0.4858 -0.0000 25.0000
9.3245 14 35 0.4702 -0.0000 25.0000
9.3258 14 35 0.3672 -0.0000 25.0000
9.3271 15 36 0.3314 -0.0000 25.7812
9.3284 15 36 0.3603 -0.0000 25.7812
9.3297 15 36 0.3198 -0.0000 25.7812
9.3309 15 36 0.3857 -0.0000 25.7812
9.3322 15 36 0.2889 -0.0000 25.7812
9.3335 15 36 0.2664 -0.0000 25.7812
9.3347 15 36 0.3014 -0.0000 25.7812
9.3360 15 36 0.1741 -0.0000 25.7812
9.3372 15 36 0.1931 -0.0000 25.7812
9.3385 15 36 0.1565 -0.0000 25.7812
9.3398 15 36 0.1423 -0.0000 25.7812
9.3410 15 36 0.1816 -0.0000 25.7812
9.3422 15 36 0.1766 -0.0000 25.7812
9.3435 15 36 0.1648 -0.0000 25.7812
9.3448 15 36 0.1144 -0.0000 25.7812
9.3460 15 36 0.1749 -0.0000 25.7812
9.3473 15 36 0.1536 -0.0000 25.7812
9.3486 15 36 0.2186 -0.0000 25.7812
9.3498 15 36 0.2011 -0.0000 25.7812
9.3510 15 36 0.2910 -0.0000 25.7812
9.3523 15 36 0.3939 -0.0000 25.7812
9.3536 15 36 0.3437 -0.0000 25.7812
9.3549 15 36 0.3356 -0.0000 25.7812
9.3561 15 36 0.3885 -0.0000 25.7812
9.3574 15 36 0.3905 -0.0000 25.7812
9.3587 15 36 0.4223 -0.0000 25.7812
9.3599 15 36 0.4487 -0.0000 25.7812
9.3612 15 36 0.5258 -0.0000 25.7812
9.3624 15 36 0.5310 -0.0000 25.7812
9.3637 15 35 0.6027 -0.0000 25.7812
9.3650 15 35 0.6312 -0.0000 25.7812
9.3663 15 35 0.6195 -0.0000 25.7812
9.3676 15 35 0.5136 -0.0000 25.7812
9.3689 15 35 0.4479 -0.0000 25.7812
9.3701 15 35 0.3863 -0.0000 25.7812
9.3714 15 35 0.4085 -0.0000 25.7812
9.3726 15 35 0.3472 -0.0000 25.7812
9.3739 15 35 0.3587 -0.0000 25.7812
9.3752 15 35 0.4389 -0.0000 25.7812
9.3765 15 35 0.4592 -0.0000 25.7812
9.3778 15 35 0.4331 -0.0000 25.7812
9.3790 15 35 0.4341 -0.0000 25.7812
9.3803 15 35 0.4117 -0.0000 25.7812
9.3816 15 35 0.3469 -0.0000 25.7812
9.3828 15 35 0.4816 -0.0000 25.7812
9.3841 15 35 0.4159 -0.0000 25.7812
9.3853 15 35 0.2771 -0.0000 25.7812
9.3866 15 35 0.3592 -0.0000 25.7812
9.3879 15 35 0.3915 -0.0000 25.7812
9.3891 15 35 0.3372 -0.0000 25.7812
9.3904 15 35 0.2432 -0.0000 25.7812
9.3917 15 35 0.1730 -0.0000 25.7812
9.3929 15 35 0.2215 -0.0000 25.7812
9.3942 15 35 0.2449 -0.0000 25.7812
9.3955 15 35 0.3657 -0.0000 25.7812
9.3967 15 35 0.3696 -0.0000 25.7812
9.3980 15 35 0.4121 -0.0000 25.7812
9.3993 15 35 0.4118 -0.0000 25.7812
9.4006 15 35 0.4246 -0.0000 25.7812
9.4018 15 35 0.4213 -0.0000 25.7812
9.4031 15 35 0.4807 -0.0000 25.7812
9.4043 15 35 0.5847 -0.0000 25.7812
9.4056 15 35 0.5317 -0.0000 25.7812
9.4069 15 35 0.4472 -0.0000 25.7812
9.4082 15 35 0.4892 -0.0000 25.7812
9.4095 15 35 0.4099 -0.0000 25.7812
9.4107 15 35 0.3391 -0.0000 25.7812
9.4120 15 35 0.4258 -0.0000 25.7812
9.4133 15 35 0.4471 -0.0000 25.7812
9.4146 15 35 0.3947 -0.0000 25.7812
9.4158 15 35 0.4220 -0.0000 25.7812
9.4171 15 35 0.3139 -0.0000 25.7812
9.4184 15 35 0.3063 -0.0000 25.7812
9.4197 15 35 0.4206 -0.0000 25.7812
9.4209 15 35 0.4116 -0.0000 25.7812
9.4222 15 35 0.4217 -0.0000 25.7812
9.4235 14 35 0.3716 -0.0000 25.0000
9.4247 14 35 0.4177 -0.0000 25.0000
9.4260 14 35 0.5489 -0.0000 25.0000
9.4273 14 35 0.5220 -0.0000 25.0000
9.4286 14 35 0.6079 -0.0000 25.0000
9.4298 15 34 0.6345 -0.0000 25.0000
9.4311 15 34 0.6066 -0.0000 25.0000
9.4324 15 34 0.5986 -0.0000 25.0000
9.4336 15 34 0.6030 -0.0000 25.0000
9.4349 15 34 0.7070 -0.0000 25.0000
9.4362 15 34 0.7101 -0.0000 25.0000
9.4374 15 34 0.7289 -0.0000 25.0000
9.4387 15 34 0.6908 -0.0000 25.0000
9.4400 15 34 0.6802 -0.0000 25.0000
9.4412 15 34 0.6246 -0.0000 25.0000
9.4425 15 34 0.5383 -0.0000 25.0000
9.4438 15 34 0.5538 -0.0000 25.0000
9.4450 15 34 0.5925 -0.0000 25.0000
9.4463 15 34 0.5816 -0.0000 25.0000
9.4475 15 34 0.5060 -0.0000 25.0000
9.4488 15 34 0.5253 -0.0000 25.0000
9.4500 15 34 0.4394 -0.0000 25.0000
9.4513 15 34 0.3153 -0.0000 25.0000
9.4525 15 34 0.2085 -0.0000 25.0000
9.4538 15 34 0.2564 -0.0000 25.0000
9.4551 15 34 0.2311 -0.0000 25.0000
9.4563 15 34 0.1998 -0.0000 25.0000
9.4576 15 34 0.2606 -0.0000 25.0000
9.4588 15 34 0.3135 -0.0000 25.0000
9.4601 15 34 0.3255 -0.0000 25.0000
9.4614 15 34 0.3474 -0.0000 25.0000
9.4627 15 34 0.3751 -0.0000 25.0000
9.4639 15 34 0.3643 -0.0000 25.0000
9.4652 15 34 0.3525 -0.0000 25.0000
9.4664 15 34 0.4053 -0.0000 25.0000
9.4677 15 34 0.4528 -0.0000 25.0000
9.4689 15 34 0.4370 -0.0000 25.0000
9.4702 15 34 0.3737 -0.0000 25.0000
9.4715 15 34 0.3199 -0.0000 25.0000
9.4727 15 34 0.4052 -0.0000 25.0000
9.4740 15 34 0.4059 -0.0000 25.0000
9.4753 15 34 0.4511 -0.0000 25.0000
9.4765 15 34 0.4416 -0.0000 25.0000
9.4778 15 34 0.4277 -0.0000 25.0000
9.4791 18 37 0.4868 -0.0000 28.1250
9.4804 18 37 0.4429 -0.0000 28.1250
9.4817 18 37 0.4444 -0.0000 28.1250
9.4830 18 37 0.5388 -0.0000 28.1250
9.4843 18 37 0.5097 -0.0000 28.1250
9.4855 18 37 0.5070 -0.0000 28.1250
9.4868 18 37 0.5299 -0.0000 28.1250
9.4881 18 37 0.5070 -0.0000 28.1250
9.4893 18 37 0.5624 -0.0000 28.1250
9.4906 18 37 0.6246 -0.0000 28.1250
9.4919 18 37 0.7273 -0.0000 28.1250
9.4931 18 37 0.6684 -0.0000 28.1250
9.4944 18 37 0.6751 -0.0000 28.1250
9.4957 18 37 0.6514 -0.0000 28.1250
9.4969 18 37 0.6571 -0.0000 28.1250
9.4982 18 37 0.6476 -0.0000 28.1250
9.4995 18 37 0.6139 -0.0000 28.1250
9.5007 18 37 0.6078 -0.0000 28.1250
9.5020 18 37 0.5923 -0.0000 28.1250
9.5032 18 37 0.7138 -0.0000 28.1250
9.5045 18 37 0.7729 -0.0000 28.1250
9.5057 18 37 0.7846 -0.0000 28.1250
9.5070 18 37 0.8232 -0.0000 28.1250
9.5083 18 37 0.8205 -0.0000 28.1250
9.5096 18 37 0.7876 -0.0000 28.1250
9.5108 18 37 0.8590 -0.0000 28.1250
9.5121 18 37 0.8549 -0.0000 28.1250
9.5134 18 37 0.8791 -0.0000 28.1250
9.5147 18 37 0.8995 -0.0000 28.1250
9.5160 18 37 0.8998 -0.0000 28.1250
9.5172 18 37 0.9066 -0.0000 28.1250
9.5185 18 37 0.9072 -0.0000 28.1250
9.5198 18 37 0.9334 -0.0000 28.1250
9.5210 18 37 0.8944 -0.0000 28.1250
9.5223 18 37 0.8712 -0.0000 28.1250
9.5235 18 37 0.8021 -0.0000 28.1250
9.5248 18 37 0.8161 -0.0000 28.1250
9.5261 18 37 0.7730 -0.0000 28.1250
9.5273 18 37 0.6975 -0.0000 28.1250
9.5286 18 37 0.7830 -0.0000 28.1250
9.5299 18 37 0.7925 -0.0000 28.1250
9.5312 18 37 0.6929 -0.0000 28.1250
9.5324 18 37 0.7552 -0.0000 28.1250
9.5337 18 37 0.7830 -0.0000 28.1250
9.5350 18 37 0.8820 -0.0000 28.1250
9.5363 18 37 0.8405 -0.0000 28.1250
9.5376 18 37 0.7609 -0.0000 28.1250
9.5388 18 37 0.7955 -0.0000 28.1250
9.5401 18 37 0.8092 -0.0000 28.1250
9.5413 18 37 0.7817 -0.0000 28.1250
9.5426 18 37 0.7722 -0.0000 28.1250
9.5439 18 37 0.8784 -0.0000 28.1250
9.5451 18 37 0.9186 -0.0000 28.1250
9.5464 18 37 0.8383 -0.0000 28.1250
9.5477 18 37 0.8248 -0.0000 28.1250
9.5489 18 37 0.8161 -0.0000 28.1250
9.5502 18 37 0.8391 -0.0000 28.1250
9.5514 18 37 0.8399 -0.0000 28.1250
9.5527 18 37 0.8071 -0.0000 28.1250
9.5540 18 37 0.7899 -0.0000 28.1250
9.5552 18 37 0.7459 -0.0000 28.1250
9.5565 18 37 0.7434 -0.0000 28.1250
9.5578 18 37 0.7013 -0.0000 28.1250
9.5590 18 37 0.6410 -0.0000 28.1250
9.5603 18 37 0.6475 -0.0000 28.1250
9.5615 18 37 0.7600 -0.0000 28.1250
9.5628 18 37 0.7789 -0.0000 28.1250
9.5641 18 37 0.7452 -0.0000 28.1250
9.5654 21 39 0.7569 -0.0000 30.4688
9.5667 21 39 0.6608 -0.0000 30.4688
9.5679 21 39 0.6537 -0.0000 30.4688
9.5693 21 39 0.6023 -0.0000 30.4688
9.5706 21 39 0.4364 -0.0000 30.4688
9.5719 21 39 0.4023 -0.0000 30.4688
9.5732 21 39 0.3659 -0.0000 30.4688
9.5745 21 39 0.3750 -0.0000 30.4688
9.5757 21 39 0.4233 -0.0000 30.4688
9.5770 21 39 0.5063 -0.0000 30.4688
9.5783 21 39 0.3199 -0.0000 30.4688
9.5796 21 39 0.3736 -0.0000 30.4688
9.5808 21 39 0.3805 -0.0000 30.4688
9.5821 21 39 0.5059 -0.0000 30.4688
9.5834 21 39 0.4325 -0.0000 30.4688
9.5846 21 39 0.3927 -0.0000 30.4688
9.5859 21 39 0.3439 -0.0000 30.4688
9.5871 21 39 0.3318 -0.0000 30.4688
9.5884 21 39 0.2602 -0.0000 30.4688
9.5897 21 39 0.2444 -0.0000 30.4688
9.5910 21 39 0.3094 -0.0000 30.4688
9.5922 21 39 0.2319 -0.0000 30.4688
9.5935 21 39 0.2750 -0.0000 30.4688
9.5948 21 39 0.3323 -0.0000 30.4688
9.5960 21 39 0.3256 -0.0000 30.4688
9.5973 21 39 0.2930 -0.0000 30.4688
9.5986 21 39 0.2294 -0.0000 30.4688
9.5998 21 39 0.1781 -0.0000 30.4688
9.6011 21 39 0.1910 -0.0000 30.4688
9.6024 21 39 0.2558 -0.0000 30.4688
9.6036 21 39 0.2345 -0.0000 30.4688
9.6049 21 39 0.2817 -0.0000 30.4688
9.6062 21 39 0.2583 -0.0000 30.4688
9.6075 21 39 0.2124 -0.0000 30.4688
9.6087 25 43 0.2657 -0.0000 34.3750
9.6100 25 43 0.2782 -0.0000 34.3750
9.6112 25 43 0.2119 -0.0000 34.3750
9.6125 25 43 0.3511 -0.0000 34.3750
9.6138 25 43 0.2758 -0.0000 34.3750
9.6151 25 43 0.3616 -0.0000 34.3750
9.6163 25 43 0.3466 -0.0000 34.3750
9.6176 25 43 0.3113 -0.0000 34.3750
9.6189 25 43 0.3778 -0.0000 34.3750
9.6202 25 43 0.4383 -0.0000 34.3750
9.6214 25 43 0.4824 -0.0000 34.3750
9.6227 25 43 0.4921 -0.0000 34.3750
9.6239 25 43 0.4686 -0.0000 34.3750
9.6252 25 43 0.5100 -0.0000 34.3750
9.6265 25 43 0.5042 -0.0000 34.3750
9.6278 25 43 0.5771 -0.0000 34.3750
9.6291 25 43 0.6418 -0.0000 34.3750
9.6304 25 43 0.5997 -0.0000 34.3750
9.6317 25 43 0.5519 -0.0000 34.3750
9.6330 25 43 0.5288 -0.0000 34.3750
9.6342 25 43 0.4635 -0.0000 34.3750
9.6355 25 43 0.4243 -0.0000 34.3750
9.6368 25 43 0.3571 -0.0000 34.3750
9.6381 25 43 0.3402 -0.0000 34.3750
9.6393 25 43 0.2777 -0.0000 34.3750
9.6406 25 43 0.3353 -0.0000 34.3750
9.6419 25 43 0.3747 -0.0000 34.3750
9.6431 25 43 0.3861 -0.0000 34.3750
9.6444 25 43 0.3381 -0.0000 34.3750
9.6457 25 43 0.3063 -0.0000 34.3750
9.6469 25 43 0.2937 -0.0000 34.3750
9.6482 25 43 0.3336 -0.0000 34.3750
9.6495 25 43 0.2635 -0.0000 34.3750
9.6508 25 43 0.1324 -0.0000 34.3750
9.6520 25 43 0.1353 -0.0000 34.3750
9.6533 25 43 0.1102 -0.0000 34.3750
9.6546 25 43 0.1259 -0.0000 34.3750
9.6559 25 43 0.1887 -0.0000 34.3750
9.6571 25 43 0.2054 -0.0000 34.3750
9.6584 25 43 0.2113 -0.0000 34.3750
9.6597 25 43 0.1504 -0.0000 34.3750
9.6610 25 43 0.1130 -0.0000 34.3750
9.6623 25 43 0.0623 -0.0000 34.3750
9.6636 37 55 0.0747 -0.0000 46.8750
9.6649 37 55 0.0665 -0.0000 46.8750
9.6662 37 55 0.0244 -0.0000 46.8750
9.6675 37 55 0.0028 -0.0000 46.8750
9.6688 37 55 -0.0374 -0.0000 46.8750
9.6701 37 55 -0.0680 -0.0000 46.8750
9.6714 37 55 -0.1514 -0.0000 46.8750
9.6727 37 55 -0.1915 -0.0000 46.8750
9.6739 37 55 -0.1312 -0.0000 46.8750
9.6752 37 55 -0.1598 -0.0000 46.8750
9.6765 37 55 -0.2347 -0.0000 46.8750
9.6777 37 55 -0.2690 -0.0000 46.8750
9.6790 37 55 -0.2674 -0.0000 46.8750
9.6803 37 55 -0.2194 -0.0000 46.8750
9.6816 37 55 -0.2031 -0.0000 46.8750
9.6828 37 55 -0.1879 -0.0000 46.8750
9.6841 37 55 -0.2065 -0.0000 46.8750
9.6853 37 55 -0.2130 -0.0000 46.8750
9.6866 37 55 -0.2099 -0.0000 46.8750
9.6879 37 55 -0.1587 -0.0000 46.8750
9.6891 37 55 -0.1415 -0.0000 46.8750
9.6904 37 55 -0.0765 -0.0000 46.8750
9.6917 37 55 -0.0475 -0.0000 46.8750
9.6929 37 55 -0.0367 -0.0000 46.8750
9.6942 37 55 -0.0804 -0.0000 46.8750
9.6954 37 55 0.0436 -0.0000 46.8750
9.6967 37 55 0.0600 -0.0000 46.8750
9.6980 37 55 0.0266 -0.0000 46.8750
9.6992 37 55 0.0943 -0.0000 46.8750
9.7005 37 55 -0.0357 -0.0000 46.8750
9.7018 37 55 -0.0252 -0.0000 46.8750
9.7030 37 55 0.0163 -0.0000 46.8750
9.7043 37 55 0.0227 -0.0000 46.8750
9.7055 37 55 0.0380 -0.0000 46.8750
9.7068 37 55 -0.0118 -0.0000 46.8750
9.7080 37 55 -0.1231 -0.0000 46.8750
9.7093 37 55 0.0272 -0.0000 46.8750
9.7106 37 55 -0.0867 -0.0000 46.8750
9.7119 37 55 -0.1085 -0.0000 46.8750
9.7132 37 55 -0.0836 -0.0000 46.8750
9.7145 37 55 -0.1833 -0.0000 46.8750
9.7158 37 55 -0.2297 -0.0000 46.8750
9.7170 37 55 -0.3200 -0.0000 46.8750
9.7184 37 55 -0.3548 -0.0000 46.8750
9.7197 37 55 -0.2800 -0.0000 46.8750
9.7210 58 76 -0.2650 -0.0000 67.1875
9.7222 58 76 -0.4022 -0.0000 67.1875
9.7235 58 76 -0.3336 -0.0000 67.1875
9.7248 58 76 -0.3506 -0.0000 67.1875
9.7260 58 76 -0.3801 -0.0000 67.1875
9.7273 58 76 -0.3912 -0.0000 67.1875
9.7286 58 76 -0.3172 -0.0000 67.1875
9.7299 58 76 -0.3451 -0.0000 67.1875
9.7312 58 76 -0.3598 -0.0000 67.1875
9.7325 58 76 -0.3377 -0.0000 67.1875
9.7338 58 76 -0.4333 -0.0000 67.1875
9.7350 58 76 -0.4136 -0.0000 67.1875
9.7363 58 76 -0.4778 -0.0000 67.1875
9.7376 58 76 -0.4804 -0.0000 67.1875
9.7389 58 76 -0.4645 -0.0000 67.1875
9.7401 58 76 -0.4748 -0.0000 67.1875
9.7414 58 76 -0.4600 -0.0000 67.1875
9.7427 58 76 -0.4326 -0.0000 67.1875
9.7439 58 76 -0.3929 -0.0000 67.1875
9.7452 58 76 -0.4781 -0.0000 67.1875
9.7465 58 76 -0.6131 -0.0000 67.1875
9.7477 57 76 -0.6491 -0.0000 67.1875
9.7490 57 76 -0.5899 -0.0000 67.1875
9.7502 57 76 -0.6620 -0.0000 67.1875
9.7515 57 76 -0.7590 -0.0000 67.1875
9.7527 57 76 -0.7311 -0.0000 67.1875
9.7540 57 76 -0.7209 -0.0000 67.1875
9.7552 57 76 -0.7978 -0.0000 67.1875
9.7565 57 76 -0.8297 -0.0000 67.1875
9.7577 57 76 -0.7779 -0.0000 67.1875
9.7590 57 76 -0.7686 -0.0000 67.1875
9.7603 57 76 -0.7373 -0.0000 67.1875
9.7615 57 76 -0.7976 -0.0000 67.1875
9.7628 57 76 -0.7136 -0.0000 67.1875
9.7641 57 76 -0.7169 -0.0000 67.1875
9.7653 57 76 -0.7948 -0.0000 67.1875
9.7666 57 76 -0.7548 -0.0000 67.1875
9.7679 57 76 -0.7118 -0.0000 67.1875
9.7691 57 76 -0.6721 -0.0000 67.1875
9.7704 57 76 -0.6646 -0.0000 67.1875
9.7717 57 76 -0.6530 -0.0000 67.1875
9.7729 57 76 -0.6623 -0.0000 67.1875
9.7742 57 76 -0.7131 -0.0000 67.1875
9.7755 67 85 -0.7545 -0.0000 76.5625
9.7768 67 85 -0.7226 -0.0000 76.5625
9.7781 67 85 -0.7382 -0.0000 76.5625
9.7794 67 85 -0.6613 -0.0000 76.5625
9.7806 67 85 -0.5936 -0.0000 76.5625
9.7819 67 85 -0.5412 -0.0000 76.5625
9.7832 67 85 -0.5493 -0.0000 76.5625
9.7845 67 85 -0.3892 -0.0000 76.5625
9.7857 67 85 -0.3372 -0.0000 76.5625
9.7870 67 85 -0.3889 -0.0000 76.5625
9.7883 67 85 -0.4279 -0.0000 76.5625
9.7896 67 85 -0.4448 -0.0000 76.5625
9.7908 67 85 -0.4429 -0.0000 76.5625
9.7921 67 85 -0.3858 -0.0000 76.5625
9.7934 67 85 -0.3609 -0.0000 76.5625
9.7946 67 85 -0.4290 -0.0000 76.5625
9.7959 67 85 -0.3632 -0.0000 76.5625
9.7972 67 85 -0.2645 -0.0000 76.5625
9.7985 67 85 -0.2999 -0.0000 76.5625
9.7998 67 85 -0.1841 -0.0000 76.5625
9.8010 67 85 -0.1029 -0.0000 76.5625
9.8023 67 86 -0.1567 -0.0000 76.5625
9.8036 67 86 -0.1998 -0.0000 76.5625
9.8049 67 86 -0.2911 -0.0000 76.5625
9.8062 67 86 -0.2498 -0.0000 76.5625
9.8075 67 86 -0.2000 -0.0000 76.5625
9.8087 67 86 -0.1897 -0.0000 76.5625
9.8100 67 86 -0.1745 -0.0000 76.5625
9.8113 67 86 -0.1323 -0.0000 76.5625
9.8126 67 86 -0.2417 -0.0000 76.5625
9.8138 67 86 -0.2261 -0.0000 76.5625
9.8151 67 86 -0.1138 -0.0000 76.5625
9.8164 67 86 -0.1955 -0.0000 76.5625
9.8177 67 86 -0.2901 -0.0000 76.5625
9.8190 67 86 -0.2673 -0.0000 76.5625
9.8202 67 86 -0.2652 -0.0000 76.5625
9.8214 67 86 -0.2269 -0.0000 76.5625
9.8227 67 86 -0.2029 -0.0000 76.5625
9.8240 67 86 -0.2022 -0.0000 76.5625
9.8253 67 86 -0.2918 -0.0000 76.5625
9.8266 67 86 -0.2137 -0.0000 76.5625
9.8278 67 86 -0.2153 -0.0000 76.5625
9.8291 67 86 -0.1932 -0.0000 76.5625
9.8304 67 86 -0.2372 -0.0000 76.5625
9.8316 67 86 -0.2661 -0.0000 76.5625
9.8329 67 86 -0.3412 -0.0000 76.5625
9.8342 67 86 -0.2557 -0.0000 76.5625
9.8355 75 94 -0.2633 -0.0000 85.1562
9.8368 75 94 -0.3496 -0.0000 85.1562
9.8381 75 94 -0.3648 -0.0000 85.1562
9.8393 75 94 -0.2847 -0.0000 85.1562
9.8406 75 94 -0.3383 -0.0000 85.1562
9.8418 75 94 -0.3800 -0.0000 85.1562
9.8431 75 94 -0.4293 -0.0000 85.1562
9.8444 75 94 -0.3841 -0.0000 85.1562
9.8456 75 94 -0.3847 -0.0000 85.1562
9.8469 75 94 -0.4079 -0.0000 85.1562
9.8481 75 94 -0.4193 -0.0000 85.1562
9.8494 75 94 -0.4540 -0.0000 85.1562
9.8507 75 94 -0.4369 -0.0000 85.1562
9.8519 75 94 -0.5997 -0.0000 85.1562
9.8532 75 94 -0.6609 -0.0000 85.1562
9.8544 75 94 -0.7045 -0.0000 85.1562
9.8557 75 94 -0.7225 -0.0000 85.1562
9.8569 75 94 -0.6418 -0.0000 85.1562
9.8582 75 94 -0.7279 -0.0000 85.1562
9.8594 75 94 -0.8054 -0.0000 85.1562
9.8607 75 94 -0.8067 -0.0000 85.1562
9.8620 75 94 -0.7410 -0.0000 85.1562
9.8632 75 94 -0.6835 -0.0000 85.1562
9.8645 75 94 -0.6390 -0.0000 85.1562
9.8657 75 94 -0.5758 -0.0000 85.1562
9.8670 75 94 -0.5969 -0.0000 85.1562
9.8683 75 94 -0.5540 -0.0000 85.1562
9.8695 75 94 -0.5093 -0.0000 85.1562
9.8709 75 94 -0.4670 -0.0000 85.1562
9.8722 75 94 -0.4288 -0.0000 85.1562
9.8735 75 94 -0.3532 -0.0000 85.1562
9.8748 75 94 -0.4719 -0.0000 85.1562
9.8760 75 94 -0.4848 -0.0000 85.1562
9.8773 75 94 -0.4896 -0.0000 85.1562
9.8786 75 94 -0.4542 -0.0000 85.1562
9.8799 75 94 -0.4868 -0.0000 85.1562
9.8811 75 94 -0.4550 -0.0000 85.1562
9.8824 75 94 -0.4297 -0.0000 85.1562
9.8837 75 94 -0.4853 -0.0000 85.1562
9.8849 75 94 -0.5461 -0.0000 85.1562
9.8862 75 94 -0.3752 -0.0000 85.1562
9.8875 90 109 -0.3580 -0.0000 100.0000
9.8888 90 109 -0.5115 -0.0000 100.0000
9.8900 90 109 -0.5758 -0.0000 100.0000
9.8913 90 109 -0.5483 -0.0000 100.0000
9.8926 90 109 -0.6433 -0.0000 100.0000
9.8939 90 109 -0.7185 -0.0000 100.0000
9.8952 90 109 -0.6785 -0.0000 100.0000
9.8964 90 109 -0.6273 -0.0000 100.0000
9.8977 90 109 -0.6306 -0.0000 100.0000
9.8989 90 109 -0.5777 -0.0000 100.0000
9.9002 90 109 -0.4789 -0.0000 100.0000
9.9014 90 109 -0.4824 -0.0000 100.0000
9.9027 90 109 -0.4858 -0.0000 100.0000
9.9040 90 109 -0.4635 -0.0000 100.0000
9.9052 90 109 -0.4379 -0.0000 100.0000
9.9065 90 109 -0.4617 -0.0000 100.0000
9.9078 90 109 -0.4709 -0.0000 100.0000
9.9090 90 109 -0.4976 -0.0000 100.0000
9.9103 90 109 -0.4891 -0.0000 100.0000
9.9115 90 109 -0.4522 -0.0000 100.0000
9.9128 90 109 -0.3716 -0.0000 100.0000
9.9141 90 109 -0.3664 -0.0000 100.0000
9.9153 90 109 -0.3996 -0.0000 100.0000
9.9166 90 109 -0.2550 -0.0000 100.0000
9.9178 90 109 -0.2026 -0.0000 100.0000
9.9191 90 109 -0.1826 -0.0000 100.0000
9.9204 90 109 -0.1081 -0.0000 100.0000
9.9217 90 109 -0.1135 -0.0000 100.0000
9.9230 90 109 -0.0990 -0.0000 100.0000
9.9243 90 109 -0.0698 -0.0000 100.0000
9.9256 90 109 -0.1033 -0.0000 100.0000
9.9268 90 109 -0.1306 -0.0000 100.0000
9.9281 90 109 -0.1544 -0.0000 100.0000
9.9294 90 109 -0.1772 -0.0000 100.0000
9.9306 90 109 -0.1800 -0.0000 100.0000
9.9319 90 109 -0.1868 -0.0000 100.0000
9.9332 90 109 -0.1434 -0.0000 100.0000
9.9346 90 109 -0.1420 -0.0000 100.0000
9.9358 90 109 -0.0440 -0.0000 100.0000
9.9371 90 109 0.0266 -0.0000 100.0000
9.9383 90 109 0.0100 -0.0000 100.0000
9.9396 90 109 -0.0533 -0.0000 100.0000
9.9408 90 109 -0.0573 -0.0000 100.0000
9.9420 90 109 -0.0377 -0.0000 100.0000
9.9433 90 109 -0.0118 -0.0000 100.0000
9.9445 90 109 -0.0174 -0.0000 100.0000
9.9457 90 109 0.0097 -0.0000 100.0000
9.9470 90 109 0.1224 -0.0000 100.0000
9.9482 90 109 0.1150 -0.0000 100.0000
9.9495 90 109 0.0578 -0.0000 100.0000
9.9507 90 109 -0.0133 -0.0000 100.0000
9.9520 90 109 0.0371 -0.0000 100.0000
9.9532 90 109 0.0175 -0.0000 100.0000
9.9545 90 109 -0.0430 -0.0000 100.0000
9.9557 90 109 -0.0617 -0.0000 100.0000
9.9570 90 109 -0.1133 -0.0000 100.0000
9.9582 90 109 -0.1404 -0.0000 100.0000
9.9595 90 109 -0.1954 -0.0000 100.0000
9.9607 90 109 -0.1682 -0.0000 100.0000
9.9620 90 109 -0.1040 -0.0000 100.0000
9.9632 90 109 -0.1148 -0.0000 100.0000
9.9644 90 109 -0.1417 -0.0000 100.0000
9.9657 90 109 -0.1952 -0.0000 100.0000
9.9669 90 109 -0.1130 -0.0000 100.0000
9.9681 90 109 -0.1237 -0.0000 100.0000
9.9694 90 109 -0.2087 -0.0000 100.0000
9.9707 90 109 -0.2348 -0.0000 100.0000
9.9719 90 109 -0.1698 -0.0000 100.0000
9.9732 90 109 -0.2438 -0.0000 100.0000
9.9744 90 109 -0.2354 -0.0000 100.0000
9.9757 90 109 -0.3056 -0.0000 100.0000
9.9769 90 109 -0.2944 -0.0000 100.0000
9.9782 90 109 -0.3772 -0.0000 100.0000
9.9794 90 109 -0.4404 -0.0000 100.0000
9.9807 90 109 -0.4881 -0.0000 100.0000
9.9819 90 109 -0.5243 -0.0000 100.0000
9.9832 90 109 -0.5898 -0.0000 100.0000
9.9844 90 109 -0.6644 -0.0000 100.0000
9.9857 90 109 -0.7638 -0.0000 100.0000
9.9869 90 109 -0.7840 -0.0000 100.0000
9.9882 90 109 -0.7836 -0.0000 100.0000
9.9895 90 109 -0.7503 -0.0000 100.0000
9.9907 90 109 -0.7553 -0.0000 100.0000
9.9920 90 109 -0.7609 -0.0000 100.0000
9.9932 90 109 -0.7736 -0.0000 100.0000
9.9945 90 109 -0.7581 -0.0000 100.0000
9.9957 90 109 -0.7565 -0.0000 100.0000
9.9970 90 109 -0.7961 -0.0000 100.0000
9.9982 90 109 -0.8628 -0.0000 100.0000
9.9995 90 109 -0.7901 -0.0000 100.0000
10.0007 89 110 -0.8596 -0.0000 100.0000
10.0019 89 110 -0.8091 -0.0000 100.0000
10.0032 89 110 -0.7779 -0.0000 100.0000
10.0044 89 110 -0.7170 -0.0000 100.0000
10.0056 89 110 -0.6552 -0.0000 100.0000
10.0069 89 110 -0.7056 -0.0000 100.0000
10.0081 89 110 -0.7021 -0.0000 100.0000
10.0094 89 110 -0.6473 -0.0000 100.0000
10.0106 89 110 -0.6109 -0.0000 100.0000
10.0119 89 110 -0.6263 -0.0000 100.0000
10.0131 89 110 -0.5852 -0.0000 100.0000
10.0144 89 110 -0.5713 -0.0000 100.0000
10.0157 89 110 -0.5208 -0.0000 100.0000
10.0169 89 110 -0.5563 -0.0000 100.0000
10.0182 89 110 -0.6220 -0.0000 100.0000
10.0195 89 110 -0.5921 -0.0000 100.0000
10.0208 89 110 -0.5904 -0.0000 100.0000
10.0220 89 110 -0.5848 -0.0000 100.0000
10.0233 89 110 -0.6632 -0.0000 100.0000
10.0245 89 110 -0.6194 -0.0000 100.0000
10.0258 89 110 -0.5733 -0.0000 100.0000
10.0271 89 110 -0.5733 -0.0000 100.0000
10.0283 89 110 -0.5859 -0.0000 100.0000
10.0296 89 110 -0.5404 -0.0000 100.0000
10.0308 89 110 -0.5213 -0.0000 100.0000
10.0321 89 110 -0.5297 -0.0000 100.0000
10.0333 89 110 -0.5436 -0.0000 100.0000
10.0346 89 110 -0.5648 -0.0000 100.0000
10.0358 89 110 -0.4540 -0.0000 100.0000
10.0371 89 110 -0.4236 -0.0000 100.0000
10.0384 89 110 -0.4672 -0.0000 100.0000
10.0396 89 110 -0.5381 -0.0000 100.0000
10.0409 89 110 -0.5478 -0.0000 100.0000
10.0421 89 110 -0.4837 -0.0000 100.0000
10.0434 89 110 -0.4841 -0.0000 100.0000
10.0446 89 110 -0.5153 -0.0000 100.0000
10.0459 89 110 -0.4227 -0.0000 100.0000
10.0471 89 110 -0.3688 -0.0000 100.0000
10.0484 89 110 -0.2903 -0.0000 100.0000
10.0497 89 110 -0.3477 -0.0000 100.0000
10.0509 89 110 -0.2203 -0.0000 100.0000
10.0522 89 110 -0.1854 -0.0000 100.0000
10.0534 89 110 -0.1941 -0.0000 100.0000
10.0547 89 110 -0.1417 -0.0000 100.0000
10.0559 89 110 -0.0912 -0.0000 100.0000
10.0572 89 110 -0.0844 -0.0000 100.0000
10.0584 89 110 -0.1380 -0.0000 100.0000
10.0597 89 110 -0.0453 -0.0000 100.0000
10.0610 89 110 -0.0720 -0.0000 100.0000
10.0622 89 110 -0.1712 -0.0000 100.0000
10.0635 89 110 -0.1807 -0.0000 100.0000
10.0647 89 110 -0.2290 -0.0000 100.0000
10.0660 89 110 -0.2673 -0.0000 100.0000
10.0672 89 110 -0.2748 -0.0000 100.0000
10.0685 89 110 -0.2823 -0.0000 100.0000
10.0697 89 110 -0.1989 -0.0000 100.0000
10.0709 89 110 -0.1916 -0.0000 100.0000
10.0722 89 110 -0.1970 -0.0000 100.0000
10.0734 89 110 -0.2646 -0.0000 100.0000
10.0746 89 110 -0.2096 -0.0000 100.0000
10.0759 89 110 -0.1645 -0.0000 100.0000
10.0771 89 110 -0.1660 -0.0000 100.0000
10.0783 89 110 -0.1342 -0.0000 100.0000
10.0796 89 110 -0.1317 -0.0000 100.0000
10.0808 89 110 -0.1547 -0.0000 100.0000
10.0821 89 110 -0.0586 -0.0000 100.0000
10.0834 89 110 -0.0575 -0.0000 100.0000
10.0846 89 110 -0.0188 -0.0000 100.0000
10.0859 89 110 -0.0222 -0.0000 100.0000
10.0871 89 110 -0.0466 -0.0000 100.0000
10.0884 89 110 0.0264 -0.0000 100.0000
10.0896 89 110 0.0099 -0.0000 100.0000
10.0909 89 110 -0.0437 -0.0000 100.0000
10.0921 89 110 0.0036 -0.0000 100.0000
10.0934 89 110 -0.0318 -0.0000 100.0000
10.0947 89 110 -0.0507 -0.0000 100.0000
10.0959 89 110 0.0643 -0.0000 100.0000
10.0972 89 110 0.1320 -0.0000 100.0000
10.0984 89 110 0.1631 -0.0000 100.0000
10.0997 89 110 0.1357 -0.0000 100.0000
10.1009 89 110 0.0802 -0.0000 100.0000
10.1022 89 110 0.0566 -0.0000 100.0000
10.1034 89 110 -0.0289 -0.0000 100.0000
10.1047 89 110 -0.0122 -0.0000 100.0000
10.1060 89 110 -0.0814 -0.0000 100.0000
10.1072 89 110 -0.1027 -0.0000 100.0000
10.1085 89 110 -0.0706 -0.0000 100.0000
10.1097 89 110 -0.0002 -0.0000 100.0000
10.1110 89 110 -0.0003 -0.0000 100.0000
10.1122 89 110 0.0206 -0.0000 100.0000
10.1135 89 110 0.0603 -0.0000 100.0000
10.1147 89 110 0.0346 -0.0000 100.0000
10.1160 89 110 0.0424 -0.0000 100.0000
10.1173 89 110 0.0030 -0.0000 100.0000
10.1185 89 110 -0.0440 -0.0000 100.0000
10.1198 89 110 -0.0135 -0.0000 100.0000
10.1210 89 110 -0.0368 -0.0000 100.0000
10.1223 89 110 -0.0222 -0.0000 100.0000
10.1235 89 110 -0.0895 -0.0000 100.0000
10.1248 89 110 -0.1136 -0.0000 100.0000
10.1260 89 110 -0.1852 -0.0000 100.0000
10.1273 89 110 -0.1228 -0.0000 100.0000
10.1285 89 110 -0.0825 -0.0000 100.0000
10.1298 89 110 -0.1374 -0.0000 100.0000
10.1311 89 110 -0.1946 -0.0000 100.0000
10.1323 89 110 -0.1856 -0.0000 100.0000
10.1336 89 110 -0.1648 -0.0000 100.0000
10.1348 89 110 -0.0537 -0.0000 100.0000
10.1361 89 110 -0.0468 -0.0000 100.0000
10.1373 89 110 -0.0565 -0.0000 100.0000
10.1386 89 110 0.0001 -0.0000 100.0000
10.1398 89 110 0.0142 -0.0000 100.0000
10.1411 89 110 0.0139 -0.0000 100.0000
10.1424 89 110 0.1626 -0.0000 100.0000
10.1436 89 110 0.1376 -0.0000 100.0000
10.1449 89 110 0.1343 -0.0000 100.0000
10.1461 89 110 0.1513 -0.0000 100.0000
10.1474 89 110 0.1830 -0.0000 100.0000
10.1486 89 110 0.1950 -0.0000 100.0000
10.1499 89 110 0.1986 -0.0000 100.0000
10.1512 89 110 0.3329 -0.0000 100.0000
10.1524 89 110 0.3632 -0.0000 100.0000
10.1537 89 110 0.5287 -0.0000 100.0000
10.1549 89 110 0.6009 -0.0000 100.0000
10.1562 89 110 0.6835 -0.0000 100.0000
10.1575 89 110 0.7240 -0.0000 100.0000
10.1587 89 110 0.6780 -0.0000 100.0000
10.1600 89 110 0.6946 -0.0000 100.0000
10.1612 89 110 0.6200 -0.0000 100.0000
10.1625 89 110 0.6361 -0.0000 100.0000
10.1637 89 110 0.6233 -0.0000 100.0000
10.1650 89 110 0.6835 -0.0000 100.0000
10.1663 89 110 0.6487 -0.0000 100.0000
10.1675 89 110 0.6854 -0.0000 100.0000
10.1688 89 110 0.6753 -0.0000 100.0000
10.1701 89 110 0.7431 -0.0000 100.0000
10.1713 89 110 0.7237 -0.0000 100.0000
10.1726 89 110 0.7648 -0.0000 100.0000
10.1739 89 110 0.6972 -0.0000 100.0000
10.1752 89 110 0.7285 -0.0000 100.0000
10.1764 89 110 0.6857 -0.0000 100.0000
10.1777 89 110 0.7449 -0.0000 100.0000
10.1790 89 110 0.7395 -0.0000 100.0000
10.1802 89 110 0.7051 -0.0000 100.0000
10.1815 89 110 0.7581 -0.0000 100.0000
10.1827 89 110 0.8146 -0.0000 100.0000
10.1840 89 110 0.8266 -0.0000 100.0000
10.1853 89 110 0.8250 -0.0000 100.0000
10.1865 89 110 0.8112 -0.0000 100.0000
10.1878 89 110 0.8440 -0.0000 100.0000
10.1891 89 110 0.8167 -0.0000 100.0000
10.1904 89 110 0.8350 -0.0000 100.0000
10.1917 89 110 0.7345 -0.0000 100.0000
10.1929 89 110 0.6825 -0.0000 100.0000
10.1942 89 110 0.7146 -0.0000 100.0000
10.1955 89 110 0.7905 -0.0000 100.0000
10.1968 89 110 0.7158 -0.0000 100.0000
10.1980 89 110 0.6755 -0.0000 100.0000
10.1993 90 109 0.6634 -0.0000 100.0000
10.2005 90 109 0.6404 -0.0000 100.0000
10.2018 90 109 0.5567 -0.0000 100.0000
10.2031 90 109 0.4588 -0.0000 100.0000
10.2044 90 109 0.4125 -0.0000 100.0000
10.2056 90 109 0.3783 -0.0000 100.0000
10.2069 90 109 0.3451 -0.0000 100.0000
10.2082 90 109 0.3367 -0.0000 100.0000
10.2095 90 109 0.3956 -0.0000 100.0000
10.2107 90 109 0.4989 -0.0000 100.0000
10.2120 90 109 0.5139 -0.0000 100.0000
10.2133 90 109 0.5154 -0.0000 100.0000
10.2146 90 109 0.5207 -0.0000 100.0000
10.2158 90 109 0.4427 -0.0000 100.0000
10.2171 90 109 0.4845 -0.0000 100.0000
10.2183 90 109 0.5199 -0.0000 100.0000
10.2196 90 109 0.5351 -0.0000 100.0000
10.2209 90 109 0.5002 -0.0000 100.0000
10.2221 90 109 0.5911 -0.0000 100.0000
10.2234 90 109 0.5674 -0.0000 100.0000
10.2247 90 109 0.5542 -0.0000 100.0000
10.2260 90 109 0.5852 -0.0000 100.0000
10.2273 90 109 0.5572 -0.0000 100.0000
10.2286 90 109 0.6015 -0.0000 100.0000
10.2299 90 109 0.6419 -0.0000 100.0000
10.2311 90 109 0.5395 -0.0000 100.0000
10.2324 90 109 0.5951 -0.0000 100.0000
10.2336 90 109 0.5920 -0.0000 100.0000
10.2348 90 109 0.5993 -0.0000 100.0000
10.2361 90 109 0.6668 -0.0000 100.0000
10.2373 90 109 0.7604 -0.0000 100.0000
10.2386 90 109 0.7445 -0.0000 100.0000
10.2398 90 109 0.7154 -0.0000 100.0000
10.2411 90 109 0.6946 -0.0000 100.0000
10.2424 90 109 0.7141 -0.0000 100.0000
10.2437 90 109 0.6823 -0.0000 100.0000
10.2450 90 109 0.5469 -0.0000 100.0000
10.2463 90 109 0.4902 -0.0000 100.0000
10.2475 90 109 0.4919 -0.0000 100.0000
10.2488 90 109 0.4738 -0.0000 100.0000
10.2501 90 109 0.4531 -0.0000 100.0000
10.2513 90 109 0.4703 -0.0000 100.0000
10.2526 90 109 0.5220 -0.0000 100.0000
10.2539 90 109 0.4742 -0.0000 100.0000
10.2551 90 109 0.4747 -0.0000 100.0000
10.2564 90 109 0.5365 -0.0000 100.0000
10.2576 90 109 0.5611 -0.0000 100.0000
10.2589 90 109 0.4804 -0.0000 100.0000
10.2602 90 109 0.5385 -0.0000 100.0000
10.2615 90 109 0.4516 -0.0000 100.0000
10.2627 90 109 0.4806 -0.0000 100.0000
10.2640 90 109 0.4320 -0.0000 100.0000
10.2653 90 109 0.2461 -0.0000 100.0000
10.2665 90 109 0.3104 -0.0000 100.0000
10.2678 90 109 0.2232 -0.0000 100.0000
10.2691 90 109 0.2308 -0.0000 100.0000
10.2703 90 109 0.1568 -0.0000 100.0000
10.2716 90 109 0.1171 -0.0000 100.0000
10.2729 90 109 0.1049 -0.0000 100.0000
10.2741 90 109 -0.0309 -0.0000 100.0000
10.2754 90 109 -0.0928 -0.0000 100.0000
10.2767 90 109 -0.1133 -0.0000 100.0000
10.2780 90 109 -0.1145 -0.0000 100.0000
10.2793 90 109 -0.2590 -0.0000 100.0000
10.2806 90 109 -0.1892 -0.0000 100.0000
10.2819 90 109 -0.1545 -0.0000 100.0000
10.2831 90 109 -0.1342 -0.0000 100.0000
10.2844 90 109 -0.1558 -0.0000 100.0000
10.2857 90 109 -0.0853 -0.0000 100.0000
10.2870 90 109 -0.0890 -0.0000 100.0000
10.2883 90 109 -0.1584 -0.0000 100.0000
10.2895 90 109 -0.0937 -0.0000 100.0000
10.2908 90 109 -0.0022 -0.0000 100.0000
10.2921 90 109 0.0794 -0.0000 100.0000
10.2934 90 109 0.1471 -0.0000 100.0000
10.2947 90 109 0.2087 -0.0000 100.0000
10.2959 90 109 0.1999 -0.0000 100.0000
10.2972 90 109 0.1896 -0.0000 100.0000
10.2985 90 109 0.1856 -0.0000 100.0000
10.2997 90 109 0.2091 -0.0000 100.0000
10.3010 90 109 0.1253 -0.0000 100.0000
10.3023 90 109 0.1731 -0.0000 100.0000
10.3036 90 109 0.0365 -0.0000 100.0000
10.3048 90 109 0.0519 -0.0000 100.0000
10.3061 90 109 0.1348 -0.0000 100.0000
10.3074 90 109 0.0742 -0.0000 100.0000
10.3087 90 109 0.0388 -0.0000 100.0000
10.3100 90 109 0.0506 -0.0000 100.0000
10.3112 90 109 0.0686 -0.0000 100.0000
10.3125 90 109 0.0529 -0.0000 100.0000
10.3138 90 109 0.0155 -0.0000 100.0000
10.3150 90 109 0.1355 -0.0000 100.0000
10.3163 90 109 0.1482 -0.0000 100.0000
10.3176 90 109 0.1088 -0.0000 100.0000
10.3189 90 109 0.1270 -0.0000 100.0000
10.3201 90 109 0.1440 -0.0000 100.0000
10.3214 90 109 0.0850 -0.0000 100.0000
10.3226 90 109 0.0246 -0.0000 100.0000
10.3239 90 109 -0.0214 -0.0000 100.0000
10.3252 90 109 -0.0186 -0.0000 100.0000
10.3265 90 109 -0.0340 -0.0000 100.0000
10.3278 90 109 -0.0312 -0.0000 100.0000
10.3291 90 109 -0.0055 -0.0000 100.0000
10.3303 90 109 0.0178 -0.0000 100.0000
10.3316 90 109 0.0266 -0.0000 100.0000
10.3329 90 109 -0.0324 -0.0000 100.0000
10.3342 90 109 -0.1130 -0.0000 100.0000
10.3354 90 109 -0.1487 -0.0000 100.0000
10.3367 90 109 -0.2098 -0.0000 100.0000
10.3380 90 109 -0.1765 -0.0000 100.0000
10.3392 90 109 -0.1909 -0.0000 100.0000
10.3405 90 109 -0.2603 -0.0000 100.0000
10.3418 90 109 -0.3556 -0.0000 100.0000
10.3430 90 109 -0.2457 -0.0000 100.0000
10.3443 90 109 -0.2169 -0.0000 100.0000
10.3456 90 109 -0.2107 -0.0000 100.0000
10.3469 90 109 -0.2725 -0.0000 100.0000
10.3482 90 109 -0.3321 -0.0000 100.0000
10.3495 90 109 -0.2565 -0.0000 100.0000
10.3508 90 109 -0.2533 -0.0000 100.0000
10.3521 90 109 -0.2319 -0.0000 100.0000
10.3534 90 109 -0.2054 -0.0000 100.0000
10.3546 90 109 -0.1888 -0.0000 100.0000
10.3559 90 109 -0.1381 -0.0000 100.0000
10.3572 90 109 -0.0716 -0.0000 100.0000
10.3584 90 109 -0.1052 -0.0000 100.0000
10.3597 90 109 -0.0673 -0.0000 100.0000
10.3610 90 109 -0.1361 -0.0000 100.0000
10.3622 90 109 -0.1962 -0.0000 100.0000
10.3634 90 109 -0.1829 -0.0000 100.0000
10.3647 90 109 -0.2288 -0.0000 100.0000
10.3659 90 109 -0.2730 -0.0000 100.0000
10.3672 90 109 -0.2221 -0.0000 100.0000
10.3685 90 109 -0.2334 -0.0000 100.0000
10.3698 90 109 -0.1622 -0.0000 100.0000
10.3710 90 109 -0.0784 -0.0000 100.0000
10.3723 90 109 -0.0395 -0.0000 100.0000
10.3736 90 109 -0.0430 -0.0000 100.0000
10.3749 90 109 0.0537 -0.0000 100.0000
10.3762 90 109 0.0823 -0.0000 100.0000
10.3774 90 109 0.1185 -0.0000 100.0000
10.3787 90 109 0.1567 -0.0000 100.0000
10.3800 90 109 0.1666 -0.0000 100.0000
10.3813 90 109 0.3179 -0.0000 100.0000
10.3825 90 109 0.2867 -0.0000 100.0000
10.3838 90 109 0.2796 -0.0000 100.0000
10.3851 90 109 0.1321 -0.0000 100.0000
10.3864 90 109 0.0548 -0.0000 100.0000
10.3877 90 109 0.0773 -0.0000 100.0000
10.3890 90 109 0.0790 -0.0000 100.0000
10.3902 90 109 -0.0024 -0.0000 100.0000
10.3915 90 109 0.0274 -0.0000 100.0000
10.3928 90 109 0.0314 -0.0000 100.0000
10.3941 90 109 0.0307 -0.0000 100.0000
10.3954 90 109 -0.0400 -0.0000 100.0000
10.3967 90 109 0.0088 -0.0000 100.0000
10.3980 90 109 -0.0396 -0.0000 100.0000
10.3992 90 109 -0.0819 -0.0000 100.0000
10.4005 90 109 -0.0059 -0.0000 100.0000
10.4018 90 109 -0.0372 -0.0000 100.0000
10.4031 90 109 -0.2010 -0.0000 100.0000
10.4044 90 109 -0.1209 -0.0000 100.0000
10.4057 90 109 -0.2554 -0.0000 100.0000
10.4070 90 109 -0.2391 -0.0000 100.0000
10.4082 90 109 -0.2703 -0.0000 100.0000
10.4095 90 109 -0.1797 -0.0000 100.0000
10.4109 90 109 -0.1843 -0.0000 100.0000
10.4122 90 109 -0.2202 -0.0000 100.0000
10.4134 90 109 -0.2987 -0.0000 100.0000
10.4147 90 109 -0.2856 -0.0000 100.0000
10.4160 90 109 -0.3386 -0.0000 100.0000
10.4172 90 109 -0.3480 -0.0000 100.0000
10.4185 90 109 -0.3031 -0.0000 100.0000
10.4198 90 109 -0.2513 -0.0000 100.0000
10.4210 90 109 -0.2789 -0.0000 100.0000
10.4223 90 109 -0.3734 -0.0000 100.0000
10.4236 90 109 -0.3111 -0.0000 100.0000
10.4249 90 109 -0.3035 -0.0000 100.0000
10.4262 90 109 -0.2930 -0.0000 100.0000
10.4275 90 109 -0.2896 -0.0000 100.0000
10.4287 90 109 -0.3664 -0.0000 100.0000
10.4300 90 109 -0.4373 -0.0000 100.0000
10.4313 90 109 -0.3722 -0.0000 100.0000
10.4326 90 109 -0.3589 -0.0000 100.0000
10.4338 90 109 -0.3375 -0.0000 100.0000
10.4351 90 109 -0.2933 -0.0000 100.0000
10.4364 90 109 -0.3511 -0.0000 100.0000
10.4376 90 109 -0.3506 -0.0000 100.0000
10.4389 90 109 -0.3907 -0.0000 100.0000
10.4401 90 109 -0.4421 -0.0000 100.0000
10.4414 90 109 -0.4572 -0.0000 100.0000
10.4426 90 109 -0.5160 -0.0000 100.0000
10.4439 90 109 -0.3885 -0.0000 100.0000
10.4451 90 109 -0.4056 -0.0000 100.0000
10.4464 90 109 -0.4274 -0.0000 100.0000
10.4476 90 109 -0.3927 -0.0000 100.0000
10.4488 90 109 -0.4238 -0.0000 100.0000
10.4501 90 109 -0.4046 -0.0000 100.0000
10.4513 90 109 -0.3602 -0.0000 100.0000
10.4526 90 109 -0.4084 -0.0000 100.0000
10.4539 90 109 -0.4083 -0.0000 100.0000
10.4551 90 109 -0.4925 -0.0000 100.0000
10.4564 90 109 -0.5387 -0.0000 100.0000
10.4576 90 109 -0.5021 -0.0000 100.0000
10.4589 90 109 -0.4971 -0.0000 100.0000
10.4602 90 109 -0.5269 -0.0000 100.0000
10.4614 90 109 -0.5589 -0.0000 100.0000
10.4627 90 109 -0.4546 -0.0000 100.0000
10.4640 90 109 -0.4436 -0.0000 100.0000
10.4652 90 109 -0.4585 -0.0000 100.0000
10.4665 90 109 -0.4791 -0.0000 100.0000
10.4677 90 109 -0.4472 -0.0000 100.0000
10.4690 90 109 -0.4204 -0.0000 100.0000
10.4703 90 109 -0.4222 -0.0000 100.0000
10.4716 90 109 -0.4274 -0.0000 100.0000
10.4729 90 109 -0.3380 -0.0000 100.0000
10.4742 90 109 -0.2584 -0.0000 100.0000
10.4755 90 109 -0.2130 -0.0000 100.0000
10.4767 90 109 -0.1104 -0.0000 100.0000
10.4780 90 109 -0.1006 -0.0000 100.0000
10.4793 90 109 0.0461 -0.0000 100.0000
10.4806 90 109 0.0087 -0.0000 100.0000
10.4819 90 109 -0.0663 -0.0000 100.0000
10.4832 90 109 0.0077 -0.0000 100.0000
10.4845 90 109 -0.0072 -0.0000 100.0000
10.4857 90 109 0.0621 -0.0000 100.0000
10.4870 90 109 -0.0205 -0.0000 100.0000
10.4883 90 109 -0.1636 -0.0000 100.0000
10.4895 90 109 -0.1844 -0.0000 100.0000
10.4908 90 109 -0.2915 -0.0000 100.0000
10.4921 90 109 -0.3564 -0.0000 100.0000
10.4934 90 109 -0.4110 -0.0000 100.0000
10.4947 90 109 -0.4638 -0.0000 100.0000
10.4960 90 109 -0.5031 -0.0000 100.0000
10.4973 90 109 -0.5439 -0.0000 100.0000
10.4985 90 109 -0.5168 -0.0000 100.0000
10.4998 90 109 -0.5765 -0.0000 100.0000
10.5010 89 110 -0.6348 -0.0000 100.0000
10.5023 89 110 -0.5589 -0.0000 100.0000
10.5035 89 110 -0.5759 -0.0000 100.0000
10.5048 89 110 -0.4818 -0.0000 100.0000
10.5060 89 110 -0.5360 -0.0000 100.0000
10.5073 89 110 -0.5901 -0.0000 100.0000
10.5085 89 110 -0.5759 -0.0000 100.0000
10.5098 89 110 -0.5450 -0.0000 100.0000
10.5111 89 110 -0.5486 -0.0000 100.0000
10.5124 89 110 -0.5346 -0.0000 100.0000
10.5136 89 110 -0.5642 -0.0000 100.0000
10.5150 89 110 -0.5062 -0.0000 100.0000
10.5162 89 110 -0.4544 -0.0000 100.0000
10.5175 89 110 -0.4444 -0.0000 100.0000
10.5188 89 110 -0.4440 -0.0000 100.0000
10.5201 89 110 -0.4850 -0.0000 100.0000
10.5213 89 110 -0.4705 -0.0000 100.0000
10.5226 89 110 -0.4882 -0.0000 100.0000
10.5239 89 110 -0.5462 -0.0000 100.0000
10.5251 89 110 -0.5609 -0.0000 100.0000
10.5264 89 110 -0.5895 -0.0000 100.0000
10.5277 89 110 -0.6574 -0.0000 100.0000
10.5289 89 110 -0.6374 -0.0000 100.0000
10.5302 89 110 -0.6500 -0.0000 100.0000
10.5315 89 110 -0.6792 -0.0000 100.0000
10.5328 89 110 -0.5811 -0.0000 100.0000
10.5340 89 110 -0.5463 -0.0000 100.0000
10.5353 89 110 -0.4675 -0.0000 100.0000
10.5366 89 110 -0.4742 -0.0000 100.0000
10.5379 89 110 -0.4895 -0.0000 100.0000
10.5392 89 110 -0.5359 -0.0000 100.0000
10.5405 89 110 -0.5262 -0.0000 100.0000
10.5417 89 110 -0.4960 -0.0000 100.0000
10.5430 89 110 -0.5185 -0.0000 100.0000
10.5443 89 110 -0.4730 -0.0000 100.0000
10.5455 89 110 -0.4868 -0.0000 100.0000
10.5468 89 110 -0.5266 -0.0000 100.0000
10.5481 89 110 -0.5072 -0.0000 100.0000
10.5494 89 110 -0.4888 -0.0000 100.0000
10.5506 89 110 -0.4238 -0.0000 100.0000
10.5519 89 110 -0.4358 -0.0000 100.0000
10.5532 89 110 -0.3813 -0.0000 100.0000
10.5544 89 110 -0.3696 -0.0000 100.0000
10.5557 89 110 -0.2734 -0.0000 100.0000
10.5570 89 110 -0.2460 -0.0000 100.0000
10.5583 89 110 -0.1754 -0.0000 100.0000
10.5595 89 110 -0.0189 -0.0000 100.0000
10.5608 89 110 -0.0525 -0.0000 100.0000
10.5621 89 110 -0.0972 -0.0000 100.0000
10.5634 89 110 -0.0956 -0.0000 100.0000
10.5647 89 110 -0.0133 -0.0000 100.0000
10.5659 89 110 -0.0241 -0.0000 100.0000
10.5672 89 110 -0.0309 -0.0000 100.0000
10.5685 89 110 0.0090 -0.0000 100.0000
10.5698 89 110 -0.0392 -0.0000 100.0000
10.5711 89 110 -0.0266 -0.0000 100.0000
10.5723 89 110 -0.0879 -0.0000 100.0000
10.5736 89 110 -0.0807 -0.0000 100.0000
10.5749 89 110 -0.2010 -0.0000 100.0000
10.5762 89 110 -0.1506 -0.0000 100.0000
10.5774 89 110 -0.2304 -0.0000 100.0000
10.5787 89 110 -0.1980 -0.0000 100.0000
10.5800 89 110 -0.1462 -0.0000 100.0000
10.5813 89 110 -0.1232 -0.0000 100.0000
10.5826 89 110 -0.0807 -0.0000 100.0000
10.5838 89 110 -0.1469 -0.0000 100.0000
10.5851 89 110 -0.1133 -0.0000 100.0000
10.5864 89 110 -0.1041 -0.0000 100.0000
10.5877 89 110 -0.0943 -0.0000 100.0000
10.5889 89 110 -0.0636 -0.0000 100.0000
10.5902 89 110 -0.1204 -0.0000 100.0000
10.5915 89 110 -0.0539 -0.0000 100.0000
10.5928 89 110 -0.1051 -0.0000 100.0000
10.5940 89 110 -0.0439 -0.0000 100.0000
10.5953 89 110 -0.0315 -0.0000 100.0000
10.5965 89 110 -0.0066 -0.0000 100.0000
10.5978 89 110 0.0027 -0.0000 100.0000
10.5991 89 110 -0.0392 -0.0000 100.0000
10.6003 89 110 -0.0059 -0.0000 100.0000
10.6016 89 110 0.0521 -0.0000 100.0000
10.6029 89 110 0.1137 -0.0000 100.0000
10.6042 89 110 0.2610 -0.0000 100.0000
10.6055 89 110 0.2762 -0.0000 100.0000
10.6067 89 110 0.2630 -0.0000 100.0000
10.6080 89 110 0.2491 -0.0000 100.0000
10.6093 89 110 0.1536 -0.0000 100.0000
10.6105 89 110 0.1820 -0.0000 100.0000
10.6119 89 110 0.1856 -0.0000 100.0000
10.6131 89 110 0.1430 -0.0000 100.0000
10.6144 89 110 0.1723 -0.0000 100.0000
10.6157 89 110 0.1366 -0.0000 100.0000
10.6170 89 110 0.0502 -0.0000 100.0000
10.6182 89 110 0.0695 -0.0000 100.0000
10.6195 89 110 0.0400 -0.0000 100.0000
10.6208 89 110 0.0504 -0.0000 100.0000
10.6220 89 110 0.0161 -0.0000 100.0000
10.6233 89 110 0.0350 -0.0000 100.0000
10.6245 89 110 0.0652 -0.0000 100.0000
10.6258 89 110 0.0960 -0.0000 100.0000
10.6270 89 110 0.0636 -0.0000 100.0000
10.6282 89 110 0.1013 -0.0000 100.0000
10.6295 89 110 0.1125 -0.0000 100.0000
10.6308 89 110 0.0414 -0.0000 100.0000
10.6321 89 110 0.0604 -0.0000 100.0000
10.6334 89 110 -0.0050 -0.0000 100.0000
10.6347 89 110 0.0515 -0.0000 100.0000
10.6360 89 110 0.0982 -0.0000 100.0000
10.6374 89 110 0.0297 -0.0000 100.0000
10.6387 89 110 0.0322 -0.0000 100.0000
10.6400 89 110 0.0615 -0.0000 100.0000
10.6413 89 110 -0.0229 -0.0000 100.0000
10.6426 89 110 -0.0453 -0.0000 100.0000
10.6439 89 110 -0.0174 -0.0000 100.0000
10.6451 89 110 0.0047 -0.0000 100.0000
10.6464 89 110 -0.0380 -0.0000 100.0000
10.6477 89 110 0.0307 -0.0000 100.0000
10.6490 89 110 0.1097 -0.0000 100.0000
10.6503 89 110 0.1635 -0.0000 100.0000
10.6516 89 110 0.1707 -0.0000 100.0000
10.6529 89 110 0.0472 -0.0000 100.0000
10.6541 89 110 0.0576 -0.0000 100.0000
10.6554 89 110 0.0369 -0.0000 100.0000
10.6567 89 110 0.0850 -0.0000 100.0000
10.6580 89 110 0.1361 -0.0000 100.0000
10.6593 89 110 0.1505 -0.0000 100.0000
10.6606 89 110 0.2173 -0.0000 100.0000
10.6619 89 110 0.2603 -0.0000 100.0000
10.6632 89 110 0.1870 -0.0000 100.0000
10.6644 89 110 0.2422 -0.0000 100.0000
10.6657 89 110 0.2036 -0.0000 100.0000
10.6670 89 110 0.1718 -0.0000 100.0000
10.6683 89 110 0.1339 -0.0000 100.0000
10.6696 89 110 0.1687 -0.0000 100.0000
10.6709 89 110 0.1489 -0.0000 100.0000
10.6721 89 110 0.0829 -0.0000 100.0000
10.6734 89 110 0.1494 -0.0000 100.0000
10.6746 89 110 0.1639 -0.0000 100.0000
10.6759 89 110 0.1744 -0.0000 100.0000
10.6772 89 110 0.2065 -0.0000 100.0000
10.6784 89 110 0.2051 -0.0000 100.0000
10.6797 89 110 0.1119 -0.0000 100.0000
10.6810 89 110 0.1764 -0.0000 100.0000
10.6823 89 110 0.1408 -0.0000 100.0000
10.6835 89 110 0.1932 -0.0000 100.0000
10.6848 89 110 0.0972 -0.0000 100.0000
10.6861 89 110 0.0954 -0.0000 100.0000
10.6874 89 110 0.0884 -0.0000 100.0000
10.6887 89 110 0.0301 -0.0000 100.0000
10.6899 89 110 0.0812 -0.0000 100.0000
10.6912 89 110 -0.0004 -0.0000 100.0000
10.6925 89 110 0.0972 -0.0000 100.0000
10.6937 89 110 0.1716 -0.0000 100.0000
10.6950 89 110 0.1480 -0.0000 100.0000
10.6963 89 110 0.0391 -0.0000 100.0000
10.6975 89 110 -0.0020 -0.0000 100.0000
10.6988 89 110 0.0690 -0.0000 100.0000
10.7001 89 110 0.1221 -0.0000 100.0000
10.7014 89 110 0.0440 -0.0000 100.0000
10.7027 89 110 0.0041 -0.0000 100.0000
10.7039 89 110 -0.0790 -0.0000 100.0000
10.7052 89 110 -0.1466 -0.0000 100.0000
10.7065 89 110 -0.0919 -0.0000 100.0000
10.7078 89 110 -0.1566 -0.0000 100.0000
10.7090 89 110 -0.1879 -0.0000 100.0000
10.7103 89 110 -0.1095 -0.0000 100.0000
10.7116 89 110 -0.1687 -0.0000 100.0000
10.7129 89 110 -0.2130 -0.0000 100.0000
10.7142 89 110 -0.1632 -0.0000 100.0000
10.7155 89 110 -0.1678 -0.0000 100.0000
10.7167 89 110 -0.2432 -0.0000 100.0000
10.7181 89 110 -0.2512 -0.0000 100.0000
10.7193 89 110 -0.3786 -0.0000 100.0000
10.7206 89 110 -0.3007 -0.0000 100.0000
10.7219 89 110 -0.3173 -0.0000 100.0000
10.7232 89 110 -0.3088 -0.0000 100.0000
10.7245 89 110 -0.2813 -0.0000 100.0000
10.7257 89 110 -0.2280 -0.0000 100.0000
10.7270 89 110 -0.2785 -0.0000 100.0000
10.7283 89 110 -0.2893 -0.0000 100.0000
10.7296 89 110 -0.2984 -0.0000 100.0000
10.7308 89 110 -0.3397 -0.0000 100.0000
10.7321 89 110 -0.3033 -0.0000 100.0000
10.7334 89 110 -0.2710 -0.0000 100.0000
10.7347 89 110 -0.2774 -0.0000 100.0000
10.7359 89 110 -0.2727 -0.0000 100.0000
10.7372 89 110 -0.3742 -0.0000 100.0000
10.7385 89 110 -0.4346 -0.0000 100.0000
10.7397 89 110 -0.4625 -0.0000 100.0000
10.7410 89 110 -0.4437 -0.0000 100.0000
10.7423 89 110 -0.4386 -0.0000 100.0000
10.7435 89 110 -0.4622 -0.0000 100.0000
10.7448 89 110 -0.4056 -0.0000 100.0000
10.7460 89 110 -0.3299 -0.0000 100.0000
10.7473 89 110 -0.3258 -0.0000 100.0000
10.7485 89 110 -0.3293 -0.0000 100.0000
10.7498 89 110 -0.3625 -0.0000 100.0000
10.7510 89 110 -0.3053 -0.0000 100.0000
10.7522 89 110 -0.2983 -0.0000 100.0000
10.7535 89 110 -0.2055 -0.0000 100.0000
10.7547 89 110 -0.1983 -0.0000 100.0000
10.7559 89 110 -0.2659 -0.0000 100.0000
10.7572 89 110 -0.2930 -0.0000 100.0000
10.7584 89 110 -0.3783 -0.0000 100.0000
10.7597 89 110 -0.3225 -0.0000 100.0000
10.7610 89 110 -0.2855 -0.0000 100.0000
10.7622 89 110 -0.3171 -0.0000 100.0000
10.7635 89 110 -0.4178 -0.0000 100.0000
10.7648 89 110 -0.4033 -0.0000 100.0000
10.7660 89 110 -0.5258 -0.0000 100.0000
10.7673 89 110 -0.4573 -0.0000 100.0000
10.7686 89 110 -0.3030 21.8750 100.0000
10.7699 89 110 -0.3294 21.8750 100.0000
10.7711 89 110 -0.3198 21.8750 100.0000
10.7724 88 111 -0.3208 21.8750 100.0000
10.7737 88 111 -0.2898 21.8750 100.0000
10.7750 88 111 -0.3594 21.8750 100.0000
10.7763 88 111 -0.4180 21.8750 100.0000
10.7776 87 112 -0.4804 21.8750 100.0000
10.7789 87 112 -0.4139 21.8750 100.0000
10.7802 87 112 -0.4138 21.8750 100.0000
10.7815 87 112 -0.3455 21.8750 100.0000
10.7828 87 112 -0.4103 21.8750 100.0000
10.7840 86 113 -0.3901 21.8750 100.0000
10.7853 86 113 -0.2352 21.8750 100.0000
10.7866 86 113 -0.1729 21.8750 100.0000
10.7879 86 113 -0.1564 21.8750 100.0000
10.7891 85 114 -0.0866 21.8750 100.0000
10.7904 85 114 -0.1437 21.8750 100.0000
10.7917 85 114 -0.0695 21.8750 100.0000
10.7929 85 114 -0.0696 21.8750 100.0000
10.7942 85 114 0.0273 21.8750 100.0000
10.7955 84 115 0.0707 21.8750 100.0000
10.7967 84 115 0.0181 21.8750 100.0000
10.7980 84 115 0.1498 21.8750 100.0000
10.7993 84 115 0.2467 21.8750 100.0000
10.8006 83 116 0.3104 21.8750 100.0000
10.8019 83 116 0.4259 21.8750 100.0000
10.8032 83 116 0.4808 21.8750 100.0000
10.8045 83 116 0.5991 21.8750 100.0000
10.8058 83 116 0.5133 21.8750 100.0000
10.8071 82 117 0.4228 21.8750 100.0000
10.8083 82 117 0.4610 21.8750 100.0000
10.8096 82 117 0.4885 21.8750 100.0000
10.8109 82 117 0.6063 21.8750 100.0000
10.8122 82 117 0.6224 21.8750 100.0000
10.8134 81 118 0.5947 21.8750 100.0000
10.8147 81 118 0.6594 21.8750 100.0000
10.8159 81 118 0.6353 21.8750 100.0000
10.8172 81 118 0.6327 21.8750 100.0000
10.8185 80 119 0.5746 21.8750 100.0000
10.8198 80 119 0.5310 21.8750 100.0000
10.8211 80 119 0.4747 21.8750 100.0000
10.8224 80 119 0.4763 21.8750 100.0000
10.8237 79 120 0.5056 50.7812 100.0000
10.8250 79 120 0.4695 50.7812 100.0000
10.8263 78 121 0.5194 50.7812 100.0000
10.8276 78 121 0.4435 50.7812 100.0000
10.8289 77 122 0.4263 50.7812 100.0000
10.8302 77 122 0.4303 50.7812 100.0000
10.8315 76 123 0.4790 50.7812 100.0000
10.8328 76 123 0.4923 50.7812 100.0000
10.8341 75 124 0.5798 50.7812 100.0000
10.8354 75 124 0.6238 50.7812 100.0000
10.8367 74 125 0.5985 50.7812 100.0000
10.8379 74 125 0.7445 50.7812 100.0000
10.8392 73 126 0.6905 50.7812 100.0000
10.8405 73 126 0.6769 50.7812 100.0000
10.8418 72 127 0.6719 50.7812 100.0000
10.8431 72 127 0.6433 50.7812 100.0000
10.8443 71 128 0.6406 50.7812 100.0000
10.8457 71 128 0.6856 50.7812 100.0000
10.8469 70 129 0.6571 50.7812 100.0000
10.8482 70 129 0.6902 50.7812 100.0000
10.8495 69 130 0.6979 50.7812 100.0000
10.8508 69 130 0.6659 50.7812 100.0000
10.8521 68 131 0.6217 50.7812 100.0000
10.8533 68 131 0.5856 50.7812 100.0000
10.8546 67 132 0.5483 50.7812 100.0000
10.8559 67 132 0.6016 50.7812 100.0000
10.8571 66 133 0.5887 50.7812 100.0000
10.8584 66 133 0.5640 50.7812 100.0000
10.8597 65 134 0.5795 50.7812 100.0000
10.8610 65 134 0.5489 50.7812 100.0000
10.8623 64 135 0.4674 50.7812 100.0000
10.8635 64 135 0.5158 50.7812 100.0000
10.8648 63 136 0.4759 50.7812 100.0000
10.8661 63 136 0.4467 50.7812 100.0000
10.8674 62 137 0.4625 50.7812 100.0000
10.8686 62 137 0.5490 50.7812 100.0000
10.8699 61 138 0.5814 50.7812 100.0000
10.8711 61 138 0.5807 50.7812 100.0000
10.8724 60 139 0.5497 50.7812 100.0000
10.8737 60 139 0.5142 50.7812 100.0000
10.8750 59 140 0.5752 50.7812 100.0000
10.8763 59 140 0.5287 50.7812 100.0000
10.8775 58 141 0.4590 50.7812 100.0000
10.8788 58 141 0.4869 50.7812 100.0000
10.8801 57 142 0.5469 50.7812 100.0000
10.8813 57 142 0.4850 50.7812 100.0000
10.8826 56 143 0.5716 50.7812 100.0000
10.8839 56 143 0.5534 50.7812 100.0000
10.8851 55 144 0.5585 50.7812 100.0000
10.8864 55 144 0.5306 50.7812 100.0000
10.8877 54 145 0.5836 50.7812 100.0000
10.8889 54 145 0.4835 50.7812 100.0000
10.8902 53 146 0.4262 50.7812 100.0000
10.8915 53 146 0.3454 50.7812 100.0000
10.8928 52 147 0.4707 50.7812 100.0000
10.8941 52 147 0.4058 50.7812 100.0000
10.8954 51 148 0.4456 50.7812 100.0000
10.8967 51 148 0.4127 50.7812 100.0000
10.8980 50 149 0.4626 50.7812 100.0000
10.8992 50 149 0.4301 50.7812 100.0000
10.9005 49 150 0.4650 50.7812 100.0000
10.9018 49 150 0.4450 50.7812 100.0000
10.9031 48 151 0.5091 50.7812 100.0000
10.9044 48 151 0.6185 50.7812 100.0000
10.9057 47 152 0.5743 50.7812 100.0000
10.9070 47 152 0.6142 50.7812 100.0000
10.9083 46 153 0.6187 50.7812 100.0000
10.9096 46 153 0.6453 50.7812 100.0000
10.9108 45 154 0.6410 50.7812 100.0000
10.9121 45 154 0.6628 50.7812 100.0000
10.9134 44 155 0.7095 50.7812 100.0000
10.9146 44 155 0.7455 50.7812 100.0000
10.9159 43 156 0.7356 50.7812 100.0000
10.9172 43 156 0.8687 50.7812 100.0000
10.9185 42 157 0.8689 50.7812 100.0000
10.9198 42 157 0.8356 50.7812 100.0000
10.9210 41 158 0.7219 50.7812 100.0000
10.9223 41 158 0.6577 50.7812 100.0000
10.9236 40 159 0.6161 50.7812 100.0000
10.9248 40 159 0.6011 50.7812 100.0000
10.9261 39 160 0.6080 50.7812 100.0000
10.9274 39 160 0.6163 50.7812 100.0000
10.9286 38 161 0.6510 50.7812 100.0000
10.9299 38 161 0.7760 50.7812 100.0000
10.9312 37 162 0.6648 50.7812 100.0000
10.9325 37 162 0.8036 50.7812 100.0000
10.9337 36 163 0.8118 50.7812 100.0000
10.9350 36 163 0.7851 50.7812 100.0000
10.9363 35 164 0.7352 50.7812 100.0000
10.9375 35 164 0.7002 50.7812 100.0000
10.9388 34 165 0.6839 50.7812 100.0000
10.9401 34 165 0.6457 50.7812 100.0000
10.9413 33 166 0.5297 50.7812 100.0000
10.9426 33 166 0.4709 50.7812 100.0000
10.9439 32 167 0.4957 50.7812 100.0000
10.9452 32 167 0.4770 50.7812 100.0000
10.9464 31 168 0.3718 50.7812 100.0000
10.9477 31 168 0.3869 50.7812 100.0000
10.9489 30 169 0.3656 50.7812 100.0000
10.9502 30 169 0.3214 50.7812 100.0000
10.9515 29 170 0.1868 50.7812 100.0000
10.9527 29 170 0.1686 50.7812 100.0000
10.9540 28 171 0.1492 50.7812 100.0000
10.9552 28 171 0.1845 50.7812 100.0000
10.9565 27 172 0.1802 50.7812 100.0000
10.9578 27 172 0.2100 50.7812 100.0000
10.9590 26 173 0.1835 50.7812 100.0000
10.9603 26 173 0.0793 50.7812 100.0000
10.9615 25 174 -0.0158 50.7812 100.0000
10.9628 25 174 0.0622 50.7812 100.0000
10.9640 24 175 0.0597 50.7812 100.0000
10.9653 24 175 0.0226 50.7812 100.0000
10.9666 23 176 0.0103 50.7812 100.0000
10.9678 23 176 -0.0153 50.7812 100.0000
10.9691 22 177 -0.0560 50.7812 100.0000
10.9703 21 178 0.0366 50.7812 100.0000
10.9715 21 178 0.0194 50.7812 100.0000
10.9728 20 179 -0.0713 50.7812 100.0000
10.9740 20 179 -0.0752 50.7812 100.0000
10.9753 19 180 -0.1743 50.7812 100.0000
10.9765 19 180 -0.2553 50.7812 100.0000
10.9777 18 181 -0.2513 50.7812 100.0000
10.9790 18 181 -0.2613 50.7812 100.0000
10.9802 17 182 -0.2621 50.7812 100.0000
10.9815 17 182 -0.3053 50.7812 100.0000
10.9827 16 183 -0.2598 50.7812 100.0000
10.9840 16 183 -0.2116 50.7812 100.0000
10.9852 15 184 -0.1423 50.7812 100.0000
10.9865 15 184 -0.1693 50.7812 100.0000
10.9878 14 185 -0.1108 50.7812 100.0000
10.9890 14 185 -0.0528 50.7812 100.0000
10.9903 13 186 -0.0574 50.7812 100.0000
10.9915 13 186 -0.0962 50.7812 100.0000
10.9928 12 187 -0.1073 50.7812 100.0000
10.9940 12 187 -0.0356 50.7812 100.0000
10.9953 11 188 -0.0415 50.7812 100.0000
10.9966 11 188 -0.0195 50.7812 100.0000
10.9978 10 189 -0.0490 50.7812 100.0000
10.9991 10 189 -0.1034 50.7812 100.0000
11.0003 9 190 -0.0855 50.7812 100.0000
11.0015 9 190 -0.0673 50.7812 100.0000
11.0028 8 191 -0.0744 50.7812 100.0000
11.0040 8 191 -0.0881 50.7812 100.0000
11.0052 7 192 -0.1513 50.7812 100.0000
11.0065 7 192 -0.2665 50.7812 100.0000
11.0077 6 193 -0.3319 50.7812 100.0000
11.0090 6 193 -0.3335 50.7812 100.0000
11.0102 5 194 -0.3581 50.7812 100.0000
11.0115 5 194 -0.3831 50.7812 100.0000
11.0127 4 195 -0.4588 50.7812 100.0000
11.0140 4 195 -0.4021 50.7812 100.0000
11.0152 3 196 -0.3669 50.7812 100.0000
11.0165 3 196 -0.4142 50.7812 100.0000
11.0177 2 197 -0.4006 50.7812 100.0000
11.0190 2 197 -0.4098 50.7812 100.0000
11.0202 1 198 -0.4427 50.7812 100.0000
11.0215 1 198 -0.4584 50.7812 100.0000
11.0228 0 199 -0.3489 50.7812 100.0000
11.0240 0 199 -0.3792 50.7812 100.0000
11.0253 0 200 -0.4206 50.7812 100.0000
11.0265 0 200 -0.3745 50.7812 100.0000
11.0278 0 200 -0.3303 50.7812 100.0000
11.0291 0 200 -0.3626 50.7812 100.0000
11.0303 0 200 -0.3155 50.7812 100.0000
11.0316 0 200 -0.4335 50.7812 100.0000
11.0328 0 200 -0.4480 50.7812 100.0000
11.0341 0 200 -0.4389 50.7812 100.0000
11.0354 0 200 -0.4926 50.7812 100.0000
11.0366 0 200 -0.4902 50.7812 100.0000
11.0379 0 200 -0.4879 50.7812 100.0000
11.0391 0 200 -0.5303 50.7812 100.0000
11.0404 0 200 -0.5795 50.7812 100.0000
11.0416 0 200 -0.6636 50.7812 100.0000
11.0429 0 200 -0.6153 50.7812 100.0000
11.0441 0 200 -0.5620 50.7812 100.0000
11.0454 0 200 -0.5346 50.7812 100.0000
11.0467 0 200 -0.3927 50.7812 100.0000
11.0479 0 200 -0.3002 50.7812 100.0000
11.0492 0 200 -0.2347 50.7812 100.0000
11.0504 0 200 -0.1094 50.7812 100.0000
11.0517 0 200 -0.0627 50.7812 100.0000
11.0529 0 200 0.0396 50.7812 100.0000
11.0542 0 200 0.0389 50.7812 100.0000
11.0555 0 200 0.0037 50.7812 100.0000
11.0567 0 200 -0.0999 50.7812 100.0000
11.0580 0 200 -0.1483 50.7812 100.0000
11.0592 0 200 -0.0894 50.7812 100.0000
11.0605 0 200 -0.0037 50.7812 100.0000
11.0618 0 200 -0.0055 50.7812 100.0000
11.0630 0 200 0.0824 50.7812 100.0000
11.0643 0 200 0.1197 50.7812 100.0000
11.0655 0 200 0.0687 50.7812 100.0000
11.0668 0 200 0.0617 50.7812 100.0000
11.0681 0 200 0.0857 50.7812 100.0000
11.0693 0 200 0.0693 50.7812 100.0000
11.0706 0 200 0.0038 50.7812 100.0000
11.0719 0 200 -0.0691 50.7812 100.0000
11.0731 0 200 -0.0051 -0.0000 100.0000
11.0744 0 200 -0.0148 -0.0000 100.0000
11.0756 0 200 -0.0228 -0.0000 100.0000
11.0769 0 200 -0.1646 -0.0000 100.0000
11.0782 0 200 -0.2130 -0.0000 100.0000
11.0794 0 200 -0.3002 -0.0000 100.0000
11.0807 0 200 -0.3082 -0.0000 100.0000
11.0819 0 200 -0.3159 -0.0000 100.0000
11.0832 0 200 -0.2169 -0.0000 100.0000
11.0844 0 200 -0.1686 -0.0000 100.0000
11.0857 0 200 -0.1797 -0.0000 100.0000
11.0869 0 200 -0.2219 -0.0000 100.0000
11.0882 0 200 -0.2221 -0.0000 100.0000
11.0894 0 200 -0.2457 -0.0000 100.0000
11.0907 0 200 -0.2645 -0.0000 100.0000
11.0920 0 200 -0.2244 -0.0000 100.0000
11.0932 0 200 -0.2782 -0.0000 100.0000
11.0945 0 200 -0.2605 -0.0000 100.0000
11.0957 0 200 -0.2673 -0.0000 100.0000
11.0970 0 200 -0.2942 -0.0000 100.0000
11.0982 0 200 -0.3280 -0.0000 100.0000
11.0995 0 200 -0.3192 -0.0000 100.0000
11.1008 0 200 -0.2782 -0.0000 100.0000
11.1020 0 200 -0.2516 -0.0000 100.0000
11.1033 0 200 -0.1812 -0.0000 100.0000
11.1045 0 200 -0.1534 -0.0000 100.0000
11.1058 0 200 -0.2012 -0.0000 100.0000
11.1070 0 200 -0.1625 -0.0000 100.0000
11.1083 0 200 -0.1342 -0.0000 100.0000
11.1096 0 200 -0.1704 -0.0000 100.0000
11.1108 0 200 -0.2156 -0.0000 100.0000
11.1121 0 200 -0.2705 -0.0000 100.0000
11.1133 0 200 -0.3507 -0.0000 100.0000
11.1146 0 200 -0.2573 -0.0000 100.0000
11.1159 0 200 -0.3600 -0.0000 100.0000
11.1171 0 200 -0.3441 -0.0000 100.0000
11.1184 0 200 -0.2842 -0.0000 100.0000
11.1196 0 200 -0.2369 -0.0000 100.0000
11.1209 0 200 -0.2169 -0.0000 100.0000
11.1221 0 200 -0.2176 -0.0000 100.0000
11.1234 0 200 -0.2948 -0.0000 100.0000
11.1247 0 200 -0.3295 -0.0000 100.0000
11.1259 0 200 -0.2568 -0.0000 100.0000
11.1272 0 200 -0.2901 -0.0000 100.0000
11.1284 0 200 -0.2345 -0.0000 100.0000
11.1297 0 200 -0.2736 -0.0000 100.0000
11.1309 0 200 -0.2285 -0.0000 100.0000
11.1322 0 200 -0.1610 -0.0000 100.0000
11.1335 0 200 -0.1737 -0.0000 100.0000
11.1347 0 200 -0.1422 -0.0000 100.0000
11.1360 0 200 -0.1542 -0.0000 100.0000
11.1372 0 200 -0.2147 -0.0000 100.0000
11.1385 0 200 -0.2373 -0.0000 100.0000
11.1397 0 200 -0.2422 -0.0000 100.0000
11.1410 0 200 -0.2935 -0.0000 100.0000
11.1423 0 200 -0.2676 -0.0000 100.0000
11.1436 0 200 -0.3146 1.5625 100.0000
11.1448 0 200 -0.3377 1.5625 100.0000
11.1461 0 200 -0.3561 1.5625 100.0000
11.1474 0 200 -0.4512 1.5625 100.0000
11.1486 0 200 -0.3906 1.5625 100.0000
11.1499 0 200 -0.3604 1.5625 100.0000
11.1511 0 200 -0.3961 1.5625 100.0000
11.1524 0 200 -0.3958 1.5625 100.0000
11.1536 0 200 -0.4556 1.5625 100.0000
11.1549 0 200 -0.4375 1.5625 100.0000
11.1561 0 200 -0.4169 1.5625 100.0000
11.1574 0 200 -0.3892 1.5625 100.0000
11.1587 0 200 -0.4362 1.5625 100.0000
11.1599 0 200 -0.3471 1.5625 100.0000
11.1612 0 200 -0.3349 1.5625 100.0000
11.1624 0 200 -0.2563 1.5625 100.0000
11.1637 0 200 -0.2706 1.5625 100.0000
11.1650 0 200 -0.2668 1.5625 100.0000
11.1662 0 200 -0.2766 1.5625 100.0000
11.1675 0 200 -0.2238 1.5625 100.0000
11.1687 0 200 -0.0944 1.5625 100.0000
11.1700 0 200 -0.0440 1.5625 100.0000
11.1712 0 200 0.0183 1.5625 100.0000
11.1725 0 200 -0.0494 1.5625 100.0000
11.1738 0 200 -0.1283 1.5625 100.0000
11.1750 0 200 -0.2021 1.5625 100.0000
11.1763 0 200 -0.1830 1.5625 100.0000
11.1775 0 200 -0.1538 1.5625 100.0000
11.1788 0 200 -0.1366 1.5625 100.0000
11.1800 0 200 -0.2169 1.5625 100.0000
11.1813 0 200 -0.2609 1.5625 100.0000
11.1826 0 200 -0.2191 1.5625 100.0000
11.1838 0 200 -0.1773 1.5625 100.0000
11.1851 0 200 -0.1491 1.5625 100.0000
11.1863 0 200 -0.1746 1.5625 100.0000
11.1876 0 200 -0.3035 1.5625 100.0000
11.1889 0 200 -0.2616 1.5625 100.0000
11.1901 0 200 -0.2390 1.5625 100.0000
11.1914 0 200 -0.2559 1.5625 100.0000
11.1926 0 200 -0.2935 1.5625 100.0000
11.1939 0 200 -0.3454 1.5625 100.0000
11.1952 0 200 -0.3535 1.5625 100.0000
11.1964 0 200 -0.3619 1.5625 100.0000
11.1977 0 200 -0.3861 1.5625 100.0000
11.1990 0 200 -0.3732 1.5625 100.0000
11.2003 0 200 -0.4379 8.5938 100.0000
11.2016 0 200 -0.4523 8.5938 100.0000
11.2029 0 200 -0.4226 8.5938 100.0000
11.2042 0 200 -0.3961 8.5938 100.0000
11.2055 0 200 -0.2919 8.5938 100.0000
11.2068 0 200 -0.3670 8.5938 100.0000
11.2081 0 200 -0.3730 8.5938 100.0000
11.2094 0 200 -0.2206 8.5938 100.0000
11.2107 0 200 -0.1996 8.5938 100.0000
11.2120 0 200 -0.2971 8.5938 100.0000
11.2132 0 200 -0.2532 8.5938 100.0000
11.2145 0 200 -0.0997 8.5938 100.0000
11.2158 0 200 0.0169 8.5938 100.0000
11.2171 0 200 0.0268 8.5938 100.0000
11.2184 0 200 0.0387 8.5938 100.0000
11.2196 0 200 0.1458 8.5938 100.0000
11.2209 0 200 0.1682 8.5938 100.0000
11.2222 0 200 0.1385 8.5938 100.0000
11.2235 0 200 0.2104 8.5938 100.0000
11.2247 0 200 0.1975 8.5938 100.0000
11.2260 0 200 0.2563 8.5938 100.0000
11.2272 0 200 0.3173 8.5938 100.0000
11.2285 0 200 0.3287 8.5938 100.0000
11.2298 0 200 0.3289 8.5938 100.0000
11.2310 0 200 0.3596 8.5938 100.0000
11.2323 0 200 0.3711 8.5938 100.0000
11.2336 0 200 0.3611 8.5938 100.0000
11.2348 0 200 0.4103 8.5938 100.0000
11.2361 0 200 0.4059 8.5938 100.0000
11.2374 0 200 0.3589 8.5938 100.0000
11.2387 0 200 0.4444 8.5938 100.0000
11.2400 0 200 0.4731 8.5938 100.0000
11.2412 0 200 0.5558 8.5938 100.0000
11.2425 0 200 0.5381 8.5938 100.0000
11.2437 0 200 0.5777 8.5938 100.0000
11.2450 0 200 0.5184 8.5938 100.0000
11.2463 0 200 0.4741 8.5938 100.0000
11.2476 0 200 0.4667 8.5938 100.0000
11.2488 0 200 0.5606 8.5938 100.0000
11.2501 0 200 0.5619 8.5938 100.0000
11.2513 0 200 0.5170 8.5938 100.0000
11.2526 0 200 0.5309 8.5938 100.0000
11.2538 0 200 0.5227 8.5938 100.0000
11.2551 0 200 0.5244 8.5938 100.0000
11.2564 0 200 0.4613 8.5938 100.0000
11.2576 0 200 0.4201 8.5938 100.0000
11.2589 0 200 0.4482 8.5938 100.0000
11.2602 0 200 0.4440 8.5938 100.0000
11.2614 0 200 0.3833 8.5938 100.0000
11.2627 0 200 0.3149 8.5938 100.0000
11.2640 0 200 0.3157 8.5938 100.0000
11.2652 0 200 0.3732 10.9375 100.0000
11.2665 0 200 0.3859 10.9375 100.0000
11.2678 0 200 0.3282 10.9375 100.0000
11.2691 0 200 0.3276 10.9375 100.0000
11.2704 0 200 0.3004 10.9375 100.0000
11.2716 0 200 0.2157 10.9375 100.0000
11.2729 0 200 0.0741 10.9375 100.0000
11.2742 0 200 0.1262 10.9375 100.0000
11.2755 0 200 0.1202 10.9375 100.0000
11.2767 0 200 0.1293 10.9375 100.0000
11.2780 0 200 0.0412 10.9375 100.0000
11.2793 0 200 0.0719 10.9375 100.0000
11.2806 0 200 0.0897 10.9375 100.0000
11.2819 0 200 0.1087 10.9375 100.0000
11.2832 0 200 0.0386 10.9375 100.0000
11.2845 0 200 -0.0130 10.9375 100.0000
11.2858 0 200 -0.0241 10.9375 100.0000
11.2870 0 200 -0.0006 10.9375 100.0000
11.2883 0 200 -0.0479 10.9375 100.0000
11.2896 0 200 -0.0195 10.9375 100.0000
11.2909 0 200 -0.0177 10.9375 100.0000
11.2922 0 200 0.0001 10.9375 100.0000
11.2935 0 200 0.0535 10.9375 100.0000
11.2947 0 200 0.0531 10.9375 100.0000
11.2960 0 200 0.0346 10.9375 100.0000
11.2973 0 200 0.0885 10.9375 100.0000
11.2986 0 200 0.1127 10.9375 100.0000
11.2999 0 200 0.2190 10.9375 100.0000
11.3012 0 200 0.1845 10.9375 100.0000
11.3025 0 200 0.1853 10.9375 100.0000
11.3037 0 200 0.0791 10.9375 100.0000
11.3050 0 200 0.1329 10.9375 100.0000
11.3063 0 200 0.2012 10.9375 100.0000
11.3076 0 200 0.1090 10.9375 100.0000
11.3089 0 200 0.1277 10.9375 100.0000
11.3101 0 200 0.0180 10.9375 100.0000
11.3114 0 200 0.1283 10.9375 100.0000
11.3127 0 200 0.2316 10.9375 100.0000
11.3140 0 200 0.2530 10.9375 100.0000
11.3153 0 200 0.2534 10.9375 100.0000
11.3166 0 200 0.2091 10.9375 100.0000
11.3179 0 200 0.2123 10.9375 100.0000
11.3192 0 200 0.2327 14.0625 100.0000
11.3205 0 200 0.2239 14.0625 100.0000
11.3219 0 200 0.2134 14.0625 100.0000
11.3232 0 200 0.1631 14.0625 100.0000
11.3245 0 200 0.2334 14.0625 100.0000
11.3258 0 200 0.1299 14.0625 100.0000
11.3271 0 200 0.1199 14.0625 100.0000
11.3284 0 200 0.2374 14.0625 100.0000
11.3296 0 200 0.1591 14.0625 100.0000
11.3309 0 200 0.1009 14.0625 100.0000
11.3322 0 200 0.0742 14.0625 100.0000
11.3335 0 200 0.0511 14.0625 100.0000
11.3347 0 200 0.0185 14.0625 100.0000
11.3360 0 200 0.0697 14.0625 100.0000
11.3373 0 200 -0.0120 14.0625 100.0000
11.3385 0 200 -0.0101 14.0625 100.0000
11.3398 0 200 -0.0310 14.0625 100.0000
11.3411 0 200 0.0648 14.0625 100.0000
11.3423 0 200 -0.0213 14.0625 100.0000
11.3436 0 200 -0.0628 14.0625 100.0000
11.3449 0 200 -0.0462 14.0625 100.0000
11.3461 0 200 -0.1367 14.0625 100.0000
11.3474 0 200 -0.0916 14.0625 100.0000
11.3486 0 200 -0.1308 14.0625 100.0000
11.3499 0 200 -0.1242 14.0625 100.0000
11.3512 0 200 -0.1199 14.0625 100.0000
11.3524 0 200 -0.1846 14.0625 100.0000
11.3537 0 200 -0.1684 14.0625 100.0000
11.3550 0 200 -0.0878 14.0625 100.0000
11.3562 0 200 -0.0803 14.0625 100.0000
11.3575 0 200 -0.0566 14.0625 100.0000
11.3587 0 200 -0.1159 14.0625 100.0000
11.3600 0 200 -0.0229 14.0625 100.0000
11.3612 0 200 -0.0416 14.0625 100.0000
11.3625 0 200 -0.1480 14.0625 100.0000
11.3638 0 200 -0.0591 14.0625 100.0000
11.3650 0 200 -0.0885 14.0625 100.0000
11.3663 0 200 -0.0414 14.0625 100.0000
11.3675 0 200 -0.0173 14.0625 100.0000
11.3688 0 200 -0.0565 14.0625 100.0000
11.3701 0 200 -0.1154 14.0625 100.0000
11.3714 0 200 -0.0009 14.0625 100.0000
11.3727 0 200 0.0846 14.0625 100.0000
11.3740 0 200 0.0714 14.0625 100.0000
11.3753 0 200 0.1078 16.4062 100.0000
11.3767 0 200 0.1242 16.4062 100.0000
11.3780 0 200 0.1708 16.4062 100.0000
11.3792 0 200 0.1494 16.4062 100.0000
11.3805 0 200 0.0508 16.4062 100.0000
11.3818 0 200 0.0463 16.4062 100.0000
11.3830 0 200 0.0576 16.4062 100.0000
11.3843 0 200 0.0782 16.4062 100.0000
11.3856 0 200 0.0366 16.4062 100.0000
11.3868 0 200 0.0473 16.4062 100.0000
11.3881 0 200 0.0343 16.4062 100.0000
11.3894 0 200 0.1376 16.4062 100.0000
11.3906 0 200 0.0772 16.4062 100.0000
11.3919 0 200 -0.0280 16.4062 100.0000
11.3932 0 200 -0.0613 16.4062 100.0000
11.3945 0 200 -0.0891 16.4062 100.0000
11.3957 0 200 -0.1536 16.4062 100.0000
11.3970 0 200 -0.1857 16.4062 100.0000
11.3982 0 200 -0.2084 16.4062 100.0000
11.3996 0 200 -0.2168 16.4062 100.0000
11.4008 0 200 -0.1910 16.4062 100.0000
11.4021 0 200 -0.1594 16.4062 100.0000
11.4034 0 200 -0.1184 16.4062 100.0000
11.4046 0 200 -0.0950 16.4062 100.0000
11.4059 0 200 -0.1880 16.4062 100.0000
11.4072 0 200 -0.1307 16.4062 100.0000
11.4084 0 200 -0.1160 16.4062 100.0000
11.4097 0 200 -0.1796 16.4062 100.0000
11.4110 0 200 -0.2266 16.4062 100.0000
11.4123 0 200 -0.2451 16.4062 100.0000
11.4136 0 200 -0.2176 16.4062 100.0000
11.4148 0 200 -0.2758 16.4062 100.0000
11.4161 0 200 -0.2340 16.4062 100.0000
11.4174 0 200 -0.3394 16.4062 100.0000
11.4187 0 200 -0.3263 16.4062 100.0000
11.4200 0 200 -0.4492 16.4062 100.0000
11.4213 0 200 -0.4718 16.4062 100.0000
11.4226 0 200 -0.3940 16.4062 100.0000
11.4239 0 200 -0.3762 16.4062 100.0000
11.4252 0 200 -0.4523 16.4062 100.0000
11.4265 0 200 -0.4727 16.4062 100.0000
11.4277 0 200 -0.5500 16.4062 100.0000
11.4290 0 200 -0.5891 16.4062 100.0000
11.4303 0 200 -0.6127 16.4062 100.0000
11.4316 0 200 -0.5656 16.4062 100.0000
11.4329 0 200 -0.5540 16.4062 100.0000
11.4342 0 200 -0.5090 16.4062 100.0000
11.4355 0 200 -0.5502 16.4062 100.0000
11.4367 0 200 -0.6171 16.4062 100.0000
11.4380 0 200 -0.5549 16.4062 100.0000
11.4393 0 200 -0.5305 16.4062 100.0000
11.4406 0 200 -0.5727 16.4062 100.0000
11.4419 0 200 -0.5136 16.4062 100.0000
11.4432 0 200 -0.4662 16.4062 100.0000
11.4444 0 200 -0.4860 16.4062 100.0000
11.4457 0 200 -0.5048 16.4062 100.0000
11.4470 0 200 -0.4392 16.4062 100.0000
11.4483 0 200 -0.5070 16.4062 100.0000
11.4495 0 200 -0.4025 16.4062 100.0000
11.4508 0 200 -0.3801 16.4062 100.0000
11.4520 0 200 -0.3038 16.4062 100.0000
11.4533 0 200 -0.3939 16.4062 100.0000
11.4546 0 200 -0.3913 16.4062 100.0000
11.4558 0 200 -0.3992 16.4062 100.0000
11.4571 0 200 -0.2805 16.4062 100.0000
11.4584 0 200 -0.2199 16.4062 100.0000
11.4596 0 200 -0.1975 16.4062 100.0000
11.4609 0 200 -0.1561 16.4062 100.0000
11.4622 0 200 -0.1533 16.4062 100.0000
11.4635 0 200 -0.1284 16.4062 100.0000
11.4648 0 200 -0.2173 16.4062 100.0000
11.4660 0 200 -0.2165 16.4062 100.0000
11.4673 0 200 -0.2051 16.4062 100.0000
11.4686 0 200 -0.1210 16.4062 100.0000
11.4700 0 200 -0.1738 16.4062 100.0000
11.4712 0 200 -0.1008 16.4062 100.0000
11.4725 0 200 -0.1021 16.4062 100.0000
11.4738 0 200 -0.0570 16.4062 100.0000
11.4751 0 200 -0.1147 16.4062 100.0000
11.4764 0 200 -0.1873 16.4062 100.0000
11.4776 0 200 -0.2072 16.4062 100.0000
11.4789 0 200 -0.1694 16.4062 100.0000
11.4802 0 200 -0.2074 16.4062 100.0000
11.4814 0 200 -0.2525 16.4062 100.0000
11.4827 0 200 -0.2994 16.4062 100.0000
11.4839 0 200 -0.2995 16.4062 100.0000
11.4852 0 200 -0.2421 16.4062 100.0000
11.4864 0 200 -0.2860 16.4062 100.0000
11.4877 0 200 -0.3028 16.4062 100.0000
11.4889 0 200 -0.2607 16.4062 100.0000
11.4902 0 200 -0.2762 16.4062 100.0000
11.4915 0 200 -0.3149 16.4062 100.0000
11.4927 0 200 -0.3211 16.4062 100.0000
11.4940 0 200 -0.3523 16.4062 100.0000
11.4953 0 200 -0.3641 23.4375 100.0000
11.4966 0 200 -0.3213 23.4375 100.0000
11.4979 0 200 -0.3454 23.4375 100.0000
11.4992 0 200 -0.3007 23.4375 100.0000
11.5004 0 200 -0.3265 23.4375 100.0000
11.5017 0 200 -0.3025 23.4375 100.0000
11.5029 0 200 -0.3316 23.4375 100.0000
11.5042 0 200 -0.2545 23.4375 100.0000
11.5054 0 200 -0.1716 23.4375 100.0000
11.5067 0 200 -0.1985 23.4375 100.0000
11.5080 0 200 -0.2503 23.4375 100.0000
11.5092 0 200 -0.3226 23.4375 100.0000
11.5105 0 200 -0.2657 23.4375 100.0000
11.5118 0 200 -0.3356 23.4375 100.0000
11.5131 0 200 -0.4009 23.4375 100.0000
11.5143 0 200 -0.3875 23.4375 100.0000
11.5156 0 200 -0.2660 23.4375 100.0000
11.5169 0 200 -0.3376 23.4375 100.0000
11.5182 0 200 -0.3074 23.4375 100.0000
11.5195 0 200 -0.2818 23.4375 100.0000
11.5207 0 200 -0.2871 23.4375 100.0000
11.5220 0 200 -0.3310 23.4375 100.0000
11.5233 0 200 -0.2406 23.4375 100.0000
11.5245 0 200 -0.2162 23.4375 100.0000
11.5258 0 200 -0.1085 23.4375 100.0000
11.5271 0 200 -0.0354 23.4375 100.0000
11.5284 0 200 0.0718 23.4375 100.0000
11.5296 0 200 0.0715 23.4375 100.0000
11.5309 0 200 0.0681 23.4375 100.0000
11.5322 0 200 0.0095 23.4375 100.0000
11.5335 0 200 -0.0310 23.4375 100.0000
11.5348 0 200 0.0326 23.4375 100.0000
11.5360 0 200 -0.0036 23.4375 100.0000
11.5373 0 200 0.0582 23.4375 100.0000
11.5386 0 200 0.0772 23.4375 100.0000
11.5399 0 200 0.1593 23.4375 100.0000
11.5411 0 200 0.2434 23.4375 100.0000
11.5424 0 200 0.2542 23.4375 100.0000
11.5437 0 200 0.2716 23.4375 100.0000
11.5450 0 200 0.2629 23.4375 100.0000
11.5462 0 200 0.1944 23.4375 100.0000
11.5475 0 200 0.1117 23.4375 100.0000
11.5488 0 200 0.1201 23.4375 100.0000
11.5500 0 200 0.1804 23.4375 100.0000
11.5513 0 200 0.1676 23.4375 100.0000
11.5526 0 200 0.2804 23.4375 100.0000
11.5538 0 200 0.3626 23.4375 100.0000
11.5551 0 200 0.3661 29.6875 100.0000
11.5564 0 200 0.3188 29.6875 100.0000
11.5577 0 200 0.3975 29.6875 100.0000
11.5590 0 200 0.4055 29.6875 100.0000
11.5603 0 200 0.4738 29.6875 100.0000
11.5615 0 200 0.4670 29.6875 100.0000
11.5628 0 200 0.4301 29.6875 100.0000
11.5641 0 200 0.4419 29.6875 100.0000
11.5654 0 200 0.3372 29.6875 100.0000
11.5666 0 200 0.3320 29.6875 100.0000
11.5679 0 200 0.2871 29.6875 100.0000
11.5692 0 200 0.3094 29.6875 100.0000
11.5705 0 200 0.3608 29.6875 100.0000
11.5717 0 200 0.3301 29.6875 100.0000
11.5730 0 200 0.4259 29.6875 100.0000
11.5743 0 200 0.4540 29.6875 100.0000
11.5756 0 200 0.5106 29.6875 100.0000
11.5769 0 200 0.4590 29.6875 100.0000
11.5781 0 200 0.5793 29.6875 100.0000
11.5794 0 200 0.5606 29.6875 100.0000
11.5807 0 200 0.5262 29.6875 100.0000
11.5820 0 200 0.4654 29.6875 100.0000
11.5833 0 200 0.4689 29.6875 100.0000
11.5846 0 200 0.5360 29.6875 100.0000
11.5859 0 200 0.5327 29.6875 100.0000
11.5871 0 200 0.4055 29.6875 100.0000
11.5884 0 200 0.4217 29.6875 100.0000
11.5897 0 200 0.5296 29.6875 100.0000
11.5909 0 200 0.5995 29.6875 100.0000
11.5922 0 200 0.6431 29.6875 100.0000
11.5935 0 200 0.5782 29.6875 100.0000
11.5947 0 200 0.5842 29.6875 100.0000
11.5960 0 200 0.5365 29.6875 100.0000
11.5973 0 200 0.4762 29.6875 100.0000
11.5986 0 200 0.5313 29.6875 100.0000
11.5998 0 200 0.3760 29.6875 100.0000
11.6011 0 200 0.3818 29.6875 100.0000
11.6024 0 200 0.3707 29.6875 100.0000
11.6037 0 200 0.2564 29.6875 100.0000
11.6049 0 200 0.2772 29.6875 100.0000
11.6062 0 200 0.2380 29.6875 100.0000
11.6075 0 200 0.2060 32.0312 100.0000
11.6088 0 200 0.1775 32.0312 100.0000
11.6101 0 200 0.0811 32.0312 100.0000
11.6114 0 200 -0.0360 32.0312 100.0000
11.6127 0 200 -0.1081 32.0312 100.0000
11.6140 0 200 -0.1411 32.0312 100.0000
11.6152 0 200 -0.1885 32.0312 100.0000
11.6165 0 200 -0.2306 32.0312 100.0000
11.6178 0 200 -0.2319 32.0312 100.0000
11.6190 0 200 -0.2689 32.0312 100.0000
11.6204 0 200 -0.3295 32.0312 100.0000
11.6217 0 200 -0.2234 32.0312 100.0000
11.6229 0 200 -0.2168 32.0312 100.0000
11.6242 0 200 -0.2329 32.0312 100.0000
11.6255 0 200 -0.2170 32.0312 100.0000
11.6268 0 200 -0.1426 32.0312 100.0000
11.6281 0 200 -0.0804 32.0312 100.0000
11.6294 0 200 -0.1278 32.0312 100.0000
11.6306 0 200 -0.0489 32.0312 100.0000
11.6319 0 200 0.0097 32.0312 100.0000
11.6332 0 200 0.0587 32.0312 100.0000
11.6345 0 200 0.0124 32.0312 100.0000
11.6358 0 200 0.0700 32.0312 100.0000
11.6370 0 200 0.0687 32.0312 100.0000
11.6383 0 200 0.0850 32.0312 100.0000
11.6396 0 200 0.0638 32.0312 100.0000
11.6409 0 200 0.1151 32.0312 100.0000
11.6421 0 200 0.1233 32.0312 100.0000
11.6434 0 200 0.2003 32.0312 100.0000
11.6446 0 200 0.0787 32.0312 100.0000
11.6459 0 200 -0.0138 32.0312 100.0000
11.6472 0 200 0.0146 32.0312 100.0000
11.6484 0 200 -0.0370 32.0312 100.0000
11.6497 0 200 -0.1082 32.0312 100.0000
11.6509 0 200 -0.1527 32.0312 100.0000
11.6522 0 200 -0.1279 32.0312 100.0000
11.6535 0 200 -0.1006 32.0312 100.0000
11.6547 0 200 -0.0791 32.0312 100.0000
11.6560 0 200 -0.0798 32.0312 100.0000
11.6572 0 200 -0.1241 32.0312 100.0000
11.6585 0 200 -0.1022 32.0312 100.0000
11.6597 0 200 -0.1033 32.0312 100.0000
11.6610 0 200 -0.0009 32.0312 100.0000
11.6623 0 200 0.0601 32.0312 100.0000
11.6635 0 200 0.0809 32.0312 100.0000
11.6648 0 200 0.0974 32.0312 100.0000
11.6660 0 200 0.1125 32.0312 100.0000
11.6673 0 200 0.0962 32.0312 100.0000
11.6686 0 200 0.2116 32.0312 100.0000
11.6698 0 200 0.2626 32.0312 100.0000
11.6711 0 200 0.3086 32.0312 100.0000
11.6723 0 200 0.3132 32.0312 100.0000
11.6736 0 200 0.2839 32.0312 100.0000
11.6749 0 200 0.2451 33.5938 100.0000
11.6761 0 200 0.1931 33.5938 100.0000
11.6774 0 200 0.1150 33.5938 100.0000
11.6787 0 200 0.0845 33.5938 100.0000
11.6800 0 200 0.0170 33.5938 100.0000
11.6813 0 200 -0.0134 33.5938 100.0000
11.6826 0 200 0.0789 33.5938 100.0000
11.6838 0 200 0.0315 33.5938 100.0000
11.6851 0 200 -0.0082 33.5938 100.0000
11.6864 0 200 -0.0058 33.5938 100.0000
11.6877 0 200 -0.0286 33.5938 100.0000
11.6890 0 200 -0.0418 33.5938 100.0000
11.6903 0 200 -0.0045 33.5938 100.0000
11.6915 0 200 0.0094 33.5938 100.0000
11.6928 0 200 -0.0644 33.5938 100.0000
11.6941 0 200 0.0545 33.5938 100.0000
11.6954 0 200 0.1939 33.5938 100.0000
11.6967 0 200 0.1696 33.5938 100.0000
11.6980 0 200 0.2268 33.5938 100.0000
11.6993 0 200 0.2390 33.5938 100.0000
11.7005 0 200 0.1753 33.5938 100.0000
11.7018 0 200 0.1470 33.5938 100.0000
11.7031 0 200 0.1132 33.5938 100.0000
11.7044 0 200 0.1128 33.5938 100.0000
11.7056 0 200 0.1724 33.5938 100.0000
11.7069 0 200 0.2038 33.5938 100.0000
11.7082 0 200 0.1712 33.5938 100.0000
11.7095 0 200 0.1950 33.5938 100.0000
11.7108 0 200 0.2688 33.5938 100.0000
11.7120 0 200 0.2613 33.5938 100.0000
11.7133 0 200 0.2587 33.5938 100.0000
11.7146 0 200 0.4106 33.5938 100.0000
11.7159 0 200 0.4725 33.5938 100.0000
11.7171 0 200 0.4549 33.5938 100.0000
11.7184 0 200 0.4698 33.5938 100.0000
11.7197 0 200 0.4668 33.5938 100.0000
11.7210 0 200 0.4272 33.5938 100.0000
11.7222 0 200 0.4273 33.5938 100.0000
11.7235 0 200 0.4076 33.5938 100.0000
11.7248 0 200 0.3385 33.5938 100.0000
11.7261 0 200 0.3084 33.5938 100.0000
11.7273 0 200 0.3489 33.5938 100.0000
11.7286 0 200 0.3099 33.5938 100.0000
11.7299 0 200 0.3138 33.5938 100.0000
11.7311 0 200 0.3271 33.5938 100.0000
11.7324 0 200 0.3237 33.5938 100.0000
11.7337 0 200 0.3752 33.5938 100.0000
11.7350 0 200 0.4304 35.1562 100.0000
11.7362 0 200 0.3720 35.1562 100.0000
11.7375 0 200 0.4398 35.1562 100.0000
11.7388 0 200 0.3499 35.1562 100.0000
11.7400 0 200 0.3409 35.1562 100.0000
11.7413 0 200 0.2528 35.1562 100.0000
11.7426 0 200 0.2164 35.1562 100.0000
11.7439 0 200 0.2109 35.1562 100.0000
11.7452 0 200 0.2361 35.1562 100.0000
11.7464 0 200 0.2174 35.1562 100.0000
11.7477 0 200 0.2863 35.1562 100.0000
11.7490 0 200 0.2582 35.1562 100.0000
11.7503 0 200 0.2411 35.1562 100.0000
11.7515 0 200 0.3698 35.1562 100.0000
11.7528 0 200 0.3888 35.1562 100.0000
11.7540 0 200 0.3797 35.1562 100.0000
11.7552 0 200 0.2885 35.1562 100.0000
11.7565 0 200 0.3512 35.1562 100.0000
11.7577 0 200 0.3592 35.1562 100.0000
11.7590 0 200 0.3200 35.1562 100.0000
11.7602 0 200 0.2429 35.1562 100.0000
11.7615 0 200 0.2604 35.1562 100.0000
11.7628 0 200 0.2496 35.1562 100.0000
11.7641 0 200 0.2749 35.1562 100.0000
11.7654 0 200 0.1019 35.1562 100.0000
11.7666 0 200 0.0939 35.1562 100.0000
11.7679 0 200 0.0868 35.1562 100.0000
11.7692 0 200 0.0230 35.1562 100.0000
11.7705 0 200 0.0025 35.1562 100.0000
11.7717 0 200 0.0112 35.1562 100.0000
11.7730 0 200 0.0309 35.1562 100.0000
11.7743 0 200 0.0268 35.1562 100.0000
11.7756 0 200 0.0135 35.1562 100.0000
11.7769 0 200 -0.0804 35.1562 100.0000
11.7782 0 200 -0.0953 35.1562 100.0000
11.7794 0 200 -0.0624 35.1562 100.0000
11.7807 0 200 -0.0696 35.1562 100.0000
11.7820 0 200 -0.0387 35.1562 100.0000
11.7832 0 200 -0.1267 35.1562 100.0000
11.7845 0 200 -0.2319 35.1562 100.0000
11.7858 0 200 -0.2049 35.1562 100.0000
11.7871 0 200 -0.1060 35.1562 100.0000
11.7883 0 200 -0.1620 35.1562 100.0000
11.7896 0 200 -0.1296 35.1562 100.0000
11.7909 0 200 -0.1180 39.8438 100.0000
11.7922 0 200 -0.0296 39.8438 100.0000
11.7935 0 200 0.0288 39.8438 100.0000
11.7948 0 200 0.0637 39.8438 100.0000
11.7961 0 200 0.0606 39.8438 100.0000
11.7974 0 200 0.0959 39.8438 100.0000
11.7986 0 200 0.1036 39.8438 100.0000
11.8000 0 200 0.0936 39.8438 100.0000
11.8012 0 200 0.1107 39.8438 100.0000
11.8025 0 200 0.0959 39.8438 100.0000
11.8038 0 200 0.0806 39.8438 100.0000
11.8050 0 200 -0.1082 39.8438 100.0000
11.8063 0 200 -0.2287 39.8438 100.0000
11.8076 0 200 -0.2299 39.8438 100.0000
11.8089 0 200 -0.3168 39.8438 100.0000
11.8102 0 200 -0.3396 39.8438 100.0000
11.8115 0 200 -0.3497 39.8438 100.0000
11.8128 0 200 -0.3774 39.8438 100.0000
11.8140 0 200 -0.3893 39.8438 100.0000
11.8153 0 200 -0.4247 39.8438 100.0000
11.8166 0 200 -0.3979 39.8438 100.0000
11.8179 0 200 -0.3468 39.8438 100.0000
11.8192 0 200 -0.3836 39.8438 100.0000
11.8204 0 200 -0.4573 39.8438 100.0000
11.8217 0 200 -0.4801 39.8438 100.0000
11.8230 0 200 -0.4773 39.8438 100.0000
11.8243 0 200 -0.5096 39.8438 100.0000
11.8256 0 200 -0.6094 39.8438 100.0000
11.8268 0 200 -0.6132 39.8438 100.0000
11.8281 0 200 -0.5661 39.8438 100.0000
11.8294 0 200 -0.5239 39.8438 100.0000
11.8306 0 200 -0.4639 39.8438 100.0000
11.8319 0 200 -0.4549 39.8438 100.0000
11.8332 0 200 -0.3974 39.8438 100.0000
11.8344 0 200 -0.2600 39.8438 100.0000
11.8357 0 200 -0.3048 39.8438 100.0000
11.8370 0 200 -0.2868 39.8438 100.0000
11.8383 0 200 -0.3018 39.8438 100.0000
11.8396 0 200 -0.3388 39.8438 100.0000
11.8409 0 200 -0.3447 39.8438 100.0000
11.8421 0 200 -0.4061 39.8438 100.0000
11.8434 0 200 -0.4500 39.8438 100.0000
11.8447 0 200 -0.4896 39.8438 100.0000
11.8460 0 200 -0.4825 39.8438 100.0000
11.8473 0 200 -0.4418 39.8438 100.0000
11.8486 0 200 -0.4501 39.8438 100.0000
11.8498 0 200 -0.4723 39.8438 100.0000
11.8511 0 200 -0.4922 39.8438 100.0000
11.8524 0 200 -0.5201 39.8438 100.0000
11.8536 0 200 -0.4420 39.8438 100.0000
11.8549 0 200 -0.4932 39.8438 100.0000
11.8561 0 200 -0.4534 39.8438 100.0000
11.8574 0 200 -0.4444 39.8438 100.0000
11.8586 0 200 -0.3358 39.8438 100.0000
11.8599 0 200 -0.3177 39.8438 100.0000
11.8612 0 200 -0.3584 39.8438 100.0000
11.8624 0 200 -0.3128 39.8438 100.0000
11.8637 0 200 -0.3579 39.8438 100.0000
11.8650 0 200 -0.2516 39.8438 100.0000
11.8663 0 200 -0.1752 39.8438 100.0000
11.8676 0 200 -0.1180 39.8438 100.0000
11.8689 0 200 -0.0430 39.8438 100.0000
11.8702 0 200 -0.1497 39.8438 100.0000
11.8715 0 200 -0.0597 41.4062 100.0000
11.8728 0 200 -0.0336 41.4062 100.0000
11.8740 0 200 -0.1006 41.4062 100.0000
11.8753 0 200 -0.0614 41.4062 100.0000
11.8765 0 200 -0.0823 41.4062 100.0000
11.8778 0 200 0.0136 41.4062 100.0000
11.8790 0 200 0.0354 41.4062 100.0000
11.8803 0 200 0.0377 41.4062 100.0000
11.8816 0 200 0.1118 41.4062 100.0000
11.8829 0 200 0.1158 41.4062 100.0000
11.8841 0 200 0.2245 41.4062 100.0000
11.8854 0 200 0.2851 41.4062 100.0000
11.8866 0 200 0.3247 41.4062 100.0000
11.8879 0 200 0.3823 41.4062 100.0000
11.8892 0 200 0.4536 41.4062 100.0000
11.8904 0 200 0.4065 41.4062 100.0000
11.8917 0 200 0.4436 41.4062 100.0000
11.8930 0 200 0.4266 41.4062 100.0000
11.8942 0 200 0.4345 41.4062 100.0000
11.8955 0 200 0.5135 41.4062 100.0000
11.8968 0 200 0.5687 41.4062 100.0000
11.8980 0 200 0.6020 41.4062 100.0000
11.8993 0 200 0.5856 41.4062 100.0000
11.9006 0 200 0.6513 41.4062 100.0000
11.9019 0 200 0.6614 41.4062 100.0000
11.9032 0 200 0.6740 41.4062 100.0000
11.9044 0 200 0.6236 41.4062 100.0000
11.9057 0 200 0.5371 41.4062 100.0000
11.9070 0 200 0.5451 41.4062 100.0000
11.9083 0 200 0.6084 41.4062 100.0000
11.9096 0 200 0.5256 41.4062 100.0000
11.9108 0 200 0.4582 41.4062 100.0000
11.9121 0 200 0.4338 41.4062 100.0000
11.9134 0 200 0.4692 41.4062 100.0000
11.9146 0 200 0.4882 41.4062 100.0000
11.9159 0 200 0.4549 41.4062 100.0000
11.9172 0 200 0.4856 41.4062 100.0000
11.9185 0 200 0.4129 41.4062 100.0000
11.9198 0 200 0.3677 41.4062 100.0000
11.9211 0 200 0.4513 41.4062 100.0000
11.9224 0 200 0.5303 41.4062 100.0000
11.9236 0 200 0.5036 41.4062 100.0000
11.9249 0 200 0.4388 41.4062 100.0000
11.9262 0 200 0.3801 41.4062 100.0000
11.9275 0 200 0.3454 42.9688 100.0000
11.9288 0 200 0.4191 42.9688 100.0000
11.9301 0 200 0.4587 42.9688 100.0000
11.9314 0 200 0.6024 42.9688 100.0000
11.9327 0 200 0.4482 42.9688 100.0000
11.9340 0 200 0.4605 42.9688 100.0000
11.9352 0 200 0.4302 42.9688 100.0000
11.9365 0 200 0.5273 42.9688 100.0000
11.9378 0 200 0.5535 42.9688 100.0000
11.9390 0 200 0.5799 42.9688 100.0000
11.9403 0 200 0.5400 42.9688 100.0000
11.9416 0 200 0.4319 42.9688 100.0000
11.9428 0 200 0.3906 42.9688 100.0000
11.9441 0 200 0.4397 42.9688 100.0000
11.9453 0 200 0.4541 42.9688 100.0000
11.9466 0 200 0.4922 42.9688 100.0000
11.9479 0 200 0.4961 42.9688 100.0000
11.9491 0 200 0.5036 42.9688 100.0000
11.9504 0 200 0.5722 42.9688 100.0000
11.9516 0 200 0.5570 42.9688 100.0000
11.9529 0 200 0.5952 42.9688 100.0000
11.9541 0 200 0.6161 42.9688 100.0000
11.9554 0 200 0.6343 42.9688 100.0000
11.9567 0 200 0.7642 42.9688 100.0000
11.9579 0 200 0.7643 42.9688 100.0000
11.9592 0 200 0.7961 42.9688 100.0000
11.9605 0 200 0.6833 42.9688 100.0000
11.9617 0 200 0.6782 42.9688 100.0000
11.9630 0 200 0.6438 42.9688 100.0000
11.9642 0 200 0.6070 42.9688 100.0000
11.9655 0 200 0.5823 42.9688 100.0000
11.9668 0 200 0.6318 42.9688 100.0000
11.9680 0 200 0.6263 42.9688 100.0000
11.9693 0 200 0.5778 42.9688 100.0000
11.9705 0 200 0.6148 42.9688 100.0000
11.9717 0 200 0.6236 42.9688 100.0000
11.9730 0 200 0.5996 42.9688 100.0000
11.9743 0 200 0.4996 42.9688 100.0000
11.9756 0 200 0.4903 42.9688 100.0000
11.9769 0 200 0.4828 42.9688 100.0000
11.9781 0 200 0.4596 42.9688 100.0000
11.9794 0 200 0.4331 42.9688 100.0000
11.9807 0 200 0.4132 42.9688 100.0000
11.9819 0 200 0.4102 42.9688 100.0000
11.9832 0 200 0.3596 42.9688 100.0000
11.9845 0 200 0.2916 45.3125 100.0000
11.9858 0 200 0.2711 45.3125 100.0000
11.9870 0 200 0.2349 45.3125 100.0000
11.9883 0 200 0.2171 45.3125 100.0000
11.9896 0 200 0.2368 45.3125 100.0000
11.9908 0 200 0.2242 45.3125 100.0000
11.9921 0 200 0.2262 45.3125 100.0000
11.9933 0 200 0.1399 45.3125 100.0000
11.9946 0 200 0.0993 45.3125 100.0000
11.9959 0 200 -0.0255 45.3125 100.0000
11.9972 0 200 -0.0769 45.3125 100.0000
11.9984 0 200 -0.0083 45.3125 100.0000
11.9997 0 200 0.0654 45.3125 100.0000
12.0010 0 200 -0.0195 45.3125 100.0000
12.0023 0 200 -0.0786 45.3125 100.0000
12.0035 0 200 -0.1355 45.3125 100.0000
12.0048 0 200 -0.1658 45.3125 100.0000
12.0060 0 200 -0.2288 45.3125 100.0000
12.0073 0 200 -0.2729 45.3125 100.0000
12.0086 0 200 -0.3367 45.3125 100.0000
12.0098 0 200 -0.4425 45.3125 100.0000
12.0111 0 200 -0.3864 45.3125 100.0000
12.0124 0 200 -0.4032 45.3125 100.0000
12.0136 0 200 -0.4172 45.3125 100.0000
12.0149 0 200 -0.4396 45.3125 100.0000
12.0162 0 200 -0.5253 45.3125 100.0000
12.0175 0 200 -0.4917 45.3125 100.0000
12.0188 0 200 -0.4593 45.3125 100.0000
12.0200 0 200 -0.3754 45.3125 100.0000
12.0213 0 200 -0.3233 45.3125 100.0000
12.0225 0 200 -0.1707 45.3125 100.0000
12.0238 0 200 -0.0745 45.3125 100.0000
12.0250 0 200 -0.1732 45.3125 100.0000
12.0263 0 200 -0.1782 45.3125 100.0000
12.0276 0 200 -0.1714 45.3125 100.0000
12.0289 0 200 -0.2196 45.3125 100.0000
12.0302 0 200 -0.1744 45.3125 100.0000
12.0315 0 200 -0.2075 45.3125 100.0000
12.0328 0 200 -0.1271 45.3125 100.0000
12.0341 0 200 -0.0557 45.3125 100.0000
12.0354 0 200 0.0603 45.3125 100.0000
12.0367 0 200 0.0153 45.3125 100.0000
12.0379 0 200 0.0073 45.3125 100.0000
12.0392 0 200 0.0087 45.3125 100.0000
12.0405 0 200 0.0785 45.3125 100.0000
12.0418 0 200 0.0646 45.3125 100.0000
12.0430 0 200 0.1821 45.3125 100.0000
12.0443 0 200 0.0985 45.3125 100.0000
12.0455 0 200 0.0668 45.3125 100.0000
12.0468 0 200 0.1216 44.5312 100.0000
12.0481 0 200 0.0323 44.5312 100.0000
12.0494 0 200 0.1424 44.5312 100.0000
12.0507 0 200 0.2492 44.5312 100.0000
12.0519 0 200 0.2550 44.5312 100.0000
12.0532 0 200 0.2676 44.5312 100.0000
12.0545 0 200 0.2731 44.5312 100.0000
12.0558 0 200 0.3512 44.5312 100.0000
12.0570 0 200 0.2794 44.5312 100.0000
12.0583 0 200 0.2941 44.5312 100.0000
12.0596 0 200 0.2894 44.5312 100.0000
12.0609 0 200 0.3082 44.5312 100.0000
12.0621 0 200 0.3183 44.5312 100.0000
12.0634 0 200 0.3865 44.5312 100.0000
12.0647 0 200 0.3574 44.5312 100.0000
12.0659 0 200 0.4595 44.5312 100.0000
12.0672 0 200 0.5186 44.5312 100.0000
12.0684 0 200 0.5278 44.5312 100.0000
12.0697 0 200 0.6200 44.5312 100.0000
12.0709 0 200 0.5733 44.5312 100.0000
12.0722 0 200 0.6145 44.5312 100.0000
12.0735 0 200 0.7157 44.5312 100.0000
12.0747 0 200 0.7962 44.5312 100.0000
12.0759 0 200 0.7953 44.5312 100.0000
12.0772 0 200 0.8256 44.5312 100.0000
12.0785 0 200 0.8529 44.5312 100.0000
12.0797 0 200 0.7887 44.5312 100.0000
12.0810 0 200 0.7758 44.5312 100.0000
12.0822 0 200 0.8168 44.5312 100.0000
12.0835 0 200 0.8567 44.5312 100.0000
12.0847 0 200 0.8338 44.5312 100.0000
12.0860 0 200 0.8262 44.5312 100.0000
12.0873 0 200 0.8698 44.5312 100.0000
12.0885 0 200 0.9180 44.5312 100.0000
12.0898 0 200 0.9590 44.5312 100.0000
12.0911 0 200 0.9359 44.5312 100.0000
12.0924 0 200 0.9381 44.5312 100.0000
12.0936 0 200 1.0896 44.5312 100.0000
12.0949 0 200 0.9734 44.5312 100.0000
12.0962 0 200 0.8971 44.5312 100.0000
12.0974 0 200 0.7994 44.5312 100.0000
12.0987 0 200 0.8153 44.5312 100.0000
12.1000 0 200 0.7947 44.5312 100.0000
12.1012 0 200 0.7488 44.5312 100.0000
12.1026 0 200 0.8086 44.5312 100.0000
12.1038 0 200 0.9223 44.5312 100.0000
12.1051 0 200 0.8586 44.5312 100.0000
12.1064 0 200 0.8272 44.5312 100.0000
12.1077 0 200 0.8397 44.5312 100.0000
12.1089 0 200 0.8918 44.5312 100.0000
12.1102 0 200 0.8512 44.5312 100.0000
12.1115 0 200 0.9077 44.5312 100.0000
12.1128 0 200 0.8718 44.5312 100.0000
12.1140 0 200 0.8573 44.5312 100.0000
12.1153 0 200 0.8736 44.5312 100.0000
12.1166 0 200 0.9144 44.5312 100.0000
12.1179 0 200 0.9395 44.5312 100.0000
12.1191 0 200 0.9615 44.5312 100.0000
12.1204 0 200 1.0201 44.5312 100.0000
12.1217 0 200 0.9616 44.5312 100.0000
12.1229 0 200 1.0218 44.5312 100.0000
12.1242 0 200 0.9962 44.5312 100.0000
12.1255 0 200 1.0044 44.5312 100.0000
12.1267 0 200 0.9536 44.5312 100.0000
12.1280 0 200 0.8948 44.5312 100.0000
12.1293 0 200 0.8551 44.5312 100.0000
12.1306 0 200 0.8580 44.5312 100.0000
12.1319 0 200 0.9245 44.5312 100.0000
12.1332 0 200 0.9147 44.5312 100.0000
12.1345 0 200 0.9279 44.5312 100.0000
12.1357 0 200 0.9233 44.5312 100.0000
12.1371 0 200 0.8779 44.5312 100.0000
12.1384 0 200 0.8821 44.5312 100.0000
12.1396 0 200 0.8067 44.5312 100.0000
12.1409 0 200 0.7873 44.5312 100.0000
12.1422 0 200 0.8348 44.5312 100.0000
12.1435 0 200 0.8469 44.5312 100.0000
12.1448 0 200 0.9157 44.5312 100.0000
12.1460 0 200 0.9030 44.5312 100.0000
12.1473 0 200 0.9142 44.5312 100.0000
12.1486 0 200 0.9006 44.5312 100.0000
12.1499 0 200 0.8491 44.5312 100.0000
12.1512 0 200 0.9555 44.5312 100.0000
12.1524 0 200 0.8680 44.5312 100.0000
12.1537 0 200 0.8016 44.5312 100.0000
12.1550 0 200 0.7493 44.5312 100.0000
12.1562 0 200 0.7353 44.5312 100.0000
12.1575 0 200 0.6565 44.5312 100.0000
12.1588 0 200 0.6569 44.5312 100.0000
12.1601 0 200 0.6264 45.3125 100.0000
12.1613 0 200 0.5453 45.3125 100.0000
12.1627 0 200 0.5260 45.3125 100.0000
12.1640 0 200 0.5762 45.3125 100.0000
12.1652 0 200 0.5454 45.3125 100.0000
12.1665 0 200 0.5556 45.3125 100.0000
12.1677 0 200 0.4829 45.3125 100.0000
12.1690 0 200 0.5222 45.3125 100.0000
12.1703 0 200 0.5273 45.3125 100.0000
12.1716 0 200 0.4335 45.3125 100.0000
12.1729 0 200 0.3584 45.3125 100.0000
12.1742 0 200 0.2649 45.3125 100.0000
12.1755 0 200 0.2585 45.3125 100.0000
12.1768 0 200 0.2486 45.3125 100.0000
12.1781 0 200 0.2700 45.3125 100.0000
12.1794 0 200 0.2285 45.3125 100.0000
12.1806 0 200 0.1659 45.3125 100.0000
12.1819 0 200 0.1487 45.3125 100.0000
12.1832 0 200 0.0448 45.3125 100.0000
12.1844 0 200 -0.0385 45.3125 100.0000
12.1857 0 200 -0.0875 45.3125 100.0000
12.1870 0 200 -0.0527 45.3125 100.0000
12.1882 0 200 -0.0645 45.3125 100.0000
12.1895 0 200 -0.0991 45.3125 100.0000
12.1908 0 200 -0.1320 45.3125 100.0000
12.1921 0 200 -0.1779 45.3125 100.0000
12.1934 0 200 -0.1841 45.3125 100.0000
12.1947 0 200 -0.1977 45.3125 100.0000
12.1959 0 200 -0.2467 45.3125 100.0000
12.1972 0 200 -0.3113 45.3125 100.0000
12.1985 0 200 -0.2476 45.3125 100.0000
12.1998 0 200 -0.3219 45.3125 100.0000
12.2010 0 200 -0.3881 45.3125 100.0000
12.2023 0 200 -0.4145 45.3125 100.0000
12.2036 0 200 -0.4007 45.3125 100.0000
12.2048 0 200 -0.4703 45.3125 100.0000
12.2061 0 200 -0.5672 45.3125 100.0000
12.2074 0 200 -0.5766 45.3125 100.0000
12.2087 0 200 -0.6193 45.3125 100.0000
12.2100 0 200 -0.6323 45.3125 100.0000
12.2112 0 200 -0.6475 45.3125 100.0000
12.2125 0 200 -0.6419 45.3125 100.0000
12.2137 0 200 -0.6153 45.3125 100.0000
12.2151 0 200 -0.5524 45.3125 100.0000
12.2163 0 200 -0.5205 44.5312 100.0000
12.2176 0 200 -0.4342 44.5312 100.0000
12.2189 0 200 -0.4755 44.5312 100.0000
12.2202 0 200 -0.4910 44.5312 100.0000
12.2215 0 200 -0.5634 44.5312 100.0000
12.2227 0 200 -0.5480 44.5312 100.0000
12.2240 0 200 -0.6006 44.5312 100.0000
12.2253 0 200 -0.4758 44.5312 100.0000
12.2266 0 200 -0.3796 44.5312 100.0000
12.2278 0 200 -0.3672 44.5312 100.0000
12.2291 0 200 -0.2713 44.5312 100.0000
12.2303 0 200 -0.1645 44.5312 100.0000
12.2316 0 200 -0.0952 44.5312 100.0000
12.2329 0 200 -0.0901 44.5312 100.0000
12.2341 0 200 -0.0776 44.5312 100.0000
12.2354 0 200 -0.0461 44.5312 100.0000
12.2367 0 200 -0.0594 44.5312 100.0000
12.2379 0 200 -0.1102 44.5312 100.0000
12.2392 0 200 -0.0293 44.5312 100.0000
12.2405 0 200 0.0125 44.5312 100.0000
12.2418 0 200 -0.0538 44.5312 100.0000
12.2430 0 200 0.0078 44.5312 100.0000
12.2443 0 200 0.0050 44.5312 100.0000
12.2455 0 200 0.0054 44.5312 100.0000
12.2468 0 200 0.0531 44.5312 100.0000
12.2480 0 200 0.0932 44.5312 100.0000
12.2493 0 200 0.1114 44.5312 100.0000
12.2505 0 200 0.0870 44.5312 100.0000
12.2517 0 200 0.0580 44.5312 100.0000
12.2530 0 200 0.0538 44.5312 100.0000
12.2542 0 200 0.1123 44.5312 100.0000
12.2554 0 200 0.1457 44.5312 100.0000
12.2567 0 200 0.2506 44.5312 100.0000
12.2579 0 200 0.2532 44.5312 100.0000
12.2592 0 200 0.2868 44.5312 100.0000
12.2604 0 200 0.2179 44.5312 100.0000
12.2617 0 200 0.2312 44.5312 100.0000
12.2629 0 200 0.1957 44.5312 100.0000
12.2642 0 200 0.1353 44.5312 100.0000
12.2654 0 200 0.1014 44.5312 100.0000
12.2667 0 200 0.0035 44.5312 100.0000
12.2679 0 200 0.0150 44.5312 100.0000
12.2693 0 200 -0.0254 44.5312 100.0000
12.2705 0 200 0.0205 44.5312 100.0000
12.2718 0 200 0.0130 44.5312 100.0000
12.2731 0 200 0.1449 44.5312 100.0000
12.2743 0 200 0.1880 44.5312 100.0000
12.2756 0 200 0.1630 44.5312 100.0000
12.2769 0 200 0.1213 44.5312 100.0000
12.2781 0 200 0.1096 44.5312 100.0000
12.2796 0 200 0.0805 44.5312 100.0000
12.2809 0 200 0.1225 44.5312 100.0000
12.2822 0 200 0.0096 44.5312 100.0000
12.2836 0 200 0.0773 44.5312 100.0000
12.2851 0 200 0.0732 44.5312 100.0000
12.2864 0 200 0.0952 44.5312 100.0000
12.2879 0 200 0.2114 44.5312 100.0000
12.2892 0 200 0.2211 44.5312 100.0000
12.2906 0 200 0.3069 44.5312 100.0000
12.2919 0 200 0.1939 44.5312 100.0000
12.2932 0 200 0.1540 44.5312 100.0000
12.2946 0 200 0.2507 44.5312 100.0000
12.2959 0 200 0.2203 44.5312 100.0000
12.2974 0 200 0.1381 44.5312 100.0000
12.2987 0 200 0.1167 44.5312 100.0000
12.2999 0 200 0.1114 44.5312 100.0000
12.3012 0 200 0.0908 44.5312 100.0000
12.3028 0 200 0.1063 44.5312 100.0000
12.3041 0 200 0.1216 44.5312 100.0000
12.3056 0 200 0.1384 44.5312 100.0000
12.3069 0 200 0.1432 44.5312 100.0000
12.3082 0 200 0.2390 44.5312 100.0000
12.3095 0 200 0.2784 44.5312 100.0000
12.3108 0 200 0.2286 44.5312 100.0000
12.3121 0 200 0.1988 44.5312 100.0000
12.3134 0 200 0.0866 44.5312 100.0000
12.3147 0 200 -0.0211 44.5312 100.0000
12.3159 0 200 -0.0291 44.5312 100.0000
12.3172 0 200 0.0659 44.5312 100.0000
12.3185 0 200 0.0068 44.5312 100.0000
12.3198 0 200 -0.0649 44.5312 100.0000
12.3211 0 200 -0.0828 44.5312 100.0000
12.3223 0 200 -0.1325 44.5312 100.0000
12.3236 0 200 -0.1720 44.5312 100.0000
12.3249 0 200 -0.0095 44.5312 100.0000
12.3262 0 200 0.0191 44.5312 100.0000
12.3274 0 200 -0.1007 44.5312 100.0000
12.3287 0 200 -0.1776 44.5312 100.0000
12.3300 0 200 -0.1751 44.5312 100.0000
12.3313 0 200 -0.2250 44.5312 100.0000
12.3326 0 200 -0.1745 44.5312 100.0000
12.3338 0 200 -0.1833 44.5312 100.0000
12.3351 0 200 -0.2274 44.5312 100.0000
12.3364 0 200 -0.1701 44.5312 100.0000
12.3376 0 200 -0.1575 44.5312 100.0000
12.3389 0 200 -0.2049 44.5312 100.0000
12.3401 0 200 -0.2469 44.5312 100.0000
12.3414 0 200 -0.2637 44.5312 100.0000
12.3427 0 200 -0.2648 44.5312 100.0000
12.3439 0 200 -0.3012 44.5312 100.0000
12.3452 0 200 -0.2377 44.5312 100.0000
12.3465 0 200 -0.2977 44.5312 100.0000
12.3478 0 200 -0.2062 44.5312 100.0000
12.3491 0 200 -0.1964 44.5312 100.0000
12.3504 0 200 -0.2063 44.5312 100.0000
12.3517 0 200 -0.3012 44.5312 100.0000
12.3529 0 200 -0.2509 44.5312 100.0000
12.3542 0 200 -0.2123 44.5312 100.0000
12.3555 0 200 -0.1755 44.5312 100.0000
12.3568 0 200 -0.2268 44.5312 100.0000
12.3580 0 200 -0.2065 44.5312 100.0000
12.3593 0 200 -0.2611 44.5312 100.0000
12.3606 0 200 -0.2019 44.5312 100.0000
12.3618 0 200 -0.2190 44.5312 100.0000
12.3631 0 200 -0.2093 44.5312 100.0000
12.3644 0 200 -0.2685 44.5312 100.0000
12.3657 0 200 -0.2122 44.5312 100.0000
12.3670 0 200 -0.1315 44.5312 100.0000
12.3682 0 200 0.0066 44.5312 100.0000
12.3696 0 200 0.1082 44.5312 100.0000
12.3708 0 200 0.0812 44.5312 100.0000
12.3721 0 200 -0.0190 44.5312 100.0000
12.3734 0 200 -0.0537 44.5312 100.0000
12.3747 0 200 0.0026 44.5312 100.0000
12.3760 0 200 -0.0117 44.5312 100.0000
12.3772 0 200 0.0330 44.5312 100.0000
12.3785 0 200 -0.0134 44.5312 100.0000
12.3798 0 200 -0.0804 44.5312 100.0000
12.3811 0 200 -0.0762 44.5312 100.0000
12.3823 0 200 -0.0119 44.5312 100.0000
12.3836 0 200 0.0093 44.5312 100.0000
12.3849 0 200 0.0566 44.5312 100.0000
12.3861 0 200 0.0200 44.5312 100.0000
12.3874 0 200 -0.0010 44.5312 100.0000
12.3886 0 200 0.0049 44.5312 100.0000
12.3899 0 200 -0.0303 44.5312 100.0000
12.3912 0 200 -0.0708 44.5312 100.0000
12.3925 0 200 -0.1446 44.5312 100.0000
12.3937 0 200 -0.1586 44.5312 100.0000
12.3950 0 200 -0.1810 44.5312 100.0000
12.3963 0 200 -0.3006 44.5312 100.0000
12.3975 0 200 -0.2965 44.5312 100.0000
12.3989 0 200 -0.3909 44.5312 100.0000
12.4002 0 200 -0.3327 44.5312 100.0000
12.4014 0 200 -0.3776 44.5312 100.0000
12.4027 0 200 -0.3186 44.5312 100.0000
12.4040 0 200 -0.2777 44.5312 100.0000
12.4053 0 200 -0.2268 44.5312 100.0000
12.4065 0 200 -0.2591 44.5312 100.0000
12.4078 0 200 -0.1980 44.5312 100.0000
12.4090 0 200 -0.2134 44.5312 100.0000
12.4103 0 200 -0.2565 44.5312 100.0000
12.4116 0 200 -0.2930 44.5312 100.0000
12.4129 0 200 -0.3252 44.5312 100.0000
12.4142 0 200 -0.1960 44.5312 100.0000
12.4154 0 200 -0.1872 44.5312 100.0000
12.4167 0 200 -0.1922 44.5312 100.0000
12.4180 0 200 -0.2254 44.5312 100.0000
12.4193 0 200 -0.2872 44.5312 100.0000
12.4206 0 200 -0.3321 44.5312 100.0000
12.4218 0 200 -0.3357 44.5312 100.0000
12.4232 0 200 -0.3661 44.5312 100.0000
12.4245 0 200 -0.4224 44.5312 100.0000
12.4258 0 200 -0.4649 44.5312 100.0000
12.4270 0 200 -0.4717 44.5312 100.0000
12.4283 0 200 -0.4408 44.5312 100.0000
12.4295 0 200 -0.4737 44.5312 100.0000
12.4308 0 200 -0.4900 44.5312 100.0000
12.4321 0 200 -0.4819 44.5312 100.0000
12.4334 0 200 -0.5308 44.5312 100.0000
12.4347 0 200 -0.5798 44.5312 100.0000
12.4359 0 200 -0.5563 44.5312 100.0000
12.4372 0 200 -0.5477 44.5312 100.0000
12.4385 0 200 -0.5393 44.5312 100.0000
12.4397 0 200 -0.5250 44.5312 100.0000
12.4410 0 200 -0.4632 44.5312 100.0000
12.4422 0 200 -0.4382 44.5312 100.0000
12.4435 0 200 -0.4514 44.5312 100.0000
12.4448 0 200 -0.4724 44.5312 100.0000
12.4460 0 200 -0.4441 44.5312 100.0000
12.4473 0 200 -0.4681 44.5312 100.0000
12.4485 0 200 -0.4012 44.5312 100.0000
12.4498 0 200 -0.3798 44.5312 100.0000
12.4510 0 200 -0.3934 44.5312 100.0000
12.4523 0 200 -0.3742 44.5312 100.0000
12.4536 0 200 -0.3186 44.5312 100.0000
12.4548 0 200 -0.2898 44.5312 100.0000
12.4561 0 200 -0.2928 44.5312 100.0000
12.4574 0 200 -0.2302 44.5312 100.0000
12.4586 0 200 -0.1288 44.5312 100.0000
12.4599 0 200 -0.1436 44.5312 100.0000
12.4611 0 200 -0.1197 44.5312 100.0000
12.4623 0 200 -0.0196 44.5312 100.0000
12.4636 0 200 0.0734 44.5312 100.0000
12.4648 0 200 0.1151 44.5312 100.0000
12.4660 0 200 0.0712 44.5312 100.0000
12.4673 0 200 0.0717 44.5312 100.0000
12.4685 0 200 0.1226 44.5312 100.0000
12.4698 0 200 0.0232 44.5312 100.0000
12.4710 0 200 0.0586 44.5312 100.0000
12.4723 0 200 0.0865 44.5312 100.0000
12.4735 0 200 0.0447 44.5312 100.0000
12.4748 0 200 0.1601 44.5312 100.0000
12.4760 0 200 0.1687 44.5312 100.0000
12.4773 0 200 0.1657 44.5312 100.0000
12.4787 0 200 0.0493 44.5312 100.0000
12.4800 0 200 0.1456 45.3125 100.0000
12.4813 0 200 0.1971 45.3125 100.0000
12.4826 0 200 0.1922 45.3125 100.0000
12.4838 0 200 0.1660 45.3125 100.0000
12.4851 0 200 0.1193 45.3125 100.0000
12.4863 0 200 0.1832 45.3125 100.0000
12.4876 0 200 0.2270 45.3125 100.0000
12.4889 0 200 0.1963 45.3125 100.0000
12.4902 0 200 0.2152 45.3125 100.0000
12.4914 0 200 0.2309 45.3125 100.0000
12.4927 0 200 0.1620 45.3125 100.0000
12.4940 0 200 0.2217 45.3125 100.0000
12.4953 0 200 0.2617 45.3125 100.0000
12.4966 0 200 0.1987 45.3125 100.0000
12.4978 0 200 0.2111 45.3125 100.0000
12.4991 0 200 0.2739 45.3125 100.0000
12.5003 0 200 0.2365 45.3125 100.0000
12.5016 0 200 0.2413 45.3125 100.0000
12.5028 0 200 0.2477 45.3125 100.0000
12.5041 0 200 0.3453 45.3125 100.0000
12.5053 0 200 0.3317 45.3125 100.0000
12.5065 0 200 0.3466 45.3125 100.0000
12.5078 0 200 0.3790 45.3125 100.0000
12.5090 0 200 0.3631 45.3125 100.0000
12.5103 0 200 0.3906 45.3125 100.0000
12.5116 0 200 0.3909 45.3125 100.0000
12.5129 0 200 0.3740 45.3125 100.0000
12.5142 0 200 0.3915 45.3125 100.0000
12.5154 0 200 0.3927 45.3125 100.0000
12.5167 0 200 0.3527 45.3125 100.0000
12.5180 0 200 0.4275 45.3125 100.0000
12.5193 0 200 0.4834 45.3125 100.0000
12.5205 0 200 0.4062 45.3125 100.0000
12.5218 0 200 0.3266 45.3125 100.0000
12.5231 0 200 0.2638 45.3125 100.0000
12.5243 0 200 0.3111 45.3125 100.0000
12.5256 0 200 0.3058 45.3125 100.0000
12.5269 0 200 0.2267 45.3125 100.0000
12.5281 0 200 0.2152 45.3125 100.0000
12.5294 0 200 0.1702 45.3125 100.0000
12.5307 0 200 0.2002 45.3125 100.0000
12.5319 0 200 0.2293 45.3125 100.0000
12.5332 0 200 0.1848 45.3125 100.0000
12.5344 0 200 0.1170 45.3125 100.0000
12.5357 0 200 0.1651 42.1875 100.0000
12.5369 0 200 0.1503 42.1875 100.0000
12.5381 0 200 0.1568 42.1875 100.0000
12.5394 0 200 0.2476 42.1875 100.0000
12.5407 0 200 0.1316 42.1875 100.0000
12.5419 0 200 0.1898 42.1875 100.0000
12.5432 0 200 0.1593 42.1875 100.0000
12.5444 0 200 0.0269 42.1875 100.0000
12.5457 0 200 -0.0379 42.1875 100.0000
12.5470 0 200 0.0687 42.1875 100.0000
12.5482 0 200 0.0638 42.1875 100.0000
12.5495 0 200 0.1333 42.1875 100.0000
12.5507 0 200 0.1338 42.1875 100.0000
12.5520 0 200 0.1710 42.1875 100.0000
12.5532 0 200 0.1739 42.1875 100.0000
12.5545 0 200 0.2315 42.1875 100.0000
12.5557 0 200 0.2550 42.1875 100.0000
12.5570 0 200 0.3124 42.1875 100.0000
12.5582 0 200 0.2577 42.1875 100.0000
12.5595 0 200 0.2251 42.1875 100.0000
12.5608 0 200 0.2374 42.1875 100.0000
12.5621 0 200 0.2043 42.1875 100.0000
12.5633 0 200 0.1853 42.1875 100.0000
12.5646 0 200 0.2200 42.1875 100.0000
12.5658 0 200 0.2655 42.1875 100.0000
12.5671 0 200 0.2691 42.1875 100.0000
12.5684 0 200 0.2878 42.1875 100.0000
12.5697 0 200 0.2975 42.1875 100.0000
12.5710 0 200 0.2844 42.1875 100.0000
12.5723 0 200 0.3033 42.1875 100.0000
12.5735 0 200 0.3293 42.1875 100.0000
12.5747 0 200 0.3184 42.1875 100.0000
12.5760 0 200 0.2623 42.1875 100.0000
12.5773 0 200 0.1803 42.1875 100.0000
12.5785 0 200 0.1865 42.1875 100.0000
12.5798 0 200 0.1505 42.1875 100.0000
12.5811 0 200 0.1627 42.1875 100.0000
12.5824 0 200 0.1840 42.1875 100.0000
12.5837 0 200 0.1727 42.1875 100.0000
12.5849 0 200 0.1968 42.1875 100.0000
12.5862 0 200 0.2877 42.1875 100.0000
12.5875 0 200 0.2792 42.1875 100.0000
12.5887 0 200 0.1948 42.1875 100.0000
12.5900 0 200 0.1095 42.1875 100.0000
12.5913 0 200 0.0660 42.1875 100.0000
12.5926 0 200 0.0850 42.1875 100.0000
12.5939 0 200 0.1372 42.1875 100.0000
12.5952 0 200 0.2583 42.1875 100.0000
12.5965 0 200 0.1958 42.1875 100.0000
12.5977 0 200 0.3004 42.1875 100.0000
12.5990 0 200 0.3260 43.7500 100.0000
12.6004 0 200 0.4363 43.7500 100.0000
12.6016 0 200 0.4081 43.7500 100.0000
12.6029 0 200 0.5186 43.7500 100.0000
12.6042 0 200 0.5326 43.7500 100.0000
12.6055 0 200 0.5967 43.7500 100.0000
12.6067 0 200 0.5205 43.7500 100.0000
12.6080 0 200 0.5030 43.7500 100.0000
12.6092 0 200 0.5538 43.7500 100.0000
12.6105 0 200 0.5445 43.7500 100.0000
12.6118 0 200 0.5202 43.7500 100.0000
12.6130 0 200 0.4242 43.7500 100.0000
12.6143 0 200 0.3656 43.7500 100.0000
12.6156 0 200 0.2414 43.7500 100.0000
12.6169 0 200 0.2359 43.7500 100.0000
12.6181 0 200 0.2482 43.7500 100.0000
12.6194 0 200 0.2467 43.7500 100.0000
12.6207 0 200 0.2163 43.7500 100.0000
12.6219 0 200 0.1726 43.7500 100.0000
12.6232 0 200 0.1869 43.7500 100.0000
12.6245 0 200 0.1209 43.7500 100.0000
12.6257 0 200 0.0308 43.7500 100.0000
12.6270 0 200 -0.0529 43.7500 100.0000
12.6283 0 200 -0.0359 43.7500 100.0000
12.6296 0 200 0.0032 43.7500 100.0000
12.6308 0 200 -0.0402 43.7500 100.0000
12.6321 0 200 -0.0520 43.7500 100.0000
12.6334 0 200 -0.0277 43.7500 100.0000
12.6347 0 200 -0.0645 43.7500 100.0000
12.6359 0 200 -0.1316 43.7500 100.0000
12.6372 0 200 -0.0393 43.7500 100.0000
12.6385 0 200 -0.0804 43.7500 100.0000
12.6398 0 200 -0.1366 43.7500 100.0000
12.6411 0 200 -0.1752 43.7500 100.0000
12.6423 0 200 -0.2849 43.7500 100.0000
12.6436 0 200 -0.2708 43.7500 100.0000
12.6449 0 200 -0.3585 43.7500 100.0000
12.6462 0 200 -0.3469 43.7500 100.0000
12.6474 0 200 -0.3184 43.7500 100.0000
12.6488 0 200 -0.2414 43.7500 100.0000
12.6500 0 200 -0.3167 43.7500 100.0000
12.6513 0 200 -0.1660 43.7500 100.0000
12.6526 0 200 -0.1739 43.7500 100.0000
12.6538 0 200 -0.1800 43.7500 100.0000
12.6551 0 200 -0.1427 42.1875 100.0000
12.6564 0 200 -0.1434 42.1875 100.0000
12.6577 0 200 -0.1917 42.1875 100.0000
12.6590 0 200 -0.1934 42.1875 100.0000
12.6603 0 200 -0.2140 42.1875 100.0000
12.6615 0 200 -0.2686 42.1875 100.0000
12.6628 0 200 -0.3094 42.1875 100.0000
12.6640 0 200 -0.3177 42.1875 100.0000
12.6653 0 200 -0.3001 42.1875 100.0000
12.6666 0 200 -0.2743 42.1875 100.0000
12.6678 0 200 -0.2309 42.1875 100.0000
12.6691 0 200 -0.2202 42.1875 100.0000
12.6704 0 200 -0.3062 42.1875 100.0000
12.6717 0 200 -0.2796 42.1875 100.0000
12.6729 0 200 -0.2592 42.1875 100.0000
12.6743 0 200 -0.2821 42.1875 100.0000
12.6755 0 200 -0.3641 42.1875 100.0000
12.6768 0 200 -0.3900 42.1875 100.0000
12.6780 0 200 -0.3679 42.1875 100.0000
12.6793 0 200 -0.3544 42.1875 100.0000
12.6806 0 200 -0.3780 42.1875 100.0000
12.6818 0 200 -0.3563 42.1875 100.0000
12.6831 0 200 -0.3741 42.1875 100.0000
12.6844 0 200 -0.3757 42.1875 100.0000
12.6856 0 200 -0.3902 42.1875 100.0000
12.6869 0 200 -0.4995 42.1875 100.0000
12.6882 0 200 -0.5390 42.1875 100.0000
12.6895 0 200 -0.5974 42.1875 100.0000
12.6907 0 200 -0.6338 42.1875 100.0000
12.6920 0 200 -0.6435 42.1875 100.0000
12.6933 0 200 -0.6461 42.1875 100.0000
12.6945 0 200 -0.5798 42.1875 100.0000
12.6958 0 200 -0.4908 42.1875 100.0000
12.6971 0 200 -0.4978 42.1875 100.0000
12.6984 0 200 -0.4482 42.1875 100.0000
12.6996 0 200 -0.3775 42.1875 100.0000
12.7009 0 200 -0.4693 42.1875 100.0000
12.7022 0 200 -0.3832 42.1875 100.0000
12.7034 0 200 -0.4386 42.1875 100.0000
12.7047 0 200 -0.4367 42.1875 100.0000
12.7060 0 200 -0.5295 42.1875 100.0000
12.7072 0 200 -0.4494 42.1875 100.0000
12.7085 0 200 -0.4148 42.1875 100.0000
12.7098 0 200 -0.4136 42.1875 100.0000
12.7111 0 200 -0.4548 42.1875 100.0000
12.7123 0 200 -0.3704 42.1875 100.0000
12.7136 0 200 -0.3301 42.1875 100.0000
12.7149 0 200 -0.2959 42.1875 100.0000
12.7161 0 200 -0.2974 42.1875 100.0000
12.7174 0 200 -0.2485 42.1875 100.0000
12.7187 0 200 -0.2990 42.1875 100.0000
12.7200 0 200 -0.2577 42.1875 100.0000
12.7212 0 200 -0.2819 42.1875 100.0000
12.7225 0 200 -0.2073 42.1875 100.0000
12.7237 0 200 -0.2788 42.1875 100.0000
12.7250 0 200 -0.2232 42.1875 100.0000
12.7263 0 200 -0.2438 42.1875 100.0000
12.7276 0 200 -0.2852 38.2812 100.0000
12.7289 0 200 -0.2965 38.2812 100.0000
12.7302 0 200 -0.3328 38.2812 100.0000
12.7315 0 200 -0.3505 38.2812 100.0000
12.7327 0 200 -0.3278 38.2812 100.0000
12.7340 0 200 -0.3242 38.2812 100.0000
12.7353 0 200 -0.3408 38.2812 100.0000
12.7366 0 200 -0.3204 38.2812 100.0000
12.7378 0 200 -0.3752 38.2812 100.0000
12.7391 0 200 -0.3657 38.2812 100.0000
12.7404 0 200 -0.2501 38.2812 100.0000
12.7417 0 200 -0.1966 38.2812 100.0000
12.7429 0 200 -0.1946 38.2812 100.0000
12.7442 0 200 -0.2853 38.2812 100.0000
12.7454 0 200 -0.2366 38.2812 100.0000
12.7467 0 200 -0.1988 38.2812 100.0000
12.7480 0 200 -0.1884 38.2812 100.0000
12.7493 0 200 -0.2140 38.2812 100.0000
12.7505 0 200 -0.1849 38.2812 100.0000
12.7518 0 200 -0.1771 38.2812 100.0000
12.7530 0 200 -0.1440 38.2812 100.0000
12.7543 0 200 -0.0878 38.2812 100.0000
12.7556 0 200 -0.1403 38.2812 100.0000
12.7568 0 200 -0.1854 38.2812 100.0000
12.7581 0 200 -0.2339 38.2812 100.0000
12.7594 0 200 -0.3142 38.2812 100.0000
12.7606 0 200 -0.3710 38.2812 100.0000
12.7619 0 200 -0.3460 38.2812 100.0000
12.7631 0 200 -0.3229 38.2812 100.0000
12.7644 0 200 -0.3328 38.2812 100.0000
12.7657 0 200 -0.3506 38.2812 100.0000
12.7669 0 200 -0.2147 38.2812 100.0000
12.7682 0 200 -0.0943 38.2812 100.0000
12.7694 0 200 -0.1350 38.2812 100.0000
12.7707 0 200 -0.1193 38.2812 100.0000
12.7719 0 200 -0.0931 38.2812 100.0000
12.7732 0 200 -0.0727 38.2812 100.0000
12.7744 0 200 -0.1126 38.2812 100.0000
12.7757 0 200 -0.1211 38.2812 100.0000
12.7770 0 200 -0.0939 38.2812 100.0000
12.7782 0 200 -0.1753 38.2812 100.0000
12.7794 0 200 -0.2049 38.2812 100.0000
12.7807 0 200 -0.2340 38.2812 100.0000
12.7820 0 200 -0.2882 38.2812 100.0000
12.7833 0 200 -0.2489 41.4062 100.0000
12.7846 0 200 -0.1732 41.4062 100.0000
12.7858 0 200 -0.1021 41.4062 100.0000
12.7871 0 200 -0.1178 41.4062 100.0000
12.7884 0 200 -0.1102 41.4062 100.0000
12.7896 0 200 -0.0752 41.4062 100.0000
12.7909 0 200 0.0072 41.4062 100.0000
12.7921 0 200 0.0025 41.4062 100.0000
12.7934 0 200 -0.0872 41.4062 100.0000
12.7947 0 200 -0.0931 41.4062 100.0000
12.7959 0 200 -0.2094 41.4062 100.0000
12.7971 0 200 -0.2935 41.4062 100.0000
12.7984 0 200 -0.2727 41.4062 100.0000
12.7997 0 200 -0.3485 41.4062 100.0000
12.8009 0 200 -0.2619 41.4062 100.0000
12.8022 0 200 -0.1860 41.4062 100.0000
12.8034 0 200 -0.1717 41.4062 100.0000
12.8047 0 200 -0.2248 41.4062 100.0000
12.8059 0 200 -0.2313 41.4062 100.0000
12.8071 0 200 -0.3061 41.4062 100.0000
12.8084 0 200 -0.2626 41.4062 100.0000
12.8097 0 200 -0.2387 41.4062 100.0000
12.8109 0 200 -0.2904 41.4062 100.0000
12.8122 0 200 -0.2897 41.4062 100.0000
12.8135 0 200 -0.2891 41.4062 100.0000
12.8147 0 200 -0.3210 41.4062 100.0000
12.8160 0 200 -0.2574 41.4062 100.0000
12.8173 0 200 -0.1936 41.4062 100.0000
12.8186 0 200 -0.2154 41.4062 100.0000
12.8199 0 200 -0.2838 41.4062 100.0000
12.8212 0 200 -0.2514 41.4062 100.0000
12.8224 0 200 -0.2046 41.4062 100.0000
12.8237 0 200 -0.1525 41.4062 100.0000
12.8250 0 200 -0.0559 41.4062 100.0000
12.8263 0 200 0.0032 41.4062 100.0000
12.8275 0 200 -0.1191 41.4062 100.0000
12.8288 0 200 -0.0286 41.4062 100.0000
12.8301 0 200 -0.0353 41.4062 100.0000
12.8314 0 200 -0.0459 41.4062 100.0000
12.8327 0 200 -0.1213 41.4062 100.0000
12.8339 0 200 -0.1454 41.4062 100.0000
12.8352 0 200 -0.0972 41.4062 100.0000
12.8365 0 200 -0.0603 41.4062 100.0000
12.8378 0 200 -0.0465 41.4062 100.0000
12.8390 0 200 -0.0754 41.4062 100.0000
12.8403 0 200 -0.0570 41.4062 100.0000
12.8416 0 200 -0.1423 41.4062 100.0000
12.8428 0 200 -0.0913 41.4062 100.0000
12.8441 0 200 -0.1424 41.4062 100.0000
12.8454 0 200 -0.2327 41.4062 100.0000
12.8466 0 200 -0.1794 41.4062 100.0000
12.8479 0 200 -0.1425 41.4062 100.0000
12.8492 0 200 -0.1049 41.4062 100.0000
12.8504 0 200 -0.1443 41.4062 100.0000
12.8517 0 200 -0.1602 41.4062 100.0000
12.8529 0 200 -0.1389 41.4062 100.0000
12.8542 0 200 -0.1647 41.4062 100.0000
12.8555 0 200 -0.1888 41.4062 100.0000
12.8567 0 200 -0.2207 41.4062 100.0000
12.8580 0 200 -0.2135 41.4062 100.0000
12.8592 0 200 -0.2118 41.4062 100.0000
12.8605 0 200 -0.1550 41.4062 100.0000
12.8618 0 200 -0.1845 41.4062 100.0000
12.8630 0 200 -0.1267 41.4062 100.0000
12.8643 0 200 -0.0960 41.4062 100.0000
12.8655 0 200 -0.0730 41.4062 100.0000
12.8667 0 200 0.0438 41.4062 100.0000
12.8681 0 200 -0.0295 41.4062 100.0000
12.8693 0 200 0.0474 41.4062 100.0000
12.8707 0 200 -0.0607 41.4062 100.0000
12.8720 0 200 -0.1567 25.7812 100.0000
12.8733 0 200 -0.2195 25.7812 100.0000
12.8745 0 200 -0.2395 25.7812 100.0000
12.8758 0 200 -0.2112 25.7812 100.0000
12.8771 0 200 -0.2164 25.7812 100.0000
12.8784 0 200 -0.1413 25.7812 100.0000
12.8796 0 200 -0.2214 25.7812 100.0000
12.8809 0 200 -0.1004 25.7812 100.0000
12.8822 0 200 -0.0666 25.7812 100.0000
12.8835 0 200 -0.1270 25.7812 100.0000
12.8848 0 200 -0.0199 25.7812 100.0000
12.8860 0 200 0.0693 25.7812 100.0000
12.8873 0 200 0.0357 25.7812 100.0000
12.8886 0 200 0.0617 25.7812 100.0000
12.8899 0 200 0.0025 25.7812 100.0000
12.8911 0 200 0.0238 25.7812 100.0000
12.8924 0 200 -0.0259 25.7812 100.0000
12.8937 0 200 -0.0372 25.7812 100.0000
12.8950 0 200 -0.0149 20.3125 100.0000
12.8963 0 200 0.0454 20.3125 100.0000
12.8976 0 200 0.0627 20.3125 100.0000
12.8988 0 200 0.0274 20.3125 100.0000
12.9001 0 200 0.0726 20.3125 100.0000
12.9014 0 200 0.0551 20.3125 100.0000
12.9027 0 200 0.0956 20.3125 100.0000
12.9040 0 200 0.1843 20.3125 100.0000
12.9053 0 200 0.2170 20.3125 100.0000
12.9066 0 200 0.1725 20.3125 100.0000
12.9078 0 200 0.1725 20.3125 100.0000
12.9091 0 200 0.1114 20.3125 100.0000
12.9104 0 200 0.0428 20.3125 100.0000
12.9117 0 200 0.0260 20.3125 100.0000
12.9130 0 200 0.0141 20.3125 100.0000
12.9142 0 200 0.0063 20.3125 100.0000
12.9155 0 200 -0.0758 20.3125 100.0000
12.9168 0 200 -0.0764 20.3125 100.0000
12.9180 0 200 -0.1022 20.3125 100.0000
12.9193 0 200 -0.1052 20.3125 100.0000
12.9206 0 200 -0.0852 20.3125 100.0000
12.9219 0 200 -0.1090 20.3125 100.0000
12.9231 0 200 -0.1056 20.3125 100.0000
12.9244 0 200 -0.0848 20.3125 100.0000
12.9257 0 200 -0.0785 20.3125 100.0000
12.9270 0 200 -0.1118 20.3125 100.0000
12.9282 0 200 -0.1050 20.3125 100.0000
12.9296 0 200 -0.1562 20.3125 100.0000
12.9309 0 200 -0.1382 20.3125 100.0000
12.9321 0 200 -0.1588 20.3125 100.0000
12.9334 0 200 -0.1813 20.3125 100.0000
12.9347 0 200 -0.2770 20.3125 100.0000
12.9360 0 200 -0.3121 20.3125 100.0000
12.9372 0 200 -0.3145 20.3125 100.0000
12.9385 0 200 -0.3412 20.3125 100.0000
12.9398 0 200 -0.2923 20.3125 100.0000
12.9411 0 200 -0.2521 20.3125 100.0000
12.9424 0 200 -0.2838 20.3125 100.0000
12.9436 0 200 -0.3391 20.3125 100.0000
12.9449 0 200 -0.2753 20.3125 100.0000
12.9462 0 200 -0.2213 20.3125 100.0000
12.9475 0 200 -0.0738 20.3125 100.0000
12.9487 0 200 -0.0466 20.3125 100.0000
12.9500 0 200 0.0123 20.3125 100.0000
12.9513 0 200 0.0456 7.0312 100.0000
12.9526 0 200 0.1130 7.0312 100.0000
12.9539 0 200 0.1793 7.0312 100.0000
12.9552 0 200 0.2175 7.0312 100.0000
12.9564 0 200 0.2380 7.0312 100.0000
12.9577 0 200 0.2558 7.0312 100.0000
12.9590 0 200 0.3483 7.0312 100.0000
12.9603 0 200 0.2675 7.0312 100.0000
12.9616 0 200 0.2937 7.0312 100.0000
12.9628 0 200 0.2322 7.0312 100.0000
12.9641 0 200 0.2791 7.0312 100.0000
12.9654 0 200 0.2650 7.0312 100.0000
12.9666 0 200 0.3063 7.0312 100.0000
12.9679 0 200 0.2996 7.0312 100.0000
12.9692 0 200 0.3472 7.0312 100.0000
12.9705 0 200 0.4033 7.0312 100.0000
12.9717 0 200 0.3174 7.0312 100.0000
12.9730 0 200 0.4488 7.0312 100.0000
12.9743 0 200 0.4402 7.0312 100.0000
12.9756 0 200 0.3945 7.0312 100.0000
12.9768 0 200 0.3226 7.0312 100.0000
12.9781 0 200 0.2324 7.0312 100.0000
12.9794 0 200 0.1777 7.0312 100.0000
12.9806 0 200 0.2126 7.0312 100.0000
12.9819 0 200 0.1829 7.0312 100.0000
12.9831 0 200 0.1280 7.0312 100.0000
12.9844 0 200 0.1332 7.0312 100.0000
12.9856 0 200 0.0665 7.0312 100.0000
12.9869 0 200 -0.0213 7.0312 100.0000
12.9882 0 200 -0.0083 7.0312 100.0000
12.9894 0 200 0.0250 7.0312 100.0000
12.9907 0 200 -0.0619 7.0312 100.0000
12.9920 0 200 -0.0170 7.0312 100.0000
12.9932 0 200 0.0264 7.0312 100.0000
12.9945 0 200 0.0818 7.0312 100.0000
12.9958 0 200 0.0390 7.0312 100.0000
12.9971 0 200 0.1250 7.0312 100.0000
12.9983 0 200 0.1658 7.0312 100.0000
12.9995 0 200 0.3095 7.0312 100.0000
13.0008 0 200 0.4194 7.0312 100.0000
13.0020 0 200 0.5022 7.0312 100.0000
13.0032 0 200 0.3903 7.0312 100.0000
13.0045 0 200 0.3525 7.0312 100.0000
13.0057 0 200 0.4457 7.0312 100.0000
13.0070 0 200 0.5640 6.2500 100.0000
13.0082 0 200 0.5209 6.2500 100.0000
13.0094 0 200 0.5643 6.2500 100.0000
13.0107 0 200 0.6059 6.2500 100.0000
13.0119 0 200 0.5243 6.2500 100.0000
13.0131 0 200 0.5498 6.2500 100.0000
13.0144 0 200 0.5733 6.2500 100.0000
13.0156 0 200 0.6526 6.2500 100.0000
13.0168 0 200 0.6313 6.2500 100.0000
13.0181 0 200 0.6584 6.2500 100.0000
13.0193 0 200 0.6346 6.2500 100.0000
13.0205 0 200 0.5892 6.2500 100.0000
13.0218 0 200 0.5786 6.2500 100.0000
13.0230 0 200 0.5734 6.2500 100.0000
13.0243 0 200 0.6569 6.2500 100.0000
13.0255 0 200 0.6036 6.2500 100.0000
13.0267 0 200 0.6650 6.2500 100.0000
13.0280 0 200 0.7611 6.2500 100.0000
13.0292 0 200 0.7538 6.2500 100.0000
13.0305 0 200 0.8138 6.2500 100.0000
13.0317 0 200 0.7753 6.2500 100.0000
13.0330 0 200 0.6558 6.2500 100.0000
13.0343 0 200 0.6128 6.2500 100.0000
13.0355 0 200 0.5616 6.2500 100.0000
13.0368 0 200 0.5588 6.2500 100.0000
13.0380 0 200 0.5546 6.2500 100.0000
13.0393 0 200 0.5744 6.2500 100.0000
13.0405 0 200 0.5009 6.2500 100.0000
13.0418 0 200 0.4358 6.2500 100.0000
13.0430 0 200 0.3179 6.2500 100.0000
13.0442 0 200 0.3962 6.2500 100.0000
13.0455 0 200 0.3475 6.2500 100.0000
13.0467 0 200 0.4251 6.2500 100.0000
13.0479 0 200 0.3951 6.2500 100.0000
13.0492 0 200 0.3042 6.2500 100.0000
13.0504 0 200 0.3971 6.2500 100.0000
13.0517 0 200 0.3551 6.2500 100.0000
13.0529 0 200 0.2785 6.2500 100.0000
13.0542 0 200 0.2389 6.2500 100.0000
13.0555 0 200 0.1677 6.2500 100.0000
13.0567 0 200 0.0906 6.2500 100.0000
13.0580 0 200 0.0600 6.2500 100.0000
13.0592 0 200 0.0376 6.2500 100.0000
13.0605 0 200 0.1797 6.2500 100.0000
13.0617 0 200 0.2105 6.2500 100.0000
13.0630 0 200 0.2333 2.3438 100.0000
13.0643 0 200 0.1323 2.3438 100.0000
13.0655 0 200 0.1303 2.3438 100.0000
13.0668 0 200 0.1796 2.3438 100.0000
13.0680 0 200 0.3107 2.3438 100.0000
13.0693 0 200 0.2946 2.3438 100.0000
13.0706 0 200 0.3842 2.3438 100.0000
13.0718 0 200 0.3494 2.3438 100.0000
13.0731 0 200 0.1996 2.3438 100.0000
13.0744 0 200 0.1859 2.3438 100.0000
13.0756 0 200 0.1770 2.3438 100.0000
13.0769 0 200 0.1855 2.3438 100.0000
13.0781 0 200 0.1315 2.3438 100.0000
13.0794 0 200 0.0968 2.3438 100.0000
13.0806 0 200 0.0421 2.3438 100.0000
13.0818 0 200 -0.0511 2.3438 100.0000
13.0831 0 200 -0.0999 2.3438 100.0000
13.0843 0 200 -0.0716 2.3438 100.0000
13.0855 0 200 0.0185 2.3438 100.0000
13.0867 0 200 0.0047 2.3438 100.0000
13.0880 0 200 0.0384 2.3438 100.0000
13.0892 0 200 0.0216 2.3438 100.0000
13.0904 0 200 -0.0405 2.3438 100.0000
13.0917 0 200 -0.0137 2.3438 100.0000
13.0929 0 200 -0.0589 2.3438 100.0000
13.0941 0 200 -0.0884 2.3438 100.0000
13.0954 0 200 -0.0473 2.3438 100.0000
13.0966 0 200 -0.1403 2.3438 100.0000
13.0978 0 200 -0.1630 2.3438 100.0000
13.0991 0 200 -0.0885 2.3438 100.0000
13.1003 0 200 -0.0840 2.3438 100.0000
13.1016 0 200 0.0439 2.3438 100.0000
13.1028 0 200 -0.0080 2.3438 100.0000
13.1040 0 200 -0.0879 2.3438 100.0000
13.1052 0 200 -0.1669 2.3438 100.0000
13.1065 0 200 -0.0626 2.3438 100.0000
13.1077 0 200 -0.0686 2.3438 100.0000
13.1090 0 200 0.0499 2.3438 100.0000
13.1102 0 200 -0.0146 2.3438 100.0000
13.1115 0 200 0.0049 2.3438 100.0000
13.1127 0 200 0.0189 2.3438 100.0000
13.1140 0 200 -0.0566 2.3438 100.0000
13.1153 0 200 -0.1110 2.3438 100.0000
13.1165 0 200 -0.1516 2.3438 100.0000
13.1178 0 200 -0.2427 2.3438 100.0000
13.1190 0 200 -0.1975 2.3438 100.0000
13.1203 0 200 -0.2837 2.3438 100.0000
13.1216 0 200 -0.2837 2.3438 100.0000
13.1228 0 200 -0.2973 2.3438 100.0000
13.1241 0 200 -0.3226 2.3438 100.0000
13.1253 0 200 -0.3324 2.3438 100.0000
13.1266 0 200 -0.2825 2.3438 100.0000
13.1279 0 200 -0.2471 2.3438 100.0000
13.1291 0 200 -0.3335 2.3438 100.0000
13.1304 0 200 -0.3811 2.3438 100.0000
13.1316 0 200 -0.3330 2.3438 100.0000
13.1329 0 200 -0.3964 2.3438 100.0000
13.1341 0 200 -0.3913 2.3438 100.0000
13.1354 0 200 -0.3600 2.3438 100.0000
13.1367 0 200 -0.3421 2.3438 100.0000
13.1379 0 200 -0.2749 2.3438 100.0000
13.1392 0 200 -0.3875 2.3438 100.0000
13.1404 0 200 -0.3496 2.3438 100.0000
13.1417 0 200 -0.4297 2.3438 100.0000
13.1429 0 200 -0.5488 2.3438 100.0000
13.1442 0 200 -0.5302 2.3438 100.0000
13.1455 0 200 -0.5413 2.3438 100.0000
13.1467 0 200 -0.5507 2.3438 100.0000
13.1480 0 200 -0.5682 2.3438 100.0000
13.1492 0 200 -0.6485 2.3438 100.0000
13.1505 0 200 -0.7061 2.3438 100.0000
13.1517 0 200 -0.7348 2.3438 100.0000
13.1530 0 200 -0.7101 2.3438 100.0000
13.1543 0 200 -0.6798 2.3438 100.0000
13.1555 0 200 -0.6839 2.3438 100.0000
13.1568 0 200 -0.6834 2.3438 100.0000
13.1580 0 200 -0.6465 2.3438 100.0000
13.1593 0 200 -0.6261 2.3438 100.0000
13.1605 0 200 -0.5166 2.3438 100.0000
13.1618 0 200 -0.3898 2.3438 100.0000
13.1631 0 200 -0.4041 2.3438 100.0000
13.1643 0 200 -0.4091 2.3438 100.0000
13.1656 0 200 -0.3771 2.3438 100.0000
13.1668 0 200 -0.4075 2.3438 100.0000
13.1681 0 200 -0.3927 2.3438 100.0000
13.1694 0 200 -0.4120 2.3438 100.0000
13.1706 0 200 -0.4016 2.3438 100.0000
13.1719 0 200 -0.3944 2.3438 100.0000
13.1731 0 200 -0.4787 2.3438 100.0000
13.1744 0 200 -0.4877 2.3438 100.0000
13.1756 0 200 -0.4680 2.3438 100.0000
13.1769 0 200 -0.4088 2.3438 100.0000
13.1782 0 200 -0.3943 2.3438 100.0000
13.1794 0 200 -0.4139 2.3438 100.0000
13.1807 0 200 -0.4204 2.3438 100.0000
13.1819 0 200 -0.3959 2.3438 100.0000
13.1832 0 200 -0.3441 2.3438 100.0000
13.1844 0 200 -0.3288 2.3438 100.0000
13.1857 0 200 -0.2588 2.3438 100.0000
13.1870 0 200 -0.1805 2.3438 100.0000
13.1882 0 200 -0.1680 2.3438 100.0000
13.1895 0 200 -0.2553 2.3438 100.0000
13.1907 0 200 -0.1527 2.3438 100.0000
13.1920 0 200 -0.0791 2.3438 100.0000
13.1933 0 200 -0.0723 2.3438 100.0000
13.1945 0 200 -0.1258 2.3438 100.0000
13.1958 0 200 -0.1015 2.3438 100.0000
13.1970 0 200 -0.0437 2.3438 100.0000
13.1983 0 200 0.0150 2.3438 100.0000
13.1995 0 200 0.0709 2.3438 100.0000
13.2008 0 200 0.0791 2.3438 100.0000
13.2020 0 200 0.0413 2.3438 100.0000
13.2032 0 200 0.1518 2.3438 100.0000
13.2045 0 200 0.0811 2.3438 100.0000
13.2057 0 200 0.1435 2.3438 100.0000
13.2069 0 200 0.1089 2.3438 100.0000
13.2081 0 200 0.1014 2.3438 100.0000
13.2094 0 200 0.1508 2.3438 100.0000
13.2107 0 200 0.3009 2.3438 100.0000
13.2119 0 200 0.3069 2.3438 100.0000
13.2132 0 200 0.2561 2.3438 100.0000
13.2145 0 200 0.2410 2.3438 100.0000
13.2157 0 200 0.2805 2.3438 100.0000
13.2170 0 200 0.3684 2.3438 100.0000
13.2183 0 200 0.3679 2.3438 100.0000
13.2196 0 200 0.3118 2.3438 100.0000
13.2209 0 200 0.2904 2.3438 100.0000
13.2222 0 200 0.3836 2.3438 100.0000
13.2235 0 200 0.4359 2.3438 100.0000
13.2248 0 200 0.4514 2.3438 100.0000
13.2260 0 200 0.3092 2.3438 100.0000
13.2273 0 200 0.3872 2.3438 100.0000
13.2286 0 200 0.3477 2.3438 100.0000
13.2299 0 200 0.3177 2.3438 100.0000
13.2311 0 200 0.2067 2.3438 100.0000
13.2324 0 200 0.1166 2.3438 100.0000
13.2337 0 200 0.0904 2.3438 100.0000
13.2349 0 200 0.1201 2.3438 100.0000
13.2362 0 200 0.2001 2.3438 100.0000
13.2375 0 200 0.1963 2.3438 100.0000
13.2387 0 200 0.2254 2.3438 100.0000
13.2400 0 200 0.1595 2.3438 100.0000
13.2413 0 200 0.1497 2.3438 100.0000
13.2426 0 200 0.0650 2.3438 100.0000
13.2438 0 200 0.0535 2.3438 100.0000
13.2451 0 200 0.0043 2.3438 100.0000
13.2464 0 200 -0.0146 2.3438 100.0000
13.2477 0 200 -0.0043 2.3438 100.0000
13.2489 0 200 -0.0812 2.3438 100.0000
13.2502 0 200 -0.0470 2.3438 100.0000
13.2514 0 200 -0.0867 2.3438 100.0000
13.2527 0 200 -0.0855 2.3438 100.0000
13.2539 0 200 -0.1709 2.3438 100.0000
13.2552 0 200 -0.2057 2.3438 100.0000
13.2564 0 200 -0.1819 2.3438 100.0000
13.2577 0 200 -0.1793 2.3438 100.0000
13.2589 0 200 -0.1397 2.3438 100.0000
13.2602 0 200 -0.1379 2.3438 100.0000
13.2615 0 200 -0.0855 2.3438 100.0000
13.2627 0 200 -0.1203 2.3438 100.0000
13.2640 0 200 -0.1038 2.3438 100.0000
13.2653 0 200 -0.1020 2.3438 100.0000
13.2666 0 200 -0.2075 2.3438 100.0000
13.2678 0 200 -0.1259 2.3438 100.0000
13.2691 0 200 -0.2516 2.3438 100.0000
13.2704 0 200 -0.2571 2.3438 100.0000
13.2716 0 200 -0.2814 2.3438 100.0000
13.2729 0 200 -0.2710 2.3438 100.0000
13.2742 0 200 -0.3327 2.3438 100.0000
13.2755 0 200 -0.3387 2.3438 100.0000
13.2767 0 200 -0.3005 2.3438 100.0000
13.2780 0 200 -0.3712 2.3438 100.0000
13.2793 0 200 -0.5088 2.3438 100.0000
13.2805 0 200 -0.5138 2.3438 100.0000
13.2818 0 200 -0.4996 2.3438 100.0000
13.2831 0 200 -0.4810 2.3438 100.0000
13.2843 0 200 -0.4908 2.3438 100.0000
13.2856 0 200 -0.4823 2.3438 100.0000
13.2869 0 200 -0.4292 2.3438 100.0000
13.2881 0 200 -0.4654 2.3438 100.0000
13.2894 0 200 -0.5561 2.3438 100.0000
13.2906 0 200 -0.6957 2.3438 100.0000
13.2919 0 200 -0.6256 2.3438 100.0000
13.2932 0 200 -0.7620 2.3438 100.0000
13.2944 0 200 -0.7969 2.3438 100.0000
13.2957 0 200 -0.7824 2.3438 100.0000
13.2971 0 200 -0.8960 2.3438 100.0000
13.2983 0 200 -0.7952 2.3438 100.0000
13.2996 0 200 -0.8315 2.3438 100.0000
13.3009 0 200 -0.8751 2.3438 100.0000
13.3022 0 200 -0.8879 2.3438 100.0000
13.3035 0 200 -0.8693 2.3438 100.0000
13.3047 0 200 -0.8578 2.3438 100.0000
13.3060 0 200 -0.8240 2.3438 100.0000
13.3072 0 200 -0.7879 2.3438 100.0000
13.3085 0 200 -0.7750 2.3438 100.0000
13.3097 0 200 -0.7891 2.3438 100.0000
13.3110 0 200 -0.6780 2.3438 100.0000
13.3123 0 200 -0.6138 2.3438 100.0000
13.3135 0 200 -0.5700 -0.0000 100.0000
13.3148 0 200 -0.5303 -0.0000 100.0000
13.3161 0 200 -0.5288 -0.0000 100.0000
13.3174 0 200 -0.4679 -0.0000 100.0000
13.3187 0 200 -0.3976 -0.0000 100.0000
13.3199 0 200 -0.3598 -0.0000 100.0000
13.3212 0 200 -0.1989 -0.0000 100.0000
13.3225 0 200 -0.1808 -0.0000 100.0000
13.3237 0 200 -0.1640 -0.0000 100.0000
13.3250 0 200 -0.1376 -0.0000 100.0000
13.3263 0 200 -0.1049 -0.0000 100.0000
13.3275 0 199 0.0283 -0.0000 100.0000
13.3288 0 199 0.0761 -0.0000 100.0000
13.3301 0 199 0.0362 -0.0000 100.0000
13.3314 0 199 0.0117 -0.0000 100.0000
13.3327 0 199 0.0017 -0.0000 100.0000
13.3339 0 199 -0.0551 -0.0000 100.0000
13.3352 0 199 -0.0496 -0.0000 100.0000
13.3365 0 199 -0.0196 -0.0000 100.0000
13.3377 0 199 -0.0138 -0.0000 100.0000
13.3391 0 199 0.0175 -0.0000 100.0000
13.3403 0 199 0.0755 -0.0000 100.0000
13.3416 0 199 0.2074 -0.0000 100.0000
13.3428 0 199 0.2819 -0.0000 100.0000
13.3441 0 199 0.3158 -0.0000 100.0000
13.3453 0 199 0.3022 -0.0000 100.0000
13.3466 0 199 0.3981 -0.0000 100.0000
13.3478 0 199 0.4300 -0.0000 100.0000
13.3491 0 199 0.4892 -0.0000 100.0000
13.3504 0 199 0.5124 -0.0000 100.0000
13.3517 0 199 0.5563 -0.0000 100.0000
13.3530 0 199 0.6356 -0.0000 100.0000
13.3542 0 199 0.6543 -0.0000 100.0000
13.3555 0 199 0.7422 -0.0000 100.0000
13.3568 0 199 0.7427 -0.0000 100.0000
13.3580 0 199 0.8432 -0.0000 100.0000
13.3593 0 199 0.8958 -0.0000 100.0000
13.3606 0 199 0.9307 -0.0000 100.0000
13.3619 0 199 0.9968 -0.0000 100.0000
13.3631 0 199 1.0047 -0.0000 100.0000
13.3644 0 199 1.0487 -0.0000 100.0000
13.3657 0 199 1.0381 -0.0000 100.0000
13.3669 0 199 0.9631 -0.0000 100.0000
13.3682 0 199 0.9352 -0.0000 100.0000
13.3695 0 199 0.9147 -0.0000 100.0000
13.3708 0 199 0.7930 -0.0000 100.0000
13.3721 0 199 0.8065 -0.0000 100.0000
13.3734 0 199 0.8647 -0.0000 100.0000
13.3746 0 199 0.8540 -0.0000 100.0000
13.3759 0 199 0.8457 -0.0000 100.0000
13.3772 0 199 0.8727 -0.0000 100.0000
13.3784 0 199 0.8788 -0.0000 100.0000
13.3797 0 199 0.8718 -0.0000 100.0000
13.3810 0 199 0.8764 -0.0000 100.0000
13.3823 0 199 0.8458 -0.0000 100.0000
13.3835 0 199 0.8240 -0.0000 100.0000
13.3848 0 199 0.7921 -0.0000 100.0000
13.3861 0 199 0.7668 -0.0000 100.0000
13.3873 0 199 0.8095 -0.0000 100.0000
13.3886 0 199 0.8530 -0.0000 100.0000
13.3899 0 199 0.8727 -0.0000 100.0000
13.3911 0 199 0.8817 -0.0000 100.0000
13.3924 0 199 0.8458 -0.0000 100.0000
13.3937 0 199 0.8628 -0.0000 100.0000
13.3950 0 199 0.8978 -0.0000 100.0000
13.3963 0 199 0.9759 -0.0000 100.0000
13.3976 0 199 0.9869 -0.0000 100.0000
13.3989 0 199 0.8885 -0.0000 100.0000
13.4002 0 199 0.8753 -0.0000 100.0000
13.4014 0 199 0.8855 -0.0000 100.0000
13.4027 0 199 0.9525 -0.0000 100.0000
13.4040 0 199 0.9868 -0.0000 100.0000
13.4053 0 199 0.9223 -0.0000 100.0000
13.4066 0 200 0.9042 75.7812 100.0000
13.4079 0 200 0.9133 75.7812 100.0000
13.4091 0 200 0.9992 75.7812 100.0000
13.4104 0 200 1.0638 75.7812 100.0000
13.4117 0 200 1.0319 75.7812 100.0000
13.4130 0 200 1.0800 75.7812 100.0000
13.4142 0 200 1.0924 75.7812 100.0000
13.4155 0 200 1.0432 75.7812 100.0000
13.4168 0 200 1.0750 75.7812 100.0000
13.4181 0 200 0.9967 75.7812 100.0000
13.4194 0 200 0.9948 75.7812 100.0000
13.4206 0 200 0.9680 75.7812 100.0000
13.4219 0 200 0.9252 75.7812 100.0000
13.4232 0 200 0.9073 75.7812 100.0000
13.4244 0 200 0.8485 75.7812 100.0000
13.4257 0 200 0.7776 75.7812 100.0000
13.4270 0 200 0.7343 75.7812 100.0000
13.4282 0 200 0.7106 75.7812 100.0000
13.4295 0 200 0.7042 75.7812 100.0000
13.4308 0 200 0.6623 75.7812 100.0000
13.4320 0 200 0.5776 75.7812 100.0000
13.4333 0 200 0.5436 75.7812 100.0000
13.4346 0 200 0.5509 75.7812 100.0000
13.4358 0 200 0.5913 75.7812 100.0000
13.4371 0 200 0.5423 75.7812 100.0000
13.4384 0 200 0.5432 75.7812 100.0000
13.4397 0 200 0.5711 75.7812 100.0000
13.4409 0 200 0.5490 75.7812 100.0000
13.4422 0 200 0.4820 75.7812 100.0000
13.4434 0 200 0.4429 75.7812 100.0000
13.4446 0 200 0.3492 75.7812 100.0000
13.4459 0 200 0.3126 75.7812 100.0000
13.4471 0 200 0.2606 75.7812 100.0000
13.4483 0 200 0.2945 75.7812 100.0000
13.4496 0 200 0.3520 75.7812 100.0000
13.4508 0 200 0.3515 75.7812 100.0000
13.4521 0 200 0.3858 75.7812 100.0000
13.4533 0 200 0.2554 75.7812 100.0000
13.4545 0 200 0.1851 75.7812 100.0000
13.4558 0 200 0.1124 75.7812 100.0000
13.4570 0 200 0.1232 75.7812 100.0000
13.4582 0 200 0.0598 75.7812 100.0000
13.4595 0 200 0.1179 75.7812 100.0000
13.4608 0 200 0.0928 75.7812 100.0000
13.4620 0 200 -0.0044 75.7812 100.0000
13.4633 0 200 -0.0793 75.7812 100.0000
13.4646 0 200 -0.2347 75.7812 100.0000
13.4658 0 200 -0.1811 100.0000 100.0000
13.4671 0 200 -0.1893 100.0000 100.0000
13.4684 0 200 -0.1249 100.0000 100.0000
13.4697 0 200 -0.1899 100.0000 100.0000
13.4709 0 200 -0.1612 100.0000 100.0000
13.4722 0 200 -0.2311 100.0000 100.0000
13.4735 0 200 -0.2450 100.0000 100.0000
13.4747 0 200 -0.2600 100.0000 100.0000
13.4760 0 200 -0.2016 100.0000 100.0000
13.4773 0 200 -0.1626 100.0000 100.0000
13.4786 0 200 -0.1274 100.0000 100.0000
13.4798 0 200 -0.1504 100.0000 100.0000
13.4812 0 200 -0.1244 100.0000 100.0000
13.4824 0 200 -0.1860 100.0000 100.0000
13.4837 0 200 -0.1236 100.0000 100.0000
13.4850 0 200 -0.0919 100.0000 100.0000
13.4863 0 200 -0.0780 100.0000 100.0000
13.4875 0 200 -0.0728 100.0000 100.0000
13.4888 0 200 0.0001 100.0000 100.0000
13.4901 0 200 0.0817 100.0000 100.0000
13.4914 0 200 0.0718 100.0000 100.0000
13.4927 0 200 0.0353 100.0000 100.0000
13.4939 0 200 0.1187 100.0000 100.0000
13.4952 0 200 0.1714 100.0000 100.0000
13.4965 0 200 0.2206 100.0000 100.0000
13.4977 0 200 0.2462 100.0000 100.0000
13.4990 0 200 0.2967 100.0000 100.0000
13.5003 0 200 0.3859 100.0000 100.0000
13.5015 0 200 0.3054 100.0000 100.0000
13.5028 0 200 0.3195 100.0000 100.0000
13.5040 0 200 0.3555 100.0000 100.0000
13.5053 0 200 0.3315 100.0000 100.0000
13.5066 0 200 0.2653 100.0000 100.0000
13.5078 0 200 0.2538 100.0000 100.0000
13.5091 0 200 0.2881 100.0000 100.0000
13.5104 0 200 0.2261 100.0000 100.0000
13.5116 0 200 0.1954 100.0000 100.0000
13.5129 0 200 0.1970 100.0000 100.0000
13.5141 0 200 0.2361 100.0000 100.0000
13.5154 0 200 0.1767 100.0000 100.0000
13.5167 0 200 0.2317 100.0000 100.0000
13.5180 0 200 0.3388 95.3125 100.0000
13.5193 0 200 0.3864 95.3125 100.0000
13.5205 0 200 0.3493 95.3125 100.0000
13.5218 0 200 0.4016 95.3125 100.0000
13.5230 0 200 0.4600 95.3125 100.0000
13.5243 0 200 0.4753 95.3125 100.0000
13.5256 0 200 0.4011 95.3125 100.0000
13.5268 0 200 0.4042 95.3125 100.0000
13.5281 0 200 0.3583 95.3125 100.0000
13.5294 0 200 0.2902 95.3125 100.0000
13.5307 0 200 0.2479 95.3125 100.0000
13.5320 0 200 0.1840 95.3125 100.0000
13.5333 0 200 0.1329 95.3125 100.0000
13.5346 0 200 0.0750 95.3125 100.0000
13.5358 0 200 0.0194 95.3125 100.0000
13.5371 0 200 -0.0018 95.3125 100.0000
13.5384 0 200 -0.0503 95.3125 100.0000
13.5397 0 200 -0.1244 95.3125 100.0000
13.5410 0 200 -0.2215 95.3125 100.0000
13.5422 0 200 -0.3251 95.3125 100.0000
13.5435 0 200 -0.3205 95.3125 100.0000
13.5448 0 200 -0.3776 95.3125 100.0000
13.5460 0 200 -0.4074 95.3125 100.0000
13.5473 0 200 -0.3688 95.3125 100.0000
13.5486 0 200 -0.3202 95.3125 100.0000
13.5499 0 200 -0.3399 95.3125 100.0000
13.5511 0 200 -0.3646 95.3125 100.0000
13.5524 0 200 -0.2714 95.3125 100.0000
13.5537 0 200 -0.2943 95.3125 100.0000
13.5550 0 200 -0.2872 95.3125 100.0000
13.5563 0 200 -0.3405 95.3125 100.0000
13.5575 0 200 -0.3676 95.3125 100.0000
13.5588 0 200 -0.2999 95.3125 100.0000
13.5601 0 200 -0.3111 95.3125 100.0000
13.5614 0 200 -0.2828 95.3125 100.0000
13.5627 0 200 -0.3291 95.3125 100.0000
13.5640 0 200 -0.3761 95.3125 100.0000
13.5653 0 200 -0.3031 95.3125 100.0000
13.5665 0 200 -0.2209 95.3125 100.0000
13.5678 0 200 -0.1591 74.2188 100.0000
13.5691 0 200 -0.1403 74.2188 100.0000
13.5705 0 200 -0.1797 74.2188 100.0000
13.5717 0 200 -0.1010 74.2188 100.0000
13.5730 0 200 -0.0269 74.2188 100.0000
13.5743 0 200 0.0797 74.2188 100.0000
13.5756 0 200 0.1025 74.2188 100.0000
13.5769 0 200 0.0672 74.2188 100.0000
13.5782 0 200 0.0700 74.2188 100.0000
13.5795 0 200 0.0648 74.2188 100.0000
13.5808 0 200 0.0442 74.2188 100.0000
13.5821 0 200 0.1146 74.2188 100.0000
13.5833 0 200 0.1529 74.2188 100.0000
13.5846 0 200 0.0250 74.2188 100.0000
13.5859 0 200 0.0472 74.2188 100.0000
13.5872 0 200 -0.0250 74.2188 100.0000
13.5884 0 200 -0.0630 74.2188 100.0000
13.5897 0 200 -0.0945 74.2188 100.0000
13.5910 0 200 -0.1418 74.2188 100.0000
13.5923 0 200 -0.1055 74.2188 100.0000
13.5936 0 200 -0.1715 74.2188 100.0000
13.5948 0 200 -0.2290 74.2188 100.0000
13.5961 0 200 -0.2019 74.2188 100.0000
13.5974 0 200 -0.1425 74.2188 100.0000
13.5986 0 200 -0.0959 74.2188 100.0000
13.5999 0 200 -0.1660 74.2188 100.0000
13.6012 0 200 -0.1441 74.2188 100.0000
13.6025 0 200 -0.1170 74.2188 100.0000
13.6037 0 200 -0.1185 74.2188 100.0000
13.6050 0 200 -0.1443 74.2188 100.0000
13.6063 0 200 -0.1896 74.2188 100.0000
13.6076 0 200 -0.2092 74.2188 100.0000
13.6089 0 200 -0.2501 74.2188 100.0000
13.6101 0 200 -0.3083 74.2188 100.0000
13.6114 0 200 -0.3401 74.2188 100.0000
13.6126 0 200 -0.3451 74.2188 100.0000
13.6139 0 200 -0.3846 74.2188 100.0000
13.6151 0 200 -0.4061 74.2188 100.0000
13.6164 0 200 -0.4021 74.2188 100.0000
13.6177 0 200 -0.4110 74.2188 100.0000
13.6189 0 200 -0.3972 74.2188 100.0000
13.6202 0 200 -0.3745 74.2188 100.0000
13.6215 0 200 -0.3647 74.2188 100.0000
13.6228 0 200 -0.4229 74.2188 100.0000
13.6240 0 200 -0.4348 74.2188 100.0000
13.6253 0 200 -0.4047 74.2188 100.0000
13.6266 0 200 -0.4097 74.2188 100.0000
13.6278 0 200 -0.3851 74.2188 100.0000
13.6291 0 200 -0.2880 74.2188 100.0000
13.6304 0 200 -0.3007 74.2188 100.0000
13.6317 0 200 -0.3058 74.2188 100.0000
13.6330 0 200 -0.2732 74.2188 100.0000
13.6342 0 200 -0.3139 74.2188 100.0000
13.6355 0 200 -0.3864 74.2188 100.0000
13.6368 0 200 -0.2955 74.2188 100.0000
13.6381 0 200 -0.2355 74.2188 100.0000
13.6394 0 200 -0.2341 74.2188 100.0000
13.6406 0 200 -0.2053 74.2188 100.0000
13.6419 0 200 -0.1861 74.2188 100.0000
13.6432 0 200 -0.1682 74.2188 100.0000
13.6444 0 200 -0.1874 74.2188 100.0000
13.6457 0 200 -0.2048 74.2188 100.0000
13.6470 0 200 -0.1975 74.2188 100.0000
13.6483 0 200 -0.2460 74.2188 100.0000
13.6496 0 200 -0.2923 74.2188 100.0000
13.6508 0 200 -0.3005 74.2188 100.0000
13.6521 0 200 -0.2986 74.2188 100.0000
13.6534 0 200 -0.2807 74.2188 100.0000
13.6547 0 200 -0.3706 74.2188 100.0000
13.6559 0 200 -0.3990 74.2188 100.0000
13.6572 0 200 -0.4304 74.2188 100.0000
13.6585 0 200 -0.4525 74.2188 100.0000
13.6598 0 200 -0.4488 74.2188 100.0000
13.6611 0 200 -0.5890 74.2188 100.0000
13.6623 0 200 -0.6100 74.2188 100.0000
13.6636 0 200 -0.5993 74.2188 100.0000
13.6649 0 200 -0.6060 74.2188 100.0000
13.6662 0 200 -0.5837 74.2188 100.0000
13.6675 0 200 -0.6124 74.2188 100.0000
13.6687 0 200 -0.6389 74.2188 100.0000
13.6700 0 200 -0.6848 74.2188 100.0000
13.6713 0 200 -0.6345 74.2188 100.0000
13.6726 0 200 -0.6133 74.2188 100.0000
13.6738 0 200 -0.6056 74.2188 100.0000
13.6751 0 200 -0.6763 74.2188 100.0000
13.6764 0 200 -0.6687 74.2188 100.0000
13.6777 0 200 -0.7639 74.2188 100.0000
13.6789 0 200 -0.7276 74.2188 100.0000
13.6802 0 200 -0.6525 74.2188 100.0000
13.6815 0 200 -0.6329 74.2188 100.0000
13.6828 0 200 -0.6697 74.2188 100.0000
13.6840 0 200 -0.5592 74.2188 100.0000
13.6853 0 200 -0.5987 74.2188 100.0000
13.6866 0 200 -0.6641 74.2188 100.0000
13.6879 0 200 -0.6446 74.2188 100.0000
13.6892 0 200 -0.5099 74.2188 100.0000
13.6904 0 200 -0.4823 74.2188 100.0000
13.6917 0 200 -0.5500 74.2188 100.0000
13.6930 0 200 -0.5393 74.2188 100.0000
13.6942 0 200 -0.4481 74.2188 100.0000
13.6955 0 200 -0.4300 74.2188 100.0000
13.6968 0 200 -0.3053 74.2188 100.0000
13.6981 0 200 -0.2520 74.2188 100.0000
13.6993 0 200 -0.2812 74.2188 100.0000
13.7006 0 200 -0.2455 74.2188 100.0000
13.7019 0 200 -0.1122 74.2188 100.0000
13.7032 0 200 -0.0735 74.2188 100.0000
13.7044 0 200 -0.1105 74.2188 100.0000
13.7057 0 200 -0.0469 74.2188 100.0000
13.7070 0 200 -0.0482 74.2188 100.0000
13.7083 0 200 -0.0021 74.2188 100.0000
13.7096 0 200 0.0353 74.2188 100.0000
13.7109 0 200 0.0727 74.2188 100.0000
13.7122 0 200 0.1037 74.2188 100.0000
13.7135 0 200 0.0997 74.2188 100.0000
13.7148 0 200 0.0084 74.2188 100.0000
13.7160 0 200 -0.0332 74.2188 100.0000
13.7173 0 200 -0.0085 74.2188 100.0000
13.7186 0 200 -0.0233 74.2188 100.0000
13.7198 0 200 -0.0750 74.2188 100.0000
13.7211 0 200 -0.1254 74.2188 100.0000
13.7224 0 200 -0.0958 74.2188 100.0000
13.7237 0 200 -0.0896 74.2188 100.0000
13.7250 0 200 -0.1901 74.2188 100.0000
13.7263 0 200 -0.1606 74.2188 100.0000
13.7276 0 200 -0.1311 74.2188 100.0000
13.7289 0 200 -0.1739 74.2188 100.0000
13.7301 0 200 -0.2177 74.2188 100.0000
13.7314 0 200 -0.1636 74.2188 100.0000
13.7327 0 200 -0.1920 74.2188 100.0000
13.7340 0 200 -0.2140 74.2188 100.0000
13.7352 0 200 -0.1653 74.2188 100.0000
13.7365 0 200 -0.2011 74.2188 100.0000
13.7377 0 200 -0.1531 74.2188 100.0000
13.7390 0 200 -0.1240 74.2188 100.0000
13.7402 0 200 -0.1354 74.2188 100.0000
13.7415 0 200 -0.1230 74.2188 100.0000
13.7428 0 200 -0.1444 74.2188 100.0000
13.7440 0 200 -0.1824 74.2188 100.0000
13.7453 0 200 -0.1052 74.2188 100.0000
13.7465 0 200 -0.0974 74.2188 100.0000
13.7478 0 200 -0.1206 74.2188 100.0000
13.7490 0 200 -0.1600 74.2188 100.0000
13.7503 0 200 -0.1481 74.2188 100.0000
13.7515 0 200 -0.0218 74.2188 100.0000
13.7527 0 200 0.0947 74.2188 100.0000
13.7540 0 200 0.1495 74.2188 100.0000
13.7552 0 200 0.1944 74.2188 100.0000
13.7565 0 200 0.1165 74.2188 100.0000
13.7577 0 200 0.1287 74.2188 100.0000
13.7589 0 200 0.1157 74.2188 100.0000
13.7602 0 200 -0.0092 74.2188 100.0000
13.7615 0 200 0.0287 74.2188 100.0000
13.7627 0 200 0.0199 74.2188 100.0000
13.7640 0 200 -0.0287 74.2188 100.0000
13.7652 0 200 0.0254 74.2188 100.0000
13.7665 0 200 0.0226 74.2188 100.0000
13.7678 0 200 -0.0365 74.2188 100.0000
13.7690 0 200 -0.0634 74.2188 100.0000
13.7703 0 200 -0.1231 74.2188 100.0000
13.7715 0 200 -0.1421 74.2188 100.0000
13.7727 0 200 -0.1451 74.2188 100.0000
13.7740 0 200 -0.0817 74.2188 100.0000
13.7752 0 200 -0.0904 74.2188 100.0000
13.7765 0 200 -0.1113 74.2188 100.0000
13.7778 0 200 -0.0026 74.2188 100.0000
13.7790 0 200 0.0445 74.2188 100.0000
13.7803 0 200 -0.0123 74.2188 100.0000
13.7815 0 200 -0.0419 74.2188 100.0000
13.7827 0 200 -0.0518 74.2188 100.0000
13.7840 0 200 -0.0605 74.2188 100.0000
13.7852 0 200 -0.0167 74.2188 100.0000
13.7865 0 200 -0.0299 74.2188 100.0000
13.7878 0 200 0.0554 74.2188 100.0000
13.7890 0 200 0.0749 74.2188 100.0000
13.7903 0 200 0.0994 74.2188 100.0000
13.7915 0 200 0.0820 74.2188 100.0000
13.7928 0 200 0.1912 74.2188 100.0000
13.7941 0 200 0.1807 74.2188 100.0000
13.7953 0 200 0.1495 74.2188 100.0000
13.7966 0 200 0.2292 74.2188 100.0000
13.7979 0 200 0.1935 74.2188 100.0000
13.7991 0 200 0.1534 74.2188 100.0000
13.8004 0 200 0.2251 74.2188 100.0000
13.8017 0 200 0.2321 74.2188 100.0000
13.8029 0 200 0.2810 74.2188 100.0000
13.8042 0 200 0.2945 74.2188 100.0000
13.8054 0 200 0.2430 74.2188 100.0000
13.8067 0 200 0.1302 74.2188 100.0000
13.8080 0 200 0.1077 74.2188 100.0000
13.8093 0 200 0.1774 74.2188 100.0000
13.8106 0 200 0.1827 74.2188 100.0000
13.8119 0 200 0.2156 74.2188 100.0000
13.8132 0 200 0.2927 74.2188 100.0000
13.8145 0 200 0.3359 74.2188 100.0000
13.8157 0 200 0.2671 74.2188 100.0000
13.8170 0 200 0.3540 74.2188 100.0000
13.8183 0 199 0.3564 -0.0000 100.0000
13.8197 0 199 0.3682 -0.0000 100.0000
13.8209 0 199 0.2801 -0.0000 100.0000
13.8222 0 199 0.2316 -0.0000 100.0000
13.8235 0 199 0.2203 -0.0000 100.0000
13.8247 0 199 0.1511 -0.0000 100.0000
13.8260 0 199 0.1290 -0.0000 100.0000
13.8273 0 199 0.1297 -0.0000 100.0000
13.8286 0 199 0.1608 -0.0000 100.0000
13.8299 0 199 0.2696 -0.0000 100.0000
13.8312 0 199 0.3211 -0.0000 100.0000
13.8324 0 199 0.2876 -0.0000 100.0000
13.8337 0 199 0.2630 -0.0000 100.0000
13.8350 0 199 0.2125 -0.0000 100.0000
13.8362 0 199 0.1676 -0.0000 100.0000
13.8375 0 199 0.2183 -0.0000 100.0000
13.8388 0 199 0.2442 -0.0000 100.0000
13.8401 0 199 0.2743 -0.0000 100.0000
13.8414 0 199 0.1338 -0.0000 100.0000
13.8426 0 199 0.1750 -0.0000 100.0000
13.8439 0 199 0.1576 -0.0000 100.0000
13.8452 0 199 0.1697 -0.0000 100.0000
13.8465 0 199 0.1944 -0.0000 100.0000
13.8477 0 199 0.0513 -0.0000 100.0000
13.8490 0 199 0.0093 -0.0000 100.0000
13.8503 0 199 0.0327 -0.0000 100.0000
13.8516 0 199 0.0444 -0.0000 100.0000
13.8528 0 199 0.0436 -0.0000 100.0000
13.8541 0 199 -0.0350 -0.0000 100.0000
13.8554 0 199 0.0044 -0.0000 100.0000
13.8567 0 199 -0.0406 -0.0000 100.0000
13.8580 0 199 -0.0599 -0.0000 100.0000
13.8592 0 199 -0.0439 -0.0000 100.0000
13.8605 0 199 -0.0833 -0.0000 100.0000
13.8618 0 199 -0.0236 -0.0000 100.0000
13.8631 0 199 0.0115 -0.0000 100.0000
13.8643 0 199 -0.0220 -0.0000 100.0000
13.8656 0 199 -0.0571 -0.0000 100.0000
13.8668 0 199 -0.0508 -0.0000 100.0000
13.8681 0 199 -0.1922 -0.0000 100.0000
13.8694 0 199 -0.0402 -0.0000 100.0000
13.8706 0 199 -0.1154 -0.0000 100.0000
13.8719 0 199 -0.0235 -0.0000 100.0000
13.8732 0 199 0.0232 -0.0000 100.0000
13.8745 0 199 0.0631 -0.0000 100.0000
13.8758 0 199 0.0801 -0.0000 100.0000
13.8770 0 199 0.2033 -0.0000 100.0000
13.8783 0 199 0.1288 -0.0000 100.0000
13.8796 0 199 0.0427 -0.0000 100.0000
13.8808 0 199 0.0021 -0.0000 100.0000
13.8822 0 199 0.0051 -0.0000 100.0000
13.8834 0 199 -0.0511 -0.0000 100.0000
13.8847 0 199 -0.1458 -0.0000 100.0000
13.8860 0 199 -0.1568 -0.0000 100.0000
13.8873 0 199 -0.1113 -0.0000 100.0000
13.8885 0 199 -0.0472 -0.0000 100.0000
13.8898 0 199 0.0431 -0.0000 100.0000
13.8911 0 199 0.0032 -0.0000 100.0000
13.8924 0 199 -0.0289 -0.0000 100.0000
13.8937 0 199 -0.0453 -0.0000 100.0000
13.8949 0 199 -0.0931 -0.0000 100.0000
13.8962 0 199 -0.0046 -0.0000 100.0000
13.8975 0 199 -0.0107 -0.0000 100.0000
13.8988 0 199 -0.0143 -0.0000 100.0000
13.9000 0 199 -0.0689 -0.0000 100.0000
13.9013 0 199 -0.1342 -0.0000 100.0000
13.9026 0 199 -0.1252 -0.0000 100.0000
13.9039 0 199 -0.2727 -0.0000 100.0000
13.9051 0 199 -0.3629 -0.0000 100.0000
13.9064 0 199 -0.4258 -0.0000 100.0000
13.9077 0 199 -0.3349 -0.0000 100.0000
13.9090 0 199 -0.3929 -0.0000 100.0000
13.9103 0 199 -0.3017 -0.0000 100.0000
13.9115 0 199 -0.2873 -0.0000 100.0000
13.9128 0 199 -0.3157 -0.0000 100.0000
13.9141 0 199 -0.3558 -0.0000 100.0000
13.9154 0 199 -0.2640 -0.0000 100.0000
13.9167 0 199 -0.2897 -0.0000 100.0000
13.9180 0 199 -0.3973 -0.0000 100.0000
13.9192 0 200 -0.3757 -0.0000 100.0000
13.9205 0 200 -0.2418 -0.0000 100.0000
13.9218 0 200 -0.2058 -0.0000 100.0000
13.9230 0 200 -0.1567 -0.0000 100.0000
13.9243 0 200 -0.1458 -0.0000 100.0000
13.9255 0 200 -0.1602 -0.0000 100.0000
13.9268 0 200 -0.1360 -0.0000 100.0000
13.9280 0 200 -0.1852 -0.0000 100.0000
13.9293 0 200 -0.1143 -0.0000 100.0000
13.9306 0 200 -0.1122 -0.0000 100.0000
13.9319 0 200 -0.1185 -0.0000 100.0000
13.9332 0 200 -0.1064 -0.0000 100.0000
13.9345 0 200 -0.0165 -0.0000 100.0000
13.9358 0 200 -0.0698 -0.0000 100.0000
13.9370 0 200 -0.0465 -0.0000 100.0000
13.9383 0 200 -0.0075 -0.0000 100.0000
13.9396 0 199 0.0436 -0.0000 100.0000
13.9408 0 199 0.0442 -0.0000 100.0000
13.9421 0 199 -0.0023 -0.0000 100.0000
13.9434 0 199 0.0420 -0.0000 100.0000
13.9446 0 199 -0.0183 -0.0000 100.0000
13.9459 0 199 -0.0598 -0.0000 100.0000
13.9472 0 199 -0.0096 -0.0000 100.0000
13.9485 0 199 -0.0198 -0.0000 100.0000
13.9498 0 200 -0.0442 -0.0000 100.0000
13.9510 0 200 -0.0130 -0.0000 100.0000
13.9523 0 200 -0.0394 -0.0000 100.0000
13.9536 0 200 -0.1363 -0.0000 100.0000
13.9548 0 200 -0.1262 -0.0000 100.0000
13.9561 0 200 -0.1322 -0.0000 100.0000
13.9573 0 200 -0.0590 -0.0000 100.0000
13.9586 0 200 -0.1477 -0.0000 100.0000
13.9599 0 200 -0.1994 -0.0000 100.0000
13.9611 0 200 -0.1351 -0.0000 100.0000
13.9624 0 200 -0.1531 -0.0000 100.0000
13.9637 0 200 -0.1485 -0.0000 100.0000
13.9650 0 200 -0.0813 -0.0000 100.0000
13.9662 0 199 0.0087 -0.0000 100.0000
13.9675 0 199 0.0084 -0.0000 100.0000
13.9688 0 199 0.1490 -0.0000 100.0000
13.9701 0 199 0.1654 -0.0000 100.0000
13.9714 0 199 0.2039 -0.0000 100.0000
13.9727 0 199 0.1790 -0.0000 100.0000
13.9740 0 199 0.0894 -0.0000 100.0000
13.9752 0 199 -0.0035 -0.0000 100.0000
13.9765 0 199 0.0315 -0.0000 100.0000
13.9778 0 199 0.0501 -0.0000 100.0000
13.9791 0 199 0.1271 -0.0000 100.0000
13.9803 0 199 0.0519 -0.0000 100.0000
13.9816 0 199 0.0555 -0.0000 100.0000
13.9829 0 199 -0.0033 -0.0000 100.0000
13.9841 0 199 0.0937 -0.0000 100.0000
13.9854 0 199 0.1133 -0.0000 100.0000
13.9867 0 199 0.0983 -0.0000 100.0000
13.9879 0 199 0.1067 -0.0000 100.0000
13.9892 0 199 0.1506 -0.0000 100.0000
13.9905 0 199 0.2259 -0.0000 100.0000
13.9918 0 199 0.1438 -0.0000 100.0000
13.9931 0 199 0.1242 -0.0000 100.0000
13.9944 0 199 0.1513 -0.0000 100.0000
13.9957 0 199 0.2400 -0.0000 100.0000
13.9969 0 199 0.3604 -0.0000 100.0000
13.9982 0 199 0.2961 -0.0000 100.0000
13.9995 0 199 0.3396 -0.0000 100.0000
14.0008 0 199 0.3892 -0.0000 100.0000
14.0021 0 199 0.4272 -0.0000 100.0000
14.0033 0 199 0.3945 -0.0000 100.0000
14.0045 0 199 0.5347 -0.0000 100.0000
14.0058 0 199 0.5068 -0.0000 100.0000
14.0070 0 199 0.5181 -0.0000 100.0000
14.0083 0 199 0.4850 -0.0000 100.0000
14.0096 0 199 0.4850 -0.0000 100.0000
14.0108 0 199 0.4775 -0.0000 100.0000
14.0121 0 199 0.5251 -0.0000 100.0000
14.0133 0 199 0.4192 -0.0000 100.0000
14.0146 0 199 0.4033 -0.0000 100.0000
14.0158 0 199 0.3899 -0.0000 100.0000
14.0171 0 199 0.4498 -0.0000 100.0000
14.0184 0 199 0.3914 -0.0000 100.0000
14.0196 0 199 0.4116 -0.0000 100.0000
14.0209 0 199 0.3488 -0.0000 100.0000
14.0221 0 199 0.4564 -0.0000 100.0000
14.0234 0 199 0.4659 -0.0000 100.0000
14.0246 0 199 0.3842 -0.0000 100.0000
14.0259 0 199 0.2635 -0.0000 100.0000
14.0271 0 199 0.2543 -0.0000 100.0000
14.0284 0 199 0.2617 -0.0000 100.0000
14.0297 0 199 0.2111 -0.0000 100.0000
14.0309 0 199 0.2232 -0.0000 100.0000
14.0322 0 199 0.2430 -0.0000 100.0000
14.0334 0 199 0.2624 -0.0000 100.0000
14.0347 0 199 0.3445 -0.0000 100.0000
14.0359 0 199 0.3204 -0.0000 100.0000
14.0372 0 199 0.3652 -0.0000 100.0000
14.0385 0 199 0.3435 -0.0000 100.0000
14.0397 0 199 0.3226 -0.0000 100.0000
14.0409 0 199 0.3131 -0.0000 100.0000
14.0422 0 199 0.3295 -0.0000 100.0000
14.0434 0 199 0.2651 -0.0000 100.0000
14.0446 0 199 0.2572 -0.0000 100.0000
14.0459 0 199 0.2990 -0.0000 100.0000
14.0471 0 199 0.2374 -0.0000 100.0000
14.0484 0 199 0.2590 -0.0000 100.0000
14.0496 0 199 0.2189 -0.0000 100.0000
14.0509 0 199 0.0973 -0.0000 100.0000
14.0521 0 199 -0.0556 -0.0000 100.0000
14.0534 0 199 -0.1894 -0.0000 100.0000
14.0546 0 199 -0.1386 -0.0000 100.0000
14.0559 0 199 -0.1434 -0.0000 100.0000
14.0571 0 199 -0.1036 -0.0000 100.0000
14.0584 0 199 -0.1345 -0.0000 100.0000
14.0596 0 199 -0.1872 -0.0000 100.0000
14.0609 0 199 -0.2616 -0.0000 100.0000
14.0622 0 199 -0.2333 -0.0000 100.0000
14.0634 0 199 -0.1389 -0.0000 100.0000
14.0647 0 199 -0.2212 -0.0000 100.0000
14.0659 0 199 -0.1842 -0.0000 100.0000
14.0672 0 199 -0.2323 -0.0000 100.0000
14.0685 0 199 -0.2399 -0.0000 100.0000
14.0697 0 199 -0.2366 -0.7812 100.0000
14.0709 0 199 -0.3842 -0.7812 100.0000
14.0722 0 199 -0.4174 -0.7812 100.0000
14.0734 0 199 -0.4249 -0.7812 100.0000
14.0746 0 199 -0.4506 -0.7812 100.0000
14.0759 0 199 -0.4689 -0.7812 100.0000
14.0771 0 199 -0.5111 -0.7812 100.0000
14.0783 0 199 -0.6248 -0.7812 100.0000
14.0796 0 199 -0.6042 -0.7812 100.0000
14.0808 0 199 -0.5387 -0.7812 100.0000
14.0820 0 199 -0.5276 -0.7812 100.0000
14.0833 0 199 -0.4481 -0.7812 100.0000
14.0845 0 199 -0.5308 -0.7812 100.0000
14.0857 0 199 -0.4576 -0.7812 100.0000
14.0870 0 199 -0.4625 -0.7812 100.0000
14.0882 0 199 -0.4135 -0.7812 100.0000
14.0894 0 199 -0.3989 -0.7812 100.0000
14.0907 0 199 -0.3464 -0.7812 100.0000
14.0920 0 199 -0.3494 -0.7812 100.0000
14.0932 0 199 -0.2858 -0.7812 100.0000
14.0945 0 199 -0.3465 -0.7812 100.0000
14.0957 0 199 -0.2762 -0.7812 100.0000
14.0970 0 199 -0.2806 -0.7812 100.0000
14.0983 0 199 -0.1781 -0.7812 100.0000
14.0995 0 199 -0.1530 -0.7812 100.0000
14.1008 0 199 -0.1447 -0.7812 100.0000
14.1020 0 199 -0.0749 -0.7812 100.0000
14.1033 0 199 0.0100 -0.7812 100.0000
14.1045 0 199 0.0593 -0.7812 100.0000
14.1058 0 199 0.0612 -0.7812 100.0000
14.1071 0 199 0.0990 -0.7812 100.0000
14.1083 0 199 0.1844 -0.7812 100.0000
14.1096 0 199 0.2988 -0.7812 100.0000
14.1108 0 199 0.2958 -0.7812 100.0000
14.1121 0 199 0.2111 -0.7812 100.0000
14.1133 0 199 0.1987 -0.7812 100.0000
14.1146 0 199 0.1683 -0.7812 100.0000
14.1158 0 199 0.2281 -0.7812 100.0000
14.1171 0 199 0.1988 -0.7812 100.0000
14.1184 0 199 0.1384 -0.7812 100.0000
14.1196 0 199 0.1649 -0.7812 100.0000
14.1209 0 199 0.1638 -0.7812 100.0000
14.1221 0 199 0.1432 -0.7812 100.0000
14.1234 0 199 0.0615 -0.7812 100.0000
14.1246 0 199 0.0857 -0.7812 100.0000
14.1259 0 199 0.1710 -0.7812 100.0000
14.1271 0 199 0.1615 -0.7812 100.0000
14.1284 0 199 0.1920 -0.7812 100.0000
14.1297 0 199 0.1881 -0.7812 100.0000
14.1309 0 199 0.3031 -0.7812 100.0000
14.1322 0 199 0.3195 -0.7812 100.0000
14.1334 0 199 0.2875 -0.7812 100.0000
14.1347 0 199 0.3268 -0.7812 100.0000
14.1359 0 199 0.3051 -0.7812 100.0000
14.1372 0 199 0.2426 -0.7812 100.0000
14.1385 0 199 0.2661 -0.7812 100.0000
14.1397 0 199 0.2115 -0.7812 100.0000
14.1410 0 199 0.1947 -0.7812 100.0000
14.1422 0 199 0.2011 -0.7812 100.0000
14.1435 0 199 0.2292 -3.9062 100.0000
14.1448 0 199 0.2053 -3.9062 100.0000
14.1461 0 199 0.1278 -3.9062 100.0000
14.1473 0 199 0.0963 -3.9062 100.0000
14.1486 0 199 0.0135 -3.9062 100.0000
14.1498 0 199 -0.0239 -3.9062 100.0000
14.1511 0 199 0.0091 -3.9062 100.0000
14.1523 0 199 -0.0420 -3.9062 100.0000
14.1536 0 199 -0.0341 -3.9062 100.0000
14.1549 0 199 -0.0700 -3.9062 100.0000
14.1561 1 198 -0.0556 -3.9062 100.0000
14.1574 1 198 -0.0963 -3.9062 100.0000
14.1586 1 198 -0.1588 -3.9062 100.0000
14.1599 1 198 -0.1624 -3.9062 100.0000
14.1611 1 198 -0.2421 -3.9062 100.0000
14.1623 1 198 -0.2819 -3.9062 100.0000
14.1636 1 198 -0.2620 -3.9062 100.0000
14.1648 1 198 -0.2985 -3.9062 100.0000
14.1660 1 198 -0.3039 -3.9062 100.0000
14.1673 1 198 -0.2989 -3.9062 100.0000
14.1685 1 198 -0.3147 -3.9062 100.0000
14.1697 1 198 -0.4415 -3.9062 100.0000
14.1710 1 198 -0.4156 -3.9062 100.0000
14.1722 1 198 -0.3622 -3.9062 100.0000
14.1734 1 198 -0.2775 -3.9062 100.0000
14.1747 1 198 -0.3035 -3.9062 100.0000
14.1759 1 198 -0.2990 -3.9062 100.0000
14.1771 1 198 -0.3108 -3.9062 100.0000
14.1784 1 198 -0.3240 -3.9062 100.0000
14.1796 1 198 -0.2764 -3.9062 100.0000
14.1809 1 198 -0.3206 -3.9062 100.0000
14.1821 1 198 -0.2776 -3.9062 100.0000
14.1834 1 198 -0.2610 -3.9062 100.0000
14.1846 1 198 -0.1961 -3.9062 100.0000
14.1859 1 198 -0.1865 -3.9062 100.0000
14.1871 1 198 -0.2057 -3.9062 100.0000
14.1884 1 198 -0.1033 -3.9062 100.0000
14.1897 1 198 -0.1421 -3.9062 100.0000
14.1909 2 197 -0.0866 -3.9062 100.0000
14.1922 2 197 0.0048 -3.9062 100.0000
14.1934 2 197 0.0634 -3.9062 100.0000
14.1947 2 197 0.0134 -3.9062 100.0000
14.1959 2 197 -0.0391 -3.9062 100.0000
14.1972 2 197 0.0268 -3.9062 100.0000
14.1984 2 197 0.0683 -3.9062 100.0000
14.1997 2 197 0.0571 -4.6875 100.0000
14.2010 2 197 0.0701 -4.6875 100.0000
14.2023 2 197 0.1258 -4.6875 100.0000
14.2035 2 197 0.2140 -4.6875 100.0000
14.2048 2 197 0.1831 -4.6875 100.0000
14.2060 2 197 0.1898 -4.6875 100.0000
14.2073 2 197 0.1880 -4.6875 100.0000
14.2085 2 197 0.2283 -4.6875 100.0000
14.2098 2 197 0.2623 -4.6875 100.0000
14.2110 2 197 0.1977 -4.6875 100.0000
14.2122 2 197 0.0653 -4.6875 100.0000
14.2135 2 197 0.0564 -4.6875 100.0000
14.2147 2 197 0.0005 -4.6875 100.0000
14.2159 2 197 -0.1567 -4.6875 100.0000
14.2172 2 197 -0.1736 -4.6875 100.0000
14.2184 3 196 -0.2436 -4.6875 100.0000
14.2197 3 196 -0.2302 -4.6875 100.0000
14.2209 3 196 -0.2628 -4.6875 100.0000
14.2221 3 196 -0.3530 -4.6875 100.0000
14.2233 3 196 -0.3876 -4.6875 100.0000
14.2246 3 196 -0.4021 -4.6875 100.0000
14.2258 3 196 -0.4671 -4.6875 100.0000
14.2270 3 196 -0.4858 -4.6875 100.0000
14.2283 3 196 -0.5058 -4.6875 100.0000
14.2295 3 196 -0.4215 -4.6875 100.0000
14.2308 3 196 -0.4421 -4.6875 100.0000
14.2321 3 196 -0.4510 -4.6875 100.0000
14.2333 3 196 -0.4531 -4.6875 100.0000
14.2346 3 196 -0.4816 -4.6875 100.0000
14.2358 3 196 -0.4877 -4.6875 100.0000
14.2371 3 196 -0.3312 -4.6875 100.0000
14.2384 3 196 -0.3840 -4.6875 100.0000
14.2397 3 196 -0.3482 -4.6875 100.0000
14.2410 3 196 -0.2814 -4.6875 100.0000
14.2423 3 196 -0.2449 -4.6875 100.0000
14.2435 3 196 -0.2358 -4.6875 100.0000
14.2448 3 196 -0.2276 -4.6875 100.0000
14.2460 3 196 -0.2537 -4.6875 100.0000
14.2473 4 195 -0.2998 -4.6875 100.0000
14.2486 4 195 -0.2629 -4.6875 100.0000
14.2498 4 195 -0.2224 -4.6875 100.0000
14.2511 4 195 -0.2664 -4.6875 100.0000
14.2523 4 195 -0.2840 -4.6875 100.0000
14.2536 4 195 -0.2448 -4.6875 100.0000
14.2549 4 195 -0.2253 -6.2500 100.0000
14.2562 4 195 -0.2367 -6.2500 100.0000
14.2574 4 195 -0.1828 -6.2500 100.0000
14.2587 4 195 -0.1945 -6.2500 100.0000
14.2600 4 195 -0.1895 -6.2500 100.0000
14.2613 4 195 -0.2241 -6.2500 100.0000
14.2626 4 195 -0.2476 -6.2500 100.0000
14.2639 4 195 -0.2944 -6.2500 100.0000
14.2652 4 195 -0.3833 -6.2500 100.0000
14.2665 4 195 -0.3535 -6.2500 100.0000
14.2677 4 195 -0.3378 -6.2500 100.0000
14.2690 4 195 -0.3245 -6.2500 100.0000
14.2703 5 194 -0.2715 -6.2500 100.0000
14.2716 5 194 -0.1890 -6.2500 100.0000
14.2728 5 194 -0.2346 -6.2500 100.0000
14.2741 5 194 -0.2778 -6.2500 100.0000
14.2754 5 194 -0.2612 -6.2500 100.0000
14.2766 5 194 -0.1959 -6.2500 100.0000
14.2779 5 194 -0.2217 -6.2500 100.0000
14.2792 5 194 -0.2477 -6.2500 100.0000
14.2805 5 194 -0.3029 -6.2500 100.0000
14.2817 5 194 -0.2161 -6.2500 100.0000
14.2830 5 194 -0.2223 -6.2500 100.0000
14.2843 5 194 -0.2133 -6.2500 100.0000
14.2855 5 194 -0.2092 -6.2500 100.0000
14.2868 5 194 -0.1844 -6.2500 100.0000
14.2881 5 194 -0.2381 -6.2500 100.0000
14.2894 5 194 -0.1985 -6.2500 100.0000
14.2906 5 194 -0.2763 -6.2500 100.0000
14.2919 6 193 -0.2606 -6.2500 100.0000
14.2932 6 193 -0.2769 -6.2500 100.0000
14.2945 6 193 -0.1822 -6.2500 100.0000
14.2957 6 193 -0.1991 -6.2500 100.0000
14.2970 6 193 -0.0686 -6.2500 100.0000
14.2983 6 193 -0.0691 -6.2500 100.0000
14.2996 6 193 -0.0592 -6.2500 100.0000
14.3009 6 193 -0.1371 -6.2500 100.0000
14.3021 6 193 -0.2109 -6.2500 100.0000
14.3034 6 193 -0.1605 -6.2500 100.0000
14.3047 6 193 -0.2562 -6.2500 100.0000
14.3059 6 193 -0.2201 -6.2500 100.0000
14.3072 6 193 -0.2741 -6.2500 100.0000
14.3085 6 193 -0.3156 -6.2500 100.0000
14.3098 6 193 -0.2786 -6.2500 100.0000
14.3110 6 193 -0.3036 -8.5938 100.0000
14.3123 7 192 -0.3213 -8.5938 100.0000
14.3136 7 192 -0.3443 -8.5938 100.0000
14.3149 7 192 -0.3246 -8.5938 100.0000
14.3161 7 192 -0.3086 -8.5938 100.0000
14.3174 7 192 -0.3713 -8.5938 100.0000
14.3187 7 192 -0.3618 -8.5938 100.0000
14.3200 7 192 -0.3252 -8.5938 100.0000
14.3213 7 192 -0.3164 -8.5938 100.0000
14.3226 7 192 -0.4209 -8.5938 100.0000
14.3239 7 192 -0.4606 -8.5938 100.0000
14.3251 7 192 -0.5023 -8.5938 100.0000
14.3264 7 192 -0.4803 -8.5938 100.0000
14.3277 8 191 -0.5165 -8.5938 100.0000
14.3290 8 191 -0.4543 -8.5938 100.0000
14.3303 8 191 -0.5282 -8.5938 100.0000
14.3315 8 191 -0.5916 -8.5938 100.0000
14.3328 8 191 -0.5752 -8.5938 100.0000
14.3341 8 191 -0.6099 -8.5938 100.0000
14.3353 8 191 -0.5379 -8.5938 100.0000
14.3366 8 191 -0.4458 -8.5938 100.0000
14.3379 8 191 -0.4217 -8.5938 100.0000
14.3391 8 191 -0.5170 -8.5938 100.0000
14.3404 8 191 -0.3626 -8.5938 100.0000
14.3416 8 191 -0.3549 -8.5938 100.0000
14.3429 9 190 -0.3195 -8.5938 100.0000
14.3442 9 190 -0.3484 -8.5938 100.0000
14.3454 9 190 -0.3836 -8.5938 100.0000
14.3467 9 190 -0.4577 -8.5938 100.0000
14.3479 9 190 -0.4500 -8.5938 100.0000
14.3492 9 190 -0.3387 -8.5938 100.0000
14.3504 9 190 -0.2055 -8.5938 100.0000
14.3517 9 190 -0.1115 -8.5938 100.0000
14.3530 9 190 -0.1125 -8.5938 100.0000
14.3542 9 190 -0.0794 -8.5938 100.0000
14.3555 9 190 -0.0275 -8.5938 100.0000
14.3567 9 190 0.0099 -8.5938 100.0000
14.3580 10 189 0.0631 -8.5938 100.0000
14.3592 10 189 -0.0855 -8.5938 100.0000
14.3605 10 189 0.0326 -8.5938 100.0000
14.3617 10 189 0.0520 -8.5938 100.0000
14.3630 10 189 0.0560 -8.5938 100.0000
14.3643 10 189 0.1359 -8.5938 100.0000
14.3655 10 189 0.1413 -8.5938 100.0000
14.3668 10 189 0.1328 -8.5938 100.0000
14.3681 10 189 0.1804 -8.5938 100.0000
14.3693 10 189 0.2117 -8.5938 100.0000
14.3706 10 189 0.2386 -8.5938 100.0000
14.3719 11 188 0.2201 -15.6250 100.0000
14.3732 11 188 0.2254 -15.6250 100.0000
14.3745 11 188 0.2694 -15.6250 100.0000
14.3758 11 188 0.2408 -15.6250 100.0000
14.3771 11 188 0.1713 -15.6250 100.0000
14.3784 11 188 0.1043 -15.6250 100.0000
14.3796 12 187 0.0522 -15.6250 100.0000
14.3809 12 187 0.0652 -15.6250 100.0000
14.3822 12 187 0.1175 -15.6250 100.0000
14.3835 12 187 0.1365 -15.6250 100.0000
14.3847 12 187 -0.0099 -15.6250 100.0000
14.3860 12 187 0.0283 -15.6250 100.0000
14.3873 12 187 0.0689 -15.6250 100.0000
14.3885 13 186 0.0545 -15.6250 100.0000
14.3898 13 186 0.0865 -15.6250 100.0000
14.3911 13 186 0.0914 -15.6250 100.0000
14.3923 13 186 0.0327 -15.6250 100.0000
14.3936 13 186 -0.0149 -15.6250 100.0000
14.3949 13 186 -0.0807 -15.6250 100.0000
14.3962 14 185 -0.1308 -15.6250 100.0000
14.3974 14 185 -0.1763 -15.6250 100.0000
14.3987 14 185 -0.1139 -15.6250 100.0000
14.4000 14 185 -0.1099 -15.6250 100.0000
14.4013 14 185 -0.2035 -15.6250 100.0000
14.4026 14 185 -0.1436 -15.6250 100.0000
14.4039 14 185 -0.0823 -15.6250 100.0000
14.4052 15 184 -0.0105 -15.6250 100.0000
14.4065 15 184 -0.0306 -15.6250 100.0000
14.4078 15 184 0.0317 -15.6250 100.0000
14.4090 15 184 0.0992 -15.6250 100.0000
14.4103 15 184 0.0183 -15.6250 100.0000
14.4116 15 184 0.0324 -15.6250 100.0000
14.4129 16 183 0.0266 -15.6250 100.0000
14.4142 16 183 0.0106 -15.6250 100.0000
14.4155 16 183 0.0697 -15.6250 100.0000
14.4167 16 183 0.1133 -15.6250 100.0000
14.4180 16 183 0.1984 -15.6250 100.0000
14.4193 16 183 0.2083 -15.6250 100.0000
14.4206 17 182 0.2537 -15.6250 100.0000
14.4219 17 182 0.3667 -15.6250 100.0000
14.4232 17 182 0.3632 -18.7500 100.0000
14.4245 17 182 0.3138 -18.7500 100.0000
14.4258 17 182 0.3204 -18.7500 100.0000
14.4271 17 182 0.3657 -18.7500 100.0000
14.4284 18 181 0.3572 -18.7500 100.0000
14.4297 18 181 0.3663 -18.7500 100.0000
14.4309 18 181 0.3491 -18.7500 100.0000
14.4322 18 181 0.2768 -18.7500 100.0000
14.4334 18 181 0.3465 -18.7500 100.0000
14.4347 19 180 0.2910 -18.7500 100.0000
14.4360 19 180 0.2759 -18.7500 100.0000
14.4372 19 180 0.2062 -18.7500 100.0000
14.4385 19 180 0.1931 -18.7500 100.0000
14.4398 19 180 0.1673 -18.7500 100.0000
14.4411 20 179 0.1520 -18.7500 100.0000
14.4423 20 179 0.1494 -18.7500 100.0000
14.4436 20 179 0.1015 -18.7500 100.0000
14.4449 20 179 0.1657 -18.7500 100.0000
14.4462 20 179 0.1453 -18.7500 100.0000
14.4475 20 179 0.2082 -18.7500 100.0000
14.4488 21 178 0.2145 -18.7500 100.0000
14.4500 21 178 0.2416 -18.7500 100.0000
14.4513 21 178 0.2298 -18.7500 100.0000
14.4526 21 178 0.3149 -18.7500 100.0000
14.4539 21 178 0.2760 -18.7500 100.0000
14.4551 22 177 0.3056 -18.7500 100.0000
14.4564 22 177 0.3007 -18.7500 100.0000
14.4577 22 177 0.3788 -18.7500 100.0000
14.4590 22 177 0.3531 -18.7500 100.0000
14.4603 22 177 0.2447 -18.7500 100.0000
14.4615 23 176 0.2508 -18.7500 100.0000
14.4628 23 176 0.1488 -18.7500 100.0000
14.4640 23 176 0.1669 -18.7500 100.0000
14.4653 23 176 0.1115 -18.7500 100.0000
14.4665 23 176 0.0608 -18.7500 100.0000
14.4678 24 175 -0.0324 -18.7500 100.0000
14.4691 24 175 -0.0933 -18.7500 100.0000
14.4704 24 175 -0.1761 -18.7500 100.0000
14.4716 24 175 -0.1367 -18.7500 100.0000
14.4729 24 175 -0.1926 -18.7500 100.0000
14.4742 24 175 -0.1611 -18.7500 100.0000
14.4754 25 174 -0.2366 -18.7500 100.0000
14.4767 25 174 -0.1648 -18.7500 100.0000
14.4780 25 174 -0.1902 -18.7500 100.0000
14.4793 25 174 -0.2485 -20.3125 100.0000
14.4806 25 174 -0.2617 -20.3125 100.0000
14.4818 26 173 -0.2715 -20.3125 100.0000
14.4831 26 173 -0.3063 -20.3125 100.0000
14.4844 26 173 -0.1920 -20.3125 100.0000
14.4857 26 173 -0.2585 -20.3125 100.0000
14.4869 26 173 -0.1874 -20.3125 100.0000
14.4882 27 172 -0.1651 -20.3125 100.0000
14.4895 27 172 -0.0984 -20.3125 100.0000
14.4908 27 172 -0.1347 -20.3125 100.0000
14.4920 27 172 -0.1858 -20.3125 100.0000
14.4933 27 172 -0.1406 -20.3125 100.0000
14.4946 28 171 -0.1882 -20.3125 100.0000
14.4959 28 171 -0.2145 -20.3125 100.0000
14.4972 28 171 -0.2284 -20.3125 100.0000
14.4985 28 171 -0.1939 -20.3125 100.0000
14.4997 28 171 -0.1404 -20.3125 100.0000
14.5010 29 170 -0.1487 -20.3125 100.0000
14.5022 29 170 -0.1176 -20.3125 100.0000
14.5035 29 170 -0.0760 -20.3125 100.0000
14.5047 29 170 -0.0400 -20.3125 100.0000
14.5060 29 170 0.0186 -20.3125 100.0000
14.5073 30 169 0.0522 -20.3125 100.0000
14.5085 30 169 0.0962 -20.3125 100.0000
14.5098 30 169 0.0824 -20.3125 100.0000
14.5111 30 169 0.1087 -20.3125 100.0000
14.5124 30 169 0.0336 -20.3125 100.0000
14.5137 31 168 -0.0446 -20.3125 100.0000
14.5150 31 168 -0.1274 -20.3125 100.0000
14.5163 31 168 -0.1491 -20.3125 100.0000
14.5175 31 168 -0.0624 -20.3125 100.0000
14.5188 31 168 -0.0485 -20.3125 100.0000
14.5201 32 167 -0.1705 -20.3125 100.0000
14.5213 32 167 -0.2237 -20.3125 100.0000
14.5226 32 167 -0.2554 -20.3125 100.0000
14.5238 32 167 -0.2785 -20.3125 100.0000
14.5252 32 167 -0.1764 -20.3125 100.0000
14.5264 33 166 -0.2602 -20.3125 100.0000
14.5277 33 166 -0.3700 -20.3125 100.0000
14.5290 33 166 -0.4011 -20.3125 100.0000
14.5303 33 166 -0.3822 -20.3125 100.0000
14.5316 33 166 -0.4087 -20.3125 100.0000
14.5329 34 165 -0.4203 -20.3125 100.0000
14.5341 34 165 -0.3754 -20.3125 100.0000
14.5354 34 165 -0.3350 -22.6562 100.0000
14.5367 34 165 -0.3088 -22.6562 100.0000
14.5380 35 164 -0.3634 -22.6562 100.0000
14.5393 35 164 -0.3014 -22.6562 100.0000
14.5405 35 164 -0.3247 -22.6562 100.0000
14.5418 35 164 -0.2936 -22.6562 100.0000
14.5431 35 164 -0.3132 -22.6562 100.0000
14.5444 36 163 -0.3871 -22.6562 100.0000
14.5457 36 163 -0.3199 -22.6562 100.0000
14.5470 36 163 -0.3091 -22.6562 100.0000
14.5483 36 163 -0.2784 -22.6562 100.0000
14.5496 37 162 -0.1929 -22.6562 100.0000
14.5509 37 162 -0.1490 -22.6562 100.0000
14.5522 37 162 -0.2076 -22.6562 100.0000
14.5534 37 162 -0.1744 -22.6562 100.0000
14.5547 37 162 -0.1586 -22.6562 100.0000
14.5560 38 161 -0.2035 -22.6562 100.0000
14.5573 38 161 -0.1277 -22.6562 100.0000
14.5586 38 161 -0.1162 -22.6562 100.0000
14.5598 38 161 -0.1816 -22.6562 100.0000
14.5611 39 160 -0.1698 -22.6562 100.0000
14.5624 39 160 -0.0163 -22.6562 100.0000
14.5637 39 160 -0.0292 -22.6562 100.0000
14.5650 39 160 -0.0163 -22.6562 100.0000
14.5663 39 160 -0.0050 -22.6562 100.0000
14.5676 40 159 -0.0046 -22.6562 100.0000
14.5688 40 159 -0.0097 -22.6562 100.0000
14.5701 40 159 0.0217 -22.6562 100.0000
14.5714 40 159 0.0672 -22.6562 100.0000
14.5727 41 158 0.0547 -22.6562 100.0000
14.5739 41 158 0.0519 -22.6562 100.0000
14.5752 41 158 0.1107 -22.6562 100.0000
14.5765 41 158 0.0659 -22.6562 100.0000
14.5778 42 157 0.1305 -22.6562 100.0000
14.5791 42 157 0.0888 -22.6562 100.0000
14.5804 42 157 0.1943 -22.6562 100.0000
14.5816 42 157 0.1847 -22.6562 100.0000
14.5829 42 157 0.0824 -22.6562 100.0000
14.5842 43 156 0.1278 -22.6562 100.0000
14.5855 43 156 0.2018 -22.6562 100.0000
14.5868 43 156 0.2594 -22.6562 100.0000
14.5881 43 156 0.2211 -22.6562 100.0000
14.5893 44 155 0.2224 -22.6562 100.0000
14.5906 44 155 0.2224 -26.5625 100.0000
14.5919 44 155 0.1411 -26.5625 100.0000
14.5932 44 155 0.0699 -26.5625 100.0000
14.5945 45 154 -0.0096 -26.5625 100.0000
14.5958 45 154 0.0338 -26.5625 100.0000
14.5970 45 154 0.0302 -26.5625 100.0000
14.5983 45 154 -0.0609 -26.5625 100.0000
14.5996 46 153 -0.1588 -26.5625 100.0000
14.6009 46 153 -0.2300 -26.5625 100.0000
14.6022 46 153 -0.3919 -26.5625 100.0000
14.6035 46 153 -0.4789 -26.5625 100.0000
14.6047 47 152 -0.5243 -26.5625 100.0000
14.6060 47 152 -0.5286 -26.5625 100.0000
14.6073 47 152 -0.4561 -26.5625 100.0000
14.6086 48 151 -0.4369 -26.5625 100.0000
14.6099 48 151 -0.4186 -26.5625 100.0000
14.6112 48 151 -0.3998 -26.5625 100.0000
14.6124 48 151 -0.4024 -26.5625 100.0000
14.6137 49 150 -0.4148 -26.5625 100.0000
14.6150 49 150 -0.3784 -26.5625 100.0000
14.6162 49 150 -0.3359 -26.5625 100.0000
14.6175 49 150 -0.3376 -26.5625 100.0000
14.6188 50 149 -0.3906 -26.5625 100.0000
14.6201 50 149 -0.4083 -26.5625 100.0000
14.6214 50 149 -0.5056 -26.5625 100.0000
14.6226 50 149 -0.5314 -26.5625 100.0000
14.6239 51 148 -0.4927 -26.5625 100.0000
14.6252 51 148 -0.4462 -26.5625 100.0000
14.6265 51 148 -0.4319 -26.5625 100.0000
14.6278 51 148 -0.4874 -26.5625 100.0000
14.6290 52 147 -0.5742 -26.5625 100.0000
14.6303 52 147 -0.5215 -26.5625 100.0000
14.6316 52 147 -0.3745 -26.5625 100.0000
14.6329 52 147 -0.3067 -26.5625 100.0000
14.6341 53 146 -0.3332 -26.5625 100.0000
14.6354 53 146 -0.3355 -26.5625 100.0000
14.6367 53 146 -0.3819 -26.5625 100.0000
14.6379 54 145 -0.2892 -26.5625 100.0000
14.6392 54 145 -0.2812 -26.5625 100.0000
14.6405 54 145 -0.2241 -26.5625 100.0000
14.6417 54 145 -0.1594 -26.5625 100.0000
14.6430 55 144 -0.0853 -26.5625 100.0000
14.6442 55 144 0.0015 -26.5625 100.0000
14.6455 55 144 -0.0095 -26.5625 100.0000
14.6468 55 144 -0.0663 -26.5625 100.0000
14.6480 56 143 -0.0346 -26.5625 100.0000
14.6493 56 143 -0.0592 -26.5625 100.0000
14.6505 56 143 -0.0773 -26.5625 100.0000
14.6518 56 143 -0.0986 -26.5625 100.0000
14.6530 57 142 -0.0556 -26.5625 100.0000
14.6543 57 142 -0.0577 -26.5625 100.0000
14.6555 57 142 0.0116 -26.5625 100.0000
14.6568 58 141 -0.0771 -26.5625 100.0000
14.6581 58 141 -0.0504 -26.5625 100.0000
14.6594 58 141 -0.0523 -29.6875 100.0000
14.6606 58 141 -0.0467 -29.6875 100.0000
14.6619 59 140 -0.1263 -29.6875 100.0000
14.6631 59 140 -0.1349 -29.6875 100.0000
14.6644 59 140 -0.1532 -29.6875 100.0000
14.6657 60 139 -0.1899 -29.6875 100.0000
14.6669 60 139 -0.2557 -29.6875 100.0000
14.6682 60 139 -0.3270 -29.6875 100.0000
14.6695 60 139 -0.3811 -29.6875 100.0000
14.6708 61 138 -0.4667 -29.6875 100.0000
14.6720 61 138 -0.3964 -29.6875 100.0000
14.6733 61 138 -0.3708 -29.6875 100.0000
14.6746 62 137 -0.2570 -29.6875 100.0000
14.6759 62 137 -0.2847 -29.6875 100.0000
14.6772 62 137 -0.3274 -29.6875 100.0000
14.6785 62 137 -0.2411 -29.6875 100.0000
14.6797 63 136 -0.1983 -29.6875 100.0000
14.6810 63 136 -0.1215 -29.6875 100.0000
14.6823 63 136 -0.1571 -29.6875 100.0000
14.6836 64 135 -0.1553 -29.6875 100.0000
14.6848 64 135 -0.1415 -29.6875 100.0000
14.6861 64 135 -0.1079 -29.6875 100.0000
14.6874 65 134 -0.1417 -29.6875 100.0000
14.6887 65 134 -0.2506 -29.6875 100.0000
14.6899 65 134 -0.2648 -29.6875 100.0000
14.6912 65 134 -0.2138 -29.6875 100.0000
14.6925 66 133 -0.1588 -29.6875 100.0000
14.6937 66 133 -0.0636 -29.6875 100.0000
14.6950 66 133 0.0637 -29.6875 100.0000
14.6963 67 132 0.0229 -29.6875 100.0000
14.6976 67 132 0.0245 -29.6875 100.0000
14.6989 67 132 -0.0092 -29.6875 100.0000
14.7001 68 131 0.0468 -29.6875 100.0000
14.7015 68 131 0.0255 -29.6875 100.0000
14.7027 68 131 0.0441 -29.6875 100.0000
14.7040 68 131 0.0998 -29.6875 100.0000
14.7053 69 130 0.1275 -29.6875 100.0000
14.7066 69 130 0.2360 -29.6875 100.0000
14.7078 69 130 0.2919 -29.6875 100.0000
14.7091 70 129 0.2705 -29.6875 100.0000
14.7104 70 129 0.3291 -29.6875 100.0000
14.7117 70 129 0.2730 -32.8125 100.0000
14.7130 71 128 0.2702 -32.8125 100.0000
14.7142 71 128 0.2469 -32.8125 100.0000
14.7155 71 128 0.2581 -32.8125 100.0000
14.7167 72 127 0.2325 -32.8125 100.0000
14.7180 72 127 0.2530 -32.8125 100.0000
14.7193 72 127 0.2046 -32.8125 100.0000
14.7206 73 126 0.1738 -32.8125 100.0000
14.7218 73 126 0.1484 -32.8125 100.0000
14.7231 73 126 0.1704 -32.8125 100.0000
14.7244 74 125 0.1767 -32.8125 100.0000
14.7256 74 125 0.2984 -32.8125 100.0000
14.7269 74 125 0.1977 -32.8125 100.0000
14.7282 75 124 0.2784 -32.8125 100.0000
14.7294 75 124 0.3266 -32.8125 100.0000
14.7307 75 124 0.3294 -32.8125 100.0000
14.7320 76 123 0.4365 -32.8125 100.0000
14.7333 76 123 0.4265 -32.8125 100.0000
14.7345 76 123 0.4341 -32.8125 100.0000
14.7358 77 122 0.3963 -32.8125 100.0000
14.7371 77 122 0.4063 -32.8125 100.0000
14.7383 77 122 0.4169 -32.8125 100.0000
14.7396 78 121 0.4386 -32.8125 100.0000
14.7409 78 121 0.4669 -32.8125 100.0000
14.7421 78 121 0.4969 -32.8125 100.0000
14.7434 79 120 0.5354 -32.8125 100.0000
14.7447 79 120 0.5187 -32.8125 100.0000
14.7459 79 120 0.4930 -32.8125 100.0000
14.7472 80 119 0.5802 -32.8125 100.0000
14.7484 80 119 0.6750 -32.8125 100.0000
14.7497 80 119 0.7137 -32.8125 100.0000
14.7510 81 118 0.7989 -32.8125 100.0000
14.7522 81 118 0.6970 -32.8125 100.0000
14.7535 81 118 0.7124 -32.8125 100.0000
14.7547 82 117 0.8641 -32.8125 100.0000
14.7560 82 117 0.8796 -32.8125 100.0000
14.7573 82 117 0.8383 -32.8125 100.0000
14.7586 83 116 0.8092 -32.8125 100.0000
14.7599 83 116 0.8152 -32.8125 100.0000
14.7612 83 116 0.8308 -32.8125 100.0000
14.7624 84 115 0.8408 -32.8125 100.0000
14.7637 84 115 0.8498 -32.8125 100.0000
14.7650 84 115 0.8809 -32.8125 100.0000
14.7662 85 114 0.8333 -32.8125 100.0000
14.7675 85 114 0.7070 -32.8125 100.0000
14.7688 85 114 0.6527 -32.8125 100.0000
14.7701 86 113 0.6531 -32.8125 100.0000
14.7714 86 113 0.6084 -32.8125 100.0000
14.7727 86 113 0.4938 -32.8125 100.0000
14.7740 87 112 0.4528 -32.8125 100.0000
14.7752 87 112 0.4225 -34.3750 100.0000
14.7765 87 112 0.4956 -34.3750 100.0000
14.7778 88 111 0.4419 -34.3750 100.0000
14.7791 88 111 0.5010 -34.3750 100.0000
14.7804 88 111 0.4864 -34.3750 100.0000
14.7817 89 110 0.4232 -34.3750 100.0000
14.7829 89 110 0.3749 -34.3750 100.0000
14.7842 89 110 0.3856 -34.3750 100.0000
14.7855 90 109 0.3533 -34.3750 100.0000
14.7867 90 109 0.3292 -34.3750 100.0000
14.7880 90 109 0.3867 -34.3750 100.0000
14.7893 91 108 0.3965 -34.3750 100.0000
14.7906 91 108 0.4360 -34.3750 100.0000
14.7919 91 108 0.4117 -34.3750 100.0000
14.7932 92 107 0.3747 -34.3750 100.0000
14.7945 92 107 0.3324 -34.3750 100.0000
14.7957 92 107 0.2810 -34.3750 100.0000
14.7970 93 106 0.2237 -34.3750 100.0000
14.7983 93 106 0.2303 -34.3750 100.0000
14.7996 94 105 0.1957 -34.3750 100.0000
14.8009 94 105 0.2171 -34.3750 100.0000
14.8021 94 105 0.0512 -34.3750 100.0000
14.8034 95 104 -0.0163 -34.3750 100.0000
14.8047 95 104 0.0014 -34.3750 100.0000
14.8060 95 104 0.0099 -34.3750 100.0000
14.8073 96 103 0.0995 -34.3750 100.0000
14.8085 96 103 0.0145 -34.3750 100.0000
14.8098 96 103 -0.0590 -34.3750 100.0000
14.8111 97 102 -0.1087 -34.3750 100.0000
14.8124 97 102 -0.2043 -34.3750 100.0000
14.8136 97 102 -0.1750 -34.3750 100.0000
14.8149 98 101 -0.2581 -34.3750 100.0000
14.8162 98 101 -0.2238 -34.3750 100.0000
14.8174 98 101 -0.2041 -34.3750 100.0000
14.8187 99 100 -0.2212 -34.3750 100.0000
14.8200 99 100 -0.2025 -34.3750 100.0000
14.8212 99 100 -0.2181 -34.3750 100.0000
14.8225 100 99 -0.3186 -34.3750 100.0000
14.8238 100 99 -0.2527 -34.3750 100.0000
14.8250 100 99 -0.3349 -34.3750 100.0000
14.8263 101 98 -0.3801 -34.3750 100.0000
14.8276 101 98 -0.3342 -34.3750 100.0000
14.8289 101 98 -0.3772 -34.3750 100.0000
14.8302 102 97 -0.4294 -34.3750 100.0000
14.8315 102 97 -0.4417 -34.3750 100.0000
14.8328 102 97 -0.4773 -36.7188 100.0000
14.8341 103 96 -0.5080 -36.7188 100.0000
14.8354 103 96 -0.5176 -36.7188 100.0000
14.8367 104 95 -0.4836 -36.7188 100.0000
14.8379 104 95 -0.4254 -36.7188 100.0000
14.8392 104 95 -0.4989 -36.7188 100.0000
14.8405 105 94 -0.4966 -36.7188 100.0000
14.8418 105 94 -0.5703 -36.7188 100.0000
14.8430 105 94 -0.5833 -36.7188 100.0000
14.8443 106 93 -0.5710 -36.7188 100.0000
14.8456 106 93 -0.5970 -36.7188 100.0000
14.8468 106 93 -0.6208 -36.7188 100.0000
14.8481 107 92 -0.5246 -36.7188 100.0000
14.8494 107 92 -0.5449 -36.7188 100.0000
14.8507 107 92 -0.5585 -36.7188 100.0000
14.8520 108 91 -0.6352 -36.7188 100.0000
14.8533 108 91 -0.5793 -36.7188 100.0000
14.8546 109 90 -0.5051 -36.7188 100.0000
14.8559 109 90 -0.4638 -36.7188 100.0000
14.8572 109 90 -0.4895 -36.7188 100.0000
14.8585 110 89 -0.5427 -36.7188 100.0000
14.8598 110 89 -0.4369 -36.7188 100.0000
14.8611 110 89 -0.4758 -36.7188 100.0000
14.8624 111 88 -0.4606 -36.7188 100.0000
14.8636 111 88 -0.3633 -36.7188 100.0000
14.8649 111 88 -0.3430 -36.7188 100.0000
14.8662 112 87 -0.4301 -36.7188 100.0000
14.8675 112 87 -0.4460 -36.7188 100.0000
14.8687 113 86 -0.4186 -36.7188 100.0000
14.8700 113 86 -0.3757 -36.7188 100.0000
14.8713 113 86 -0.4090 -36.7188 100.0000
14.8725 114 85 -0.4376 -36.7188 100.0000
14.8738 114 85 -0.3965 -36.7188 100.0000
14.8751 114 85 -0.3020 -36.7188 100.0000
14.8764 115 84 -0.3501 -36.7188 100.0000
14.8776 115 84 -0.3335 -36.7188 100.0000
14.8789 115 84 -0.3468 -36.7188 100.0000
14.8802 116 83 -0.3558 -36.7188 100.0000
14.8814 116 83 -0.4057 -36.7188 100.0000
14.8827 117 82 -0.3872 -36.7188 100.0000
14.8840 117 82 -0.4485 -36.7188 100.0000
14.8852 117 82 -0.5230 -36.7188 100.0000
14.8865 118 81 -0.5765 -36.7188 100.0000
14.8878 118 81 -0.6292 -38.2812 100.0000
14.8891 118 81 -0.6554 -38.2812 100.0000
14.8904 119 80 -0.7245 -38.2812 100.0000
14.8917 119 80 -0.6438 -38.2812 100.0000
14.8930 120 79 -0.6167 -38.2812 100.0000
14.8942 120 79 -0.6120 -38.2812 100.0000
14.8955 120 79 -0.6194 -38.2812 100.0000
14.8968 121 78 -0.7533 -38.2812 100.0000
14.8981 121 78 -0.7914 -38.2812 100.0000
14.8994 121 78 -0.8047 -38.2812 100.0000
14.9007 122 77 -0.7057 -38.2812 100.0000
14.9019 122 77 -0.6981 -38.2812 100.0000
14.9032 123 76 -0.7208 -38.2812 100.0000
14.9045 123 76 -0.7728 -38.2812 100.0000
14.9058 123 76 -0.7429 -38.2812 100.0000
14.9071 124 75 -0.6645 -38.2812 100.0000
14.9083 124 75 -0.7394 -38.2812 100.0000
14.9096 124 75 -0.7532 -38.2812 100.0000
14.9109 125 74 -0.7855 -38.2812 100.0000
14.9122 125 74 -0.7531 -38.2812 100.0000
14.9135 126 73 -0.6858 -38.2812 100.0000
14.9148 126 73 -0.6143 -38.2812 100.0000
14.9160 126 73 -0.6559 -38.2812 100.0000
14.9173 127 72 -0.5932 -38.2812 100.0000
14.9186 127 72 -0.5556 -38.2812 100.0000
14.9199 127 72 -0.4823 -38.2812 100.0000
14.9211 128 71 -0.4132 -38.2812 100.0000
14.9224 128 71 -0.3619 -38.2812 100.0000
14.9237 129 70 -0.3812 -38.2812 100.0000
14.9250 129 70 -0.3573 -38.2812 100.0000
14.9263 129 70 -0.4414 -38.2812 100.0000
14.9275 130 69 -0.4051 -38.2812 100.0000
14.9288 130 69 -0.3863 -38.2812 100.0000
14.9301 130 69 -0.4630 -38.2812 100.0000
14.9314 131 68 -0.4902 -38.2812 100.0000
14.9327 131 68 -0.3376 -38.2812 100.0000
14.9339 132 67 -0.1716 -38.2812 100.0000
14.9352 132 67 -0.0377 -38.2812 100.0000
14.9365 132 67 0.1157 -38.2812 100.0000
14.9378 133 66 0.1272 -38.2812 100.0000
14.9390 133 66 0.2168 -38.2812 100.0000
14.9403 134 65 0.2866 -38.2812 100.0000
14.9415 134 65 0.2875 -38.2812 100.0000
14.9428 134 65 0.2493 -38.2812 100.0000
14.9441 135 64 0.3347 -38.2812 100.0000
14.9453 135 64 0.3616 -38.2812 100.0000
14.9466 135 64 0.3466 -38.2812 100.0000
14.9479 136 63 0.3416 -38.2812 100.0000
14.9491 136 63 0.3423 -38.2812 100.0000
14.9504 137 62 0.4002 -38.2812 100.0000
14.9516 137 62 0.5412 -38.2812 100.0000
14.9529 137 62 0.5462 -38.2812 100.0000
14.9541 138 61 0.5362 -38.2812 100.0000
14.9554 138 61 0.6441 -38.2812 100.0000
14.9567 139 60 0.6570 -38.2812 100.0000
14.9579 139 60 0.7118 -38.2812 100.0000
14.9592 139 60 0.7747 -38.2812 100.0000
14.9604 140 59 0.7595 -38.2812 100.0000
14.9616 140 59 0.7948 -38.2812 100.0000
14.9629 140 59 0.8325 -38.2812 100.0000
14.9641 141 58 0.8145 -38.2812 100.0000
14.9653 141 58 0.8220 -38.2812 100.0000
14.9666 142 57 0.7637 -38.2812 100.0000
14.9679 142 57 0.7583 -38.2812 100.0000
14.9691 142 57 0.6950 -38.2812 100.0000
14.9705 143 56 0.7217 -38.2812 100.0000
14.9718 143 56 0.7415 -38.2812 100.0000
14.9730 144 55 0.7012 -38.2812 100.0000
14.9742 144 55 0.6637 -38.2812 100.0000
14.9755 144 55 0.6396 -38.2812 100.0000
14.9767 145 54 0.6315 -38.2812 100.0000
14.9780 145 54 0.6681 -38.2812 100.0000
14.9792 146 53 0.6435 -38.2812 100.0000
14.9805 146 53 0.5764 -38.2812 100.0000
14.9818 146 53 0.5011 -38.2812 100.0000
14.9831 147 52 0.5268 -38.2812 100.0000
14.9844 147 52 0.5999 -38.2812 100.0000
14.9856 148 51 0.4913 -38.2812 100.0000
14.9869 148 51 0.5526 -38.2812 100.0000
14.9882 148 51 0.5837 -38.2812 100.0000
14.9894 149 50 0.5718 -38.2812 100.0000
14.9907 149 50 0.5159 -38.2812 100.0000
14.9920 149 50 0.4344 -38.2812 100.0000
14.9933 150 49 0.4079 -38.2812 100.0000
14.9945 150 49 0.3747 -38.2812 100.0000
14.9958 151 48 0.2851 -38.2812 100.0000
14.9971 151 48 0.3193 -38.2812 100.0000
14.9984 151 48 0.3947 -38.2812 100.0000
14.9996 152 47 0.3886 -38.2812 100.0000
15.0008 152 47 0.4303 -38.2812 100.0000
15.0021 153 46 0.3790 -38.2812 100.0000
15.0033 153 46 0.3872 -38.2812 100.0000
15.0046 153 46 0.2687 -38.2812 100.0000
15.0058 154 45 0.3235 -38.2812 100.0000
15.0071 154 45 0.3006 -38.2812 100.0000
15.0083 154 45 0.3125 -38.2812 100.0000
15.0096 155 44 0.2146 -38.2812 100.0000
15.0109 155 44 0.0864 -38.2812 100.0000
15.0122 156 43 0.0246 -38.2812 100.0000
15.0135 156 43 0.0839 -38.2812 100.0000
15.0147 156 43 0.0248 -38.2812 100.0000
15.0160 157 42 0.0375 -38.2812 100.0000
15.0173 157 42 -0.0400 -38.2812 100.0000
15.0186 158 41 -0.0708 -38.2812 100.0000
15.0198 158 41 -0.1167 -38.2812 100.0000
15.0210 158 41 -0.1249 -38.2812 100.0000
15.0223 159 40 -0.1842 -38.2812 100.0000
15.0235 159 40 -0.0933 -38.2812 100.0000
15.0248 159 40 -0.1057 -38.2812 100.0000
15.0261 160 39 -0.1325 -38.2812 100.0000
15.0273 160 39 -0.1909 -38.2812 100.0000
15.0286 161 38 -0.3189 -38.2812 100.0000
15.0299 161 38 -0.2954 -38.2812 100.0000
15.0311 161 38 -0.2909 -38.2812 100.0000
15.0324 162 37 -0.2996 -38.2812 100.0000
15.0337 162 37 -0.2575 -38.2812 100.0000
15.0349 162 37 -0.1959 -38.2812 100.0000
15.0362 163 36 -0.1572 -38.2812 100.0000
15.0375 163 36 -0.1785 -38.2812 100.0000
15.0388 164 35 -0.1727 -38.2812 100.0000
15.0402 164 35 -0.1338 -41.4062 100.0000
15.0415 164 35 -0.1673 -41.4062 100.0000
15.0429 165 34 -0.1790 -41.4062 100.0000
15.0442 165 34 -0.2345 -41.4062 100.0000
15.0454 166 33 -0.2591 -41.4062 100.0000
15.0467 166 33 -0.2692 -41.4062 100.0000
15.0480 167 32 -0.3582 -41.4062 100.0000
15.0492 167 32 -0.3149 -41.4062 100.0000
15.0505 167 32 -0.2774 -41.4062 100.0000
15.0518 168 31 -0.3159 -41.4062 100.0000
15.0530 168 31 -0.3618 -41.4062 100.0000
15.0543 169 30 -0.3735 -41.4062 100.0000
15.0555 169 30 -0.3894 -41.4062 100.0000
15.0568 169 30 -0.3892 -41.4062 100.0000
15.0580 170 29 -0.3585 -41.4062 100.0000
15.0593 170 29 -0.3154 -41.4062 100.0000
15.0606 171 28 -0.2697 -41.4062 100.0000
15.0618 171 28 -0.3587 -41.4062 100.0000
15.0631 171 28 -0.3249 -41.4062 100.0000
15.0643 172 27 -0.2473 -41.4062 100.0000
15.0656 172 27 -0.2880 -41.4062 100.0000
15.0669 173 26 -0.2435 -41.4062 100.0000
15.0681 173 26 -0.2270 -41.4062 100.0000
15.0694 173 26 -0.2070 -41.4062 100.0000
15.0706 174 25 -0.2295 -41.4062 100.0000
15.0719 174 25 -0.1981 -41.4062 100.0000
15.0732 175 24 -0.1757 -41.4062 100.0000
15.0744 175 24 -0.1815 -41.4062 100.0000
15.0757 176 23 -0.2189 -41.4062 100.0000
15.0769 176 23 -0.2366 -41.4062 100.0000
15.0783 176 23 -0.2237 -41.4062 100.0000
15.0795 177 22 -0.2789 -46.0938 100.0000
15.0808 177 22 -0.1700 -46.0938 100.0000
15.0820 178 21 -0.1612 -46.0938 100.0000
15.0833 178 21 -0.1570 -46.0938 100.0000
15.0846 179 20 -0.0669 -46.0938 100.0000
15.0858 179 20 -0.0539 -46.0938 100.0000
15.0871 180 19 -0.1429 -46.0938 100.0000
15.0884 180 19 -0.0420 -46.0938 100.0000
15.0896 181 18 0.0289 -46.0938 100.0000
15.0909 181 18 0.1215 -46.0938 100.0000
15.0921 181 18 0.0392 -46.0938 100.0000
15.0934 182 17 0.1020 -46.0938 100.0000
15.0946 182 17 0.1184 -46.0938 100.0000
15.0959 183 16 0.0848 -46.0938 100.0000
15.0972 183 16 0.1655 -46.0938 100.0000
15.0984 184 15 0.1095 -46.0938 100.0000
15.0997 184 15 0.1305 -46.0938 100.0000
15.1009 185 14 0.1556 -46.0938 100.0000
15.1022 185 14 0.0600 -46.0938 100.0000
15.1034 186 13 0.1479 -46.0938 100.0000
15.1047 186 13 0.1415 -46.0938 100.0000
15.1060 187 12 0.1518 -46.0938 100.0000
15.1072 187 12 0.1236 -46.0938 100.0000
15.1085 187 12 0.0863 -46.0938 100.0000
15.1097 188 11 0.1183 -46.0938 100.0000
15.1110 188 11 0.0917 -46.0938 100.0000
15.1122 189 10 0.1604 -46.0938 100.0000
15.1135 189 10 0.1791 -46.0938 100.0000
15.1148 190 9 0.2071 -46.0938 100.0000
15.1160 190 9 0.2458 -46.0938 100.0000
15.1173 191 8 0.1995 -46.0938 100.0000
15.1185 191 8 0.1189 -46.0938 100.0000
15.1198 192 7 0.1289 -46.0938 100.0000
15.1210 192 7 0.1348 -46.0938 100.0000
15.1223 193 6 0.2281 -46.0938 100.0000
15.1236 193 6 0.2056 -46.0938 100.0000
15.1248 193 6 0.1865 -46.0938 100.0000
15.1261 194 5 0.1980 -46.0938 100.0000
15.1273 194 5 0.2318 -46.0938 100.0000
15.1286 195 4 0.1443 -46.0938 100.0000
15.1299 195 4 0.1600 -46.0938 100.0000
15.1311 196 3 0.2234 -46.0938 100.0000
15.1323 196 3 0.2443 -46.0938 100.0000
15.1336 197 2 0.1918 -46.0938 100.0000
15.1348 197 2 0.2319 -46.0938 100.0000
15.1361 198 1 0.2304 -46.0938 100.0000
15.1373 198 1 0.2700 -46.0938 100.0000
15.1386 199 0 0.3051 -46.0938 100.0000
15.1398 199 0 0.3299 -48.4375 100.0000
15.1411 200 0 0.2921 -48.4375 100.0000
15.1424 200 0 0.3333 -48.4375 100.0000
15.1436 200 0 0.4457 -48.4375 100.0000
15.1449 200 0 0.3989 -48.4375 100.0000
15.1462 200 0 0.4668 -48.4375 100.0000
15.1474 200 0 0.5217 -48.4375 100.0000
15.1487 200 0 0.5692 -48.4375 100.0000
15.1499 200 0 0.4911 -48.4375 100.0000
15.1512 200 0 0.4687 -48.4375 100.0000
15.1524 200 0 0.3979 -48.4375 100.0000
15.1536 200 0 0.3350 -48.4375 100.0000
15.1549 200 0 0.2617 -48.4375 100.0000
15.1561 200 0 0.2224 -48.4375 100.0000
15.1573 200 0 0.1396 -48.4375 100.0000
15.1586 200 0 0.1404 -48.4375 100.0000
15.1598 200 0 0.1501 -48.4375 100.0000
15.1610 200 0 0.1914 -48.4375 100.0000
15.1623 200 0 0.1781 -48.4375 100.0000
15.1635 200 0 0.1879 -48.4375 100.0000
15.1647 200 0 0.2242 -48.4375 100.0000
15.1660 200 0 0.2988 -48.4375 100.0000
15.1672 200 0 0.2643 -48.4375 100.0000
15.1685 200 0 0.2203 -48.4375 100.0000
15.1697 200 0 0.1845 -48.4375 100.0000
15.1709 200 0 0.1398 -48.4375 100.0000
15.1722 200 0 0.0724 -48.4375 100.0000
15.1734 200 0 0.1350 -48.4375 100.0000
15.1746 200 0 0.1994 -48.4375 100.0000
15.1759 200 0 0.1421 -48.4375 100.0000
15.1771 200 0 0.1541 -48.4375 100.0000
15.1784 200 0 0.2281 -48.4375 100.0000
15.1796 200 0 0.2944 -48.4375 100.0000
15.1809 200 0 0.2885 -48.4375 100.0000
15.1821 200 0 0.2898 -48.4375 100.0000
15.1834 200 0 0.3121 -48.4375 100.0000
15.1847 200 0 0.2158 -48.4375 100.0000
15.1859 200 0 0.1695 -48.4375 100.0000
15.1872 200 0 0.2100 -48.4375 100.0000
15.1884 200 0 0.2037 -48.4375 100.0000
15.1897 200 0 0.0937 -48.4375 100.0000
15.1910 200 0 0.0635 -48.4375 100.0000
15.1923 200 0 -0.0062 -50.7812 100.0000
15.1935 200 0 0.0203 -50.7812 100.0000
15.1948 200 0 0.0175 -50.7812 100.0000
15.1961 200 0 -0.1073 -50.7812 100.0000
15.1973 200 0 -0.0089 -50.7812 100.0000
15.1986 200 0 -0.0053 -50.7812 100.0000
15.1998 200 0 0.0181 -50.7812 100.0000
15.2011 200 0 -0.0301 -50.7812 100.0000
15.2024 200 0 -0.1230 -50.7812 100.0000
15.2036 200 0 -0.1462 -50.7812 100.0000
15.2049 200 0 -0.2126 -50.7812 100.0000
15.2061 200 0 -0.1554 -50.7812 100.0000
15.2074 200 0 -0.1683 -50.7812 100.0000
15.2087 200 0 -0.1861 -50.7812 100.0000
15.2099 200 0 -0.1375 -50.7812 100.0000
15.2111 200 0 -0.2000 -50.7812 100.0000
15.2124 200 0 -0.2481 -50.7812 100.0000
15.2136 200 0 -0.2768 -50.7812 100.0000
15.2148 200 0 -0.3706 -50.7812 100.0000
15.2161 200 0 -0.2676 -50.7812 100.0000
15.2173 200 0 -0.2623 -50.7812 100.0000
15.2185 200 0 -0.2659 -50.7812 100.0000
15.2198 200 0 -0.3432 -50.7812 100.0000
15.2211 200 0 -0.3038 -50.7812 100.0000
15.2223 200 0 -0.2372 -50.7812 100.0000
15.2236 200 0 -0.2623 -50.7812 100.0000
15.2248 200 0 -0.3012 -50.7812 100.0000
15.2261 200 0 -0.2896 -50.7812 100.0000
15.2274 200 0 -0.3021 -50.7812 100.0000
15.2286 200 0 -0.3241 -50.7812 100.0000
15.2298 200 0 -0.3624 -50.7812 100.0000
15.2311 200 0 -0.2985 -50.7812 100.0000
15.2323 200 0 -0.2929 -50.7812 100.0000
15.2336 200 0 -0.3872 -50.7812 100.0000
15.2348 200 0 -0.3724 -50.7812 100.0000
15.2360 200 0 -0.3860 -50.7812 100.0000
15.2373 200 0 -0.3505 -50.7812 100.0000
15.2385 200 0 -0.3891 -50.7812 100.0000
15.2398 200 0 -0.4168 -50.7812 100.0000
15.2410 200 0 -0.3866 -50.7812 100.0000
15.2423 200 0 -0.4457 -50.7812 100.0000
15.2435 200 0 -0.5464 -50.7812 100.0000
15.2448 200 0 -0.5179 -50.7812 100.0000
15.2461 200 0 -0.5277 -50.7812 100.0000
15.2473 200 0 -0.4665 -50.7812 100.0000
15.2486 200 0 -0.4149 -50.7812 100.0000
15.2498 200 0 -0.5761 -50.7812 100.0000
15.2510 200 0 -0.6005 -50.7812 100.0000
15.2523 200 0 -0.6817 -50.7812 100.0000
15.2535 200 0 -0.6086 -50.7812 100.0000
15.2547 200 0 -0.6875 -50.7812 100.0000
15.2560 200 0 -0.6769 -50.7812 100.0000
15.2572 200 0 -0.7129 -50.7812 100.0000
15.2584 200 0 -0.6996 -50.7812 100.0000
15.2597 200 0 -0.8117 -50.7812 100.0000
15.2610 200 0 -0.8018 -50.7812 100.0000
15.2622 200 0 -0.7681 -50.7812 100.0000
15.2635 200 0 -0.7065 -50.7812 100.0000
15.2648 200 0 -0.7105 -50.7812 100.0000
15.2661 200 0 -0.7067 -50.7812 100.0000
15.2673 200 0 -0.6724 -50.7812 100.0000
15.2686 200 0 -0.6864 -50.7812 100.0000
15.2698 200 0 -0.7246 -50.7812 100.0000
15.2711 200 0 -0.6896 -50.7812 100.0000
15.2723 200 0 -0.6443 -50.7812 100.0000
15.2736 200 0 -0.6636 -50.7812 100.0000
15.2748 200 0 -0.6745 -50.7812 100.0000
15.2760 200 0 -0.7530 -50.7812 100.0000
15.2773 200 0 -0.7823 -50.7812 100.0000
15.2785 200 0 -0.8245 -50.7812 100.0000
15.2798 200 0 -0.8734 -50.7812 100.0000
15.2810 200 0 -0.7539 -50.7812 100.0000
15.2823 200 0 -0.7009 -50.7812 100.0000
15.2835 200 0 -0.6807 -50.7812 100.0000
15.2848 200 0 -0.6391 -50.7812 100.0000
15.2861 200 0 -0.6420 -50.7812 100.0000
15.2873 200 0 -0.6544 -50.7812 100.0000
15.2886 200 0 -0.6380 -50.7812 100.0000
15.2899 200 0 -0.6565 -50.7812 100.0000
15.2911 200 0 -0.5840 -50.7812 100.0000
15.2924 200 0 -0.6266 -50.7812 100.0000
15.2936 200 0 -0.6646 -50.7812 100.0000
15.2949 200 0 -0.6912 -50.7812 100.0000
15.2962 200 0 -0.6684 -50.7812 100.0000
15.2974 200 0 -0.6334 -50.7812 100.0000
15.2987 200 0 -0.5539 -50.7812 100.0000
15.3000 200 0 -0.6619 -50.7812 100.0000
15.3012 200 0 -0.7288 -50.7812 100.0000
15.3025 200 0 -0.7779 -50.7812 100.0000
15.3038 200 0 -0.8064 -50.7812 100.0000
15.3051 200 0 -0.8078 -50.7812 100.0000
15.3064 200 0 -0.8229 -50.7812 100.0000
15.3077 200 0 -0.9045 -50.7812 100.0000
15.3089 200 0 -0.9472 -50.7812 100.0000
15.3103 200 0 -0.9989 -50.7812 100.0000
15.3115 200 0 -0.9005 -50.7812 100.0000
15.3128 200 0 -0.8867 -50.7812 100.0000
15.3141 200 0 -0.9307 -50.7812 100.0000
15.3154 200 0 -1.0242 -50.7812 100.0000
15.3167 200 0 -1.0718 -50.7812 100.0000
15.3180 200 0 -1.0617 -50.7812 100.0000
15.3193 200 0 -1.0575 -50.7812 100.0000
15.3206 200 0 -1.0695 -50.7812 100.0000
15.3218 200 0 -1.0746 -50.7812 100.0000
15.3231 200 0 -1.0609 -50.7812 100.0000
15.3243 200 0 -0.9394 -50.7812 100.0000
15.3256 200 0 -0.8401 -50.7812 100.0000
15.3269 200 0 -0.7527 -50.7812 100.0000
15.3281 200 0 -0.8326 -50.7812 100.0000
15.3294 200 0 -0.8842 -50.7812 100.0000
15.3306 200 0 -0.8632 -50.7812 100.0000
15.3319 200 0 -0.7509 -50.7812 100.0000
15.3332 200 0 -0.7125 -50.7812 100.0000
15.3344 200 0 -0.7096 -50.7812 100.0000
15.3357 200 0 -0.6645 -50.7812 100.0000
15.3370 200 0 -0.6562 -50.7812 100.0000
15.3382 200 0 -0.5915 -50.7812 100.0000
15.3395 200 0 -0.4903 -50.7812 100.0000
15.3408 200 0 -0.4027 -50.7812 100.0000
15.3420 200 0 -0.4213 -50.7812 100.0000
15.3433 200 0 -0.5690 -50.7812 100.0000
15.3446 200 0 -0.5844 -50.7812 100.0000
15.3458 200 0 -0.6827 -50.7812 100.0000
15.3471 200 0 -0.6337 -50.7812 100.0000
15.3484 200 0 -0.5945 -50.7812 100.0000
15.3497 200 0 -0.6488 -50.7812 100.0000
15.3509 200 0 -0.6763 -50.7812 100.0000
15.3522 200 0 -0.7205 -50.7812 100.0000
15.3535 200 0 -0.7659 -50.7812 100.0000
15.3547 200 0 -0.6800 -50.7812 100.0000
15.3560 200 0 -0.7522 -50.7812 100.0000
15.3573 200 0 -0.6693 -50.7812 100.0000
15.3585 200 0 -0.5943 -50.7812 100.0000
15.3599 200 0 -0.6147 -50.7812 100.0000
15.3612 200 0 -0.5099 -50.7812 100.0000
15.3625 200 0 -0.4806 -50.7812 100.0000
15.3638 200 0 -0.4789 -50.7812 100.0000
15.3650 200 0 -0.4256 -50.7812 100.0000
15.3663 200 0 -0.3872 -50.7812 100.0000
15.3676 200 0 -0.3224 -51.5625 100.0000
15.3690 200 0 -0.3352 -51.5625 100.0000
15.3702 200 0 -0.3584 -51.5625 100.0000
15.3715 200 0 -0.3731 -51.5625 100.0000
15.3728 200 0 -0.3791 -51.5625 100.0000
15.3741 200 0 -0.3780 -51.5625 100.0000
15.3754 200 0 -0.4036 -51.5625 100.0000
15.3766 200 0 -0.3679 -51.5625 100.0000
15.3779 200 0 -0.3812 -51.5625 100.0000
15.3791 200 0 -0.3548 -51.5625 100.0000
15.3804 200 0 -0.3808 -51.5625 100.0000
15.3817 200 0 -0.3959 -51.5625 100.0000
15.3829 200 0 -0.2947 -51.5625 100.0000
15.3842 200 0 -0.2845 -51.5625 100.0000
15.3854 200 0 -0.3024 -51.5625 100.0000
15.3867 200 0 -0.3884 -51.5625 100.0000
15.3880 200 0 -0.3846 -51.5625 100.0000
15.3893 200 0 -0.3387 -51.5625 100.0000
15.3906 200 0 -0.2651 -51.5625 100.0000
15.3918 200 0 -0.2034 -51.5625 100.0000
15.3931 200 0 -0.0753 -51.5625 100.0000
15.3944 200 0 -0.0480 -51.5625 100.0000
15.3957 200 0 0.0056 -51.5625 100.0000
15.3969 200 0 0.0735 -51.5625 100.0000
15.3983 200 0 0.1163 -51.5625 100.0000
15.3995 200 0 0.0657 -51.5625 100.0000
15.4008 200 0 0.0668 -51.5625 100.0000
15.4021 200 0 0.0351 -51.5625 100.0000
15.4033 200 0 -0.0677 -51.5625 100.0000
15.4046 200 0 0.0284 -51.5625 100.0000
15.4059 200 0 0.1609 -51.5625 100.0000
15.4072 200 0 0.1140 -51.5625 100.0000
15.4084 200 0 0.0915 -51.5625 100.0000
15.4097 200 0 -0.0494 -51.5625 100.0000
15.4110 200 0 -0.0165 -51.5625 100.0000
15.4122 200 0 -0.0985 -51.5625 100.0000
15.4135 200 0 -0.0861 -51.5625 100.0000
15.4147 200 0 -0.0597 -51.5625 100.0000
15.4160 200 0 -0.1373 -51.5625 100.0000
15.4173 200 0 -0.0881 -51.5625 100.0000
15.4186 200 0 -0.0341 -51.5625 100.0000
15.4198 200 0 0.0626 -51.5625 100.0000
15.4211 200 0 0.1176 -51.5625 100.0000
15.4224 200 0 0.0723 -51.5625 100.0000
15.4237 200 0 0.0794 -51.5625 100.0000
15.4250 200 0 0.0988 -51.5625 100.0000
15.4263 200 0 0.0704 -51.5625 100.0000
15.4276 200 0 0.0078 -51.5625 100.0000
15.4289 200 0 -0.0266 -51.5625 100.0000
15.4301 200 0 -0.0133 -51.5625 100.0000
15.4314 200 0 0.0237 -51.5625 100.0000
15.4327 200 0 0.0513 -51.5625 100.0000
15.4340 200 0 0.1042 -51.5625 100.0000
15.4352 200 0 0.1324 -51.5625 100.0000
15.4365 200 0 0.1440 -51.5625 100.0000
15.4378 200 0 0.1660 -51.5625 100.0000
15.4391 200 0 0.1984 -51.5625 100.0000
15.4403 200 0 0.2624 -51.5625 100.0000
15.4416 200 0 0.3271 -51.5625 100.0000
15.4428 200 0 0.2998 -51.5625 100.0000
15.4441 200 0 0.2625 -51.5625 100.0000
15.4453 200 0 0.3608 -51.5625 100.0000
15.4466 200 0 0.3954 -51.5625 100.0000
15.4479 200 0 0.3419 -51.5625 100.0000
15.4492 200 0 0.3497 -51.5625 100.0000
15.4504 200 0 0.3240 -51.5625 100.0000
15.4517 200 0 0.4422 -51.5625 100.0000
15.4530 200 0 0.4563 -51.5625 100.0000
15.4543 200 0 0.4252 -51.5625 100.0000
15.4555 200 0 0.4300 -51.5625 100.0000
15.4568 200 0 0.3764 -51.5625 100.0000
15.4580 200 0 0.3159 -51.5625 100.0000
15.4593 200 0 0.3354 -51.5625 100.0000
15.4606 200 0 0.3463 -51.5625 100.0000
15.4619 200 0 0.3530 -51.5625 100.0000
15.4631 200 0 0.1777 -51.5625 100.0000
15.4644 200 0 0.2589 -51.5625 100.0000
15.4657 200 0 0.2357 -51.5625 100.0000
15.4670 200 0 0.2036 -51.5625 100.0000
15.4683 200 0 0.2145 -51.5625 100.0000
15.4695 200 0 0.2234 -51.5625 100.0000
15.4708 200 0 0.2703 -51.5625 100.0000
15.4721 200 0 0.3588 -51.5625 100.0000
15.4733 200 0 0.4317 -51.5625 100.0000
15.4746 200 0 0.5003 -51.5625 100.0000
15.4759 200 0 0.5340 -51.5625 100.0000
15.4771 200 0 0.5626 -51.5625 100.0000
15.4784 200 0 0.4576 -51.5625 100.0000
15.4797 200 0 0.4802 -50.7812 100.0000
15.4810 200 0 0.4574 -50.7812 100.0000
15.4823 200 0 0.3210 -50.7812 100.0000
15.4835 200 0 0.2438 -50.7812 100.0000
15.4848 200 0 0.2016 -50.7812 100.0000
15.4861 200 0 0.2187 -50.7812 100.0000
15.4874 200 0 0.2472 -50.7812 100.0000
15.4886 200 0 0.2755 -50.7812 100.0000
15.4899 200 0 0.1189 -50.7812 100.0000
15.4912 200 0 0.2087 -50.7812 100.0000
15.4925 200 0 0.2025 -50.7812 100.0000
15.4937 200 0 0.1014 -50.7812 100.0000
15.4950 200 0 0.1369 -50.7812 100.0000
15.4963 200 0 0.1796 -50.7812 100.0000
15.4976 200 0 0.2057 -50.7812 100.0000
15.4989 200 0 0.0904 -50.7812 100.0000
15.5001 200 0 0.0121 -50.7812 100.0000
15.5014 200 0 0.0051 -50.7812 100.0000
15.5026 200 0 0.1058 -50.7812 100.0000
15.5039 200 0 0.0853 -50.7812 100.0000
15.5052 200 0 0.0012 -50.7812 100.0000
15.5064 200 0 -0.0937 -50.7812 100.0000
15.5077 200 0 -0.0742 -50.7812 100.0000
15.5090 200 0 -0.1003 -50.7812 100.0000
15.5102 200 0 -0.1921 -50.7812 100.0000
15.5116 200 0 -0.2077 -50.7812 100.0000
15.5128 200 0 -0.1254 -50.7812 100.0000
15.5141 200 0 -0.1390 -50.7812 100.0000
15.5154 200 0 -0.2178 -50.7812 100.0000
15.5167 200 0 -0.2042 -50.7812 100.0000
15.5180 200 0 -0.1827 -50.7812 100.0000
15.5193 200 0 -0.2128 -50.7812 100.0000
15.5206 200 0 -0.2787 -50.7812 100.0000
15.5218 200 0 -0.2911 -50.7812 100.0000
15.5231 200 0 -0.2759 -50.7812 100.0000
15.5244 200 0 -0.1900 -50.7812 100.0000
15.5256 200 0 -0.2408 -50.7812 100.0000
15.5269 200 0 -0.2530 -50.7812 100.0000
15.5282 200 0 -0.3746 -50.7812 100.0000
15.5295 200 0 -0.3464 -50.7812 100.0000
15.5308 200 0 -0.4382 -50.7812 100.0000
15.5321 200 0 -0.4291 -50.7812 100.0000
15.5334 200 0 -0.3466 -50.7812 100.0000
15.5347 200 0 -0.2739 -50.7812 100.0000
15.5360 200 0 -0.1629 -43.7500 100.0000
15.5373 200 0 -0.1471 -43.7500 100.0000
15.5385 200 0 -0.0928 -43.7500 100.0000
15.5398 200 0 -0.1593 -43.7500 100.0000
15.5411 200 0 -0.1897 -43.7500 100.0000
15.5423 200 0 -0.2765 -43.7500 100.0000
15.5436 200 0 -0.2082 -43.7500 100.0000
15.5449 200 0 -0.1827 -43.7500 100.0000
15.5461 200 0 -0.1751 -43.7500 100.0000
15.5474 200 0 -0.1276 -43.7500 100.0000
15.5487 200 0 -0.1297 -43.7500 100.0000
15.5499 200 0 -0.1778 -43.7500 100.0000
15.5512 200 0 -0.1236 -43.7500 100.0000
15.5525 200 0 -0.1256 -43.7500 100.0000
15.5537 200 0 -0.1170 -43.7500 100.0000
15.5550 200 0 -0.1278 -43.7500 100.0000
15.5563 200 0 -0.0927 -43.7500 100.0000
15.5575 200 0 -0.1033 -43.7500 100.0000
15.5588 200 0 -0.0978 -43.7500 100.0000
15.5601 200 0 -0.0222 -43.7500 100.0000
15.5613 200 0 -0.0244 -43.7500 100.0000
15.5626 200 0 -0.0292 -43.7500 100.0000
15.5639 200 0 -0.0309 -43.7500 100.0000
15.5651 200 0 -0.0679 -43.7500 100.0000
15.5664 200 0 -0.0605 -43.7500 100.0000
15.5676 200 0 0.0072 -43.7500 100.0000
15.5689 200 0 -0.0052 -43.7500 100.0000
15.5702 200 0 0.1058 -43.7500 100.0000
15.5715 200 0 0.1727 -43.7500 100.0000
15.5727 200 0 0.1894 -43.7500 100.0000
15.5740 200 0 0.2058 -43.7500 100.0000
15.5753 200 0 0.2210 -43.7500 100.0000
15.5765 200 0 0.2464 -43.7500 100.0000
15.5778 200 0 0.2790 -43.7500 100.0000
15.5790 200 0 0.3456 -43.7500 100.0000
15.5803 200 0 0.2750 -43.7500 100.0000
15.5816 200 0 0.3758 -43.7500 100.0000
15.5828 200 0 0.3779 -43.7500 100.0000
15.5841 200 0 0.4896 -43.7500 100.0000
15.5854 200 0 0.4746 -43.7500 100.0000
15.5866 200 0 0.5175 -43.7500 100.0000
15.5879 200 0 0.5049 -43.7500 100.0000
15.5892 200 0 0.4926 -43.7500 100.0000
15.5905 200 0 0.4178 -43.7500 100.0000
15.5917 200 0 0.3784 -43.7500 100.0000
15.5930 200 0 0.4202 -43.7500 100.0000
15.5943 200 0 0.4640 -43.7500 100.0000
15.5956 200 0 0.3373 -43.7500 100.0000
15.5968 200 0 0.1802 -43.7500 100.0000
15.5981 200 0 -0.0168 -43.7500 100.0000
15.5996 200 0 -0.0678 -38.2812 100.0000
15.6010 200 0 -0.0830 -38.2812 100.0000
15.6024 200 0 -0.1701 -38.2812 100.0000
15.6038 200 0 -0.1331 -38.2812 100.0000
15.6052 200 0 -0.0042 -38.2812 100.0000
15.6067 200 0 -0.0391 -38.2812 100.0000
15.6079 200 0 -0.0819 -38.2812 100.0000
15.6092 200 0 -0.0663 -38.2812 100.0000
15.6107 200 0 -0.0760 -38.2812 100.0000
15.6120 200 0 -0.1986 -38.2812 100.0000
15.6135 200 0 -0.1784 -38.2812 100.0000
15.6148 200 0 -0.1766 -38.2812 100.0000
15.6163 200 0 -0.1926 -38.2812 100.0000
15.6176 200 0 -0.1936 -38.2812 100.0000
15.6191 200 0 -0.1649 -38.2812 100.0000
15.6204 200 0 -0.3255 -38.2812 100.0000
15.6218 200 0 -0.2815 -38.2812 100.0000
15.6231 200 0 -0.3218 -38.2812 100.0000
15.6246 200 0 -0.4085 -38.2812 100.0000
15.6259 200 0 -0.4971 -38.2812 100.0000
15.6274 200 0 -0.5730 -38.2812 100.0000
15.6287 200 0 -0.5567 -38.2812 100.0000
15.6300 200 0 -0.5376 -38.2812 100.0000
15.6315 200 0 -0.4316 -38.2812 100.0000
15.6328 200 0 -0.4687 -38.2812 100.0000
15.6341 200 0 -0.4110 -38.2812 100.0000
15.6356 200 0 -0.4018 -38.2812 100.0000
15.6369 200 0 -0.4180 -38.2812 100.0000
15.6383 200 0 -0.3756 -38.2812 100.0000
15.6397 200 0 -0.4134 -38.2812 100.0000
15.6410 200 0 -0.3739 -38.2812 100.0000
15.6423 200 0 -0.3773 -38.2812 100.0000
15.6438 200 0 -0.4101 -38.2812 100.0000
15.6451 200 0 -0.3652 -38.2812 100.0000
15.6466 200 0 -0.3823 -38.2812 100.0000
15.6478 200 0 -0.3855 -38.2812 100.0000
15.6493 200 0 -0.3494 -38.2812 100.0000
15.6506 200 0 -0.2775 -38.2812 100.0000
15.6519 200 0 -0.1663 -38.2812 100.0000
15.6532 200 0 -0.1365 -38.2812 100.0000
15.6545 200 0 -0.1958 -38.2812 100.0000
15.6558 200 0 -0.1446 -32.8125 100.0000
15.6571 200 0 -0.1928 -32.8125 100.0000
15.6584 200 0 -0.1524 -32.8125 100.0000
15.6597 200 0 -0.1880 -32.8125 100.0000
15.6609 200 0 -0.2100 -32.8125 100.0000
15.6621 200 0 -0.2253 -32.8125 100.0000
15.6634 200 0 -0.1952 -32.8125 100.0000
15.6646 200 0 -0.2564 -32.8125 100.0000
15.6659 200 0 -0.2833 -32.8125 100.0000
15.6672 200 0 -0.2642 -32.8125 100.0000
15.6684 200 0 -0.2043 -32.8125 100.0000
15.6697 200 0 -0.1839 -32.8125 100.0000
15.6710 200 0 -0.2208 -32.8125 100.0000
15.6723 200 0 -0.2025 -32.8125 100.0000
15.6735 200 0 -0.1723 -32.8125 100.0000
15.6748 200 0 -0.1500 -32.8125 100.0000
15.6761 200 0 -0.1081 -32.8125 100.0000
15.6774 200 0 -0.0941 -32.8125 100.0000
15.6787 200 0 -0.0407 -32.8125 100.0000
15.6800 200 0 -0.0003 -32.8125 100.0000
15.6812 200 0 -0.0323 -32.8125 100.0000
15.6825 200 0 -0.0742 -32.8125 100.0000
15.6838 200 0 -0.0594 -32.8125 100.0000
15.6851 200 0 -0.2086 -32.8125 100.0000
15.6863 200 0 -0.1269 -32.8125 100.0000
15.6876 200 0 -0.0916 -32.8125 100.0000
15.6889 200 0 -0.0828 -32.8125 100.0000
15.6902 200 0 -0.1051 -32.8125 100.0000
15.6914 200 0 -0.0290 -32.8125 100.0000
15.6927 200 0 -0.0069 -32.8125 100.0000
15.6940 200 0 0.0786 -32.8125 100.0000
15.6952 200 0 0.1404 -32.8125 100.0000
15.6965 200 0 0.1117 -32.8125 100.0000
15.6977 200 0 0.1223 -32.8125 100.0000
15.6990 200 0 0.1990 -32.8125 100.0000
15.7003 200 0 0.2065 -32.8125 100.0000
15.7016 200 0 0.2869 -32.8125 100.0000
15.7028 200 0 0.3463 -32.8125 100.0000
15.7041 200 0 0.2353 -32.8125 100.0000
15.7054 200 0 0.1334 -32.8125 100.0000
15.7067 200 0 0.1592 -32.8125 100.0000
15.7079 200 0 0.0859 -32.8125 100.0000
15.7092 200 0 0.0665 -32.8125 100.0000
15.7105 200 0 0.1396 -26.5625 100.0000
15.7118 200 0 0.1657 -26.5625 100.0000
15.7131 200 0 0.0302 -26.5625 100.0000
15.7144 200 0 0.0766 -26.5625 100.0000
15.7156 200 0 0.0606 -26.5625 100.0000
15.7169 200 0 0.0347 -26.5625 100.0000
15.7181 200 0 0.0048 -26.5625 100.0000
15.7194 200 0 -0.0213 -26.5625 100.0000
15.7207 200 0 -0.0271 -26.5625 100.0000
15.7220 200 0 -0.0875 -26.5625 100.0000
15.7233 200 0 -0.1421 -26.5625 100.0000
15.7246 200 0 -0.1989 -26.5625 100.0000
15.7258 200 0 -0.2942 -26.5625 100.0000
15.7271 200 0 -0.2611 -26.5625 100.0000
15.7284 200 0 -0.2313 -26.5625 100.0000
15.7296 200 0 -0.2433 -26.5625 100.0000
15.7309 200 0 -0.3027 -26.5625 100.0000
15.7322 200 0 -0.4067 -26.5625 100.0000
15.7335 200 0 -0.4176 -26.5625 100.0000
15.7347 200 0 -0.4246 -26.5625 100.0000
15.7360 200 0 -0.5557 -26.5625 100.0000
15.7373 200 0 -0.5298 -26.5625 100.0000
15.7385 200 0 -0.5211 -26.5625 100.0000
15.7398 200 0 -0.5627 -26.5625 100.0000
15.7411 200 0 -0.5055 -26.5625 100.0000
15.7424 200 0 -0.5578 -26.5625 100.0000
15.7437 200 0 -0.6077 -26.5625 100.0000
15.7449 200 0 -0.6068 -26.5625 100.0000
15.7462 200 0 -0.6818 -26.5625 100.0000
15.7475 200 0 -0.6213 -26.5625 100.0000
15.7488 200 0 -0.6558 -26.5625 100.0000
15.7500 200 0 -0.6861 -26.5625 100.0000
15.7513 200 0 -0.6760 -26.5625 100.0000
15.7525 200 0 -0.6185 -26.5625 100.0000
15.7537 200 0 -0.6113 -26.5625 100.0000
15.7550 200 0 -0.5723 -26.5625 100.0000
15.7562 200 0 -0.6210 -26.5625 100.0000
15.7575 200 0 -0.5997 -26.5625 100.0000
15.7588 200 0 -0.5731 -26.5625 100.0000
15.7600 200 0 -0.6356 -26.5625 100.0000
15.7613 200 0 -0.5717 -26.5625 100.0000
15.7626 200 0 -0.5588 -26.5625 100.0000
15.7638 200 0 -0.4519 -26.5625 100.0000
15.7651 200 0 -0.3413 -26.5625 100.0000
15.7664 200 0 -0.3492 -26.5625 100.0000
15.7676 200 0 -0.2938 -26.5625 100.0000
15.7689 200 0 -0.2599 -26.5625 100.0000
15.7702 200 0 -0.2142 -26.5625 100.0000
15.7716 200 0 -0.2181 -14.8438 100.0000
15.7728 200 0 -0.2011 -14.8438 100.0000
15.7741 200 0 -0.1482 -14.8438 100.0000
15.7754 200 0 -0.1398 -14.8438 100.0000
15.7767 200 0 -0.0956 -14.8438 100.0000
15.7780 200 0 -0.1146 -14.8438 100.0000
15.7793 200 0 -0.0021 -14.8438 100.0000
15.7806 200 0 0.0572 -14.8438 100.0000
15.7819 200 0 0.0807 -14.8438 100.0000
15.7832 200 0 0.0221 -14.8438 100.0000
15.7844 200 0 0.0449 -14.8438 100.0000
15.7857 200 0 0.0434 -14.8438 100.0000
15.7870 200 0 0.1088 -14.8438 100.0000
15.7883 200 0 0.1609 -14.8438 100.0000
15.7895 200 0 0.0562 -14.8438 100.0000
15.7908 200 0 0.1039 -14.8438 100.0000
15.7921 200 0 0.0848 -14.8438 100.0000
15.7934 200 0 0.0336 -14.8438 100.0000
15.7947 200 0 0.0167 -14.8438 100.0000
15.7959 200 0 -0.0219 -14.8438 100.0000
15.7972 200 0 0.0224 -14.8438 100.0000
15.7985 200 0 0.0907 -14.8438 100.0000
15.7997 200 0 0.0321 -14.8438 100.0000
15.8010 200 0 0.0585 -14.8438 100.0000
15.8023 200 0 0.0004 -14.8438 100.0000
15.8036 200 0 0.0438 -14.8438 100.0000
15.8048 200 0 0.1167 -14.8438 100.0000
15.8061 200 0 0.1434 -14.8438 100.0000
15.8074 200 0 0.0866 -14.8438 100.0000
15.8087 200 0 0.0941 -14.8438 100.0000
15.8099 200 0 0.0718 -14.8438 100.0000
15.8112 200 0 0.1213 -14.8438 100.0000
15.8125 200 0 0.0520 -14.8438 100.0000
15.8138 200 0 -0.0185 -14.8438 100.0000
15.8150 200 0 -0.1437 -14.8438 100.0000
15.8163 200 0 -0.2023 -14.8438 100.0000
15.8176 200 0 -0.2038 -14.8438 100.0000
15.8189 200 0 -0.2125 -14.8438 100.0000
15.8202 200 0 -0.2593 -14.8438 100.0000
15.8214 200 0 -0.3148 -14.8438 100.0000
15.8227 200 0 -0.2326 -14.8438 100.0000
15.8240 200 0 -0.2318 -4.6875 100.0000
15.8252 200 0 -0.3537 -4.6875 100.0000
15.8265 200 0 -0.3999 -4.6875 100.0000
15.8277 200 0 -0.3094 -4.6875 100.0000
15.8290 200 0 -0.2667 -4.6875 100.0000
15.8302 200 0 -0.3042 -4.6875 100.0000
15.8315 200 0 -0.3654 -4.6875 100.0000
15.8328 200 0 -0.4037 -4.6875 100.0000
15.8341 200 0 -0.4554 -4.6875 100.0000
15.8354 200 0 -0.4576 -4.6875 100.0000
15.8366 200 0 -0.3972 -4.6875 100.0000
15.8379 200 0 -0.4309 -4.6875 100.0000
15.8392 200 0 -0.4467 -4.6875 100.0000
15.8404 200 0 -0.4660 -4.6875 100.0000
15.8417 200 0 -0.4802 -4.6875 100.0000
15.8430 200 0 -0.4919 -4.6875 100.0000
15.8443 200 0 -0.4719 -4.6875 100.0000
15.8455 200 0 -0.5305 -4.6875 100.0000
15.8468 200 0 -0.5748 -4.6875 100.0000
15.8480 200 0 -0.6355 -4.6875 100.0000
15.8493 200 0 -0.5435 -4.6875 100.0000
15.8506 200 0 -0.5514 -4.6875 100.0000
15.8518 200 0 -0.5924 -4.6875 100.0000
15.8531 200 0 -0.5697 -4.6875 100.0000
15.8543 200 0 -0.5490 -4.6875 100.0000
15.8556 200 0 -0.5616 -4.6875 100.0000
15.8568 200 0 -0.4882 -4.6875 100.0000
15.8581 200 0 -0.4830 -4.6875 100.0000
15.8593 200 0 -0.3959 -4.6875 100.0000
15.8606 200 0 -0.3903 -4.6875 100.0000
15.8619 200 0 -0.3227 -4.6875 100.0000
15.8631 200 0 -0.3014 -4.6875 100.0000
15.8644 200 0 -0.2634 -4.6875 100.0000
15.8656 200 0 -0.2606 -4.6875 100.0000
15.8669 200 0 -0.2335 -4.6875 100.0000
15.8681 200 0 -0.2406 -4.6875 100.0000
15.8694 200 0 -0.2221 -4.6875 100.0000
15.8706 200 0 -0.2767 -4.6875 100.0000
15.8719 200 0 -0.3308 -4.6875 100.0000
15.8732 200 0 -0.3188 -4.6875 100.0000
15.8745 200 0 -0.3095 -4.6875 100.0000
15.8757 200 0 -0.2927 -4.6875 100.0000
15.8770 200 0 -0.3684 -4.6875 100.0000
15.8783 200 0 -0.2958 -4.6875 100.0000
15.8796 200 0 -0.3052 -0.7812 100.0000
15.8809 200 0 -0.2647 -0.7812 100.0000
15.8821 200 0 -0.2543 -0.7812 100.0000
15.8834 200 0 -0.1824 -0.7812 100.0000
15.8847 200 0 -0.1294 -0.7812 100.0000
15.8860 200 0 -0.1372 -0.7812 100.0000
15.8873 200 0 -0.1313 -0.7812 100.0000
15.8886 200 0 -0.1544 -0.7812 100.0000
15.8898 200 0 -0.1184 -0.7812 100.0000
15.8911 200 0 -0.1796 -0.7812 100.0000
15.8924 200 0 -0.1649 -0.7812 100.0000
15.8936 200 0 -0.2140 -0.7812 100.0000
15.8949 200 0 -0.1675 -0.7812 100.0000
15.8962 200 0 -0.1689 -0.7812 100.0000
15.8975 200 0 -0.1670 -0.7812 100.0000
15.8987 200 0 -0.1818 -0.7812 100.0000
15.9000 200 0 -0.2475 -0.7812 100.0000
15.9013 200 0 -0.2665 -0.7812 100.0000
15.9025 200 0 -0.3203 -0.7812 100.0000
15.9038 200 0 -0.3478 -0.7812 100.0000
15.9051 200 0 -0.3444 -0.7812 100.0000
15.9063 200 0 -0.3372 -0.7812 100.0000
15.9076 200 0 -0.4005 -0.7812 100.0000
15.9089 200 0 -0.3376 -0.7812 100.0000
15.9102 200 0 -0.3458 -0.7812 100.0000
15.9114 200 0 -0.2498 -0.7812 100.0000
15.9127 200 0 -0.1992 -0.7812 100.0000
15.9140 200 0 -0.2322 -0.7812 100.0000
15.9153 200 0 -0.2687 -0.7812 100.0000
15.9165 200 0 -0.1885 -0.7812 100.0000
15.9178 200 0 -0.1926 -0.7812 100.0000
15.9191 200 0 -0.1543 -0.7812 100.0000
15.9203 200 0 -0.2472 -0.7812 100.0000
15.9216 200 0 -0.3238 -0.7812 100.0000
15.9229 200 0 -0.3132 -0.7812 100.0000
15.9241 200 0 -0.3265 -0.7812 100.0000
15.9254 200 0 -0.2888 -0.7812 100.0000
15.9267 200 0 -0.3053 -0.7812 100.0000
15.9279 200 0 -0.2952 -0.7812 100.0000
15.9292 200 0 -0.2541 -0.7812 100.0000
15.9305 200 0 -0.2680 -0.7812 100.0000
15.9318 200 0 -0.2441 -0.7812 100.0000
15.9330 200 0 -0.2360 -0.7812 100.0000
15.9343 200 0 -0.2808 -0.7812 100.0000
15.9356 200 0 -0.1767 -0.7812 100.0000
15.9368 200 0 -0.0864 -0.7812 100.0000
15.9381 200 0 -0.0487 -0.7812 100.0000
15.9394 200 0 -0.1071 -0.7812 100.0000
15.9407 200 0 -0.0331 -0.7812 100.0000
15.9420 200 0 -0.0631 -0.7812 100.0000
15.9432 200 0 -0.0158 -0.7812 100.0000
15.9445 200 0 -0.1275 -0.7812 100.0000
15.9458 200 0 -0.1172 -0.7812 100.0000
15.9471 200 0 -0.1484 -0.7812 100.0000
15.9483 200 0 -0.2373 -0.7812 100.0000
15.9496 200 0 -0.2334 -0.7812 100.0000
15.9509 200 0 -0.2491 -0.7812 100.0000
15.9521 200 0 -0.2168 -0.7812 100.0000
15.9534 200 0 -0.2110 -0.7812 100.0000
15.9547 200 0 -0.1692 -0.7812 100.0000
15.9559 200 0 -0.1845 -0.7812 100.0000
15.9572 200 0 -0.2243 -0.7812 100.0000
15.9585 200 0 -0.2066 -0.7812 100.0000
15.9597 200 0 -0.2889 -0.7812 100.0000
15.9610 200 0 -0.1970 -0.7812 100.0000
15.9623 200 0 -0.1184 -0.7812 100.0000
15.9636 200 0 -0.0923 -0.7812 100.0000
15.9648 200 0 -0.1628 -0.7812 100.0000
15.9661 200 0 -0.2327 -0.7812 100.0000
15.9674 200 0 -0.3177 -0.7812 100.0000
15.9686 200 0 -0.2821 -0.7812 100.0000
15.9699 200 0 -0.2668 -0.7812 100.0000
15.9711 200 0 -0.2221 -0.7812 100.0000
15.9723 200 0 -0.2640 -0.7812 100.0000
15.9736 200 0 -0.1263 -0.7812 100.0000
15.9749 200 0 -0.0407 -0.7812 100.0000
15.9762 200 0 -0.0392 -0.7812 100.0000
15.9775 200 0 0.0608 -0.7812 100.0000
15.9787 200 0 0.0506 -0.7812 100.0000
15.9800 200 0 0.0672 -0.7812 100.0000
15.9813 200 0 0.1576 -0.7812 100.0000
15.9826 200 0 0.0851 -0.7812 100.0000
15.9839 200 0 0.1127 -0.7812 100.0000
15.9852 200 0 0.0148 -0.7812 100.0000
15.9864 200 0 0.0092 -0.7812 100.0000
15.9877 200 0 0.0951 -0.7812 100.0000
15.9890 200 0 0.0158 -0.7812 100.0000
15.9902 200 0 -0.1229 -0.7812 100.0000
15.9915 200 0 -0.1354 -0.7812 100.0000
15.9928 200 0 -0.1182 -0.7812 100.0000
15.9940 200 0 -0.0546 -0.7812 100.0000
15.9953 200 0 -0.0503 -0.7812 100.0000
15.9965 200 0 -0.0489 -0.7812 100.0000
15.9978 200 0 -0.0936 -0.7812 100.0000
15.9990 200 0 -0.1048 -0.7812 100.0000
16.0003 200 0 -0.0693 -0.7812 100.0000
16.0016 200 0 -0.0255 -0.7812 100.0000
16.0028 200 0 0.0076 -0.7812 100.0000
16.0040 200 0 0.0772 -0.7812 100.0000
16.0053 200 0 0.1472 -0.7812 100.0000
16.0066 200 0 0.1941 -0.7812 100.0000
16.0078 200 0 0.1798 -0.7812 100.0000
16.0091 200 0 0.1171 -0.7812 100.0000
16.0104 200 0 0.1399 -0.7812 100.0000
16.0117 200 0 0.1618 -0.7812 100.0000
16.0129 200 0 0.2651 -0.7812 100.0000
16.0142 200 0 0.2581 -0.7812 100.0000
16.0154 200 0 0.1369 -0.7812 100.0000
16.0167 200 0 0.1037 -0.7812 100.0000
16.0180 200 0 0.0583 -0.7812 100.0000
16.0192 200 0 0.0917 -0.7812 100.0000
16.0205 200 0 0.1004 -0.7812 100.0000
16.0218 200 0 0.0670 -0.7812 100.0000
16.0231 200 0 0.0237 -0.7812 100.0000
16.0244 200 0 -0.0374 -0.7812 100.0000
16.0257 200 0 0.0537 -0.7812 100.0000
16.0270 200 0 0.0796 -0.7812 100.0000
16.0282 200 0 -0.0188 -0.7812 100.0000
16.0295 200 0 -0.0779 -0.7812 100.0000
16.0308 200 0 -0.0728 -0.7812 100.0000
16.0321 200 0 -0.0405 -0.7812 100.0000
16.0334 200 0 -0.0163 -0.7812 100.0000
16.0347 200 0 0.0158 -0.7812 100.0000
16.0359 200 0 0.0948 -0.7812 100.0000
16.0372 200 0 0.0191 -0.7812 100.0000
16.0385 200 0 -0.0543 -0.7812 100.0000
16.0397 200 0 -0.0089 -0.7812 100.0000
16.0410 200 0 0.0317 -0.7812 100.0000
16.0423 200 0 0.1514 -0.7812 100.0000
16.0436 200 0 0.1709 -0.7812 100.0000
16.0448 200 0 0.2172 -0.7812 100.0000
16.0461 200 0 0.2522 -0.7812 100.0000
16.0473 200 0 0.2825 -0.7812 100.0000
16.0486 200 0 0.3200 -0.7812 100.0000
16.0499 200 0 0.3083 -0.7812 100.0000
16.0512 200 0 0.2742 -0.7812 100.0000
16.0524 200 0 0.2674 -0.7812 100.0000
16.0537 200 0 0.2943 -0.7812 100.0000
16.0550 200 0 0.3267 -0.7812 100.0000
16.0562 200 0 0.3822 -0.7812 100.0000
16.0575 200 0 0.2572 -0.7812 100.0000
16.0588 200 0 0.1397 -0.7812 100.0000
16.0600 200 0 0.1937 -0.7812 100.0000
16.0613 200 0 0.2448 -0.7812 100.0000
16.0626 200 0 0.3193 -0.7812 100.0000
16.0638 200 0 0.3628 -0.7812 100.0000
16.0651 200 0 0.3856 -0.7812 100.0000
16.0664 200 0 0.4073 -0.7812 100.0000
16.0676 200 0 0.4496 -0.7812 100.0000
16.0689 200 0 0.4000 -0.7812 100.0000
16.0702 200 0 0.3362 -0.7812 100.0000
16.0715 200 0 0.3050 -0.7812 100.0000
16.0727 200 0 0.3990 -0.7812 100.0000
16.0740 200 0 0.4373 -0.7812 100.0000
16.0752 200 0 0.4209 -0.7812 100.0000
16.0765 200 0 0.3569 -0.7812 100.0000
16.0778 200 0 0.4034 -0.7812 100.0000
16.0790 200 0 0.3353 -0.7812 100.0000
16.0803 200 0 0.3202 -0.7812 100.0000
16.0815 200 0 0.4517 -0.7812 100.0000
16.0827 200 0 0.3783 -0.7812 100.0000
16.0839 200 0 0.3432 -0.7812 100.0000
16.0852 200 0 0.3656 -0.7812 100.0000
16.0865 200 0 0.4276 -0.7812 100.0000
16.0877 199 0 0.4385 39.8438 100.0000
16.0889 199 0 0.3471 39.8438 100.0000
16.0902 198 1 0.2548 39.8438 100.0000
16.0914 198 1 0.1973 39.8438 100.0000
16.0927 198 1 0.2121 39.8438 100.0000
16.0939 197 2 0.1791 39.8438 100.0000
16.0951 197 2 0.1344 39.8438 100.0000
16.0964 196 3 0.1973 39.8438 100.0000
16.0976 196 3 0.2119 39.8438 100.0000
16.0989 196 3 0.1529 39.8438 100.0000
16.1001 195 4 0.1710 39.8438 100.0000
16.1014 195 4 0.1050 39.8438 100.0000
16.1026 194 5 0.0430 39.8438 100.0000
16.1039 194 5 0.0842 39.8438 100.0000
16.1052 194 5 0.0538 39.8438 100.0000
16.1064 193 6 0.0163 39.8438 100.0000
16.1077 193 6 -0.0913 39.8438 100.0000
16.1089 192 7 -0.0980 39.8438 100.0000
16.1102 192 7 -0.1983 39.8438 100.0000
16.1114 192 7 -0.2379 39.8438 100.0000
16.1127 191 8 -0.2145 39.8438 100.0000
16.1140 191 8 -0.2096 39.8438 100.0000
16.1152 190 9 -0.2452 39.8438 100.0000
16.1165 190 9 -0.2642 39.8438 100.0000
16.1177 190 9 -0.2394 39.8438 100.0000
16.1190 189 10 -0.2040 39.8438 100.0000
16.1202 189 10 -0.1600 39.8438 100.0000
16.1214 188 11 -0.1900 39.8438 100.0000
16.1227 188 11 -0.1714 39.8438 100.0000
16.1239 188 11 -0.1717 39.8438 100.0000
16.1251 187 12 -0.2007 39.8438 100.0000
16.1264 187 12 -0.2409 39.8438 100.0000
16.1276 186 13 -0.3335 39.8438 100.0000
16.1289 186 13 -0.4501 39.8438 100.0000
16.1301 186 13 -0.4727 39.8438 100.0000
16.1314 185 14 -0.5436 39.8438 100.0000
16.1326 185 14 -0.5169 39.8438 100.0000
16.1339 184 15 -0.4472 39.8438 100.0000
16.1352 184 15 -0.4072 39.8438 100.0000
16.1364 184 15 -0.4086 39.8438 100.0000
16.1377 183 16 -0.4543 39.8438 100.0000
16.1389 183 16 -0.4794 39.8438 100.0000
16.1402 182 17 -0.4929 39.8438 100.0000
16.1414 182 17 -0.4270 39.8438 100.0000
16.1426 182 17 -0.4503 39.8438 100.0000
16.1439 181 18 -0.5248 39.8438 100.0000
16.1451 181 18 -0.4983 39.8438 100.0000
16.1463 180 19 -0.5019 39.8438 100.0000
16.1476 180 19 -0.5150 39.8438 100.0000
16.1488 179 20 -0.5176 39.8438 100.0000
16.1501 179 20 -0.5223 39.8438 100.0000
16.1513 179 20 -0.6451 39.8438 100.0000
16.1526 178 21 -0.6720 39.8438 100.0000
16.1538 178 21 -0.7962 39.8438 100.0000
16.1551 177 22 -0.8980 39.8438 100.0000
16.1563 177 22 -0.7858 39.8438 100.0000
16.1576 177 22 -0.6251 39.8438 100.0000
16.1589 176 23 -0.6378 39.8438 100.0000
16.1601 176 23 -0.5992 39.8438 100.0000
16.1614 175 24 -0.6193 39.8438 100.0000
16.1626 175 24 -0.6232 39.8438 100.0000
16.1639 175 24 -0.5645 39.8438 100.0000
16.1652 174 25 -0.6074 39.8438 100.0000
16.1664 174 25 -0.5742 39.8438 100.0000
16.1677 173 26 -0.4559 39.8438 100.0000
16.1689 173 26 -0.5662 41.4062 100.0000
16.1702 173 26 -0.4730 41.4062 100.0000
16.1715 172 27 -0.4535 41.4062 100.0000
16.1727 172 27 -0.4767 41.4062 100.0000
16.1740 171 28 -0.4549 41.4062 100.0000
16.1752 171 28 -0.3417 41.4062 100.0000
16.1765 170 29 -0.3021 41.4062 100.0000
16.1777 170 29 -0.2837 41.4062 100.0000
16.1790 170 29 -0.2220 41.4062 100.0000
16.1803 169 30 -0.2933 41.4062 100.0000
16.1815 169 30 -0.2893 41.4062 100.0000
16.1828 168 31 -0.2577 41.4062 100.0000
16.1840 168 31 -0.3142 41.4062 100.0000
16.1853 168 31 -0.3170 41.4062 100.0000
16.1866 167 32 -0.2739 41.4062 100.0000
16.1878 167 32 -0.3902 41.4062 100.0000
16.1891 166 33 -0.4227 41.4062 100.0000
16.1903 166 33 -0.4251 41.4062 100.0000
16.1916 165 34 -0.4260 41.4062 100.0000
16.1928 165 34 -0.3160 41.4062 100.0000
16.1941 165 34 -0.3595 41.4062 100.0000
16.1954 164 35 -0.3381 41.4062 100.0000
16.1966 164 35 -0.3314 41.4062 100.0000
16.1979 163 36 -0.3317 41.4062 100.0000
16.1991 163 36 -0.3141 41.4062 100.0000
16.2004 163 36 -0.3044 41.4062 100.0000
16.2016 162 37 -0.2942 41.4062 100.0000
16.2029 162 37 -0.3808 41.4062 100.0000
16.2041 161 38 -0.3667 41.4062 100.0000
16.2054 161 38 -0.3425 41.4062 100.0000
16.2066 160 39 -0.2125 41.4062 100.0000
16.2079 160 39 -0.1247 41.4062 100.0000
16.2092 160 39 -0.0559 41.4062 100.0000
16.2104 159 40 0.0028 41.4062 100.0000
16.2117 159 40 -0.0049 41.4062 100.0000
16.2129 158 41 0.0401 41.4062 100.0000
16.2142 158 41 0.0203 41.4062 100.0000
16.2154 158 41 -0.0066 41.4062 100.0000
16.2167 157 42 -0.0711 41.4062 100.0000
16.2179 157 42 -0.2201 41.4062 100.0000
16.2192 156 43 -0.2916 41.4062 100.0000
16.2204 156 43 -0.2956 41.4062 100.0000
16.2217 155 44 -0.1959 41.4062 100.0000
16.2230 155 44 -0.1662 90.6250 100.0000
16.2242 154 45 -0.2068 90.6250 100.0000
16.2255 153 46 -0.2602 90.6250 100.0000
16.2267 152 47 -0.3315 90.6250 100.0000
16.2280 151 48 -0.2717 90.6250 100.0000
16.2293 150 49 -0.2274 90.6250 100.0000
16.2306 149 50 -0.1911 90.6250 100.0000
16.2318 148 51 -0.2164 90.6250 100.0000
16.2331 147 52 -0.2390 90.6250 100.0000
16.2344 146 53 -0.1678 90.6250 100.0000
16.2356 145 54 -0.1409 90.6250 100.0000
16.2369 145 54 -0.1544 90.6250 100.0000
16.2381 144 55 -0.2126 90.6250 100.0000
16.2394 143 56 -0.1787 90.6250 100.0000
16.2406 142 57 -0.0491 90.6250 100.0000
16.2419 141 58 -0.0381 90.6250 100.0000
16.2432 140 59 -0.0823 90.6250 100.0000
16.2444 139 60 -0.0502 90.6250 100.0000
16.2457 138 61 -0.0851 90.6250 100.0000
16.2469 137 62 -0.0628 90.6250 100.0000
16.2482 136 63 -0.1440 90.6250 100.0000
16.2494 136 63 -0.1575 90.6250 100.0000
16.2507 135 64 -0.1641 90.6250 100.0000
16.2519 134 65 -0.1712 90.6250 100.0000
16.2531 133 66 -0.1768 90.6250 100.0000
16.2544 132 67 -0.2110 90.6250 100.0000
16.2556 131 68 -0.2255 90.6250 100.0000
16.2568 130 69 -0.1960 90.6250 100.0000
16.2581 129 70 -0.1834 90.6250 100.0000
16.2593 128 71 -0.0464 90.6250 100.0000
16.2606 127 72 -0.0841 90.6250 100.0000
16.2618 126 73 -0.0498 90.6250 100.0000
16.2631 126 73 -0.0199 90.6250 100.0000
16.2644 125 74 0.0318 90.6250 100.0000
16.2656 124 75 0.0704 90.6250 100.0000
16.2669 123 76 0.1525 90.6250 100.0000
16.2681 122 77 0.0634 90.6250 100.0000
16.2694 121 78 0.0244 90.6250 100.0000
16.2706 120 79 0.0274 90.6250 100.0000
16.2719 119 80 0.0357 90.6250 100.0000
16.2731 118 81 -0.0057 90.6250 100.0000
16.2744 117 82 -0.0481 90.6250 100.0000
16.2757 116 83 -0.1803 90.6250 100.0000
16.2769 116 83 -0.1770 90.6250 100.0000
16.2782 115 84 -0.0874 90.6250 100.0000
16.2794 114 85 -0.0945 90.6250 100.0000
16.2807 113 86 -0.0706 90.6250 100.0000
16.2819 112 87 -0.0600 90.6250 100.0000
16.2832 111 88 -0.0435 90.6250 100.0000
16.2844 110 89 0.0437 90.6250 100.0000
16.2857 109 90 0.0158 90.6250 100.0000
16.2870 108 91 0.0763 90.6250 100.0000
16.2882 107 92 0.0819 90.6250 100.0000
16.2895 107 92 0.0110 90.6250 100.0000
16.2908 106 93 0.0338 90.6250 100.0000
16.2920 105 94 0.0921 90.6250 100.0000
16.2933 104 95 0.0782 90.6250 100.0000
16.2945 103 96 0.0405 90.6250 100.0000
16.2958 102 97 0.1394 90.6250 100.0000
16.2970 101 98 0.0607 90.6250 100.0000
16.2983 100 99 0.1236 90.6250 100.0000
16.2996 99 100 0.1228 90.6250 100.0000
16.3008 98 101 0.1685 90.6250 100.0000
16.3021 97 102 0.0919 90.6250 100.0000
16.3033 97 102 0.1572 90.6250 100.0000
16.3046 96 103 0.2227 90.6250 100.0000
16.3058 95 104 0.2246 90.6250 100.0000
16.3071 94 105 0.2393 90.6250 100.0000
16.3083 93 106 0.1151 90.6250 100.0000
16.3096 92 107 0.1078 90.6250 100.0000
16.3108 91 108 0.1852 90.6250 100.0000
16.3121 90 109 0.2086 90.6250 100.0000
16.3133 89 110 0.2322 90.6250 100.0000
16.3146 88 111 0.2053 90.6250 100.0000
16.3158 88 111 0.1759 90.6250 100.0000
16.3171 87 112 0.1823 90.6250 100.0000
16.3183 86 113 0.2145 90.6250 100.0000
16.3196 85 114 0.1990 90.6250 100.0000
16.3209 84 115 0.2002 90.6250 100.0000
16.3221 83 116 0.1448 90.6250 100.0000
16.3234 82 117 0.2466 90.6250 100.0000
16.3247 81 118 0.1599 90.6250 100.0000
16.3259 80 119 0.1798 90.6250 100.0000
16.3272 79 120 0.2346 90.6250 100.0000
16.3285 78 121 0.1431 90.6250 100.0000
16.3297 78 121 0.2250 90.6250 100.0000
16.3310 77 122 0.2588 90.6250 100.0000
16.3323 76 123 0.2942 90.6250 100.0000
16.3336 75 124 0.3015 90.6250 100.0000
16.3349 74 125 0.3258 90.6250 100.0000
16.3361 73 126 0.3422 90.6250 100.0000
16.3374 72 127 0.2624 90.6250 100.0000
16.3386 71 128 0.2919 90.6250 100.0000
16.3399 70 129 0.1967 90.6250 100.0000
16.3412 69 130 0.2171 90.6250 100.0000
16.3424 69 130 0.2304 90.6250 100.0000
16.3437 68 131 0.1870 90.6250 100.0000
16.3450 67 132 0.1326 90.6250 100.0000
16.3463 66 133 0.0107 90.6250 100.0000
16.3476 65 134 -0.0678 90.6250 100.0000
16.3488 64 135 -0.0158 90.6250 100.0000
16.3501 63 136 -0.0791 90.6250 100.0000
16.3514 62 137 -0.1367 90.6250 100.0000
16.3526 61 138 -0.1406 90.6250 100.0000
16.3539 60 139 -0.1213 90.6250 100.0000
16.3552 59 140 -0.1000 90.6250 100.0000
16.3564 59 140 -0.0921 90.6250 100.0000
16.3577 58 141 -0.1096 90.6250 100.0000
16.3589 57 142 -0.0320 90.6250 100.0000
16.3602 56 143 0.0226 90.6250 100.0000
16.3615 55 144 0.0881 90.6250 100.0000
16.3627 54 145 0.0859 90.6250 100.0000
16.3640 53 146 0.0953 90.6250 100.0000
16.3653 52 147 0.1307 90.6250 100.0000
16.3665 51 148 0.1279 90.6250 100.0000
16.3678 50 149 0.2208 90.6250 100.0000
16.3691 49 150 0.2750 90.6250 100.0000
16.3704 49 150 0.2378 90.6250 100.0000
16.3716 48 151 0.2738 90.6250 100.0000
16.3729 47 152 0.2936 90.6250 100.0000
16.3742 46 153 0.3034 90.6250 100.0000
16.3755 45 154 0.3901 90.6250 100.0000
16.3767 44 155 0.3443 90.6250 100.0000
16.3780 43 156 0.2449 90.6250 100.0000
16.3793 42 157 0.3123 90.6250 100.0000
16.3805 41 158 0.1801 90.6250 100.0000
16.3818 40 159 0.2583 90.6250 100.0000
16.3831 40 159 0.3255 90.6250 100.0000
16.3844 39 160 0.2503 90.6250 100.0000
16.3857 38 161 0.2041 90.6250 100.0000
16.3870 37 162 0.1968 90.6250 100.0000
16.3883 36 163 0.1308 90.6250 100.0000
16.3896 35 164 0.1545 90.6250 100.0000
16.3909 34 165 0.1519 90.6250 100.0000
16.3921 33 166 0.2088 90.6250 100.0000
16.3934 32 167 0.2330 90.6250 100.0000
16.3947 31 168 0.2264 90.6250 100.0000
16.3960 31 168 0.1292 90.6250 100.0000
16.3972 30 169 0.0779 90.6250 100.0000
16.3985 29 170 0.1908 90.6250 100.0000
16.3998 28 171 0.1362 90.6250 100.0000
16.4011 27 172 0.1488 90.6250 100.0000
16.4023 26 173 0.1054 90.6250 100.0000
16.4036 25 174 0.1293 90.6250 100.0000
16.4049 24 175 0.1836 90.6250 100.0000
16.4061 23 176 0.1862 90.6250 100.0000
16.4074 22 177 0.1357 90.6250 100.0000
16.4087 21 178 0.1447 90.6250 100.0000
16.4100 21 178 0.1194 90.6250 100.0000
16.4112 20 179 0.1090 90.6250 100.0000
16.4125 19 180 0.1229 90.6250 100.0000
16.4138 18 181 0.0297 90.6250 100.0000
16.4151 17 182 -0.0128 90.6250 100.0000
16.4164 16 183 0.0222 90.6250 100.0000
16.4176 15 184 0.0686 90.6250 100.0000
16.4189 14 185 0.0395 90.6250 100.0000
16.4202 13 186 -0.0031 90.6250 100.0000
16.4214 12 187 -0.0197 90.6250 100.0000
16.4227 11 188 -0.0577 90.6250 100.0000
16.4240 11 188 -0.1158 90.6250 100.0000
16.4253 10 189 -0.0878 90.6250 100.0000
16.4266 9 190 -0.0530 90.6250 100.0000
16.4278 8 191 -0.0776 90.6250 100.0000
16.4291 7 192 -0.0069 90.6250 100.0000
16.4304 6 193 0.0183 90.6250 100.0000
16.4316 5 194 -0.0387 90.6250 100.0000
16.4329 4 195 -0.0554 90.6250 100.0000
16.4342 3 196 -0.0056 90.6250 100.0000
16.4355 2 197 -0.0552 90.6250 100.0000
16.4368 2 197 -0.0995 90.6250 100.0000
16.4380 1 198 -0.1341 90.6250 100.0000
16.4393 0 199 -0.1329 90.6250 100.0000
16.4406 0 200 -0.0968 90.6250 100.0000
16.4418 0 200 -0.1536 90.6250 100.0000
16.4431 0 200 -0.0896 90.6250 100.0000
16.4444 0 200 -0.1476 90.6250 100.0000
16.4456 0 200 -0.0566 90.6250 100.0000
16.4469 0 200 -0.0208 90.6250 100.0000
16.4481 0 200 0.0160 90.6250 100.0000
16.4494 0 200 0.0819 90.6250 100.0000
16.4506 0 200 0.1195 90.6250 100.0000
16.4519 0 200 0.1033 90.6250 100.0000
16.4531 0 200 0.1376 90.6250 100.0000
16.4544 0 200 0.1262 90.6250 100.0000
16.4557 0 200 0.0994 90.6250 100.0000
16.4569 0 200 0.0791 90.6250 100.0000
16.4582 0 200 0.0818 90.6250 100.0000
16.4594 0 200 0.0282 90.6250 100.0000
16.4607 0 200 0.0468 90.6250 100.0000
16.4619 0 200 0.0788 90.6250 100.0000
16.4632 0 200 0.0622 90.6250 100.0000
16.4644 0 200 0.0474 90.6250 100.0000
16.4657 0 200 0.1033 90.6250 100.0000
16.4669 0 200 0.1303 90.6250 100.0000
16.4682 0 200 0.1600 90.6250 100.0000
16.4695 0 200 0.1928 90.6250 100.0000
16.4707 0 200 0.2469 90.6250 100.0000
16.4720 0 200 0.2310 90.6250 100.0000
16.4733 0 199 0.1973 -0.0000 100.0000
16.4746 0 199 0.1448 -0.0000 100.0000
16.4759 0 199 0.1139 -0.0000 100.0000
16.4772 0 199 0.0752 -0.0000 100.0000
16.4785 0 199 0.1068 -0.0000 100.0000
16.4798 0 199 0.0900 -0.0000 100.0000
16.4811 0 199 0.0947 -0.0000 100.0000
16.4823 0 199 0.1165 -0.0000 100.0000
16.4836 0 199 0.0388 -0.0000 100.0000
16.4848 0 199 0.0264 -0.0000 100.0000
16.4862 0 199 0.0624 -0.0000 100.0000
16.4874 0 199 -0.0552 -0.0000 100.0000
16.4887 0 199 -0.1113 -0.0000 100.0000
16.4900 0 199 -0.0988 -0.0000 100.0000
16.4912 0 199 -0.1710 -0.0000 100.0000
16.4925 0 199 -0.1513 -0.0000 100.0000
16.4938 0 199 -0.1510 -0.0000 100.0000
16.4950 0 199 -0.0427 -0.0000 100.0000
16.4963 0 199 -0.1829 -0.0000 100.0000
16.4976 0 200 -0.2226 -0.0000 100.0000
16.4988 0 200 -0.2070 -0.0000 100.0000
16.5001 0 200 -0.1402 -0.0000 100.0000
16.5013 0 200 -0.1108 -0.0000 100.0000
16.5026 0 200 -0.0394 -0.0000 100.0000
16.5038 0 200 -0.0149 -0.0000 100.0000
16.5051 0 200 -0.0368 -0.0000 100.0000
16.5063 0 199 0.0069 -0.0000 100.0000
16.5076 0 199 0.0274 -0.0000 100.0000
16.5088 0 199 0.0760 -0.0000 100.0000
16.5101 0 199 0.0741 -0.0000 100.0000
16.5114 0 199 0.0723 -0.0000 100.0000
16.5127 0 199 0.1312 -0.0000 100.0000
16.5139 0 199 0.1657 -0.0000 100.0000
16.5152 0 199 0.1947 -0.0000 100.0000
16.5165 0 199 0.1837 -0.0000 100.0000
16.5177 0 199 0.1368 -0.0000 100.0000
16.5190 0 199 0.1911 -0.0000 100.0000
16.5203 0 199 0.1787 -0.0000 100.0000
16.5215 0 199 0.1979 -0.0000 100.0000
16.5228 0 199 0.2212 -0.0000 100.0000
16.5241 0 199 0.1873 -0.0000 100.0000
16.5253 0 199 0.1881 -0.0000 100.0000
16.5266 0 199 0.3245 -0.0000 100.0000
16.5279 0 199 0.2512 -0.0000 100.0000
16.5291 0 199 0.3186 -0.0000 100.0000
16.5304 0 199 0.3196 -0.0000 100.0000
16.5317 0 199 0.3140 -0.0000 100.0000
16.5330 0 199 0.2675 -0.0000 100.0000
16.5342 0 199 0.2363 -0.0000 100.0000
16.5355 0 199 0.2968 -0.0000 100.0000
16.5368 0 199 0.3023 -0.0000 100.0000
16.5380 0 199 0.2627 -0.0000 100.0000
16.5393 0 199 0.2984 -0.0000 100.0000
16.5406 0 199 0.2765 -0.0000 100.0000
16.5419 0 199 0.1718 -0.0000 100.0000
16.5431 0 199 0.2174 -0.0000 100.0000
16.5444 0 199 0.2464 -0.0000 100.0000
16.5457 0 199 0.1834 -0.0000 100.0000
16.5469 0 199 0.1969 -0.0000 100.0000
16.5482 0 199 0.1337 -0.0000 100.0000
16.5495 0 199 0.1744 -0.0000 100.0000
16.5508 0 199 0.1971 -0.0000 100.0000
16.5520 0 199 0.1992 -0.0000 100.0000
16.5533 0 199 0.2530 -0.0000 100.0000
16.5546 0 199 0.2093 -0.0000 100.0000
16.5559 0 199 0.1799 -0.0000 100.0000
16.5571 0 199 0.1205 -0.0000 100.0000
16.5584 0 199 0.1053 -0.0000 100.0000
16.5597 0 199 0.1985 -0.0000 100.0000
16.5609 0 199 0.2579 -0.0000 100.0000
16.5622 0 199 0.3220 -0.0000 100.0000
16.5635 0 199 0.3245 -0.0000 100.0000
16.5648 0 199 0.4356 -0.0000 100.0000
16.5660 0 199 0.3562 -0.0000 100.0000
16.5673 0 199 0.4372 -0.0000 100.0000
16.5686 0 199 0.4664 -0.0000 100.0000
16.5698 0 199 0.3853 -0.0000 100.0000
16.5711 0 199 0.3126 -0.0000 100.0000
16.5724 0 199 0.3510 -0.0000 100.0000
16.5736 0 199 0.3732 -0.0000 100.0000
16.5749 0 199 0.4009 -0.0000 100.0000
16.5762 0 199 0.4108 -0.0000 100.0000
16.5775 0 199 0.4166 -0.0000 100.0000
16.5788 0 199 0.3686 -0.0000 100.0000
16.5800 0 199 0.3691 -0.0000 100.0000
16.5813 0 199 0.3025 -0.0000 100.0000
16.5825 0 199 0.3327 -0.0000 100.0000
16.5838 0 199 0.3719 -0.0000 100.0000
16.5851 0 199 0.3572 -0.0000 100.0000
16.5863 0 199 0.3246 -0.0000 100.0000
16.5875 0 199 0.3689 -0.0000 100.0000
16.5888 0 199 0.3254 -0.0000 100.0000
16.5901 0 199 0.3713 -0.0000 100.0000
16.5914 0 199 0.3082 -0.0000 100.0000
16.5926 0 199 0.3158 -0.0000 100.0000
16.5939 0 199 0.2199 -0.0000 100.0000
16.5952 0 199 0.1223 -0.0000 100.0000
16.5965 0 199 0.1097 -0.0000 100.0000
16.5978 0 199 0.0275 -0.0000 100.0000
16.5991 0 199 -0.0084 -0.0000 100.0000
16.6003 0 199 -0.0274 -0.0000 100.0000
16.6016 0 199 -0.0989 -0.0000 100.0000
16.6029 0 199 -0.1643 -0.0000 100.0000
16.6042 0 199 -0.2343 -0.0000 100.0000
16.6054 0 199 -0.3813 -0.0000 100.0000
16.6067 0 199 -0.3924 -0.0000 100.0000
16.6079 0 199 -0.4034 -0.0000 100.0000
16.6092 0 199 -0.5051 -0.0000 100.0000
16.6105 0 199 -0.4447 -0.0000 100.0000
16.6117 0 199 -0.5058 -0.0000 100.0000
16.6130 0 199 -0.5871 -0.0000 100.0000
16.6143 0 199 -0.6084 -0.0000 100.0000
16.6155 0 199 -0.6857 -0.0000 100.0000
16.6168 0 199 -0.7539 -0.0000 100.0000
16.6181 0 199 -0.7614 -0.0000 100.0000
16.6194 0 199 -0.8696 -0.0000 100.0000
16.6207 0 199 -0.7917 -0.0000 100.0000
16.6219 0 199 -0.7498 -0.0000 100.0000
16.6232 0 199 -0.8369 -0.0000 100.0000
16.6245 0 199 -0.8365 -0.0000 100.0000
16.6257 0 199 -0.8565 -0.0000 100.0000
16.6270 0 199 -0.8526 -0.0000 100.0000
16.6283 0 199 -0.9023 -0.0000 100.0000
16.6296 0 199 -0.8807 -0.0000 100.0000
16.6308 0 199 -0.8598 -0.0000 100.0000
16.6321 0 199 -0.8028 -0.0000 100.0000
16.6334 0 199 -0.7440 -0.0000 100.0000
16.6347 0 199 -0.6645 -0.0000 100.0000
16.6359 0 199 -0.5751 -0.0000 100.0000
16.6372 0 199 -0.5216 -0.0000 100.0000
16.6385 0 200 -0.5359 -0.0000 100.0000
16.6398 0 200 -0.5269 -0.0000 100.0000
16.6410 0 200 -0.4399 -0.0000 100.0000
16.6423 0 200 -0.4186 -0.0000 100.0000
16.6435 0 200 -0.3759 -0.0000 100.0000
16.6448 0 200 -0.2784 -0.0000 100.0000
16.6461 0 200 -0.2907 -0.0000 100.0000
16.6473 0 200 -0.1637 -0.0000 100.0000
16.6486 0 200 -0.1540 -0.0000 100.0000
16.6498 0 200 -0.2272 -0.0000 100.0000
16.6511 0 200 -0.2149 -0.0000 100.0000
16.6524 0 200 -0.1893 -0.0000 100.0000
16.6536 0 200 -0.0906 -0.0000 100.0000
16.6549 0 200 -0.0734 -0.0000 100.0000
16.6562 0 200 -0.1549 -0.0000 100.0000
16.6574 0 200 -0.0328 -0.0000 100.0000
16.6587 0 199 0.0409 -0.0000 100.0000
16.6600 0 199 0.0660 -0.0000 100.0000
16.6612 0 199 0.0632 -0.0000 100.0000
16.6625 0 199 0.0922 -0.0000 100.0000
16.6638 0 199 -0.0508 -0.0000 100.0000
16.6651 0 199 -0.0848 -0.0000 100.0000
16.6664 0 199 -0.0415 -0.0000 100.0000
16.6676 0 199 -0.0372 -0.0000 100.0000
16.6689 0 200 -0.1250 -0.0000 100.0000
16.6702 0 200 -0.1371 -0.0000 100.0000
16.6714 0 200 -0.1600 -0.0000 100.0000
16.6727 0 200 -0.1488 -0.0000 100.0000
16.6740 0 200 -0.2094 -0.0000 100.0000
16.6752 0 200 -0.2185 -0.0000 100.0000
16.6765 0 200 -0.2800 -0.0000 100.0000
16.6778 0 200 -0.2251 -0.0000 100.0000
16.6791 0 200 -0.2271 -0.0000 100.0000
16.6803 0 200 -0.3483 -0.0000 100.0000
16.6816 0 200 -0.4279 -0.0000 100.0000
16.6828 0 200 -0.3405 -0.0000 100.0000
16.6841 0 200 -0.3827 -0.0000 100.0000
16.6854 0 200 -0.3033 -0.0000 100.0000
16.6866 0 200 -0.2353 -0.0000 100.0000
16.6879 0 200 -0.2934 -0.0000 100.0000
16.6891 0 200 -0.3859 -0.0000 100.0000
16.6904 0 200 -0.4415 -0.0000 100.0000
16.6917 0 200 -0.3699 -0.0000 100.0000
16.6930 0 200 -0.3240 -0.0000 100.0000
16.6942 0 200 -0.2828 -0.0000 100.0000
16.6955 0 200 -0.1930 -0.0000 100.0000
16.6968 0 200 -0.1029 -0.0000 100.0000
16.6980 0 200 -0.0377 -0.0000 100.0000
16.6993 0 200 -0.0034 -0.0000 100.0000
16.7006 0 199 0.0316 -0.0000 100.0000
16.7019 0 199 0.0997 -0.0000 100.0000
16.7032 0 199 0.0822 -0.0000 100.0000
16.7045 0 199 0.1440 -0.0000 100.0000
16.7057 0 199 0.2221 -0.0000 100.0000
16.7070 0 199 0.2327 -0.0000 100.0000
16.7083 0 199 0.2152 -0.0000 100.0000
16.7095 0 199 0.1499 -0.0000 100.0000
16.7108 0 199 0.1598 -0.0000 100.0000
16.7121 0 199 0.2231 -0.0000 100.0000
16.7134 0 199 0.2391 -0.0000 100.0000
16.7146 0 199 0.2526 -0.0000 100.0000
16.7159 0 199 0.3027 -0.0000 100.0000
16.7172 0 199 0.2805 -0.0000 100.0000
16.7184 0 199 0.2573 -0.0000 100.0000
16.7197 0 199 0.3079 -0.0000 100.0000
16.7209 0 199 0.2489 -0.0000 100.0000
16.7223 0 199 0.2578 -0.0000 100.0000
16.7235 0 199 0.2786 -0.0000 100.0000
16.7248 0 199 0.2183 -0.0000 100.0000
16.7261 0 199 0.1943 -0.0000 100.0000
16.7273 0 199 0.1762 -0.0000 100.0000
16.7286 0 199 0.1470 -0.0000 100.0000
16.7299 0 199 0.1457 -0.0000 100.0000
16.7311 0 199 0.1739 -0.0000 100.0000
16.7324 0 199 0.1503 -0.0000 100.0000
16.7337 0 199 0.0126 -0.0000 100.0000
16.7350 0 199 0.0577 -0.0000 100.0000
16.7363 0 199 0.0907 -0.0000 100.0000
16.7375 0 199 0.0964 -0.0000 100.0000
16.7388 0 199 0.0825 -0.0000 100.0000
16.7400 0 199 0.1143 -0.0000 100.0000
16.7413 0 199 0.0855 -0.0000 100.0000
16.7425 0 199 0.1567 -0.0000 100.0000
16.7438 0 199 0.1527 -0.0000 100.0000
16.7451 0 199 0.0748 -0.0000 100.0000
16.7463 0 199 0.0864 -0.0000 100.0000
16.7476 0 199 0.1139 -0.0000 100.0000
16.7488 0 199 0.0882 -0.0000 100.0000
16.7501 0 199 0.0782 -0.0000 100.0000
16.7513 0 199 0.0788 -0.0000 100.0000
16.7526 0 199 0.0706 -0.0000 100.0000
16.7539 0 199 0.0025 -0.0000 100.0000
16.7551 0 199 -0.0617 -0.0000 100.0000
16.7563 0 199 -0.0178 -0.0000 100.0000
16.7576 0 199 -0.1096 -0.0000 100.0000
16.7588 0 199 -0.1104 -0.0000 100.0000
16.7600 0 199 -0.0891 -0.0000 100.0000
16.7613 0 199 -0.0559 -0.0000 100.0000
16.7625 0 199 -0.0903 -0.0000 100.0000
16.7637 0 199 -0.0902 -0.0000 100.0000
16.7649 0 199 -0.2461 -0.0000 100.0000
16.7662 0 199 -0.3665 -0.0000 100.0000
16.7674 0 199 -0.3227 -0.0000 100.0000
16.7687 0 199 -0.3738 1.5625 100.0000
16.7700 0 199 -0.3183 1.5625 100.0000
16.7712 0 200 -0.3295 1.5625 100.0000
16.7725 0 200 -0.4144 1.5625 100.0000
16.7737 0 200 -0.4525 1.5625 100.0000
16.7750 0 200 -0.4198 1.5625 100.0000
16.7762 0 200 -0.3629 1.5625 100.0000
16.7775 0 200 -0.4433 1.5625 100.0000
16.7788 0 200 -0.4270 1.5625 100.0000
16.7800 0 200 -0.4297 1.5625 100.0000
16.7813 0 200 -0.4788 1.5625 100.0000
16.7825 0 200 -0.3881 1.5625 100.0000
16.7838 0 200 -0.3780 1.5625 100.0000
16.7850 0 200 -0.4493 1.5625 100.0000
16.7863 0 200 -0.4379 1.5625 100.0000
16.7875 0 200 -0.5226 1.5625 100.0000
16.7888 0 200 -0.5915 1.5625 100.0000
16.7900 0 200 -0.5568 1.5625 100.0000
16.7913 0 200 -0.5921 1.5625 100.0000
16.7926 0 200 -0.6018 1.5625 100.0000
16.7939 0 200 -0.6753 1.5625 100.0000
16.7951 0 200 -0.7675 1.5625 100.0000
16.7964 0 200 -0.7421 1.5625 100.0000
16.7977 0 200 -0.8260 1.5625 100.0000
16.7990 0 200 -0.7942 1.5625 100.0000
16.8003 0 200 -0.7529 1.5625 100.0000
16.8015 0 200 -0.8189 1.5625 100.0000
16.8028 0 200 -0.8818 1.5625 100.0000
16.8041 0 200 -0.9361 1.5625 100.0000
16.8054 0 200 -0.9261 1.5625 100.0000
16.8067 0 200 -0.9910 1.5625 100.0000
16.8080 0 200 -0.9961 1.5625 100.0000
16.8092 0 200 -0.9656 1.5625 100.0000
16.8105 0 200 -0.9142 1.5625 100.0000
16.8118 0 200 -0.8311 1.5625 100.0000
16.8130 0 200 -0.9101 1.5625 100.0000
16.8143 0 200 -0.9843 1.5625 100.0000
16.8156 0 200 -1.0087 10.9375 100.0000
16.8169 0 200 -1.0156 10.9375 100.0000
16.8182 0 200 -0.9756 10.9375 100.0000
16.8194 0 200 -0.9453 10.9375 100.0000
16.8207 0 200 -0.8767 10.9375 100.0000
16.8220 0 200 -0.9093 10.9375 100.0000
16.8233 0 200 -0.8612 10.9375 100.0000
16.8246 0 200 -0.8511 10.9375 100.0000
16.8259 0 200 -0.7709 10.9375 100.0000
16.8271 0 200 -0.7066 10.9375 100.0000
16.8284 0 200 -0.7032 10.9375 100.0000
16.8296 0 200 -0.6407 10.9375 100.0000
16.8309 0 200 -0.6481 10.9375 100.0000
16.8321 0 200 -0.6428 10.9375 100.0000
16.8334 0 200 -0.6474 10.9375 100.0000
16.8347 0 200 -0.5461 10.9375 100.0000
16.8360 0 200 -0.5514 10.9375 100.0000
16.8373 0 200 -0.4856 10.9375 100.0000
16.8385 0 200 -0.4400 10.9375 100.0000
16.8398 0 200 -0.4277 10.9375 100.0000
16.8411 0 200 -0.3994 10.9375 100.0000
16.8424 0 200 -0.4243 10.9375 100.0000
16.8437 0 200 -0.3294 10.9375 100.0000
16.8449 0 200 -0.3471 10.9375 100.0000
16.8462 0 200 -0.2990 10.9375 100.0000
16.8475 0 200 -0.2907 10.9375 100.0000
16.8487 0 200 -0.2060 10.9375 100.0000
16.8500 0 200 -0.2028 10.9375 100.0000
16.8513 0 200 -0.1868 10.9375 100.0000
16.8526 0 200 -0.2256 10.9375 100.0000
16.8538 0 200 -0.1992 10.9375 100.0000
16.8551 0 200 -0.2088 10.9375 100.0000
16.8564 0 200 -0.2538 10.9375 100.0000
16.8577 0 200 -0.3128 10.9375 100.0000
16.8590 0 200 -0.3311 10.9375 100.0000
16.8602 0 200 -0.3427 10.9375 100.0000
16.8615 0 200 -0.3994 10.9375 100.0000
16.8627 0 200 -0.4235 10.9375 100.0000
16.8640 0 200 -0.4448 10.9375 100.0000
16.8653 0 200 -0.4553 10.9375 100.0000
16.8665 0 200 -0.5181 10.9375 100.0000
16.8678 0 200 -0.4959 10.9375 100.0000
16.8691 0 200 -0.5618 10.9375 100.0000
16.8704 0 200 -0.4644 10.9375 100.0000
16.8717 0 200 -0.4133 12.5000 100.0000
16.8729 0 200 -0.5560 12.5000 100.0000
16.8742 0 200 -0.6071 12.5000 100.0000
16.8755 0 200 -0.6760 12.5000 100.0000
16.8767 0 200 -0.5614 12.5000 100.0000
16.8780 0 200 -0.5680 12.5000 100.0000
16.8793 0 200 -0.6411 12.5000 100.0000
16.8806 0 200 -0.6384 12.5000 100.0000
16.8819 0 200 -0.5799 12.5000 100.0000
16.8831 0 200 -0.5724 12.5000 100.0000
16.8844 0 200 -0.5586 12.5000 100.0000
16.8857 0 200 -0.6191 12.5000 100.0000
16.8870 0 200 -0.6440 12.5000 100.0000
16.8883 0 200 -0.6266 12.5000 100.0000
16.8896 0 200 -0.6583 12.5000 100.0000
16.8908 0 200 -0.6802 12.5000 100.0000
16.8921 0 200 -0.6812 12.5000 100.0000
16.8934 0 200 -0.6361 12.5000 100.0000
16.8946 0 200 -0.6200 12.5000 100.0000
16.8959 0 200 -0.6348 12.5000 100.0000
16.8971 0 200 -0.6690 12.5000 100.0000
16.8984 0 200 -0.7447 12.5000 100.0000
16.8997 0 200 -0.6152 12.5000 100.0000
16.9010 0 200 -0.5914 12.5000 100.0000
16.9023 0 200 -0.6941 12.5000 100.0000
16.9036 0 200 -0.6948 12.5000 100.0000
16.9049 0 200 -0.5916 12.5000 100.0000
16.9061 0 200 -0.6143 12.5000 100.0000
16.9074 0 200 -0.6361 12.5000 100.0000
16.9087 0 200 -0.5780 12.5000 100.0000
16.9100 0 200 -0.4810 12.5000 100.0000
16.9113 0 200 -0.3730 12.5000 100.0000
16.9125 0 200 -0.3625 12.5000 100.0000
16.9138 0 200 -0.2929 12.5000 100.0000
16.9151 0 200 -0.3398 12.5000 100.0000
16.9164 0 200 -0.3669 12.5000 100.0000
16.9177 0 200 -0.4009 12.5000 100.0000
16.9189 0 200 -0.3971 12.5000 100.0000
16.9202 0 200 -0.3791 12.5000 100.0000
16.9215 0 200 -0.4230 12.5000 100.0000
16.9228 0 200 -0.5628 12.5000 100.0000
16.9241 0 200 -0.4492 12.5000 100.0000
16.9254 0 200 -0.5193 12.5000 100.0000
16.9266 0 200 -0.6255 12.5000 100.0000
16.9279 0 200 -0.6415 12.5000 100.0000
16.9293 0 200 -0.6997 14.8438 100.0000
16.9306 0 200 -0.7288 14.8438 100.0000
16.9318 0 200 -0.5814 14.8438 100.0000
16.9331 0 200 -0.5548 14.8438 100.0000
16.9344 0 200 -0.5984 14.8438 100.0000
16.9357 0 200 -0.7167 14.8438 100.0000
16.9370 0 200 -0.6956 14.8438 100.0000
16.9383 0 200 -0.6858 14.8438 100.0000
16.9396 0 200 -0.6922 14.8438 100.0000
16.9408 0 200 -0.6733 14.8438 100.0000
16.9421 0 200 -0.6189 14.8438 100.0000
16.9434 0 200 -0.5970 14.8438 100.0000
16.9447 0 200 -0.6000 14.8438 100.0000
16.9460 0 200 -0.6117 14.8438 100.0000
16.9472 0 200 -0.6167 14.8438 100.0000
16.9485 0 200 -0.6883 14.8438 100.0000
16.9498 0 200 -0.7672 14.8438 100.0000
16.9511 0 200 -0.6363 14.8438 100.0000
16.9524 0 200 -0.5976 14.8438 100.0000
16.9537 0 200 -0.4826 14.8438 100.0000
16.9550 0 200 -0.4300 14.8438 100.0000
16.9562 0 200 -0.4027 14.8438 100.0000
16.9575 0 200 -0.4427 14.8438 100.0000
16.9588 0 200 -0.4837 14.8438 100.0000
16.9601 0 200 -0.5312 14.8438 100.0000
16.9614 0 200 -0.5041 14.8438 100.0000
16.9626 0 200 -0.5599 14.8438 100.0000
16.9639 0 200 -0.5846 14.8438 100.0000
16.9652 0 200 -0.6412 14.8438 100.0000
16.9665 0 200 -0.6377 14.8438 100.0000
16.9677 0 200 -0.6464 14.8438 100.0000
16.9690 0 200 -0.6266 14.8438 100.0000
16.9703 0 200 -0.6005 14.8438 100.0000
16.9715 0 200 -0.6552 14.8438 100.0000
16.9728 0 200 -0.7002 14.8438 100.0000
16.9741 0 200 -0.7460 14.8438 100.0000
16.9754 0 200 -0.7251 14.8438 100.0000
16.9767 0 200 -0.7516 14.8438 100.0000
16.9779 0 200 -0.7599 14.8438 100.0000
16.9792 0 200 -0.7777 14.8438 100.0000
16.9805 0 200 -0.8402 14.8438 100.0000
16.9818 0 200 -0.8807 14.8438 100.0000
16.9831 0 200 -0.9307 14.8438 100.0000
16.9844 0 200 -0.9379 14.8438 100.0000
16.9857 0 200 -0.8995 14.8438 100.0000
16.9869 0 200 -0.8125 14.8438 100.0000
16.9882 0 200 -0.7337 14.8438 100.0000
16.9896 0 200 -0.7205 14.8438 100.0000
16.9909 0 200 -0.6211 16.4062 100.0000
16.9921 0 200 -0.6284 16.4062 100.0000
16.9934 0 200 -0.6203 16.4062 100.0000
16.9947 0 200 -0.6025 16.4062 100.0000
16.9959 0 200 -0.5513 16.4062 100.0000
16.9972 0 200 -0.5718 16.4062 100.0000
16.9985 0 200 -0.5098 16.4062 100.0000
16.9997 0 200 -0.4106 16.4062 100.0000
17.0010 0 200 -0.4070 16.4062 100.0000
17.0022 0 200 -0.3660 16.4062 100.0000
17.0035 0 200 -0.3097 16.4062 100.0000
17.0048 0 200 -0.1922 16.4062 100.0000
17.0062 0 200 -0.1467 16.4062 100.0000
17.0074 0 200 -0.1773 16.4062 100.0000
17.0087 0 200 -0.2734 16.4062 100.0000
17.0100 0 200 -0.2511 16.4062 100.0000
17.0113 0 200 -0.2566 16.4062 100.0000
17.0125 0 200 -0.2424 16.4062 100.0000
17.0138 0 200 -0.2445 16.4062 100.0000
17.0151 0 200 -0.2775 16.4062 100.0000
17.0164 0 200 -0.2469 16.4062 100.0000
17.0177 0 200 -0.2099 16.4062 100.0000
17.0190 0 200 -0.1728 16.4062 100.0000
17.0203 0 200 -0.1013 16.4062 100.0000
17.0216 0 200 -0.1188 16.4062 100.0000
17.0229 0 200 -0.1218 16.4062 100.0000
17.0242 0 200 -0.1069 16.4062 100.0000
17.0254 0 200 -0.2022 16.4062 100.0000
17.0267 0 200 -0.2330 16.4062 100.0000
17.0280 0 200 -0.3373 16.4062 100.0000
17.0293 0 200 -0.2859 16.4062 100.0000
17.0305 0 200 -0.3066 16.4062 100.0000
17.0318 0 200 -0.3009 16.4062 100.0000
17.0331 0 200 -0.2791 16.4062 100.0000
17.0344 0 200 -0.2682 16.4062 100.0000
17.0357 0 200 -0.3319 16.4062 100.0000
17.0369 0 200 -0.3119 16.4062 100.0000
17.0382 0 200 -0.3868 16.4062 100.0000
17.0394 0 200 -0.5279 16.4062 100.0000
17.0407 0 200 -0.5904 16.4062 100.0000
17.0419 0 200 -0.5446 16.4062 100.0000
17.0432 0 200 -0.5064 16.4062 100.0000
17.0444 0 200 -0.5167 16.4062 100.0000
17.0457 0 200 -0.4791 16.4062 100.0000
17.0469 0 200 -0.4965 16.4062 100.0000
17.0482 0 200 -0.4255 16.4062 100.0000
17.0495 0 200 -0.3474 16.4062 100.0000
17.0507 0 200 -0.2967 16.4062 100.0000
17.0520 0 200 -0.3988 16.4062 100.0000
17.0533 0 200 -0.2966 16.4062 100.0000
17.0546 0 200 -0.2214 16.4062 100.0000
17.0558 0 200 -0.2293 16.4062 100.0000
17.0571 0 200 -0.3365 16.4062 100.0000
17.0583 0 200 -0.3750 16.4062 100.0000
17.0596 0 200 -0.4270 16.4062 100.0000
17.0609 0 200 -0.4530 16.4062 100.0000
17.0621 0 200 -0.4338 16.4062 100.0000
17.0634 0 200 -0.4564 16.4062 100.0000
17.0646 0 200 -0.4250 16.4062 100.0000
17.0659 0 200 -0.3951 16.4062 100.0000
17.0672 0 200 -0.4242 16.4062 100.0000
17.0684 0 200 -0.4667 16.4062 100.0000
17.0697 0 200 -0.4578 16.4062 100.0000
17.0710 0 200 -0.4768 16.4062 100.0000
17.0723 0 200 -0.5627 16.4062 100.0000
17.0736 0 200 -0.5164 16.4062 100.0000
17.0749 0 200 -0.5819 16.4062 100.0000
17.0762 0 200 -0.5238 16.4062 100.0000
17.0774 0 200 -0.4441 16.4062 100.0000
17.0787 0 200 -0.4224 16.4062 100.0000
17.0800 0 200 -0.4347 16.4062 100.0000
17.0813 0 200 -0.4519 16.4062 100.0000
17.0825 0 200 -0.4829 16.4062 100.0000
17.0838 0 200 -0.5390 16.4062 100.0000
17.0851 0 200 -0.4981 16.4062 100.0000
17.0864 0 200 -0.4917 16.4062 100.0000
17.0876 0 200 -0.5128 16.4062 100.0000
17.0889 0 200 -0.4454 16.4062 100.0000
17.0901 0 200 -0.4161 16.4062 100.0000
17.0914 0 200 -0.4356 16.4062 100.0000
17.0927 0 200 -0.3772 16.4062 100.0000
17.0940 0 200 -0.4050 16.4062 100.0000
17.0952 0 200 -0.4764 16.4062 100.0000
17.0965 0 200 -0.3984 16.4062 100.0000
17.0978 0 200 -0.3381 16.4062 100.0000
17.0991 0 200 -0.3359 16.4062 100.0000
17.1004 0 200 -0.2278 16.4062 100.0000
17.1016 0 200 -0.2412 16.4062 100.0000
17.1029 0 200 -0.1775 16.4062 100.0000
17.1042 0 200 -0.1483 16.4062 100.0000
17.1054 0 200 -0.1422 16.4062 100.0000
17.1067 0 200 -0.1144 16.4062 100.0000
17.1079 0 200 -0.1795 16.4062 100.0000
17.1092 0 200 -0.2005 16.4062 100.0000
17.1105 0 200 -0.1917 16.4062 100.0000
17.1117 0 200 -0.1758 16.4062 100.0000
17.1130 0 200 -0.2609 16.4062 100.0000
17.1142 0 200 -0.2894 16.4062 100.0000
17.1155 0 200 -0.3015 16.4062 100.0000
17.1168 0 200 -0.2798 16.4062 100.0000
17.1181 0 200 -0.2176 16.4062 100.0000
17.1194 0 200 -0.2291 21.0938 100.0000
17.1207 0 200 -0.3367 21.0938 100.0000
17.1219 0 200 -0.1898 21.0938 100.0000
17.1232 0 200 -0.2740 21.0938 100.0000
17.1245 0 200 -0.1891 21.0938 100.0000
17.1258 0 200 -0.1969 21.0938 100.0000
17.1270 0 200 -0.2703 21.0938 100.0000
17.1283 0 200 -0.2166 21.0938 100.0000
17.1296 0 200 -0.3475 21.0938 100.0000
17.1309 0 200 -0.4322 21.0938 100.0000
17.1321 0 200 -0.4751 21.0938 100.0000
17.1334 0 200 -0.3905 21.0938 100.0000
17.1347 0 200 -0.4577 21.0938 100.0000
17.1360 0 200 -0.5007 21.0938 100.0000
17.1373 0 200 -0.4835 21.0938 100.0000
17.1386 0 200 -0.4551 21.0938 100.0000
17.1398 0 200 -0.4871 21.0938 100.0000
17.1411 0 200 -0.4596 21.0938 100.0000
17.1424 0 200 -0.4877 21.0938 100.0000
17.1437 0 200 -0.6132 21.0938 100.0000
17.1450 0 200 -0.5429 21.0938 100.0000
17.1462 0 200 -0.5068 21.0938 100.0000
17.1476 0 200 -0.5114 21.0938 100.0000
17.1488 0 200 -0.6148 21.0938 100.0000
17.1501 0 200 -0.5955 21.0938 100.0000
17.1514 0 200 -0.6604 21.0938 100.0000
17.1527 0 200 -0.6290 21.0938 100.0000
17.1539 0 200 -0.6600 21.0938 100.0000
17.1552 0 200 -0.6240 21.0938 100.0000
17.1565 0 200 -0.5843 21.0938 100.0000
17.1578 0 200 -0.5963 21.0938 100.0000
17.1590 0 200 -0.4940 21.0938 100.0000
17.1603 0 200 -0.5371 21.0938 100.0000
17.1616 0 200 -0.4847 21.0938 100.0000
17.1628 0 200 -0.5052 21.0938 100.0000
17.1641 0 200 -0.4781 21.0938 100.0000
17.1654 0 200 -0.3725 21.0938 100.0000
17.1666 0 200 -0.3550 21.0938 100.0000
17.1679 0 200 -0.2763 21.0938 100.0000
17.1692 0 200 -0.3525 21.0938 100.0000
17.1705 0 200 -0.3005 21.0938 100.0000
17.1717 0 200 -0.3355 21.0938 100.0000
17.1730 0 200 -0.3318 21.0938 100.0000
17.1743 0 200 -0.3076 21.0938 100.0000
17.1756 0 200 -0.2681 22.6562 100.0000
17.1769 0 200 -0.2111 22.6562 100.0000
17.1782 0 200 -0.1517 22.6562 100.0000
17.1795 0 200 -0.1745 22.6562 100.0000
17.1808 0 200 -0.2148 22.6562 100.0000
17.1820 0 200 -0.2740 22.6562 100.0000
17.1833 0 200 -0.1175 22.6562 100.0000
17.1846 0 200 -0.0529 22.6562 100.0000
17.1859 0 200 -0.1143 22.6562 100.0000
17.1872 0 200 -0.0435 22.6562 100.0000
17.1884 0 200 -0.1000 22.6562 100.0000
17.1897 0 200 -0.1540 22.6562 100.0000
17.1910 0 200 -0.1522 22.6562 100.0000
17.1923 0 200 -0.1875 22.6562 100.0000
17.1935 0 200 -0.2621 22.6562 100.0000
17.1948 0 200 -0.2891 22.6562 100.0000
17.1961 0 200 -0.2910 22.6562 100.0000
17.1974 0 200 -0.3639 22.6562 100.0000
17.1987 0 200 -0.4104 22.6562 100.0000
17.2000 0 200 -0.4436 22.6562 100.0000
17.2012 0 200 -0.4261 22.6562 100.0000
17.2025 0 200 -0.4068 22.6562 100.0000
17.2038 0 200 -0.3901 22.6562 100.0000
17.2050 0 200 -0.3835 22.6562 100.0000
17.2063 0 200 -0.4166 22.6562 100.0000
17.2075 0 200 -0.3557 22.6562 100.0000
17.2088 0 200 -0.2965 22.6562 100.0000
17.2101 0 200 -0.2449 22.6562 100.0000
17.2114 0 200 -0.2332 22.6562 100.0000
17.2126 0 200 -0.0824 22.6562 100.0000
17.2139 0 200 -0.0573 22.6562 100.0000
17.2151 0 200 -0.0493 22.6562 100.0000
17.2164 0 200 -0.1279 22.6562 100.0000
17.2176 0 200 -0.0204 22.6562 100.0000
17.2189 0 200 -0.1460 22.6562 100.0000
17.2202 0 200 -0.1906 22.6562 100.0000
17.2215 0 200 -0.2233 22.6562 100.0000
17.2228 0 200 -0.2034 22.6562 100.0000
17.2240 0 200 -0.2709 22.6562 100.0000
17.2253 0 200 -0.2894 22.6562 100.0000
17.2266 0 200 -0.2609 22.6562 100.0000
17.2278 0 200 -0.2261 22.6562 100.0000
17.2291 0 200 -0.1232 22.6562 100.0000
17.2304 0 200 -0.1407 22.6562 100.0000
17.2317 0 200 -0.1438 22.6562 100.0000
17.2329 0 200 -0.1271 22.6562 100.0000
17.2342 0 200 -0.2191 22.6562 100.0000
17.2355 0 200 -0.2295 22.6562 100.0000
17.2368 0 200 -0.3061 22.6562 100.0000
17.2380 0 200 -0.2979 22.6562 100.0000
17.2393 0 200 -0.3149 26.5625 100.0000
17.2407 0 200 -0.3714 26.5625 100.0000
17.2419 0 200 -0.3469 26.5625 100.0000
17.2433 0 200 -0.3902 26.5625 100.0000
17.2446 0 200 -0.3624 26.5625 100.0000
17.2459 0 200 -0.4055 26.5625 100.0000
17.2472 0 200 -0.4552 26.5625 100.0000
17.2484 0 200 -0.4749 26.5625 100.0000
17.2497 0 200 -0.5666 26.5625 100.0000
17.2509 0 200 -0.5790 26.5625 100.0000
17.2522 0 200 -0.6745 26.5625 100.0000
17.2535 0 200 -0.6713 26.5625 100.0000
17.2547 0 200 -0.6552 26.5625 100.0000
17.2560 0 200 -0.6718 26.5625 100.0000
17.2573 0 200 -0.5842 26.5625 100.0000
17.2585 0 200 -0.5811 26.5625 100.0000
17.2598 0 200 -0.5919 26.5625 100.0000
17.2611 0 200 -0.5557 26.5625 100.0000
17.2623 0 200 -0.6150 26.5625 100.0000
17.2636 0 200 -0.6057 26.5625 100.0000
17.2649 0 200 -0.5677 26.5625 100.0000
17.2661 0 200 -0.6512 26.5625 100.0000
17.2674 0 200 -0.5906 26.5625 100.0000
17.2687 0 200 -0.5697 26.5625 100.0000
17.2699 0 200 -0.5850 26.5625 100.0000
17.2712 0 200 -0.5326 26.5625 100.0000
17.2725 0 200 -0.4964 26.5625 100.0000
17.2737 0 200 -0.5063 26.5625 100.0000
17.2750 0 200 -0.4496 26.5625 100.0000
17.2763 0 200 -0.4344 26.5625 100.0000
17.2775 0 200 -0.3750 26.5625 100.0000
17.2788 0 200 -0.2623 26.5625 100.0000
17.2801 0 200 -0.2283 26.5625 100.0000
17.2813 0 200 -0.2606 26.5625 100.0000
17.2827 0 200 -0.3075 26.5625 100.0000
17.2839 0 200 -0.2975 26.5625 100.0000
17.2852 0 200 -0.1958 26.5625 100.0000
17.2865 0 200 -0.2243 26.5625 100.0000
17.2878 0 200 -0.2015 26.5625 100.0000
17.2891 0 200 -0.2025 26.5625 100.0000
17.2904 0 200 -0.2539 26.5625 100.0000
17.2917 0 200 -0.1998 26.5625 100.0000
17.2929 0 200 -0.1199 26.5625 100.0000
17.2942 0 200 -0.0645 26.5625 100.0000
17.2955 0 200 -0.1364 25.0000 100.0000
17.2969 0 200 -0.2088 25.0000 100.0000
17.2982 0 200 -0.2389 25.0000 100.0000
17.2996 0 200 -0.1964 25.0000 100.0000
17.3008 0 200 -0.1992 25.0000 100.0000
17.3021 0 200 -0.2210 25.0000 100.0000
17.3034 0 200 -0.3106 25.0000 100.0000
17.3046 0 200 -0.2848 25.0000 100.0000
17.3059 0 200 -0.2815 25.0000 100.0000
17.3072 0 200 -0.2937 25.0000 100.0000
17.3085 0 200 -0.3855 25.0000 100.0000
17.3098 0 200 -0.4012 25.0000 100.0000
17.3111 0 200 -0.4779 25.0000 100.0000
17.3124 0 200 -0.3715 25.0000 100.0000
17.3137 0 200 -0.3485 25.0000 100.0000
17.3149 0 200 -0.3636 25.0000 100.0000
17.3162 0 200 -0.3436 25.0000 100.0000
17.3175 0 200 -0.3127 25.0000 100.0000
17.3187 0 200 -0.2883 25.0000 100.0000
17.3200 0 200 -0.2047 25.0000 100.0000
17.3213 0 200 -0.2458 25.0000 100.0000
17.3226 0 200 -0.2281 25.0000 100.0000
17.3238 0 200 -0.2557 25.0000 100.0000
17.3251 0 200 -0.1723 25.0000 100.0000
17.3264 0 200 -0.1875 25.0000 100.0000
17.3276 0 200 -0.1874 25.0000 100.0000
17.3289 0 200 -0.2068 25.0000 100.0000
17.3302 0 200 -0.1520 25.0000 100.0000
17.3314 0 200 -0.1469 25.0000 100.0000
17.3327 0 200 -0.1053 25.0000 100.0000
17.3340 0 200 -0.0575 25.0000 100.0000
17.3352 0 200 -0.0688 25.0000 100.0000
17.3365 0 200 -0.0700 25.0000 100.0000
17.3377 0 200 -0.0710 25.0000 100.0000
17.3390 0 200 -0.0756 25.0000 100.0000
17.3403 0 200 -0.0088 25.0000 100.0000
17.3416 0 200 -0.0021 25.0000 100.0000
17.3428 0 200 0.0316 25.0000 100.0000
17.3441 0 200 0.0131 25.0000 100.0000
17.3453 0 200 0.0557 25.0000 100.0000
17.3466 0 200 0.1651 25.0000 100.0000
17.3479 0 200 0.1075 25.0000 100.0000
17.3491 0 200 0.1503 25.0000 100.0000
17.3504 0 200 0.2239 25.0000 100.0000
17.3516 0 200 0.3209 25.0000 100.0000
17.3529 0 200 0.3255 25.0000 100.0000
17.3541 0 200 0.4610 25.0000 100.0000
17.3554 0 200 0.5600 25.0000 100.0000
17.3567 0 200 0.6640 25.0000 100.0000
17.3579 0 200 0.6531 25.0000 100.0000
17.3592 0 200 0.5948 25.0000 100.0000
17.3605 0 200 0.6922 25.0000 100.0000
17.3618 0 200 0.7510 56.2500 100.0000
17.3630 0 200 0.7512 56.2500 100.0000
17.3643 0 200 0.6862 56.2500 100.0000
17.3655 0 200 0.7058 56.2500 100.0000
17.3668 0 200 0.6882 56.2500 100.0000
17.3681 0 200 0.7378 56.2500 100.0000
17.3694 0 200 0.7540 56.2500 100.0000
17.3707 0 200 0.6933 56.2500 100.0000
17.3720 0 200 0.6457 56.2500 100.0000
17.3733 0 200 0.6297 56.2500 100.0000
17.3746 0 200 0.5668 56.2500 100.0000
17.3759 0 200 0.5028 56.2500 100.0000
17.3772 0 200 0.4254 56.2500 100.0000
17.3785 0 200 0.4418 56.2500 100.0000
17.3798 0 200 0.3452 56.2500 100.0000
17.3810 0 200 0.2516 56.2500 100.0000
17.3823 0 200 0.1939 56.2500 100.0000
17.3836 0 200 0.1717 56.2500 100.0000
17.3849 0 200 0.1102 56.2500 100.0000
17.3861 0 200 0.1041 56.2500 100.0000
17.3874 0 200 0.1118 56.2500 100.0000
17.3887 0 200 0.0532 56.2500 100.0000
17.3899 0 200 -0.0075 56.2500 100.0000
17.3912 0 200 0.0032 56.2500 100.0000
17.3925 0 200 -0.0003 56.2500 100.0000
17.3938 0 200 0.0015 56.2500 100.0000
17.3951 0 200 0.0433 56.2500 100.0000
17.3963 0 200 -0.0195 56.2500 100.0000
17.3976 0 200 -0.1023 56.2500 100.0000
17.3989 0 200 -0.1335 56.2500 100.0000
17.4002 0 200 -0.2126 56.2500 100.0000
17.4015 0 200 -0.2070 56.2500 100.0000
17.4027 0 200 -0.1709 56.2500 100.0000
17.4040 0 200 -0.1300 56.2500 100.0000
17.4053 0 200 -0.1510 56.2500 100.0000
17.4065 0 200 -0.0959 56.2500 100.0000
17.4078 0 200 -0.0789 56.2500 100.0000
17.4091 0 200 0.0623 56.2500 100.0000
17.4104 0 200 0.0802 35.1562 100.0000
17.4117 0 200 0.0780 35.1562 100.0000
17.4130 0 200 0.0008 35.1562 100.0000
17.4143 0 200 0.0297 35.1562 100.0000
17.4156 0 200 0.0397 35.1562 100.0000
17.4169 0 200 0.0341 35.1562 100.0000
17.4181 0 200 -0.0421 35.1562 100.0000
17.4194 0 200 -0.0967 35.1562 100.0000
17.4207 0 200 -0.1438 35.1562 100.0000
17.4219 0 200 -0.2237 35.1562 100.0000
17.4232 0 200 -0.3617 35.1562 100.0000
17.4245 0 200 -0.3575 35.1562 100.0000
17.4258 0 200 -0.3044 35.1562 100.0000
17.4271 0 200 -0.2472 35.1562 100.0000
17.4284 0 200 -0.1747 35.1562 100.0000
17.4296 0 200 -0.2280 35.1562 100.0000
17.4309 0 200 -0.2839 35.1562 100.0000
17.4322 0 200 -0.3324 35.1562 100.0000
17.4335 0 200 -0.2985 35.1562 100.0000
17.4348 0 200 -0.3375 35.1562 100.0000
17.4361 0 200 -0.3294 35.1562 100.0000
17.4373 0 200 -0.3161 35.1562 100.0000
17.4386 0 200 -0.2915 35.1562 100.0000
17.4399 0 200 -0.2845 35.1562 100.0000
17.4412 0 200 -0.3449 35.1562 100.0000
17.4425 0 200 -0.3399 35.1562 100.0000
17.4438 0 200 -0.2898 35.1562 100.0000
17.4451 0 200 -0.3083 35.1562 100.0000
17.4464 0 200 -0.3187 35.1562 100.0000
17.4476 0 200 -0.3680 35.1562 100.0000
17.4489 0 200 -0.3625 35.1562 100.0000
17.4502 0 200 -0.3378 35.1562 100.0000
17.4515 0 200 -0.2906 35.1562 100.0000
17.4527 0 200 -0.3752 35.1562 100.0000
17.4540 0 200 -0.3640 35.1562 100.0000
17.4553 0 200 -0.3578 35.1562 100.0000
17.4565 0 200 -0.3526 35.1562 100.0000
17.4578 0 200 -0.2812 35.1562 100.0000
17.4590 0 200 -0.3374 35.1562 100.0000
17.4603 0 200 -0.2529 35.1562 100.0000
17.4616 0 200 -0.3253 35.1562 100.0000
17.4629 0 200 -0.2785 41.4062 100.0000
17.4642 0 200 -0.3367 41.4062 100.0000
17.4654 0 200 -0.1914 41.4062 100.0000
17.4667 0 200 -0.1205 41.4062 100.0000
17.4680 0 200 -0.1377 41.4062 100.0000
17.4693 0 200 -0.1141 41.4062 100.0000
17.4706 0 200 -0.1461 41.4062 100.0000
17.4718 0 200 -0.0996 41.4062 100.0000
17.4731 0 200 -0.1162 41.4062 100.0000
17.4744 0 200 -0.1447 41.4062 100.0000
17.4756 0 200 -0.1175 41.4062 100.0000
17.4769 0 200 -0.1303 41.4062 100.0000
17.4782 0 200 -0.1353 41.4062 100.0000
17.4795 0 200 -0.1042 41.4062 100.0000
17.4807 0 200 -0.2012 41.4062 100.0000
17.4820 0 200 -0.2592 41.4062 100.0000
17.4832 0 200 -0.2250 41.4062 100.0000
17.4845 0 200 -0.2038 41.4062 100.0000
17.4858 0 200 -0.1901 41.4062 100.0000
17.4871 0 200 -0.1175 41.4062 100.0000
17.4883 0 200 -0.0885 41.4062 100.0000
17.4896 0 200 -0.0337 41.4062 100.0000
17.4909 0 200 -0.0130 41.4062 100.0000
17.4921 0 200 -0.0386 41.4062 100.0000
17.4934 0 200 -0.0349 41.4062 100.0000
17.4947 0 200 -0.0400 41.4062 100.0000
17.4960 0 200 -0.0698 41.4062 100.0000
17.4973 0 200 -0.0016 41.4062 100.0000
17.4985 0 200 0.0649 41.4062 100.0000
17.4998 0 200 0.1041 41.4062 100.0000
17.5011 0 200 0.1511 41.4062 100.0000
17.5023 0 200 0.0688 41.4062 100.0000
17.5036 0 200 0.1038 41.4062 100.0000
17.5048 0 200 0.1207 41.4062 100.0000
17.5061 0 200 0.1254 41.4062 100.0000
17.5073 0 200 -0.0285 41.4062 100.0000
17.5086 0 200 -0.0073 41.4062 100.0000
17.5099 0 200 -0.0013 41.4062 100.0000
17.5112 0 200 0.1012 41.4062 100.0000
17.5125 0 200 0.1064 41.4062 100.0000
17.5138 0 200 0.1495 41.4062 100.0000
17.5151 0 200 0.2779 41.4062 100.0000
17.5164 0 200 0.2209 41.4062 100.0000
17.5177 0 200 0.2601 41.4062 100.0000
17.5190 0 200 0.3190 43.7500 100.0000
17.5203 0 200 0.3011 43.7500 100.0000
17.5216 0 200 0.2735 43.7500 100.0000
17.5229 0 200 0.2906 43.7500 100.0000
17.5242 0 200 0.3418 43.7500 100.0000
17.5254 0 200 0.3007 43.7500 100.0000
17.5267 0 200 0.3635 43.7500 100.0000
17.5280 0 200 0.3880 43.7500 100.0000
17.5293 0 200 0.4472 43.7500 100.0000
17.5305 0 200 0.4640 43.7500 100.0000
17.5318 0 200 0.4286 43.7500 100.0000
17.5331 0 200 0.4665 43.7500 100.0000
17.5343 0 200 0.5004 43.7500 100.0000
17.5356 0 200 0.4751 43.7500 100.0000
17.5369 0 200 0.4931 43.7500 100.0000
17.5382 0 200 0.4991 43.7500 100.0000
17.5394 0 200 0.5316 43.7500 100.0000
17.5407 0 200 0.5308 43.7500 100.0000
17.5420 0 200 0.4781 43.7500 100.0000
17.5432 0 200 0.4922 43.7500 100.0000
17.5445 0 200 0.4410 43.7500 100.0000
17.5458 0 200 0.4293 43.7500 100.0000
17.5470 0 200 0.3983 43.7500 100.0000
17.5483 0 200 0.3661 43.7500 100.0000
17.5496 0 200 0.3174 43.7500 100.0000
17.5509 0 200 0.2463 43.7500 100.0000
17.5521 0 200 0.2771 43.7500 100.0000
17.5534 0 200 0.2634 43.7500 100.0000
17.5547 0 200 0.2787 43.7500 100.0000
17.5559 0 200 0.2915 43.7500 100.0000
17.5572 0 200 0.3316 43.7500 100.0000
17.5584 0 200 0.3122 43.7500 100.0000
17.5597 0 200 0.2422 43.7500 100.0000
17.5610 0 200 0.2291 43.7500 100.0000
17.5623 0 200 0.2148 43.7500 100.0000
17.5635 0 200 0.2505 43.7500 100.0000
17.5648 0 200 0.2366 43.7500 100.0000
17.5661 0 200 0.1752 43.7500 100.0000
17.5674 0 200 0.1466 43.7500 100.0000
17.5687 0 200 0.1523 43.7500 100.0000
17.5700 0 200 0.1493 43.7500 100.0000
17.5713 0 200 0.1722 43.7500 100.0000
17.5726 0 200 0.3249 43.7500 100.0000
17.5739 0 200 0.3020 43.7500 100.0000
17.5751 0 200 0.2772 43.7500 100.0000
17.5764 0 200 0.1687 43.7500 100.0000
17.5777 0 200 0.0810 43.7500 100.0000
17.5789 0 200 0.0740 43.7500 100.0000
17.5802 0 200 0.0663 43.7500 100.0000
17.5814 0 200 0.0755 43.7500 100.0000
17.5827 0 200 0.0732 43.7500 100.0000
17.5840 0 200 -0.0442 43.7500 100.0000
17.5852 0 200 -0.0385 43.7500 100.0000
17.5865 0 200 -0.1117 43.7500 100.0000
17.5878 0 200 -0.0656 43.7500 100.0000
17.5890 0 200 -0.0280 43.7500 100.0000
17.5903 0 200 -0.0417 43.7500 100.0000
17.5916 0 200 -0.0680 43.7500 100.0000
17.5928 0 200 -0.1282 43.7500 100.0000
17.5941 0 200 -0.1073 43.7500 100.0000
17.5953 0 200 -0.2013 43.7500 100.0000
17.5966 0 200 -0.1858 43.7500 100.0000
17.5979 0 200 -0.2245 46.0938 100.0000
17.5992 0 200 -0.1832 46.0938 100.0000
17.6005 0 200 -0.2757 46.0938 100.0000
17.6017 0 200 -0.1051 46.0938 100.0000
17.6030 0 200 0.0009 46.0938 100.0000
17.6043 0 200 -0.0396 46.0938 100.0000
17.6055 0 200 0.0090 46.0938 100.0000
17.6068 0 200 -0.0320 46.0938 100.0000
17.6081 0 200 -0.0599 46.0938 100.0000
17.6094 0 200 0.0056 46.0938 100.0000
17.6107 0 200 -0.0379 46.0938 100.0000
17.6120 0 200 -0.1260 46.0938 100.0000
17.6133 0 200 -0.0901 46.0938 100.0000
17.6146 0 200 -0.0206 46.0938 100.0000
17.6158 0 200 0.0468 46.0938 100.0000
17.6171 0 200 -0.1644 46.0938 100.0000
17.6184 0 200 -0.2273 46.0938 100.0000
17.6196 0 200 -0.2329 46.0938 100.0000
17.6209 0 200 -0.2148 46.0938 100.0000
17.6222 0 200 -0.1630 46.0938 100.0000
17.6235 0 200 -0.1495 46.0938 100.0000
17.6248 0 200 -0.1178 46.0938 100.0000
17.6260 0 200 -0.1204 46.0938 100.0000
17.6273 0 200 -0.1605 46.0938 100.0000
17.6286 0 200 -0.0533 46.0938 100.0000
17.6299 0 200 -0.0104 46.0938 100.0000
17.6311 0 200 -0.0281 46.0938 100.0000
17.6324 0 200 -0.0760 46.0938 100.0000
17.6337 0 200 -0.0790 46.0938 100.0000
17.6350 0 200 -0.0957 46.0938 100.0000
17.6362 0 200 -0.0231 46.0938 100.0000
17.6375 0 200 -0.0325 46.0938 100.0000
17.6388 0 200 0.0360 46.0938 100.0000
17.6401 0 200 -0.0151 46.0938 100.0000
17.6413 0 200 -0.0074 46.0938 100.0000
17.6426 0 200 0.0298 46.0938 100.0000
17.6439 0 200 -0.0057 46.0938 100.0000
17.6451 0 200 -0.1117 46.0938 100.0000
17.6464 0 200 -0.1128 46.0938 100.0000
17.6476 0 200 -0.1563 46.0938 100.0000
17.6489 0 200 -0.1980 46.0938 100.0000
17.6501 0 200 -0.1307 46.0938 100.0000
17.6514 0 200 -0.1303 46.0938 100.0000
17.6527 0 200 -0.0547 46.0938 100.0000
17.6539 0 200 -0.1550 46.0938 100.0000
17.6552 0 200 -0.1810 46.0938 100.0000
17.6564 0 200 -0.1788 46.0938 100.0000
17.6577 0 200 -0.1794 46.0938 100.0000
17.6589 0 200 -0.1439 46.0938 100.0000
17.6602 0 200 -0.1753 46.0938 100.0000
17.6615 0 200 -0.0926 46.0938 100.0000
17.6627 0 200 0.0077 46.0938 100.0000
17.6640 0 200 0.0211 46.0938 100.0000
17.6652 0 200 0.0514 46.0938 100.0000
17.6665 0 200 0.0718 46.0938 100.0000
17.6678 0 200 0.1560 48.4375 100.0000
17.6691 0 200 0.1229 48.4375 100.0000
17.6705 0 200 0.1541 48.4375 100.0000
17.6717 0 200 0.1444 48.4375 100.0000
17.6730 0 200 0.1224 48.4375 100.0000
17.6743 0 200 0.1263 48.4375 100.0000
17.6756 0 200 0.0711 48.4375 100.0000
17.6769 0 200 0.1740 48.4375 100.0000
17.6781 0 200 0.2176 48.4375 100.0000
17.6794 0 200 0.2102 48.4375 100.0000
17.6806 0 200 0.1689 48.4375 100.0000
17.6819 0 200 0.0835 48.4375 100.0000
17.6832 0 200 0.1322 48.4375 100.0000
17.6845 0 200 0.2108 48.4375 100.0000
17.6858 0 200 0.1953 48.4375 100.0000
17.6871 0 200 0.1985 48.4375 100.0000
17.6884 0 200 0.2707 48.4375 100.0000
17.6897 0 200 0.2963 48.4375 100.0000
17.6909 0 200 0.3013 48.4375 100.0000
17.6922 0 200 0.3718 48.4375 100.0000
17.6935 0 200 0.3051 48.4375 100.0000
17.6948 0 200 0.3282 48.4375 100.0000
17.6960 0 200 0.2299 48.4375 100.0000
17.6973 0 200 0.3058 48.4375 100.0000
17.6986 0 200 0.2646 48.4375 100.0000
17.6998 0 200 0.3511 48.4375 100.0000
17.7011 0 200 0.3924 55.4688 100.0000
17.7025 0 200 0.3048 55.4688 100.0000
17.7037 0 200 0.4049 55.4688 100.0000
17.7050 0 200 0.4818 55.4688 100.0000
17.7063 0 200 0.4937 55.4688 100.0000
17.7076 0 200 0.5387 55.4688 100.0000
17.7089 0 200 0.4656 55.4688 100.0000
17.7102 0 200 0.4042 55.4688 100.0000
17.7114 0 200 0.4163 55.4688 100.0000
17.7127 0 200 0.2268 55.4688 100.0000
17.7140 0 200 0.1728 55.4688 100.0000
17.7153 0 200 0.1547 55.4688 100.0000
17.7165 0 200 0.2294 55.4688 100.0000
17.7178 0 200 0.3081 55.4688 100.0000
17.7190 0 200 0.2796 55.4688 100.0000
17.7203 0 200 0.2236 55.4688 100.0000
17.7216 0 200 0.2514 55.4688 100.0000
17.7229 0 200 0.2691 55.4688 100.0000
17.7242 0 200 0.2014 55.4688 100.0000
17.7254 0 200 0.2456 55.4688 100.0000
17.7267 0 200 0.3102 55.4688 100.0000
17.7280 0 200 0.2638 55.4688 100.0000
17.7293 0 200 0.2076 55.4688 100.0000
17.7305 0 200 0.2243 55.4688 100.0000
17.7318 0 200 0.2946 55.4688 100.0000
17.7331 0 200 0.2108 55.4688 100.0000
17.7343 0 200 0.1468 55.4688 100.0000
17.7356 0 200 0.1996 55.4688 100.0000
17.7369 0 200 0.1669 55.4688 100.0000
17.7382 0 200 0.0980 55.4688 100.0000
17.7395 0 200 0.1838 55.4688 100.0000
17.7407 0 200 0.0961 55.4688 100.0000
17.7420 0 200 0.0442 55.4688 100.0000
17.7434 0 200 -0.0505 55.4688 100.0000
17.7446 0 200 -0.0036 55.4688 100.0000
17.7459 0 200 -0.0787 55.4688 100.0000
17.7472 0 200 -0.1501 55.4688 100.0000
17.7485 0 200 -0.0780 55.4688 100.0000
17.7497 0 200 0.0855 55.4688 100.0000
17.7510 0 200 0.1495 56.2500 100.0000
17.7522 0 200 0.1805 56.2500 100.0000
17.7535 0 200 0.1824 56.2500 100.0000
17.7547 0 200 0.0902 56.2500 100.0000
17.7560 0 200 0.0410 56.2500 100.0000
17.7572 0 200 0.0720 56.2500 100.0000
17.7585 0 200 0.0423 56.2500 100.0000
17.7598 0 200 0.0577 56.2500 100.0000
17.7611 0 200 0.0730 56.2500 100.0000
17.7624 0 200 0.0800 56.2500 100.0000
17.7637 0 200 0.0603 56.2500 100.0000
17.7650 0 200 0.0629 56.2500 100.0000
17.7662 0 200 0.0791 56.2500 100.0000
17.7675 0 200 0.0637 56.2500 100.0000
17.7688 0 200 0.0131 56.2500 100.0000
17.7700 0 200 -0.0531 56.2500 100.0000
17.7713 0 200 -0.0544 56.2500 100.0000
17.7726 0 200 -0.1130 56.2500 100.0000
17.7738 0 200 -0.0260 56.2500 100.0000
17.7751 0 200 -0.0566 56.2500 100.0000
17.7764 0 200 -0.0614 56.2500 100.0000
17.7777 0 200 0.0335 56.2500 100.0000
17.7789 0 200 -0.0571 56.2500 100.0000
17.7802 0 200 -0.0597 56.2500 100.0000
17.7815 0 200 -0.1445 56.2500 100.0000
17.7827 0 200 -0.1276 56.2500 100.0000
17.7840 0 200 -0.2012 56.2500 100.0000
17.7853 0 200 -0.2188 56.2500 100.0000
17.7866 0 200 -0.1995 56.2500 100.0000
17.7878 0 200 -0.0761 56.2500 100.0000
17.7891 0 200 -0.0974 56.2500 100.0000
17.7904 0 200 -0.0950 56.2500 100.0000
17.7917 0 200 -0.0397 56.2500 100.0000
17.7929 0 200 -0.0490 56.2500 100.0000
17.7942 0 200 -0.0612 56.2500 100.0000
17.7955 0 200 -0.1220 56.2500 100.0000
17.7968 0 200 -0.1567 56.2500 100.0000
17.7981 0 200 -0.1593 56.2500 100.0000
17.7993 0 200 -0.1854 56.2500 100.0000
17.8006 0 200 -0.1827 56.2500 100.0000
17.8019 0 200 -0.1839 56.2500 100.0000
17.8031 0 200 -0.2419 56.2500 100.0000
17.8044 0 200 -0.1187 56.2500 100.0000
17.8057 0 200 -0.1127 56.2500 100.0000
17.8070 0 200 -0.1401 56.2500 100.0000
17.8083 0 200 -0.1985 58.5938 100.0000
17.8096 0 200 -0.1841 58.5938 100.0000
17.8108 0 200 -0.0612 58.5938 100.0000
17.8121 0 200 -0.1667 58.5938 100.0000
17.8133 0 200 -0.2092 58.5938 100.0000
17.8146 0 200 -0.2067 58.5938 100.0000
17.8158 0 200 -0.2759 58.5938 100.0000
17.8171 0 200 -0.3081 58.5938 100.0000
17.8184 0 200 -0.2939 58.5938 100.0000
17.8197 0 200 -0.2624 58.5938 100.0000
17.8210 0 200 -0.2812 58.5938 100.0000
17.8223 0 200 -0.2796 58.5938 100.0000
17.8236 0 200 -0.3167 58.5938 100.0000
17.8249 0 200 -0.2860 58.5938 100.0000
17.8262 0 200 -0.2788 58.5938 100.0000
17.8275 0 200 -0.1693 58.5938 100.0000
17.8288 0 200 -0.0998 58.5938 100.0000
17.8301 0 200 -0.0478 58.5938 100.0000
17.8313 0 200 0.0264 58.5938 100.0000
17.8326 0 200 -0.0037 58.5938 100.0000
17.8339 0 200 -0.0707 58.5938 100.0000
17.8352 0 200 -0.1455 58.5938 100.0000
17.8364 0 200 -0.1988 58.5938 100.0000
17.8377 0 200 -0.2316 58.5938 100.0000
17.8390 0 200 -0.2255 58.5938 100.0000
17.8403 0 200 -0.1109 58.5938 100.0000
17.8416 0 200 0.0233 58.5938 100.0000
17.8429 0 200 0.0383 58.5938 100.0000
17.8441 0 200 0.0362 58.5938 100.0000
17.8454 0 200 0.0927 58.5938 100.0000
17.8467 0 200 0.0547 58.5938 100.0000
17.8480 0 200 0.0814 58.5938 100.0000
17.8492 0 200 0.1315 58.5938 100.0000
17.8505 0 200 0.1430 58.5938 100.0000
17.8518 0 200 0.1330 58.5938 100.0000
17.8530 0 200 0.1147 58.5938 100.0000
17.8543 0 200 0.0612 58.5938 100.0000
17.8556 0 200 0.0241 58.5938 100.0000
17.8568 0 200 0.0369 58.5938 100.0000
17.8581 0 200 -0.0217 58.5938 100.0000
17.8594 0 200 -0.1041 58.5938 100.0000
17.8607 0 200 -0.1259 58.5938 100.0000
17.8619 0 200 -0.1627 58.5938 100.0000
17.8633 0 200 -0.2079 60.1562 100.0000
17.8646 0 200 -0.2239 60.1562 100.0000
17.8658 0 200 -0.1942 60.1562 100.0000
17.8671 0 200 -0.1844 60.1562 100.0000
17.8684 0 200 -0.2136 60.1562 100.0000
17.8697 0 200 -0.2835 60.1562 100.0000
17.8709 0 200 -0.3503 60.1562 100.0000
17.8722 0 200 -0.3697 60.1562 100.0000
17.8735 0 200 -0.3704 60.1562 100.0000
17.8748 0 200 -0.3903 60.1562 100.0000
17.8761 0 200 -0.3194 60.1562 100.0000
17.8774 0 200 -0.3142 60.1562 100.0000
17.8786 0 200 -0.4041 60.1562 100.0000
17.8799 0 200 -0.3806 60.1562 100.0000
17.8812 0 200 -0.4678 60.1562 100.0000
17.8825 0 200 -0.4902 60.1562 100.0000
17.8838 0 200 -0.5537 60.1562 100.0000
17.8851 0 200 -0.5728 60.1562 100.0000
17.8864 0 200 -0.6017 60.1562 100.0000
17.8877 0 200 -0.6290 60.1562 100.0000
17.8889 0 200 -0.5860 60.1562 100.0000
17.8902 0 200 -0.5440 60.1562 100.0000
17.8915 0 200 -0.7394 60.1562 100.0000
17.8928 0 200 -0.7360 60.1562 100.0000
17.8941 0 200 -0.6916 60.1562 100.0000
17.8954 0 200 -0.7563 60.1562 100.0000
17.8966 0 200 -0.7082 60.1562 100.0000
17.8979 0 200 -0.7503 60.1562 100.0000
17.8992 0 200 -0.7615 60.1562 100.0000
17.9004 0 200 -0.7959 60.1562 100.0000
17.9017 0 200 -0.8478 60.1562 100.0000
17.9030 0 200 -0.8222 60.1562 100.0000
17.9043 0 200 -0.7512 60.1562 100.0000
17.9056 0 200 -0.6911 60.1562 100.0000
17.9069 0 200 -0.7424 60.1562 100.0000
17.9082 0 200 -0.7823 60.1562 100.0000
17.9094 0 200 -0.8105 60.1562 100.0000
17.9107 0 200 -0.7893 60.1562 100.0000
17.9120 0 200 -0.8173 60.1562 100.0000
17.9133 0 200 -0.7901 60.1562 100.0000
17.9146 0 200 -0.8115 60.1562 100.0000
17.9159 0 200 -0.7885 60.1562 100.0000
17.9172 0 200 -0.8251 60.1562 100.0000
17.9184 0 200 -0.7369 60.1562 100.0000
17.9197 0 200 -0.6668 60.1562 100.0000
17.9210 0 200 -0.6613 60.1562 100.0000
17.9223 0 200 -0.6888 60.1562 100.0000
17.9235 0 200 -0.6442 60.1562 100.0000
17.9248 0 200 -0.7111 60.1562 100.0000
17.9262 0 200 -0.7092 60.1562 100.0000
17.9274 0 200 -0.6175 64.8438 100.0000
17.9287 0 200 -0.6396 64.8438 100.0000
17.9300 0 200 -0.6446 64.8438 100.0000
17.9313 0 200 -0.7223 64.8438 100.0000
17.9325 0 200 -0.7706 64.8438 100.0000
17.9338 0 200 -0.8094 64.8438 100.0000
17.9352 0 200 -0.7331 64.8438 100.0000
17.9365 0 200 -0.7266 64.8438 100.0000
17.9377 0 200 -0.7233 64.8438 100.0000
17.9390 0 200 -0.7285 64.8438 100.0000
17.9403 0 200 -0.7361 64.8438 100.0000
17.9416 0 200 -0.6719 64.8438 100.0000
17.9429 0 200 -0.6749 64.8438 100.0000
17.9441 0 200 -0.6869 64.8438 100.0000
17.9454 0 200 -0.7313 64.8438 100.0000
17.9467 0 200 -0.7206 64.8438 100.0000
17.9479 0 200 -0.6640 64.8438 100.0000
17.9492 0 200 -0.7115 64.8438 100.0000
17.9505 0 200 -0.8526 64.8438 100.0000
17.9517 0 200 -0.8880 64.8438 100.0000
17.9530 0 200 -0.8466 64.8438 100.0000
17.9543 0 200 -0.8081 64.8438 100.0000
17.9555 0 200 -0.7209 64.8438 100.0000
17.9568 0 200 -0.7618 64.8438 100.0000
17.9581 0 200 -0.6776 64.8438 100.0000
17.9593 0 200 -0.5520 64.8438 100.0000
17.9605 0 200 -0.5194 64.8438 100.0000
17.9618 0 200 -0.4666 64.8438 100.0000
17.9630 0 200 -0.4039 64.8438 100.0000
17.9643 0 200 -0.4119 64.8438 100.0000
17.9655 0 200 -0.4307 64.8438 100.0000
17.9667 0 200 -0.4292 64.8438 100.0000
17.9680 0 200 -0.4111 64.8438 100.0000
17.9692 0 200 -0.3720 64.8438 100.0000
17.9705 0 200 -0.3782 64.8438 100.0000
17.9717 0 200 -0.3165 64.8438 100.0000
17.9730 0 200 -0.2617 64.8438 100.0000
17.9743 0 200 -0.3261 64.8438 100.0000
17.9756 0 200 -0.3647 64.8438 100.0000
17.9769 0 200 -0.4931 64.8438 100.0000
17.9782 0 200 -0.5752 64.8438 100.0000
17.9794 0 200 -0.6047 64.8438 100.0000
17.9807 0 200 -0.6473 64.8438 100.0000
17.9820 0 200 -0.5302 64.8438 100.0000
17.9833 0 200 -0.5873 66.4062 100.0000
17.9846 0 200 -0.5378 66.4062 100.0000
17.9859 0 200 -0.5318 66.4062 100.0000
17.9871 0 200 -0.5780 66.4062 100.0000
17.9884 0 200 -0.5728 66.4062 100.0000
17.9897 0 200 -0.6462 66.4062 100.0000
17.9910 0 200 -0.6812 66.4062 100.0000
17.9923 0 200 -0.6015 66.4062 100.0000
17.9936 0 200 -0.4490 66.4062 100.0000
17.9949 0 200 -0.3716 66.4062 100.0000
17.9961 0 200 -0.3527 66.4062 100.0000
17.9974 0 200 -0.4702 66.4062 100.0000
17.9987 0 200 -0.5603 66.4062 100.0000
18.0000 0 200 -0.6645 66.4062 100.0000
18.0012 0 200 -0.8173 66.4062 100.0000
18.0024 0 200 -0.8240 66.4062 100.0000
18.0037 0 200 -0.8074 66.4062 100.0000
18.0050 0 200 -0.8434 66.4062 100.0000
18.0062 0 200 -0.9071 66.4062 100.0000
18.0074 0 200 -0.9337 66.4062 100.0000
18.0087 0 200 -0.9585 66.4062 100.0000
18.0100 0 200 -0.9951 66.4062 100.0000
18.0113 0 200 -0.9862 66.4062 100.0000
18.0126 0 200 -1.0280 66.4062 100.0000
18.0139 0 200 -0.9088 66.4062 100.0000
18.0152 0 200 -0.9484 66.4062 100.0000
18.0165 0 200 -0.9116 66.4062 100.0000
18.0178 0 200 -0.9503 66.4062 100.0000
18.0190 0 200 -0.8930 66.4062 100.0000
18.0203 0 200 -0.8441 66.4062 100.0000
18.0215 0 200 -0.8402 66.4062 100.0000
18.0228 0 200 -0.8370 66.4062 100.0000
18.0241 0 200 -0.8357 66.4062 100.0000
18.0254 0 200 -0.7967 66.4062 100.0000
18.0267 0 200 -0.8233 66.4062 100.0000
18.0280 0 200 -0.7231 66.4062 100.0000
18.0293 0 200 -0.6612 66.4062 100.0000
18.0306 0 200 -0.6230 66.4062 100.0000
18.0319 0 200 -0.6467 66.4062 100.0000
18.0331 0 200 -0.5783 66.4062 100.0000
18.0344 0 200 -0.5506 66.4062 100.0000
18.0357 0 200 -0.5884 66.4062 100.0000
18.0369 0 200 -0.5731 66.4062 100.0000
18.0382 0 200 -0.6309 66.4062 100.0000
18.0395 0 200 -0.6411 65.6250 100.0000
18.0408 0 200 -0.6270 65.6250 100.0000
18.0421 0 200 -0.5872 65.6250 100.0000
18.0434 0 200 -0.5662 65.6250 100.0000
18.0447 0 200 -0.5879 65.6250 100.0000
18.0460 0 200 -0.5563 65.6250 100.0000
18.0473 0 200 -0.4869 65.6250 100.0000
18.0486 0 200 -0.5676 65.6250 100.0000
18.0499 0 200 -0.6458 65.6250 100.0000
18.0511 0 200 -0.6431 65.6250 100.0000
18.0524 0 200 -0.6655 65.6250 100.0000
18.0537 0 200 -0.7814 65.6250 100.0000
18.0549 0 200 -0.7560 65.6250 100.0000
18.0562 0 200 -0.7524 65.6250 100.0000
18.0575 0 200 -0.7521 65.6250 100.0000
18.0588 0 200 -0.7469 65.6250 100.0000
18.0601 0 200 -0.7363 65.6250 100.0000
18.0614 0 200 -0.7184 65.6250 100.0000
18.0626 0 200 -0.6940 65.6250 100.0000
18.0639 0 200 -0.7233 65.6250 100.0000
18.0652 0 200 -0.7341 65.6250 100.0000
18.0664 0 200 -0.7058 65.6250 100.0000
18.0677 0 200 -0.7651 65.6250 100.0000
18.0690 0 200 -0.7445 65.6250 100.0000
18.0703 0 200 -0.7273 65.6250 100.0000
18.0716 0 200 -0.7052 65.6250 100.0000
18.0729 0 200 -0.6865 65.6250 100.0000
18.0741 0 200 -0.7141 65.6250 100.0000
18.0754 0 200 -0.6728 65.6250 100.0000
18.0767 0 200 -0.6430 65.6250 100.0000
18.0780 0 200 -0.6969 65.6250 100.0000
18.0792 0 200 -0.6899 65.6250 100.0000
18.0805 0 200 -0.8078 65.6250 100.0000
18.0818 0 200 -0.8039 65.6250 100.0000
18.0831 0 200 -0.7583 65.6250 100.0000
18.0844 0 200 -0.7459 65.6250 100.0000
18.0856 0 200 -0.7646 65.6250 100.0000
18.0869 0 200 -0.7917 65.6250 100.0000
18.0882 0 200 -0.7399 65.6250 100.0000
18.0895 0 200 -0.6868 65.6250 100.0000
18.0908 0 200 -0.7613 65.6250 100.0000
18.0921 0 200 -0.8095 65.6250 100.0000
18.0933 0 200 -0.7734 65.6250 100.0000
18.0946 0 200 -0.6713 65.6250 100.0000
18.0959 0 200 -0.6425 65.6250 100.0000
18.0972 0 200 -0.6573 65.6250 100.0000
18.0985 0 200 -0.6159 65.6250 100.0000
18.0997 0 200 -0.5589 65.6250 100.0000
18.1010 0 200 -0.5688 65.6250 100.0000
18.1023 0 200 -0.5613 65.6250 100.0000
18.1036 0 200 -0.6632 65.6250 100.0000
18.1048 0 200 -0.6900 65.6250 100.0000
18.1061 0 200 -0.6740 65.6250 100.0000
18.1074 0 200 -0.7119 65.6250 100.0000
18.1087 0 200 -0.7287 65.6250 100.0000
18.1099 0 200 -0.7471 65.6250 100.0000
18.1112 0 200 -0.6340 65.6250 100.0000
18.1125 0 200 -0.6091 65.6250 100.0000
18.1138 0 200 -0.6740 65.6250 100.0000
18.1151 0 200 -0.6310 65.6250 100.0000
18.1163 0 200 -0.6301 65.6250 100.0000
18.1176 0 200 -0.6056 65.6250 100.0000
18.1189 0 200 -0.4820 65.6250 100.0000
18.1201 0 200 -0.5387 65.6250 100.0000
18.1214 0 200 -0.4722 65.6250 100.0000
18.1226 0 200 -0.4867 65.6250 100.0000
18.1238 0 200 -0.5422 65.6250 100.0000
18.1251 0 200 -0.5601 65.6250 100.0000
18.1264 0 200 -0.5590 69.5312 100.0000
18.1277 0 200 -0.6042 69.5312 100.0000
18.1291 0 200 -0.5179 69.5312 100.0000
18.1304 0 200 -0.4961 69.5312 100.0000
18.1317 0 200 -0.5125 69.5312 100.0000
18.1330 0 200 -0.5732 69.5312 100.0000
18.1343 0 200 -0.5803 69.5312 100.0000
18.1356 0 200 -0.6291 69.5312 100.0000
18.1369 0 200 -0.6157 69.5312 100.0000
18.1382 0 200 -0.5995 69.5312 100.0000
18.1394 0 200 -0.6133 69.5312 100.0000
18.1407 0 200 -0.5575 69.5312 100.0000
18.1420 0 200 -0.5190 69.5312 100.0000
18.1433 0 200 -0.4628 69.5312 100.0000
18.1446 0 200 -0.3783 69.5312 100.0000
18.1459 0 200 -0.3902 69.5312 100.0000
18.1472 0 200 -0.3102 69.5312 100.0000
18.1485 0 200 -0.2764 69.5312 100.0000
18.1497 0 200 -0.2638 69.5312 100.0000
18.1510 0 200 -0.2145 69.5312 100.0000
18.1523 0 200 -0.2063 69.5312 100.0000
18.1535 0 200 -0.1891 69.5312 100.0000
18.1548 0 200 -0.0944 69.5312 100.0000
18.1560 0 200 -0.0711 69.5312 100.0000
18.1573 0 200 -0.0925 69.5312 100.0000
18.1586 0 200 -0.1032 69.5312 100.0000
18.1598 0 200 -0.0662 69.5312 100.0000
18.1611 0 200 -0.0838 69.5312 100.0000
18.1624 0 200 -0.0597 69.5312 100.0000
18.1637 0 200 -0.0226 69.5312 100.0000
18.1649 0 200 -0.0136 69.5312 100.0000
18.1662 0 200 0.1149 69.5312 100.0000
18.1675 0 200 0.2097 69.5312 100.0000
18.1688 0 200 0.1258 69.5312 100.0000
18.1701 0 200 0.1496 69.5312 100.0000
18.1713 0 200 0.2631 69.5312 100.0000
18.1726 0 200 0.1661 69.5312 100.0000
18.1739 0 200 0.0285 69.5312 100.0000
18.1752 0 200 -0.0431 67.9688 100.0000
18.1764 0 200 -0.0118 67.9688 100.0000
18.1777 0 200 -0.1201 67.9688 100.0000
18.1790 0 200 -0.1331 67.9688 100.0000
18.1803 0 200 -0.1230 67.9688 100.0000
18.1815 0 200 -0.0846 67.9688 100.0000
18.1828 0 200 -0.1293 67.9688 100.0000
18.1841 0 200 -0.0010 67.9688 100.0000
18.1854 0 200 -0.0497 67.9688 100.0000
18.1867 0 200 -0.0065 67.9688 100.0000
18.1880 0 200 -0.0148 67.9688 100.0000
18.1893 0 200 0.0684 67.9688 100.0000
18.1906 0 200 0.0880 67.9688 100.0000
18.1919 0 200 0.2068 67.9688 100.0000
18.1931 0 200 0.2804 67.9688 100.0000
18.1944 0 200 0.2787 67.9688 100.0000
18.1957 0 200 0.2492 67.9688 100.0000
18.1970 0 200 0.2993 67.9688 100.0000
18.1982 0 200 0.4235 67.9688 100.0000
18.1995 0 200 0.3309 67.9688 100.0000
18.2008 0 200 0.3804 67.9688 100.0000
18.2021 0 200 0.2566 67.9688 100.0000
18.2034 0 200 0.2428 67.9688 100.0000
18.2047 0 200 0.3333 67.9688 100.0000
18.2059 0 200 0.3933 67.9688 100.0000
18.2072 0 200 0.3975 67.9688 100.0000
18.2085 0 200 0.4124 67.9688 100.0000
18.2098 0 200 0.4152 67.9688 100.0000
18.2111 0 200 0.3478 67.9688 100.0000
18.2124 0 200 0.3854 67.9688 100.0000
18.2137 0 200 0.3098 67.9688 100.0000
18.2150 0 200 0.3299 67.9688 100.0000
18.2163 0 200 0.3373 67.9688 100.0000
18.2176 0 200 0.2574 67.9688 100.0000
18.2189 0 200 0.2491 67.9688 100.0000
18.2202 0 200 0.2239 67.9688 100.0000
18.2214 0 200 0.2814 67.9688 100.0000
18.2227 0 200 0.3309 67.9688 100.0000
18.2240 0 200 0.3874 67.9688 100.0000
18.2252 0 200 0.3641 67.9688 100.0000
18.2265 0 200 0.3298 67.9688 100.0000
18.2278 0 200 0.2528 67.9688 100.0000
18.2291 0 200 0.2595 67.9688 100.0000
18.2303 0 200 0.2580 67.9688 100.0000
18.2316 0 200 0.2357 67.9688 100.0000
18.2329 0 200 0.1694 69.5312 100.0000
18.2342 0 200 0.1803 69.5312 100.0000
18.2355 0 200 0.1274 69.5312 100.0000
18.2368 0 200 0.1243 69.5312 100.0000
18.2381 0 200 0.1660 69.5312 100.0000
18.2393 0 200 0.2093 69.5312 100.0000
18.2406 0 200 0.2105 69.5312 100.0000
18.2418 0 200 0.1574 69.5312 100.0000
18.2431 0 200 0.2213 69.5312 100.0000
18.2444 0 200 0.2285 69.5312 100.0000
18.2457 0 200 0.2539 69.5312 100.0000
18.2470 0 200 0.2582 69.5312 100.0000
18.2482 0 200 0.2056 69.5312 100.0000
18.2495 0 200 0.1721 69.5312 100.0000
18.2507 0 200 0.1353 69.5312 100.0000
18.2520 0 200 0.0956 69.5312 100.0000
18.2532 0 200 0.0728 69.5312 100.0000
18.2544 0 200 0.1443 69.5312 100.0000
18.2557 0 200 0.2136 69.5312 100.0000
18.2569 0 200 0.1965 69.5312 100.0000
18.2581 0 200 0.2783 69.5312 100.0000
18.2594 0 200 0.1831 69.5312 100.0000
18.2606 0 200 0.1831 69.5312 100.0000
18.2619 0 200 0.1743 69.5312 100.0000
18.2631 0 200 0.1893 69.5312 100.0000
18.2643 0 200 0.1244 69.5312 100.0000
18.2655 0 200 0.1573 69.5312 100.0000
18.2668 0 200 0.0931 69.5312 100.0000
18.2681 0 200 0.2225 69.5312 100.0000
18.2693 0 200 0.2473 69.5312 100.0000
18.2706 0 200 0.3196 69.5312 100.0000
18.2719 0 200 0.2843 69.5312 100.0000
18.2731 0 200 0.3117 69.5312 100.0000
18.2744 0 200 0.3347 69.5312 100.0000
18.2757 0 200 0.3211 69.5312 100.0000
18.2770 0 200 0.3511 69.5312 100.0000
18.2783 0 200 0.4842 69.5312 100.0000
18.2795 0 200 0.5403 69.5312 100.0000
18.2808 0 200 0.6278 69.5312 100.0000
18.2821 0 200 0.6522 69.5312 100.0000
18.2834 0 200 0.5572 69.5312 100.0000
18.2847 0 200 0.5492 69.5312 100.0000
18.2860 0 200 0.5296 69.5312 100.0000
18.2873 0 200 0.5198 70.3125 100.0000
18.2885 0 200 0.5866 70.3125 100.0000
18.2898 0 200 0.5213 70.3125 100.0000
18.2911 0 200 0.4218 70.3125 100.0000
18.2924 0 200 0.3492 70.3125 100.0000
18.2936 0 200 0.3391 70.3125 100.0000
18.2949 0 200 0.3228 70.3125 100.0000
18.2962 0 200 0.3459 70.3125 100.0000
18.2975 0 200 0.3072 70.3125 100.0000
18.2988 0 200 0.3257 70.3125 100.0000
18.3000 0 200 0.2408 70.3125 100.0000
18.3013 0 200 0.2545 70.3125 100.0000
18.3026 0 200 0.2881 70.3125 100.0000
18.3038 0 200 0.3404 70.3125 100.0000
18.3051 0 200 0.2862 70.3125 100.0000
18.3064 0 200 0.3496 70.3125 100.0000
18.3077 0 200 0.3254 70.3125 100.0000
18.3089 0 200 0.2793 70.3125 100.0000
18.3102 0 200 0.2716 70.3125 100.0000
18.3115 0 200 0.2160 70.3125 100.0000
18.3128 0 200 0.2291 70.3125 100.0000
18.3141 0 200 0.2647 70.3125 100.0000
18.3153 0 200 0.2453 70.3125 100.0000
18.3166 0 200 0.2678 70.3125 100.0000
18.3179 0 200 0.1764 70.3125 100.0000
18.3192 0 200 0.2618 70.3125 100.0000
18.3204 0 200 0.3704 70.3125 100.0000
18.3217 0 200 0.3306 70.3125 100.0000
18.3230 0 200 0.3215 70.3125 100.0000
18.3243 0 200 0.2805 70.3125 100.0000
18.3255 0 200 0.2967 70.3125 100.0000
18.3268 0 200 0.3103 70.3125 100.0000
18.3281 0 200 0.3609 70.3125 100.0000
18.3294 0 200 0.3122 70.3125 100.0000
18.3307 0 200 0.3221 70.3125 100.0000
18.3319 0 200 0.2982 70.3125 100.0000
18.3332 0 200 0.3332 70.3125 100.0000
18.3345 0 200 0.3631 70.3125 100.0000
18.3358 0 200 0.2605 70.3125 100.0000
18.3371 0 200 0.2015 70.3125 100.0000
18.3383 0 200 0.0126 70.3125 100.0000
18.3396 0 200 0.0018 70.3125 100.0000
18.3409 0 200 -0.0180 70.3125 100.0000
18.3421 0 200 -0.0230 70.3125 100.0000
18.3434 0 200 0.0111 71.0938 100.0000
18.3447 0 200 0.0230 71.0938 100.0000
18.3460 0 200 -0.0537 71.0938 100.0000
18.3473 0 200 -0.0621 71.0938 100.0000
18.3487 0 200 -0.1000 71.0938 100.0000
18.3500 0 200 -0.1449 71.0938 100.0000
18.3513 0 200 -0.1396 71.0938 100.0000
18.3525 0 200 -0.1519 71.0938 100.0000
18.3538 0 200 -0.1021 71.0938 100.0000
18.3551 0 200 -0.0959 71.0938 100.0000
18.3564 0 200 -0.0470 71.0938 100.0000
18.3576 0 200 -0.0986 71.0938 100.0000
18.3589 0 200 -0.1558 71.0938 100.0000
18.3602 0 200 -0.1934 71.0938 100.0000
18.3615 0 200 -0.2890 71.0938 100.0000
18.3628 0 200 -0.3761 71.0938 100.0000
18.3641 0 200 -0.2939 71.0938 100.0000
18.3654 0 200 -0.2587 71.0938 100.0000
18.3666 0 200 -0.2682 71.0938 100.0000
18.3680 0 200 -0.3045 71.0938 100.0000
18.3693 0 200 -0.3908 71.0938 100.0000
18.3706 0 200 -0.3694 71.0938 100.0000
18.3719 0 200 -0.2971 71.0938 100.0000
18.3732 0 200 -0.4071 71.0938 100.0000
18.3745 0 200 -0.4682 71.0938 100.0000
18.3758 0 200 -0.5130 71.0938 100.0000
18.3771 0 200 -0.4588 71.0938 100.0000
18.3784 0 200 -0.4516 71.0938 100.0000
18.3797 0 200 -0.5535 71.0938 100.0000
18.3810 0 200 -0.6097 71.0938 100.0000
18.3823 0 200 -0.7143 71.0938 100.0000
18.3835 0 200 -0.6340 71.0938 100.0000
18.3848 0 200 -0.6968 71.0938 100.0000
18.3861 0 200 -0.7316 71.0938 100.0000
18.3874 0 200 -0.7227 71.0938 100.0000
18.3887 0 200 -0.7716 71.0938 100.0000
18.3900 0 200 -0.8672 71.0938 100.0000
18.3912 0 200 -0.8177 71.0938 100.0000
18.3925 0 200 -0.7258 71.0938 100.0000
18.3938 0 200 -0.7715 71.0938 100.0000
18.3951 0 200 -0.8365 71.0938 100.0000
18.3964 0 200 -0.8085 71.0938 100.0000
18.3976 0 200 -0.8787 71.0938 100.0000
18.3989 0 200 -0.8775 71.0938 100.0000
18.4002 0 200 -0.9247 71.0938 100.0000
18.4015 0 200 -0.9346 71.0938 100.0000
18.4027 0 200 -0.8999 71.0938 100.0000
18.4040 0 200 -0.8552 71.0938 100.0000
18.4053 0 200 -0.8510 71.0938 100.0000
18.4066 0 200 -0.6933 71.0938 100.0000
18.4078 0 200 -0.6269 71.0938 100.0000
18.4091 0 200 -0.5248 71.0938 100.0000
18.4104 0 200 -0.4475 71.0938 100.0000
18.4117 0 200 -0.4052 71.0938 100.0000
18.4129 0 200 -0.3299 71.0938 100.0000
18.4142 0 200 -0.3307 71.0938 100.0000
18.4155 0 200 -0.3425 73.4375 100.0000
18.4168 0 200 -0.2475 73.4375 100.0000
18.4181 0 200 -0.1213 73.4375 100.0000
18.4194 0 200 -0.0806 73.4375 100.0000
18.4207 0 200 -0.0795 73.4375 100.0000
18.4220 0 200 0.0026 73.4375 100.0000
18.4232 0 200 -0.0528 73.4375 100.0000
18.4245 0 200 -0.0546 73.4375 100.0000
18.4258 0 200 -0.1324 73.4375 100.0000
18.4270 0 200 -0.0587 73.4375 100.0000
18.4283 0 200 -0.0379 73.4375 100.0000
18.4296 0 200 0.0273 73.4375 100.0000
18.4308 0 200 0.1014 73.4375 100.0000
18.4321 0 200 0.0678 73.4375 100.0000
18.4334 0 200 0.0757 73.4375 100.0000
18.4347 0 200 0.0942 73.4375 100.0000
18.4360 0 200 0.0276 73.4375 100.0000
18.4373 0 200 -0.0921 73.4375 100.0000
18.4386 0 200 -0.0471 73.4375 100.0000
18.4400 0 200 0.0542 73.4375 100.0000
18.4412 0 200 -0.0198 73.4375 100.0000
18.4425 0 200 -0.1402 73.4375 100.0000
18.4438 0 200 -0.1451 73.4375 100.0000
18.4451 0 200 -0.1822 73.4375 100.0000
18.4463 0 200 -0.2714 73.4375 100.0000
18.4476 0 200 -0.2096 73.4375 100.0000
18.4489 0 200 -0.0824 73.4375 100.0000
18.4502 0 200 -0.0141 73.4375 100.0000
18.4514 0 200 0.0158 73.4375 100.0000
18.4527 0 200 -0.0441 73.4375 100.0000
18.4539 0 200 0.0491 73.4375 100.0000
18.4552 0 200 0.0544 73.4375 100.0000
18.4564 0 200 -0.0177 73.4375 100.0000
18.4577 0 200 -0.0155 73.4375 100.0000
18.4589 0 200 0.0236 73.4375 100.0000
18.4602 0 200 0.0932 73.4375 100.0000
18.4615 0 200 0.0709 73.4375 100.0000
18.4628 0 200 0.0773 73.4375 100.0000
18.4641 0 200 0.1262 73.4375 100.0000
18.4653 0 200 0.1550 73.4375 100.0000
18.4666 0 200 0.1039 73.4375 100.0000
18.4679 0 200 0.0485 73.4375 100.0000
18.4692 0 200 0.0644 73.4375 100.0000
18.4704 0 200 0.1281 73.4375 100.0000
18.4717 0 200 0.1592 72.6562 100.0000
18.4730 0 200 0.1442 72.6562 100.0000
18.4743 0 200 0.2081 72.6562 100.0000
18.4756 0 200 0.2592 72.6562 100.0000
18.4769 0 200 0.2395 72.6562 100.0000
18.4782 0 200 0.1508 72.6562 100.0000
18.4794 0 200 0.1931 72.6562 100.0000
18.4807 0 200 0.1511 72.6562 100.0000
18.4820 0 200 0.1095 72.6562 100.0000
18.4833 0 200 0.1317 72.6562 100.0000
18.4846 0 200 0.1832 72.6562 100.0000
18.4858 0 200 0.1396 72.6562 100.0000
18.4871 0 200 0.0490 72.6562 100.0000
18.4884 0 200 0.1149 72.6562 100.0000
18.4897 0 200 0.1992 72.6562 100.0000
18.4910 0 200 0.1710 72.6562 100.0000
18.4922 0 200 0.2036 72.6562 100.0000
18.4935 0 200 0.2862 72.6562 100.0000
18.4948 0 200 0.4107 72.6562 100.0000
18.4960 0 200 0.3550 72.6562 100.0000
18.4973 0 200 0.3715 72.6562 100.0000
18.4986 0 200 0.2872 72.6562 100.0000
18.4999 0 200 0.2827 72.6562 100.0000
18.5011 0 200 0.2410 72.6562 100.0000
18.5024 0 200 0.2505 72.6562 100.0000
18.5037 0 200 0.2884 72.6562 100.0000
18.5049 0 200 0.1318 72.6562 100.0000
18.5062 0 200 0.1521 72.6562 100.0000
18.5074 0 200 0.0299 72.6562 100.0000
18.5087 0 200 -0.0023 72.6562 100.0000
18.5100 0 200 0.1051 72.6562 100.0000
18.5113 0 200 0.1841 72.6562 100.0000
18.5125 0 200 0.1458 72.6562 100.0000
18.5138 0 200 0.1576 72.6562 100.0000
18.5151 0 200 0.2068 72.6562 100.0000
18.5164 0 200 0.0894 72.6562 100.0000
18.5176 0 200 0.0689 72.6562 100.0000
18.5190 0 200 0.1371 72.6562 100.0000
18.5203 0 200 0.1776 72.6562 100.0000
18.5215 0 200 0.1936 72.6562 100.0000
18.5228 0 200 0.2283 72.6562 100.0000
18.5241 0 200 0.1651 72.6562 100.0000
18.5254 0 200 0.3032 72.6562 100.0000
18.5266 0 200 0.2995 72.6562 100.0000
18.5279 0 200 0.2191 72.6562 100.0000
18.5292 0 200 0.1644 72.6562 100.0000
18.5305 0 200 0.2714 72.6562 100.0000
18.5317 0 200 0.3171 72.6562 100.0000
18.5330 0 200 0.3831 72.6562 100.0000
18.5343 0 200 0.3594 72.6562 100.0000
18.5355 0 200 0.3712 71.8750 100.0000
18.5368 0 200 0.3511 71.8750 100.0000
18.5381 0 200 0.4319 71.8750 100.0000
18.5394 0 200 0.5865 71.8750 100.0000
18.5406 0 200 0.6078 71.8750 100.0000
18.5419 0 200 0.5472 71.8750 100.0000
18.5432 0 200 0.6147 71.8750 100.0000
18.5444 0 200 0.7093 71.8750 100.0000
18.5457 0 200 0.6840 71.8750 100.0000
18.5469 0 200 0.7990 71.8750 100.0000
18.5482 0 200 0.8402 71.8750 100.0000
18.5494 0 200 0.8514 71.8750 100.0000
18.5507 0 200 0.8181 71.8750 100.0000
18.5519 0 200 0.9273 71.8750 100.0000
18.5532 0 200 0.9933 71.8750 100.0000
18.5545 0 200 1.0331 71.8750 100.0000
18.5557 0 200 0.9927 71.8750 100.0000
18.5570 0 200 1.0508 71.8750 100.0000
18.5582 0 200 0.9823 71.8750 100.0000
18.5595 0 200 0.8792 71.8750 100.0000
18.5608 0 200 0.8464 71.8750 100.0000
18.5620 0 200 0.7619 71.8750 100.0000
18.5633 0 200 0.7697 71.8750 100.0000
18.5645 0 200 0.7219 71.8750 100.0000
18.5658 0 200 0.7327 71.8750 100.0000
18.5671 0 200 0.7497 71.8750 100.0000
18.5683 0 200 0.7298 71.8750 100.0000
18.5696 0 200 0.6476 71.8750 100.0000
18.5709 0 200 0.6579 71.8750 100.0000
18.5721 0 200 0.6228 71.8750 100.0000
18.5734 0 200 0.6843 71.8750 100.0000
18.5747 0 200 0.7424 71.8750 100.0000
18.5759 0 200 0.5896 71.8750 100.0000
18.5772 0 200 0.4898 71.8750 100.0000
18.5785 0 200 0.4206 71.8750 100.0000
18.5798 0 200 0.3718 71.8750 100.0000
18.5811 0 200 0.3901 71.8750 100.0000
18.5823 0 200 0.4806 71.8750 100.0000
18.5836 0 200 0.6003 71.8750 100.0000
18.5849 0 200 0.6675 71.8750 100.0000
18.5862 0 200 0.7623 71.8750 100.0000
18.5874 0 200 0.6226 71.8750 100.0000
18.5887 0 200 0.5020 71.8750 100.0000
18.5900 0 200 0.4836 71.8750 100.0000
18.5913 0 200 0.4349 71.8750 100.0000
18.5926 0 200 0.3352 71.8750 100.0000
18.5938 0 200 0.3019 71.8750 100.0000
18.5951 0 200 0.3236 71.8750 100.0000
18.5964 0 200 0.2558 71.8750 100.0000
18.5977 0 200 0.2839 71.8750 100.0000
18.5990 0 200 0.2765 67.1875 100.0000
18.6003 0 200 0.3954 67.1875 100.0000
18.6016 0 200 0.2630 67.1875 100.0000
18.6029 0 200 0.2408 67.1875 100.0000
18.6042 0 200 0.2618 67.1875 100.0000
18.6055 0 200 0.1969 67.1875 100.0000
18.6068 0 200 0.1320 67.1875 100.0000
18.6081 0 200 0.1339 67.1875 100.0000
18.6094 0 200 0.1422 67.1875 100.0000
18.6106 0 200 0.1915 67.1875 100.0000
18.6119 0 200 0.1698 67.1875 100.0000
18.6132 0 200 0.0682 67.1875 100.0000
18.6145 0 200 0.1165 67.1875 100.0000
18.6157 0 200 0.1326 67.1875 100.0000
18.6170 0 200 0.0549 67.1875 100.0000
18.6183 0 200 0.1112 67.1875 100.0000
18.6196 0 200 0.1175 67.1875 100.0000
18.6209 0 200 0.1042 67.1875 100.0000
18.6222 0 200 0.1561 67.1875 100.0000
18.6234 0 200 0.1018 67.1875 100.0000
18.6247 0 200 0.1197 67.1875 100.0000
18.6260 0 200 0.2166 67.1875 100.0000
18.6273 0 200 0.1486 67.1875 100.0000
18.6286 0 200 0.1334 67.1875 100.0000
18.6298 0 200 0.1231 67.1875 100.0000
18.6311 0 200 0.2044 67.1875 100.0000
18.6324 0 200 0.2687 67.1875 100.0000
18.6337 0 200 0.1880 67.1875 100.0000
18.6349 0 200 0.1247 67.1875 100.0000
18.6362 0 200 0.0334 67.1875 100.0000
18.6375 0 200 0.0126 67.1875 100.0000
18.6388 0 200 0.0440 67.1875 100.0000
18.6401 0 200 0.0677 67.1875 100.0000
18.6414 0 200 0.1003 67.1875 100.0000
18.6427 0 200 0.2541 67.1875 100.0000
18.6439 0 200 0.1930 67.1875 100.0000
18.6452 0 200 0.1915 67.1875 100.0000
18.6465 0 200 0.2159 67.1875 100.0000
18.6478 0 200 0.1844 67.1875 100.0000
18.6490 0 200 0.2030 67.1875 100.0000
18.6503 0 200 0.1474 67.1875 100.0000
18.6516 0 200 0.1451 67.1875 100.0000
18.6529 0 200 0.2066 67.1875 100.0000
18.6542 0 200 0.2281 67.1875 100.0000
18.6554 0 200 0.1833 57.0312 100.0000
18.6567 0 200 0.2458 57.0312 100.0000
18.6581 0 200 0.1925 57.0312 100.0000
18.6593 0 200 0.2243 57.0312 100.0000
18.6606 0 200 0.2327 57.0312 100.0000
18.6618 0 200 0.2410 57.0312 100.0000
18.6631 0 200 0.2499 57.0312 100.0000
18.6643 0 200 0.2378 57.0312 100.0000
18.6656 0 200 0.1932 57.0312 100.0000
18.6669 0 200 0.2638 57.0312 100.0000
18.6682 0 200 0.2951 57.0312 100.0000
18.6695 0 200 0.2833 57.0312 100.0000
18.6708 0 200 0.2663 57.0312 100.0000
18.6721 0 200 0.1938 57.0312 100.0000
18.6734 0 200 0.1988 57.0312 100.0000
18.6747 0 200 0.1967 57.0312 100.0000
18.6759 0 200 0.2811 57.0312 100.0000
18.6772 0 200 0.2411 57.0312 100.0000
18.6785 0 200 0.2953 57.0312 100.0000
18.6798 0 200 0.2884 57.0312 100.0000
18.6811 0 200 0.3298 57.0312 100.0000
18.6824 0 200 0.3222 57.0312 100.0000
18.6837 0 200 0.2431 57.0312 100.0000
18.6849 0 200 0.2897 57.0312 100.0000
18.6862 0 200 0.3334 57.0312 100.0000
18.6875 0 200 0.3443 57.0312 100.0000
18.6888 0 200 0.3412 57.0312 100.0000
18.6901 0 200 0.2977 57.0312 100.0000
18.6913 0 200 0.3163 57.0312 100.0000
18.6926 0 200 0.4009 57.0312 100.0000
18.6939 0 200 0.3941 57.0312 100.0000
18.6952 0 200 0.4693 57.0312 100.0000
18.6965 0 200 0.4191 57.0312 100.0000
18.6977 0 200 0.4618 57.0312 100.0000
18.6990 0 200 0.5118 57.0312 100.0000
18.7003 0 200 0.4241 57.0312 100.0000
18.7016 0 200 0.3808 57.0312 100.0000
18.7028 0 200 0.5132 57.0312 100.0000
18.7041 0 200 0.5285 57.0312 100.0000
18.7054 0 200 0.4970 57.0312 100.0000
18.7067 0 200 0.3993 57.0312 100.0000
18.7079 0 200 0.4692 57.0312 100.0000
18.7092 0 200 0.4887 57.0312 100.0000
18.7105 0 200 0.5261 42.9688 100.0000
18.7118 0 200 0.4701 42.9688 100.0000
18.7131 0 200 0.3579 42.9688 100.0000
18.7143 0 200 0.3414 42.9688 100.0000
18.7156 0 200 0.3207 42.9688 100.0000
18.7169 0 200 0.3339 42.9688 100.0000
18.7182 0 200 0.4169 42.9688 100.0000
18.7195 0 200 0.3666 42.9688 100.0000
18.7207 0 200 0.3178 42.9688 100.0000
18.7220 0 200 0.3034 42.9688 100.0000
18.7233 0 200 0.2731 42.9688 100.0000
18.7246 0 200 0.2622 42.9688 100.0000
18.7259 0 200 0.2324 42.9688 100.0000
18.7271 0 200 0.2398 42.9688 100.0000
18.7284 0 200 0.1777 42.9688 100.0000
18.7297 0 200 0.2100 42.9688 100.0000
18.7310 0 200 0.2715 42.9688 100.0000
18.7323 0 200 0.2910 42.9688 100.0000
18.7336 0 200 0.2372 42.9688 100.0000
18.7348 0 200 0.2237 42.9688 100.0000
18.7361 0 200 0.1386 42.9688 100.0000
18.7374 0 200 0.1875 42.9688 100.0000
18.7386 0 200 0.0242 42.9688 100.0000
18.7400 0 200 -0.0523 42.9688 100.0000
18.7412 0 200 0.0378 42.9688 100.0000
18.7425 0 200 0.0298 42.9688 100.0000
18.7438 0 200 0.0251 42.9688 100.0000
18.7451 0 200 0.1010 42.9688 100.0000
18.7464 0 200 0.1445 42.9688 100.0000
18.7477 0 200 0.1433 42.9688 100.0000
18.7489 0 200 0.1781 42.9688 100.0000
18.7502 0 200 0.1359 42.9688 100.0000
18.7514 0 200 0.2169 42.9688 100.0000
18.7527 0 200 0.1567 42.9688 100.0000
18.7539 0 200 0.1716 42.9688 100.0000
18.7552 0 200 0.2346 42.9688 100.0000
18.7564 0 200 0.1135 42.9688 100.0000
18.7577 0 200 0.1203 42.9688 100.0000
18.7589 0 200 0.1057 42.9688 100.0000
18.7602 0 200 0.1069 42.9688 100.0000
18.7615 0 200 0.0876 42.9688 100.0000
18.7628 0 200 0.1396 42.9688 100.0000
18.7641 0 200 0.1042 42.9688 100.0000
18.7654 0 200 0.2282 42.9688 100.0000
18.7667 0 200 0.1507 42.9688 100.0000
18.7679 0 200 0.1232 42.9688 100.0000
18.7692 0 200 0.0909 42.9688 100.0000
18.7705 0 200 0.0890 42.9688 100.0000
18.7718 0 200 0.0724 42.9688 100.0000
18.7730 0 200 0.0952 42.9688 100.0000
18.7743 0 200 0.0764 42.9688 100.0000
18.7756 0 200 0.0608 42.9688 100.0000
18.7769 0 200 0.0048 42.9688 100.0000
18.7781 0 200 0.0999 42.9688 100.0000
18.7794 0 200 0.0645 42.9688 100.0000
18.7807 0 200 0.1180 42.9688 100.0000
18.7820 0 200 0.0979 42.9688 100.0000
18.7832 0 200 0.0966 41.4062 100.0000
18.7845 0 200 0.1052 41.4062 100.0000
18.7858 0 200 0.1699 41.4062 100.0000
18.7871 0 200 0.1517 41.4062 100.0000
18.7884 0 200 0.1363 41.4062 100.0000
18.7897 0 200 0.1669 41.4062 100.0000
18.7909 0 200 0.1421 41.4062 100.0000
18.7922 0 200 0.1749 41.4062 100.0000
18.7935 0 200 0.1759 41.4062 100.0000
18.7948 0 200 0.1936 41.4062 100.0000
18.7960 0 200 0.3283 41.4062 100.0000
18.7973 0 200 0.2033 41.4062 100.0000
18.7986 0 200 0.2640 41.4062 100.0000
18.7998 0 200 0.2950 41.4062 100.0000
18.8011 0 200 0.3067 41.4062 100.0000
18.8024 0 200 0.3081 41.4062 100.0000
18.8037 0 200 0.3290 41.4062 100.0000
18.8049 0 200 0.2517 41.4062 100.0000
18.8062 0 200 0.2281 41.4062 100.0000
18.8075 0 200 0.2056 41.4062 100.0000
18.8088 0 200 0.2191 41.4062 100.0000
18.8100 0 200 0.2758 41.4062 100.0000
18.8113 0 200 0.2331 41.4062 100.0000
18.8126 0 200 0.2080 41.4062 100.0000
18.8138 0 200 0.2355 41.4062 100.0000
18.8151 0 200 0.2082 41.4062 100.0000
18.8164 0 200 0.2645 41.4062 100.0000
18.8177 0 200 0.1496 41.4062 100.0000
18.8190 0 200 0.0695 41.4062 100.0000
18.8202 0 200 0.1102 41.4062 100.0000
18.8215 0 200 0.1350 41.4062 100.0000
18.8228 0 200 0.0916 41.4062 100.0000
18.8240 0 200 0.1315 41.4062 100.0000
18.8253 0 200 0.1905 41.4062 100.0000
18.8266 0 200 0.2493 41.4062 100.0000
18.8278 0 200 0.3043 41.4062 100.0000
18.8291 0 200 0.2998 41.4062 100.0000
18.8304 0 200 0.2947 41.4062 100.0000
18.8317 0 200 0.3976 41.4062 100.0000
18.8329 0 200 0.3703 41.4062 100.0000
18.8342 0 200 0.3757 41.4062 100.0000
18.8355 0 200 0.3530 41.4062 100.0000
18.8368 0 200 0.4051 41.4062 100.0000
18.8381 0 200 0.4753 41.4062 100.0000
18.8393 0 200 0.4245 41.4062 100.0000
18.8406 0 200 0.3456 41.4062 100.0000
18.8419 0 200 0.3856 41.4062 100.0000
18.8431 0 200 0.5131 41.4062 100.0000
18.8443 0 200 0.6070 41.4062 100.0000
18.8456 0 200 0.6606 41.4062 100.0000
18.8468 0 200 0.6763 41.4062 100.0000
18.8480 0 200 0.6988 41.4062 100.0000
18.8493 0 200 0.6064 41.4062 100.0000
18.8505 0 200 0.5346 41.4062 100.0000
18.8518 0 200 0.6412 41.4062 100.0000
18.8531 0 200 0.7375 41.4062 100.0000
18.8543 0 200 0.7459 41.4062 100.0000
18.8556 0 200 0.8120 41.4062 100.0000
18.8569 0 200 0.7456 41.4062 100.0000
18.8581 0 200 0.8182 38.2812 100.0000
18.8594 0 200 0.8008 38.2812 100.0000
18.8606 0 200 0.7541 38.2812 100.0000
18.8619 0 200 0.6164 38.2812 100.0000
18.8631 0 200 0.5299 38.2812 100.0000
18.8644 0 200 0.5249 38.2812 100.0000
18.8657 0 200 0.5372 38.2812 100.0000
18.8669 0 200 0.5342 38.2812 100.0000
18.8683 0 200 0.5851 38.2812 100.0000
18.8696 0 200 0.4852 38.2812 100.0000
18.8710 0 200 0.4923 38.2812 100.0000
18.8722 0 200 0.5125 38.2812 100.0000
18.8735 0 200 0.5019 38.2812 100.0000
18.8747 0 200 0.6084 38.2812 100.0000
18.8760 0 200 0.5938 38.2812 100.0000
18.8772 0 200 0.6205 38.2812 100.0000
18.8785 0 200 0.5957 38.2812 100.0000
18.8798 0 200 0.6137 38.2812 100.0000
18.8810 0 200 0.6441 38.2812 100.0000
18.8823 0 200 0.6247 38.2812 100.0000
18.8836 0 200 0.6443 38.2812 100.0000
18.8848 0 200 0.6174 38.2812 100.0000
18.8861 0 200 0.6153 38.2812 100.0000
18.8874 0 200 0.6780 38.2812 100.0000
18.8886 0 200 0.6993 38.2812 100.0000
18.8899 0 200 0.6551 38.2812 100.0000
18.8911 0 200 0.6740 38.2812 100.0000
18.8923 0 200 0.6166 38.2812 100.0000
18.8936 0 200 0.5389 38.2812 100.0000
18.8948 0 200 0.5071 38.2812 100.0000
18.8961 0 200 0.4728 38.2812 100.0000
18.8974 0 200 0.4756 19.5312 100.0000
18.8987 0 200 0.4701 19.5312 100.0000
18.9000 0 200 0.3463 19.5312 100.0000
18.9013 0 200 0.2481 19.5312 100.0000
18.9025 0 200 0.2949 19.5312 100.0000
18.9038 0 200 0.3053 19.5312 100.0000
18.9051 0 200 0.2214 19.5312 100.0000
18.9064 0 200 0.3022 19.5312 100.0000
18.9077 0 200 0.2830 19.5312 100.0000
18.9089 0 200 0.3266 19.5312 100.0000
18.9102 0 200 0.3078 19.5312 100.0000
18.9115 0 200 0.1940 19.5312 100.0000
18.9127 0 200 0.2439 19.5312 100.0000
18.9140 0 200 0.2400 19.5312 100.0000
18.9153 0 200 0.3154 19.5312 100.0000
18.9165 0 200 0.3645 19.5312 100.0000
18.9178 0 200 0.3044 19.5312 100.0000
18.9191 0 200 0.3792 19.5312 100.0000
18.9204 0 200 0.3736 19.5312 100.0000
18.9217 0 200 0.3945 19.5312 100.0000
18.9230 0 200 0.4307 19.5312 100.0000
18.9242 0 200 0.5265 19.5312 100.0000
18.9255 0 200 0.6100 19.5312 100.0000
18.9268 0 200 0.6027 19.5312 100.0000
18.9281 0 200 0.7571 19.5312 100.0000
18.9294 0 200 0.8087 19.5312 100.0000
18.9306 0 200 0.8107 19.5312 100.0000
18.9319 0 200 0.7551 19.5312 100.0000
18.9332 0 200 0.7541 19.5312 100.0000
18.9345 0 200 0.7524 19.5312 100.0000
18.9357 0 200 0.7682 19.5312 100.0000
18.9370 0 200 0.7256 19.5312 100.0000
18.9383 0 200 0.7603 19.5312 100.0000
18.9395 0 200 0.7335 19.5312 100.0000
18.9408 0 200 0.7682 19.5312 100.0000
18.9421 0 200 0.8211 19.5312 100.0000
18.9433 0 200 0.7973 19.5312 100.0000
18.9446 0 200 0.7016 19.5312 100.0000
18.9458 0 200 0.6757 19.5312 100.0000
18.9471 0 200 0.6226 19.5312 100.0000
18.9484 0 200 0.6605 19.5312 100.0000
18.9497 0 200 0.5702 19.5312 100.0000
18.9509 0 200 0.5029 19.5312 100.0000
18.9522 0 200 0.5778 19.5312 100.0000
18.9534 0 200 0.5496 19.5312 100.0000
18.9547 0 200 0.5626 19.5312 100.0000
18.9560 0 200 0.5062 19.5312 100.0000
18.9572 0 200 0.4725 19.5312 100.0000
18.9585 0 200 0.4890 11.7188 100.0000
18.9598 0 200 0.5344 11.7188 100.0000
18.9611 0 200 0.5515 11.7188 100.0000
18.9624 0 200 0.4883 11.7188 100.0000
18.9636 0 200 0.3648 11.7188 100.0000
18.9649 0 200 0.2796 11.7188 100.0000
18.9662 0 200 0.3483 11.7188 100.0000
18.9674 0 200 0.4305 11.7188 100.0000
18.9687 0 200 0.4312 11.7188 100.0000
18.9700 0 200 0.3751 11.7188 100.0000
18.9712 0 200 0.3995 11.7188 100.0000
18.9725 0 200 0.3835 11.7188 100.0000
18.9738 0 200 0.3944 11.7188 100.0000
18.9751 0 200 0.3646 11.7188 100.0000
18.9764 0 200 0.3034 11.7188 100.0000
18.9776 0 200 0.3700 11.7188 100.0000
18.9789 0 200 0.4364 11.7188 100.0000
18.9802 0 200 0.3781 11.7188 100.0000
18.9815 0 200 0.3826 11.7188 100.0000
18.9828 0 200 0.3645 11.7188 100.0000
18.9841 0 200 0.4361 11.7188 100.0000
18.9854 0 200 0.4559 11.7188 100.0000
18.9867 0 200 0.4187 11.7188 100.0000
18.9880 0 200 0.3825 11.7188 100.0000
18.9892 0 200 0.3343 11.7188 100.0000
18.9905 0 200 0.2571 11.7188 100.0000
18.9917 0 200 0.2581 11.7188 100.0000
18.9930 0 200 0.2333 11.7188 100.0000
18.9943 0 200 0.2301 11.7188 100.0000
18.9956 0 200 0.2465 11.7188 100.0000
18.9968 0 200 0.3110 11.7188 100.0000
18.9981 0 200 0.3157 11.7188 100.0000
18.9993 0 200 0.3037 11.7188 100.0000
19.0006 0 200 0.2048 11.7188 100.0000
19.0019 0 200 0.2728 11.7188 100.0000
19.0031 0 200 0.2213 11.7188 100.0000
19.0044 0 200 0.2353 11.7188 100.0000
19.0056 0 200 0.2286 11.7188 100.0000
19.0069 0 200 0.2040 6.2500 100.0000
19.0081 0 200 0.2323 6.2500 100.0000
19.0094 0 200 0.1695 6.2500 100.0000
19.0107 0 200 0.1850 6.2500 100.0000
19.0119 0 200 0.1503 6.2500 100.0000
19.0132 0 200 0.0877 6.2500 100.0000
19.0145 0 200 0.0617 6.2500 100.0000
19.0158 0 200 -0.0160 6.2500 100.0000
19.0170 0 200 -0.1089 6.2500 100.0000
19.0183 0 200 -0.0788 6.2500 100.0000
19.0196 0 200 -0.0614 6.2500 100.0000
19.0209 0 200 -0.1003 6.2500 100.0000
19.0222 0 200 -0.1346 6.2500 100.0000
19.0235 0 200 -0.1377 6.2500 100.0000
19.0247 0 200 -0.1844 6.2500 100.0000
19.0260 0 200 -0.2334 6.2500 100.0000
19.0273 0 200 -0.2727 6.2500 100.0000
19.0285 0 200 -0.3650 6.2500 100.0000
19.0298 0 200 -0.3631 6.2500 100.0000
19.0311 0 200 -0.4114 6.2500 100.0000
19.0324 0 200 -0.5075 6.2500 100.0000
19.0336 0 200 -0.5430 6.2500 100.0000
19.0349 0 200 -0.5984 6.2500 100.0000
19.0362 0 200 -0.6403 6.2500 100.0000
19.0375 0 200 -0.6512 6.2500 100.0000
19.0388 0 200 -0.7077 6.2500 100.0000
19.0400 0 200 -0.7543 6.2500 100.0000
19.0413 0 200 -0.7103 6.2500 100.0000
19.0425 0 200 -0.7313 6.2500 100.0000
19.0438 0 200 -0.7052 6.2500 100.0000
19.0450 0 200 -0.6268 6.2500 100.0000
19.0463 0 200 -0.6046 6.2500 100.0000
19.0476 0 200 -0.5715 6.2500 100.0000
19.0489 0 200 -0.5596 6.2500 100.0000
19.0502 0 200 -0.5856 6.2500 100.0000
19.0514 0 200 -0.6023 6.2500 100.0000
19.0527 0 200 -0.7227 6.2500 100.0000
19.0540 0 200 -0.7467 6.2500 100.0000
19.0553 0 200 -0.6852 6.2500 100.0000
19.0565 0 200 -0.6407 6.2500 100.0000
19.0578 0 200 -0.5602 6.2500 100.0000
19.0591 0 200 -0.5543 6.2500 100.0000
19.0604 0 200 -0.5605 6.2500 100.0000
19.0617 0 200 -0.6536 6.2500 100.0000
19.0630 0 200 -0.5875 3.1250 100.0000
19.0642 0 200 -0.6207 3.1250 100.0000
19.0655 0 200 -0.6512 3.1250 100.0000
19.0668 0 200 -0.5831 3.1250 100.0000
19.0681 0 200 -0.5732 3.1250 100.0000
19.0694 0 200 -0.6661 3.1250 100.0000
19.0707 0 200 -0.7256 3.1250 100.0000
19.0720 0 200 -0.7180 3.1250 100.0000
19.0732 0 200 -0.7043 3.1250 100.0000
19.0745 0 200 -0.6438 3.1250 100.0000
19.0758 0 200 -0.6783 3.1250 100.0000
19.0771 0 200 -0.6200 3.1250 100.0000
19.0784 0 200 -0.6326 3.1250 100.0000
19.0797 0 200 -0.6124 3.1250 100.0000
19.0809 0 200 -0.5887 3.1250 100.0000
19.0822 0 200 -0.4645 3.1250 100.0000
19.0835 0 200 -0.4664 3.1250 100.0000
19.0848 0 200 -0.4884 3.1250 100.0000
19.0861 0 200 -0.4787 3.1250 100.0000
19.0873 0 200 -0.3755 3.1250 100.0000
19.0886 0 200 -0.3479 3.1250 100.0000
19.0899 0 200 -0.3245 3.1250 100.0000
19.0912 0 200 -0.3439 3.1250 100.0000
19.0924 0 200 -0.2404 3.1250 100.0000
19.0937 0 200 -0.1385 3.1250 100.0000
19.0950 0 200 -0.1675 3.1250 100.0000
19.0963 0 200 -0.1888 3.1250 100.0000
19.0975 0 200 -0.1321 3.1250 100.0000
19.0988 0 200 -0.1366 3.1250 100.0000
19.1001 0 200 -0.1977 3.1250 100.0000
19.1013 0 200 -0.2009 3.1250 100.0000
19.1026 0 200 -0.2781 3.1250 100.0000
19.1039 0 200 -0.1924 3.1250 100.0000
19.1051 0 200 -0.2435 3.1250 100.0000
19.1064 0 200 -0.1454 3.1250 100.0000
19.1077 0 200 -0.1022 3.1250 100.0000
19.1090 0 200 -0.0278 3.1250 100.0000
19.1103 0 200 -0.0631 3.1250 100.0000
19.1116 0 200 -0.0586 3.1250 100.0000
19.1128 0 200 -0.0117 3.1250 100.0000
19.1141 0 200 0.0685 3.1250 100.0000
19.1154 0 200 0.0468 3.1250 100.0000
19.1167 0 200 -0.0230 3.1250 100.0000
19.1179 0 200 -0.0787 3.1250 100.0000
19.1192 0 200 -0.0285 3.1250 100.0000
19.1205 0 200 0.1194 3.1250 100.0000
19.1218 0 200 0.1265 3.1250 100.0000
19.1230 0 200 0.2280 3.1250 100.0000
19.1243 0 200 0.1424 3.1250 100.0000
19.1257 0 200 0.1554 3.1250 100.0000
19.1269 0 199 0.1498 -0.0000 100.0000
19.1282 0 199 0.1802 -0.0000 100.0000
19.1295 0 199 0.1888 -0.0000 100.0000
19.1308 0 199 0.2160 -0.0000 100.0000
19.1320 0 199 0.2602 -0.0000 100.0000
19.1333 0 199 0.2689 -0.0000 100.0000
19.1345 0 199 0.3267 -0.0000 100.0000
19.1358 0 199 0.3637 -0.0000 100.0000
19.1370 0 199 0.3553 -0.0000 100.0000
19.1383 0 199 0.3023 -0.0000 100.0000
19.1396 0 199 0.4200 -0.0000 100.0000
19.1408 0 199 0.5250 -0.0000 100.0000
19.1421 0 199 0.4616 -0.0000 100.0000
19.1434 0 199 0.4432 -0.0000 100.0000
19.1446 0 199 0.4373 -0.0000 100.0000
19.1459 0 199 0.4114 -0.0000 100.0000
19.1472 0 199 0.4304 -0.0000 100.0000
19.1485 0 199 0.3861 -0.0000 100.0000
19.1497 0 199 0.3620 -0.0000 100.0000
19.1510 0 199 0.2536 -0.0000 100.0000
19.1523 0 199 0.2489 -0.0000 100.0000
19.1536 0 199 0.1587 -0.0000 100.0000
19.1548 0 199 0.1165 -0.0000 100.0000
19.1561 0 199 0.1651 -0.0000 100.0000
19.1574 0 199 0.1942 -0.0000 100.0000
19.1587 0 199 0.2077 -0.0000 100.0000
19.1599 0 199 0.2502 -0.0000 100.0000
19.1612 0 199 0.1860 -0.0000 100.0000
19.1625 0 199 0.1642 -0.0000 100.0000
19.1638 0 199 0.1390 -0.0000 100.0000
19.1651 0 199 0.0936 -0.0000 100.0000
19.1664 0 199 0.1450 -0.0000 100.0000
19.1676 0 199 0.0861 -0.0000 100.0000
19.1689 0 199 0.1396 -0.0000 100.0000
19.1702 0 199 0.1178 -0.0000 100.0000
19.1714 0 199 0.0800 -0.0000 100.0000
19.1727 0 199 0.0718 -0.0000 100.0000
19.1740 0 199 0.0477 -0.0000 100.0000
19.1752 0 199 0.0088 -0.0000 100.0000
19.1765 0 199 0.0054 -0.0000 100.0000
19.1778 0 199 0.1157 -0.0000 100.0000
19.1791 0 199 0.0498 -0.0000 100.0000
19.1804 0 199 0.0137 -0.0000 100.0000
19.1817 0 199 0.0777 -0.0000 100.0000
19.1830 0 199 0.0499 -0.0000 100.0000
19.1842 0 199 0.0930 -0.0000 100.0000
19.1855 0 199 0.2447 -0.0000 100.0000
19.1868 0 199 0.3086 -0.0000 100.0000
19.1881 0 199 0.3994 -0.0000 100.0000
19.1894 0 199 0.3714 -0.0000 100.0000
19.1907 0 199 0.4045 -0.0000 100.0000
19.1919 0 199 0.5124 -0.0000 100.0000
19.1932 0 199 0.5057 -0.0000 100.0000
19.1944 0 199 0.5650 -0.0000 100.0000
19.1957 0 199 0.6881 -0.0000 100.0000
19.1970 0 199 0.6524 -0.0000 100.0000
19.1983 0 199 0.7011 -0.0000 100.0000
19.1996 0 199 0.8132 -0.0000 100.0000
19.2008 0 199 0.8236 -0.0000 100.0000
19.2021 0 199 0.8010 -0.0000 100.0000
19.2034 0 199 0.8206 -0.0000 100.0000
19.2046 0 199 0.8087 -0.0000 100.0000
19.2059 0 199 0.7620 -0.0000 100.0000
19.2072 0 199 0.8100 -0.0000 100.0000
19.2084 0 199 0.8299 -0.0000 100.0000
19.2097 0 199 0.8623 -0.0000 100.0000
19.2110 0 199 0.8234 -0.0000 100.0000
19.2122 0 199 0.8417 -0.0000 100.0000
19.2135 0 199 0.9003 -0.0000 100.0000
19.2148 0 199 0.9373 -0.0000 100.0000
19.2160 0 199 0.8546 -0.0000 100.0000
19.2173 0 199 0.8707 -0.0000 100.0000
19.2185 0 199 0.9024 -0.0000 100.0000
19.2197 0 199 0.9172 -0.0000 100.0000
19.2210 0 199 0.9486 -0.0000 100.0000
19.2222 0 199 1.0063 -0.0000 100.0000
19.2235 0 199 1.0579 -0.0000 100.0000
19.2247 0 199 1.0235 -0.0000 100.0000
19.2260 0 199 1.1650 -0.0000 100.0000
19.2272 0 199 1.0911 -0.0000 100.0000
19.2285 0 199 1.0814 -0.0000 100.0000
19.2297 0 199 1.0709 -0.0000 100.0000
19.2310 0 199 1.0215 -0.0000 100.0000
19.2323 0 199 1.0055 -0.0000 100.0000
19.2335 0 199 0.9995 -0.0000 100.0000
19.2348 0 199 0.9293 -0.0000 100.0000
19.2361 0 199 0.8754 -0.0000 100.0000
19.2374 0 199 0.8630 -0.0000 100.0000
19.2387 0 199 0.8749 -0.0000 100.0000
19.2399 0 199 0.7488 -0.0000 100.0000
19.2412 0 199 0.7163 -0.0000 100.0000
19.2425 0 199 0.6938 -0.0000 100.0000
19.2437 0 199 0.6989 -0.0000 100.0000
19.2450 0 199 0.6417 -0.0000 100.0000
19.2462 0 199 0.6781 -0.0000 100.0000
19.2474 0 199 0.7025 -0.0000 100.0000
19.2487 0 199 0.7155 -0.0000 100.0000
19.2499 0 199 0.6976 -0.0000 100.0000
19.2511 0 199 0.7051 -0.0000 100.0000
19.2524 0 199 0.6353 -0.0000 100.0000
19.2536 0 199 0.6338 -0.0000 100.0000
19.2548 0 199 0.6512 -0.0000 100.0000
19.2561 0 199 0.6168 -0.0000 100.0000
19.2573 0 199 0.6677 -0.0000 100.0000
19.2586 0 199 0.6699 -0.0000 100.0000
19.2598 0 199 0.7025 -0.0000 100.0000
19.2611 0 199 0.6857 -0.0000 100.0000
19.2624 0 199 0.6288 -0.0000 100.0000
19.2637 0 199 0.6453 -0.0000 100.0000
19.2650 0 199 0.6302 -0.0000 100.0000
19.2662 0 199 0.6879 -0.0000 100.0000
19.2675 0 199 0.6268 -0.0000 100.0000
19.2687 0 199 0.5948 -0.0000 100.0000
19.2700 0 199 0.5730 -0.0000 100.0000
19.2713 0 199 0.4283 -0.0000 100.0000
19.2725 0 199 0.3291 -0.0000 100.0000
19.2738 0 199 0.4007 -0.0000 100.0000
19.2751 0 199 0.4395 -0.0000 100.0000
19.2763 0 199 0.3458 -0.0000 100.0000
19.2776 0 199 0.4099 -0.0000 100.0000
19.2789 0 199 0.3503 -0.0000 100.0000
19.2802 0 199 0.3439 -0.0000 100.0000
19.2815 0 199 0.2264 -0.0000 100.0000
19.2827 0 199 0.0996 -0.0000 100.0000
19.2840 0 199 0.1241 -0.0000 100.0000
19.2853 0 199 0.1209 -0.0000 100.0000
19.2866 0 199 0.1053 -0.0000 100.0000
19.2878 0 199 0.0635 -0.0000 100.0000
19.2891 0 199 0.1024 -0.0000 100.0000
19.2904 0 199 0.1032 -0.0000 100.0000
19.2917 0 199 0.0494 -0.0000 100.0000
19.2930 0 199 0.0295 -0.0000 100.0000
19.2942 0 199 0.0002 -0.0000 100.0000
19.2955 0 199 0.0306 -0.0000 100.0000
19.2968 0 199 0.0127 -0.0000 100.0000
19.2981 0 199 -0.0512 -0.0000 100.0000
19.2993 0 199 -0.0541 -0.0000 100.0000
19.3006 0 199 -0.1305 -0.0000 100.0000
19.3018 0 199 -0.1560 -0.0000 100.0000
19.3031 0 199 -0.1832 -0.0000 100.0000
19.3044 0 199 -0.1951 -0.0000 100.0000
19.3056 0 199 -0.1518 -0.0000 100.0000
19.3069 0 199 -0.1223 -0.0000 100.0000
19.3082 0 199 -0.1229 -0.0000 100.0000
19.3094 0 199 -0.0748 -0.0000 100.0000
19.3107 0 199 -0.1160 -0.0000 100.0000
19.3120 0 199 -0.1038 -0.0000 100.0000
19.3133 0 199 -0.1445 -0.0000 100.0000
19.3145 0 199 -0.2106 -0.0000 100.0000
19.3158 0 199 -0.3196 -0.0000 100.0000
19.3171 0 199 -0.2683 -0.0000 100.0000
19.3184 0 199 -0.3827 -0.0000 100.0000
19.3197 0 199 -0.3670 -0.0000 100.0000
19.3210 0 199 -0.3263 -0.0000 100.0000
19.3223 0 199 -0.2989 -0.0000 100.0000
19.3235 0 199 -0.3548 -0.0000 100.0000
19.3248 0 199 -0.3371 -0.0000 100.0000
19.3261 0 199 -0.2859 -0.0000 100.0000
19.3274 0 199 -0.3035 -0.0000 100.0000
19.3287 0 199 -0.3305 -0.0000 100.0000
19.3299 0 199 -0.3868 -0.0000 100.0000
19.3312 0 199 -0.3885 -0.0000 100.0000
19.3325 0 199 -0.4274 -0.0000 100.0000
19.3338 0 199 -0.3436 -0.0000 100.0000
19.3350 0 199 -0.3938 -0.0000 100.0000
19.3363 0 199 -0.3821 -0.0000 100.0000
19.3376 0 199 -0.3374 -0.0000 100.0000
19.3389 0 199 -0.2605 -0.0000 100.0000
19.3402 0 199 -0.1905 -0.0000 100.0000
19.3415 0 199 -0.2473 -0.0000 100.0000
19.3428 0 199 -0.2581 -0.0000 100.0000
19.3440 0 199 -0.2165 -0.0000 100.0000
19.3453 0 199 -0.2456 -0.0000 100.0000
19.3466 0 199 -0.2500 -0.0000 100.0000
19.3479 0 199 -0.1442 -0.0000 100.0000
19.3492 0 199 -0.1207 -0.0000 100.0000
19.3504 0 199 -0.0810 -0.0000 100.0000
19.3517 0 199 0.0351 -0.0000 100.0000
19.3530 0 199 0.0873 -0.0000 100.0000
19.3543 0 199 0.1494 -0.0000 100.0000
19.3555 0 199 0.1538 -0.0000 100.0000
19.3568 0 199 0.1771 -0.0000 100.0000
19.3581 0 199 0.2443 -0.0000 100.0000
19.3594 0 199 0.1745 -0.0000 100.0000
19.3606 0 199 0.1971 -0.0000 100.0000
19.3619 0 199 0.2579 -0.0000 100.0000
19.3632 0 199 0.1850 -0.0000 100.0000
19.3645 0 199 0.2079 -0.0000 100.0000
19.3657 0 199 0.1158 -0.0000 100.0000
19.3670 0 199 0.1126 -0.0000 100.0000
19.3683 0 199 0.0341 -0.0000 100.0000
19.3696 0 199 0.0962 -0.0000 100.0000
19.3708 0 199 0.0106 -0.0000 100.0000
19.3721 0 199 0.0057 -0.0000 100.0000
19.3734 0 199 0.0047 -0.0000 100.0000
19.3747 0 199 0.0340 -0.0000 100.0000
19.3759 0 199 0.0081 -0.0000 100.0000
19.3772 0 199 0.0948 -0.0000 100.0000
19.3785 0 199 0.1617 -0.0000 100.0000
19.3797 0 199 0.1918 -0.0000 100.0000
19.3810 0 199 0.1792 -0.0000 100.0000
19.3823 0 199 0.2391 -0.0000 100.0000
19.3836 0 199 0.2295 -0.0000 100.0000
19.3849 0 199 0.1988 -0.0000 100.0000
19.3861 0 199 0.1923 -0.0000 100.0000
19.3874 0 199 0.1844 -0.0000 100.0000
19.3887 0 199 0.1534 -0.0000 100.0000
19.3900 0 199 0.1104 -0.0000 100.0000
19.3913 0 199 0.0853 -0.0000 100.0000
19.3925 0 199 0.1258 -0.0000 100.0000
19.3938 0 199 0.1838 -0.0000 100.0000
19.3951 0 199 0.2340 -0.0000 100.0000
19.3964 0 199 0.2481 -0.0000 100.0000
19.3976 0 199 0.1457 -0.0000 100.0000
19.3990 0 199 0.2645 -0.0000 100.0000
19.4002 0 199 0.3017 -0.0000 100.0000
19.4015 0 199 0.4471 -0.0000 100.0000
19.4028 0 199 0.5037 -0.0000 100.0000
19.4041 0 199 0.5736 -0.0000 100.0000
19.4054 0 199 0.5627 -0.0000 100.0000
19.4067 0 199 0.6907 -0.0000 100.0000
19.4079 0 199 0.7460 -0.0000 100.0000
19.4092 0 199 0.6847 -0.0000 100.0000
19.4105 0 199 0.6549 -0.0000 100.0000
19.4117 0 199 0.6113 -0.0000 100.0000
19.4130 0 199 0.5468 -0.0000 100.0000
19.4143 0 199 0.4474 -0.0000 100.0000
19.4156 0 199 0.3709 -0.0000 100.0000
19.4168 0 199 0.3228 -0.0000 100.0000
19.4181 0 199 0.3422 -0.0000 100.0000
19.4193 0 199 0.2858 -0.0000 100.0000
19.4206 0 199 0.3219 -0.0000 100.0000
19.4219 0 199 0.3038 -0.0000 100.0000
19.4231 0 199 0.2209 -0.0000 100.0000
19.4244 0 199 0.2427 -0.0000 100.0000
19.4257 0 199 0.1914 -0.0000 100.0000
19.4269 0 199 0.2037 -0.0000 100.0000
19.4283 0 199 0.1884 -0.0000 100.0000
19.4295 0 199 0.1844 -0.0000 100.0000
19.4308 0 199 0.1465 -0.0000 100.0000
19.4321 0 199 0.0963 -0.0000 100.0000
19.4333 0 199 0.0141 -0.0000 100.0000
19.4346 0 199 -0.0271 -0.0000 100.0000
19.4359 0 199 -0.0418 -0.0000 100.0000
19.4371 0 199 -0.0358 -0.0000 100.0000
19.4385 0 199 0.0801 -0.0000 100.0000
19.4397 0 199 0.0698 -0.0000 100.0000
19.4410 0 199 0.0077 -0.0000 100.0000
19.4423 0 199 0.0045 -0.0000 100.0000
19.4436 0 199 -0.0571 -0.0000 100.0000
19.4449 0 199 -0.1108 -0.0000 100.0000
19.4462 0 199 -0.2162 -0.0000 100.0000
19.4475 0 199 -0.2489 -0.0000 100.0000
19.4488 0 199 -0.3661 -0.0000 100.0000
19.4501 0 199 -0.3053 -0.0000 100.0000
19.4513 0 199 -0.3556 -0.0000 100.0000
19.4526 0 199 -0.2960 -0.0000 100.0000
19.4539 0 199 -0.2765 -0.0000 100.0000
19.4551 0 199 -0.3179 -0.0000 100.0000
19.4564 0 199 -0.4229 -0.0000 100.0000
19.4577 0 199 -0.5031 -0.0000 100.0000
19.4590 0 199 -0.3562 -0.0000 100.0000
19.4603 0 199 -0.3945 -0.0000 100.0000
19.4616 0 199 -0.3075 -0.0000 100.0000
19.4629 0 199 -0.3240 -0.0000 100.0000
19.4642 0 199 -0.3161 -0.0000 100.0000
19.4654 0 199 -0.3984 -0.0000 100.0000
19.4667 0 199 -0.3538 -0.0000 100.0000
19.4680 0 199 -0.3968 -0.0000 100.0000
19.4693 0 199 -0.4257 -0.0000 100.0000
19.4706 0 199 -0.5050 -0.0000 100.0000
19.4718 0 199 -0.4683 -0.0000 100.0000
19.4731 0 199 -0.5694 -0.0000 100.0000
19.4744 0 199 -0.5727 -0.0000 100.0000
19.4757 0 199 -0.4858 -0.0000 100.0000
19.4770 0 199 -0.4290 -0.0000 100.0000
19.4783 0 199 -0.4973 -0.0000 100.0000
19.4795 0 199 -0.6235 -0.0000 100.0000
19.4808 0 199 -0.6601 -0.0000 100.0000
19.4821 0 199 -0.7176 -0.0000 100.0000
19.4834 0 199 -0.5886 -0.0000 100.0000
19.4847 0 199 -0.5231 -0.0000 100.0000
19.4859 0 199 -0.5743 -0.0000 100.0000
19.4872 0 199 -0.4644 -0.0000 100.0000
19.4885 0 199 -0.4444 -0.0000 100.0000
19.4898 0 199 -0.3511 -0.0000 100.0000
19.4910 0 199 -0.3463 -0.0000 100.0000
19.4923 0 199 -0.3565 -0.0000 100.0000
19.4935 0 199 -0.3657 -0.0000 100.0000
19.4948 0 199 -0.3742 -0.0000 100.0000
19.4961 0 199 -0.4429 -0.0000 100.0000
19.4973 0 199 -0.4467 -0.0000 100.0000
19.4986 0 199 -0.2717 -0.0000 100.0000
19.4998 0 199 -0.2175 -0.0000 100.0000
19.5011 0 199 -0.1752 -0.0000 100.0000
19.5024 0 199 -0.2094 -0.0000 100.0000
19.5036 0 199 -0.1255 -0.0000 100.0000
19.5049 0 199 -0.0924 -0.0000 100.0000
19.5061 0 199 -0.0277 -0.0000 100.0000
19.5074 0 199 -0.0448 -0.0000 100.0000
19.5087 0 199 -0.1790 -0.0000 100.0000
19.5099 0 199 -0.2080 -0.0000 100.0000
19.5112 0 200 -0.1966 100.0000 100.0000
19.5126 0 200 -0.0729 100.0000 100.0000
19.5138 0 200 -0.0832 100.0000 100.0000
19.5151 0 200 -0.0534 100.0000 100.0000
19.5164 0 200 -0.1547 100.0000 100.0000
19.5177 0 200 -0.1258 100.0000 100.0000
19.5190 0 200 -0.0822 100.0000 100.0000
19.5202 0 200 -0.0182 100.0000 100.0000
19.5215 0 200 0.0266 100.0000 100.0000
19.5228 0 200 -0.0130 100.0000 100.0000
19.5240 0 200 0.0416 100.0000 100.0000
19.5253 0 200 0.1009 100.0000 100.0000
19.5266 0 200 0.1612 100.0000 100.0000
19.5279 0 200 0.0894 100.0000 100.0000
19.5291 0 200 0.0633 100.0000 100.0000
19.5304 0 200 0.0636 100.0000 100.0000
19.5317 0 200 0.1035 100.0000 100.0000
19.5330 0 200 0.0983 100.0000 100.0000
19.5342 0 200 0.0356 100.0000 100.0000
19.5355 0 200 0.0355 100.0000 100.0000
19.5368 0 200 -0.1187 100.0000 100.0000
19.5380 0 200 -0.1419 100.0000 100.0000
19.5393 0 200 -0.2607 100.0000 100.0000
19.5406 0 200 -0.2490 100.0000 100.0000
19.5419 0 200 -0.1651 100.0000 100.0000
19.5432 0 200 -0.1689 100.0000 100.0000
19.5445 0 200 -0.1816 100.0000 100.0000
19.5458 0 200 -0.1673 100.0000 100.0000
19.5470 0 200 -0.1596 100.0000 100.0000
19.5483 0 200 -0.1408 100.0000 100.0000
19.5496 0 200 -0.0972 100.0000 100.0000
19.5508 0 200 -0.1325 100.0000 100.0000
19.5521 0 200 -0.2728 100.0000 100.0000
19.5533 0 200 -0.4046 100.0000 100.0000
19.5546 0 200 -0.4757 100.0000 100.0000
19.5558 0 200 -0.5371 100.0000 100.0000
19.5571 0 200 -0.5776 100.0000 100.0000
19.5584 0 200 -0.6782 100.0000 100.0000
19.5596 0 200 -0.6391 100.0000 100.0000
19.5609 0 200 -0.5804 100.0000 100.0000
19.5621 0 200 -0.5234 100.0000 100.0000
19.5634 0 200 -0.4803 100.0000 100.0000
19.5646 0 200 -0.3925 100.0000 100.0000
19.5659 0 200 -0.3768 100.0000 100.0000
19.5672 0 200 -0.3715 100.0000 100.0000
19.5684 0 200 -0.3228 100.0000 100.0000
19.5697 0 200 -0.3321 100.0000 100.0000
19.5709 0 200 -0.2632 100.0000 100.0000
19.5722 0 200 -0.2300 100.0000 100.0000
19.5735 0 200 -0.2250 100.0000 100.0000
19.5747 0 200 -0.2070 12.5000 100.0000
19.5760 0 200 -0.2266 12.5000 100.0000
19.5773 0 200 -0.2325 12.5000 100.0000
19.5786 0 200 -0.2000 12.5000 100.0000
19.5798 0 200 -0.2543 12.5000 100.0000
19.5811 0 200 -0.3143 12.5000 100.0000
19.5824 0 200 -0.2699 12.5000 100.0000
19.5837 0 200 -0.3671 12.5000 100.0000
19.5849 0 200 -0.2997 12.5000 100.0000
19.5862 0 200 -0.2654 12.5000 100.0000
19.5875 0 200 -0.3707 12.5000 100.0000
19.5888 0 200 -0.3308 12.5000 100.0000
19.5901 0 200 -0.2974 12.5000 100.0000
19.5913 0 200 -0.3278 12.5000 100.0000
19.5926 0 200 -0.2767 12.5000 100.0000
19.5939 0 200 -0.3217 12.5000 100.0000
19.5952 0 200 -0.3199 12.5000 100.0000
19.5965 0 200 -0.3261 12.5000 100.0000
19.5978 0 200 -0.3404 12.5000 100.0000
19.5990 0 200 -0.2586 12.5000 100.0000
19.6003 0 200 -0.3190 12.5000 100.0000
19.6016 0 200 -0.3827 12.5000 100.0000
19.6029 0 200 -0.4762 12.5000 100.0000
19.6042 0 200 -0.4225 12.5000 100.0000
19.6055 0 200 -0.3842 12.5000 100.0000
19.6068 0 200 -0.3922 12.5000 100.0000
19.6080 0 200 -0.4241 12.5000 100.0000
19.6093 0 200 -0.3591 12.5000 100.0000
19.6106 0 200 -0.3452 12.5000 100.0000
19.6118 0 200 -0.3024 12.5000 100.0000
19.6131 0 200 -0.2945 12.5000 100.0000
19.6144 0 200 -0.3468 12.5000 100.0000
19.6157 0 200 -0.3785 12.5000 100.0000
19.6169 0 200 -0.2943 12.5000 100.0000
19.6182 0 200 -0.3199 12.5000 100.0000
19.6195 0 200 -0.2426 12.5000 100.0000
19.6208 0 200 -0.3349 12.5000 100.0000
19.6221 0 200 -0.3250 12.5000 100.0000
19.6233 0 200 -0.3160 12.5000 100.0000
19.6246 0 200 -0.2360 12.5000 100.0000
19.6259 0 200 -0.2677 12.5000 100.0000
19.6271 0 200 -0.2597 12.5000 100.0000
19.6284 0 200 -0.2300 12.5000 100.0000
19.6298 0 200 -0.2432 12.5000 100.0000
19.6311 0 200 -0.3425 -0.0000 100.0000
19.6324 0 200 -0.3639 -0.0000 100.0000
19.6337 0 200 -0.3517 -0.0000 100.0000
19.6350 0 200 -0.2837 -0.0000 100.0000
19.6363 0 200 -0.2079 -0.0000 100.0000
19.6376 0 200 -0.2235 -0.0000 100.0000
19.6389 0 200 -0.2189 -0.0000 100.0000
19.6401 0 200 -0.3148 -0.0000 100.0000
19.6414 0 200 -0.2893 -0.0000 100.0000
19.6426 0 200 -0.3362 -0.0000 100.0000
19.6439 0 200 -0.4190 -0.0000 100.0000
19.6452 0 200 -0.4993 -0.0000 100.0000
19.6465 0 200 -0.4929 -0.0000 100.0000
19.6478 0 200 -0.5179 -0.0000 100.0000
19.6490 0 200 -0.5454 -0.0000 100.0000
19.6503 0 200 -0.3818 -0.0000 100.0000
19.6516 0 200 -0.4274 -0.0000 100.0000
19.6529 0 200 -0.4069 -0.0000 100.0000
19.6542 0 200 -0.3718 -0.0000 100.0000
19.6555 0 200 -0.2722 -0.0000 100.0000
19.6568 0 200 -0.2021 -0.0000 100.0000
19.6581 0 200 -0.2353 -0.0000 100.0000
19.6593 0 200 -0.2554 -0.0000 100.0000
19.6606 0 200 -0.2515 -0.0000 100.0000
19.6618 0 200 -0.1430 -0.0000 100.0000
19.6631 0 200 -0.0263 -0.0000 100.0000
19.6644 0 200 -0.0033 -0.0000 100.0000
19.6656 0 200 -0.0742 -0.0000 100.0000
19.6669 0 200 -0.0308 -0.0000 100.0000
19.6682 0 200 -0.0921 -0.0000 100.0000
19.6695 0 200 -0.1195 -0.0000 100.0000
19.6708 0 200 -0.1030 -0.0000 100.0000
19.6721 0 200 -0.1365 -0.0000 100.0000
19.6734 0 200 -0.2815 -0.0000 100.0000
19.6747 0 200 -0.2705 -0.0000 100.0000
19.6759 0 200 -0.2615 -0.0000 100.0000
19.6772 0 200 -0.3865 -0.0000 100.0000
19.6785 0 200 -0.3819 -0.0000 100.0000
19.6798 0 200 -0.3319 -0.0000 100.0000
19.6811 0 200 -0.3201 -0.0000 100.0000
19.6823 0 200 -0.2309 -0.0000 100.0000
19.6836 0 200 -0.2513 -0.0000 100.0000
19.6849 0 200 -0.2846 -0.0000 100.0000
19.6861 0 200 -0.2225 -0.0000 100.0000
19.6874 0 200 -0.2628 -0.0000 100.0000
19.6887 0 200 -0.2177 -0.0000 100.0000
19.6900 0 200 -0.2904 -0.0000 100.0000
19.6913 0 200 -0.3825 -0.0000 100.0000
19.6925 0 200 -0.4321 -0.0000 100.0000
19.6938 0 200 -0.4002 -0.0000 100.0000
19.6950 0 200 -0.3216 -0.0000 100.0000
19.6963 0 200 -0.2830 -0.0000 100.0000
19.6976 0 200 -0.2363 -0.0000 100.0000
19.6989 0 200 -0.1219 -0.0000 100.0000
19.7001 0 200 -0.0766 -0.0000 100.0000
19.7013 0 200 -0.1066 -0.0000 100.0000
19.7027 0 200 -0.1300 -0.0000 100.0000
19.7039 0 200 -0.2081 -0.0000 100.0000
19.7052 0 200 -0.2060 -0.0000 100.0000
19.7065 0 200 -0.3310 -0.0000 100.0000
19.7078 0 200 -0.3927 -0.0000 100.0000
19.7090 0 200 -0.4307 -0.0000 100.0000
19.7103 0 200 -0.4034 -0.0000 100.0000
19.7116 0 200 -0.3455 -0.0000 100.0000
19.7129 0 200 -0.2252 -0.0000 100.0000
19.7142 0 200 -0.1212 -0.0000 100.0000
19.7155 0 200 -0.0388 -0.0000 100.0000
19.7167 0 199 0.0151 -0.0000 100.0000
19.7180 0 199 0.0078 -0.0000 100.0000
19.7193 0 199 0.0130 -0.0000 100.0000
19.7206 0 199 0.0361 -0.0000 100.0000
19.7218 0 199 0.0108 -0.0000 100.0000
19.7231 0 199 0.0067 -0.0000 100.0000
19.7244 0 199 0.0449 -0.0000 100.0000
19.7257 0 199 0.0028 -0.0000 100.0000
19.7270 0 199 -0.0378 -0.0000 100.0000
19.7283 0 200 -0.1032 -0.0000 100.0000
19.7296 0 200 -0.1589 -0.0000 100.0000
19.7309 0 200 -0.2192 -0.0000 100.0000
19.7322 0 200 -0.2067 -0.0000 100.0000
19.7334 0 200 -0.2646 -0.0000 100.0000
19.7347 0 200 -0.2686 -0.0000 100.0000
19.7359 0 200 -0.2676 -0.0000 100.0000
19.7372 0 200 -0.2121 -0.0000 100.0000
19.7385 0 200 -0.2408 -0.0000 100.0000
19.7397 0 200 -0.1039 -0.0000 100.0000
19.7410 0 200 -0.0825 -0.0000 100.0000
19.7423 0 200 -0.0404 -0.0000 100.0000
19.7436 0 200 -0.0796 -0.0000 100.0000
19.7449 0 200 -0.0861 -0.0000 100.0000
19.7462 0 200 -0.0868 -0.0000 100.0000
19.7474 0 200 -0.0524 -0.0000 100.0000
19.7488 0 200 -0.1020 -0.0000 100.0000
19.7500 0 200 -0.0742 -0.0000 100.0000
19.7513 0 199 0.1087 -0.0000 100.0000
19.7525 0 199 0.1273 -0.0000 100.0000
19.7538 0 199 0.1614 -0.0000 100.0000
19.7550 0 199 0.1558 -0.0000 100.0000
19.7563 0 199 0.2589 -0.0000 100.0000
19.7575 0 199 0.2612 -0.0000 100.0000
19.7588 0 199 0.2865 -0.0000 100.0000
19.7600 0 199 0.3791 -0.0000 100.0000
19.7613 0 199 0.2796 -0.0000 100.0000
19.7626 0 199 0.2802 -0.0000 100.0000
19.7639 0 199 0.3698 -0.0000 100.0000
19.7652 0 199 0.3335 -0.0000 100.0000
19.7665 0 199 0.4163 -0.0000 100.0000
19.7678 0 199 0.4615 -0.0000 100.0000
19.7691 0 199 0.4768 -0.0000 100.0000
19.7704 0 199 0.4872 -0.0000 100.0000
19.7716 0 199 0.5218 -0.0000 100.0000
19.7729 0 199 0.5709 -0.0000 100.0000
19.7742 0 199 0.5823 -0.0000 100.0000
19.7755 0 199 0.5243 -0.0000 100.0000
19.7767 0 199 0.4837 -0.0000 100.0000
19.7780 0 199 0.5488 -0.0000 100.0000
19.7792 0 199 0.4843 -0.0000 100.0000
19.7805 0 199 0.4315 -0.0000 100.0000
19.7818 0 199 0.3024 -0.0000 100.0000
19.7831 0 199 0.2637 -0.0000 100.0000
19.7844 0 199 0.2656 -0.0000 100.0000
19.7857 0 199 0.3306 -0.0000 100.0000
19.7869 0 199 0.1720 -0.0000 100.0000
19.7882 0 199 0.2956 -0.0000 100.0000
19.7895 0 199 0.3231 -0.0000 100.0000
19.7908 0 199 0.3299 -0.0000 100.0000
19.7921 0 199 0.3011 -0.0000 100.0000
19.7934 0 199 0.3185 -0.0000 100.0000
19.7946 0 199 0.3146 -0.0000 100.0000
19.7959 0 199 0.2571 -0.0000 100.0000
19.7972 0 199 0.2542 -0.0000 100.0000
19.7985 0 199 0.2499 -0.0000 100.0000
19.7998 0 199 0.1424 -0.0000 100.0000
19.8010 0 199 0.0585 -0.0000 100.0000
19.8023 0 199 0.0779 -0.0000 100.0000
19.8036 0 199 -0.0361 -0.0000 100.0000
19.8049 0 199 -0.0641 -0.0000 100.0000
19.8061 0 199 0.0072 -0.0000 100.0000
19.8074 0 199 -0.0706 -0.0000 100.0000
19.8087 0 199 -0.0230 -0.0000 100.0000
19.8099 0 199 -0.0526 -0.0000 100.0000
19.8112 0 199 -0.1034 -0.0000 100.0000
19.8124 0 199 -0.1569 -0.0000 100.0000
19.8137 0 199 -0.1472 -0.0000 100.0000
19.8150 0 199 -0.2080 -0.0000 100.0000
19.8162 0 199 -0.2729 -0.0000 100.0000
19.8175 0 199 -0.3432 -0.0000 100.0000
19.8188 0 199 -0.3551 -0.0000 100.0000
19.8201 0 199 -0.3011 -0.0000 100.0000
19.8213 0 199 -0.3845 -0.0000 100.0000
19.8226 0 199 -0.4010 -0.0000 100.0000
19.8238 0 199 -0.3882 -0.0000 100.0000
19.8251 0 199 -0.2705 -0.0000 100.0000
19.8264 0 199 -0.2384 -0.0000 100.0000
19.8276 0 199 -0.2594 -0.0000 100.0000
19.8289 0 199 -0.2534 -0.0000 100.0000
19.8302 0 199 -0.1898 -0.0000 100.0000
19.8315 0 199 -0.1936 -0.0000 100.0000
19.8327 0 199 -0.2533 -0.0000 100.0000
19.8340 0 199 -0.1500 -0.0000 100.0000
19.8353 0 199 -0.1646 -0.0000 100.0000
19.8365 0 199 -0.1681 -0.0000 100.0000
19.8378 0 199 -0.1386 -0.0000 100.0000
19.8390 0 199 -0.0438 -0.0000 100.0000
19.8403 0 199 0.0420 -0.0000 100.0000
19.8415 0 199 0.0812 -0.0000 100.0000
19.8428 0 199 0.1273 -0.0000 100.0000
19.8441 0 199 0.1806 -0.0000 100.0000
19.8453 0 199 0.1699 -0.0000 100.0000
19.8466 0 199 0.1953 -0.0000 100.0000
19.8479 0 199 0.1496 -0.0000 100.0000
19.8491 0 199 0.2043 -0.0000 100.0000
19.8504 0 199 0.2797 -0.0000 100.0000
19.8516 0 199 0.2935 -0.0000 100.0000
19.8529 0 199 0.2688 -0.0000 100.0000
19.8541 0 199 0.2618 -0.0000 100.0000
19.8554 0 199 0.2611 -0.0000 100.0000
19.8567 0 199 0.2657 -0.0000 100.0000
19.8579 0 199 0.2769 -0.0000 100.0000
19.8592 0 199 0.2880 -0.0000 100.0000
19.8604 0 199 0.2957 -0.0000 100.0000
19.8617 0 199 0.3328 -0.0000 100.0000
19.8629 0 199 0.2342 -0.0000 100.0000
19.8642 0 199 0.2461 -0.0000 100.0000
19.8655 0 199 0.2261 -0.0000 100.0000
19.8667 0 199 0.2411 -0.0000 100.0000
19.8680 0 199 0.1525 -0.0000 100.0000
19.8692 0 199 0.1459 -0.0000 100.0000
19.8705 0 199 0.0703 -0.0000 100.0000
19.8717 0 199 0.0651 -0.0000 100.0000
19.8731 0 199 0.1340 -0.0000 100.0000
19.8744 0 199 0.2033 -0.0000 100.0000
19.8757 0 199 0.1884 -0.0000 100.0000
19.8770 0 199 0.2017 -0.0000 100.0000
19.8782 0 199 0.2465 -0.0000 100.0000
19.8796 0 199 0.3327 -0.0000 100.0000
19.8808 0 199 0.3715 -0.0000 100.0000
19.8821 0 199 0.3187 -0.0000 100.0000
19.8834 0 199 0.2641 -0.0000 100.0000
19.8846 0 199 0.2859 -0.0000 100.0000
19.8859 0 199 0.3681 -0.0000 100.0000
19.8871 0 199 0.3496 -0.0000 100.0000
19.8884 0 199 0.4065 -0.0000 100.0000
19.8897 0 199 0.4200 -0.0000 100.0000
19.8909 0 199 0.4040 -0.0000 100.0000
19.8922 0 199 0.5336 -0.0000 100.0000
19.8935 0 199 0.5989 -0.0000 100.0000
19.8947 0 199 0.5776 -0.0000 100.0000
19.8960 0 199 0.4141 -0.0000 100.0000
19.8973 0 199 0.3118 -0.0000 100.0000
19.8986 0 199 0.3567 -0.0000 100.0000
19.8998 0 199 0.2745 -0.0000 100.0000
19.9011 0 199 0.2635 -0.0000 100.0000
19.9024 0 199 0.1983 -0.0000 100.0000
19.9037 0 199 0.1442 -3.1250 100.0000
19.9049 0 199 0.0968 -3.1250 100.0000
19.9062 0 199 0.1477 -3.1250 100.0000
19.9075 0 199 0.1800 -3.1250 100.0000
19.9087 0 199 0.1931 -3.1250 100.0000
19.9100 0 199 0.1422 -3.1250 100.0000
19.9113 0 199 0.0982 -3.1250 100.0000
19.9126 0 199 0.1026 -3.1250 100.0000
19.9138 0 199 0.0306 -3.1250 100.0000
19.9151 0 199 -0.0280 -3.1250 100.0000
19.9164 0 199 0.0648 -3.1250 100.0000
19.9177 0 199 0.0929 -3.1250 100.0000
19.9190 0 199 0.1080 -3.1250 100.0000
19.9202 0 199 0.1162 -3.1250 100.0000
19.9215 0 199 0.0818 -3.1250 100.0000
19.9228 0 199 0.1550 -3.1250 100.0000
19.9241 0 199 0.2262 -3.1250 100.0000
19.9253 0 199 0.1370 -3.1250 100.0000
19.9266 0 199 0.1023 -3.1250 100.0000
19.9279 0 199 0.2509 -3.1250 100.0000
19.9291 0 199 0.2985 -3.1250 100.0000
19.9304 0 199 0.2360 -3.1250 100.0000
19.9317 0 199 0.1774 -3.1250 100.0000
19.9329 0 199 0.2325 -3.1250 100.0000
19.9342 1 198 0.2051 -3.1250 100.0000
19.9355 1 198 0.1465 -3.1250 100.0000
19.9368 1 198 0.1409 -3.1250 100.0000
19.9381 1 198 0.1704 -3.1250 100.0000
19.9394 1 198 0.2093 -3.1250 100.0000
19.9406 1 198 0.2618 -3.1250 100.0000
19.9419 1 198 0.2380 -3.1250 100.0000
19.9432 1 198 0.3201 -3.1250 100.0000
19.9445 1 198 0.3157 -3.1250 100.0000
19.9457 1 198 0.3297 -3.1250 100.0000
19.9470 1 198 0.3184 -3.1250 100.0000
19.9483 1 198 0.3157 -3.1250 100.0000
19.9495 1 198 0.3116 -3.1250 100.0000
19.9508 1 198 0.3795 -3.1250 100.0000
19.9521 1 198 0.4221 -3.1250 100.0000
19.9534 1 198 0.4866 -3.1250 100.0000
19.9546 1 198 0.5490 -3.1250 100.0000
19.9559 1 198 0.4959 -3.1250 100.0000
19.9572 1 198 0.4817 -3.1250 100.0000
19.9585 1 198 0.5568 -3.1250 100.0000
19.9598 1 198 0.5350 -13.2812 100.0000
19.9611 1 198 0.5083 -13.2812 100.0000
19.9624 2 197 0.5340 -13.2812 100.0000
19.9637 2 197 0.5230 -13.2812 100.0000
19.9649 2 197 0.4933 -13.2812 100.0000
19.9662 2 197 0.4846 -13.2812 100.0000
19.9675 2 197 0.4914 -13.2812 100.0000
19.9688 2 197 0.5186 -13.2812 100.0000
19.9700 2 197 0.5339 -13.2812 100.0000
19.9713 3 196 0.6107 -13.2812 100.0000
19.9726 3 196 0.4759 -13.2812 100.0000
19.9739 3 196 0.4224 -13.2812 100.0000
19.9752 3 196 0.2326 -13.2812 100.0000
19.9764 3 196 0.1692 -13.2812 100.0000
19.9777 3 196 0.1634 -13.2812 100.0000
19.9790 3 196 0.1158 -13.2812 100.0000
19.9803 4 195 0.1414 -13.2812 100.0000
19.9815 4 195 0.1635 -13.2812 100.0000
19.9828 4 195 0.1634 -13.2812 100.0000
19.9840 4 195 0.1844 -13.2812 100.0000
19.9853 4 195 0.1986 -13.2812 100.0000
19.9866 4 195 0.2633 -13.2812 100.0000
19.9878 4 195 0.2330 -13.2812 100.0000
19.9891 4 195 0.2023 -13.2812 100.0000
19.9904 5 194 0.1040 -13.2812 100.0000
19.9916 5 194 0.1733 -13.2812 100.0000
19.9929 5 194 0.2090 -13.2812 100.0000
19.9941 5 194 0.2476 -13.2812 100.0000
19.9954 5 194 0.3248 -13.2812 100.0000
19.9966 5 194 0.2740 -13.2812 100.0000
19.9979 5 194 0.3723 -13.2812 100.0000
19.9992 6 193 0.3663 -13.2812 100.0000
20.0005 6 193 0.3762 -13.2812 100.0000
20.0017 6 193 0.3717 -13.2812 100.0000
20.0030 6 193 0.2854 -13.2812 100.0000
20.0042 6 193 0.3252 -13.2812 100.0000
20.0055 6 193 0.3372 -13.2812 100.0000
20.0067 6 193 0.3924 -13.2812 100.0000
20.0079 6 193 0.4567 -13.2812 100.0000
20.0092 7 192 0.5149 -13.2812 100.0000
20.0105 7 192 0.5435 -13.2812 100.0000
20.0117 7 192 0.5436 -13.2812 100.0000
20.0130 7 192 0.5474 -13.2812 100.0000
20.0143 7 192 0.6378 -13.2812 100.0000
20.0156 7 192 0.6508 -17.9688 100.0000
20.0170 8 191 0.7750 -17.9688 100.0000
20.0183 8 191 0.8126 -17.9688 100.0000
20.0195 8 191 0.9019 -17.9688 100.0000
20.0208 8 191 1.0188 -17.9688 100.0000
20.0221 8 191 0.9912 -17.9688 100.0000
20.0234 9 190 1.0476 -17.9688 100.0000
20.0246 9 190 1.0383 -17.9688 100.0000
20.0259 9 190 1.0006 -17.9688 100.0000
20.0271 9 190 0.8847 -17.9688 100.0000
20.0284 9 190 0.8137 -17.9688 100.0000
20.0297 9 190 0.7339 -17.9688 100.0000
20.0309 10 189 0.7350 -17.9688 100.0000
20.0322 10 189 0.6712 -17.9688 100.0000
20.0335 10 189 0.7332 -17.9688 100.0000
20.0348 10 189 0.6731 -17.9688 100.0000
20.0361 10 189 0.7086 -17.9688 100.0000
20.0373 11 188 0.7350 -17.9688 100.0000
20.0386 11 188 0.7876 -17.9688 100.0000
20.0399 11 188 0.7860 -17.9688 100.0000
20.0412 11 188 0.6922 -17.9688 100.0000
20.0425 11 188 0.5599 -17.9688 100.0000
20.0438 12 187 0.5415 -17.9688 100.0000
20.0451 12 187 0.5197 -17.9688 100.0000
20.0463 12 187 0.4672 -17.9688 100.0000
20.0476 12 187 0.5018 -17.9688 100.0000
20.0489 12 187 0.5626 -17.9688 100.0000
20.0501 12 187 0.4921 -17.9688 100.0000
20.0514 13 186 0.3275 -17.9688 100.0000
20.0527 13 186 0.2611 -17.9688 100.0000
20.0540 13 186 0.2537 -17.9688 100.0000
20.0552 13 186 0.1999 -17.9688 100.0000
20.0565 13 186 0.1968 -17.9688 100.0000
20.0578 14 185 0.1960 -17.9688 100.0000
20.0591 14 185 0.1485 -17.9688 100.0000
20.0604 14 185 0.0846 -17.9688 100.0000
20.0616 14 185 0.1565 -17.9688 100.0000
20.0629 14 185 0.1852 -17.9688 100.0000
20.0642 14 185 0.1164 -17.9688 100.0000
20.0654 15 184 0.1490 -17.9688 100.0000
20.0667 15 184 0.1492 -17.9688 100.0000
20.0680 15 184 0.2075 -17.9688 100.0000
20.0693 15 184 0.2529 -17.9688 100.0000
20.0706 15 184 0.2511 -17.9688 100.0000
20.0718 16 183 0.3027 -26.5625 100.0000
20.0731 16 183 0.2215 -26.5625 100.0000
20.0744 16 183 0.0973 -26.5625 100.0000
20.0757 16 183 0.0509 -26.5625 100.0000
20.0769 17 182 -0.0827 -26.5625 100.0000
20.0783 17 182 -0.1642 -26.5625 100.0000
20.0795 17 182 -0.2922 -26.5625 100.0000
20.0808 17 182 -0.3246 -26.5625 100.0000
20.0821 18 181 -0.2260 -26.5625 100.0000
20.0834 18 181 -0.1875 -26.5625 100.0000
20.0847 18 181 -0.2331 -26.5625 100.0000
20.0860 19 180 -0.3063 -26.5625 100.0000
20.0873 19 180 -0.2846 -26.5625 100.0000
20.0885 19 180 -0.3882 -26.5625 100.0000
20.0898 19 180 -0.4293 -26.5625 100.0000
20.0911 20 179 -0.5219 -26.5625 100.0000
20.0924 20 179 -0.5685 -26.5625 100.0000
20.0936 20 179 -0.5807 -26.5625 100.0000
20.0949 20 179 -0.5488 -26.5625 100.0000
20.0962 21 178 -0.5462 -26.5625 100.0000
20.0974 21 178 -0.5604 -26.5625 100.0000
20.0987 21 178 -0.5460 -26.5625 100.0000
20.1000 21 178 -0.4434 -26.5625 100.0000
20.1013 22 177 -0.3493 -26.5625 100.0000
20.1026 22 177 -0.2900 -26.5625 100.0000
20.1038 22 177 -0.2935 -26.5625 100.0000
20.1051 22 177 -0.2733 -26.5625 100.0000
20.1064 23 176 -0.3601 -26.5625 100.0000
20.1076 23 176 -0.3606 -26.5625 100.0000
20.1089 23 176 -0.4304 -26.5625 100.0000
20.1101 23 176 -0.4859 -26.5625 100.0000
20.1114 24 175 -0.4136 -26.5625 100.0000
20.1127 24 175 -0.4258 -26.5625 100.0000
20.1140 24 175 -0.4250 -26.5625 100.0000
20.1152 25 174 -0.3454 -26.5625 100.0000
20.1165 25 174 -0.3721 -26.5625 100.0000
20.1178 25 174 -0.4041 -26.5625 100.0000
20.1190 25 174 -0.4337 -26.5625 100.0000
20.1203 26 173 -0.4049 -26.5625 100.0000
20.1216 26 173 -0.3598 -26.5625 100.0000
20.1229 26 173 -0.3475 -26.5625 100.0000
20.1241 26 173 -0.3293 -26.5625 100.0000
20.1254 27 172 -0.3105 -26.5625 100.0000
20.1267 27 172 -0.3265 -26.5625 100.0000
20.1280 27 172 -0.3436 -29.6875 100.0000
20.1293 27 172 -0.3174 -29.6875 100.0000
20.1306 28 171 -0.3140 -29.6875 100.0000
20.1318 28 171 -0.4348 -29.6875 100.0000
20.1331 28 171 -0.3665 -29.6875 100.0000
20.1344 29 170 -0.3335 -29.6875 100.0000
20.1357 29 170 -0.3306 -29.6875 100.0000
20.1369 29 170 -0.3362 -29.6875 100.0000
20.1382 30 169 -0.3795 -29.6875 100.0000
20.1395 30 169 -0.2832 -29.6875 100.0000
20.1408 30 169 -0.2516 -29.6875 100.0000
20.1420 30 169 -0.2597 -29.6875 100.0000
20.1433 31 168 -0.2925 -29.6875 100.0000
20.1446 31 168 -0.3422 -29.6875 100.0000
20.1458 31 168 -0.3041 -29.6875 100.0000
20.1471 32 167 -0.3674 -29.6875 100.0000
20.1483 32 167 -0.3212 -29.6875 100.0000
20.1496 32 167 -0.2822 -29.6875 100.0000
20.1508 32 167 -0.2574 -29.6875 100.0000
20.1521 33 166 -0.2084 -29.6875 100.0000
20.1533 33 166 -0.1601 -29.6875 100.0000
20.1546 33 166 -0.0734 -29.6875 100.0000
20.1558 34 165 -0.0678 -29.6875 100.0000
20.1570 34 165 -0.1015 -29.6875 100.0000
20.1583 34 165 -0.1079 -29.6875 100.0000
20.1595 35 164 -0.1024 -29.6875 100.0000
20.1607 35 164 -0.0794 -29.6875 100.0000
20.1620 35 164 -0.1938 -29.6875 100.0000
20.1632 35 164 -0.3007 -29.6875 100.0000
20.1644 36 163 -0.2765 -29.6875 100.0000
20.1657 36 163 -0.3639 -29.6875 100.0000
20.1669 36 163 -0.3627 -29.6875 100.0000
20.1681 37 162 -0.3186 -29.6875 100.0000
20.1694 37 162 -0.3328 -29.6875 100.0000
20.1706 37 162 -0.3915 -29.6875 100.0000
20.1719 37 162 -0.4050 -29.6875 100.0000
20.1731 38 161 -0.4537 -29.6875 100.0000
20.1744 38 161 -0.5730 -29.6875 100.0000
20.1756 38 161 -0.7006 -29.6875 100.0000
20.1769 39 160 -0.6172 -29.6875 100.0000
20.1782 39 160 -0.6149 -29.6875 100.0000
20.1795 39 160 -0.6876 -29.6875 100.0000
20.1808 40 159 -0.6416 -29.6875 100.0000
20.1821 40 159 -0.7179 -29.6875 100.0000
20.1833 40 159 -0.7224 -29.6875 100.0000
20.1846 40 159 -0.6703 -29.6875 100.0000
20.1859 41 158 -0.7751 -29.6875 100.0000
20.1871 41 158 -0.7100 -29.6875 100.0000
20.1884 41 158 -0.6782 -29.6875 100.0000
20.1897 42 157 -0.6752 -29.6875 100.0000
20.1909 42 157 -0.5795 -29.6875 100.0000
20.1921 42 157 -0.5529 -29.6875 100.0000
20.1934 42 157 -0.5405 -29.6875 100.0000
20.1947 43 156 -0.5396 -29.6875 100.0000
20.1960 43 156 -0.6460 -29.6875 100.0000
20.1973 43 156 -0.6474 -31.2500 100.0000
20.1986 44 155 -0.6877 -31.2500 100.0000
20.1999 44 155 -0.7242 -31.2500 100.0000
20.2012 44 155 -0.8460 -31.2500 100.0000
20.2025 45 154 -0.8879 -31.2500 100.0000
20.2037 45 154 -0.9351 -31.2500 100.0000
20.2050 45 154 -0.9131 -31.2500 100.0000
20.2063 45 154 -0.9190 -31.2500 100.0000
20.2076 46 153 -0.8779 -31.2500 100.0000
20.2089 46 153 -0.9315 -31.2500 100.0000
20.2102 46 153 -0.9400 -31.2500 100.0000
20.2114 47 152 -0.9738 -31.2500 100.0000
20.2127 47 152 -0.9993 -31.2500 100.0000
20.2140 47 152 -0.9685 -31.2500 100.0000
20.2153 48 151 -0.8896 -31.2500 100.0000
20.2165 48 151 -0.8966 -31.2500 100.0000
20.2178 48 151 -1.0038 -31.2500 100.0000
20.2191 48 151 -0.9749 -31.2500 100.0000
20.2204 49 150 -0.8725 -31.2500 100.0000
20.2216 49 150 -0.7878 -31.2500 100.0000
20.2229 49 150 -0.8286 -31.2500 100.0000
20.2242 50 149 -0.7288 -31.2500 100.0000
20.2254 50 149 -0.6851 -31.2500 100.0000
20.2267 50 149 -0.7109 -31.2500 100.0000
20.2280 51 148 -0.6219 -31.2500 100.0000
20.2293 51 148 -0.6460 -31.2500 100.0000
20.2306 51 148 -0.6115 -31.2500 100.0000
20.2318 52 147 -0.5040 -31.2500 100.0000
20.2331 52 147 -0.4774 -31.2500 100.0000
20.2344 52 147 -0.5403 -31.2500 100.0000
20.2356 52 147 -0.5087 -31.2500 100.0000
20.2369 53 146 -0.5470 -31.2500 100.0000
20.2382 53 146 -0.5190 -31.2500 100.0000
20.2395 53 146 -0.5601 -31.2500 100.0000
20.2407 54 145 -0.5380 -31.2500 100.0000
20.2420 54 145 -0.5579 -31.2500 100.0000
20.2432 54 145 -0.5294 -31.2500 100.0000
20.2445 55 144 -0.4297 -31.2500 100.0000
20.2458 55 144 -0.4262 -31.2500 100.0000
20.2470 55 144 -0.3640 -33.5938 100.0000
20.2483 56 143 -0.4527 -33.5938 100.0000
20.2496 56 143 -0.4880 -33.5938 100.0000
20.2509 56 143 -0.4431 -33.5938 100.0000
20.2521 57 142 -0.4528 -33.5938 100.0000
20.2534 57 142 -0.4571 -33.5938 100.0000
20.2547 57 142 -0.4225 -33.5938 100.0000
20.2559 58 141 -0.4027 -33.5938 100.0000
20.2572 58 141 -0.3818 -33.5938 100.0000
20.2584 58 141 -0.4146 -33.5938 100.0000
20.2597 59 140 -0.4422 -33.5938 100.0000
20.2610 59 140 -0.4353 -33.5938 100.0000
20.2623 59 140 -0.4159 -33.5938 100.0000
20.2635 60 139 -0.4601 -33.5938 100.0000
20.2648 60 139 -0.3603 -33.5938 100.0000
20.2661 60 139 -0.4152 -33.5938 100.0000
20.2673 61 138 -0.3667 -33.5938 100.0000
20.2686 61 138 -0.3913 -33.5938 100.0000
20.2698 61 138 -0.3215 -33.5938 100.0000
20.2711 62 137 -0.3209 -33.5938 100.0000
20.2723 62 137 -0.3697 -33.5938 100.0000
20.2736 62 137 -0.4234 -33.5938 100.0000
20.2748 63 136 -0.4430 -33.5938 100.0000
20.2761 63 136 -0.5071 -33.5938 100.0000
20.2773 63 136 -0.4892 -33.5938 100.0000
20.2786 64 135 -0.5329 -33.5938 100.0000
20.2799 64 135 -0.5090 -33.5938 100.0000
20.2811 64 135 -0.5016 -33.5938 100.0000
20.2824 65 134 -0.4378 -33.5938 100.0000
20.2837 65 134 -0.4358 -33.5938 100.0000
20.2850 65 134 -0.4901 -33.5938 100.0000
20.2863 65 134 -0.4222 -33.5938 100.0000
20.2875 66 133 -0.3763 -33.5938 100.0000
20.2888 66 133 -0.2934 -33.5938 100.0000
20.2901 66 133 -0.2598 -33.5938 100.0000
20.2913 67 132 -0.2814 -33.5938 100.0000
20.2926 67 132 -0.2679 -33.5938 100.0000
20.2939 67 132 -0.2942 -33.5938 100.0000
20.2951 68 131 -0.3956 -33.5938 100.0000
20.2964 68 131 -0.4023 -33.5938 100.0000
20.2977 68 131 -0.3266 -33.5938 100.0000
20.2990 69 130 -0.3803 -33.5938 100.0000
20.3003 69 130 -0.3492 -33.5938 100.0000
20.3016 69 130 -0.2555 -33.5938 100.0000
20.3029 70 129 -0.1615 -35.9375 100.0000
20.3042 70 129 -0.0852 -35.9375 100.0000
20.3055 71 128 -0.0101 -35.9375 100.0000
20.3068 71 128 -0.0766 -35.9375 100.0000
20.3080 71 128 -0.0872 -35.9375 100.0000
20.3093 72 127 -0.1032 -35.9375 100.0000
20.3106 72 127 -0.0894 -35.9375 100.0000
20.3119 72 127 -0.0454 -35.9375 100.0000
20.3132 73 126 0.0489 -35.9375 100.0000
20.3145 73 126 0.0840 -35.9375 100.0000
20.3158 73 126 0.1326 -35.9375 100.0000
20.3170 74 125 0.1606 -35.9375 100.0000
20.3183 74 125 0.1804 -35.9375 100.0000
20.3196 75 124 0.2853 -35.9375 100.0000
20.3208 75 124 0.2831 -35.9375 100.0000
20.3221 75 124 0.3067 -35.9375 100.0000
20.3234 76 123 0.3953 -35.9375 100.0000
20.3247 76 123 0.4835 -35.9375 100.0000
20.3260 76 123 0.4903 -35.9375 100.0000
20.3273 77 122 0.4305 -35.9375 100.0000
20.3285 77 122 0.3840 -35.9375 100.0000
20.3298 77 122 0.3741 -35.9375 100.0000
20.3311 78 121 0.4128 -35.9375 100.0000
20.3324 78 121 0.4122 -35.9375 100.0000
20.3337 79 120 0.3972 -35.9375 100.0000
20.3349 79 120 0.4365 -35.9375 100.0000
20.3362 79 120 0.4125 -35.9375 100.0000
20.3375 80 119 0.3943 -35.9375 100.0000
20.3388 80 119 0.4129 -35.9375 100.0000
20.3400 80 119 0.5691 -35.9375 100.0000
20.3413 81 118 0.5164 -35.9375 100.0000
20.3426 81 118 0.4801 -35.9375 100.0000
20.3439 81 118 0.4024 -35.9375 100.0000
20.3452 82 117 0.4259 -35.9375 100.0000
20.3465 82 117 0.3970 -35.9375 100.0000
20.3477 83 116 0.4154 -35.9375 100.0000
20.3491 83 116 0.4854 -35.9375 100.0000
20.3503 83 116 0.3981 -35.9375 100.0000
20.3516 84 115 0.3896 -35.9375 100.0000
20.3529 84 115 0.4370 -35.9375 100.0000
20.3542 84 115 0.4150 -35.9375 100.0000
20.3554 85 114 0.3526 -35.9375 100.0000
20.3567 85 114 0.2578 -35.9375 100.0000
20.3580 85 114 0.2548 -35.9375 100.0000
20.3593 86 113 0.2436 -35.9375 100.0000
20.3607 86 113 0.2758 -37.5000 100.0000
20.3619 87 112 0.1599 -37.5000 100.0000
20.3632 87 112 0.1115 -37.5000 100.0000
20.3645 87 112 0.1478 -37.5000 100.0000
20.3658 88 111 0.0847 -37.5000 100.0000
20.3671 88 111 0.1112 -37.5000 100.0000
20.3683 88 111 0.0531 -37.5000 100.0000
20.3696 89 110 0.0396 -37.5000 100.0000
20.3709 89 110 0.0177 -37.5000 100.0000
20.3721 90 109 0.0646 -37.5000 100.0000
20.3734 90 109 0.0741 -37.5000 100.0000
20.3747 90 109 0.0607 -37.5000 100.0000
20.3759 91 108 0.0457 -37.5000 100.0000
20.3772 91 108 0.1594 -37.5000 100.0000
20.3785 91 108 0.2313 -37.5000 100.0000
20.3797 92 107 0.2333 -37.5000 100.0000
20.3810 92 107 0.2557 -37.5000 100.0000
20.3823 93 106 0.2807 -37.5000 100.0000
20.3835 93 106 0.3325 -37.5000 100.0000
20.3848 93 106 0.3691 -37.5000 100.0000
20.3861 94 105 0.4383 -37.5000 100.0000
20.3874 94 105 0.4993 -37.5000 100.0000
20.3887 94 105 0.6246 -37.5000 100.0000
20.3899 95 104 0.6917 -37.5000 100.0000
20.3912 95 104 0.7515 -37.5000 100.0000
20.3925 96 103 0.7561 -37.5000 100.0000
20.3938 96 103 0.7377 -37.5000 100.0000
20.3950 96 103 0.6447 -37.5000 100.0000
20.3963 97 102 0.6433 -37.5000 100.0000
20.3976 97 102 0.6428 -37.5000 100.0000
20.3989 98 101 0.6602 -37.5000 100.0000
20.4002 98 101 0.6197 -37.5000 100.0000
20.4014 98 101 0.5612 -37.5000 100.0000
20.4027 99 100 0.5454 -37.5000 100.0000
20.4040 99 100 0.5170 -37.5000 100.0000
20.4052 99 100 0.4944 -37.5000 100.0000
20.4065 100 99 0.5782 -37.5000 100.0000
20.4078 100 99 0.5853 -37.5000 100.0000
20.4091 101 98 0.4738 -37.5000 100.0000
20.4103 101 98 0.4326 -37.5000 100.0000
20.4116 101 98 0.4267 -37.5000 100.0000
20.4128 102 97 0.4733 -37.5000 100.0000
20.4141 102 97 0.4607 -37.5000 100.0000
20.4154 102 97 0.3141 -41.4062 100.0000
20.4167 103 96 0.2997 -41.4062 100.0000
20.4180 103 96 0.2359 -41.4062 100.0000
20.4192 104 95 0.2541 -41.4062 100.0000
20.4205 104 95 0.2589 -41.4062 100.0000
20.4218 105 94 0.3113 -41.4062 100.0000
20.4230 105 94 0.1948 -41.4062 100.0000
20.4243 105 94 0.0967 -41.4062 100.0000
20.4256 106 93 0.0487 -41.4062 100.0000
20.4268 106 93 0.0107 -41.4062 100.0000
20.4281 107 92 0.0830 -41.4062 100.0000
20.4294 107 92 0.0517 -41.4062 100.0000
20.4307 107 92 -0.0171 -41.4062 100.0000
20.4320 108 91 0.0108 -41.4062 100.0000
20.4332 108 91 0.1246 -41.4062 100.0000
20.4345 109 90 0.1712 -41.4062 100.0000
20.4358 109 90 0.2169 -41.4062 100.0000
20.4371 110 89 0.2075 -41.4062 100.0000
20.4383 110 89 0.2251 -41.4062 100.0000
20.4396 110 89 0.2430 -41.4062 100.0000
20.4409 111 88 0.2481 -41.4062 100.0000
20.4421 111 88 0.3095 -41.4062 100.0000
20.4434 112 87 0.3648 -41.4062 100.0000
20.4447 112 87 0.3441 -41.4062 100.0000
20.4459 112 87 0.3682 -41.4062 100.0000
20.4472 113 86 0.3706 -41.4062 100.0000
20.4484 113 86 0.3489 -41.4062 100.0000
20.4497 114 85 0.2747 -41.4062 100.0000
20.4510 114 85 0.3213 -41.4062 100.0000
20.4522 115 84 0.2882 -41.4062 100.0000
20.4535 115 84 0.3592 -41.4062 100.0000
20.4547 115 84 0.3059 -41.4062 100.0000
20.4560 116 83 0.3113 -41.4062 100.0000
20.4572 116 83 0.3435 -41.4062 100.0000
20.4585 117 82 0.3871 -41.4062 100.0000
20.4597 117 82 0.4976 -41.4062 100.0000
20.4610 117 82 0.4839 -41.4062 100.0000
20.4622 118 81 0.5180 -41.4062 100.0000
20.4635 118 81 0.5384 -41.4062 100.0000
20.4647 119 80 0.5427 -41.4062 100.0000
20.4660 119 80 0.6298 -41.4062 100.0000
20.4673 120 79 0.5733 -41.4062 100.0000
20.4685 120 79 0.5220 -41.4062 100.0000
20.4698 120 79 0.4942 -41.4062 100.0000
20.4710 121 78 0.3909 -41.4062 100.0000
20.4723 121 78 0.3730 -41.4062 100.0000
20.4735 122 77 0.4740 -41.4062 100.0000
20.4748 122 77 0.5580 -41.4062 100.0000
20.4761 123 76 0.5737 -41.4062 100.0000
20.4773 123 76 0.6430 -41.4062 100.0000
20.4786 123 76 0.6052 -41.4062 100.0000
20.4798 124 75 0.6050 -41.4062 100.0000
20.4811 124 75 0.6741 -46.0938 100.0000
20.4825 125 74 0.6994 -46.0938 100.0000
20.4837 125 74 0.6602 -46.0938 100.0000
20.4850 126 73 0.6735 -46.0938 100.0000
20.4863 126 73 0.6927 -46.0938 100.0000
20.4876 127 72 0.7050 -46.0938 100.0000
20.4888 127 72 0.5827 -46.0938 100.0000
20.4901 128 71 0.5354 -46.0938 100.0000
20.4914 128 71 0.5432 -46.0938 100.0000
20.4926 128 71 0.6397 -46.0938 100.0000
20.4939 129 70 0.6759 -46.0938 100.0000
20.4952 129 70 0.7195 -46.0938 100.0000
20.4965 130 69 0.7615 -46.0938 100.0000
20.4977 130 69 0.7995 -46.0938 100.0000
20.4990 131 68 0.7522 -46.0938 100.0000
20.5002 131 68 0.6421 -46.0938 100.0000
20.5015 132 67 0.5122 -46.0938 100.0000
20.5027 132 67 0.5420 -46.0938 100.0000
20.5040 133 66 0.5802 -46.0938 100.0000
20.5052 133 66 0.6478 -46.0938 100.0000
20.5065 134 65 0.6525 -46.0938 100.0000
20.5077 134 65 0.5912 -46.0938 100.0000
20.5090 135 64 0.5749 -46.0938 100.0000
20.5103 135 64 0.5454 -46.0938 100.0000
20.5115 135 64 0.4989 -46.0938 100.0000
20.5128 136 63 0.5573 -46.0938 100.0000
20.5141 136 63 0.5948 -46.0938 100.0000
20.5154 137 62 0.5705 -46.0938 100.0000
20.5166 137 62 0.5786 -46.0938 100.0000
20.5179 138 61 0.5230 -46.0938 100.0000
20.5192 138 61 0.4458 -46.0938 100.0000
20.5204 139 60 0.4109 -46.0938 100.0000
20.5217 139 60 0.4847 -46.0938 100.0000
20.5229 140 59 0.5234 -46.0938 100.0000
20.5242 140 59 0.4506 -46.0938 100.0000
20.5255 141 58 0.3904 -46.0938 100.0000
20.5267 141 58 0.4246 -53.9062 100.0000
20.5280 142 57 0.3918 -53.9062 100.0000
20.5293 142 57 0.3674 -53.9062 100.0000
20.5306 143 56 0.3621 -53.9062 100.0000
20.5318 143 56 0.2884 -53.9062 100.0000
20.5331 144 55 0.3540 -53.9062 100.0000
20.5343 144 55 0.2323 -53.9062 100.0000
20.5356 145 54 0.2337 -53.9062 100.0000
20.5369 145 54 0.2896 -53.9062 100.0000
20.5381 146 53 0.2632 -53.9062 100.0000
20.5395 147 52 0.2627 -53.9062 100.0000
20.5407 147 52 0.2891 -53.9062 100.0000
20.5420 148 51 0.2863 -53.9062 100.0000
20.5433 148 51 0.2455 -53.9062 100.0000
20.5446 149 50 0.2999 -53.9062 100.0000
20.5459 149 50 0.3720 -53.9062 100.0000
20.5472 150 49 0.3871 -53.9062 100.0000
20.5484 150 49 0.4566 -53.9062 100.0000
20.5497 151 48 0.4165 -53.9062 100.0000
20.5510 151 48 0.5129 -53.9062 100.0000
20.5523 152 47 0.4787 -53.9062 100.0000
20.5536 153 46 0.4766 -53.9062 100.0000
20.5549 153 46 0.4161 -53.9062 100.0000
20.5562 154 45 0.3471 -53.9062 100.0000
20.5574 154 45 0.1873 -53.9062 100.0000
20.5587 155 44 0.0952 -53.9062 100.0000
20.5600 155 44 0.0396 -53.9062 100.0000
20.5612 156 43 0.0512 -53.9062 100.0000
20.5625 156 43 -0.0344 -53.9062 100.0000
20.5638 157 42 0.0461 -53.9062 100.0000
20.5650 157 42 0.0106 -53.9062 100.0000
20.5663 158 41 0.0214 -53.9062 100.0000
20.5676 158 41 0.0199 -53.9062 100.0000
20.5688 159 40 0.0230 -53.9062 100.0000
20.5701 160 39 0.0691 -53.9062 100.0000
20.5714 160 39 0.0643 -53.9062 100.0000
20.5727 161 38 -0.0109 -53.9062 100.0000
20.5740 161 38 0.0066 -53.9062 100.0000
20.5753 162 37 0.0363 -53.9062 100.0000
20.5765 162 37 0.0615 -53.9062 100.0000
20.5778 163 36 0.0519 -53.9062 100.0000
20.5791 163 36 -0.0915 -53.9062 100.0000
20.5803 164 35 -0.0277 -53.9062 100.0000
20.5816 164 35 0.0111 -53.9062 100.0000
20.5829 165 34 -0.0254 -53.9062 100.0000
20.5842 165 34 0.0421 -53.1250 100.0000
20.5855 166 33 0.0917 -53.1250 100.0000
20.5867 167 32 0.0769 -53.1250 100.0000
20.5880 167 32 -0.0015 -53.1250 100.0000
20.5893 168 31 0.0485 -53.1250 100.0000
20.5906 168 31 0.1821 -53.1250 100.0000
20.5918 169 30 0.3047 -53.1250 100.0000
20.5931 169 30 0.2691 -53.1250 100.0000
20.5943 170 29 0.2018 -53.1250 100.0000
20.5956 170 29 0.2578 -53.1250 100.0000
20.5969 171 28 0.2730 -53.1250 100.0000
20.5982 171 28 0.3463 -53.1250 100.0000
20.5994 172 27 0.4278 -53.1250 100.0000
20.6007 172 27 0.4681 -53.1250 100.0000
20.6020 173 26 0.5144 -53.1250 100.0000
20.6033 173 26 0.4985 -53.1250 100.0000
20.6046 174 25 0.4575 -53.1250 100.0000
20.6058 175 24 0.4999 -53.1250 100.0000
20.6071 175 24 0.4075 -53.1250 100.0000
20.6084 176 23 0.3712 -53.1250 100.0000
20.6097 176 23 0.3541 -53.1250 100.0000
20.6109 177 22 0.3497 -53.1250 100.0000
20.6122 177 22 0.3176 -53.1250 100.0000
20.6135 178 21 0.2865 -53.1250 100.0000
20.6148 178 21 0.1294 -53.1250 100.0000
20.6161 179 20 0.1844 -53.1250 100.0000
20.6174 179 20 0.1515 -53.1250 100.0000
20.6186 180 19 0.0716 -53.1250 100.0000
20.6199 180 19 0.0926 -53.1250 100.0000
20.6212 181 18 0.0491 -53.1250 100.0000
20.6225 181 18 0.0171 -53.1250 100.0000
20.6237 182 17 -0.0288 -53.1250 100.0000
20.6250 183 16 -0.0601 -53.1250 100.0000
20.6263 183 16 0.0020 -53.1250 100.0000
20.6275 184 15 -0.0123 -53.1250 100.0000
20.6288 184 15 0.1045 -53.1250 100.0000
20.6301 185 14 0.0086 -53.1250 100.0000
20.6314 185 14 0.0073 -53.1250 100.0000
20.6327 186 13 0.0228 -53.1250 100.0000
20.6340 186 13 0.1068 -53.1250 100.0000
20.6352 187 12 0.0291 -53.1250 100.0000
20.6365 187 12 0.0309 -53.1250 100.0000
20.6378 188 11 -0.0454 -53.1250 100.0000
20.6391 188 11 -0.0857 -53.1250 100.0000
20.6404 189 10 -0.1513 -53.1250 100.0000
20.6416 189 10 -0.2516 -53.1250 100.0000
20.6429 190 9 -0.3196 -53.1250 100.0000
20.6442 191 8 -0.2479 -53.1250 100.0000
20.6455 191 8 -0.2431 -53.1250 100.0000
20.6467 192 7 -0.2248 -53.1250 100.0000
20.6480 192 7 -0.2669 -53.1250 100.0000
20.6493 193 6 -0.2870 -53.1250 100.0000
20.6505 193 6 -0.2912 -53.1250 100.0000
20.6518 194 5 -0.2063 -53.1250 100.0000
20.6530 194 5 -0.1500 -53.1250 100.0000
20.6543 195 4 -0.1606 -53.1250 100.0000
20.6556 195 4 -0.0888 -53.1250 100.0000
20.6568 196 3 -0.0802 -53.1250 100.0000
20.6581 196 3 -0.0673 -53.1250 100.0000
20.6593 197 2 -0.0985 -53.1250 100.0000
20.6606 197 2 -0.1267 -53.1250 100.0000
20.6619 198 1 -0.1450 -53.1250 100.0000
20.6632 198 1 -0.1585 -53.1250 100.0000
20.6644 199 0 -0.2101 -53.1250 100.0000
20.6657 200 0 -0.2182 -53.1250 100.0000
20.6670 200 0 -0.2280 -53.1250 100.0000
20.6682 200 0 -0.2214 -53.1250 100.0000
20.6695 200 0 -0.2889 -53.1250 100.0000
20.6708 200 0 -0.2992 -53.1250 100.0000
20.6721 200 0 -0.2589 -53.1250 100.0000
20.6733 200 0 -0.2614 -53.1250 100.0000
20.6746 200 0 -0.2500 -53.1250 100.0000
20.6759 200 0 -0.2921 -53.1250 100.0000
20.6771 200 0 -0.3421 -53.1250 100.0000
20.6784 200 0 -0.4181 -53.1250 100.0000
20.6797 200 0 -0.4106 -53.1250 100.0000
20.6809 200 0 -0.3896 -53.1250 100.0000
20.6822 200 0 -0.3394 -53.1250 100.0000
20.6835 200 0 -0.3576 -53.1250 100.0000
20.6848 200 0 -0.3315 -53.1250 100.0000
20.6861 200 0 -0.3492 -53.1250 100.0000
20.6873 200 0 -0.3735 -53.1250 100.0000
20.6886 200 0 -0.3513 -53.1250 100.0000
20.6899 200 0 -0.2256 -53.1250 100.0000
20.6912 200 0 -0.2090 -53.1250 100.0000
20.6925 200 0 -0.2517 -53.1250 100.0000
20.6937 200 0 -0.2646 -53.1250 100.0000
20.6950 200 0 -0.3167 -53.1250 100.0000
20.6963 200 0 -0.3307 -53.1250 100.0000
20.6975 200 0 -0.3647 -53.1250 100.0000
20.6988 200 0 -0.3685 -53.1250 100.0000
20.7001 200 0 -0.3433 -53.1250 100.0000
20.7013 200 0 -0.2250 -53.1250 100.0000
20.7026 200 0 -0.2507 -53.1250 100.0000
20.7039 200 0 -0.1936 -54.6875 100.0000
20.7052 200 0 -0.2039 -54.6875 100.0000
20.7064 200 0 -0.1724 -54.6875 100.0000
20.7077 200 0 -0.0417 -54.6875 100.0000
20.7090 200 0 0.0882 -54.6875 100.0000
20.7103 200 0 0.2179 -54.6875 100.0000
20.7115 200 0 0.2771 -54.6875 100.0000
20.7128 200 0 0.2039 -54.6875 100.0000
20.7141 200 0 0.2240 -54.6875 100.0000
20.7154 200 0 0.2192 -54.6875 100.0000
20.7167 200 0 0.1304 -54.6875 100.0000
20.7179 200 0 0.1109 -54.6875 100.0000
20.7192 200 0 0.1114 -54.6875 100.0000
20.7205 200 0 0.1767 -54.6875 100.0000
20.7218 200 0 0.1213 -54.6875 100.0000
20.7231 200 0 0.1858 -54.6875 100.0000
20.7243 200 0 0.2073 -54.6875 100.0000
20.7256 200 0 0.1473 -54.6875 100.0000
20.7269 200 0 0.1504 -54.6875 100.0000
20.7282 200 0 0.1105 -54.6875 100.0000
20.7294 200 0 0.1849 -54.6875 100.0000
20.7307 200 0 0.2686 -54.6875 100.0000
20.7320 200 0 0.2788 -54.6875 100.0000
20.7333 200 0 0.2221 -54.6875 100.0000
20.7346 200 0 0.2192 -54.6875 100.0000
20.7358 200 0 0.1180 -54.6875 100.0000
20.7371 200 0 0.0240 -54.6875 100.0000
20.7384 200 0 0.0096 -54.6875 100.0000
20.7397 200 0 -0.0099 -54.6875 100.0000
20.7409 200 0 0.0100 -54.6875 100.0000
20.7422 200 0 0.0245 -54.6875 100.0000
20.7435 200 0 -0.1246 -54.6875 100.0000
20.7447 200 0 -0.1361 -54.6875 100.0000
20.7460 200 0 -0.1204 -54.6875 100.0000
20.7473 200 0 -0.1420 -54.6875 100.0000
20.7486 200 0 -0.1752 -54.6875 100.0000
20.7498 200 0 -0.1887 -54.6875 100.0000
20.7511 200 0 -0.1668 -54.6875 100.0000
20.7524 200 0 -0.2128 -54.6875 100.0000
20.7536 200 0 -0.2318 -54.6875 100.0000
20.7549 200 0 -0.3294 -54.6875 100.0000
20.7561 200 0 -0.3467 -54.6875 100.0000
20.7573 200 0 -0.3540 -54.6875 100.0000
20.7586 200 0 -0.3596 -54.6875 100.0000
20.7598 200 0 -0.3916 -54.6875 100.0000
20.7610 200 0 -0.3751 -54.6875 100.0000
20.7623 200 0 -0.2851 -54.6875 100.0000
20.7635 200 0 -0.3413 -54.6875 100.0000
20.7647 200 0 -0.2996 -54.6875 100.0000
20.7660 200 0 -0.2765 -54.6875 100.0000
20.7672 200 0 -0.2951 -54.6875 100.0000
20.7684 200 0 -0.2543 -54.6875 100.0000
20.7697 200 0 -0.2591 -54.6875 100.0000
20.7709 200 0 -0.3020 -54.6875 100.0000
20.7721 200 0 -0.2948 -54.6875 100.0000
20.7734 200 0 -0.4258 -54.6875 100.0000
20.7746 200 0 -0.3815 -54.6875 100.0000
20.7758 200 0 -0.4090 -54.6875 100.0000
20.7771 200 0 -0.3956 -57.0312 100.0000
20.7785 200 0 -0.4878 -57.0312 100.0000
20.7798 200 0 -0.5400 -57.0312 100.0000
20.7810 200 0 -0.6315 -57.0312 100.0000
20.7823 200 0 -0.6621 -57.0312 100.0000
20.7835 200 0 -0.6672 -57.0312 100.0000
20.7848 200 0 -0.6845 -57.0312 100.0000
20.7860 200 0 -0.6036 -57.0312 100.0000
20.7873 200 0 -0.6596 -57.0312 100.0000
20.7885 200 0 -0.6042 -57.0312 100.0000
20.7898 200 0 -0.6079 -57.0312 100.0000
20.7911 200 0 -0.5834 -57.0312 100.0000
20.7924 200 0 -0.5358 -57.0312 100.0000
20.7936 200 0 -0.6460 -57.0312 100.0000
20.7949 200 0 -0.5780 -57.0312 100.0000
20.7962 200 0 -0.5271 -57.0312 100.0000
20.7975 200 0 -0.5957 -57.0312 100.0000
20.7988 200 0 -0.5122 -57.0312 100.0000
20.8001 200 0 -0.6026 -57.0312 100.0000
20.8014 200 0 -0.4736 -57.0312 100.0000
20.8027 200 0 -0.4601 -57.0312 100.0000
20.8039 200 0 -0.3781 -57.0312 100.0000
20.8052 200 0 -0.3036 -57.0312 100.0000
20.8065 200 0 -0.3327 -57.0312 100.0000
20.8078 200 0 -0.3640 -57.0312 100.0000
20.8091 200 0 -0.4167 -57.0312 100.0000
20.8104 200 0 -0.3623 -57.0312 100.0000
20.8117 200 0 -0.3558 -57.0312 100.0000
20.8130 200 0 -0.4048 -57.0312 100.0000
20.8142 200 0 -0.4188 -57.0312 100.0000
20.8155 200 0 -0.4307 -57.0312 100.0000
20.8168 200 0 -0.4611 -57.0312 100.0000
20.8181 200 0 -0.5285 -57.0312 100.0000
20.8194 200 0 -0.5831 -57.0312 100.0000
20.8207 200 0 -0.4919 -57.0312 100.0000
20.8219 200 0 -0.5508 -57.0312 100.0000
20.8233 200 0 -0.5986 -60.1562 100.0000
20.8246 200 0 -0.5558 -60.1562 100.0000
20.8259 200 0 -0.4572 -60.1562 100.0000
20.8271 200 0 -0.3880 -60.1562 100.0000
20.8284 200 0 -0.4263 -60.1562 100.0000
20.8297 200 0 -0.3676 -60.1562 100.0000
20.8310 200 0 -0.3257 -60.1562 100.0000
20.8323 200 0 -0.3726 -60.1562 100.0000
20.8336 200 0 -0.4182 -60.1562 100.0000
20.8349 200 0 -0.4348 -60.1562 100.0000
20.8361 200 0 -0.4289 -60.1562 100.0000
20.8374 200 0 -0.4327 -60.1562 100.0000
20.8387 200 0 -0.4913 -60.1562 100.0000
20.8400 200 0 -0.4380 -60.1562 100.0000
20.8413 200 0 -0.4099 -60.1562 100.0000
20.8426 200 0 -0.3640 -60.1562 100.0000
20.8438 200 0 -0.2805 -60.1562 100.0000
20.8451 200 0 -0.2089 -60.1562 100.0000
20.8464 200 0 -0.2805 -60.1562 100.0000
20.8477 200 0 -0.2748 -60.1562 100.0000
20.8490 200 0 -0.1992 -60.1562 100.0000
20.8503 200 0 -0.1246 -60.1562 100.0000
20.8515 200 0 -0.1454 -60.1562 100.0000
20.8528 200 0 -0.1750 -60.1562 100.0000
20.8541 200 0 -0.1628 -60.1562 100.0000
20.8554 200 0 -0.1107 -60.1562 100.0000
20.8567 200 0 -0.1370 -60.1562 100.0000
20.8580 200 0 -0.1962 -60.1562 100.0000
20.8593 200 0 -0.1539 -60.1562 100.0000
20.8606 200 0 -0.1869 -60.1562 100.0000
20.8618 200 0 -0.1345 -60.1562 100.0000
20.8631 200 0 -0.1285 -60.1562 100.0000
20.8644 200 0 -0.1022 -60.1562 100.0000
20.8657 200 0 -0.1345 -60.1562 100.0000
20.8669 200 0 -0.0492 -60.1562 100.0000
20.8682 200 0 -0.0450 -60.1562 100.0000
20.8695 200 0 -0.0287 -60.1562 100.0000
20.8707 200 0 0.0152 -60.1562 100.0000
20.8720 200 0 -0.0274 -60.1562 100.0000
20.8733 200 0 -0.0616 -60.1562 100.0000
20.8746 200 0 -0.0399 -60.1562 100.0000
20.8759 200 0 -0.0447 -60.1562 100.0000
20.8772 200 0 0.0113 -60.1562 100.0000
20.8785 200 0 0.0266 -60.1562 100.0000
20.8797 200 0 0.0451 -65.6250 100.0000
20.8810 200 0 -0.0267 -65.6250 100.0000
20.8823 200 0 0.0416 -65.6250 100.0000
20.8836 200 0 0.1518 -65.6250 100.0000
20.8848 200 0 0.2379 -65.6250 100.0000
20.8861 200 0 0.2307 -65.6250 100.0000
20.8874 200 0 0.1272 -65.6250 100.0000
20.8887 200 0 0.0995 -65.6250 100.0000
20.8900 200 0 0.1141 -65.6250 100.0000
20.8913 200 0 0.0771 -65.6250 100.0000
20.8925 200 0 -0.0061 -65.6250 100.0000
20.8938 200 0 0.1110 -65.6250 100.0000
20.8951 200 0 0.0816 -65.6250 100.0000
20.8964 200 0 0.0667 -65.6250 100.0000
20.8977 200 0 0.1495 -65.6250 100.0000
20.8990 200 0 0.1414 -65.6250 100.0000
20.9003 200 0 0.1177 -65.6250 100.0000
20.9015 200 0 0.1053 -65.6250 100.0000
20.9028 200 0 0.0520 -65.6250 100.0000
20.9041 200 0 0.0856 -65.6250 100.0000
20.9054 200 0 0.2004 -65.6250 100.0000
20.9067 200 0 0.2224 -65.6250 100.0000
20.9079 200 0 0.1966 -65.6250 100.0000
20.9093 200 0 0.1311 -65.6250 100.0000
20.9105 200 0 0.1894 -65.6250 100.0000
20.9118 200 0 0.1989 -65.6250 100.0000
20.9131 200 0 0.3081 -65.6250 100.0000
20.9144 200 0 0.3890 -65.6250 100.0000
20.9156 200 0 0.3648 -65.6250 100.0000
20.9169 200 0 0.3039 -65.6250 100.0000
20.9182 200 0 0.2715 -65.6250 100.0000
20.9195 200 0 0.2552 -65.6250 100.0000
20.9208 200 0 0.2864 -65.6250 100.0000
20.9220 200 0 0.4087 -65.6250 100.0000
20.9233 200 0 0.3872 -65.6250 100.0000
20.9246 200 0 0.3552 -65.6250 100.0000
20.9259 200 0 0.3164 -65.6250 100.0000
20.9272 200 0 0.2536 -65.6250 100.0000
20.9284 200 0 0.2193 -65.6250 100.0000
20.9297 200 0 0.2085 -65.6250 100.0000
20.9310 200 0 0.1858 -65.6250 100.0000
20.9323 200 0 0.1506 -65.6250 100.0000
20.9336 200 0 0.0802 -65.6250 100.0000
20.9349 200 0 -0.0155 -66.4062 100.0000
20.9362 200 0 -0.0340 -66.4062 100.0000
20.9375 200 0 -0.0626 -66.4062 100.0000
20.9387 200 0 -0.0538 -66.4062 100.0000
20.9400 200 0 0.0415 -66.4062 100.0000
20.9413 200 0 0.0432 -66.4062 100.0000
20.9426 200 0 0.0387 -66.4062 100.0000
20.9439 200 0 0.0450 -66.4062 100.0000
20.9452 200 0 0.1016 -66.4062 100.0000
20.9464 200 0 0.0829 -66.4062 100.0000
20.9477 200 0 0.2478 -66.4062 100.0000
20.9490 200 0 0.3284 -66.4062 100.0000
20.9502 200 0 0.2406 -66.4062 100.0000
20.9515 200 0 0.1847 -66.4062 100.0000
20.9528 200 0 0.1901 -66.4062 100.0000
20.9541 200 0 0.0829 -66.4062 100.0000
20.9554 200 0 0.1391 -66.4062 100.0000
20.9567 200 0 0.1218 -66.4062 100.0000
20.9579 200 0 0.1672 -66.4062 100.0000
20.9593 200 0 0.1535 -66.4062 100.0000
20.9606 200 0 0.2315 -66.4062 100.0000
20.9618 200 0 0.1282 -66.4062 100.0000
20.9632 200 0 0.0520 -66.4062 100.0000
20.9645 200 0 0.0264 -66.4062 100.0000
20.9658 200 0 -0.0107 -66.4062 100.0000
20.9670 200 0 -0.1156 -66.4062 100.0000
20.9683 200 0 -0.0836 -66.4062 100.0000
20.9696 200 0 0.0033 -66.4062 100.0000
20.9708 200 0 0.0332 -66.4062 100.0000
20.9721 200 0 0.0840 -66.4062 100.0000
20.9733 200 0 0.1493 -66.4062 100.0000
20.9746 200 0 0.1156 -66.4062 100.0000
20.9758 200 0 0.2116 -66.4062 100.0000
20.9771 200 0 0.2609 -66.4062 100.0000
20.9784 200 0 0.3696 -66.4062 100.0000
20.9797 200 0 0.4006 -66.4062 100.0000
20.9810 200 0 0.2801 -66.4062 100.0000
20.9823 200 0 0.1903 -66.4062 100.0000
20.9835 200 0 0.2216 -66.4062 100.0000
20.9848 200 0 0.2241 -66.4062 100.0000
20.9860 200 0 0.2251 -66.4062 100.0000
20.9873 200 0 0.1720 -66.4062 100.0000
20.9885 200 0 0.1247 -66.4062 100.0000
20.9898 200 0 0.1331 -66.4062 100.0000
20.9911 200 0 0.0935 -66.4062 100.0000
20.9923 200 0 0.0173 -66.4062 100.0000
20.9936 200 0 -0.0307 -66.4062 100.0000
20.9950 200 0 -0.0386 -66.4062 100.0000
20.9963 200 0 -0.0389 -67.1875 100.0000
20.9976 200 0 -0.0587 -67.1875 100.0000
20.9988 200 0 -0.0895 -67.1875 100.0000
21.0001 200 0 -0.0471 -67.1875 100.0000
21.0014 200 0 -0.0637 -67.1875 100.0000
21.0026 200 0 -0.0895 -67.1875 100.0000
21.0039 200 0 -0.1711 -67.1875 100.0000
21.0051 200 0 -0.1961 -67.1875 100.0000
21.0064 200 0 -0.2430 -67.1875 100.0000
21.0076 200 0 -0.1901 -67.1875 100.0000
21.0089 200 0 -0.2531 -67.1875 100.0000
21.0101 200 0 -0.3890 -67.1875 100.0000
21.0114 200 0 -0.4003 -67.1875 100.0000
21.0127 200 0 -0.4148 -67.1875 100.0000
21.0139 200 0 -0.3482 -67.1875 100.0000
21.0152 200 0 -0.3621 -67.1875 100.0000
21.0165 200 0 -0.4236 -67.1875 100.0000
21.0177 200 0 -0.4200 -67.1875 100.0000
21.0190 200 0 -0.4597 -67.1875 100.0000
21.0203 200 0 -0.4066 -67.1875 100.0000
21.0215 200 0 -0.4050 -67.1875 100.0000
21.0228 200 0 -0.4800 -67.1875 100.0000
21.0241 200 0 -0.4827 -67.1875 100.0000
21.0253 200 0 -0.4976 -67.1875 100.0000
21.0266 200 0 -0.5259 -67.1875 100.0000
21.0278 200 0 -0.5168 -67.1875 100.0000
21.0291 200 0 -0.4792 -67.1875 100.0000
21.0304 200 0 -0.4599 -67.1875 100.0000
21.0316 200 0 -0.4511 -67.1875 100.0000
21.0329 200 0 -0.3736 -67.1875 100.0000
21.0342 200 0 -0.3803 -67.1875 100.0000
21.0354 200 0 -0.4195 -67.1875 100.0000
21.0367 200 0 -0.4289 -67.1875 100.0000
21.0379 200 0 -0.3906 -67.1875 100.0000
21.0393 200 0 -0.3086 -67.1875 100.0000
21.0405 200 0 -0.2853 -67.1875 100.0000
21.0418 200 0 -0.1738 -67.1875 100.0000
21.0430 200 0 -0.2861 -67.1875 100.0000
21.0443 200 0 -0.3504 -67.1875 100.0000
21.0456 200 0 -0.3868 -67.1875 100.0000
21.0469 200 0 -0.3200 -67.1875 100.0000
21.0482 200 0 -0.3872 -67.1875 100.0000
21.0495 200 0 -0.3157 -67.1875 100.0000
21.0507 200 0 -0.2916 -67.1875 100.0000
21.0520 200 0 -0.2710 -67.1875 100.0000
21.0533 200 0 -0.2642 -67.1875 100.0000
21.0546 200 0 -0.1797 -67.9688 100.0000
21.0558 200 0 -0.2223 -67.9688 100.0000
21.0571 200 0 -0.2143 -67.9688 100.0000
21.0584 200 0 -0.1740 -67.9688 100.0000
21.0596 200 0 -0.1630 -67.9688 100.0000
21.0609 200 0 -0.1063 -67.9688 100.0000
21.0621 200 0 -0.1033 -67.9688 100.0000
21.0634 200 0 -0.1275 -67.9688 100.0000
21.0646 200 0 -0.0985 -67.9688 100.0000
21.0659 200 0 -0.0950 -67.9688 100.0000
21.0672 200 0 0.0100 -67.9688 100.0000
21.0684 200 0 -0.0270 -67.9688 100.0000
21.0697 200 0 -0.0325 -67.9688 100.0000
21.0709 200 0 -0.0779 -67.9688 100.0000
21.0722 200 0 -0.0392 -67.9688 100.0000
21.0735 200 0 0.0371 -67.9688 100.0000
21.0748 200 0 0.0269 -67.9688 100.0000
21.0760 200 0 0.1097 -67.9688 100.0000
21.0773 200 0 0.0704 -67.9688 100.0000
21.0786 200 0 0.0929 -67.9688 100.0000
21.0799 200 0 0.2394 -67.9688 100.0000
21.0812 200 0 0.2836 -67.9688 100.0000
21.0825 200 0 0.2994 -67.9688 100.0000
21.0838 200 0 0.2949 -67.9688 100.0000
21.0851 200 0 0.1840 -67.9688 100.0000
21.0864 200 0 0.2006 -67.9688 100.0000
21.0877 200 0 0.2303 -67.9688 100.0000
21.0890 200 0 0.1513 -67.9688 100.0000
21.0902 200 0 0.1051 -67.9688 100.0000
21.0915 200 0 0.0402 -67.9688 100.0000
21.0928 200 0 0.1016 -67.9688 100.0000
21.0941 200 0 0.0967 -67.9688 100.0000
21.0953 200 0 0.1364 -67.9688 100.0000
21.0966 200 0 0.1477 -67.9688 100.0000
21.0979 200 0 0.0706 -67.9688 100.0000
21.0992 200 0 0.0146 -67.9688 100.0000
21.1004 200 0 0.0959 -67.9688 100.0000
21.1017 200 0 0.1060 -67.9688 100.0000
21.1030 200 0 0.0677 -67.9688 100.0000
21.1044 200 0 0.0072 -67.9688 100.0000
21.1057 200 0 -0.0059 -67.9688 100.0000
21.1069 200 0 -0.0629 -67.9688 100.0000
21.1082 200 0 -0.0986 -67.9688 100.0000
21.1095 200 0 -0.0702 -67.9688 100.0000
21.1108 200 0 -0.0805 -67.9688 100.0000
21.1120 200 0 -0.0560 -67.9688 100.0000
21.1133 200 0 0.0203 -67.9688 100.0000
21.1146 200 0 0.0645 -67.9688 100.0000
21.1159 200 0 0.0623 -67.9688 100.0000
21.1171 200 0 -0.0138 -67.9688 100.0000
21.1184 200 0 -0.0646 -67.9688 100.0000
21.1197 200 0 -0.1732 -67.9688 100.0000
21.1210 200 0 -0.0817 -67.9688 100.0000
21.1223 200 0 -0.0302 -67.9688 100.0000
21.1236 200 0 -0.0214 -67.9688 100.0000
21.1248 200 0 -0.1071 -67.9688 100.0000
21.1261 200 0 -0.1785 -67.9688 100.0000
21.1274 200 0 -0.1923 -67.9688 100.0000
21.1287 200 0 -0.3475 -67.9688 100.0000
21.1299 200 0 -0.4312 -67.9688 100.0000
21.1312 200 0 -0.4787 -67.9688 100.0000
21.1325 200 0 -0.4909 -67.9688 100.0000
21.1338 200 0 -0.4717 -67.9688 100.0000
21.1351 200 0 -0.5817 -67.9688 100.0000
21.1364 200 0 -0.4709 -67.9688 100.0000
21.1377 200 0 -0.4744 -67.9688 100.0000
21.1390 200 0 -0.4571 -67.9688 100.0000
21.1402 200 0 -0.5140 -67.9688 100.0000
21.1415 200 0 -0.4895 -67.9688 100.0000
21.1428 200 0 -0.5132 -67.9688 100.0000
21.1440 200 0 -0.5787 -67.9688 100.0000
21.1453 200 0 -0.5941 -67.9688 100.0000
21.1466 200 0 -0.6471 -67.9688 100.0000
21.1479 200 0 -0.7257 -67.9688 100.0000
21.1491 200 0 -0.7440 -67.9688 100.0000
21.1504 200 0 -0.6790 -67.9688 100.0000
21.1517 200 0 -0.7768 -67.9688 100.0000
21.1530 200 0 -0.7985 -67.9688 100.0000
21.1542 200 0 -0.8013 -67.9688 100.0000
21.1555 200 0 -0.8616 -67.9688 100.0000
21.1568 200 0 -0.8185 -67.9688 100.0000
21.1581 200 0 -0.8591 -67.9688 100.0000
21.1593 200 0 -0.9383 -67.1875 100.0000
21.1606 200 0 -0.9363 -67.1875 100.0000
21.1619 200 0 -0.8564 -67.1875 100.0000
21.1631 200 0 -0.7613 -67.1875 100.0000
21.1644 200 0 -0.8631 -67.1875 100.0000
21.1657 200 0 -0.9109 -67.1875 100.0000
21.1669 200 0 -0.8954 -67.1875 100.0000
21.1682 200 0 -0.9612 -67.1875 100.0000
21.1695 200 0 -0.9817 -67.1875 100.0000
21.1708 200 0 -0.9691 -67.1875 100.0000
21.1720 200 0 -0.8663 -67.1875 100.0000
21.1733 200 0 -0.9701 -67.1875 100.0000
21.1746 200 0 -1.0466 -67.1875 100.0000
21.1758 200 0 -1.0189 -67.1875 100.0000
21.1771 200 0 -0.9815 -67.1875 100.0000
21.1784 200 0 -0.9809 -67.1875 100.0000
21.1796 200 0 -0.9214 -67.1875 100.0000
21.1809 200 0 -0.9256 -67.1875 100.0000
21.1821 200 0 -0.9093 -67.1875 100.0000
21.1834 200 0 -0.8819 -67.1875 100.0000
21.1847 200 0 -0.8984 -67.1875 100.0000
21.1859 200 0 -0.9126 -67.1875 100.0000
21.1872 200 0 -0.8761 -67.1875 100.0000
21.1884 200 0 -0.8720 -67.1875 100.0000
21.1897 200 0 -0.8711 -67.1875 100.0000
21.1909 200 0 -0.8311 -67.1875 100.0000
21.1921 200 0 -0.8398 -67.1875 100.0000
21.1934 200 0 -0.7871 -67.1875 100.0000
21.1946 200 0 -0.7300 -67.1875 100.0000
21.1958 200 0 -0.7390 -67.1875 100.0000
21.1971 200 0 -0.7139 -67.1875 100.0000
21.1983 200 0 -0.7137 -67.1875 100.0000
21.1996 200 0 -0.6039 -67.1875 100.0000
21.2008 200 0 -0.5586 -67.1875 100.0000
21.2021 200 0 -0.5465 -67.1875 100.0000
21.2033 200 0 -0.5541 -67.1875 100.0000
21.2046 200 0 -0.5688 -67.1875 100.0000
21.2058 200 0 -0.5403 -67.1875 100.0000
21.2071 200 0 -0.5567 -67.1875 100.0000
21.2084 200 0 -0.6150 -67.1875 100.0000
21.2096 200 0 -0.6386 -67.1875 100.0000
21.2108 200 0 -0.5362 -67.1875 100.0000
21.2121 200 0 -0.5597 -67.1875 100.0000
21.2133 200 0 -0.5817 -67.1875 100.0000
21.2146 200 0 -0.5108 -67.1875 100.0000
21.2159 200 0 -0.5071 -67.9688 100.0000
21.2172 200 0 -0.5682 -67.9688 100.0000
21.2185 200 0 -0.6073 -67.9688 100.0000
21.2197 200 0 -0.5101 -67.9688 100.0000
21.2210 200 0 -0.4391 -67.9688 100.0000
21.2223 200 0 -0.3838 -67.9688 100.0000
21.2235 200 0 -0.3410 -67.9688 100.0000
21.2248 200 0 -0.2544 -67.9688 100.0000
21.2261 200 0 -0.2573 -67.9688 100.0000
21.2273 200 0 -0.2035 -67.9688 100.0000
21.2286 200 0 -0.2452 -67.9688 100.0000
21.2298 200 0 -0.1836 -67.9688 100.0000
21.2311 200 0 -0.1489 -67.9688 100.0000
21.2324 200 0 -0.2122 -67.9688 100.0000
21.2336 200 0 -0.1520 -67.9688 100.0000
21.2349 200 0 -0.1331 -67.9688 100.0000
21.2362 200 0 -0.1462 -67.9688 100.0000
21.2374 200 0 -0.1691 -67.9688 100.0000
21.2387 200 0 -0.1800 -67.9688 100.0000
21.2399 200 0 -0.0932 -67.9688 100.0000
21.2412 200 0 -0.1168 -67.9688 100.0000
21.2425 200 0 -0.1172 -67.9688 100.0000
21.2437 200 0 -0.0534 -67.9688 100.0000
21.2450 200 0 -0.0371 -67.9688 100.0000
21.2463 200 0 -0.0090 -67.9688 100.0000
21.2475 200 0 -0.0462 -67.9688 100.0000
21.2488 200 0 0.0108 -67.9688 100.0000
21.2500 200 0 0.0741 -67.9688 100.0000
21.2513 200 0 0.1264 -67.9688 100.0000
21.2525 200 0 0.0985 -67.9688 100.0000
21.2538 200 0 0.0130 -67.9688 100.0000
21.2550 200 0 -0.0640 -67.9688 100.0000
21.2562 200 0 -0.0967 -67.9688 100.0000
21.2575 200 0 -0.1264 -67.9688 100.0000
21.2587 200 0 -0.0281 -67.9688 100.0000
21.2600 200 0 -0.0110 -67.9688 100.0000
21.2612 200 0 -0.0363 -67.9688 100.0000
21.2625 200 0 -0.1383 -67.9688 100.0000
21.2637 200 0 -0.2609 -67.9688 100.0000
21.2650 200 0 -0.2555 -67.9688 100.0000
21.2662 200 0 -0.2111 -67.9688 100.0000
21.2675 200 0 -0.2081 -67.9688 100.0000
21.2688 200 0 -0.2348 -67.9688 100.0000
21.2700 200 0 -0.2526 -67.9688 100.0000
21.2713 200 0 -0.2753 -68.7500 100.0000
21.2725 200 0 -0.3542 -68.7500 100.0000
21.2737 200 0 -0.2732 -68.7500 100.0000
21.2750 200 0 -0.2618 -68.7500 100.0000
21.2762 200 0 -0.1376 -68.7500 100.0000
21.2774 200 0 -0.0936 -68.7500 100.0000
21.2787 200 0 -0.0979 -68.7500 100.0000
21.2799 200 0 -0.0755 -68.7500 100.0000
21.2812 200 0 -0.0809 -68.7500 100.0000
21.2824 200 0 -0.1481 -68.7500 100.0000
21.2836 200 0 -0.1690 -68.7500 100.0000
21.2849 200 0 -0.2499 -68.7500 100.0000
21.2861 200 0 -0.2531 -68.7500 100.0000
21.2873 200 0 -0.2806 -68.7500 100.0000
21.2886 200 0 -0.3748 -68.7500 100.0000
21.2898 200 0 -0.3636 -68.7500 100.0000
21.2911 200 0 -0.4187 -68.7500 100.0000
21.2923 200 0 -0.3856 -68.7500 100.0000
21.2936 200 0 -0.4579 -68.7500 100.0000
21.2948 200 0 -0.4199 -68.7500 100.0000
21.2961 200 0 -0.4226 -68.7500 100.0000
21.2974 200 0 -0.3920 -68.7500 100.0000
21.2986 200 0 -0.3660 -68.7500 100.0000
21.2999 200 0 -0.3392 -68.7500 100.0000
21.3011 200 0 -0.3027 -68.7500 100.0000
21.3023 200 0 -0.3008 -68.7500 100.0000
21.3036 200 0 -0.3521 -68.7500 100.0000
21.3048 200 0 -0.3376 -68.7500 100.0000
21.3060 200 0 -0.3698 -68.7500 100.0000
21.3072 200 0 -0.3969 -68.7500 100.0000
21.3085 200 0 -0.4315 -68.7500 100.0000
21.3098 200 0 -0.4608 -68.7500 100.0000
21.3110 200 0 -0.4057 -68.7500 100.0000
21.3123 200 0 -0.4730 -68.7500 100.0000
21.3135 200 0 -0.5349 -68.7500 100.0000
21.3148 200 0 -0.5014 -68.7500 100.0000
21.3161 200 0 -0.4510 -68.7500 100.0000
21.3173 200 0 -0.5171 -68.7500 100.0000
21.3186 200 0 -0.5653 -68.7500 100.0000
21.3198 200 0 -0.5905 -68.7500 100.0000
21.3211 200 0 -0.5648 -68.7500 100.0000
21.3224 200 0 -0.5327 -68.7500 100.0000
21.3236 200 0 -0.5408 -68.7500 100.0000
21.3249 200 0 -0.5601 -68.7500 100.0000
21.3262 200 0 -0.3951 -68.7500 100.0000
21.3274 200 0 -0.3666 -67.9688 100.0000
21.3287 200 0 -0.3687 -67.9688 100.0000
21.3299 200 0 -0.2637 -67.9688 100.0000
21.3312 200 0 -0.3590 -67.9688 100.0000
21.3325 200 0 -0.3417 -67.9688 100.0000
21.3337 200 0 -0.4484 -67.9688 100.0000
21.3350 200 0 -0.4143 -67.9688 100.0000
21.3362 200 0 -0.4682 -67.9688 100.0000
21.3375 200 0 -0.5037 -67.9688 100.0000
21.3387 200 0 -0.3608 -67.9688 100.0000
21.3400 200 0 -0.2897 -67.9688 100.0000
21.3412 200 0 -0.2493 -67.9688 100.0000
21.3425 200 0 -0.2621 -67.9688 100.0000
21.3437 200 0 -0.2750 -67.9688 100.0000
21.3449 200 0 -0.3001 -67.9688 100.0000
21.3461 200 0 -0.2997 -67.9688 100.0000
21.3474 200 0 -0.3110 -67.9688 100.0000
21.3487 200 0 -0.3027 -67.9688 100.0000
21.3499 200 0 -0.2976 -67.9688 100.0000
21.3512 200 0 -0.3400 -67.9688 100.0000
21.3524 200 0 -0.2658 -67.9688 100.0000
21.3537 200 0 -0.2206 -67.9688 100.0000
21.3549 200 0 -0.2290 -67.9688 100.0000
21.3562 200 0 -0.3116 -67.9688 100.0000
21.3575 200 0 -0.3256 -67.9688 100.0000
21.3587 200 0 -0.3044 -67.9688 100.0000
21.3599 200 0 -0.3887 -67.9688 100.0000
21.3612 200 0 -0.3732 -67.9688 100.0000
21.3624 200 0 -0.4348 -67.9688 100.0000
21.3637 200 0 -0.4795 -67.9688 100.0000
21.3649 200 0 -0.4680 -67.9688 100.0000
21.3661 200 0 -0.4862 -67.9688 100.0000
21.3673 200 0 -0.4745 -67.9688 100.0000
21.3686 200 0 -0.5067 -67.9688 100.0000
21.3699 200 0 -0.5074 -67.9688 100.0000
21.3711 200 0 -0.5533 -67.9688 100.0000
21.3724 200 0 -0.4848 -67.9688 100.0000
21.3736 200 0 -0.5371 -67.9688 100.0000
21.3749 200 0 -0.5531 -67.9688 100.0000
21.3761 200 0 -0.5734 -67.9688 100.0000
21.3774 200 0 -0.5834 -67.9688 100.0000
21.3787 200 0 -0.6447 -67.9688 100.0000
21.3799 200 0 -0.6204 -67.9688 100.0000
21.3812 200 0 -0.6922 -67.9688 100.0000
21.3825 200 0 -0.7617 -67.9688 100.0000
21.3838 200 0 -0.8052 -67.1875 100.0000
21.3850 200 0 -0.8444 -67.1875 100.0000
21.3863 200 0 -0.9025 -67.1875 100.0000
21.3876 200 0 -0.9254 -67.1875 100.0000
21.3888 200 0 -0.9168 -67.1875 100.0000
21.3901 200 0 -0.8483 -67.1875 100.0000
21.3913 200 0 -0.7946 -67.1875 100.0000
21.3925 200 0 -0.7469 -67.1875 100.0000
21.3938 200 0 -0.7821 -67.1875 100.0000
21.3950 200 0 -0.7362 -67.1875 100.0000
21.3962 200 0 -0.7613 -67.1875 100.0000
21.3975 200 0 -0.8319 -67.1875 100.0000
21.3987 200 0 -0.7983 -67.1875 100.0000
21.4000 200 0 -0.7961 -67.1875 100.0000
21.4013 200 0 -0.8689 -67.1875 100.0000
21.4025 200 0 -0.9322 -67.1875 100.0000
21.4038 200 0 -0.8701 -67.1875 100.0000
21.4051 200 0 -0.8999 -67.1875 100.0000
21.4063 200 0 -0.8164 -67.1875 100.0000
21.4076 200 0 -0.8149 -67.1875 100.0000
21.4089 200 0 -0.7635 -67.1875 100.0000
21.4102 200 0 -0.7150 -67.1875 100.0000
21.4115 200 0 -0.6682 -67.1875 100.0000
21.4127 200 0 -0.6765 -67.1875 100.0000
21.4140 200 0 -0.6817 -67.1875 100.0000
21.4153 200 0 -0.6592 -67.1875 100.0000
21.4166 200 0 -0.6146 -67.1875 100.0000
21.4178 200 0 -0.5606 -67.1875 100.0000
21.4190 200 0 -0.5634 -67.1875 100.0000
21.4203 200 0 -0.6075 -67.1875 100.0000
21.4216 200 0 -0.5818 -67.1875 100.0000
21.4228 200 0 -0.5635 -67.1875 100.0000
21.4241 200 0 -0.5099 -67.1875 100.0000
21.4254 200 0 -0.3824 -67.1875 100.0000
21.4266 200 0 -0.3771 -67.1875 100.0000
21.4279 200 0 -0.3712 -67.1875 100.0000
21.4292 200 0 -0.3292 -67.1875 100.0000
21.4304 200 0 -0.3129 -67.1875 100.0000
21.4317 200 0 -0.2584 -67.1875 100.0000
21.4330 200 0 -0.2410 -67.1875 100.0000
21.4342 200 0 -0.2714 -67.1875 100.0000
21.4355 200 0 -0.1839 -67.1875 100.0000
21.4368 200 0 -0.1525 -67.1875 100.0000
21.4380 200 0 -0.0762 -67.1875 100.0000
21.4393 200 0 -0.1817 -65.6250 100.0000
21.4407 200 0 -0.1008 -65.6250 100.0000
21.4420 200 0 -0.0211 -65.6250 100.0000
21.4433 200 0 -0.0938 -65.6250 100.0000
21.4446 200 0 -0.1285 -65.6250 100.0000
21.4458 200 0 -0.1023 -65.6250 100.0000
21.4471 200 0 -0.0930 -65.6250 100.0000
21.4484 200 0 -0.1983 -65.6250 100.0000
21.4497 200 0 -0.2077 -65.6250 100.0000
21.4510 200 0 -0.2346 -65.6250 100.0000
21.4523 200 0 -0.2657 -65.6250 100.0000
21.4535 200 0 -0.1680 -65.6250 100.0000
21.4548 200 0 -0.1447 -65.6250 100.0000
21.4561 200 0 -0.1086 -65.6250 100.0000
21.4574 200 0 -0.1524 -65.6250 100.0000
21.4586 200 0 -0.1497 -65.6250 100.0000
21.4599 200 0 -0.1684 -65.6250 100.0000
21.4612 200 0 -0.2150 -65.6250 100.0000
21.4625 200 0 -0.2050 -65.6250 100.0000
21.4637 200 0 -0.2303 -65.6250 100.0000
21.4650 200 0 -0.2666 -65.6250 100.0000
21.4663 200 0 -0.2395 -65.6250 100.0000
21.4676 200 0 -0.3519 -65.6250 100.0000
21.4689 200 0 -0.2917 -65.6250 100.0000
21.4701 200 0 -0.3700 -65.6250 100.0000
21.4714 200 0 -0.3806 -65.6250 100.0000
21.4727 200 0 -0.3625 -65.6250 100.0000
21.4740 200 0 -0.4344 -65.6250 100.0000
21.4753 200 0 -0.4183 -65.6250 100.0000
21.4765 200 0 -0.4596 -65.6250 100.0000
21.4778 200 0 -0.3907 -65.6250 100.0000
21.4791 200 0 -0.3778 -65.6250 100.0000
21.4803 200 0 -0.4252 -65.6250 100.0000
21.4816 200 0 -0.4327 -65.6250 100.0000
21.4828 200 0 -0.4410 -65.6250 100.0000
21.4841 200 0 -0.4709 -65.6250 100.0000
21.4853 200 0 -0.5364 -65.6250 100.0000
21.4866 200 0 -0.5739 -65.6250 100.0000
21.4879 200 0 -0.6833 -65.6250 100.0000
21.4891 200 0 -0.6336 -65.6250 100.0000
21.4904 200 0 -0.6137 -65.6250 100.0000
21.4917 200 0 -0.6542 -65.6250 100.0000
21.4930 200 0 -0.6120 -65.6250 100.0000
21.4942 200 0 -0.6120 -65.6250 100.0000
21.4955 200 0 -0.6797 -61.7188 100.0000
21.4968 200 0 -0.7364 -61.7188 100.0000
21.4981 200 0 -0.7091 -61.7188 100.0000
21.4994 200 0 -0.6234 -61.7188 100.0000
21.5006 200 0 -0.5313 -61.7188 100.0000
21.5019 200 0 -0.5408 -61.7188 100.0000
21.5031 200 0 -0.4685 -61.7188 100.0000
21.5044 200 0 -0.4724 -61.7188 100.0000
21.5056 200 0 -0.4892 -61.7188 100.0000
21.5069 200 0 -0.4509 -61.7188 100.0000
21.5081 200 0 -0.4293 -61.7188 100.0000
21.5094 200 0 -0.3775 -61.7188 100.0000
21.5107 200 0 -0.3400 -61.7188 100.0000
21.5120 200 0 -0.2775 -61.7188 100.0000
21.5133 200 0 -0.2357 -61.7188 100.0000
21.5146 200 0 -0.1879 -61.7188 100.0000
21.5158 200 0 -0.1694 -61.7188 100.0000
21.5171 200 0 -0.2199 -61.7188 100.0000
21.5184 200 0 -0.2366 -61.7188 100.0000
21.5197 200 0 -0.2562 -61.7188 100.0000
21.5209 200 0 -0.2342 -61.7188 100.0000
21.5222 200 0 -0.2084 -61.7188 100.0000
21.5235 200 0 -0.1739 -61.7188 100.0000
21.5248 200 0 -0.0539 -61.7188 100.0000
21.5261 200 0 -0.0017 -61.7188 100.0000
21.5274 200 0 0.0440 -61.7188 100.0000
21.5287 200 0 0.0035 -61.7188 100.0000
21.5299 200 0 0.0205 -61.7188 100.0000
21.5312 200 0 -0.0236 -61.7188 100.0000
21.5325 200 0 -0.0386 -61.7188 100.0000
21.5338 200 0 0.0128 -61.7188 100.0000
21.5350 200 0 0.0903 -61.7188 100.0000
21.5363 200 0 0.0605 -61.7188 100.0000
21.5376 200 0 0.1116 -61.7188 100.0000
21.5389 200 0 0.1611 -61.7188 100.0000
21.5401 200 0 0.1825 -61.7188 100.0000
21.5414 200 0 0.0775 -61.7188 100.0000
21.5427 200 0 0.0748 -61.7188 100.0000
21.5439 200 0 -0.0272 -61.7188 100.0000
21.5452 200 0 0.0219 -61.7188 100.0000
21.5465 200 0 0.0293 -61.7188 100.0000
21.5478 200 0 0.0595 -61.7188 100.0000
21.5491 200 0 -0.0119 -61.7188 100.0000
21.5504 200 0 -0.1153 -61.7188 100.0000
21.5517 200 0 -0.1444 -52.3438 100.0000
21.5530 200 0 -0.1567 -52.3438 100.0000
21.5543 200 0 -0.1748 -52.3438 100.0000
21.5555 200 0 -0.1916 -52.3438 100.0000
21.5568 200 0 -0.2205 -52.3438 100.0000
21.5581 200 0 -0.2183 -52.3438 100.0000
21.5594 200 0 -0.2706 -52.3438 100.0000
21.5606 200 0 -0.2313 -52.3438 100.0000
21.5619 200 0 -0.2985 -52.3438 100.0000
21.5632 200 0 -0.3628 -52.3438 100.0000
21.5644 200 0 -0.3703 -52.3438 100.0000
21.5657 200 0 -0.4374 -52.3438 100.0000
21.5670 200 0 -0.5894 -52.3438 100.0000
21.5683 200 0 -0.6018 -52.3438 100.0000
21.5695 200 0 -0.5926 -52.3438 100.0000
21.5708 200 0 -0.6656 -52.3438 100.0000
21.5721 200 0 -0.6786 -52.3438 100.0000
21.5733 200 0 -0.6581 -52.3438 100.0000
21.5746 200 0 -0.6914 -52.3438 100.0000
21.5758 200 0 -0.6913 -52.3438 100.0000
21.5771 200 0 -0.6277 -52.3438 100.0000
21.5783 200 0 -0.6294 -52.3438 100.0000
21.5796 200 0 -0.5964 -52.3438 100.0000
21.5808 200 0 -0.5930 -52.3438 100.0000
21.5821 200 0 -0.6625 -52.3438 100.0000
21.5834 200 0 -0.6659 -52.3438 100.0000
21.5847 200 0 -0.5546 -52.3438 100.0000
21.5859 200 0 -0.4297 -52.3438 100.0000
21.5872 200 0 -0.3825 -52.3438 100.0000
21.5885 200 0 -0.4321 -52.3438 100.0000
21.5898 200 0 -0.5143 -52.3438 100.0000
21.5911 200 0 -0.5083 -52.3438 100.0000
21.5923 200 0 -0.4755 -52.3438 100.0000
21.5936 200 0 -0.4331 -52.3438 100.0000
21.5949 200 0 -0.4029 -52.3438 100.0000
21.5961 200 0 -0.3437 -52.3438 100.0000
21.5974 200 0 -0.1510 -52.3438 100.0000
21.5987 200 0 -0.0611 -52.3438 100.0000
21.6000 200 0 -0.1842 -52.3438 100.0000
21.6013 200 0 -0.1031 -52.3438 100.0000
21.6025 200 0 -0.1579 -52.3438 100.0000
21.6038 200 0 -0.2223 -52.3438 100.0000
21.6051 200 0 -0.1583 -52.3438 100.0000
21.6064 200 0 -0.0136 -52.3438 100.0000
21.6077 200 0 -0.0338 -42.1875 100.0000
21.6089 200 0 -0.0292 -42.1875 100.0000
21.6102 200 0 -0.0621 -42.1875 100.0000
21.6115 200 0 0.0159 -42.1875 100.0000
21.6128 200 0 0.1058 -42.1875 100.0000
21.6140 200 0 0.1130 -42.1875 100.0000
21.6153 200 0 0.1990 -42.1875 100.0000
21.6166 200 0 0.1902 -42.1875 100.0000
21.6179 200 0 0.2145 -42.1875 100.0000
21.6192 200 0 0.2131 -42.1875 100.0000
21.6204 200 0 0.1927 -42.1875 100.0000
21.6217 200 0 0.2592 -42.1875 100.0000
21.6230 200 0 0.2331 -42.1875 100.0000
21.6243 200 0 0.2114 -42.1875 100.0000
21.6256 200 0 0.2207 -42.1875 100.0000
21.6273 200 0 0.2680 -42.1875 100.0000
21.6286 200 0 0.1590 -42.1875 100.0000
21.6298 200 0 0.0726 -42.1875 100.0000
21.6311 200 0 0.0127 -42.1875 100.0000
21.6324 200 0 -0.0244 -42.1875 100.0000
21.6337 200 0 -0.0406 -42.1875 100.0000
21.6350 200 0 -0.0578 -42.1875 100.0000
21.6363 200 0 -0.0042 -42.1875 100.0000
21.6375 200 0 0.0292 -42.1875 100.0000
21.6388 200 0 0.0903 -42.1875 100.0000
21.6401 200 0 0.0649 -42.1875 100.0000
21.6414 200 0 0.2639 -42.1875 100.0000
21.6427 200 0 0.2310 -42.1875 100.0000
21.6439 200 0 0.2240 -42.1875 100.0000
21.6452 200 0 0.3465 -42.1875 100.0000
21.6465 200 0 0.4274 -42.1875 100.0000
21.6477 200 0 0.4637 -42.1875 100.0000
21.6490 200 0 0.5021 -42.1875 100.0000
21.6502 200 0 0.5723 -42.1875 100.0000
21.6515 200 0 0.4953 -42.1875 100.0000
21.6527 200 0 0.4550 -42.1875 100.0000
21.6540 200 0 0.3773 -42.1875 100.0000
21.6552 200 0 0.3041 -42.1875 100.0000
21.6565 200 0 0.2969 -42.1875 100.0000
21.6578 200 0 0.2862 -42.1875 100.0000
21.6590 200 0 0.2711 -42.1875 100.0000
21.6603 200 0 0.2751 -42.1875 100.0000
21.6615 200 0 0.1775 -42.1875 100.0000
21.6628 200 0 0.1524 -42.1875 100.0000
21.6640 200 0 0.1548 -42.1875 100.0000
21.6653 200 0 0.0970 -42.1875 100.0000
21.6666 200 0 0.1103 -42.1875 100.0000
21.6678 200 0 0.0171 -42.1875 100.0000
21.6691 200 0 0.1057 -35.1562 100.0000
21.6704 200 0 0.1124 -35.1562 100.0000
21.6716 200 0 0.0740 -35.1562 100.0000
21.6729 200 0 0.0476 -35.1562 100.0000
21.6741 200 0 0.0742 -35.1562 100.0000
21.6754 200 0 0.0135 -35.1562 100.0000
21.6767 200 0 0.0690 -35.1562 100.0000
21.6779 200 0 -0.0702 -35.1562 100.0000
21.6793 200 0 -0.1540 -35.1562 100.0000
21.6805 200 0 -0.1576 -35.1562 100.0000
21.6818 200 0 -0.1784 -35.1562 100.0000
21.6831 200 0 -0.3041 -35.1562 100.0000
21.6844 200 0 -0.2503 -35.1562 100.0000
21.6857 200 0 -0.2974 -35.1562 100.0000
21.6869 200 0 -0.3147 -35.1562 100.0000
21.6882 200 0 -0.3317 -35.1562 100.0000
21.6895 200 0 -0.3210 -35.1562 100.0000
21.6908 200 0 -0.4407 -35.1562 100.0000
21.6921 200 0 -0.4774 -35.1562 100.0000
21.6933 200 0 -0.4069 -35.1562 100.0000
21.6946 200 0 -0.3899 -35.1562 100.0000
21.6959 200 0 -0.4416 -35.1562 100.0000
21.6972 200 0 -0.3875 -35.1562 100.0000
21.6985 200 0 -0.4791 -35.1562 100.0000
21.6997 200 0 -0.4382 -35.1562 100.0000
21.7010 200 0 -0.3898 -35.1562 100.0000
21.7023 200 0 -0.2563 -35.1562 100.0000
21.7035 200 0 -0.3926 -35.1562 100.0000
21.7048 200 0 -0.4084 -35.1562 100.0000
21.7061 200 0 -0.3534 -35.1562 100.0000
21.7073 200 0 -0.3610 -35.1562 100.0000
21.7087 200 0 -0.2730 -35.1562 100.0000
21.7099 200 0 -0.2632 -35.1562 100.0000
21.7112 200 0 -0.3502 -35.1562 100.0000
21.7125 200 0 -0.3973 -35.1562 100.0000
21.7138 200 0 -0.4808 -35.1562 100.0000
21.7151 200 0 -0.4606 -35.1562 100.0000
21.7163 200 0 -0.5134 -35.1562 100.0000
21.7176 200 0 -0.5399 -35.1562 100.0000
21.7189 200 0 -0.5713 -33.5938 100.0000
21.7201 200 0 -0.5324 -33.5938 100.0000
21.7214 200 0 -0.5269 -33.5938 100.0000
21.7227 200 0 -0.6135 -33.5938 100.0000
21.7239 200 0 -0.7008 -33.5938 100.0000
21.7252 200 0 -0.7467 -33.5938 100.0000
21.7265 200 0 -0.7722 -33.5938 100.0000
21.7278 200 0 -0.8825 -33.5938 100.0000
21.7290 200 0 -0.8601 -33.5938 100.0000
21.7303 200 0 -0.8613 -33.5938 100.0000
21.7316 200 0 -0.8259 -33.5938 100.0000
21.7329 200 0 -0.9126 -33.5938 100.0000
21.7342 200 0 -0.9932 -33.5938 100.0000
21.7354 200 0 -1.0631 -33.5938 100.0000
21.7367 200 0 -1.2014 -33.5938 100.0000
21.7380 200 0 -1.2571 -33.5938 100.0000
21.7393 200 0 -1.2502 -33.5938 100.0000
21.7405 200 0 -1.2245 -33.5938 100.0000
21.7418 200 0 -1.2585 -33.5938 100.0000
21.7431 200 0 -1.2392 -33.5938 100.0000
21.7444 200 0 -1.2607 -33.5938 100.0000
21.7456 200 0 -1.1644 -33.5938 100.0000
21.7469 200 0 -1.1658 -33.5938 100.0000
21.7482 200 0 -1.2010 -33.5938 100.0000
21.7495 200 0 -1.1977 -33.5938 100.0000
21.7507 200 0 -1.1235 -33.5938 100.0000
21.7520 200 0 -0.9957 -33.5938 100.0000
21.7533 200 0 -0.8706 -33.5938 100.0000
21.7545 200 0 -0.7875 -33.5938 100.0000
21.7558 200 0 -0.6440 -33.5938 100.0000
21.7571 200 0 -0.6873 -33.5938 100.0000
21.7584 200 0 -0.7074 -33.5938 100.0000
21.7598 200 0 -0.7957 -33.5938 100.0000
21.7611 200 0 -0.7936 -33.5938 100.0000
21.7627 200 0 -0.7121 -33.5938 100.0000
21.7641 200 0 -0.6033 -33.5938 100.0000
21.7654 200 0 -0.5830 -33.5938 100.0000
21.7667 200 0 -0.5058 -33.5938 100.0000
21.7681 200 0 -0.4453 -33.5938 100.0000
21.7695 200 0 -0.4059 -33.5938 100.0000
21.7708 200 0 -0.3341 -33.5938 100.0000
21.7722 200 0 -0.3025 -33.5938 100.0000
21.7737 200 0 -0.3061 -33.5938 100.0000
21.7751 200 0 -0.3458 -27.3438 100.0000
21.7766 200 0 -0.3316 -27.3438 100.0000
21.7780 200 0 -0.2874 -27.3438 100.0000
21.7792 200 0 -0.2665 -27.3438 100.0000
21.7808 200 0 -0.2245 -27.3438 100.0000
21.7823 200 0 -0.2431 -27.3438 100.0000
21.7837 200 0 -0.2067 -27.3438 100.0000
21.7852 200 0 -0.2320 -27.3438 100.0000
21.7865 200 0 -0.2437 -27.3438 100.0000
21.7878 200 0 -0.1584 -27.3438 100.0000
21.7892 200 0 -0.1499 -27.3438 100.0000
21.7905 200 0 -0.1698 -27.3438 100.0000
21.7917 200 0 -0.2477 -27.3438 100.0000
21.7930 200 0 -0.2493 -27.3438 100.0000
21.7944 200 0 -0.2205 -27.3438 100.0000
21.7957 200 0 -0.2442 -27.3438 100.0000
21.7972 200 0 -0.1617 -27.3438 100.0000
21.7986 200 0 -0.1958 -27.3438 100.0000
21.8000 200 0 -0.2113 -27.3438 100.0000
21.8013 200 0 -0.1213 -27.3438 100.0000
21.8026 200 0 -0.1385 -27.3438 100.0000
21.8040 200 0 -0.0692 -27.3438 100.0000
21.8053 200 0 -0.0163 -27.3438 100.0000
21.8065 200 0 -0.0584 -27.3438 100.0000
21.8078 200 0 -0.0674 -27.3438 100.0000
21.8092 200 0 0.0141 -27.3438 100.0000
21.8105 200 0 0.0891 -27.3438 100.0000
21.8121 200 0 0.0518 -27.3438 100.0000
21.8133 200 0 0.0528 -27.3438 100.0000
21.8146 200 0 0.1864 -27.3438 100.0000
21.8159 200 0 0.1980 -27.3438 100.0000
21.8172 200 0 0.1627 -27.3438 100.0000
21.8186 200 0 0.0516 -27.3438 100.0000
21.8202 200 0 0.0285 -27.3438 100.0000
21.8216 200 0 0.0535 -27.3438 100.0000
21.8229 200 0 0.0191 -27.3438 100.0000
21.8244 200 0 -0.0049 -27.3438 100.0000
21.8257 200 0 -0.0511 -27.3438 100.0000
21.8271 200 0 -0.1286 -27.3438 100.0000
21.8285 200 0 -0.1498 -27.3438 100.0000
21.8300 200 0 -0.1152 -27.3438 100.0000
21.8319 200 0 -0.0690 -21.0938 100.0000
21.8333 200 0 0.0070 -21.0938 100.0000
21.8347 200 0 0.1278 -21.0938 100.0000
21.8361 200 0 0.1204 -21.0938 100.0000
21.8374 200 0 0.0874 -21.0938 100.0000
21.8387 200 0 0.2131 -21.0938 100.0000
21.8401 200 0 0.2161 -21.0938 100.0000
21.8415 200 0 0.3099 -21.0938 100.0000
21.8429 200 0 0.3183 -21.0938 100.0000
21.8443 200 0 0.3717 -21.0938 100.0000
21.8458 200 0 0.3903 -21.0938 100.0000
21.8473 200 0 0.4412 -21.0938 100.0000
21.8487 200 0 0.4936 -21.0938 100.0000
21.8500 200 0 0.4424 -21.0938 100.0000
21.8512 200 0 0.3927 -21.0938 100.0000
21.8525 200 0 0.4518 -21.0938 100.0000
21.8536 200 0 0.4093 -21.0938 100.0000
21.8548 200 0 0.3010 -21.0938 100.0000
21.8562 200 0 0.2683 -21.0938 100.0000
21.8573 200 0 0.2355 -21.0938 100.0000
21.8584 200 0 0.1990 -21.0938 100.0000
21.8600 200 0 0.2791 -21.0938 100.0000
21.8611 200 0 0.2014 -21.0938 100.0000
21.8624 200 0 0.2166 -21.0938 100.0000
21.8635 200 0 0.1427 -21.0938 100.0000
21.8647 200 0 0.2097 -21.0938 100.0000
21.8658 200 0 0.1450 -21.0938 100.0000
21.8673 200 0 0.1158 -21.0938 100.0000
21.8685 200 0 0.0302 -21.0938 100.0000
21.8697 200 0 -0.0434 -21.0938 100.0000
21.8709 200 0 -0.1054 -21.0938 100.0000
21.8720 200 0 -0.1068 -21.0938 100.0000
21.8731 200 0 -0.0442 -21.0938 100.0000
21.8743 200 0 -0.0744 -21.0938 100.0000
21.8754 200 0 -0.0917 -21.0938 100.0000
21.8766 200 0 -0.0905 -21.0938 100.0000
21.8777 200 0 -0.0819 -21.0938 100.0000
21.8790 200 0 -0.1812 -21.0938 100.0000
21.8802 200 0 -0.1965 -21.0938 100.0000
21.8814 200 0 -0.1944 -21.0938 100.0000
21.8826 200 0 -0.2327 -21.0938 100.0000
21.8838 200 0 -0.2687 -21.0938 100.0000
21.8850 200 0 -0.2185 -21.0938 100.0000
21.8862 200 0 -0.2133 -21.0938 100.0000
21.8876 200 0 -0.2664 -17.1875 100.0000
21.8887 200 0 -0.2977 -17.1875 100.0000
21.8900 200 0 -0.2758 -17.1875 100.0000
21.8911 200 0 -0.3493 -17.1875 100.0000
21.8923 200 0 -0.4205 -17.1875 100.0000
21.8934 200 0 -0.4289 -17.1875 100.0000
21.8947 200 0 -0.4050 -17.1875 100.0000
21.8958 200 0 -0.4329 -17.1875 100.0000
21.8969 200 0 -0.4775 -17.1875 100.0000
21.8981 200 0 -0.5313 -17.1875 100.0000
21.8994 200 0 -0.4539 -17.1875 100.0000
21.9007 200 0 -0.4504 -17.1875 100.0000
21.9019 200 0 -0.4363 -17.1875 100.0000
21.9031 200 0 -0.4414 -17.1875 100.0000
21.9044 200 0 -0.4831 -17.1875 100.0000
21.9056 200 0 -0.5063 -17.1875 100.0000
21.9068 200 0 -0.4441 -17.1875 100.0000
21.9080 200 0 -0.4340 -17.1875 100.0000
21.9091 200 0 -0.4799 -17.1875 100.0000
21.9102 200 0 -0.4738 -17.1875 100.0000
21.9115 200 0 -0.5536 -17.1875 100.0000
21.9126 200 0 -0.4955 -17.1875 100.0000
21.9142 200 0 -0.4865 -17.1875 100.0000
21.9153 200 0 -0.4721 -17.1875 100.0000
21.9165 200 0 -0.4546 -17.1875 100.0000
21.9177 200 0 -0.4021 -17.1875 100.0000
21.9189 200 0 -0.4082 -17.1875 100.0000
21.9201 200 0 -0.3627 -17.1875 100.0000
21.9213 200 0 -0.2933 -17.1875 100.0000
21.9224 200 0 -0.3512 -17.1875 100.0000
21.9236 200 0 -0.3027 -17.1875 100.0000
21.9248 200 0 -0.2696 -17.1875 100.0000
21.9259 200 0 -0.2316 -17.1875 100.0000
21.9272 200 0 -0.3258 -17.1875 100.0000
21.9285 200 0 -0.3354 -17.1875 100.0000
21.9298 200 0 -0.2607 -17.1875 100.0000
21.9310 200 0 -0.3165 -17.1875 100.0000
21.9322 200 0 -0.2925 -17.1875 100.0000
21.9335 200 0 -0.2474 -17.1875 100.0000
21.9346 200 0 -0.2978 -17.1875 100.0000
21.9358 200 0 -0.3258 -17.1875 100.0000
21.9370 200 0 -0.3710 -17.1875 100.0000
21.9382 200 0 -0.3637 -17.1875 100.0000
21.9394 200 0 -0.3679 -17.1875 100.0000
21.9406 200 0 -0.3327 -17.1875 100.0000
21.9420 200 0 -0.2744 -17.1875 100.0000
21.9432 200 0 -0.3091 -9.3750 100.0000
21.9443 200 0 -0.3226 -9.3750 100.0000
21.9454 200 0 -0.2160 -9.3750 100.0000
21.9466 200 0 -0.1591 -9.3750 100.0000
21.9478 200 0 -0.1260 -9.3750 100.0000
21.9489 200 0 -0.0977 -9.3750 100.0000
21.9500 200 0 -0.0566 -9.3750 100.0000
21.9511 200 0 0.0017 -9.3750 100.0000
21.9522 200 0 0.0192 -9.3750 100.0000
21.9533 200 0 -0.0039 -9.3750 100.0000
21.9543 200 0 -0.0539 -9.3750 100.0000
21.9554 200 0 -0.0983 -9.3750 100.0000
21.9565 200 0 -0.1848 -9.3750 100.0000
21.9578 200 0 -0.2361 -9.3750 100.0000
21.9589 200 0 -0.2206 -9.3750 100.0000
21.9600 200 0 -0.1619 -9.3750 100.0000
21.9611 200 0 -0.2137 -9.3750 100.0000
21.9622 200 0 -0.3789 -9.3750 100.0000
21.9633 200 0 -0.4904 -9.3750 100.0000
21.9644 200 0 -0.5116 -9.3750 100.0000
21.9655 200 0 -0.5952 -9.3750 100.0000
21.9666 200 0 -0.5673 -9.3750 100.0000
21.9677 200 0 -0.5571 -9.3750 100.0000
21.9688 200 0 -0.4683 -9.3750 100.0000
21.9701 200 0 -0.4656 -9.3750 100.0000
21.9713 200 0 -0.5550 -9.3750 100.0000
21.9724 200 0 -0.5961 -9.3750 100.0000
21.9734 200 0 -0.5793 -9.3750 100.0000
21.9745 200 0 -0.5673 -9.3750 100.0000
21.9756 200 0 -0.5848 -9.3750 100.0000
21.9767 200 0 -0.5285 -9.3750 100.0000
21.9778 200 0 -0.4944 -9.3750 100.0000
21.9791 200 0 -0.4548 -9.3750 100.0000
21.9809 200 0 -0.4615 -9.3750 100.0000
21.9821 200 0 -0.4428 -9.3750 100.0000
21.9833 200 0 -0.4128 -9.3750 100.0000
21.9845 200 0 -0.3678 -9.3750 100.0000
21.9857 200 0 -0.3966 -9.3750 100.0000
21.9869 200 0 -0.4333 -9.3750 100.0000
21.9881 200 0 -0.4137 -9.3750 100.0000
21.9893 200 0 -0.4321 -9.3750 100.0000
21.9905 200 0 -0.4544 -9.3750 100.0000
21.9918 200 0 -0.4055 -9.3750 100.0000
21.9930 200 0 -0.4520 -9.3750 100.0000
21.9942 200 0 -0.3887 -9.3750 100.0000
21.9953 200 0 -0.3363 -9.3750 100.0000
21.9965 200 0 -0.2207 -9.3750 100.0000
21.9979 200 0 -0.2075 -9.3750 100.0000
21.9990 200 0 -0.2457 -9.3750 100.0000
22.0003 200 0 -0.2858 -9.3750 100.0000
22.0016 200 0 -0.2745 -9.3750 100.0000
22.0031 200 0 -0.1903 -9.3750 100.0000
22.0043 200 0 -0.1400 -9.3750 100.0000
22.0055 200 0 -0.0315 -9.3750 100.0000
22.0068 200 0 -0.0817 -6.2500 100.0000
22.0082 200 0 -0.0556 -6.2500 100.0000
22.0094 200 0 -0.1207 -6.2500 100.0000
22.0106 200 0 -0.1633 -6.2500 100.0000
22.0117 200 0 -0.1242 -6.2500 100.0000
22.0128 200 0 -0.0730 -6.2500 100.0000
22.0140 200 0 0.0182 -6.2500 100.0000
22.0152 200 0 0.0330 -6.2500 100.0000
22.0166 200 0 0.0719 -6.2500 100.0000
22.0179 200 0 0.0027 -6.2500 100.0000
22.0191 200 0 -0.0376 -6.2500 100.0000
22.0203 200 0 -0.0708 -6.2500 100.0000
22.0215 200 0 -0.0865 -6.2500 100.0000
22.0226 200 0 -0.1087 -6.2500 100.0000
22.0238 200 0 -0.1364 -6.2500 100.0000
22.0249 200 0 -0.1593 -6.2500 100.0000
22.0260 200 0 -0.2220 -6.2500 100.0000
22.0271 200 0 -0.2704 -6.2500 100.0000
22.0281 200 0 -0.2848 -6.2500 100.0000
22.0292 200 0 -0.2640 -6.2500 100.0000
22.0303 200 0 -0.1707 -6.2500 100.0000
22.0314 200 0 -0.2222 -6.2500 100.0000
22.0325 200 0 -0.2132 -6.2500 100.0000
22.0336 200 0 -0.1855 -6.2500 100.0000
22.0347 200 0 -0.1042 -6.2500 100.0000
22.0357 200 0 -0.0807 -6.2500 100.0000
22.0368 200 0 0.0080 -6.2500 100.0000
22.0379 200 0 -0.0086 -6.2500 100.0000
22.0390 200 0 -0.0098 -6.2500 100.0000
22.0401 200 0 -0.0420 -6.2500 100.0000
22.0412 200 0 -0.0690 -6.2500 100.0000
22.0423 200 0 -0.0801 -6.2500 100.0000
22.0434 200 0 -0.1101 -6.2500 100.0000
22.0446 200 0 -0.0893 -6.2500 100.0000
22.0458 200 0 -0.0757 -6.2500 100.0000
22.0471 200 0 -0.1559 -6.2500 100.0000
22.0482 200 0 -0.1431 -6.2500 100.0000
22.0495 200 0 -0.0333 -6.2500 100.0000
22.0509 200 0 0.0293 -6.2500 100.0000
22.0523 200 0 0.1106 -6.2500 100.0000
22.0536 200 0 0.1225 -6.2500 100.0000
22.0550 200 0 0.0499 -6.2500 100.0000
22.0563 200 0 -0.0767 -6.2500 100.0000
22.0578 200 0 -0.1038 -6.2500 100.0000
22.0592 200 0 -0.1820 -6.2500 100.0000
22.0605 200 0 -0.2660 -6.2500 100.0000
22.0618 200 0 -0.2018 -6.2500 100.0000
22.0637 199 0 -0.2084 -0.0000 100.0000
22.0653 199 0 -0.1827 -0.0000 100.0000
22.0666 199 0 -0.2934 -0.0000 100.0000
22.0680 199 0 -0.2477 -0.0000 100.0000
22.0694 199 0 -0.3086 -0.0000 100.0000
22.0708 199 0 -0.2048 -0.0000 100.0000
22.0723 199 0 -0.0822 -0.0000 100.0000
22.0737 199 0 -0.0675 -0.0000 100.0000
22.0751 199 0 -0.1068 -0.0000 100.0000
22.0765 199 0 -0.1253 -0.0000 100.0000
22.0780 199 0 -0.0325 -0.0000 100.0000
22.0795 199 0 0.0277 -0.0000 100.0000
22.0808 199 0 0.0765 -0.0000 100.0000
22.0821 199 0 0.0763 -0.0000 100.0000
22.0836 199 0 0.0356 -0.0000 100.0000
22.0849 199 0 -0.1398 -0.0000 100.0000
22.0864 199 0 -0.1212 -0.0000 100.0000
22.0878 199 0 -0.1959 -0.0000 100.0000
22.0892 199 0 -0.1608 -0.0000 100.0000
22.0905 199 0 -0.1404 -0.0000 100.0000
22.0920 199 0 -0.1112 -0.0000 100.0000
22.0935 199 0 -0.1044 -0.0000 100.0000
22.0949 199 0 -0.0703 -0.0000 100.0000
22.0962 199 0 -0.0165 -0.0000 100.0000
22.0975 199 0 -0.1264 -0.0000 100.0000
22.0989 199 0 -0.0899 -0.0000 100.0000
22.1003 199 0 -0.0721 -0.0000 100.0000
22.1018 199 0 -0.1247 -0.0000 100.0000
22.1031 199 0 -0.1594 -0.0000 100.0000
22.1045 199 0 -0.1435 -0.0000 100.0000
22.1058 199 0 -0.0814 -0.0000 100.0000
22.1072 199 0 -0.1165 -0.0000 100.0000
22.1087 199 0 -0.1412 -0.0000 100.0000
22.1102 199 0 -0.1577 -0.0000 100.0000
22.1116 199 0 -0.1756 -0.0000 100.0000
22.1128 199 0 -0.2089 -0.0000 100.0000
22.1141 199 0 -0.1465 -0.0000 100.0000
22.1154 199 0 -0.0060 -0.0000 100.0000
22.1167 199 0 0.0511 -0.0000 100.0000
22.1181 199 0 -0.0259 -0.0000 100.0000
22.1197 199 0 -0.0461 -0.0000 100.0000
22.1210 199 0 -0.0548 -0.0000 100.0000
22.1224 199 0 -0.0717 -0.0000 100.0000
22.1237 199 0 -0.0899 -0.0000 100.0000
22.1250 199 0 -0.0303 -0.0000 100.0000
22.1264 199 0 -0.0370 -0.0000 100.0000
22.1276 199 0 -0.0592 -0.0000 100.0000
22.1290 199 0 -0.0876 -0.0000 100.0000
22.1304 199 0 -0.1004 -0.0000 100.0000
22.1317 199 0 -0.0595 -0.0000 100.0000
22.1330 199 0 -0.0923 -0.0000 100.0000
22.1345 199 0 -0.0127 -0.0000 100.0000
22.1358 199 0 -0.0523 -0.0000 100.0000
22.1371 199 0 -0.0761 -0.0000 100.0000
22.1386 199 0 -0.0606 -0.0000 100.0000
22.1399 199 0 -0.1047 -0.0000 100.0000
22.1412 199 0 -0.1084 -0.0000 100.0000
22.1426 199 0 -0.0267 -0.0000 100.0000
22.1439 199 0 -0.0310 -0.0000 100.0000
22.1455 199 0 -0.1286 -0.0000 100.0000
22.1469 199 0 -0.2069 -0.0000 100.0000
22.1482 199 0 -0.2355 -0.0000 100.0000
22.1496 199 0 -0.2507 -0.0000 100.0000
22.1508 199 0 -0.1705 -0.0000 100.0000
22.1520 199 0 -0.0722 -0.0000 100.0000
22.1533 199 0 -0.0918 -0.0000 100.0000
22.1545 199 0 -0.0396 -0.0000 100.0000
22.1556 199 0 -0.1283 -0.0000 100.0000
22.1569 199 0 -0.1415 -0.0000 100.0000
22.1581 199 0 -0.0409 -0.0000 100.0000
22.1593 199 0 0.0139 -0.0000 100.0000
22.1605 199 0 0.0562 -0.0000 100.0000
22.1616 199 0 0.0487 -0.0000 100.0000
22.1628 199 0 0.0166 -0.0000 100.0000
22.1639 199 0 0.0571 -0.0000 100.0000
22.1650 199 0 0.0940 -0.0000 100.0000
22.1663 199 0 0.1477 -0.0000 100.0000
22.1675 199 0 0.1229 -0.0000 100.0000
22.1686 199 0 0.1679 -0.0000 100.0000
22.1700 199 0 0.0883 -0.0000 100.0000
22.1713 199 0 0.1128 -0.0000 100.0000
22.1728 199 0 0.0563 -0.0000 100.0000
22.1739 199 0 0.0765 -0.0000 100.0000
22.1751 199 0 0.0203 -0.0000 100.0000
22.1763 199 0 -0.0327 -0.0000 100.0000
22.1775 199 0 -0.1046 -0.0000 100.0000
22.1787 199 0 -0.0948 -0.0000 100.0000
22.1799 199 0 0.0466 -0.0000 100.0000
22.1811 199 0 -0.0400 -0.0000 100.0000
22.1824 199 0 -0.0274 -0.0000 100.0000
22.1836 199 0 -0.0895 -0.0000 100.0000
22.1848 199 0 -0.0824 -0.0000 100.0000
22.1859 199 0 -0.0738 -0.0000 100.0000
22.1871 199 0 -0.0844 -0.0000 100.0000
22.1884 199 0 -0.1516 -0.0000 100.0000
22.1897 199 0 -0.1191 -0.0000 100.0000
22.1909 199 0 -0.0919 -0.0000 100.0000
22.1921 199 0 -0.0817 -0.0000 100.0000
22.1934 199 0 0.0307 -0.0000 100.0000
22.1946 199 0 -0.0058 -0.0000 100.0000
22.1958 199 0 -0.0402 -0.0000 100.0000
22.1970 199 0 -0.0157 -0.0000 100.0000
22.1982 199 0 -0.0652 -0.0000 100.0000
22.1993 199 0 -0.0275 -0.0000 100.0000
22.2005 199 0 -0.0380 -0.0000 100.0000
22.2017 199 0 -0.0591 -0.0000 100.0000
22.2028 199 0 -0.0967 -0.0000 100.0000
22.2039 199 0 -0.0886 -0.0000 100.0000
22.2052 199 0 -0.0327 -0.0000 100.0000
22.2067 199 0 0.0315 -0.0000 100.0000
22.2078 199 0 0.0310 18.7500 100.0000
22.2089 199 0 0.1645 18.7500 100.0000
22.2101 199 0 0.2304 18.7500 100.0000
22.2112 199 0 0.3257 18.7500 100.0000
22.2124 198 1 0.2842 18.7500 100.0000
22.2137 198 1 0.3640 18.7500 100.0000
22.2150 198 1 0.3458 18.7500 100.0000
22.2161 198 1 0.3786 18.7500 100.0000
22.2172 198 1 0.3965 18.7500 100.0000
22.2184 198 1 0.3385 18.7500 100.0000
22.2194 197 2 0.2343 18.7500 100.0000
22.2205 197 2 0.1691 18.7500 100.0000
22.2217 197 2 0.1904 18.7500 100.0000
22.2228 197 2 0.1443 18.7500 100.0000
22.2239 197 2 0.2856 18.7500 100.0000
22.2252 196 3 0.3315 18.7500 100.0000
22.2265 196 3 0.3691 18.7500 100.0000
22.2277 196 3 0.4117 18.7500 100.0000
22.2289 196 3 0.3645 18.7500 100.0000
22.2301 196 3 0.3074 18.7500 100.0000
22.2313 196 3 0.3557 18.7500 100.0000
22.2324 195 4 0.3453 18.7500 100.0000
22.2336 195 4 0.3581 18.7500 100.0000
22.2348 195 4 0.4458 18.7500 100.0000
22.2360 195 4 0.4690 18.7500 100.0000
22.2372 195 4 0.5124 18.7500 100.0000
22.2383 194 5 0.5251 18.7500 100.0000
22.2396 194 5 0.6423 18.7500 100.0000
22.2408 194 5 0.6130 18.7500 100.0000
22.2420 194 5 0.5268 18.7500 100.0000
22.2431 194 5 0.4692 18.7500 100.0000
22.2442 194 5 0.4482 18.7500 100.0000
22.2453 193 6 0.4927 18.7500 100.0000
22.2464 193 6 0.4366 18.7500 100.0000
22.2475 193 6 0.5089 18.7500 100.0000
22.2487 193 6 0.4956 18.7500 100.0000
22.2497 193 6 0.4187 18.7500 100.0000
22.2508 192 7 0.3726 18.7500 100.0000
22.2519 192 7 0.3964 18.7500 100.0000
22.2530 192 7 0.4257 18.7500 100.0000
22.2543 192 7 0.3710 18.7500 100.0000
22.2556 192 7 0.4023 18.7500 100.0000
22.2569 192 7 0.4482 18.7500 100.0000
22.2580 191 8 0.5266 18.7500 100.0000
22.2591 191 8 0.5190 18.7500 100.0000
22.2602 191 8 0.5001 18.7500 100.0000
22.2613 191 8 0.4989 18.7500 100.0000
22.2624 191 8 0.4658 18.7500 100.0000
22.2635 190 9 0.4490 18.7500 100.0000
22.2646 190 9 0.4234 18.7500 100.0000
22.2657 190 9 0.4102 18.7500 100.0000
22.2667 190 9 0.2890 18.7500 100.0000
22.2678 190 9 0.2692 18.7500 100.0000
22.2689 190 9 0.1932 18.7500 100.0000
22.2704 189 10 0.1117 18.7500 100.0000
22.2715 189 10 0.1313 18.7500 100.0000
22.2727 189 10 0.0191 18.7500 100.0000
22.2740 189 10 -0.0972 18.7500 100.0000
22.2751 189 10 -0.1107 18.7500 100.0000
22.2765 188 11 -0.1636 18.7500 100.0000
22.2776 188 11 -0.2214 18.7500 100.0000
22.2789 188 11 -0.2858 45.3125 100.0000
22.2801 187 12 -0.3366 45.3125 100.0000
22.2814 187 12 -0.3706 45.3125 100.0000
22.2827 186 13 -0.5094 45.3125 100.0000
22.2838 186 13 -0.5261 45.3125 100.0000
22.2852 185 14 -0.4704 45.3125 100.0000
22.2865 185 14 -0.3618 45.3125 100.0000
22.2877 185 14 -0.3647 45.3125 100.0000
22.2889 184 15 -0.3276 45.3125 100.0000
22.2901 184 15 -0.3221 45.3125 100.0000
22.2913 183 16 -0.3226 45.3125 100.0000
22.2926 183 16 -0.2913 45.3125 100.0000
22.2937 182 17 -0.3158 45.3125 100.0000
22.2948 182 17 -0.2873 45.3125 100.0000
22.2961 181 18 -0.2245 45.3125 100.0000
22.2972 181 18 -0.2414 45.3125 100.0000
22.2984 180 19 -0.2582 45.3125 100.0000
22.2996 180 19 -0.2194 45.3125 100.0000
22.3008 180 19 -0.1821 45.3125 100.0000
22.3020 179 20 -0.1316 45.3125 100.0000
22.3031 179 20 -0.0725 45.3125 100.0000
22.3042 178 21 -0.1175 45.3125 100.0000
22.3053 178 21 -0.1536 45.3125 100.0000
22.3064 177 22 -0.1383 45.3125 100.0000
22.3077 177 22 -0.1729 45.3125 100.0000
22.3088 176 23 -0.1457 45.3125 100.0000
22.3099 176 23 -0.1262 45.3125 100.0000
22.3110 175 24 -0.1671 45.3125 100.0000
22.3122 175 24 -0.2548 45.3125 100.0000
22.3135 175 24 -0.3165 45.3125 100.0000
22.3146 174 25 -0.3405 45.3125 100.0000
22.3159 174 25 -0.2809 45.3125 100.0000
22.3170 173 26 -0.3049 45.3125 100.0000
22.3181 173 26 -0.2945 45.3125 100.0000
22.3193 172 27 -0.2593 45.3125 100.0000
22.3205 172 27 -0.2096 45.3125 100.0000
22.3216 171 28 -0.1604 45.3125 100.0000
22.3229 171 28 -0.1597 45.3125 100.0000
22.3242 170 29 -0.0992 45.3125 100.0000
22.3253 170 29 -0.0578 45.3125 100.0000
22.3265 170 29 -0.1153 45.3125 100.0000
22.3277 169 30 -0.1422 45.3125 100.0000
22.3289 169 30 -0.0674 45.3125 100.0000
22.3301 168 31 -0.1702 45.3125 100.0000
22.3313 168 31 -0.1767 45.3125 100.0000
22.3324 167 32 -0.1360 45.3125 100.0000
22.3336 167 32 -0.0588 45.3125 100.0000
22.3348 166 33 0.0108 100.0000 100.0000
22.3361 165 34 0.0783 100.0000 100.0000
22.3374 164 35 0.1358 100.0000 100.0000
22.3388 163 36 0.0990 100.0000 100.0000
22.3400 162 37 0.0915 100.0000 100.0000
22.3412 161 38 0.1137 100.0000 100.0000
22.3424 160 39 0.1400 100.0000 100.0000
22.3437 159 40 0.1337 100.0000 100.0000
22.3449 158 41 0.1516 100.0000 100.0000
22.3461 157 42 0.1588 100.0000 100.0000
22.3473 156 43 0.1828 100.0000 100.0000
22.3484 155 44 0.2208 100.0000 100.0000
22.3497 154 45 0.1570 100.0000 100.0000
22.3508 153 46 0.0721 100.0000 100.0000
22.3520 152 47 0.0727 100.0000 100.0000
22.3532 151 48 0.0643 100.0000 100.0000
22.3544 150 49 -0.0174 100.0000 100.0000
22.3556 149 50 -0.0465 100.0000 100.0000
22.3568 148 51 0.0191 100.0000 100.0000
22.3579 147 52 0.0084 100.0000 100.0000
22.3592 146 53 -0.0194 100.0000 100.0000
22.3604 145 54 -0.0447 100.0000 100.0000
22.3616 144 55 -0.0464 100.0000 100.0000
22.3627 143 56 -0.0411 100.0000 100.0000
22.3639 142 57 -0.0374 100.0000 100.0000
22.3651 141 58 -0.0904 100.0000 100.0000
22.3663 140 59 -0.0821 100.0000 100.0000
22.3674 139 60 -0.0807 100.0000 100.0000
22.3688 138 61 -0.0061 100.0000 100.0000
22.3700 137 62 -0.0268 100.0000 100.0000
22.3711 136 63 -0.0424 100.0000 100.0000
22.3722 135 64 -0.0770 100.0000 100.0000
22.3734 134 65 -0.0491 100.0000 100.0000
22.3746 133 66 -0.0407 100.0000 100.0000
22.3758 132 67 -0.0588 100.0000 100.0000
22.3769 131 68 0.0316 100.0000 100.0000
22.3781 130 69 0.1032 100.0000 100.0000
22.3794 129 70 0.1437 100.0000 100.0000
22.3806 128 71 0.0778 100.0000 100.0000
22.3817 127 72 0.0605 100.0000 100.0000
22.3829 126 73 0.0002 100.0000 100.0000
22.3841 125 74 0.0022 100.0000 100.0000
22.3852 124 75 -0.0214 100.0000 100.0000
22.3864 123 76 -0.0490 100.0000 100.0000
22.3876 122 77 -0.0361 100.0000 100.0000
22.3888 121 78 0.0267 100.0000 100.0000
22.3901 120 79 -0.0419 100.0000 100.0000
22.3914 119 80 -0.0148 45.3125 100.0000
22.3926 119 80 -0.0214 45.3125 100.0000
22.3938 118 81 0.0008 45.3125 100.0000
22.3953 118 81 -0.0529 45.3125 100.0000
22.3965 118 81 -0.0234 45.3125 100.0000
22.3977 117 82 -0.0279 45.3125 100.0000
22.3990 117 82 0.0543 45.3125 100.0000
22.4002 116 83 0.0393 45.3125 100.0000
22.4014 116 83 0.0013 45.3125 100.0000
22.4026 115 84 0.0481 45.3125 100.0000
22.4037 115 84 0.0782 45.3125 100.0000
22.4048 114 85 0.1189 45.3125 100.0000
22.4060 114 85 0.0750 45.3125 100.0000
22.4072 113 86 0.1007 45.3125 100.0000
22.4083 113 86 0.1731 45.3125 100.0000
22.4094 113 86 0.2278 45.3125 100.0000
22.4107 112 87 0.2193 45.3125 100.0000
22.4118 112 87 0.2469 45.3125 100.0000
22.4129 111 88 0.3020 45.3125 100.0000
22.4142 111 88 0.2735 45.3125 100.0000
22.4153 110 89 0.3631 45.3125 100.0000
22.4164 110 89 0.3431 45.3125 100.0000
22.4176 109 90 0.3817 45.3125 100.0000
22.4188 109 90 0.3713 45.3125 100.0000
22.4200 109 90 0.4346 45.3125 100.0000
22.4211 108 91 0.4224 45.3125 100.0000
22.4222 108 91 0.3416 45.3125 100.0000
22.4234 107 92 0.3768 45.3125 100.0000
22.4249 107 92 0.3796 45.3125 100.0000
22.4262 106 93 0.4594 45.3125 100.0000
22.4273 106 93 0.4499 45.3125 100.0000
22.4287 105 94 0.5010 45.3125 100.0000
22.4300 105 94 0.5895 45.3125 100.0000
22.4312 104 95 0.6668 45.3125 100.0000
22.4324 104 95 0.6335 45.3125 100.0000
22.4336 104 95 0.6063 45.3125 100.0000
22.4347 103 96 0.5621 45.3125 100.0000
22.4359 103 96 0.6613 45.3125 100.0000
22.4371 102 97 0.7010 45.3125 100.0000
22.4383 102 97 0.7324 45.3125 100.0000
22.4395 101 98 0.7119 45.3125 100.0000
22.4407 101 98 0.7732 45.3125 100.0000
22.4419 100 99 0.7850 45.3125 100.0000
22.4431 100 99 0.7829 45.3125 100.0000
22.4444 100 99 0.6772 45.3125 100.0000
22.4455 99 100 0.7491 45.3125 100.0000
22.4468 99 100 0.7889 45.3125 100.0000
22.4480 98 101 0.7811 45.3125 100.0000
22.4492 98 101 0.7115 45.3125 100.0000
22.4504 97 102 0.7362 45.3125 100.0000
22.4517 97 102 0.7057 45.3125 100.0000
22.4529 96 103 0.6817 45.3125 100.0000
22.4542 96 103 0.6450 45.3125 100.0000
22.4554 96 103 0.6419 45.3125 100.0000
22.4566 95 104 0.6079 45.3125 100.0000
22.4578 95 104 0.5452 45.3125 100.0000
22.4590 94 105 0.5274 45.3125 100.0000
22.4602 94 105 0.5507 45.3125 100.0000
22.4614 93 106 0.4942 45.3125 100.0000
22.4626 93 106 0.4239 45.3125 100.0000
22.4638 92 107 0.4234 45.3125 100.0000
22.4650 92 107 0.3735 45.3125 100.0000
22.4662 92 107 0.3223 45.3125 100.0000
22.4674 91 108 0.3387 45.3125 100.0000
22.4687 91 108 0.4022 45.3125 100.0000
22.4699 90 109 0.4258 45.3125 100.0000
22.4711 90 109 0.4124 45.3125 100.0000
22.4722 89 110 0.4777 45.3125 100.0000
22.4734 89 110 0.4392 45.3125 100.0000
22.4747 88 111 0.3013 45.3125 100.0000
22.4759 88 111 0.2878 45.3125 100.0000
22.4771 87 112 0.3469 45.3125 100.0000
22.4783 87 112 0.3578 45.3125 100.0000
22.4797 87 112 0.2920 45.3125 100.0000
22.4808 86 113 0.2472 45.3125 100.0000
22.4820 86 113 0.2054 45.3125 100.0000
22.4833 85 114 0.2837 45.3125 100.0000
22.4844 85 114 0.3549 45.3125 100.0000
22.4856 84 115 0.4030 45.3125 100.0000
22.4868 84 115 0.3822 45.3125 100.0000
22.4880 83 116 0.3755 45.3125 100.0000
22.4893 83 116 0.4128 45.3125 100.0000
22.4906 83 116 0.3945 45.3125 100.0000
22.4918 82 117 0.3570 45.3125 100.0000
22.4931 82 117 0.3500 45.3125 100.0000
22.4942 81 118 0.3740 45.3125 100.0000
22.4954 81 118 0.4627 45.3125 100.0000
22.4966 80 119 0.4436 45.3125 100.0000
22.4978 80 119 0.3301 45.3125 100.0000
22.4990 79 120 0.2892 45.3125 100.0000
22.5002 79 120 0.3829 45.3125 100.0000
22.5014 78 121 0.3979 45.3125 100.0000
22.5025 78 121 0.4421 45.3125 100.0000
22.5038 78 121 0.5309 45.3125 100.0000
22.5050 77 122 0.5009 45.3125 100.0000
22.5063 77 122 0.4693 45.3125 100.0000
22.5074 76 123 0.4546 45.3125 100.0000
22.5085 76 123 0.4211 45.3125 100.0000
22.5097 75 124 0.4318 45.3125 100.0000
22.5108 75 124 0.4317 45.3125 100.0000
22.5121 74 125 0.3956 45.3125 100.0000
22.5132 74 125 0.4323 45.3125 100.0000
22.5145 74 125 0.3370 45.3125 100.0000
22.5156 73 126 0.3084 45.3125 100.0000
22.5169 73 126 0.2795 45.3125 100.0000
22.5181 72 127 0.3126 45.3125 100.0000
22.5193 72 127 0.3039 45.3125 100.0000
22.5205 71 128 0.2883 45.3125 100.0000
22.5216 71 128 0.2498 45.3125 100.0000
22.5227 70 129 0.1483 45.3125 100.0000
22.5238 70 129 0.0500 45.3125 100.0000
22.5250 69 130 0.0315 45.3125 100.0000
22.5261 69 130 -0.0715 45.3125 100.0000
22.5274 69 130 -0.1276 45.3125 100.0000
22.5289 68 131 -0.0881 45.3125 100.0000
22.5301 68 131 -0.0541 45.3125 100.0000
22.5312 67 132 -0.0010 45.3125 100.0000
22.5325 67 132 -0.0517 45.3125 100.0000
22.5336 66 133 -0.1267 45.3125 100.0000
22.5349 66 133 -0.0488 45.3125 100.0000
22.5360 65 134 -0.0909 45.3125 100.0000
22.5372 65 134 -0.1256 45.3125 100.0000
22.5385 64 135 -0.1304 45.3125 100.0000
22.5398 64 135 -0.0148 45.3125 100.0000
22.5409 64 135 -0.0554 45.3125 100.0000
22.5421 63 136 -0.0800 45.3125 100.0000
22.5432 63 136 -0.0416 45.3125 100.0000
22.5443 62 137 -0.0036 45.3125 100.0000
22.5454 62 137 0.0428 45.3125 100.0000
22.5465 61 138 0.1123 45.3125 100.0000
22.5476 61 138 0.0715 45.3125 100.0000
22.5487 60 139 0.0792 45.3125 100.0000
22.5498 60 139 0.0444 45.3125 100.0000
22.5509 60 139 0.0253 45.3125 100.0000
22.5520 59 140 -0.0213 45.3125 100.0000
22.5530 59 140 -0.0605 45.3125 100.0000
22.5541 58 141 0.0017 45.3125 100.0000
22.5552 58 141 0.0833 45.3125 100.0000
22.5567 57 142 0.1660 45.3125 100.0000
22.5579 57 142 0.1914 45.3125 100.0000
22.5590 56 143 0.2611 45.3125 100.0000
22.5601 56 143 0.2787 45.3125 100.0000
22.5612 55 144 0.3102 45.3125 100.0000
22.5623 55 144 0.4204 45.3125 100.0000
22.5634 55 144 0.4412 45.3125 100.0000
22.5644 54 145 0.5032 45.3125 100.0000
22.5655 54 145 0.5659 45.3125 100.0000
22.5666 53 146 0.5414 45.3125 100.0000
22.5677 53 146 0.5696 45.3125 100.0000
22.5688 52 147 0.5475 45.3125 100.0000
22.5699 52 147 0.5128 45.3125 100.0000
22.5710 51 148 0.5545 45.3125 100.0000
22.5725 51 148 0.5905 45.3125 100.0000
22.5736 51 148 0.6310 45.3125 100.0000
22.5749 50 149 0.5467 45.3125 100.0000
22.5762 50 149 0.5382 45.3125 100.0000
22.5775 49 150 0.5527 45.3125 100.0000
22.5787 49 150 0.6697 45.3125 100.0000
22.5799 48 151 0.7092 45.3125 100.0000
22.5811 48 151 0.7164 45.3125 100.0000
22.5823 47 152 0.6019 45.3125 100.0000
22.5835 47 152 0.6263 45.3125 100.0000
22.5847 46 153 0.6231 45.3125 100.0000
22.5859 46 153 0.5433 45.3125 100.0000
22.5871 46 153 0.6878 45.3125 100.0000
22.5883 45 154 0.6976 45.3125 100.0000
22.5896 45 154 0.6958 45.3125 100.0000
22.5908 44 155 0.8047 45.3125 100.0000
22.5920 44 155 0.7853 45.3125 100.0000
22.5933 43 156 0.7997 45.3125 100.0000
22.5945 43 156 0.7475 45.3125 100.0000
22.5957 42 157 0.7818 45.3125 100.0000
22.5969 42 157 0.7837 45.3125 100.0000
22.5982 42 157 0.7155 45.3125 100.0000
22.5994 41 158 0.7871 45.3125 100.0000
22.6005 41 158 0.8478 45.3125 100.0000
22.6018 40 159 0.9211 45.3125 100.0000
22.6030 40 159 0.8981 45.3125 100.0000
22.6041 39 160 0.8872 45.3125 100.0000
22.6055 39 160 0.8892 45.3125 100.0000
22.6066 38 161 0.8716 45.3125 100.0000
22.6077 38 161 0.8121 45.3125 100.0000
22.6088 38 161 0.8107 45.3125 100.0000
22.6101 37 162 0.8934 45.3125 100.0000
22.6112 37 162 0.9232 45.3125 100.0000
22.6123 36 163 0.8036 45.3125 100.0000
22.6136 36 163 0.8363 45.3125 100.0000
22.6147 35 164 0.8041 45.3125 100.0000
22.6159 35 164 0.7765 45.3125 100.0000
22.6171 34 165 0.7233 45.3125 100.0000
22.6183 34 165 0.7505 45.3125 100.0000
22.6195 34 165 0.6544 45.3125 100.0000
22.6207 33 166 0.6701 45.3125 100.0000
22.6218 33 166 0.6851 45.3125 100.0000
22.6230 32 167 0.7644 45.3125 100.0000
22.6242 32 167 0.7969 45.3125 100.0000
22.6253 31 168 0.8086 45.3125 100.0000
22.6264 31 168 0.6996 45.3125 100.0000
22.6275 30 169 0.6778 45.3125 100.0000
22.6287 30 169 0.6410 45.3125 100.0000
22.6302 30 169 0.7074 45.3125 100.0000
22.6315 29 170 0.7179 45.3125 100.0000
22.6327 29 170 0.5899 45.3125 100.0000
22.6339 28 171 0.5195 45.3125 100.0000
22.6351 28 171 0.5139 45.3125 100.0000
22.6362 27 172 0.4479 45.3125 100.0000
22.6375 27 172 0.5116 45.3125 100.0000
22.6387 26 173 0.5156 45.3125 100.0000
22.6400 26 173 0.6283 45.3125 100.0000
22.6414 26 173 0.6631 -0.0000 100.0000
22.6427 26 173 0.7515 -0.0000 100.0000
22.6439 26 173 0.6946 -0.0000 100.0000
22.6450 26 173 0.7405 -0.0000 100.0000
22.6463 26 173 0.7956 -0.0000 100.0000
22.6475 26 173 0.6888 -0.0000 100.0000
22.6486 26 173 0.6989 -0.0000 100.0000
22.6497 26 173 0.7135 -0.0000 100.0000
22.6509 26 173 0.5690 -0.0000 100.0000
22.6521 26 173 0.4887 -0.0000 100.0000
22.6534 26 173 0.5280 -0.0000 100.0000
22.6546 26 173 0.5547 -0.0000 100.0000
22.6557 26 173 0.5806 -0.0000 100.0000
22.6568 26 173 0.5569 -0.0000 100.0000
22.6579 26 173 0.4854 -0.0000 100.0000
22.6591 26 173 0.4906 -0.0000 100.0000
22.6603 26 173 0.5185 -0.0000 100.0000
22.6614 26 173 0.5387 -0.0000 100.0000
22.6627 26 173 0.5521 -0.0000 100.0000
22.6638 26 173 0.5059 -0.0000 100.0000
22.6651 26 173 0.4552 -0.0000 100.0000
22.6663 26 173 0.3804 -0.0000 100.0000
22.6675 26 173 0.3356 -0.0000 100.0000
22.6686 26 173 0.3111 -0.0000 100.0000
22.6698 26 173 0.2396 -0.0000 100.0000
22.6710 26 173 0.1257 -0.0000 100.0000
22.6721 26 173 0.1962 -0.0000 100.0000
22.6733 26 173 0.2655 -0.0000 100.0000
22.6746 26 173 0.2634 -0.0000 100.0000
22.6758 26 173 0.2454 -0.0000 100.0000
22.6769 26 173 0.3723 -0.0000 100.0000
22.6780 26 173 0.3519 -0.0000 100.0000
22.6792 26 173 0.3444 -0.0000 100.0000
22.6805 26 173 0.2958 -0.0000 100.0000
22.6816 26 173 0.3089 -0.0000 100.0000
22.6828 26 173 0.3075 -0.0000 100.0000
22.6839 26 173 0.2162 -0.0000 100.0000
22.6852 26 173 0.1654 -0.0000 100.0000
22.6865 26 173 0.1150 -0.0000 100.0000
22.6877 26 173 0.0908 -0.0000 100.0000
22.6889 26 173 0.0914 -0.0000 100.0000
22.6902 26 173 0.0781 -0.0000 100.0000
22.6915 26 173 0.0035 -0.0000 100.0000
22.6927 26 173 0.0739 -0.0000 100.0000
22.6939 26 173 0.1166 -0.0000 100.0000
22.6950 26 173 0.1279 -0.0000 100.0000
22.6962 26 173 0.1395 -0.0000 100.0000
22.6973 26 173 0.1414 -0.0000 100.0000
22.6985 26 173 0.1626 -0.0000 100.0000
22.6996 26 173 0.0848 -0.0000 100.0000
22.7008 26 173 0.0511 -0.0000 100.0000
22.7019 26 173 0.0791 -0.0000 100.0000
22.7029 26 173 0.0609 -0.0000 100.0000
22.7040 26 173 0.0412 -0.0000 100.0000
22.7052 26 173 0.0966 -0.0000 100.0000
22.7065 26 173 0.1266 -0.0000 100.0000
22.7076 26 173 0.1065 -0.0000 100.0000
22.7087 26 173 0.0100 -0.0000 100.0000
22.7098 26 173 0.0482 -0.0000 100.0000
22.7109 26 173 0.0011 -0.0000 100.0000
22.7119 26 173 -0.0092 -0.0000 100.0000
22.7130 26 173 0.0384 -0.0000 100.0000
22.7141 26 173 0.0028 -0.0000 100.0000
22.7152 26 173 0.0204 -0.0000 100.0000
22.7164 26 173 0.0494 -0.0000 100.0000
22.7177 26 173 0.0311 -0.0000 100.0000
22.7188 26 173 0.0179 -0.0000 100.0000
22.7201 26 173 -0.0198 -0.0000 100.0000
22.7212 26 173 -0.1224 -0.0000 100.0000
22.7224 26 173 -0.0892 -0.0000 100.0000
22.7236 26 173 -0.1239 -0.0000 100.0000
22.7248 26 173 -0.1743 -0.0000 100.0000
22.7260 26 173 -0.2645 -0.0000 100.0000
22.7271 26 173 -0.1533 -0.0000 100.0000
22.7284 26 173 -0.1541 -0.0000 100.0000
22.7295 26 173 -0.2038 -0.0000 100.0000
22.7307 26 173 -0.2401 -0.0000 100.0000
22.7318 26 173 -0.1740 -0.0000 100.0000
22.7330 26 173 -0.1226 -0.0000 100.0000
22.7341 26 173 -0.1877 -0.0000 100.0000
22.7354 26 173 -0.1620 -0.0000 100.0000
22.7367 26 173 -0.1132 -0.0000 100.0000
22.7378 26 173 -0.0157 -0.0000 100.0000
22.7389 26 173 -0.0023 -0.0000 100.0000
22.7401 26 173 0.0164 -0.0000 100.0000
22.7412 26 173 -0.0760 -0.0000 100.0000
22.7424 26 173 -0.1118 -0.0000 100.0000
22.7436 26 173 -0.0518 -0.0000 100.0000
22.7448 26 173 0.0098 -0.0000 100.0000
22.7460 26 173 -0.0066 -0.0000 100.0000
22.7474 26 173 -0.0025 -0.0000 100.0000
22.7487 26 173 0.0687 -0.0000 100.0000
22.7498 26 173 0.1201 -0.0000 100.0000
22.7511 26 173 0.1502 -0.0000 100.0000
22.7525 26 173 0.1548 -0.0000 100.0000
22.7538 26 173 0.2002 -0.0000 100.0000
22.7551 26 173 0.2355 -0.0000 100.0000
22.7564 26 173 0.2509 -0.0000 100.0000
22.7577 26 173 0.3698 -0.0000 100.0000
22.7590 26 173 0.2936 -0.0000 100.0000
22.7604 26 173 0.3746 -0.0000 100.0000
22.7617 26 173 0.4020 -0.0000 100.0000
22.7631 26 173 0.3632 -0.0000 100.0000
22.7645 26 173 0.3848 -0.0000 100.0000
22.7659 26 173 0.3083 -0.0000 100.0000
22.7673 26 173 0.3862 -0.0000 100.0000
22.7687 26 173 0.2507 -0.0000 100.0000
22.7701 26 173 0.2157 -0.0000 100.0000
22.7715 26 173 0.2080 -0.0000 100.0000
22.7728 26 173 0.1056 -0.0000 100.0000
22.7741 26 173 0.0964 -0.0000 100.0000
22.7756 26 173 0.1669 -0.0000 100.0000
22.7770 26 173 0.1545 -0.0000 100.0000
22.7784 26 173 0.2091 -0.0000 100.0000
22.7799 26 173 0.1694 -0.0000 100.0000
22.7814 26 173 0.1547 -0.0000 100.0000
22.7827 26 173 0.1129 -0.0000 100.0000
22.7840 26 173 0.0093 -0.0000 100.0000
22.7853 26 173 -0.0427 -0.0000 100.0000
22.7868 26 173 -0.0145 -0.0000 100.0000
22.7881 26 173 0.0985 -0.0000 100.0000
22.7894 26 173 0.1756 -0.0000 100.0000
22.7908 26 173 0.1533 -0.0000 100.0000
22.7922 26 173 0.2534 -0.0000 100.0000
22.7936 26 173 0.3478 -0.0000 100.0000
22.7949 26 173 0.4355 -0.0000 100.0000
22.7962 26 173 0.4550 -0.0000 100.0000
22.7977 26 173 0.4966 -0.0000 100.0000
22.7990 26 173 0.4565 -0.0000 100.0000
22.8005 26 173 0.4755 -0.0000 100.0000
22.8019 26 173 0.4121 -0.0000 100.0000
22.8033 26 173 0.3149 -0.0000 100.0000
22.8046 26 173 0.3250 -0.0000 100.0000
22.8061 26 173 0.3402 -0.0000 100.0000
22.8074 26 173 0.2716 -0.0000 100.0000
22.8087 26 173 0.1664 -0.0000 100.0000
22.8100 26 173 0.1878 -0.0000 100.0000
22.8112 26 173 0.2565 -0.0000 100.0000
22.8126 26 173 0.2849 -0.0000 100.0000
22.8139 26 173 0.3068 -0.0000 100.0000
22.8151 26 173 0.2882 -0.0000 100.0000
22.8164 26 173 0.2769 -0.0000 100.0000
22.8177 26 173 0.2864 -0.0000 100.0000
22.8189 26 173 0.3075 -0.0000 100.0000
22.8201 26 173 0.3752 -0.0000 100.0000
22.8214 26 173 0.4469 -0.0000 100.0000
22.8226 26 173 0.4494 -0.0000 100.0000
22.8238 26 173 0.4495 -0.0000 100.0000
22.8251 26 173 0.4814 -0.0000 100.0000
22.8263 26 173 0.3736 -0.0000 100.0000
22.8275 26 173 0.3520 -0.0000 100.0000
22.8289 26 173 0.3589 -0.0000 100.0000
22.8302 26 173 0.2298 -0.0000 100.0000
22.8314 26 173 0.1854 -0.0000 100.0000
22.8327 26 173 0.1787 -0.0000 100.0000
22.8339 26 173 0.1009 -0.0000 100.0000
22.8353 26 173 0.1117 -0.0000 100.0000
22.8369 26 173 0.2356 -0.0000 100.0000
22.8382 26 173 0.2839 -0.0000 100.0000
22.8397 26 173 0.2814 -0.0000 100.0000
22.8410 26 173 0.2463 -0.0000 100.0000
22.8423 26 173 0.3038 -0.0000 100.0000
22.8435 26 173 0.4035 -0.0000 100.0000
22.8448 26 173 0.4495 -0.0000 100.0000
22.8462 26 173 0.4303 -0.0000 100.0000
22.8475 26 173 0.4797 -0.0000 100.0000
22.8487 26 173 0.5663 -0.0000 100.0000
22.8500 26 173 0.6124 -0.0000 100.0000
22.8513 26 173 0.6176 -0.0000 100.0000
22.8524 26 173 0.5748 -0.0000 100.0000
22.8535 26 173 0.6448 -0.0000 100.0000
22.8545 26 173 0.6827 -0.0000 100.0000
22.8556 26 173 0.7354 -0.0000 100.0000
22.8567 26 173 0.8345 -0.0000 100.0000
22.8578 26 173 0.7622 -0.0000 100.0000
22.8589 26 173 0.8051 -0.0000 100.0000
22.8600 26 173 0.8207 -0.0000 100.0000
22.8611 26 173 0.8624 -0.0000 100.0000
22.8622 26 173 0.8915 -0.0000 100.0000
22.8633 26 173 0.9512 -0.0000 100.0000
22.8644 26 173 0.9376 -0.0000 100.0000
22.8654 26 173 0.9294 -0.0000 100.0000
22.8665 26 173 1.0434 -0.0000 100.0000
22.8676 27 172 1.0191 -0.0000 100.0000
22.8687 27 172 1.0569 -0.0000 100.0000
22.8699 27 172 0.9998 -0.0000 100.0000
22.8710 27 172 0.9292 -0.0000 100.0000
22.8721 27 172 0.9187 -0.0000 100.0000
22.8733 27 172 0.9232 -0.0000 100.0000
22.8747 27 172 0.9107 -0.0000 100.0000
22.8761 27 172 0.9494 -0.0000 100.0000
22.8774 27 172 0.9870 -0.0000 100.0000
22.8787 27 172 0.9987 -0.0000 100.0000
22.8798 27 172 0.9926 -0.0000 100.0000
22.8810 27 172 0.9469 -0.0000 100.0000
22.8822 27 172 0.9842 -0.0000 100.0000
22.8836 27 172 0.9554 -0.0000 100.0000
22.8847 27 172 1.0183 -0.0000 100.0000
22.8859 27 172 1.0385 -0.0000 100.0000
22.8872 27 172 1.0193 -0.0000 100.0000
22.8883 27 172 0.9331 -0.0000 100.0000
22.8897 27 172 0.9018 -0.0000 100.0000
22.8911 27 172 0.7613 -0.0000 100.0000
22.8923 27 172 0.7480 -0.0000 100.0000
22.8935 27 172 0.7604 -0.0000 100.0000
22.8947 27 172 0.6948 -0.0000 100.0000
22.8958 27 172 0.6146 -0.0000 100.0000
22.8971 27 172 0.5987 -0.0000 100.0000
22.8984 27 172 0.5594 -0.0000 100.0000
22.8996 27 172 0.6610 -0.0000 100.0000
22.9007 27 172 0.6542 -0.0000 100.0000
22.9020 27 172 0.5644 -0.0000 100.0000
22.9032 27 172 0.6050 -0.0000 100.0000
22.9043 27 172 0.5654 -0.0000 100.0000
22.9055 27 172 0.5531 -0.0000 100.0000
22.9068 27 172 0.5289 -0.0000 100.0000
22.9079 27 172 0.5861 -0.0000 100.0000
22.9091 27 172 0.5147 -0.0000 100.0000
22.9102 27 172 0.4816 -0.0000 100.0000
22.9113 27 172 0.5542 -0.0000 100.0000
22.9125 27 172 0.5444 -0.0000 100.0000
22.9137 27 172 0.5083 -0.0000 100.0000
22.9148 27 172 0.4708 -0.0000 100.0000
22.9159 27 172 0.4264 -0.0000 100.0000
22.9170 27 172 0.3852 -0.0000 100.0000
22.9183 27 172 0.3495 -0.0000 100.0000
22.9197 27 172 0.3095 -0.0000 100.0000
22.9210 27 172 0.3863 -0.0000 100.0000
22.9222 27 172 0.3483 -0.0000 100.0000
22.9233 27 172 0.3582 -0.0000 100.0000
22.9244 27 172 0.3505 -0.0000 100.0000
22.9256 27 172 0.3125 -0.0000 100.0000
22.9269 27 172 0.3342 -0.0000 100.0000
22.9280 27 172 0.3060 -0.0000 100.0000
22.9293 27 172 0.2516 -0.0000 100.0000
22.9305 27 172 0.2265 -0.0000 100.0000
22.9316 27 172 0.2970 -0.0000 100.0000
22.9327 27 172 0.3001 -0.0000 100.0000
22.9338 27 172 0.3098 -0.0000 100.0000
22.9350 27 172 0.2575 -0.0000 100.0000
22.9361 27 172 0.3034 -0.0000 100.0000
22.9375 27 172 0.2882 -0.0000 100.0000
22.9388 27 172 0.3624 -0.0000 100.0000
22.9400 27 172 0.3844 -0.0000 100.0000
22.9412 27 172 0.3377 -0.0000 100.0000
22.9423 27 172 0.3275 -0.0000 100.0000
22.9435 27 172 0.3836 -0.0000 100.0000
22.9447 27 172 0.2966 -0.0000 100.0000
22.9459 27 172 0.2661 -0.0000 100.0000
22.9471 27 172 0.2509 -0.0000 100.0000
22.9483 27 172 0.2351 -0.0000 100.0000
22.9494 27 172 0.2196 -0.0000 100.0000
22.9505 27 172 0.1549 -0.0000 100.0000
22.9518 27 172 0.1838 -0.0000 100.0000
22.9530 27 172 0.1879 -0.0000 100.0000
22.9541 27 172 0.0734 -0.0000 100.0000
22.9553 27 172 0.0643 -0.0000 100.0000
22.9564 27 172 0.0351 -0.0000 100.0000
22.9575 27 172 0.0345 -0.0000 100.0000
22.9588 27 172 0.0867 -0.0000 100.0000
22.9599 27 172 0.0304 -0.0000 100.0000
22.9614 27 172 0.0332 -0.0000 100.0000
22.9625 27 172 0.0427 -0.0000 100.0000
22.9637 27 172 -0.0169 -0.0000 100.0000
22.9649 27 172 0.0114 -0.0000 100.0000
22.9661 27 172 -0.0670 -0.0000 100.0000
22.9673 27 172 -0.0789 -0.0000 100.0000
22.9685 27 172 -0.1329 -0.0000 100.0000
22.9697 27 172 -0.1134 -0.0000 100.0000
22.9709 27 172 -0.1260 -0.0000 100.0000
22.9720 27 172 -0.1957 -0.0000 100.0000
22.9733 27 172 -0.1834 -0.0000 100.0000
22.9744 27 172 -0.1464 -0.0000 100.0000
22.9756 27 172 -0.1863 -0.0000 100.0000
22.9768 27 172 -0.1927 -0.0000 100.0000
22.9780 27 172 -0.2139 -0.0000 100.0000
22.9792 27 172 -0.2124 -0.0000 100.0000
22.9804 27 172 -0.2511 -0.0000 100.0000
22.9816 27 172 -0.2463 -0.0000 100.0000
22.9828 27 172 -0.2896 -0.0000 100.0000
22.9840 27 172 -0.2531 -0.0000 100.0000
22.9853 27 172 -0.2816 -0.0000 100.0000
22.9864 27 172 -0.2531 -0.0000 100.0000
22.9877 27 172 -0.1847 -0.0000 100.0000
22.9889 27 172 -0.1754 -0.0000 100.0000
22.9902 27 172 -0.1427 -0.0000 100.0000
22.9914 27 172 -0.1776 -0.0000 100.0000
22.9926 27 172 -0.1226 -0.0000 100.0000
22.9938 27 172 -0.0075 -0.0000 100.0000
22.9949 27 172 0.0620 -0.0000 100.0000
22.9961 27 172 0.0875 -0.0000 100.0000
22.9973 27 172 0.0392 -0.0000 100.0000
22.9985 27 172 0.0457 -0.0000 100.0000
22.9997 27 172 -0.0387 -0.0000 100.0000
23.0009 27 172 -0.0814 -0.0000 100.0000
23.0021 27 172 -0.0191 -0.0000 100.0000
23.0033 27 172 0.0871 -0.0000 100.0000
23.0045 27 172 0.0911 -0.0000 100.0000
23.0057 27 172 0.0702 -0.0000 100.0000
23.0068 27 172 0.0563 -0.0000 100.0000
23.0081 27 172 0.0600 -0.0000 100.0000
23.0093 27 172 0.0913 -0.0000 100.0000
23.0104 27 172 0.1361 -0.0000 100.0000
23.0115 27 172 0.1226 -0.0000 100.0000
23.0129 27 172 0.1537 -0.0000 100.0000
23.0140 27 172 0.2123 -0.0000 100.0000
23.0154 27 172 0.2980 -0.0000 100.0000
23.0166 27 172 0.3161 -0.0000 100.0000
23.0177 27 172 0.3248 -0.0000 100.0000
23.0188 27 172 0.2565 -0.0000 100.0000
23.0201 27 172 0.2709 -0.0000 100.0000
23.0212 27 172 0.2498 -0.0000 100.0000
23.0225 27 172 0.2505 -0.0000 100.0000
23.0237 27 172 0.3441 -0.0000 100.0000
23.0249 27 172 0.3594 -0.0000 100.0000
23.0261 27 172 0.3925 -0.0000 100.0000
23.0273 27 172 0.3645 -0.0000 100.0000
23.0285 27 172 0.3024 -0.0000 100.0000
23.0297 27 172 0.2129 -0.0000 100.0000
23.0308 27 172 0.1756 -0.0000 100.0000
23.0319 27 172 0.2172 -0.0000 100.0000
23.0332 27 172 0.2227 -0.0000 100.0000
23.0343 27 172 0.1612 -0.0000 100.0000
23.0354 27 172 0.1601 -0.0000 100.0000
23.0365 27 172 0.1135 -0.0000 100.0000
23.0378 27 172 -0.0403 -0.0000 100.0000
23.0389 27 172 -0.0623 -0.0000 100.0000
23.0403 27 172 -0.0741 -0.0000 100.0000
23.0417 27 172 -0.0923 -0.0000 100.0000
23.0428 27 172 -0.0885 -0.0000 100.0000
23.0439 27 172 -0.1670 -0.0000 100.0000
23.0451 27 172 -0.1260 -0.0000 100.0000
23.0463 27 172 -0.0378 -0.0000 100.0000
23.0474 27 172 -0.0375 -0.0000 100.0000
23.0485 27 172 -0.0012 -0.0000 100.0000
23.0497 27 172 0.0801 -0.0000 100.0000
23.0509 27 172 0.0459 -0.0000 100.0000
23.0520 27 172 0.0384 -0.0000 100.0000
23.0531 27 172 0.0676 -0.0000 100.0000
23.0542 27 172 0.0763 -0.0000 100.0000
23.0553 27 172 0.0881 -0.0000 100.0000
23.0564 27 172 0.1109 -0.0000 100.0000
23.0576 27 172 0.1014 -0.0000 100.0000
23.0587 27 172 0.0863 -0.0000 100.0000
23.0597 27 172 0.0837 -0.0000 100.0000
23.0611 27 172 0.0758 -0.0000 100.0000
23.0622 27 172 0.0628 -0.0000 100.0000
23.0633 27 172 0.0746 -0.0000 100.0000
23.0644 27 172 0.0675 -0.0000 100.0000
23.0655 27 172 0.1015 -0.0000 100.0000
23.0666 27 172 0.1427 -0.0000 100.0000
23.0677 27 172 0.0875 -0.0000 100.0000
23.0688 27 172 0.0464 -0.0000 100.0000
23.0699 27 172 0.0486 -0.0000 100.0000
23.0709 27 172 -0.0701 -0.0000 100.0000
23.0720 27 172 -0.1235 -0.0000 100.0000
23.0731 27 172 -0.2049 -0.0000 100.0000
23.0742 27 172 -0.2440 -0.0000 100.0000
23.0753 27 172 -0.2421 -0.0000 100.0000
23.0764 27 172 -0.0863 -0.0000 100.0000
23.0775 27 172 -0.0920 -0.0000 100.0000
23.0786 27 172 -0.1097 -0.0000 100.0000
23.0797 27 172 -0.1041 -0.0000 100.0000
23.0808 27 172 -0.0170 -0.0000 100.0000
23.0819 27 172 -0.0206 -0.0000 100.0000
23.0830 27 172 -0.0612 -0.0000 100.0000
23.0841 27 172 -0.0338 -0.0000 100.0000
23.0852 27 172 -0.0175 -0.0000 100.0000
23.0862 27 172 -0.0892 -0.0000 100.0000
23.0876 27 172 0.0532 -0.0000 100.0000
23.0888 27 172 0.0553 -0.0000 100.0000
23.0900 27 172 0.1186 -0.0000 100.0000
23.0912 27 172 0.1067 -0.0000 100.0000
23.0926 27 172 0.1034 -0.0000 100.0000
23.0938 27 172 0.0874 -0.0000 100.0000
23.0949 27 172 -0.0052 -0.0000 100.0000
23.0962 27 172 -0.0335 -0.0000 100.0000
23.0976 27 172 -0.0675 -0.0000 100.0000
23.0989 27 172 0.0723 -0.0000 100.0000
23.1002 27 172 0.1158 -0.0000 100.0000
23.1013 27 172 0.0495 -0.0000 100.0000
23.1026 27 172 -0.0442 -0.0000 100.0000
23.1038 27 172 -0.0124 -0.0000 100.0000
23.1052 27 172 -0.1201 -0.0000 100.0000
23.1063 27 172 -0.1769 -0.0000 100.0000
23.1075 27 172 -0.2963 -0.0000 100.0000
23.1086 27 172 -0.2621 -0.0000 100.0000
23.1097 27 172 -0.2992 -0.0000 100.0000
23.1109 27 172 -0.1902 -0.0000 100.0000
23.1120 27 172 -0.2933 -0.0000 100.0000
23.1131 27 172 -0.2502 -0.0000 100.0000
23.1142 27 172 -0.2133 -0.0000 100.0000
23.1155 27 172 -0.1470 -0.0000 100.0000
23.1166 27 172 -0.1455 -0.0000 100.0000
23.1177 27 172 -0.1159 -0.0000 100.0000
23.1189 27 172 -0.1249 -0.0000 100.0000
23.1200 27 172 -0.0743 -0.0000 100.0000
23.1210 27 172 -0.0696 -0.0000 100.0000
23.1221 27 172 -0.0572 -0.0000 100.0000
23.1232 27 172 -0.0211 -0.0000 100.0000
23.1243 27 172 -0.0781 -0.0000 100.0000
23.1254 27 172 -0.1295 -0.0000 100.0000
23.1265 27 172 -0.1128 -0.0000 100.0000
23.1276 27 172 -0.0920 -0.0000 100.0000
23.1287 27 172 -0.1257 -0.0000 100.0000
23.1298 27 172 -0.1522 -0.0000 100.0000
23.1309 27 172 -0.2067 -0.0000 100.0000
23.1320 27 172 -0.1745 -0.0000 100.0000
23.1333 27 172 -0.2092 -0.0000 100.0000
23.1344 27 172 -0.2487 -0.0000 100.0000
23.1355 27 172 -0.2894 -0.0000 100.0000
23.1367 27 172 -0.2980 -0.0000 100.0000
23.1378 27 172 -0.3038 -0.0000 100.0000
23.1389 27 172 -0.3501 -0.0000 100.0000
23.1399 27 172 -0.3314 -0.0000 100.0000
23.1410 27 172 -0.2930 -0.0000 100.0000
23.1426 27 172 -0.3241 -0.0000 100.0000
23.1438 27 172 -0.3444 -0.0000 100.0000
23.1449 27 172 -0.4730 -0.0000 100.0000
23.1463 27 172 -0.4971 -0.0000 100.0000
23.1482 27 172 -0.4640 -0.0000 100.0000
23.1495 27 172 -0.4779 -0.0000 100.0000
23.1508 27 172 -0.4868 -0.0000 100.0000
23.1520 27 172 -0.5682 -0.0000 100.0000
23.1535 27 172 -0.5274 -0.0000 100.0000
23.1548 27 172 -0.5612 -0.0000 100.0000
23.1563 27 172 -0.5947 -0.0000 100.0000
23.1576 27 172 -0.7347 -0.0000 100.0000
23.1589 27 172 -0.8641 -0.0000 100.0000
23.1603 27 172 -1.0500 -0.0000 100.0000
23.1616 27 172 -1.0150 -0.0000 100.0000
23.1629 27 172 -0.9400 -0.0000 100.0000
23.1644 27 172 -0.9740 -0.0000 100.0000
23.1659 27 172 -1.0371 -0.0000 100.0000
23.1673 27 172 -1.0757 -0.0000 100.0000
23.1687 27 172 -1.0718 -0.0000 100.0000
23.1700 27 172 -1.0374 -0.0000 100.0000
23.1714 27 172 -1.0576 -0.0000 100.0000
23.1728 27 172 -1.0628 -0.0000 100.0000
23.1741 27 172 -1.0921 -0.0000 100.0000
23.1756 27 172 -1.1427 -0.0000 100.0000
23.1770 27 172 -1.0279 -0.0000 100.0000
23.1785 27 172 -0.9606 -0.0000 100.0000
23.1799 27 172 -0.9293 -0.0000 100.0000
23.1813 27 172 -0.9155 -0.0000 100.0000
23.1827 27 172 -0.8814 -0.0000 100.0000
23.1840 27 172 -0.9483 -0.0000 100.0000
23.1853 27 172 -0.9627 -0.0000 100.0000
23.1867 27 172 -0.9227 -0.0000 100.0000
23.1881 27 172 -0.9823 -0.0000 100.0000
23.1895 27 172 -1.0743 -0.0000 100.0000
23.1908 27 172 -1.1029 -0.0000 100.0000
23.1923 27 172 -1.2514 -0.0000 100.0000
23.1936 27 172 -1.2630 -0.0000 100.0000
23.1950 27 172 -1.2945 -0.0000 100.0000
23.1963 27 172 -1.3441 -0.0000 100.0000
23.1977 26 173 -1.3150 -0.0000 100.0000
23.1990 26 173 -1.2354 -0.0000 100.0000
23.2004 26 173 -1.1840 -0.0000 100.0000
23.2018 26 173 -1.1517 -0.0000 100.0000
23.2030 26 173 -1.1175 -0.0000 100.0000
23.2043 26 173 -1.1354 -0.0000 100.0000
23.2056 26 173 -1.1422 -0.0000 100.0000
23.2069 26 173 -1.1556 -0.0000 100.0000
23.2083 26 173 -1.0981 -0.0000 100.0000
23.2096 26 173 -1.1440 -0.0000 100.0000
23.2110 26 173 -1.0068 -0.0000 100.0000
23.2123 26 173 -0.9556 -0.0000 100.0000
23.2136 26 173 -0.9697 -0.0000 100.0000
23.2150 26 173 -0.9647 -0.0000 100.0000
23.2163 26 173 -0.9012 -0.0000 100.0000
23.2177 26 173 -0.8351 -0.0000 100.0000
23.2191 26 173 -0.6918 -0.0000 100.0000
23.2206 26 173 -0.6408 -0.0000 100.0000
23.2219 26 173 -0.6630 -0.0000 100.0000
23.2232 26 173 -0.5636 -0.0000 100.0000
23.2244 26 173 -0.5330 -0.0000 100.0000
23.2258 26 173 -0.4673 -0.0000 100.0000
23.2271 26 173 -0.3521 -0.0000 100.0000
23.2284 26 173 -0.3116 -0.0000 100.0000
23.2296 26 173 -0.2794 -0.0000 100.0000
23.2310 26 173 -0.3518 -0.0000 100.0000
23.2323 26 173 -0.3782 -0.0000 100.0000
23.2336 26 173 -0.3184 -0.0000 100.0000
23.2352 26 173 -0.3611 -0.0000 100.0000
23.2366 26 173 -0.3292 -0.0000 100.0000
23.2381 26 173 -0.2252 -0.0000 100.0000
23.2395 26 173 -0.1452 -0.0000 100.0000
23.2408 26 173 -0.1877 -0.0000 100.0000
23.2421 26 173 -0.1467 -0.0000 100.0000
23.2434 26 173 -0.0438 -0.0000 100.0000
23.2448 26 173 0.0638 -0.0000 100.0000
23.2462 26 173 -0.0134 -0.0000 100.0000
23.2475 26 173 0.0212 -0.0000 100.0000
23.2488 26 173 0.0453 -0.0000 100.0000
23.2502 26 173 0.0557 -0.0000 100.0000
23.2516 26 173 0.0167 -0.0000 100.0000
23.2529 26 173 0.0146 -0.0000 100.0000
23.2540 26 173 -0.0296 -0.0000 100.0000
23.2552 26 173 -0.0347 -0.0000 100.0000
23.2565 26 173 -0.0394 -0.0000 100.0000
23.2576 26 173 0.0246 -0.0000 100.0000
23.2589 26 173 -0.0124 -0.0000 100.0000
23.2600 26 173 0.0145 -0.0000 100.0000
23.2613 26 173 -0.0270 -0.0000 100.0000
23.2625 26 173 -0.0227 -0.0000 100.0000
23.2638 26 173 0.0452 -0.0000 100.0000
23.2649 26 173 0.1008 -0.0000 100.0000
23.2661 26 173 0.1388 -0.0000 100.0000
23.2672 26 173 0.0574 -0.0000 100.0000
23.2685 26 173 0.0311 -0.0000 100.0000
23.2697 26 173 0.0963 -0.0000 100.0000
23.2710 26 173 0.1952 -0.0000 100.0000
23.2721 26 173 0.2157 -0.0000 100.0000
23.2734 26 173 0.2570 -0.0000 100.0000
23.2746 26 173 0.2472 -0.0000 100.0000
23.2759 26 173 0.2475 -0.0000 100.0000
23.2771 26 173 0.1551 -0.0000 100.0000
23.2783 26 173 0.2309 -0.0000 100.0000
23.2794 26 173 0.2300 -0.0000 100.0000
23.2807 26 173 0.2468 -0.0000 100.0000
23.2818 26 173 0.3501 -0.0000 100.0000
23.2831 26 173 0.4335 -0.0000 100.0000
23.2843 26 173 0.4396 -0.0000 100.0000
23.2855 26 173 0.4863 -0.0000 100.0000
23.2867 26 173 0.4059 -0.0000 100.0000
23.2879 26 173 0.3471 -0.0000 100.0000
23.2891 26 173 0.2864 -0.0000 100.0000
23.2903 26 173 0.2638 -0.0000 100.0000
23.2915 26 173 0.2625 -0.0000 100.0000
23.2927 26 173 0.1769 -0.0000 100.0000
23.2939 26 173 0.1465 -0.0000 100.0000
23.2951 26 173 0.1032 -0.0000 100.0000
23.2962 26 173 0.0674 -0.0000 100.0000
23.2975 26 173 0.1801 -0.0000 100.0000
23.2986 26 173 0.2317 -0.0000 100.0000
23.2999 26 173 0.3032 -0.0000 100.0000
23.3011 26 173 0.3104 -0.0000 100.0000
23.3022 26 173 0.3141 -0.0000 100.0000
23.3034 26 173 0.3149 -0.0000 100.0000
23.3047 26 173 0.3636 -0.0000 100.0000
23.3059 26 173 0.3070 -0.0000 100.0000
23.3072 26 173 0.2302 -0.0000 100.0000
23.3083 26 173 0.2262 -0.0000 100.0000
23.3096 26 173 0.2496 -0.0000 100.0000
23.3107 26 173 0.1961 -0.0000 100.0000
23.3120 26 173 0.1442 -0.0000 100.0000
23.3132 26 173 0.0387 -0.0000 100.0000
23.3144 26 173 0.0209 -0.0000 100.0000
23.3155 26 173 -0.0099 -0.0000 100.0000
23.3167 26 173 0.0199 -0.0000 100.0000
23.3179 26 173 -0.0360 -0.0000 100.0000
23.3191 26 173 -0.0502 -0.0000 100.0000
23.3203 26 173 -0.0687 -0.0000 100.0000
23.3214 26 173 -0.0799 -0.0000 100.0000
23.3226 26 173 -0.1106 -0.0000 100.0000
23.3238 26 173 -0.1696 -0.0000 100.0000
23.3250 26 173 -0.3050 -0.0000 100.0000
23.3262 26 173 -0.4161 -0.0000 100.0000
23.3274 26 173 -0.3760 -0.0000 100.0000
23.3285 26 173 -0.3801 -0.0000 100.0000
23.3296 26 173 -0.3600 -0.0000 100.0000
23.3309 26 173 -0.4529 -0.0000 100.0000
23.3320 26 173 -0.4301 -0.0000 100.0000
23.3332 26 173 -0.4558 -0.0000 100.0000
23.3343 26 173 -0.4639 -0.0000 100.0000
23.3355 26 173 -0.4725 -0.0000 100.0000
23.3368 26 173 -0.5725 -0.0000 100.0000
23.3380 26 173 -0.5671 -0.0000 100.0000
23.3392 26 173 -0.6891 -0.0000 100.0000
23.3404 26 173 -0.6970 -0.0000 100.0000
23.3415 26 173 -0.7065 -0.0000 100.0000
23.3426 26 173 -0.6649 -0.0000 100.0000
23.3437 26 173 -0.5670 -0.0000 100.0000
23.3449 26 173 -0.5060 -0.0000 100.0000
23.3463 26 173 -0.4741 -0.0000 100.0000
23.3477 26 173 -0.5460 -0.0000 100.0000
23.3489 26 173 -0.5582 -0.0000 100.0000
23.3500 26 173 -0.5666 -0.0000 100.0000
23.3512 26 173 -0.5307 -0.0000 100.0000
23.3524 26 173 -0.4842 -0.0000 100.0000
23.3535 26 173 -0.4533 -0.0000 100.0000
23.3548 26 173 -0.4934 -0.0000 100.0000
23.3559 26 173 -0.4782 -0.0000 100.0000
23.3570 26 173 -0.4891 -0.0000 100.0000
23.3582 26 173 -0.5071 -0.0000 100.0000
23.3594 26 173 -0.5016 -0.0000 100.0000
23.3606 26 173 -0.4489 -0.0000 100.0000
23.3618 26 173 -0.4237 -0.0000 100.0000
23.3630 26 173 -0.4157 -0.0000 100.0000
23.3643 26 173 -0.3775 -0.0000 100.0000
23.3655 26 173 -0.3323 -0.0000 100.0000
23.3667 26 173 -0.3586 -0.0000 100.0000
23.3679 26 173 -0.3795 -0.0000 100.0000
23.3690 26 173 -0.3199 -0.0000 100.0000
23.3702 26 173 -0.2522 -0.0000 100.0000
23.3714 26 173 -0.2380 -0.0000 100.0000
23.3726 26 173 -0.2367 -0.0000 100.0000
23.3738 26 173 -0.1778 -0.0000 100.0000
23.3750 26 173 -0.1804 -0.0000 100.0000
23.3763 26 173 -0.2170 -0.0000 100.0000
23.3774 26 173 -0.2015 -0.0000 100.0000
23.3785 26 173 -0.1974 -0.0000 100.0000
23.3798 26 173 -0.2516 -0.0000 100.0000
23.3810 26 173 -0.2466 -0.0000 100.0000
23.3822 26 173 -0.2327 -0.0000 100.0000
23.3834 26 173 -0.3043 -0.0000 100.0000
23.3846 26 173 -0.2948 -0.0000 100.0000
23.3858 26 173 -0.2864 -0.0000 100.0000
23.3869 26 173 -0.3081 -0.0000 100.0000
23.3882 26 173 -0.3085 -0.0000 100.0000
23.3893 26 173 -0.3448 -0.0000 100.0000
23.3905 26 173 -0.2747 -0.0000 100.0000
23.3919 26 173 -0.2749 -0.0000 100.0000
23.3931 26 173 -0.3535 -0.0000 100.0000
23.3943 26 173 -0.3996 -0.0000 100.0000
23.3955 26 173 -0.3863 -0.0000 100.0000
23.3968 26 173 -0.3432 -0.0000 100.0000
23.3979 26 173 -0.3607 -0.0000 100.0000
23.3991 26 173 -0.3407 -0.0000 100.0000
23.4005 26 173 -0.3356 -0.0000 100.0000
23.4018 26 173 -0.3424 -0.0000 100.0000
23.4030 26 173 -0.3467 -0.0000 100.0000
23.4042 26 173 -0.3002 -0.0000 100.0000
23.4054 26 173 -0.2731 -0.0000 100.0000
23.4065 26 173 -0.2301 -0.0000 100.0000
23.4076 26 173 -0.1807 -0.0000 100.0000
23.4087 26 173 -0.0815 -0.0000 100.0000
23.4099 26 173 -0.0849 -0.0000 100.0000
23.4110 26 173 -0.1376 -0.0000 100.0000
23.4122 26 173 -0.1171 -0.0000 100.0000
23.4133 26 173 -0.1753 -0.0000 100.0000
23.4144 26 173 -0.1850 -0.0000 100.0000
23.4156 26 173 -0.2981 -0.0000 100.0000
23.4167 26 173 -0.4136 -0.0000 100.0000
23.4177 26 173 -0.3565 -0.0000 100.0000
23.4188 26 173 -0.3070 -0.0000 100.0000
23.4199 26 173 -0.2761 -0.0000 100.0000
23.4210 26 173 -0.2530 -0.0000 100.0000
23.4221 26 173 -0.2249 -0.0000 100.0000
23.4232 26 173 -0.1857 -0.0000 100.0000
23.4243 26 173 -0.1661 -0.0000 100.0000
23.4254 26 173 -0.0951 -0.0000 100.0000
23.4264 26 173 -0.0688 -0.0000 100.0000
23.4275 26 173 -0.1393 -0.0000 100.0000
23.4286 26 173 -0.1526 -0.0000 100.0000
23.4297 26 173 -0.1643 -0.0000 100.0000
23.4308 26 173 -0.1035 -0.0000 100.0000
23.4320 26 173 -0.0595 -0.0000 100.0000
23.4331 26 173 -0.0660 -0.0000 100.0000
23.4342 26 173 -0.0817 -0.0000 100.0000
23.4353 26 173 -0.0640 -0.0000 100.0000
23.4366 26 173 -0.0289 -0.0000 100.0000
23.4377 26 173 0.0159 -0.0000 100.0000
23.4388 26 173 -0.0454 -0.0000 100.0000
23.4400 26 173 -0.1233 -0.0000 100.0000
23.4415 26 173 -0.1220 -0.0000 100.0000
23.4427 26 173 -0.0224 -0.0000 100.0000
23.4439 26 173 -0.0441 -0.0000 100.0000
23.4450 26 173 -0.1321 -0.0000 100.0000
23.4461 26 173 -0.1130 -0.0000 100.0000
23.4472 26 173 -0.0339 -0.0000 100.0000
23.4484 26 173 -0.0399 -0.0000 100.0000
23.4500 26 173 -0.1071 -0.0000 100.0000
23.4513 26 173 -0.1137 -0.0000 100.0000
23.4527 26 173 -0.0015 -0.0000 100.0000
23.4541 26 173 0.0097 -0.0000 100.0000
23.4555 26 173 -0.0618 -0.0000 100.0000
23.4569 26 173 -0.1357 -0.0000 100.0000
23.4582 26 173 -0.1955 -0.0000 100.0000
23.4596 26 173 -0.2395 -0.0000 100.0000
23.4609 26 173 -0.1337 -0.0000 100.0000
23.4624 26 173 -0.1600 -0.0000 100.0000
23.4639 26 173 -0.1390 -0.0000 100.0000
23.4653 26 173 -0.0960 -0.0000 100.0000
23.4666 26 173 0.0347 -0.0000 100.0000
23.4680 26 173 0.1241 -0.0000 100.0000
23.4694 26 173 0.2664 -0.0000 100.0000
23.4708 26 173 0.2812 -0.0000 100.0000
23.4721 26 173 0.2277 -0.0000 100.0000
23.4734 26 173 0.2099 -0.0000 100.0000
23.4748 26 173 0.2914 -0.0000 100.0000
23.4762 26 173 0.2736 -0.0000 100.0000
23.4775 26 173 0.2450 -0.0000 100.0000
23.4790 26 173 0.1865 -0.0000 100.0000
23.4804 26 173 0.1632 -0.0000 100.0000
23.4817 26 173 0.1365 -0.0000 100.0000
23.4830 26 173 0.1578 -0.0000 100.0000
23.4843 26 173 0.2263 -0.0000 100.0000
23.4856 26 173 0.2779 -0.0000 100.0000
23.4870 26 173 0.3182 -0.0000 100.0000
23.4884 26 173 0.3266 -0.0000 100.0000
23.4898 26 173 0.3674 -0.0000 100.0000
23.4911 26 173 0.3794 -0.0000 100.0000
23.4925 26 173 0.4414 -0.0000 100.0000
23.4940 26 173 0.3292 -0.0000 100.0000
23.4953 26 173 0.3252 -0.0000 100.0000
23.4966 26 173 0.3412 -0.0000 100.0000
23.4980 26 173 0.4188 -0.0000 100.0000
23.4994 26 173 0.5058 -0.0000 100.0000
23.5009 26 173 0.4872 -0.0000 100.0000
23.5022 26 173 0.4634 -0.0000 100.0000
23.5035 26 173 0.5271 -0.0000 100.0000
23.5049 26 173 0.4094 -0.0000 100.0000
23.5062 26 173 0.3583 -0.0000 100.0000
23.5075 26 173 0.2307 -0.0000 100.0000
23.5089 26 173 0.1641 -0.0000 100.0000
23.5103 26 173 0.0714 -0.0000 100.0000
23.5116 26 173 0.1429 -0.0000 100.0000
23.5131 26 173 0.1036 -0.0000 100.0000
23.5145 26 173 0.0355 -0.0000 100.0000
23.5158 26 173 -0.1126 -0.0000 100.0000
23.5171 26 173 -0.0815 -0.0000 100.0000
23.5186 26 173 -0.2195 -0.0000 100.0000
23.5199 26 173 -0.2807 -0.0000 100.0000
23.5213 26 173 -0.3524 -0.0000 100.0000
23.5227 26 173 -0.3890 -0.0000 100.0000
23.5240 26 173 -0.3763 -0.0000 100.0000
23.5253 26 173 -0.3013 -0.0000 100.0000
23.5266 26 173 -0.3894 -0.0000 100.0000
23.5280 26 173 -0.5097 -0.0000 100.0000
23.5293 26 173 -0.4914 -0.0000 100.0000
23.5306 26 173 -0.5279 -0.0000 100.0000
23.5318 26 173 -0.6218 -0.0000 100.0000
23.5332 26 173 -0.6089 -0.0000 100.0000
23.5346 26 173 -0.6036 -0.0000 100.0000
23.5359 26 173 -0.5470 -0.0000 100.0000
23.5372 26 173 -0.5046 -0.0000 100.0000
23.5386 26 173 -0.4932 -0.0000 100.0000
23.5399 26 173 -0.5169 -0.0000 100.0000
23.5413 26 173 -0.5862 -0.0000 100.0000
23.5427 26 173 -0.5576 -0.0000 100.0000
23.5440 26 173 -0.5425 -0.0000 100.0000
23.5453 26 173 -0.5409 -0.0000 100.0000
23.5466 26 173 -0.6417 -0.0000 100.0000
23.5479 26 173 -0.7489 -0.0000 100.0000
23.5491 26 173 -0.8685 -0.0000 100.0000
23.5505 26 173 -0.8483 -0.0000 100.0000
23.5519 26 173 -0.8676 -0.0000 100.0000
23.5533 26 173 -0.8527 -0.0000 100.0000
23.5545 26 173 -0.8054 -0.0000 100.0000
23.5557 26 173 -0.7682 -0.0000 100.0000
23.5568 26 173 -0.7779 -0.0000 100.0000
23.5582 26 173 -0.7098 -0.0000 100.0000
23.5594 26 173 -0.6320 -0.0000 100.0000
23.5606 26 173 -0.5591 -0.0000 100.0000
23.5618 26 173 -0.4643 -0.0000 100.0000
23.5630 26 173 -0.4803 -0.0000 100.0000
23.5642 26 173 -0.4391 -0.0000 100.0000
23.5654 26 173 -0.3703 -0.0000 100.0000
23.5666 26 173 -0.2990 -0.0000 100.0000
23.5678 26 173 -0.3202 -0.0000 100.0000
23.5690 26 173 -0.2479 -0.0000 100.0000
23.5702 26 173 -0.2477 -0.0000 100.0000
23.5713 26 173 -0.2418 -0.0000 100.0000
23.5725 26 173 -0.1483 -0.0000 100.0000
23.5737 26 173 -0.1515 -0.0000 100.0000
23.5749 26 173 -0.1010 -0.0000 100.0000
23.5760 26 173 -0.1410 -0.0000 100.0000
23.5772 26 173 -0.1305 -0.0000 100.0000
23.5785 26 173 -0.1625 -0.0000 100.0000
23.5796 26 173 -0.1301 -0.0000 100.0000
23.5808 26 173 -0.1239 -0.0000 100.0000
23.5820 26 173 -0.1846 -0.0000 100.0000
23.5832 26 173 -0.1179 -0.0000 100.0000
23.5843 26 173 -0.2110 -0.0000 100.0000
23.5854 26 173 -0.2480 -0.0000 100.0000
23.5868 26 173 -0.3280 -0.0000 100.0000
23.5879 26 173 -0.3124 -0.0000 100.0000
23.5890 26 173 -0.3059 -0.0000 100.0000
23.5902 26 173 -0.3353 -0.0000 100.0000
23.5914 26 173 -0.3102 -0.0000 100.0000
23.5926 26 173 -0.2903 -0.0000 100.0000
23.5938 26 173 -0.3732 -0.0000 100.0000
23.5950 26 173 -0.4254 -0.0000 100.0000
23.5961 26 173 -0.4139 -0.0000 100.0000
23.5974 26 173 -0.4385 -0.0000 100.0000
23.5985 26 173 -0.4881 -0.0000 100.0000
23.5997 26 173 -0.5497 -0.0000 100.0000
23.6008 26 173 -0.5449 -0.0000 100.0000
23.6021 26 173 -0.5152 -0.0000 100.0000
23.6032 26 173 -0.5567 -0.0000 100.0000
23.6044 26 173 -0.6077 -0.0000 100.0000
23.6056 26 173 -0.6243 -0.0000 100.0000
23.6068 26 173 -0.6088 -0.0000 100.0000
23.6080 26 173 -0.6100 -0.0000 100.0000
23.6092 26 173 -0.6241 -0.0000 100.0000
23.6104 26 173 -0.5795 -0.0000 100.0000
23.6116 26 173 -0.6043 -0.0000 100.0000
23.6128 26 173 -0.6282 -0.0000 100.0000
23.6140 26 173 -0.5857 -0.0000 100.0000
23.6152 26 173 -0.5856 -0.0000 100.0000
23.6164 26 173 -0.6049 -0.0000 100.0000
23.6176 26 173 -0.6070 -0.0000 100.0000
23.6188 26 173 -0.6358 -0.0000 100.0000
23.6200 26 173 -0.5669 -0.0000 100.0000
23.6212 26 173 -0.6283 -0.0000 100.0000
23.6223 26 173 -0.6505 -0.0000 100.0000
23.6236 26 173 -0.6183 -0.0000 100.0000
23.6247 26 173 -0.4892 -0.0000 100.0000
23.6260 26 173 -0.5145 -0.0000 100.0000
23.6272 26 173 -0.4843 -0.0000 100.0000
23.6283 26 173 -0.4500 -0.0000 100.0000
23.6295 26 173 -0.4148 -0.0000 100.0000
23.6307 26 173 -0.4058 -0.0000 100.0000
23.6318 26 173 -0.2621 -0.0000 100.0000
23.6330 26 173 -0.2035 -0.0000 100.0000
23.6341 26 173 -0.1698 -0.0000 100.0000
23.6352 26 173 -0.2101 -0.0000 100.0000
23.6364 26 173 -0.1248 -0.0000 100.0000
23.6377 26 173 -0.1241 -0.0000 100.0000
23.6389 26 173 -0.0758 -0.0000 100.0000
23.6401 26 173 -0.0741 -0.0000 100.0000
23.6414 26 173 0.0443 -0.0000 100.0000
23.6426 26 173 0.0174 -0.0000 100.0000
23.6439 26 173 0.0094 -0.0000 100.0000
23.6451 26 173 0.0605 -0.0000 100.0000
23.6463 26 173 0.1290 -0.0000 100.0000
23.6476 26 173 0.0949 -0.0000 100.0000
23.6487 26 173 0.1198 -0.0000 100.0000
23.6498 26 173 0.1030 -0.0000 100.0000
23.6511 26 173 0.0970 -0.0000 100.0000
23.6522 26 173 0.0386 -0.0000 100.0000
23.6533 26 173 -0.0104 -0.0000 100.0000
23.6546 26 173 0.0313 -0.0000 100.0000
23.6559 26 173 0.0305 -0.0000 100.0000
23.6571 26 173 0.0639 -0.0000 100.0000
23.6583 26 173 0.0911 -0.0000 100.0000
23.6595 26 173 0.0295 -0.0000 100.0000
23.6607 26 173 0.0360 -0.0000 100.0000
23.6619 26 173 0.0928 -0.0000 100.0000
23.6631 26 173 0.0889 -0.0000 100.0000
23.6642 26 173 0.0445 -0.0000 100.0000
23.6654 26 173 0.0033 -0.0000 100.0000
23.6666 26 173 -0.0301 -0.0000 100.0000
23.6679 26 173 -0.0965 -0.0000 100.0000
23.6690 26 173 -0.1673 -0.0000 100.0000
23.6703 26 173 -0.2507 -0.0000 100.0000
23.6715 26 173 -0.2631 -0.0000 100.0000
23.6728 26 173 -0.2557 -0.0000 100.0000
23.6740 26 173 -0.2382 -0.0000 100.0000
23.6752 26 173 -0.1307 -0.0000 100.0000
23.6763 26 173 -0.1578 -0.0000 100.0000
23.6775 26 173 -0.2167 -0.0000 100.0000
23.6786 26 173 -0.1866 -0.0000 100.0000
23.6799 26 173 -0.1906 -0.0000 100.0000
23.6812 26 173 -0.2180 -0.0000 100.0000
23.6825 26 173 -0.2781 -0.0000 100.0000
23.6837 26 173 -0.2507 -0.0000 100.0000
23.6850 26 173 -0.2123 -0.0000 100.0000
23.6861 26 173 -0.2006 -0.0000 100.0000
23.6874 26 173 -0.2752 -0.0000 100.0000
23.6886 26 173 -0.2647 -0.0000 100.0000
23.6898 26 173 -0.3298 -0.0000 100.0000
23.6910 26 173 -0.3319 -0.0000 100.0000
23.6923 26 173 -0.3757 -0.0000 100.0000
23.6935 26 173 -0.3474 -0.0000 100.0000
23.6946 26 173 -0.3088 -0.0000 100.0000
23.6958 26 173 -0.2597 -0.0000 100.0000
23.6970 26 173 -0.2643 -0.0000 100.0000
23.6982 26 173 -0.2206 -0.0000 100.0000
23.6994 26 173 -0.2925 -0.0000 100.0000
23.7006 26 173 -0.2686 -0.0000 100.0000
23.7018 26 173 -0.3085 -0.0000 100.0000
23.7030 26 173 -0.3119 -0.0000 100.0000
23.7042 26 173 -0.2207 -0.0000 100.0000
23.7054 26 173 -0.2289 -0.0000 100.0000
23.7065 26 173 -0.2001 -0.0000 100.0000
23.7076 26 173 -0.2297 -0.0000 100.0000
23.7088 26 173 -0.3209 -0.0000 100.0000
23.7100 26 173 -0.2337 -0.0000 100.0000
23.7111 26 173 -0.2826 -0.0000 100.0000
23.7122 26 173 -0.3304 -0.0000 100.0000
23.7134 26 173 -0.2749 -0.0000 100.0000
23.7146 26 173 -0.3031 -0.0000 100.0000
23.7157 26 173 -0.3076 -0.0000 100.0000
23.7169 26 173 -0.3250 -0.0000 100.0000
23.7180 26 173 -0.2714 -0.0000 100.0000
23.7191 26 173 -0.1941 -0.0000 100.0000
23.7202 26 173 -0.1504 -0.0000 100.0000
23.7213 26 173 -0.1271 -0.0000 100.0000
23.7224 26 173 -0.1315 -0.0000 100.0000
23.7234 26 173 -0.2074 -0.0000 100.0000
23.7245 26 173 -0.2730 -0.0000 100.0000
23.7256 26 173 -0.2241 -0.0000 100.0000
23.7267 26 173 -0.2178 -0.0000 100.0000
23.7280 26 173 -0.2671 -0.0000 100.0000
23.7291 26 173 -0.2933 -0.0000 100.0000
23.7302 26 173 -0.3042 -0.0000 100.0000
23.7313 26 173 -0.3559 -0.0000 100.0000
23.7324 26 173 -0.3454 -0.0000 100.0000
23.7335 26 173 -0.3968 -0.0000 100.0000
23.7346 26 173 -0.4262 -0.0000 100.0000
23.7356 26 173 -0.3879 -0.0000 100.0000
23.7367 26 173 -0.4092 -0.0000 100.0000
23.7381 26 173 -0.4922 -0.0000 100.0000
23.7392 26 173 -0.4595 -0.0000 100.0000
23.7403 26 173 -0.4420 -0.0000 100.0000
23.7417 26 173 -0.4271 -0.0000 100.0000
23.7432 26 173 -0.4735 -0.0000 100.0000
23.7444 25 174 -0.4671 -0.0000 100.0000
23.7460 25 174 -0.5575 -0.0000 100.0000
23.7472 25 174 -0.5551 -0.0000 100.0000
23.7484 25 174 -0.5482 -0.0000 100.0000
23.7496 25 174 -0.5818 -0.0000 100.0000
23.7507 25 174 -0.5092 -0.0000 100.0000
23.7518 25 174 -0.4574 -0.0000 100.0000
23.7530 25 174 -0.3743 -0.0000 100.0000
23.7541 25 174 -0.3466 -0.0000 100.0000
23.7552 25 174 -0.2817 -0.0000 100.0000
23.7566 25 174 -0.3175 -0.0000 100.0000
23.7578 25 174 -0.2499 -0.0000 100.0000
23.7589 25 174 -0.2743 -0.0000 100.0000
23.7601 25 174 -0.3014 -0.0000 100.0000
23.7614 25 174 -0.3082 -0.0000 100.0000
23.7626 25 174 -0.2735 -0.0000 100.0000
23.7638 25 174 -0.2587 -0.0000 100.0000
23.7650 25 174 -0.2130 -0.0000 100.0000
23.7661 25 174 -0.2545 -0.0000 100.0000
23.7673 25 174 -0.3197 -0.0000 100.0000
23.7686 25 174 -0.4077 -0.0000 100.0000
23.7698 25 174 -0.3975 -0.0000 100.0000
23.7710 25 174 -0.3025 -0.0000 100.0000
23.7722 25 174 -0.2473 -0.0000 100.0000
23.7733 25 174 -0.1929 -0.0000 100.0000
23.7745 25 174 -0.2337 -0.0000 100.0000
23.7757 25 174 -0.2915 -0.0000 100.0000
23.7769 25 174 -0.3930 -0.0000 100.0000
23.7783 25 174 -0.3565 -0.0000 100.0000
23.7796 25 174 -0.4203 -0.0000 100.0000
23.7807 25 174 -0.3949 -0.0000 100.0000
23.7818 25 174 -0.3917 -0.0000 100.0000
23.7832 25 174 -0.4329 -0.0000 100.0000
23.7844 25 174 -0.4954 -0.0000 100.0000
23.7855 25 174 -0.5301 -0.0000 100.0000
23.7868 25 174 -0.5229 -0.0000 100.0000
23.7880 25 174 -0.5729 -0.0000 100.0000
23.7892 25 174 -0.6420 -0.0000 100.0000
23.7904 25 174 -0.6086 -0.0000 100.0000
23.7916 25 174 -0.6788 -0.0000 100.0000
23.7928 25 174 -0.7178 -0.0000 100.0000
23.7940 25 174 -0.7640 -0.0000 100.0000
23.7952 25 174 -0.7099 -0.0000 100.0000
23.7964 25 174 -0.6506 -0.0000 100.0000
23.7976 25 174 -0.6209 -0.0000 100.0000
23.7987 25 174 -0.6260 -0.0000 100.0000
23.8000 25 174 -0.6175 -0.0000 100.0000
23.8011 25 174 -0.6142 -0.0000 100.0000
23.8023 25 174 -0.5670 -0.0000 100.0000
23.8035 25 174 -0.5649 -0.0000 100.0000
23.8048 25 174 -0.5637 -0.0000 100.0000
23.8060 25 174 -0.5166 -0.0000 100.0000
23.8072 25 174 -0.4274 -0.0000 100.0000
23.8083 25 174 -0.3994 -0.0000 100.0000
23.8096 25 174 -0.3376 -0.0000 100.0000
23.8108 25 174 -0.3889 -0.0000 100.0000
23.8120 25 174 -0.4643 -0.0000 100.0000
23.8131 25 174 -0.4313 -0.0000 100.0000
23.8143 25 174 -0.4928 -0.0000 100.0000
23.8155 25 174 -0.4592 -0.0000 100.0000
23.8167 25 174 -0.5148 -0.0000 100.0000
23.8180 25 174 -0.5210 -0.0000 100.0000
23.8192 25 174 -0.5274 -0.0000 100.0000
23.8204 25 174 -0.4246 -0.0000 100.0000
23.8215 25 174 -0.4827 -0.0000 100.0000
23.8227 25 174 -0.5102 -0.0000 100.0000
23.8239 25 174 -0.4455 -0.0000 100.0000
23.8251 25 174 -0.4565 -0.0000 100.0000
23.8262 25 174 -0.4735 -0.0000 100.0000
23.8274 25 174 -0.4339 -0.0000 100.0000
23.8286 25 174 -0.4623 -0.0000 100.0000
23.8298 25 174 -0.4834 -0.0000 100.0000
23.8310 25 174 -0.4189 -0.0000 100.0000
23.8321 25 174 -0.4124 -0.0000 100.0000
23.8333 25 174 -0.3214 -0.0000 100.0000
23.8345 25 174 -0.2415 -0.0000 100.0000
23.8356 25 174 -0.2290 -0.0000 100.0000
23.8368 25 174 -0.2928 -0.0000 100.0000
23.8379 25 174 -0.3860 -0.0000 100.0000
23.8391 25 174 -0.3975 -0.0000 100.0000
23.8403 25 174 -0.3801 -0.0000 100.0000
23.8415 25 174 -0.3357 -0.0000 100.0000
23.8426 25 174 -0.2359 -0.0000 100.0000
23.8437 25 174 -0.1705 -0.0000 100.0000
23.8449 25 174 -0.1171 -0.0000 100.0000
23.8460 25 174 -0.0170 -0.0000 100.0000
23.8471 25 174 0.0002 -0.0000 100.0000
23.8489 25 174 0.1182 -0.0000 100.0000
23.8502 25 174 0.0544 -0.0000 100.0000
23.8514 25 174 0.0367 -0.0000 100.0000
23.8526 25 174 0.1002 -0.0000 100.0000
23.8537 25 174 0.1118 -0.0000 100.0000
23.8548 25 174 0.1085 -0.0000 100.0000
23.8560 25 174 0.1137 -0.0000 100.0000
23.8572 25 174 0.1578 -0.0000 100.0000
23.8584 25 174 0.1827 -0.0000 100.0000
23.8599 25 174 0.0955 -0.0000 100.0000
23.8611 25 174 0.1866 -0.0000 100.0000
23.8623 25 174 0.2124 -0.0000 100.0000
23.8635 25 174 0.1571 -0.0000 100.0000
23.8647 25 174 0.1481 -0.0000 100.0000
23.8659 25 174 0.1863 -0.0000 100.0000
23.8671 25 174 0.2389 -0.0000 100.0000
23.8682 25 174 0.2752 -0.0000 100.0000
23.8694 25 174 0.3693 -0.0000 100.0000
23.8706 25 174 0.3135 -0.0000 100.0000
23.8718 25 174 0.3771 -0.0000 100.0000
23.8729 25 174 0.4514 -0.0000 100.0000
23.8742 25 174 0.5050 -0.0000 100.0000
23.8755 25 174 0.5473 -0.0000 100.0000
23.8767 25 174 0.5837 -0.0000 100.0000
23.8779 25 174 0.5853 -0.0000 100.0000
23.8791 25 174 0.5030 -0.0000 100.0000
23.8803 25 174 0.4591 -0.0000 100.0000
23.8815 25 174 0.5042 -0.0000 100.0000
23.8827 25 174 0.4903 -0.0000 100.0000
23.8839 25 174 0.4310 -0.0000 100.0000
23.8851 25 174 0.4412 -0.0000 100.0000
23.8863 25 174 0.3881 -0.0000 100.0000
23.8875 25 174 0.3782 -0.0000 100.0000
23.8887 25 174 0.3861 -0.0000 100.0000
23.8899 25 174 0.3700 -0.0000 100.0000
23.8912 25 174 0.2464 -0.0000 100.0000
23.8925 25 174 0.1978 -0.0000 100.0000
23.8937 25 174 0.1867 -0.0000 100.0000
23.8949 25 174 0.1974 -0.0000 100.0000
23.8961 25 174 0.0869 -0.0000 100.0000
23.8973 25 174 0.0661 -0.0000 100.0000
23.8984 25 174 -0.0032 -0.0000 100.0000
23.8998 25 174 -0.0501 -0.0000 100.0000
23.9010 25 174 0.0291 -0.0000 100.0000
23.9022 25 174 -0.0210 -0.0000 100.0000
23.9034 25 174 0.0750 -0.0000 100.0000
23.9046 25 174 0.0317 -0.0000 100.0000
23.9058 25 174 0.0425 -0.0000 100.0000
23.9069 25 174 0.0507 -0.0000 100.0000
23.9082 25 174 0.0725 -0.0000 100.0000
23.9093 25 174 -0.0534 -0.0000 100.0000
23.9106 25 174 -0.0797 -0.0000 100.0000
23.9119 25 174 -0.0418 -0.0000 100.0000
23.9130 25 174 -0.0854 -0.0000 100.0000
23.9142 25 174 -0.0942 -0.0000 100.0000
23.9154 25 174 -0.0349 -0.0000 100.0000
23.9166 25 174 -0.1344 -0.0000 100.0000
23.9177 25 174 -0.1472 -0.0000 100.0000
23.9190 25 174 -0.2392 -0.0000 100.0000
23.9202 25 174 -0.2387 -0.0000 100.0000
23.9214 25 174 -0.2195 -0.0000 100.0000
23.9226 25 174 -0.2088 -0.0000 100.0000
23.9238 25 174 -0.1965 -0.0000 100.0000
23.9249 25 174 -0.1956 -0.0000 100.0000
23.9261 25 174 -0.1881 -0.0000 100.0000
23.9274 25 174 -0.1498 -0.0000 100.0000
23.9286 25 174 -0.1654 -0.0000 100.0000
23.9298 25 174 -0.1362 -0.0000 100.0000
23.9310 25 174 -0.1197 -0.0000 100.0000
23.9322 25 174 -0.1490 -0.0000 100.0000
23.9334 25 174 -0.0913 -0.0000 100.0000
23.9345 25 174 -0.0112 -0.0000 100.0000
23.9356 25 174 -0.0126 -0.0000 100.0000
23.9369 25 174 -0.0071 -0.0000 100.0000
23.9382 25 174 0.0294 -0.0000 100.0000
23.9394 25 174 0.0257 -0.0000 100.0000
23.9405 25 174 -0.0338 -0.0000 100.0000
23.9416 25 174 -0.1043 -0.0000 100.0000
23.9428 25 174 -0.1523 -0.0000 100.0000
23.9439 25 174 -0.1925 -0.0000 100.0000
23.9451 25 174 -0.2225 -0.0000 100.0000
23.9465 25 174 -0.3306 -0.0000 100.0000
23.9478 25 174 -0.2484 -0.0000 100.0000
23.9490 25 174 -0.2556 -0.0000 100.0000
23.9503 25 174 -0.2439 -0.0000 100.0000
23.9515 25 174 -0.1463 -0.0000 100.0000
23.9527 25 174 -0.1276 -0.0000 100.0000
23.9538 25 174 -0.1168 -0.0000 100.0000
23.9550 25 174 -0.1317 -0.0000 100.0000
23.9561 25 174 -0.0832 -0.0000 100.0000
23.9572 25 174 -0.1205 -0.0000 100.0000
23.9584 25 174 -0.1216 -0.0000 100.0000
23.9595 25 174 -0.1472 -0.0000 100.0000
23.9606 25 174 -0.0788 -0.0000 100.0000
23.9619 25 174 -0.1278 -0.0000 100.0000
23.9638 25 174 -0.1338 -0.0000 100.0000
23.9650 25 174 0.0270 -0.0000 100.0000
23.9663 25 174 0.0943 -0.0000 100.0000
23.9675 25 174 0.2040 -0.0000 100.0000
23.9686 25 174 0.1457 -0.0000 100.0000
23.9700 25 174 0.2168 -0.0000 100.0000
23.9712 25 174 0.2277 -0.0000 100.0000
23.9724 25 174 0.2185 -0.0000 100.0000
23.9735 25 174 0.2074 -0.0000 100.0000
23.9747 25 174 0.2232 -0.0000 100.0000
23.9758 25 174 0.1995 -0.0000 100.0000
23.9770 25 174 0.1903 -0.0000 100.0000
23.9781 25 174 0.1660 -0.0000 100.0000
23.9793 25 174 0.1289 -0.0000 100.0000
23.9804 25 174 0.1494 -0.0000 100.0000
23.9815 25 174 0.1477 -0.0000 100.0000
23.9826 25 174 0.0795 -0.0000 100.0000
23.9838 25 174 0.0447 -0.0000 100.0000
23.9848 25 174 0.0281 -0.0000 100.0000
23.9860 25 174 -0.0367 -0.0000 100.0000
23.9872 25 174 -0.0403 -0.0000 100.0000
23.9883 25 174 -0.0830 -0.0000 100.0000
23.9895 25 174 -0.0180 -0.0000 100.0000
23.9906 25 174 -0.0641 -0.0000 100.0000
23.9917 25 174 -0.0405 -0.0000 100.0000
23.9928 25 174 -0.0652 -0.0000 100.0000
23.9939 25 174 -0.1486 -0.0000 100.0000
23.9950 25 174 -0.1260 -0.0000 100.0000
23.9963 25 174 -0.1363 -0.0000 100.0000
23.9974 25 174 -0.1181 -0.0000 100.0000
23.9985 25 174 -0.0899 -0.0000 100.0000
23.9996 25 174 -0.1631 -0.0000 100.0000
24.0007 25 174 -0.2029 -0.0000 100.0000
24.0019 25 174 -0.2199 -0.0000 100.0000
24.0031 25 174 -0.2033 -0.0000 100.0000
24.0042 25 174 -0.1851 -0.0000 100.0000
24.0053 25 174 -0.2227 -0.0000 100.0000
24.0064 25 174 -0.2702 -0.0000 100.0000
24.0075 25 174 -0.1915 -0.0000 100.0000
24.0086 25 174 -0.2135 -0.0000 100.0000
24.0097 25 174 -0.1545 -0.0000 100.0000
24.0108 25 174 -0.1632 -0.0000 100.0000
24.0119 25 174 -0.1111 -0.0000 100.0000
24.0131 25 174 -0.0744 -0.0000 100.0000
24.0142 25 174 0.0247 -0.0000 100.0000
24.0153 25 174 0.0132 -0.0000 100.0000
24.0164 25 174 0.0435 -0.0000 100.0000
24.0176 25 174 -0.0195 -0.0000 100.0000
24.0187 25 174 0.0177 -0.0000 100.0000
24.0198 25 174 0.0161 -0.0000 100.0000
24.0209 25 174 -0.1125 -0.0000 100.0000
24.0220 25 174 -0.1000 -0.0000 100.0000
24.0232 25 174 -0.0919 -0.0000 100.0000
24.0243 25 174 -0.0713 -0.0000 100.0000
24.0254 25 174 -0.0531 -0.0000 100.0000
24.0265 25 174 -0.0877 -0.0000 100.0000
24.0276 25 174 -0.0099 -0.0000 100.0000
24.0287 25 174 -0.0891 -0.0000 100.0000
24.0298 25 174 -0.1052 -0.0000 100.0000
24.0309 25 174 -0.2060 -0.0000 100.0000
24.0320 25 174 -0.1808 -0.0000 100.0000
24.0331 25 174 -0.1627 -0.0000 100.0000
24.0342 25 174 -0.1463 -0.0000 100.0000
24.0353 25 174 -0.1011 -0.0000 100.0000
24.0364 25 174 -0.0190 -0.0000 100.0000
24.0375 25 174 0.0307 -0.0000 100.0000
24.0386 25 174 0.0668 -0.0000 100.0000
24.0398 25 174 0.0333 -0.0000 100.0000
24.0410 25 174 -0.0586 -0.0000 100.0000
24.0421 25 174 -0.0495 -0.0000 100.0000
24.0432 25 174 0.0552 -0.0000 100.0000
24.0444 25 174 0.0454 -0.0000 100.0000
24.0455 25 174 0.0222 -0.0000 100.0000
24.0466 25 174 0.1006 -0.0000 100.0000
24.0477 25 174 0.0786 -0.0000 100.0000
24.0489 25 174 0.0600 -0.0000 100.0000
24.0500 25 174 0.0881 -0.0000 100.0000
24.0511 25 174 0.0629 -0.0000 100.0000
24.0522 25 174 0.0966 -0.0000 100.0000
24.0534 25 174 0.0971 -0.0000 100.0000
24.0545 25 174 0.0750 -0.0000 100.0000
24.0558 25 174 0.1020 -0.0000 100.0000
24.0571 25 174 0.0833 -0.0000 100.0000
24.0583 25 174 0.0712 -0.0000 100.0000
24.0596 25 174 0.0533 -0.0000 100.0000
24.0609 25 174 0.0692 -0.0000 100.0000
24.0621 25 174 -0.0098 -0.0000 100.0000
24.0634 25 174 0.0184 -0.0000 100.0000
24.0647 25 174 -0.0439 -0.0000 100.0000
24.0659 25 174 -0.1174 -0.0000 100.0000
24.0672 25 174 -0.1916 -0.0000 100.0000
24.0685 25 174 -0.1786 -0.0000 100.0000
24.0697 25 174 -0.1333 -0.0000 100.0000
24.0710 25 174 -0.1795 -0.0000 100.0000
24.0723 25 174 -0.1185 -0.0000 100.0000
24.0736 25 174 -0.1131 -0.0000 100.0000
24.0748 25 174 -0.1003 -0.0000 100.0000
24.0761 25 174 -0.1537 -0.0000 100.0000
24.0774 25 174 -0.1582 -0.0000 100.0000
24.0786 25 174 -0.1853 -0.0000 100.0000
24.0799 25 174 -0.1808 -0.0000 100.0000
24.0812 25 174 -0.2639 -0.0000 100.0000
24.0824 25 174 -0.3815 -0.0000 100.0000
24.0837 25 174 -0.3317 -0.0000 100.0000
24.0850 25 174 -0.3542 -0.0000 100.0000
24.0862 25 174 -0.3621 -0.0000 100.0000
24.0875 25 174 -0.4252 -0.0000 100.0000
24.0888 25 174 -0.4040 -0.0000 100.0000
24.0901 25 174 -0.3569 -0.0000 100.0000
24.0913 25 174 -0.4102 -0.0000 100.0000
24.0926 25 174 -0.3388 -0.0000 100.0000
24.0939 25 174 -0.3323 -0.0000 100.0000
24.0951 25 174 -0.3685 -0.0000 100.0000
24.0964 25 174 -0.3337 -0.0000 100.0000
24.0977 25 174 -0.3893 -0.0000 100.0000
24.0989 25 174 -0.5332 -0.0000 100.0000
24.1002 25 174 -0.4545 -0.0000 100.0000
24.1015 25 174 -0.4254 -0.0000 100.0000
24.1027 25 174 -0.4516 -0.0000 100.0000
24.1040 25 174 -0.5378 -0.0000 100.0000
24.1053 25 174 -0.6627 -0.0000 100.0000
24.1066 25 174 -0.7447 -0.0000 100.0000
24.1078 25 174 -0.7557 -0.0000 100.0000
24.1091 25 174 -0.7376 -0.0000 100.0000
24.1104 25 174 -0.7373 -0.0000 100.0000
24.1116 25 174 -0.7221 -0.0000 100.0000
24.1129 25 174 -0.8126 -0.0000 100.0000
24.1142 25 174 -0.8020 -0.0000 100.0000
24.1154 25 174 -0.8265 -0.0000 100.0000
24.1167 25 174 -0.8394 -0.0000 100.0000
24.1180 25 174 -0.8369 -0.0000 100.0000
24.1193 25 174 -0.8998 -0.0000 100.0000
24.1205 25 174 -0.8945 -0.0000 100.0000
24.1218 25 174 -0.8579 -0.0000 100.0000
24.1231 25 174 -0.8233 -0.0000 100.0000
24.1243 25 174 -0.8290 -0.0000 100.0000
24.1256 25 174 -0.8232 -0.0000 100.0000
24.1269 25 174 -0.7313 -0.0000 100.0000
24.1281 25 174 -0.7096 -0.0000 100.0000
24.1294 25 174 -0.6450 -0.0000 100.0000
24.1307 25 174 -0.6931 -0.0000 100.0000
24.1319 25 174 -0.6297 -0.0000 100.0000
24.1332 25 174 -0.5885 -0.0000 100.0000
24.1345 25 174 -0.5273 -0.0000 100.0000
24.1358 25 174 -0.5296 -0.0000 100.0000
24.1370 25 174 -0.5636 -0.0000 100.0000
24.1383 25 174 -0.6297 -0.0000 100.0000
24.1396 25 174 -0.6762 -0.0000 100.0000
24.1409 25 174 -0.6658 -0.0000 100.0000
24.1422 25 174 -0.6662 -0.0000 100.0000
24.1435 25 174 -0.5785 -0.0000 100.0000
24.1448 25 174 -0.5493 -0.0000 100.0000
24.1460 25 174 -0.5004 -0.0000 100.0000
24.1472 25 174 -0.4197 -0.0000 100.0000
24.1485 25 174 -0.4239 -0.0000 100.0000
24.1498 25 174 -0.3142 -0.0000 100.0000
24.1511 25 174 -0.2883 -0.0000 100.0000
24.1524 25 174 -0.1942 -0.0000 100.0000
24.1537 25 174 -0.2350 -0.0000 100.0000
24.1550 25 174 -0.2681 -0.0000 100.0000
24.1562 25 174 -0.2127 -0.0000 100.0000
24.1575 25 174 -0.1738 -0.0000 100.0000
24.1588 25 174 -0.2392 -0.0000 100.0000
24.1600 25 174 -0.1729 -0.0000 100.0000
24.1613 25 174 -0.1991 -0.0000 100.0000
24.1626 25 174 -0.2086 -0.0000 100.0000
24.1638 25 174 -0.2437 -0.0000 100.0000
24.1651 25 174 -0.2687 -0.0000 100.0000
24.1664 25 174 -0.2025 -0.0000 100.0000
24.1676 25 174 -0.1245 -0.0000 100.0000
24.1689 25 174 -0.0349 -0.0000 100.0000
24.1702 25 174 0.0208 -0.0000 100.0000
24.1715 25 174 0.0023 -0.0000 100.0000
24.1728 25 174 0.0364 -0.0000 100.0000
24.1740 25 174 -0.0408 -0.0000 100.0000
24.1753 25 174 -0.0139 -0.0000 100.0000
24.1766 25 174 -0.0270 -0.0000 100.0000
24.1779 25 174 -0.0076 -0.0000 100.0000
24.1792 25 174 -0.0623 -0.0000 100.0000
24.1804 25 174 -0.0237 -0.0000 100.0000
24.1817 25 174 -0.0813 -0.0000 100.0000
24.1830 25 174 -0.1120 -0.0000 100.0000
24.1842 25 174 -0.0595 -0.0000 100.0000
24.1855 25 174 -0.0408 -0.0000 100.0000
24.1867 25 174 -0.0701 -0.0000 100.0000
24.1880 25 174 -0.1203 -0.0000 100.0000
24.1893 25 174 -0.0356 -0.0000 100.0000
24.1905 25 174 -0.0796 -0.0000 100.0000
24.1918 25 174 0.0280 -0.0000 100.0000
24.1931 25 174 0.1073 -0.0000 100.0000
24.1943 25 174 0.1131 -0.0000 100.0000
24.1956 25 174 0.0940 -0.0000 100.0000
24.1969 25 174 0.1269 -0.0000 100.0000
24.1981 25 174 -0.0248 -0.0000 100.0000
24.1994 25 174 -0.0391 -0.0000 100.0000
24.2007 25 174 -0.0495 -0.0000 100.0000
24.2020 25 174 -0.0588 -0.0000 100.0000
24.2033 25 174 -0.0457 -0.0000 100.0000
24.2046 25 174 -0.1594 -0.0000 100.0000
24.2059 25 174 -0.1551 -0.0000 100.0000
24.2071 25 174 -0.2478 -0.0000 100.0000
24.2084 25 174 -0.2011 -0.0000 100.0000
24.2097 25 174 -0.1771 -0.0000 100.0000
24.2110 25 174 -0.2478 -0.0000 100.0000
24.2122 25 174 -0.2656 -0.0000 100.0000
24.2135 25 174 -0.2875 -0.0000 100.0000
24.2148 25 174 -0.2546 -0.0000 100.0000
24.2161 25 174 -0.3363 -0.0000 100.0000
24.2173 25 174 -0.2417 -0.0000 100.0000
24.2186 25 174 -0.2390 -0.0000 100.0000
24.2199 25 174 -0.2560 -0.0000 100.0000
24.2212 25 174 -0.2670 -0.0000 100.0000
24.2225 25 174 -0.3464 -0.0000 100.0000
24.2237 25 174 -0.2851 -0.0000 100.0000
24.2250 25 174 -0.2801 -0.0000 100.0000
24.2263 25 174 -0.3116 -0.0000 100.0000
24.2276 25 174 -0.3513 -0.0000 100.0000
24.2288 25 174 -0.2786 -0.0000 100.0000
24.2301 25 174 -0.2123 -0.0000 100.0000
24.2314 25 174 -0.1735 -0.0000 100.0000
24.2327 25 174 -0.2078 -0.0000 100.0000
24.2339 25 174 -0.2248 -0.0000 100.0000
24.2352 25 174 -0.2519 -0.0000 100.0000
24.2365 25 174 -0.3172 -0.0000 100.0000
24.2378 25 174 -0.3149 -0.0000 100.0000
24.2390 25 174 -0.2961 -0.0000 100.0000
24.2403 25 174 -0.2872 -0.0000 100.0000
24.2415 25 174 -0.3109 -0.0000 100.0000
24.2428 25 174 -0.2273 -0.0000 100.0000
24.2441 25 174 -0.1918 -0.0000 100.0000
24.2454 25 174 -0.1875 -0.0000 100.0000
24.2466 25 174 -0.3359 -0.0000 100.0000
24.2479 25 174 -0.3295 -0.0000 100.0000
24.2492 25 174 -0.3033 -0.0000 100.0000
24.2504 25 174 -0.3553 -0.0000 100.0000
24.2517 25 174 -0.3765 -0.0000 100.0000
24.2529 25 174 -0.3264 -0.0000 100.0000
24.2542 25 174 -0.2189 -0.0000 100.0000
24.2555 25 174 -0.2549 -0.0000 100.0000
24.2567 25 174 -0.1635 -0.0000 100.0000
24.2579 25 174 -0.1887 -0.0000 100.0000
24.2592 25 174 -0.1811 -0.0000 100.0000
24.2605 25 174 -0.1637 -0.0000 100.0000
24.2618 25 174 -0.1806 -0.0000 100.0000
24.2630 25 174 -0.1288 -0.0000 100.0000
24.2643 25 174 -0.1073 -0.0000 100.0000
24.2655 25 174 -0.1054 -0.0000 100.0000
24.2668 25 174 -0.0938 -0.0000 100.0000
24.2680 25 174 -0.0368 -0.0000 100.0000
24.2693 25 174 -0.0528 -0.0000 100.0000
24.2705 25 174 -0.0119 -0.0000 100.0000
24.2718 25 174 0.0101 -0.0000 100.0000
24.2730 25 174 -0.0082 -0.0000 100.0000
24.2743 25 174 0.0183 -0.0000 100.0000
24.2756 25 174 -0.0240 -0.0000 100.0000
24.2768 25 174 0.0615 -0.0000 100.0000
24.2781 25 174 0.0528 -0.0000 100.0000
24.2793 25 174 -0.0029 -0.0000 100.0000
24.2805 25 174 -0.0016 -0.0000 100.0000
24.2818 25 174 -0.1397 -0.0000 100.0000
24.2830 25 174 -0.1416 -0.0000 100.0000
24.2842 25 174 -0.1523 -0.0000 100.0000
24.2855 25 174 -0.2076 -0.0000 100.0000
24.2867 25 174 -0.3055 -0.0000 100.0000
24.2879 25 174 -0.3150 -0.0000 100.0000
24.2892 25 174 -0.3527 -0.0000 100.0000
24.2905 25 174 -0.3424 -0.0000 100.0000
24.2917 25 174 -0.2888 -0.0000 100.0000
24.2930 25 174 -0.3009 -0.0000 100.0000
24.2943 25 174 -0.2880 -0.0000 100.0000
24.2955 25 174 -0.2956 -0.0000 100.0000
24.2968 25 174 -0.1990 -0.0000 100.0000
24.2980 25 174 -0.1399 -0.0000 100.0000
24.2993 25 174 -0.0986 -0.0000 100.0000
24.3005 25 174 -0.0380 -0.0000 100.0000
24.3018 25 174 -0.1071 -0.0000 100.0000
24.3031 25 174 -0.0291 -0.0000 100.0000
24.3043 25 174 0.0427 -0.0000 100.0000
24.3056 25 174 -0.0021 -0.0000 100.0000
24.3068 25 174 0.0457 -0.0000 100.0000
24.3081 25 174 0.0684 -0.0000 100.0000
24.3093 25 174 0.0292 -0.0000 100.0000
24.3106 25 174 -0.0264 -0.0000 100.0000
24.3118 25 174 0.0388 -0.0000 100.0000
24.3131 25 174 0.0734 -0.0000 100.0000
24.3143 25 174 0.0336 -0.0000 100.0000
24.3156 25 174 0.0790 -0.0000 100.0000
24.3168 25 174 -0.0146 -0.0000 100.0000
24.3181 25 174 -0.0002 -0.0000 100.0000
24.3193 25 174 -0.0375 -0.0000 100.0000
24.3206 25 174 -0.0643 -0.0000 100.0000
24.3218 25 174 -0.1251 -0.0000 100.0000
24.3231 25 174 -0.0556 -0.0000 100.0000
24.3243 25 174 -0.1296 -0.0000 100.0000
24.3256 25 174 -0.1706 -0.0000 100.0000
24.3268 25 174 -0.2190 -0.0000 100.0000
24.3281 25 174 -0.1998 -0.0000 100.0000
24.3293 25 174 -0.1945 -0.0000 100.0000
24.3306 25 174 -0.1557 -0.0000 100.0000
24.3318 25 174 -0.1835 -0.0000 100.0000
24.3331 25 174 -0.2414 -0.0000 100.0000
24.3343 25 174 -0.3256 -0.0000 100.0000
24.3356 25 174 -0.3392 -0.0000 100.0000
24.3369 25 174 -0.3113 -0.0000 100.0000
24.3381 25 174 -0.2868 -0.0000 100.0000
24.3394 25 174 -0.2615 -0.0000 100.0000
24.3406 25 174 -0.2864 -0.0000 100.0000
24.3419 25 174 -0.2385 -0.0000 100.0000
24.3431 25 174 -0.2804 -0.0000 100.0000
24.3444 25 174 -0.2410 -0.0000 100.0000
24.3457 25 174 -0.2047 -0.0000 100.0000
24.3469 25 174 -0.2375 -0.0000 100.0000
24.3482 25 174 -0.2471 -0.0000 100.0000
24.3494 25 174 -0.3056 -0.0000 100.0000
24.3507 25 174 -0.3104 -0.0000 100.0000
24.3520 25 174 -0.3496 -0.0000 100.0000
24.3532 25 174 -0.3932 -0.0000 100.0000
24.3545 25 174 -0.2841 -0.0000 100.0000
24.3557 25 174 -0.2162 -0.0000 100.0000
24.3570 25 174 -0.2111 -0.0000 100.0000
24.3582 25 174 -0.1399 -0.0000 100.0000
24.3595 25 174 -0.1020 -0.0000 100.0000
24.3607 25 174 -0.1585 -0.0000 100.0000
24.3620 25 174 -0.1847 -0.0000 100.0000
24.3633 25 174 -0.0888 -0.0000 100.0000
24.3645 25 174 0.0039 -0.0000 100.0000
24.3658 25 174 0.0490 -0.0000 100.0000
24.3670 25 174 0.0437 -0.0000 100.0000
24.3683 25 174 0.0932 -0.0000 100.0000
24.3695 25 174 0.1458 -0.0000 100.0000
24.3708 25 174 0.1200 -0.0000 100.0000
24.3720 25 174 0.1090 -0.0000 100.0000
24.3733 25 174 0.0959 -0.0000 100.0000
24.3745 25 174 0.0576 -0.0000 100.0000
24.3758 25 174 0.0237 -0.0000 100.0000
24.3770 25 174 -0.0004 -0.0000 100.0000
24.3783 25 174 0.1082 -0.0000 100.0000
24.3796 25 174 0.0819 -0.0000 100.0000
24.3808 25 174 0.0890 -0.0000 100.0000
24.3821 25 174 0.1156 -0.0000 100.0000
24.3833 25 174 0.1528 -0.0000 100.0000
24.3846 25 174 0.2167 -0.0000 100.0000
24.3858 25 174 0.1294 -0.0000 100.0000
24.3871 25 174 0.1046 -0.0000 100.0000
24.3883 25 174 0.1958 -0.0000 100.0000
24.3896 25 174 0.1583 -0.0000 100.0000
24.3909 25 174 0.0838 -0.0000 100.0000
24.3921 25 174 0.0864 -0.0000 100.0000
24.3934 25 174 -0.0252 -0.0000 100.0000
24.3946 25 174 -0.0471 -0.0000 100.0000
24.3959 25 174 -0.1091 -0.0000 100.0000
24.3972 25 174 -0.1188 -0.0000 100.0000
24.3984 25 174 -0.2116 -0.0000 100.0000
24.3997 25 174 -0.2802 -0.0000 100.0000
24.4009 25 174 -0.2103 -0.0000 100.0000
24.4021 25 174 -0.1793 -0.0000 100.0000
24.4033 25 174 -0.1328 -0.0000 100.0000
24.4046 25 174 -0.1735 -0.0000 100.0000
24.4058 25 174 -0.0882 -0.0000 100.0000
24.4070 25 174 -0.0710 -0.0000 100.0000
24.4083 25 174 -0.1264 -0.0000 100.0000
24.4095 25 174 -0.1376 -0.0000 100.0000
24.4108 25 174 -0.1382 -0.0000 100.0000
24.4120 25 174 -0.2114 -0.0000 100.0000
24.4133 25 174 -0.3385 -0.0000 100.0000
24.4145 25 174 -0.2792 -0.0000 100.0000
24.4158 25 174 -0.2586 -0.0000 100.0000
24.4170 25 174 -0.1546 -0.0000 100.0000
24.4183 25 174 -0.1583 -0.0000 100.0000
24.4195 25 174 -0.1540 -0.0000 100.0000
24.4208 25 174 -0.1425 -0.0000 100.0000
24.4220 25 174 -0.1349 -0.0000 100.0000
24.4232 25 174 -0.0451 -0.0000 100.0000
24.4245 25 174 0.0638 -0.0000 100.0000
24.4257 25 174 0.1482 -0.0000 100.0000
24.4269 25 174 0.2042 -0.0000 100.0000
24.4281 25 174 0.3253 -0.0000 100.0000
24.4294 25 174 0.3613 -0.0000 100.0000
24.4307 25 174 0.3115 -0.0000 100.0000
24.4320 25 174 0.2735 -0.0000 100.0000
24.4332 25 174 0.2700 -0.0000 100.0000
24.4345 25 174 0.2693 -0.0000 100.0000
24.4357 25 174 0.2378 -0.0000 100.0000
24.4370 25 174 0.2641 -0.0000 100.0000
24.4382 25 174 0.2642 -0.0000 100.0000
24.4395 25 174 0.2423 -0.0000 100.0000
24.4408 25 174 0.2185 -0.0000 100.0000
24.4420 25 174 0.1397 -0.0000 100.0000
24.4433 25 174 0.1515 -0.0000 100.0000
24.4445 25 174 0.2421 -0.0000 100.0000
24.4458 25 174 0.3391 -0.0000 100.0000
24.4471 25 174 0.4020 -0.0000 100.0000
24.4483 25 174 0.4516 -0.0000 100.0000
24.4496 25 174 0.4679 -0.0000 100.0000
24.4508 25 174 0.3785 -0.0000 100.0000
24.4521 25 174 0.3850 -0.0000 100.0000
24.4533 25 174 0.3480 -0.0000 100.0000
24.4546 25 174 0.3893 -0.0000 100.0000
24.4559 25 174 0.4372 -0.0000 100.0000
24.4571 25 174 0.4036 -0.0000 100.0000
24.4584 25 174 0.3747 -0.0000 100.0000
24.4597 25 174 0.3326 -0.0000 100.0000
24.4609 25 174 0.3319 -0.0000 100.0000
24.4622 25 174 0.3298 -0.0000 100.0000
24.4634 25 174 0.3584 -0.0000 100.0000
24.4647 25 174 0.2954 -0.0000 100.0000
24.4660 25 174 0.2788 -0.0000 100.0000
24.4672 25 174 0.3836 -0.0000 100.0000
24.4685 25 174 0.4083 -0.0000 100.0000
24.4697 25 174 0.3430 -0.0000 100.0000
24.4710 25 174 0.4120 -0.0000 100.0000
24.4722 25 174 0.3714 -0.0000 100.0000
24.4735 25 174 0.3243 -0.0000 100.0000
24.4748 25 174 0.3360 -0.0000 100.0000
24.4760 25 174 0.2520 -0.0000 100.0000
24.4773 25 174 0.2111 -0.0000 100.0000
24.4785 25 174 0.2166 -0.0000 100.0000
24.4798 25 174 0.1613 -0.0000 100.0000
24.4810 25 174 0.2934 -0.0000 100.0000
24.4823 25 174 0.2837 -0.0000 100.0000
24.4835 25 174 0.2874 -0.0000 100.0000
24.4848 25 174 0.2475 -0.0000 100.0000
24.4860 25 174 0.2452 -0.0000 100.0000
24.4873 25 174 0.2489 -0.0000 100.0000
24.4886 25 174 0.2940 -0.0000 100.0000
24.4898 25 174 0.2006 -0.0000 100.0000
24.4911 25 174 0.2700 -0.0000 100.0000
24.4924 25 174 0.2128 -0.0000 100.0000
24.4936 25 174 0.2132 -0.0000 100.0000
24.4949 25 174 0.1512 -0.0000 100.0000
24.4961 25 174 0.1849 -0.0000 100.0000
24.4974 25 174 0.0921 -0.0000 100.0000
24.4987 25 174 0.1709 -0.0000 100.0000
24.4999 25 174 0.1970 -0.0000 100.0000
24.5012 25 174 0.2422 -0.0000 100.0000
24.5024 25 174 0.2728 -0.0000 100.0000
24.5036 25 174 0.2807 -0.0000 100.0000
24.5049 25 174 0.2358 -0.0000 100.0000
24.5061 25 174 0.2702 -0.0000 100.0000
24.5074 25 174 0.2703 -0.0000 100.0000
24.5087 25 174 0.1866 -0.0000 100.0000
24.5099 25 174 0.1257 -0.0000 100.0000
24.5112 25 174 0.1433 -0.0000 100.0000
24.5125 25 174 0.2313 -0.0000 100.0000
24.5137 25 174 0.2104 -0.0000 100.0000
24.5150 25 174 0.1845 -0.0000 100.0000
24.5163 25 174 0.1592 -0.0000 100.0000
24.5176 25 174 0.1557 -0.0000 100.0000
24.5188 25 174 0.0921 -0.0000 100.0000
24.5201 25 174 0.0423 -0.0000 100.0000
24.5214 25 174 0.0047 -0.0000 100.0000
24.5226 25 174 -0.0254 -0.0000 100.0000
24.5239 25 174 -0.0780 -0.0000 100.0000
24.5252 25 174 -0.1770 -0.0000 100.0000
24.5265 25 174 -0.2041 -0.0000 100.0000
24.5277 25 174 -0.1830 -0.0000 100.0000
24.5290 25 174 -0.2522 -0.0000 100.0000
24.5303 25 174 -0.3815 -0.0000 100.0000
24.5316 25 174 -0.3841 -0.0000 100.0000
24.5328 25 174 -0.3640 -0.0000 100.0000
24.5341 25 174 -0.3606 -0.0000 100.0000
24.5354 25 174 -0.4399 -0.0000 100.0000
24.5367 25 174 -0.4497 -0.0000 100.0000
24.5379 25 174 -0.5640 -0.0000 100.0000
24.5392 25 174 -0.5979 -0.0000 100.0000
24.5405 25 174 -0.7444 -0.0000 100.0000
24.5418 25 174 -0.8153 -0.0000 100.0000
24.5430 25 174 -0.7702 -0.0000 100.0000
24.5443 25 174 -0.6898 -0.0000 100.0000
24.5456 25 174 -0.6007 -0.0000 100.0000
24.5468 25 174 -0.6289 -0.0000 100.0000
24.5481 25 174 -0.5510 -0.0000 100.0000
24.5494 25 174 -0.4674 -0.0000 100.0000
24.5506 25 174 -0.4350 -0.0000 100.0000
24.5519 25 174 -0.3749 -0.0000 100.0000
24.5532 25 174 -0.3874 -0.0000 100.0000
24.5544 25 174 -0.2536 -0.0000 100.0000
24.5557 25 174 -0.3679 -0.0000 100.0000
24.5570 25 174 -0.4746 -0.0000 100.0000
24.5583 25 174 -0.5015 -0.0000 100.0000
24.5595 25 174 -0.4590 -0.0000 100.0000
24.5608 25 174 -0.4885 -0.0000 100.0000
24.5621 25 174 -0.4128 -0.0000 100.0000
24.5633 25 174 -0.4084 -0.0000 100.0000
24.5646 25 174 -0.3644 -0.0000 100.0000
24.5660 25 174 -0.3398 -0.0000 100.0000
24.5672 25 174 -0.3096 -0.0000 100.0000
24.5685 25 174 -0.3912 -0.0000 100.0000
24.5697 25 174 -0.4046 -0.0000 100.0000
24.5710 25 174 -0.3903 -0.0000 100.0000
24.5722 25 174 -0.3377 -0.0000 100.0000
24.5735 25 174 -0.2626 -0.0000 100.0000
24.5748 25 174 -0.1540 -0.0000 100.0000
24.5761 25 174 -0.1788 -0.0000 100.0000
24.5774 25 174 -0.1611 -0.0000 100.0000
24.5786 25 174 -0.1660 -0.0000 100.0000
24.5799 25 174 -0.2028 -0.0000 100.0000
24.5812 25 174 -0.2173 -0.0000 100.0000
24.5824 25 174 -0.2929 -0.0000 100.0000
24.5837 25 174 -0.3392 -0.0000 100.0000
24.5850 25 174 -0.2275 -0.0000 100.0000
24.5862 25 174 -0.2367 -0.0000 100.0000
24.5875 25 174 -0.3354 -0.0000 100.0000
24.5887 25 174 -0.3431 -0.0000 100.0000
24.5900 25 174 -0.3444 -0.0000 100.0000
24.5913 25 174 -0.3094 -0.0000 100.0000
24.5925 25 174 -0.3074 -0.0000 100.0000
24.5938 25 174 -0.3371 -0.0000 100.0000
24.5951 25 174 -0.3020 -0.0000 100.0000
24.5963 25 174 -0.2377 -0.0000 100.0000
24.5976 25 174 -0.1863 -0.0000 100.0000
24.5989 25 174 -0.2390 -0.0000 100.0000
24.6001 25 174 -0.2696 -0.0000 100.0000
24.6014 25 174 -0.3475 -0.0000 100.0000
24.6027 25 174 -0.2811 -0.0000 100.0000
24.6039 25 174 -0.3086 -0.0000 100.0000
24.6052 25 174 -0.3324 -0.0000 100.0000
24.6064 25 174 -0.3054 -0.0000 100.0000
24.6077 25 174 -0.3165 -0.0000 100.0000
24.6089 25 174 -0.2548 -0.0000 100.0000
24.6102 25 174 -0.2466 -0.0000 100.0000
24.6114 25 174 -0.2453 -0.0000 100.0000
24.6127 25 174 -0.2666 -0.0000 100.0000
24.6139 25 174 -0.3205 -0.0000 100.0000
24.6151 25 174 -0.3425 -0.0000 100.0000
24.6164 25 174 -0.3170 -0.0000 100.0000
24.6176 24 175 -0.2977 -0.0000 100.0000
24.6188 24 175 -0.2796 -0.0000 100.0000
24.6201 24 175 -0.2855 -0.0000 100.0000
24.6213 24 175 -0.2607 -0.0000 100.0000
24.6226 24 175 -0.2787 -0.0000 100.0000
24.6238 24 175 -0.3189 -0.0000 100.0000
24.6251 24 175 -0.3231 -0.0000 100.0000
24.6263 24 175 -0.3055 -0.0000 100.0000
24.6276 24 175 -0.3341 -0.0000 100.0000
24.6288 24 175 -0.3419 -0.0000 100.0000
24.6301 24 175 -0.3593 -0.0000 100.0000
24.6313 24 175 -0.3494 -0.0000 100.0000
24.6326 24 175 -0.3219 -0.0000 100.0000
24.6338 24 175 -0.3482 -0.0000 100.0000
24.6351 24 175 -0.2854 -0.0000 100.0000
24.6363 24 175 -0.2824 -0.0000 100.0000
24.6376 24 175 -0.2876 -0.0000 100.0000
24.6388 24 175 -0.2344 -0.0000 100.0000
24.6401 24 175 -0.2204 -0.0000 100.0000
24.6414 24 175 -0.1804 -0.0000 100.0000
24.6427 24 175 -0.1548 -0.0000 100.0000
24.6440 24 175 -0.0587 -0.0000 100.0000
24.6452 24 175 -0.0679 -0.0000 100.0000
24.6465 24 175 -0.0732 -0.0000 100.0000
24.6478 24 175 -0.1081 -0.0000 100.0000
24.6490 24 175 -0.0016 -0.0000 100.0000
24.6503 24 175 -0.0993 -0.0000 100.0000
24.6516 24 175 -0.1144 -0.0000 100.0000
24.6529 24 175 -0.1800 -0.0000 100.0000
24.6542 24 175 -0.1981 -0.0000 100.0000
24.6554 24 175 -0.0727 -0.0000 100.0000
24.6568 24 175 0.0040 -0.0000 100.0000
24.6580 24 175 -0.1108 -0.0000 100.0000
24.6594 24 175 -0.0897 -0.0000 100.0000
24.6606 24 175 -0.0366 -0.0000 100.0000
24.6619 24 175 0.0523 -0.0000 100.0000
24.6632 24 175 0.0370 -0.0000 100.0000
24.6645 24 175 0.0397 -0.0000 100.0000
24.6657 24 175 0.1172 -0.0000 100.0000
24.6670 24 175 0.1710 -0.0000 100.0000
24.6682 24 175 0.0884 -0.0000 100.0000
24.6695 24 175 0.0765 -0.0000 100.0000
24.6707 24 175 0.1267 -0.0000 100.0000
24.6719 24 175 0.1084 -0.0000 100.0000
24.6732 24 175 0.1209 -0.0000 100.0000
24.6744 24 175 0.0555 -0.0000 100.0000
24.6757 24 175 0.0488 -0.0000 100.0000
24.6769 24 175 -0.0363 -0.0000 100.0000
24.6782 24 175 -0.0675 -0.0000 100.0000
24.6795 24 175 -0.1330 -0.0000 100.0000
24.6808 24 175 -0.0766 -0.0000 100.0000
24.6821 24 175 -0.1712 -0.0000 100.0000
24.6834 24 175 -0.2155 -0.0000 100.0000
24.6846 24 175 -0.2803 -0.0000 100.0000
24.6859 24 175 -0.4314 -0.0000 100.0000
24.6872 24 175 -0.4729 -0.0000 100.0000
24.6885 24 175 -0.4930 -0.0000 100.0000
24.6898 24 175 -0.5239 -0.0000 100.0000
24.6910 24 175 -0.5378 -0.0000 100.0000
24.6923 24 175 -0.4272 -0.0000 100.0000
24.6936 24 175 -0.3788 -0.0000 100.0000
24.6949 24 175 -0.3626 -0.0000 100.0000
24.6962 24 175 -0.3507 -0.0000 100.0000
24.6975 24 175 -0.3174 -0.0000 100.0000
24.6987 24 175 -0.3473 -0.0000 100.0000
24.7000 24 175 -0.3477 -0.0000 100.0000
24.7013 24 175 -0.3435 -0.0000 100.0000
24.7025 24 175 -0.3123 -0.0000 100.0000
24.7038 24 175 -0.3262 -0.0000 100.0000
24.7051 24 175 -0.2594 -0.0000 100.0000
24.7064 24 175 -0.3040 -0.0000 100.0000
24.7076 24 175 -0.2602 -0.0000 100.0000
24.7090 24 175 -0.3031 -0.0000 100.0000
24.7102 24 175 -0.3309 -0.0000 100.0000
24.7115 24 175 -0.4495 -0.0000 100.0000
24.7127 24 175 -0.4318 -0.0000 100.0000
24.7140 24 175 -0.4309 -0.0000 100.0000
24.7153 24 175 -0.3953 -0.0000 100.0000
24.7166 24 175 -0.3896 -0.0000 100.0000
24.7178 24 175 -0.3953 -0.0000 100.0000
24.7191 24 175 -0.4694 -0.0000 100.0000
24.7204 24 175 -0.5188 -0.0000 100.0000
24.7216 24 175 -0.4849 -0.0000 100.0000
24.7229 24 175 -0.4752 -0.0000 100.0000
24.7242 24 175 -0.4328 -0.0000 100.0000
24.7254 24 175 -0.4704 -0.0000 100.0000
24.7267 24 175 -0.4409 -0.0000 100.0000
24.7280 24 175 -0.4676 -0.0000 100.0000
24.7292 24 175 -0.2868 -0.0000 100.0000
24.7305 24 175 -0.2890 -0.0000 100.0000
24.7318 24 175 -0.2627 -0.0000 100.0000
24.7330 24 175 -0.2634 -0.0000 100.0000
24.7343 24 175 -0.2496 -0.0000 100.0000
24.7356 24 175 -0.3081 -0.0000 100.0000
24.7368 24 175 -0.3458 -0.0000 100.0000
24.7381 24 175 -0.3965 -0.0000 100.0000
24.7394 24 175 -0.4802 -0.0000 100.0000
24.7407 24 175 -0.4655 -0.0000 100.0000
24.7420 24 175 -0.4431 -0.0000 100.0000
24.7432 24 175 -0.4676 -0.0000 100.0000
24.7445 24 175 -0.4973 -0.0000 100.0000
24.7458 24 175 -0.4299 -0.0000 100.0000
24.7471 24 175 -0.4676 -0.0000 100.0000
24.7483 24 175 -0.4062 -0.0000 100.0000
24.7496 24 175 -0.3370 -0.0000 100.0000
24.7508 24 175 -0.4262 -0.0000 100.0000
24.7521 24 175 -0.4248 -0.0000 100.0000
24.7534 24 175 -0.3895 -0.0000 100.0000
24.7546 24 175 -0.3910 -0.0000 100.0000
24.7559 24 175 -0.4070 -0.0000 100.0000
24.7571 24 175 -0.3522 -0.0000 100.0000
24.7583 24 175 -0.3218 -0.0000 100.0000
24.7596 24 175 -0.3676 -0.0000 100.0000
24.7608 24 175 -0.4039 -0.0000 100.0000
24.7621 24 175 -0.4498 -0.0000 100.0000
24.7633 24 175 -0.5250 -0.0000 100.0000
24.7645 24 175 -0.6104 -0.0000 100.0000
24.7658 24 175 -0.5354 -0.0000 100.0000
24.7671 24 175 -0.5751 -0.0000 100.0000
24.7683 24 175 -0.5339 -0.0000 100.0000
24.7696 24 175 -0.4661 -0.0000 100.0000
24.7709 24 175 -0.3505 -0.0000 100.0000
24.7721 24 175 -0.3475 -0.0000 100.0000
24.7733 24 175 -0.3439 -0.0000 100.0000
24.7746 24 175 -0.3426 -0.0000 100.0000
24.7758 24 175 -0.3585 -0.0000 100.0000
24.7771 24 175 -0.3244 -0.0000 100.0000
24.7783 24 175 -0.3039 -0.0000 100.0000
24.7796 24 175 -0.3682 -0.0000 100.0000
24.7808 24 175 -0.3539 -0.0000 100.0000
24.7821 24 175 -0.3436 -0.0000 100.0000
24.7833 24 175 -0.3616 -0.0000 100.0000
24.7846 24 175 -0.3180 -0.0000 100.0000
24.7858 24 175 -0.3713 -0.0000 100.0000
24.7871 24 175 -0.3047 -0.0000 100.0000
24.7883 24 175 -0.3408 -0.0000 100.0000
24.7896 24 175 -0.4300 -0.0000 100.0000
24.7909 24 175 -0.5000 -0.0000 100.0000
24.7922 24 175 -0.5478 -0.0000 100.0000
24.7934 24 175 -0.4583 -0.0000 100.0000
24.7947 24 175 -0.4340 -0.0000 100.0000
24.7960 24 175 -0.3107 -0.0000 100.0000
24.7973 24 175 -0.1728 -0.0000 100.0000
24.7986 24 175 -0.1563 -0.0000 100.0000
24.7999 24 175 -0.0796 -0.0000 100.0000
24.8012 24 175 -0.0458 -0.0000 100.0000
24.8024 24 175 -0.0927 -0.0000 100.0000
24.8037 24 175 -0.1029 -0.0000 100.0000
24.8049 24 175 -0.0509 -0.0000 100.0000
24.8062 24 175 0.0297 -0.0000 100.0000
24.8075 24 175 0.0103 -0.0000 100.0000
24.8088 24 175 0.0340 -0.0000 100.0000
24.8100 24 175 0.0587 -0.0000 100.0000
24.8113 24 175 -0.0163 -0.0000 100.0000
24.8125 24 175 0.0270 -0.0000 100.0000
24.8138 24 175 -0.0093 -0.0000 100.0000
24.8151 24 175 -0.0699 -0.0000 100.0000
24.8164 24 175 -0.0201 -0.0000 100.0000
24.8176 24 175 0.0336 -0.0000 100.0000
24.8189 24 175 0.1634 -0.0000 100.0000
24.8202 24 175 0.1694 -0.0000 100.0000
24.8215 24 175 0.1772 -0.0000 100.0000
24.8228 24 175 0.1799 -0.0000 100.0000
24.8241 24 175 0.2236 -0.0000 100.0000
24.8253 24 175 0.3736 -0.0000 100.0000
24.8266 24 175 0.4203 -0.0000 100.0000
24.8279 24 175 0.4113 -0.0000 100.0000
24.8292 24 175 0.4109 -0.0000 100.0000
24.8304 24 175 0.4878 -0.0000 100.0000
24.8317 24 175 0.4962 -0.0000 100.0000
24.8330 24 175 0.4580 -0.0000 100.0000
24.8342 24 175 0.4447 -0.0000 100.0000
24.8355 24 175 0.4983 -0.0000 100.0000
24.8368 24 175 0.5182 -0.0000 100.0000
24.8381 24 175 0.5006 -0.0000 100.0000
24.8394 24 175 0.4363 -0.0000 100.0000
24.8406 24 175 0.5025 -0.0000 100.0000
24.8419 24 175 0.5921 -0.0000 100.0000
24.8431 24 175 0.6008 -0.0000 100.0000
24.8444 24 175 0.5612 -0.0000 100.0000
24.8457 24 175 0.5072 -0.0000 100.0000
24.8469 24 175 0.5838 -0.0000 100.0000
24.8482 24 175 0.6372 -0.0000 100.0000
24.8495 24 175 0.6184 -0.0000 100.0000
24.8507 24 175 0.5834 -0.0000 100.0000
24.8520 24 175 0.5757 -0.0000 100.0000
24.8533 24 175 0.5236 -0.0000 100.0000
24.8545 24 175 0.3728 -0.0000 100.0000
24.8558 24 175 0.3461 -0.0000 100.0000
24.8571 24 175 0.3373 -0.0000 100.0000
24.8583 24 175 0.3594 -0.0000 100.0000
24.8596 24 175 0.4780 -0.0000 100.0000
24.8609 24 175 0.3900 -0.0000 100.0000
24.8621 24 175 0.2912 -0.0000 100.0000
24.8634 24 175 0.2471 -0.0000 100.0000
24.8647 24 175 0.3822 -0.0000 100.0000
24.8660 24 175 0.2534 -0.0000 100.0000
24.8672 24 175 0.2119 -0.0000 100.0000
24.8685 24 175 0.1011 -0.0000 100.0000
24.8698 24 175 0.0557 -0.0000 100.0000
24.8711 24 175 -0.0231 -0.0000 100.0000
24.8724 24 175 -0.1826 -0.0000 100.0000
24.8736 24 175 -0.1836 -0.0000 100.0000
24.8749 24 175 -0.2114 -0.0000 100.0000
24.8762 24 175 -0.1964 -0.0000 100.0000
24.8774 24 175 -0.1782 -0.0000 100.0000
24.8787 24 175 -0.0788 -0.0000 100.0000
24.8799 24 175 -0.0636 -0.0000 100.0000
24.8812 24 175 -0.1158 -0.0000 100.0000
24.8825 24 175 -0.0324 -0.0000 100.0000
24.8838 24 175 0.0038 -0.0000 100.0000
24.8850 24 175 -0.0110 -0.0000 100.0000
24.8863 24 175 -0.0505 -0.0000 100.0000
24.8876 24 175 -0.0643 -0.0000 100.0000
24.8889 24 175 -0.0437 -0.0000 100.0000
24.8902 24 175 -0.0795 -0.0000 100.0000
24.8915 24 175 0.0282 -0.0000 100.0000
24.8928 24 175 0.1531 -0.0000 100.0000
24.8941 24 175 0.1765 -0.0000 100.0000
24.8955 24 175 0.1690 -0.0000 100.0000
24.8967 24 175 0.2377 -0.0000 100.0000
24.8980 24 175 0.2660 -0.0000 100.0000
24.8993 24 175 0.2625 -0.0000 100.0000
24.9005 24 175 0.2065 -0.0000 100.0000
24.9018 24 175 0.0838 -0.0000 100.0000
24.9031 24 175 0.0196 -0.0000 100.0000
24.9043 24 175 0.0221 -0.0000 100.0000
24.9056 24 175 -0.0106 -0.0000 100.0000
24.9069 24 175 0.0624 -0.0000 100.0000
24.9081 24 175 0.1100 -0.0000 100.0000
24.9094 24 175 0.0412 -0.0000 100.0000
24.9107 24 175 -0.0107 -0.0000 100.0000
24.9120 24 175 -0.0008 -0.0000 100.0000
24.9133 24 175 0.0808 -0.0000 100.0000
24.9145 24 175 0.1806 -0.0000 100.0000
24.9158 24 175 0.2310 -0.0000 100.0000
24.9170 24 175 0.1788 -0.0000 100.0000
24.9183 24 175 0.1607 -0.0000 100.0000
24.9195 24 175 0.1794 -0.0000 100.0000
24.9208 24 175 0.1092 -0.0000 100.0000
24.9221 24 175 0.2056 -0.0000 100.0000
24.9233 24 175 0.1859 -0.0000 100.0000
24.9246 24 175 0.1461 -0.0000 100.0000
24.9258 24 175 0.0457 -0.0000 100.0000
24.9271 24 175 -0.0159 -0.0000 100.0000
24.9283 24 175 -0.1304 -0.0000 100.0000
24.9296 24 175 -0.0593 -0.0000 100.0000
24.9308 24 175 -0.0950 -0.0000 100.0000
24.9321 24 175 -0.0864 -0.0000 100.0000
24.9333 24 175 -0.0654 -0.0000 100.0000
24.9345 24 175 -0.0916 -0.0000 100.0000
24.9358 24 175 -0.1605 -0.0000 100.0000
24.9370 24 175 -0.0843 -0.0000 100.0000
24.9382 24 175 -0.0570 -0.0000 100.0000
24.9395 24 175 0.0145 -0.0000 100.0000
24.9408 24 175 0.1087 -0.0000 100.0000
24.9421 24 175 0.1157 -0.0000 100.0000
24.9434 24 175 0.1621 -0.0000 100.0000
24.9446 24 175 0.3222 -0.0000 100.0000
24.9459 24 175 0.3974 -0.0000 100.0000
24.9472 24 175 0.3756 -0.0000 100.0000
24.9485 24 175 0.3581 -0.0000 100.0000
24.9497 24 175 0.4448 -0.0000 100.0000
24.9510 24 175 0.4392 -0.0000 100.0000
24.9523 24 175 0.4549 -0.0000 100.0000
24.9536 24 175 0.4559 -0.0000 100.0000
24.9549 24 175 0.4947 -0.0000 100.0000
24.9561 24 175 0.6039 -0.0000 100.0000
24.9574 24 175 0.6596 -0.0000 100.0000
24.9587 24 175 0.5565 -0.0000 100.0000
24.9600 24 175 0.5740 -0.0000 100.0000
24.9612 24 175 0.5690 -0.0000 100.0000
24.9625 24 175 0.5685 -0.0000 100.0000
24.9638 24 175 0.5761 -0.0000 100.0000
24.9651 24 175 0.6249 -0.0000 100.0000
24.9663 24 175 0.6221 -0.0000 100.0000
24.9676 24 175 0.6319 -0.0000 100.0000
24.9689 24 175 0.5260 -0.0000 100.0000
24.9701 24 175 0.4784 -0.0000 100.0000
24.9714 24 175 0.5163 -0.0000 100.0000
24.9727 24 175 0.4121 -0.0000 100.0000
24.9740 24 175 0.4626 -0.0000 100.0000
24.9753 24 175 0.6297 -0.0000 100.0000
24.9766 24 175 0.5777 -0.0000 100.0000
24.9778 24 175 0.6039 -0.0000 100.0000
24.9791 24 175 0.5537 -0.0000 100.0000
24.9803 24 175 0.5774 -0.0000 100.0000
24.9816 24 175 0.5532 -0.0000 100.0000
24.9829 24 175 0.5379 -0.0000 100.0000
24.9841 24 175 0.4472 -0.0000 100.0000
24.9854 24 175 0.4166 -0.0000 100.0000
24.9867 24 175 0.4460 -0.0000 100.0000
24.9879 24 175 0.4330 -0.0000 100.0000
24.9892 24 175 0.4112 -0.0000 100.0000
24.9905 24 175 0.4345 -0.0000 100.0000
24.9918 24 175 0.4650 -0.0000 100.0000
24.9931 24 175 0.3970 -0.0000 100.0000
24.9943 24 175 0.3993 -0.0000 100.0000
24.9956 24 175 0.3668 -0.0000 100.0000
24.9969 24 175 0.4612 -0.0000 100.0000
24.9982 24 175 0.4347 -0.0000 100.0000
24.9995 24 175 0.4514 -0.0000 100.0000
25.0007 24 175 0.3902 -0.0000 100.0000
25.0019 24 175 0.3371 -0.0000 100.0000
25.0032 24 175 0.2613 -0.0000 100.0000
25.0044 24 175 0.2593 -0.0000 100.0000
25.0057 24 175 0.2097 -0.0000 100.0000
25.0069 24 175 0.1939 -0.0000 100.0000
25.0082 24 175 0.1686 -0.0000 100.0000
25.0095 24 175 0.1789 -0.0000 100.0000
25.0107 24 175 0.1935 -0.0000 100.0000
25.0120 24 175 0.2456 -0.0000 100.0000
25.0133 24 175 0.2891 -0.0000 100.0000
25.0145 25 174 0.4341 -0.0000 100.0000
25.0158 25 174 0.3591 -0.0000 100.0000
25.0171 25 174 0.4788 -0.0000 100.0000
25.0184 25 174 0.5342 -0.0000 100.0000
25.0197 25 174 0.5095 -0.0000 100.0000
25.0209 25 174 0.4279 -0.0000 100.0000
25.0222 25 174 0.3857 -0.0000 100.0000
25.0235 25 174 0.4129 -0.0000 100.0000
25.0247 25 174 0.3699 -0.0000 100.0000
25.0260 25 174 0.3135 -0.0000 100.0000
25.0273 25 174 0.3194 -0.0000 100.0000
25.0286 25 174 0.2619 -0.0000 100.0000
25.0298 25 174 0.2451 -0.0000 100.0000
25.0311 25 174 0.2249 -0.0000 100.0000
25.0324 25 174 0.2072 -0.0000 100.0000
25.0337 25 174 0.0919 -0.0000 100.0000
25.0349 25 174 0.0310 -0.0000 100.0000
25.0362 25 174 0.0652 -0.0000 100.0000
25.0375 25 174 0.1320 -0.0000 100.0000
25.0388 25 174 0.1362 -0.0000 100.0000
25.0400 25 174 0.2028 -0.0000 100.0000
25.0413 25 174 0.1177 -0.0000 100.0000
25.0426 25 174 0.0385 -0.0000 100.0000
25.0439 25 174 -0.0761 -0.0000 100.0000
25.0452 25 174 -0.2096 -0.0000 100.0000
25.0464 25 174 -0.1305 -0.0000 100.0000
25.0477 25 174 -0.1435 -0.0000 100.0000
25.0490 25 174 -0.1590 -0.0000 100.0000
25.0503 25 174 -0.1732 -0.0000 100.0000
25.0516 25 174 -0.0693 -0.0000 100.0000
25.0528 25 174 -0.0558 -0.0000 100.0000
25.0541 25 174 -0.0903 -0.0000 100.0000
25.0554 25 174 -0.0312 -0.0000 100.0000
25.0566 25 174 -0.0495 -0.0000 100.0000
25.0579 25 174 -0.0991 -0.0000 100.0000
25.0592 25 174 -0.1251 -0.0000 100.0000
25.0605 25 174 -0.1423 -0.0000 100.0000
25.0618 25 174 -0.1484 -0.0000 100.0000
25.0631 25 174 -0.1444 -0.0000 100.0000
25.0644 25 174 -0.1100 -0.0000 100.0000
25.0656 25 174 -0.0216 -0.0000 100.0000
25.0669 25 174 -0.0025 -0.0000 100.0000
25.0682 25 174 -0.0307 -0.0000 100.0000
25.0695 25 174 0.0755 -0.0000 100.0000
25.0707 25 174 0.0736 -0.0000 100.0000
25.0720 25 174 0.0571 -0.0000 100.0000
25.0732 25 174 0.0500 -0.0000 100.0000
25.0745 25 174 0.0137 -0.0000 100.0000
25.0757 25 174 -0.0022 -0.0000 100.0000
25.0770 25 174 -0.0224 -0.0000 100.0000
25.0783 25 174 -0.0922 -0.0000 100.0000
25.0795 25 174 -0.0667 -0.0000 100.0000
25.0808 25 174 0.0107 -0.0000 100.0000
25.0821 25 174 0.0183 -0.0000 100.0000
25.0833 25 174 0.0447 -0.0000 100.0000
25.0846 25 174 0.0920 -0.0000 100.0000
25.0858 25 174 0.0270 -0.0000 100.0000
25.0871 25 174 0.0980 -0.0000 100.0000
25.0884 25 174 0.1268 -0.0000 100.0000
25.0897 25 174 0.1874 -0.0000 100.0000
25.0910 25 174 0.1791 -0.0000 100.0000
25.0923 25 174 0.2554 -0.0000 100.0000
25.0935 25 174 0.3677 -0.0000 100.0000
25.0948 25 174 0.4611 -0.0000 100.0000
25.0961 25 174 0.4938 -0.0000 100.0000
25.0974 25 174 0.5144 -0.0000 100.0000
25.0986 25 174 0.5487 -0.0000 100.0000
25.0999 25 174 0.5914 -0.0000 100.0000
25.1012 25 174 0.6634 -0.0000 100.0000
25.1025 25 174 0.6778 -0.0000 100.0000
25.1038 25 174 0.6583 -0.0000 100.0000
25.1050 25 174 0.7621 -0.0000 100.0000
25.1063 25 174 0.7931 -0.0000 100.0000
25.1076 25 174 0.8470 -0.0000 100.0000
25.1089 25 174 0.8766 -0.0000 100.0000
25.1102 25 174 0.8053 -0.0000 100.0000
25.1114 25 174 0.8129 -0.0000 100.0000
25.1127 25 174 0.8813 -0.0000 100.0000
25.1140 25 174 0.8491 -0.0000 100.0000
25.1153 25 174 0.7846 -0.0000 100.0000
25.1166 25 174 0.8232 -0.0000 100.0000
25.1178 25 174 0.8576 -0.0000 100.0000
25.1191 25 174 0.8161 -0.0000 100.0000
25.1204 25 174 0.7878 -0.0000 100.0000
25.1216 25 174 0.7351 -0.0000 100.0000
25.1229 25 174 0.6766 -0.0000 100.0000
25.1242 25 174 0.6279 -0.0000 100.0000
25.1255 25 174 0.4941 -0.0000 100.0000
25.1267 25 174 0.5663 -0.0000 100.0000
25.1280 25 174 0.5304 -0.0000 100.0000
25.1293 25 174 0.4858 -0.0000 100.0000
25.1306 25 174 0.3708 -0.0000 100.0000
25.1319 25 174 0.3653 -0.0000 100.0000
25.1331 25 174 0.2438 -0.0000 100.0000
25.1344 25 174 0.3183 -0.0000 100.0000
25.1357 25 174 0.4022 -0.0000 100.0000
25.1370 25 174 0.4306 -0.0000 100.0000
25.1382 25 174 0.3613 -0.0000 100.0000
25.1395 25 174 0.4121 -0.0000 100.0000
25.1408 25 174 0.3736 -0.0000 100.0000
25.1420 25 174 0.3845 -0.0000 100.0000
25.1433 25 174 0.3099 -0.0000 100.0000
25.1446 25 174 0.3432 -0.0000 100.0000
25.1460 25 174 0.3853 -0.0000 100.0000
25.1473 25 174 0.4042 -0.0000 100.0000
25.1485 25 174 0.4211 -0.0000 100.0000
25.1498 25 174 0.3767 -0.0000 100.0000
25.1511 25 174 0.3934 -0.0000 100.0000
25.1523 25 174 0.3302 -0.0000 100.0000
25.1536 25 174 0.3679 -0.0000 100.0000
25.1548 25 174 0.3267 -0.0000 100.0000
25.1561 25 174 0.1742 -0.0000 100.0000
25.1574 25 174 0.2036 -0.0000 100.0000
25.1587 25 174 0.2637 -0.0000 100.0000
25.1600 25 174 0.2206 -0.0000 100.0000
25.1613 25 174 0.1979 -0.0000 100.0000
25.1625 25 174 0.2119 -0.0000 100.0000
25.1638 25 174 0.1004 -0.0000 100.0000
25.1651 25 174 0.0965 -0.0000 100.0000
25.1664 25 174 0.1262 -0.0000 100.0000
25.1677 25 174 0.1560 -0.0000 100.0000
25.1690 25 174 0.0930 -0.0000 100.0000
25.1702 25 174 -0.0351 -0.0000 100.0000
25.1715 25 174 0.0061 -0.0000 100.0000
25.1728 25 174 -0.0795 -0.0000 100.0000
25.1740 25 174 -0.1425 -0.0000 100.0000
25.1753 25 174 -0.2433 -0.0000 100.0000
25.1766 25 174 -0.2887 -0.0000 100.0000
25.1779 25 174 -0.2729 -0.0000 100.0000
25.1792 25 174 -0.2176 -0.0000 100.0000
25.1804 25 174 -0.2064 -0.0000 100.0000
25.1817 25 174 -0.1366 -0.0000 100.0000
25.1829 25 174 -0.1206 -0.0000 100.0000
25.1842 25 174 -0.0564 -0.0000 100.0000
25.1854 25 174 -0.1033 -0.0000 100.0000
25.1866 25 174 -0.1627 -0.0000 100.0000
25.1879 25 174 -0.1670 -0.0000 100.0000
25.1891 25 174 -0.1967 -0.0000 100.0000
25.1904 25 174 -0.2088 -0.0000 100.0000
25.1917 25 174 -0.1193 -0.0000 100.0000
25.1930 25 174 -0.1644 -0.0000 100.0000
25.1943 25 174 -0.1636 -0.0000 100.0000
25.1955 25 174 -0.1949 -0.0000 100.0000
25.1968 25 174 -0.1736 -0.0000 100.0000
25.1981 25 174 -0.1580 -0.0000 100.0000
25.1993 25 174 -0.1208 -0.0000 100.0000
25.2006 25 174 -0.1638 -0.0000 100.0000
25.2019 25 174 -0.1386 -0.0000 100.0000
25.2032 25 174 -0.2051 -0.0000 100.0000
25.2045 25 174 -0.1186 -0.0000 100.0000
25.2057 25 174 -0.0502 -0.0000 100.0000
25.2070 25 174 -0.0033 -0.0000 100.0000
25.2083 25 174 -0.0605 -0.0000 100.0000
25.2095 25 174 -0.1484 -0.0000 100.0000
25.2108 25 174 -0.1296 -0.0000 100.0000
25.2120 25 174 -0.1434 -0.0000 100.0000
25.2133 25 174 -0.1289 -0.0000 100.0000
25.2145 25 174 -0.0409 -0.0000 100.0000
25.2158 25 174 -0.0337 -0.0000 100.0000
25.2170 25 174 0.0242 -0.0000 100.0000
25.2183 25 174 -0.0523 -0.0000 100.0000
25.2195 25 174 0.0084 -0.0000 100.0000
25.2208 25 174 0.0092 -0.0000 100.0000
25.2221 25 174 -0.0105 -0.0000 100.0000
25.2233 25 174 0.0086 -0.0000 100.0000
25.2246 25 174 -0.0578 -0.0000 100.0000
25.2258 25 174 -0.0693 -0.0000 100.0000
25.2271 25 174 -0.1039 -0.0000 100.0000
25.2284 25 174 -0.0980 -0.0000 100.0000
25.2296 25 174 -0.0657 -0.0000 100.0000
25.2309 25 174 -0.1058 -0.0000 100.0000
25.2321 25 174 -0.0684 -0.0000 100.0000
25.2334 25 174 -0.0422 -0.0000 100.0000
25.2346 25 174 -0.0829 -0.0000 100.0000
25.2359 25 174 -0.0587 -0.0000 100.0000
25.2372 25 174 0.0795 -0.0000 100.0000
25.2385 25 174 0.0564 -0.0000 100.0000
25.2397 25 174 0.1175 -0.0000 100.0000
25.2410 25 174 0.1253 -0.0000 100.0000
25.2423 25 174 0.0155 -0.0000 100.0000
25.2436 25 174 -0.0135 -0.0000 100.0000
25.2449 25 174 0.0644 -0.0000 100.0000
25.2461 25 174 0.1596 -0.0000 100.0000
25.2474 25 174 0.2620 -0.0000 100.0000
25.2487 25 174 0.2380 -0.0000 100.0000
25.2499 25 174 0.2669 -0.0000 100.0000
25.2512 25 174 0.2749 -0.0000 100.0000
25.2525 25 174 0.2835 -0.0000 100.0000
25.2537 25 174 0.2402 -0.0000 100.0000
25.2549 25 174 0.1912 -0.0000 100.0000
25.2562 25 174 0.1650 -0.0000 100.0000
25.2574 25 174 0.1519 -0.0000 100.0000
25.2587 25 174 0.1282 -0.0000 100.0000
25.2600 25 174 0.2040 -0.0000 100.0000
25.2612 25 174 0.1451 -0.0000 100.0000
25.2625 25 174 0.1281 -0.0000 100.0000
25.2638 25 174 0.0809 -0.0000 100.0000
25.2651 25 174 0.1075 -0.0000 100.0000
25.2664 25 174 0.0881 -0.0000 100.0000
25.2677 25 174 0.1083 -0.0000 100.0000
25.2690 25 174 0.1433 -0.0000 100.0000
25.2702 25 174 0.1661 -0.0000 100.0000
25.2715 25 174 0.1643 -0.0000 100.0000
25.2727 25 174 0.1288 -0.0000 100.0000
25.2740 25 174 0.0788 -0.0000 100.0000
25.2753 25 174 0.0864 -0.0000 100.0000
25.2766 25 174 0.0780 -0.0000 100.0000
25.2779 25 174 0.0355 -0.0000 100.0000
25.2792 25 174 0.0727 -0.0000 100.0000
25.2804 25 174 0.0394 -0.0000 100.0000
25.2817 25 174 0.0582 -0.0000 100.0000
25.2830 25 174 -0.0011 -0.0000 100.0000
25.2843 25 174 -0.0073 -0.0000 100.0000
25.2856 25 174 -0.0235 -0.0000 100.0000
25.2868 25 174 -0.0385 -0.0000 100.0000
25.2881 25 174 -0.0471 -0.0000 100.0000
25.2894 25 174 -0.1268 -0.0000 100.0000
25.2906 25 174 -0.2501 -0.0000 100.0000
25.2919 25 174 -0.2907 -0.0000 100.0000
25.2932 25 174 -0.2869 -0.0000 100.0000
25.2945 25 174 -0.2291 -0.0000 100.0000
25.2957 25 174 -0.3490 -0.0000 100.0000
25.2970 25 174 -0.3439 -0.0000 100.0000
25.2982 25 174 -0.3231 -0.0000 100.0000
25.2995 25 174 -0.3718 -0.0000 100.0000
25.3007 25 174 -0.3839 -0.0000 100.0000
25.3019 25 174 -0.3750 -0.0000 100.0000
25.3032 25 174 -0.3000 -0.0000 100.0000
25.3044 25 174 -0.3804 -0.0000 100.0000
25.3056 25 174 -0.3422 -0.0000 100.0000
25.3069 25 174 -0.4209 -0.0000 100.0000
25.3081 25 174 -0.3229 -0.0000 100.0000
25.3093 25 174 -0.2581 -0.0000 100.0000
25.3106 25 174 -0.1655 -0.0000 100.0000
25.3118 25 174 -0.1587 -0.0000 100.0000
25.3131 25 174 -0.1033 -0.0000 100.0000
25.3144 25 174 -0.1007 -0.0000 100.0000
25.3156 25 174 -0.1289 -0.0000 100.0000
25.3169 25 174 -0.1217 -0.0000 100.0000
25.3181 25 174 -0.2414 -0.0000 100.0000
25.3193 25 174 -0.2469 -0.0000 100.0000
25.3206 25 174 -0.2041 -0.0000 100.0000
25.3218 25 174 -0.1597 -0.0000 100.0000
25.3230 25 174 -0.1537 -0.0000 100.0000
25.3243 25 174 -0.1699 -0.0000 100.0000
25.3255 25 174 -0.0853 -0.0000 100.0000
25.3267 25 174 -0.1584 -0.0000 100.0000
25.3280 25 174 -0.1865 -0.0000 100.0000
25.3292 25 174 -0.1924 -0.0000 100.0000
25.3305 25 174 -0.1885 -0.0000 100.0000
25.3318 25 174 -0.1358 -0.0000 100.0000
25.3330 25 174 -0.2195 -0.0000 100.0000
25.3343 25 174 -0.2347 -0.0000 100.0000
25.3355 25 174 -0.2579 -0.0000 100.0000
25.3368 25 174 -0.2123 -0.0000 100.0000
25.3381 25 174 -0.2165 -0.0000 100.0000
25.3393 25 174 -0.2199 -0.0000 100.0000
25.3406 25 174 -0.1757 -0.0000 100.0000
25.3418 25 174 -0.1014 -0.0000 100.0000
25.3431 25 174 -0.0337 -0.0000 100.0000
25.3443 25 174 0.0392 -0.0000 100.0000
25.3456 25 174 0.0183 -0.0000 100.0000
25.3469 25 174 -0.0420 -0.0000 100.0000
25.3481 25 174 0.0082 -0.0000 100.0000
25.3494 25 174 0.1095 -0.0000 100.0000
25.3506 25 174 0.0941 -0.0000 100.0000
25.3519 25 174 0.0703 -0.0000 100.0000
25.3532 25 174 0.0379 -0.0000 100.0000
25.3544 25 174 0.1425 -0.0000 100.0000
25.3557 25 174 0.1176 -0.0000 100.0000
25.3569 25 174 0.1045 -0.0000 100.0000
25.3582 25 174 0.0984 -0.0000 100.0000
25.3595 25 174 0.0184 -0.0000 100.0000
25.3607 25 174 0.0720 -0.0000 100.0000
25.3620 25 174 0.0192 -0.0000 100.0000
25.3632 25 174 0.0575 -0.0000 100.0000
25.3645 25 174 0.0440 -0.0000 100.0000
25.3657 25 174 0.0233 -0.0000 100.0000
25.3670 25 174 -0.0123 -0.0000 100.0000
25.3683 25 174 0.0373 -0.0000 100.0000
25.3695 25 174 0.0120 -0.0000 100.0000
25.3708 25 174 0.0210 -0.0000 100.0000
25.3720 25 174 -0.0838 -0.0000 100.0000
25.3733 25 174 -0.1353 -0.0000 100.0000
25.3745 25 174 -0.1376 -0.0000 100.0000
25.3758 25 174 -0.0835 -0.0000 100.0000
25.3770 25 174 -0.1108 -0.0000 100.0000
25.3783 25 174 -0.0404 -0.0000 100.0000
25.3796 25 174 -0.0686 -0.0000 100.0000
25.3808 25 174 -0.0740 -0.0000 100.0000
25.3821 25 174 -0.0214 -0.0000 100.0000
25.3833 25 174 -0.0368 -0.0000 100.0000
25.3846 25 174 -0.1069 -0.0000 100.0000
25.3859 25 174 -0.1663 -0.0000 100.0000
25.3871 25 174 -0.2636 -0.0000 100.0000
25.3884 25 174 -0.2364 -0.0000 100.0000
25.3897 25 174 -0.3664 -0.0000 100.0000
25.3909 25 174 -0.3683 -0.0000 100.0000
25.3922 25 174 -0.3883 -0.0000 100.0000
25.3934 25 174 -0.4199 -0.0000 100.0000
25.3947 25 174 -0.3633 -0.0000 100.0000
25.3960 25 174 -0.4249 -0.0000 100.0000
25.3973 25 174 -0.5158 -0.0000 100.0000
25.3985 25 174 -0.5452 -0.0000 100.0000
25.3998 25 174 -0.4265 -0.0000 100.0000
25.4011 25 174 -0.3879 -0.0000 100.0000
25.4023 25 174 -0.3869 -0.0000 100.0000
25.4036 25 174 -0.3296 -0.0000 100.0000
25.4048 25 174 -0.3102 -0.0000 100.0000
25.4061 25 174 -0.2883 -0.0000 100.0000
25.4073 25 174 -0.2802 -0.0000 100.0000
25.4086 25 174 -0.2656 -0.0000 100.0000
25.4099 25 174 -0.2453 -0.0000 100.0000
25.4111 25 174 -0.2203 -0.0000 100.0000
25.4124 25 174 -0.1523 -0.0000 100.0000
25.4136 25 174 -0.1593 -0.0000 100.0000
25.4149 25 174 -0.2016 -0.0000 100.0000
25.4162 25 174 -0.1849 -0.0000 100.0000
25.4174 25 174 -0.1018 -0.0000 100.0000
25.4187 25 174 -0.1911 -0.0000 100.0000
25.4199 25 174 -0.2439 -0.0000 100.0000
25.4212 25 174 -0.2184 -0.0000 100.0000
25.4224 25 174 -0.1874 -0.0000 100.0000
25.4237 25 174 -0.1067 -0.0000 100.0000
25.4250 25 174 -0.1193 -0.0000 100.0000
25.4262 25 174 -0.1269 -0.0000 100.0000
25.4275 25 174 -0.1895 -0.0000 100.0000
25.4287 25 174 -0.1694 -0.0000 100.0000
25.4300 25 174 -0.2642 -0.0000 100.0000
25.4312 25 174 -0.1560 -0.0000 100.0000
25.4325 25 174 -0.1379 -0.0000 100.0000
25.4338 25 174 -0.1436 -0.0000 100.0000
25.4350 25 174 -0.2115 -0.0000 100.0000
25.4363 25 174 -0.2813 -0.0000 100.0000
25.4375 25 174 -0.3159 -0.0000 100.0000
25.4388 25 174 -0.3777 -0.0000 100.0000
25.4400 25 174 -0.4149 -0.0000 100.0000
25.4413 25 174 -0.4423 -0.0000 100.0000
25.4426 25 174 -0.4278 -0.0000 100.0000
25.4438 25 174 -0.4474 -0.0000 100.0000
25.4451 25 174 -0.3834 -0.0000 100.0000
25.4463 25 174 -0.3022 -0.0000 100.0000
25.4476 25 174 -0.3330 -0.0000 100.0000
25.4488 25 174 -0.3227 -0.0000 100.0000
25.4501 25 174 -0.3036 -0.0000 100.0000
25.4513 25 174 -0.3878 -0.0000 100.0000
25.4526 25 174 -0.3780 -0.0000 100.0000
25.4538 25 174 -0.3887 -0.0000 100.0000
25.4551 25 174 -0.3407 -0.0000 100.0000
25.4563 25 174 -0.3125 -0.0000 100.0000
25.4576 25 174 -0.3170 -0.0000 100.0000
25.4589 25 174 -0.2328 -0.0000 100.0000
25.4601 25 174 -0.2694 -0.0000 100.0000
25.4614 25 174 -0.3493 -0.0000 100.0000
25.4626 25 174 -0.3684 -0.0000 100.0000
25.4639 25 174 -0.3197 -0.0000 100.0000
25.4651 25 174 -0.2513 -0.0000 100.0000
25.4664 25 174 -0.1571 -0.0000 100.0000
25.4676 25 174 -0.2239 -0.0000 100.0000
25.4689 25 174 -0.2543 -0.0000 100.0000
25.4701 25 174 -0.2304 -0.0000 100.0000
25.4714 25 174 -0.1621 -0.0000 100.0000
25.4727 25 174 -0.1957 -0.0000 100.0000
25.4739 25 174 -0.1648 -0.0000 100.0000
25.4752 25 174 -0.1379 -0.0000 100.0000
25.4764 25 174 -0.0207 -0.0000 100.0000
25.4777 25 174 0.0003 -0.0000 100.0000
25.4789 25 174 0.0224 -0.0000 100.0000
25.4802 25 174 0.0947 -0.0000 100.0000
25.4814 25 174 0.1183 -0.0000 100.0000
25.4827 25 174 0.0229 -0.0000 100.0000
25.4839 25 174 0.0292 -0.0000 100.0000
25.4852 25 174 -0.0034 -0.0000 100.0000
25.4865 25 174 0.0188 -0.0000 100.0000
25.4877 25 174 -0.0690 -0.0000 100.0000
25.4890 25 174 -0.0583 -0.0000 100.0000
25.4902 25 174 -0.1263 -0.0000 100.0000
25.4915 25 174 -0.1319 -0.0000 100.0000
25.4927 25 174 -0.1089 -0.0000 100.0000
25.4940 25 174 -0.1405 -0.0000 100.0000
25.4952 25 174 -0.2286 -0.0000 100.0000
25.4965 25 174 -0.2954 -0.0000 100.0000
25.4978 25 174 -0.3294 -0.0000 100.0000
25.4990 25 174 -0.2477 -0.0000 100.0000
25.5002 25 174 -0.2569 -0.0000 100.0000
25.5015 25 174 -0.2645 -0.0000 100.0000
25.5027 25 174 -0.2264 -0.0000 100.0000
25.5039 25 174 -0.1531 -0.0000 100.0000
25.5051 25 174 -0.1206 -0.0000 100.0000
25.5064 25 174 -0.1800 -0.0000 100.0000
25.5076 24 175 -0.1897 -0.0000 100.0000
25.5089 24 175 -0.1016 -0.0000 100.0000
25.5101 24 175 -0.0178 -0.0000 100.0000
25.5114 24 175 0.0102 -0.0000 100.0000
25.5126 24 175 -0.0607 -0.0000 100.0000
25.5139 24 175 -0.0821 -0.0000 100.0000
25.5151 24 175 -0.0248 -0.0000 100.0000
25.5164 24 175 0.0049 -0.0000 100.0000
25.5177 24 175 0.0432 -0.0000 100.0000
25.5189 24 175 0.0229 -0.0000 100.0000
25.5201 24 175 -0.0545 -0.0000 100.0000
25.5214 24 175 -0.0228 -0.0000 100.0000
25.5226 24 175 -0.1326 -0.0000 100.0000
25.5239 24 175 -0.2030 -0.0000 100.0000
25.5251 24 175 -0.1559 -0.0000 100.0000
25.5263 24 175 -0.1387 -0.0000 100.0000
25.5276 24 175 -0.1263 -0.0000 100.0000
25.5288 24 175 -0.0907 -0.0000 100.0000
25.5301 24 175 -0.1325 -0.0000 100.0000
25.5313 24 175 -0.1029 -0.0000 100.0000
25.5326 24 175 -0.0848 -0.0000 100.0000
25.5339 24 175 -0.0748 -0.0000 100.0000
25.5352 24 175 -0.0676 -0.0000 100.0000
25.5364 24 175 0.0064 -0.0000 100.0000
25.5377 24 175 -0.0544 -0.0000 100.0000
25.5389 24 175 -0.0349 -0.0000 100.0000
25.5402 24 175 -0.0809 -0.0000 100.0000
25.5414 24 175 -0.0822 -0.0000 100.0000
25.5427 24 175 -0.0347 -0.0000 100.0000
25.5440 24 175 0.0278 -0.0000 100.0000
25.5453 24 175 -0.0151 -0.0000 100.0000
25.5465 24 175 -0.0375 -0.0000 100.0000
25.5478 24 175 -0.0544 -0.0000 100.0000
25.5491 24 175 -0.1047 -0.0000 100.0000
25.5503 24 175 -0.0647 -0.0000 100.0000
25.5516 24 175 -0.0995 -0.0000 100.0000
25.5529 24 175 -0.0602 -0.0000 100.0000
25.5541 24 175 -0.1403 -0.0000 100.0000
25.5554 24 175 -0.2774 -0.0000 100.0000
25.5567 24 175 -0.2426 -0.0000 100.0000
25.5580 24 175 -0.3574 -0.0000 100.0000
25.5592 24 175 -0.4311 -0.0000 100.0000
25.5605 24 175 -0.5022 -0.0000 100.0000
25.5618 24 175 -0.5477 -0.0000 100.0000
25.5631 24 175 -0.5676 -0.0000 100.0000
25.5643 24 175 -0.5508 -0.0000 100.0000
25.5656 24 175 -0.4309 -0.0000 100.0000
25.5669 24 175 -0.4521 -0.0000 100.0000
25.5682 24 175 -0.4760 -0.0000 100.0000
25.5694 24 175 -0.4628 -0.0000 100.0000
25.5707 24 175 -0.4582 -0.0000 100.0000
25.5719 24 175 -0.5145 -0.0000 100.0000
25.5732 24 175 -0.4644 -0.0000 100.0000
25.5744 24 175 -0.4098 -0.0000 100.0000
25.5757 24 175 -0.4898 -0.0000 100.0000
25.5770 24 175 -0.4629 -0.0000 100.0000
25.5782 24 175 -0.4420 -0.0000 100.0000
25.5795 24 175 -0.4207 -0.0000 100.0000
25.5808 24 175 -0.4370 -0.0000 100.0000
25.5821 24 175 -0.4047 -0.0000 100.0000
25.5833 24 175 -0.3328 -0.0000 100.0000
25.5846 24 175 -0.3945 -0.0000 100.0000
25.5859 24 175 -0.3350 -0.0000 100.0000
25.5872 24 175 -0.3769 -0.0000 100.0000
25.5885 24 175 -0.3743 -0.0000 100.0000
25.5897 24 175 -0.4450 -0.0000 100.0000
25.5910 24 175 -0.4130 -0.0000 100.0000
25.5923 24 175 -0.4868 -0.0000 100.0000
25.5936 24 175 -0.4241 -0.0000 100.0000
25.5948 24 175 -0.3688 -0.0000 100.0000
25.5961 24 175 -0.3486 -0.0000 100.0000
25.5974 24 175 -0.3429 -0.0000 100.0000
25.5986 24 175 -0.4853 -0.0000 100.0000
25.5999 24 175 -0.4815 -0.0000 100.0000
25.6012 24 175 -0.4386 -0.0000 100.0000
25.6025 24 175 -0.4508 -0.0000 100.0000
25.6038 24 175 -0.4332 -0.0000 100.0000
25.6051 24 175 -0.4463 -0.0000 100.0000
25.6063 24 175 -0.5119 -0.0000 100.0000
25.6076 24 175 -0.4434 -0.0000 100.0000
25.6089 24 175 -0.3578 -0.0000 100.0000
25.6102 24 175 -0.3579 -0.0000 100.0000
25.6114 24 175 -0.3781 -0.0000 100.0000
25.6127 24 175 -0.3241 -0.0000 100.0000
25.6140 24 175 -0.2349 -0.0000 100.0000
25.6153 24 175 -0.1969 -0.0000 100.0000
25.6166 24 175 -0.0847 -0.0000 100.0000
25.6179 24 175 -0.1792 -0.0000 100.0000
25.6191 24 175 -0.1907 -0.0000 100.0000
25.6204 24 175 -0.2599 -0.0000 100.0000
25.6217 24 175 -0.2812 -0.0000 100.0000
25.6229 24 175 -0.2129 -0.0000 100.0000
25.6242 24 175 -0.0994 -0.0000 100.0000
25.6255 24 175 -0.0469 -0.0000 100.0000
25.6267 24 175 -0.0892 -0.0000 100.0000
25.6280 24 175 -0.0671 -0.0000 100.0000
25.6293 24 175 -0.1259 -0.0000 100.0000
25.6306 24 175 -0.1719 -0.0000 100.0000
25.6318 24 175 -0.2406 -0.0000 100.0000
25.6331 24 175 -0.1327 -0.0000 100.0000
25.6344 24 175 -0.0800 -0.0000 100.0000
25.6357 24 175 -0.1480 -0.0000 100.0000
25.6369 24 175 -0.0766 -0.0000 100.0000
25.6382 24 175 -0.0601 -0.0000 100.0000
25.6395 24 175 -0.0913 -0.0000 100.0000
25.6407 24 175 -0.0819 -0.0000 100.0000
25.6420 24 175 -0.0240 -0.0000 100.0000
25.6434 24 175 -0.0526 -0.0000 100.0000
25.6446 24 175 -0.1332 -0.0000 100.0000
25.6459 24 175 -0.1702 -0.0000 100.0000
25.6472 24 175 -0.1936 -0.0000 100.0000
25.6485 24 175 -0.1712 -0.0000 100.0000
25.6497 24 175 -0.0961 -0.0000 100.0000
25.6510 24 175 -0.1019 -0.0000 100.0000
25.6523 24 175 -0.0985 -0.0000 100.0000
25.6536 24 175 -0.1380 -0.0000 100.0000
25.6548 24 175 -0.1240 -0.0000 100.0000
25.6561 24 175 -0.0512 -0.0000 100.0000
25.6574 24 175 0.0082 -0.0000 100.0000
25.6587 24 175 -0.0024 -0.0000 100.0000
25.6600 24 175 -0.0389 -0.0000 100.0000
25.6612 24 175 -0.0220 -0.0000 100.0000
25.6625 24 175 -0.0601 -0.0000 100.0000
25.6638 24 175 -0.0350 -0.0000 100.0000
25.6651 24 175 0.0231 -0.0000 100.0000
25.6663 24 175 0.1371 -0.0000 100.0000
25.6676 24 175 0.1354 -0.0000 100.0000
25.6688 24 175 -0.0343 -0.0000 100.0000
25.6701 24 175 -0.0234 -0.0000 100.0000
25.6714 24 175 -0.1047 -0.0000 100.0000
25.6727 24 175 -0.1912 -0.0000 100.0000
25.6739 24 175 -0.2812 -0.0000 100.0000
25.6752 24 175 -0.3245 -0.0000 100.0000
25.6765 24 175 -0.2908 -0.0000 100.0000
25.6777 24 175 -0.3154 -0.0000 100.0000
25.6790 24 175 -0.4017 -0.0000 100.0000
25.6803 24 175 -0.4572 -0.0000 100.0000
25.6815 24 175 -0.4626 -0.0000 100.0000
25.6828 24 175 -0.4260 -0.0000 100.0000
25.6841 24 175 -0.5057 -0.0000 100.0000
25.6853 24 175 -0.5078 -0.0000 100.0000
25.6866 24 175 -0.4006 -0.0000 100.0000
25.6879 24 175 -0.3784 -0.0000 100.0000
25.6892 24 175 -0.3386 -0.0000 100.0000
25.6905 24 175 -0.3130 -0.0000 100.0000
25.6918 24 175 -0.2536 -0.0000 100.0000
25.6930 24 175 -0.3823 -0.0000 100.0000
25.6943 24 175 -0.3787 -0.0000 100.0000
25.6956 24 175 -0.2822 -0.0000 100.0000
25.6969 24 175 -0.3964 -0.0000 100.0000
25.6981 24 175 -0.4167 -0.0000 100.0000
25.6995 24 175 -0.3855 -0.0000 100.0000
25.7007 24 175 -0.4258 -0.0000 100.0000
25.7020 24 175 -0.4191 -0.0000 100.0000
25.7033 24 175 -0.3774 -0.0000 100.0000
25.7046 24 175 -0.2493 -0.0000 100.0000
25.7058 24 175 -0.3245 -0.0000 100.0000
25.7071 24 175 -0.1884 -0.0000 100.0000
25.7084 24 175 -0.1346 -0.0000 100.0000
25.7096 24 175 0.0206 -0.0000 100.0000
25.7109 24 175 0.0241 -0.0000 100.0000
25.7122 24 175 0.0790 -0.0000 100.0000
25.7134 24 175 0.0830 -0.0000 100.0000
25.7147 24 175 0.0954 -0.0000 100.0000
25.7160 24 175 0.0930 -0.0000 100.0000
25.7172 24 175 0.1263 -0.0000 100.0000
25.7185 24 175 0.0684 -0.0000 100.0000
25.7198 24 175 0.0808 -0.0000 100.0000
25.7211 24 175 0.1497 -0.0000 100.0000
25.7223 24 175 0.3043 -0.0000 100.0000
25.7236 24 175 0.3168 -0.0000 100.0000
25.7249 24 175 0.2646 -0.0000 100.0000
25.7261 24 175 0.1422 -0.0000 100.0000
25.7275 24 175 0.1443 -0.0000 100.0000
25.7287 24 175 0.1851 -0.0000 100.0000
25.7300 24 175 0.1466 -0.0000 100.0000
25.7312 24 175 0.1041 -0.0000 100.0000
25.7325 24 175 0.1699 -0.0000 100.0000
25.7338 24 175 0.1106 -0.0000 100.0000
25.7351 24 175 -0.0664 -0.0000 100.0000
25.7363 24 175 -0.0305 -0.0000 100.0000
25.7376 24 175 -0.0659 -0.0000 100.0000
25.7389 24 175 -0.0367 -0.0000 100.0000
25.7402 24 175 -0.0794 -0.0000 100.0000
25.7415 24 175 -0.1490 -0.0000 100.0000
25.7427 24 175 -0.1330 -0.0000 100.0000
25.7440 24 175 -0.1152 -0.0000 100.0000
25.7453 24 175 -0.1080 -0.0000 100.0000
25.7466 24 175 -0.0510 -0.0000 100.0000
25.7479 24 175 -0.0364 -0.0000 100.0000
25.7491 24 175 -0.1265 -0.0000 100.0000
25.7504 24 175 -0.1271 -0.0000 100.0000
25.7516 24 175 -0.1328 -0.0000 100.0000
25.7529 24 175 -0.0910 -0.0000 100.0000
25.7541 24 175 -0.0650 -0.0000 100.0000
25.7554 24 175 -0.1447 -0.0000 100.0000
25.7567 24 175 -0.1885 -0.0000 100.0000
25.7579 24 175 -0.1565 -0.0000 100.0000
25.7592 24 175 -0.1854 -0.0000 100.0000
25.7605 24 175 -0.2673 -0.0000 100.0000
25.7618 24 175 -0.3259 -0.0000 100.0000
25.7630 24 175 -0.2640 -0.0000 100.0000
25.7643 24 175 -0.2883 -0.0000 100.0000
25.7656 24 175 -0.3168 -0.0000 100.0000
25.7668 24 175 -0.3471 -0.0000 100.0000
25.7681 24 175 -0.4210 -0.0000 100.0000
25.7694 24 175 -0.4307 -0.0000 100.0000
25.7707 24 175 -0.4201 -0.0000 100.0000
25.7720 24 175 -0.3970 -0.0000 100.0000
25.7733 24 175 -0.5104 -0.0000 100.0000
25.7745 24 175 -0.4752 -0.0000 100.0000
25.7758 24 175 -0.6128 -0.0000 100.0000
25.7771 24 175 -0.7114 -0.0000 100.0000
25.7784 24 175 -0.7266 -0.0000 100.0000
25.7797 24 175 -0.7230 -0.0000 100.0000
25.7810 24 175 -0.7902 -0.0000 100.0000
25.7822 24 175 -0.8065 -0.0000 100.0000
25.7835 24 175 -0.7694 -0.0000 100.0000
25.7848 24 175 -0.6713 -0.0000 100.0000
25.7861 24 175 -0.6071 -0.0000 100.0000
25.7873 24 175 -0.5041 -0.0000 100.0000
25.7887 24 175 -0.4845 -0.0000 100.0000
25.7899 24 175 -0.4724 -0.0000 100.0000
25.7912 24 175 -0.3437 -0.0000 100.0000
25.7925 24 175 -0.4098 -0.0000 100.0000
25.7937 24 175 -0.4006 -0.0000 100.0000
25.7950 24 175 -0.4058 -0.0000 100.0000
25.7962 24 175 -0.3982 -0.0000 100.0000
25.7975 24 175 -0.4448 -0.0000 100.0000
25.7987 24 175 -0.4684 -0.0000 100.0000
25.8000 24 175 -0.5793 -0.0000 100.0000
25.8013 24 175 -0.6451 -0.0000 100.0000
25.8025 24 175 -0.7729 -0.0000 100.0000
25.8038 24 175 -0.8218 -0.0000 100.0000
25.8051 24 175 -0.8805 -0.0000 100.0000
25.8064 24 175 -0.7919 -0.0000 100.0000
25.8076 24 175 -0.7854 -0.0000 100.0000
25.8089 24 175 -0.8276 -0.0000 100.0000
25.8101 24 175 -0.8478 -0.0000 100.0000
25.8114 24 175 -0.8516 -0.0000 100.0000
25.8126 24 175 -0.9292 -0.0000 100.0000
25.8139 24 175 -0.9355 -0.0000 100.0000
25.8151 24 175 -0.8900 -0.0000 100.0000
25.8163 24 175 -0.8742 -0.0000 100.0000
25.8176 24 175 -0.9474 -0.0000 100.0000
25.8188 24 175 -0.9640 -0.0000 100.0000
25.8200 24 175 -0.9080 -0.0000 100.0000
25.8213 24 175 -0.9091 -0.0000 100.0000
25.8225 24 175 -0.9308 -0.0000 100.0000
25.8237 24 175 -0.9175 -0.0000 100.0000
25.8250 24 175 -0.9398 -0.0000 100.0000
25.8262 24 175 -1.0183 -0.0000 100.0000
25.8274 24 175 -1.0921 -0.0000 100.0000
25.8286 24 175 -1.1372 -0.0000 100.0000
25.8299 24 175 -1.1423 -0.0000 100.0000
25.8311 24 175 -1.1488 -0.0000 100.0000
25.8323 24 175 -1.1097 -0.0000 100.0000
25.8336 24 175 -0.9698 -0.0000 100.0000
25.8348 24 175 -0.9394 -0.0000 100.0000
25.8360 24 175 -0.8882 -0.0000 100.0000
25.8373 24 175 -0.8251 -0.0000 100.0000
25.8385 24 175 -0.8956 -0.0000 100.0000
25.8398 24 175 -0.8480 -0.0000 100.0000
25.8411 24 175 -0.8692 -0.0000 100.0000
25.8424 24 175 -0.7813 -0.0000 100.0000
25.8437 24 175 -0.7657 -0.0000 100.0000
25.8450 24 175 -0.7779 -0.0000 100.0000
25.8462 24 175 -0.7654 -0.0000 100.0000
25.8475 24 175 -0.6666 -0.0000 100.0000
25.8488 24 175 -0.6398 -0.0000 100.0000
25.8501 24 175 -0.6721 -0.0000 100.0000
25.8514 24 175 -0.6027 -0.0000 100.0000
25.8527 24 175 -0.4527 -0.0000 100.0000
25.8539 24 175 -0.4524 -0.0000 100.0000
25.8552 24 175 -0.5252 -0.0000 100.0000
25.8565 24 175 -0.4565 -0.0000 100.0000
25.8577 24 175 -0.5759 -0.0000 100.0000
25.8590 24 175 -0.6242 -0.0000 100.0000
25.8603 24 175 -0.6200 -0.0000 100.0000
25.8616 24 175 -0.7313 -0.0000 100.0000
25.8629 24 175 -0.7459 -0.0000 100.0000
25.8641 24 175 -0.7329 -0.0000 100.0000
25.8654 24 175 -0.8138 -0.0000 100.0000
25.8667 24 175 -0.7293 -0.0000 100.0000
25.8680 24 175 -0.7589 -0.0000 100.0000
25.8693 24 175 -0.7361 -0.0000 100.0000
25.8705 24 175 -0.7101 -0.0000 100.0000
25.8718 24 175 -0.6968 -0.0000 100.0000
25.8731 24 175 -0.7940 -0.0000 100.0000
25.8744 24 175 -0.7947 -0.0000 100.0000
25.8757 23 176 -0.7511 -0.0000 100.0000
25.8770 23 176 -0.7898 -0.0000 100.0000
25.8782 23 176 -0.8189 -0.0000 100.0000
25.8795 23 176 -0.7862 -0.0000 100.0000
25.8808 23 176 -0.8220 -0.0000 100.0000
25.8820 23 176 -0.8671 -0.0000 100.0000
25.8833 23 176 -0.8645 -0.0000 100.0000
25.8845 23 176 -0.9120 -0.0000 100.0000
25.8858 23 176 -1.0224 -0.0000 100.0000
25.8870 23 176 -1.0371 -0.0000 100.0000
25.8883 23 176 -1.0319 -0.0000 100.0000
25.8896 23 176 -0.9958 -0.0000 100.0000
25.8909 23 176 -0.9855 -0.0000 100.0000
25.8922 23 176 -0.9896 -0.0000 100.0000
25.8935 23 176 -0.9365 -0.0000 100.0000
25.8948 23 176 -0.8840 -0.0000 100.0000
25.8961 23 176 -0.8103 -0.0000 100.0000
25.8974 23 176 -0.7430 -0.0000 100.0000
25.8986 23 176 -0.7372 -0.0000 100.0000
25.8999 23 176 -0.7325 -0.0000 100.0000
25.9012 23 176 -0.7367 -0.0000 100.0000
25.9025 23 176 -0.8213 -0.0000 100.0000
25.9037 23 176 -0.8004 -0.0000 100.0000
25.9050 23 176 -0.7958 -0.0000 100.0000
25.9063 23 176 -0.7453 -0.0000 100.0000
25.9076 23 176 -0.7667 -0.0000 100.0000
25.9089 23 176 -0.7592 -0.0000 100.0000
25.9102 23 176 -0.8803 -0.0000 100.0000
25.9114 23 176 -0.8872 -0.0000 100.0000
25.9127 23 176 -0.9016 -0.0000 100.0000
25.9140 23 176 -0.9323 -0.0000 100.0000
25.9153 23 176 -0.8658 -0.0000 100.0000
25.9165 23 176 -0.8740 -0.0000 100.0000
25.9178 23 176 -1.0273 -0.0000 100.0000
25.9191 23 176 -1.1409 -0.0000 100.0000
25.9203 23 176 -1.1631 -0.0000 100.0000
25.9216 23 176 -1.1177 -0.0000 100.0000
25.9229 23 176 -1.1143 -0.0000 100.0000
25.9241 23 176 -1.0958 -0.0000 100.0000
25.9254 23 176 -1.0013 -0.0000 100.0000
25.9267 23 176 -0.8974 -0.0000 100.0000
25.9279 23 176 -0.9102 -0.0000 100.0000
25.9292 23 176 -0.9969 -0.0000 100.0000
25.9305 23 176 -0.9711 -0.0000 100.0000
25.9318 23 176 -0.9909 -0.0000 100.0000
25.9330 23 176 -0.9221 -0.0000 100.0000
25.9343 23 176 -0.8990 -0.0000 100.0000
25.9356 23 176 -0.8167 -0.0000 100.0000
25.9368 23 176 -0.7825 -0.0000 100.0000
25.9381 23 176 -0.8264 -0.0000 100.0000
25.9394 23 176 -0.8336 -0.0000 100.0000
25.9406 23 176 -0.8661 -0.0000 100.0000
25.9419 23 176 -0.9092 -0.0000 100.0000
25.9432 23 176 -0.8538 -0.0000 100.0000
25.9445 23 176 -0.8086 -0.0000 100.0000
25.9457 23 176 -0.7719 -0.0000 100.0000
25.9470 23 176 -0.7618 -0.0000 100.0000
25.9483 23 176 -0.7508 -0.0000 100.0000
25.9496 23 176 -0.7289 -0.0000 100.0000
25.9509 23 176 -0.7127 -0.0000 100.0000
25.9522 23 176 -0.7234 -0.0000 100.0000
25.9535 23 176 -0.6960 -0.0000 100.0000
25.9547 23 176 -0.7383 -0.0000 100.0000
25.9560 23 176 -0.7955 -0.0000 100.0000
25.9573 23 176 -0.8442 -0.0000 100.0000
25.9585 23 176 -0.8194 -0.0000 100.0000
25.9598 23 176 -0.9052 -0.0000 100.0000
25.9611 23 176 -0.8120 -0.0000 100.0000
25.9624 23 176 -0.7596 -0.0000 100.0000
25.9636 23 176 -0.7092 -0.0000 100.0000
25.9649 23 176 -0.6650 -0.0000 100.0000
25.9662 23 176 -0.7314 -0.0000 100.0000
25.9675 23 176 -0.7117 -0.0000 100.0000
25.9687 23 176 -0.6479 -0.0000 100.0000
25.9700 23 176 -0.5579 -0.0000 100.0000
25.9713 23 176 -0.6321 -0.0000 100.0000
25.9726 23 176 -0.6208 -0.0000 100.0000
25.9739 23 176 -0.6212 -0.0000 100.0000
25.9751 23 176 -0.6831 -0.0000 100.0000
25.9764 23 176 -0.6685 -0.0000 100.0000
25.9777 23 176 -0.7202 -0.0000 100.0000
25.9790 23 176 -0.7664 -0.0000 100.0000
25.9802 23 176 -0.8077 -0.0000 100.0000
25.9815 23 176 -0.8205 -0.0000 100.0000
25.9828 23 176 -0.7943 -0.0000 100.0000
25.9840 23 176 -0.8074 -0.0000 100.0000
25.9853 23 176 -0.8694 -0.0000 100.0000
25.9866 23 176 -0.8690 -0.0000 100.0000
25.9878 23 176 -0.8212 -0.0000 100.0000
25.9891 23 176 -0.7754 -0.0000 100.0000
25.9904 23 176 -0.7075 -0.0000 100.0000
25.9916 23 176 -0.8108 -0.0000 100.0000
25.9930 23 176 -0.7752 -0.0000 100.0000
25.9942 23 176 -0.6992 -0.0000 100.0000
25.9955 23 176 -0.7004 -0.0000 100.0000
25.9967 23 176 -0.7361 -0.0000 100.0000
25.9980 23 176 -0.6561 -0.0000 100.0000
25.9993 23 176 -0.7041 -0.0000 100.0000
26.0006 23 176 -0.7941 -0.0000 100.0000
26.0018 23 176 -0.8176 -0.0000 100.0000
26.0031 23 176 -0.8217 -0.0000 100.0000
26.0043 23 176 -0.8162 -0.0000 100.0000
26.0056 23 176 -0.7271 -0.0000 100.0000
26.0068 23 176 -0.7249 -0.0000 100.0000
26.0081 23 176 -0.6844 -0.0000 100.0000
26.0094 23 176 -0.6979 -0.0000 100.0000
26.0107 23 176 -0.7002 -0.0000 100.0000
26.0120 23 176 -0.7444 -0.0000 100.0000
26.0133 23 176 -0.9368 -0.0000 100.0000
26.0145 23 176 -0.9976 -0.0000 100.0000
26.0158 23 176 -1.1801 -0.0000 100.0000
26.0171 23 176 -1.0421 -0.0000 100.0000
26.0183 23 176 -1.0878 -0.0000 100.0000
26.0196 23 176 -1.1184 -0.0000 100.0000
26.0209 23 176 -1.1196 -0.0000 100.0000
26.0222 23 176 -1.1916 -0.0000 100.0000
26.0235 23 176 -1.2021 -0.0000 100.0000
26.0247 23 176 -1.2717 -0.0000 100.0000
26.0260 22 177 -1.4041 -0.0000 100.0000
26.0273 22 177 -1.3636 -0.0000 100.0000
26.0286 22 177 -1.4378 -0.0000 100.0000
26.0299 22 177 -1.4439 -0.0000 100.0000
26.0311 22 177 -1.4407 -0.0000 100.0000
26.0324 22 177 -1.4778 -0.0000 100.0000
26.0337 22 177 -1.5045 -0.0000 100.0000
26.0350 22 177 -1.5624 -0.0000 100.0000
26.0363 22 177 -1.5495 -0.0000 100.0000
26.0375 22 177 -1.5094 -0.0000 100.0000
26.0388 22 177 -1.4293 -0.0000 100.0000
26.0401 22 177 -1.3695 -0.0000 100.0000
26.0414 22 177 -1.3146 -0.0000 100.0000
26.0426 22 177 -1.1678 -0.0000 100.0000
26.0439 22 177 -1.1859 -0.0000 100.0000
26.0452 22 177 -1.1122 -0.0000 100.0000
26.0465 22 177 -1.1044 -0.0000 100.0000
26.0477 22 177 -1.0713 -0.0000 100.0000
26.0490 22 177 -1.0739 -0.0000 100.0000
26.0502 22 177 -1.0669 -0.0000 100.0000
26.0515 22 177 -1.0954 -0.0000 100.0000
26.0528 22 177 -1.0223 -0.0000 100.0000
26.0540 22 177 -0.8919 -0.0000 100.0000
26.0553 22 177 -0.9044 -0.0000 100.0000
26.0566 22 177 -0.8538 -0.0000 100.0000
26.0578 22 177 -0.7674 -0.0000 100.0000
26.0591 22 177 -0.6990 -0.0000 100.0000
26.0604 22 177 -0.7484 -0.0000 100.0000
26.0617 22 177 -0.6782 -0.0000 100.0000
26.0630 22 177 -0.5834 -0.0000 100.0000
26.0642 22 177 -0.4179 -0.0000 100.0000
26.0655 22 177 -0.3909 -0.0000 100.0000
26.0668 22 177 -0.3475 -0.0000 100.0000
26.0680 22 177 -0.3393 -0.0000 100.0000
26.0693 22 177 -0.3507 -0.0000 100.0000
26.0706 22 177 -0.2940 -0.0000 100.0000
26.0719 22 177 -0.2377 -0.0000 100.0000
26.0731 22 177 -0.1938 -0.0000 100.0000
26.0744 22 177 -0.1798 -0.0000 100.0000
26.0757 22 177 -0.0971 -0.0000 100.0000
26.0769 22 177 -0.0900 -0.0000 100.0000
26.0782 22 177 0.0034 -0.0000 100.0000
26.0795 22 177 0.0478 -0.0000 100.0000
26.0807 22 177 0.0290 -0.0000 100.0000
26.0820 22 177 0.0168 -0.0000 100.0000
26.0833 22 177 0.0090 -0.0000 100.0000
26.0845 22 177 0.0090 -0.0000 100.0000
26.0858 22 177 0.0263 -0.0000 100.0000
26.0871 22 177 0.0789 -0.0000 100.0000
26.0883 22 177 0.1002 -0.0000 100.0000
26.0896 22 177 0.0645 -0.0000 100.0000
26.0908 22 177 -0.0299 -0.0000 100.0000
26.0921 22 177 0.0132 -0.0000 100.0000
26.0934 22 177 0.0683 -0.0000 100.0000
26.0946 22 177 0.1117 -0.0000 100.0000
26.0959 22 177 0.0145 -0.0000 100.0000
26.0971 22 177 0.0078 -0.0000 100.0000
26.0984 22 177 -0.0868 -0.0000 100.0000
26.0996 22 177 -0.1842 -0.0000 100.0000
26.1009 22 177 -0.2816 -0.0000 100.0000
26.1022 22 177 -0.3432 -0.0000 100.0000
26.1034 22 177 -0.4556 -0.0000 100.0000
26.1047 22 177 -0.5755 -0.0000 100.0000
26.1060 22 177 -0.5985 -0.0000 100.0000
26.1072 22 177 -0.5983 -0.0000 100.0000
26.1085 22 177 -0.6179 -0.0000 100.0000
26.1097 22 177 -0.5908 -0.0000 100.0000
26.1110 22 177 -0.5844 -0.0000 100.0000
26.1123 22 177 -0.6453 -0.0000 100.0000
26.1136 22 177 -0.5749 -0.0000 100.0000
26.1148 22 177 -0.5680 -0.0000 100.0000
26.1161 22 177 -0.5053 -0.0000 100.0000
26.1173 22 177 -0.4306 -0.0000 100.0000
26.1185 22 177 -0.4591 -0.0000 100.0000
26.1198 22 177 -0.5818 -0.0000 100.0000
26.1210 22 177 -0.6184 -0.0000 100.0000
26.1223 22 177 -0.6423 -0.0000 100.0000
26.1236 22 177 -0.6378 -0.0000 100.0000
26.1248 22 177 -0.7843 -0.0000 100.0000
26.1261 22 177 -0.8420 -0.0000 100.0000
26.1273 22 177 -0.7768 -0.0000 100.0000
26.1286 22 177 -0.7595 -0.0000 100.0000
26.1298 22 177 -0.8253 -0.0000 100.0000
26.1311 22 177 -0.8869 -0.0000 100.0000
26.1323 22 177 -0.7874 -0.0000 100.0000
26.1336 22 177 -0.7417 -0.0000 100.0000
26.1349 22 177 -0.6777 -0.0000 100.0000
26.1361 22 177 -0.6164 -0.0000 100.0000
26.1374 22 177 -0.6990 -0.0000 100.0000
26.1386 22 177 -0.6890 -0.0000 100.0000
26.1399 22 177 -0.7316 -0.0000 100.0000
26.1412 22 177 -0.6307 -0.0000 100.0000
26.1425 22 177 -0.6575 -0.0000 100.0000
26.1438 22 177 -0.5886 -0.0000 100.0000
26.1451 22 177 -0.6617 -0.0000 100.0000
26.1464 22 177 -0.6003 -0.0000 100.0000
26.1476 22 177 -0.5056 -0.0000 100.0000
26.1489 22 177 -0.3939 -0.0000 100.0000
26.1502 22 177 -0.3873 -0.0000 100.0000
26.1514 22 177 -0.3740 -0.0000 100.0000
26.1527 22 177 -0.4430 -0.0000 100.0000
26.1540 22 177 -0.4044 -0.0000 100.0000
26.1553 22 177 -0.3303 -0.0000 100.0000
26.1565 22 177 -0.2911 -0.0000 100.0000
26.1578 22 177 -0.2992 -0.0000 100.0000
26.1591 22 177 -0.3467 -0.0000 100.0000
26.1604 22 177 -0.3749 -0.0000 100.0000
26.1616 22 177 -0.2884 -0.0000 100.0000
26.1629 22 177 -0.3451 -0.0000 100.0000
26.1642 22 177 -0.3132 -0.0000 100.0000
26.1655 22 177 -0.3253 -0.0000 100.0000
26.1667 22 177 -0.3014 -0.0000 100.0000
26.1680 22 177 -0.2763 -0.0000 100.0000
26.1693 22 177 -0.3003 -0.0000 100.0000
26.1706 22 177 -0.1342 -0.0000 100.0000
26.1718 22 177 -0.0706 -0.0000 100.0000
26.1731 22 177 -0.0186 -0.0000 100.0000
26.1744 22 177 0.0503 -0.0000 100.0000
26.1757 22 177 -0.0020 -0.0000 100.0000
26.1769 22 177 0.0720 -0.0000 100.0000
26.1782 22 177 0.0199 -0.0000 100.0000
26.1795 22 177 0.0537 -0.0000 100.0000
26.1807 22 177 0.1644 -0.0000 100.0000
26.1820 22 177 0.2126 -0.0000 100.0000
26.1833 22 177 0.2508 -0.0000 100.0000
26.1845 22 177 0.2327 -0.0000 100.0000
26.1858 22 177 0.2375 -0.0000 100.0000
26.1871 22 177 0.2250 -0.0000 100.0000
26.1884 22 177 0.2412 -0.0000 100.0000
26.1897 22 177 0.2797 -0.0000 100.0000
26.1909 22 177 0.2370 -0.0000 100.0000
26.1922 22 177 0.2786 -0.0000 100.0000
26.1935 22 177 0.3603 -0.0000 100.0000
26.1947 22 177 0.4218 -0.0000 100.0000
26.1960 22 177 0.3331 -0.0000 100.0000
26.1973 22 177 0.3045 -0.0000 100.0000
26.1986 22 177 0.2989 -0.0000 100.0000
26.1999 22 177 0.3801 -0.0000 100.0000
26.2011 22 177 0.3540 -0.0000 100.0000
26.2024 22 177 0.3545 -0.0000 100.0000
26.2036 22 177 0.3819 -0.0000 100.0000
26.2049 22 177 0.3764 -0.0000 100.0000
26.2062 22 177 0.3328 -0.0000 100.0000
26.2074 22 177 0.3312 -0.0000 100.0000
26.2087 22 177 0.3575 -0.0000 100.0000
26.2099 22 177 0.4041 -0.0000 100.0000
26.2112 22 177 0.3933 -0.0000 100.0000
26.2124 22 177 0.4816 -0.0000 100.0000
26.2137 22 177 0.4833 -0.0000 100.0000
26.2150 22 177 0.3472 -0.0000 100.0000
26.2163 22 177 0.3275 -0.0000 100.0000
26.2176 22 177 0.3310 -0.0000 100.0000
26.2188 22 177 0.3663 -0.0000 100.0000
26.2201 22 177 0.3501 -0.0000 100.0000
26.2214 22 177 0.3760 -0.0000 100.0000
26.2226 22 177 0.4705 -0.0000 100.0000
26.2239 22 177 0.4581 -0.0000 100.0000
26.2252 22 177 0.3974 -0.0000 100.0000
26.2264 22 177 0.2518 -0.0000 100.0000
26.2277 22 177 0.2309 -0.0000 100.0000
26.2290 22 177 0.1126 -0.0000 100.0000
26.2303 22 177 0.1113 -0.0000 100.0000
26.2315 22 177 0.1290 -0.0000 100.0000
26.2328 22 177 0.1022 -0.0000 100.0000
26.2341 22 177 0.1401 -0.0000 100.0000
26.2353 22 177 0.0170 -0.0000 100.0000
26.2366 22 177 -0.0134 -0.0000 100.0000
26.2379 22 177 0.0290 -0.0000 100.0000
26.2391 22 177 -0.0637 -0.0000 100.0000
26.2404 22 177 -0.1333 -0.0000 100.0000
26.2416 22 177 -0.1472 -0.0000 100.0000