0.2256 657 657 642 642 51.9303 -0.0000
0.2324 656 656 643 643 52.3045 -0.0000
0.2391 646 646 653 653 49.9074 -0.0000
0.2460 651 651 648 648 49.2817 -0.0000
0.2528 653 653 646 646 49.8062 -0.0000
0.2596 642 642 657 657 47.2652 -0.0000
0.2662 661 661 638 638 50.7105 -0.0000
0.2730 640 640 659 659 47.8833 -0.0000
0.2798 645 645 654 654 46.6375 -0.0000
0.2864 661 661 638 638 49.8758 -0.0000
0.2932 643 643 656 656 47.2932 -0.0000
0.3001 625 625 674 674 39.1681 -0.0000
0.3068 639 639 660 660 35.6252 -0.0000
0.3137 648 648 651 651 35.1447 -0.0000
0.3205 643 643 656 656 33.2165 -0.0000
0.3271 649 649 650 650 32.9345 -0.0000
0.3339 641 641 658 658 31.5654 -0.0000
0.3408 633 633 666 666 28.8853 -0.0000
0.3475 593 593 706 706 15.1195 -0.0000
0.3543 578 578 721 721 -2.3588 -0.0000
0.3612 565 565 734 734 -23.0693 -0.0000
0.3679 551 551 748 748 -46.1824 -0.0000
0.3747 535 535 764 764 -74.7871 -0.0000
0.3815 533 533 766 766 -103.4731 -0.0000
0.3882 502 502 797 797 -141.5204 -0.0000
0.3950 496 496 803 803 -181.3891 -0.0000
0.4019 458 458 841 841 -232.5087 -0.0000
0.4086 478 478 821 821 -276.1595 -0.0000
0.4154 465 465 834 834 -324.0395 -0.0000
0.4222 463 463 836 836 -372.0999 -0.0000
0.4289 453 453 846 846 -422.6958 -0.0000
0.4358 444 444 855 855 -476.0020 -0.0000
0.4426 422 422 877 877 -538.3624 -0.0000
0.4492 482 482 817 817 -581.6796 -0.0000
0.4560 459 459 840 840 -633.3231 -0.0000
0.4628 503 503 796 796 -673.0662 -0.0000
0.4695 504 504 795 795 -712.4979 -0.0000
0.4764 525 525 774 774 -747.4006 -0.0000
0.4832 557 557 742 742 -775.5895 -0.0000
0.4899 566 566 733 733 -801.1504 -0.0000
0.4968 598 598 701 701 -817.9547 -0.0000
0.5036 676 676 623 623 -810.6677 -0.0000
0.5103 693 693 606 606 -798.0837 -0.0000
0.5171 706 706 593 593 -778.0721 -0.0000
0.5240 666 666 633 633 -769.0522 -0.0000
0.5308 655 655 644 644 -762.4085 -0.0000
0.5375 703 703 596 596 -740.1991 -0.0000
0.5444 692 692 607 607 -720.7269 -0.0000
0.5513 773 773 526 526 -674.6406 -0.0000
0.5581 749 749 550 550 -638.7123 -0.0000
0.5648 679 679 620 620 -625.8208 -0.0000
0.5716 762 762 537 537 -585.2334 -0.0000
0.5785 778 778 521 521 -538.3752 -0.0000
0.5853 764 764 535 535 -495.9229 -0.0000
0.5920 810 810 489 489 -440.6188 -0.0000
0.5988 737 737 562 562 -406.2460 -0.0000
0.6056 710 710 589 589 -377.3859 -0.0000
0.6123 693 693 606 606 -353.0628 -0.0000
0.6190 677 677 622 622 -334.9932 -0.0000
0.6259 685 685 614 614 -313.0100 -0.0000
0.6327 665 665 634 634 -296.6441 -0.0000
0.6395 721 721 578 578 -263.6443 -0.0000
0.6462 711 711 588 588 -235.2219 -0.0000
0.6530 730 730 569 569 -202.6498 -0.0000
0.6599 721 721 578 578 -173.7331 -0.0000
0.6666 702 702 597 597 -152.3845 -0.0000
0.6733 684 684 615 615 -135.1687 -0.0000
0.6802 703 703 596 596 -111.3158 -0.0000
0.6870 653 653 646 646 -102.3219 -0.0000
0.6938 646 646 653 653 -95.1594 -0.0000
0.7005 556 556 743 743 -113.3646 -0.0000
0.7073 596 596 703 703 -118.8849 -0.0000
0.7141 622 622 677 677 -116.2376 -0.0000
0.7208 678 678 621 621 -98.2255 -0.0000
0.7275 661 661 638 638 -86.5450 -0.0000
0.7344 608 608 691 691 -93.0197 -0.0000
0.7413 574 574 725 725 -109.8828 -0.0000
0.7481 614 614 685 685 -115.3329 -0.0000
0.7548 676 676 623 623 -102.1208 -0.0000
0.7615 670 670 629 629 -91.9095 -0.0000
0.7681 627 627 672 672 -95.0604 -0.0000
0.7747 666 666 633 633 -87.1637 -0.0000
0.7814 682 682 617 617 -74.6706 -0.0000
0.7880 652 652 647 647 -71.0009 -0.0000
0.7946 649 649 650 650 -67.9515 -0.0000
0.8013 650 650 649 649 -64.0287 -0.0000
0.8080 648 648 651 651 -60.3252 -0.0000
0.8146 684 684 615 615 -46.1853 -0.0000
0.8212 664 664 635 635 -38.3412 -0.0000
0.8278 641 641 658 658 -38.2454 -0.0000
0.8346 659 659 640 640 -32.9858 -0.0000
0.8412 721 721 578 578 -10.9412 -0.0000
0.8479 663 663 636 636 -5.3829 -0.0000
0.8545 619 619 680 680 -13.0645 -0.0000
0.8612 660 660 639 639 -8.3522 -0.0000
0.8678 726 726 573 573 16.1961 -0.0000
0.8744 720 720 579 579 38.0263 -0.0000
0.8810 618 618 681 681 30.3623 -0.0000
0.8876 643 643 656 656 30.7331 -0.0000
0.8943 695 695 604 604 48.0762 -0.0000
0.9009 719 719 580 580 72.6399 -0.0000
0.9075 677 677 622 622 82.9190 -0.0000
0.9141 618 618 681 681 76.3644 -0.0000
0.9207 637 637 662 662 74.8519 -0.0000
0.9273 674 674 625 625 86.4429 -0.0000
0.9340 661 661 638 638 93.6278 -0.0000
0.9406 649 649 650 650 97.3309 -0.0000
0.9472 640 640 659 659 98.2595 -0.0000
0.9538 624 624 675 675 94.9253 -0.0000
0.9605 621 621 678 678 90.4326 -0.0000
0.9671 688 688 611 611 105.7754 -0.0000
0.9737 636 636 663 663 104.6596 -0.0000
0.9804 591 591 708 708 90.5735 -0.0000
0.9870 638 638 661 661 91.2052 -0.0000
0.9936 705 705 594 594 110.5101 -0.0000
1.0003 666 666 633 633 117.8490 -0.0000
1.0069 573 573 726 726 96.5342 -0.0000
1.0135 680 680 619 619 106.6955 -0.0000
1.0201 695 695 604 604 122.0217 -0.0000
1.0267 595 595 704 704 105.9666 -0.0000
1.0333 598 598 701 701 91.9621 -0.0000
1.0400 729 729 570 570 116.8269 -0.0000
1.0465 624 624 675 675 109.7554 -0.0000
1.0532 603 603 696 696 97.7339 -0.0000
1.0599 678 678 621 621 107.1382 -0.0000
1.0664 691 691 608 608 119.9101 -0.0000
1.0732 623 623 676 676 112.4302 -0.0000
1.0798 635 635 664 664 107.8896 -0.0000
1.0864 693 693 606 606 121.2715 -0.0000
1.0930 662 662 637 637 124.8260 -0.0000
1.0997 650 650 649 649 124.7591 -0.0000
1.1063 667 667 632 632 129.8404 -0.0000
1.1129 637 637 662 662 126.0995 -0.0000
1.1196 676 676 623 623 134.0982 -0.0000
1.1262 689 689 610 610 146.0972 -0.0000
1.1328 656 656 643 643 148.2762 -0.0000
1.1394 605 605 694 694 135.6166 -0.0000
1.1460 701 701 598 598 152.2596 -0.0000
1.1527 695 695 604 604 166.4734 -0.0000
1.1593 630 630 669 669 161.8066 -0.0000
1.1659 620 620 679 679 154.6424 -0.0000
1.1725 692 692 607 607 168.2787 -0.0000
1.1792 703 703 596 596 186.0269 -0.0000
1.1858 610 610 689 689 175.0010 -0.0000
1.1925 622 622 677 677 167.6482 -0.0000
1.1991 649 649 650 650 169.5688 -0.0000
1.2057 698 698 601 601 184.9515 -0.0000
1.2123 609 609 690 690 174.2794 -0.0000
1.2189 608 608 691 691 162.7123 -0.0000
1.2255 682 682 617 617 173.6618 -0.0000
1.2322 673 673 626 626 181.8910 -0.0000
1.2388 581 581 718 718 162.1478 -0.0000
1.2455 634 634 665 665 158.6289 -0.0000
1.2522 690 690 609 609 171.0177 -0.0000
1.2588 650 650 649 649 170.9294 -0.0000
1.2654 621 621 678 678 162.0869 -0.0000
1.2721 651 651 648 648 161.0374 -0.0000
1.2787 687 687 612 612 170.4526 -0.0000
1.2853 635 635 664 664 163.6418 -0.0000
1.2919 630 630 669 669 155.0279 -0.0000
1.2985 654 654 645 645 153.4440 -0.0000
1.3051 678 678 621 621 158.6286 -0.0000
1.3117 657 657 642 642 157.4059 -0.0000
1.3183 625 625 674 674 146.8004 -0.0000
1.3250 689 689 610 610 155.6533 -0.0000
1.3316 687 687 612 612 164.2479 -0.0000
1.3382 648 648 651 651 161.3081 -0.0000
1.3448 623 623 676 676 151.8018 -0.0000
1.3515 651 651 648 648 151.1230 -0.0000
1.3582 699 699 600 600 164.7476 -0.0000
1.3648 632 632 667 667 158.4916 -0.0000
1.3714 654 654 645 645 158.0743 -0.0000
1.3781 696 696 603 603 170.7265 -0.0000
1.3847 686 686 613 613 179.8509 -0.0000
1.3914 617 617 682 682 168.4379 -0.0000
1.3980 659 659 640 640 170.8663 -0.0000
1.4046 703 703 596 596 185.5497 -0.0000
1.4112 675 675 624 624 192.4036 -0.0000
1.4179 605 605 694 694 178.6172 -0.0000
1.4245 602 602 697 697 165.1732 -0.0000
1.4312 684 684 615 615 177.0069 -0.0000
1.4378 698 698 601 601 192.1308 -0.0000
1.4444 627 627 672 672 186.5683 -0.0000
1.4510 593 593 706 706 169.2451 -0.0000
1.4577 691 691 608 608 181.7160 -0.0000
1.4643 658 658 641 641 184.2440 -0.0000
1.4709 584 584 715 715 163.4121 -0.0000
1.4775 650 650 649 649 162.7320 -0.0000
1.4844 701 701 598 598 176.9944 15.6250
1.4911 660 660 639 639 178.0620 15.6250
1.4978 620 620 679 679 167.1647 15.6250
1.5044 649 649 650 650 164.2051 15.6250
1.5110 675 675 624 624 169.9242 15.6250
1.5177 638 638 661 661 164.2213 15.6250
1.5243 656 656 643 643 163.9184 15.6250
1.5310 652 652 647 647 162.5455 15.6250
1.5376 651 651 648 648 160.6203 15.6250
1.5443 674 674 625 625 167.0475 125.0000
1.5510 662 662 637 637 169.5080 125.0000
1.5575 625 625 674 674 161.3690 125.0000
1.5641 670 670 629 629 166.2149 125.0000
1.5708 671 671 628 628 171.3706 125.0000
1.5774 647 647 652 652 169.4037 125.0000
1.5841 603 603 696 696 154.5001 125.0000
1.5908 692 692 607 607 167.6092 125.0000
1.5976 695 695 604 604 182.4203 195.3125
1.6043 628 628 671 671 176.8954 195.3125
1.6109 597 597 702 702 162.3835 195.3125
1.6175 668 668 631 631 168.4466 195.3125
1.6242 684 684 615 615 181.1072 195.3125
1.6309 632 632 667 667 177.1654 195.3125
1.6375 583 583 716 716 159.4502 195.3125
1.6441 706 706 593 593 178.6785 195.3125
1.6511 708 708 591 591 198.3558 195.3125
1.6581 633 633 666 666 196.3963 296.8750
1.6647 579 579 720 720 177.8544 296.8750
1.6714 640 640 659 659 178.3097 296.8750
1.6779 687 687 612 612 193.4292 296.8750
1.6845 605 605 694 694 183.0567 296.8750
1.6912 616 616 683 683 176.8425 296.8750
1.6978 695 695 604 604 193.4884 296.8750
1.7043 675 675 624 624 203.6836 296.8750
1.7114 623 623 676 676 199.0564 343.7500
1.7180 632 632 667 667 196.7763 343.7500
1.7246 651 651 648 648 200.8385 343.7500
1.7312 661 661 638 638 207.6229 343.7500
1.7378 646 646 653 653 209.0499 343.7500
1.7444 622 622 677 677 203.2744 343.7500
1.7512 620 620 679 679 196.4632 343.7500
1.7578 694 694 605 605 211.7572 343.7500
1.7645 656 656 643 643 215.1200 359.3750
1.7712 616 616 683 683 206.3124 359.3750
1.7778 675 675 624 624 215.9076 359.3750
1.7845 713 713 586 586 236.5109 359.3750
1.7911 661 661 638 638 241.9135 359.3750
1.7978 604 604 695 695 230.1213 359.3750
1.8044 676 676 623 623 239.9723 359.3750
1.8111 676 676 623 623 250.4303 359.3750
1.8178 646 646 653 653 251.3106 359.3750
1.8244 622 622 677 677 246.0081 359.3750
1.8311 683 683 616 616 259.2950 398.4375
1.8377 671 671 628 628 269.6150 398.4375
1.8444 656 656 643 643 275.6909 398.4375
1.8510 620 620 679 679 270.8181 398.4375
1.8576 649 649 650 650 275.8430 398.4375
1.8643 657 657 642 642 282.7673 398.4375
1.8710 645 645 654 654 286.4559 398.4375
1.8776 625 625 674 674 284.1721 398.4375
1.8843 617 617 682 682 279.7619 398.4375
1.8909 668 668 631 631 290.4316 398.4375
1.8976 672 672 627 627 301.7906 406.2500
1.9043 629 629 670 670 300.1944 406.2500
1.9109 611 611 688 688 292.9828 406.2500
1.9176 648 648 651 651 296.7216 406.2500
1.9242 678 678 621 621 309.0791 406.2500
1.9309 620 620 679 679 302.9108 406.2500
1.9376 597 597 702 702 290.4523 406.2500
1.9442 679 679 620 620 302.0268 406.2500
1.9509 647 647 652 652 304.7336 453.1250
1.9576 590 590 709 709 290.4062 453.1250
1.9643 651 651 648 648 294.3122 453.1250
1.9709 684 684 615 615 307.6099 453.1250
1.9775 633 633 666 666 305.4090 453.1250
1.9841 610 610 689 689 296.0565 453.1250
1.9907 707 707 592 592 315.5914 453.1250
1.9973 617 617 682 682 308.7158 453.1250
2.0040 600 600 699 699 296.6602 453.1250
2.0106 676 676 623 623 307.8611 453.1250
2.0172 685 685 614 614 320.9146 453.1250
2.0238 594 594 705 705 307.4865 484.3750
2.0305 605 605 694 694 298.3553 484.3750
2.0371 726 726 573 573 324.5564 484.3750
2.0437 635 635 664 664 323.9017 484.3750
2.0504 620 620 679 679 319.4077 484.3750
2.0570 671 671 628 628 329.7241 484.3750
2.0636 692 692 607 607 347.4631 484.3750
2.0703 629 629 670 670 346.3434 484.3750
2.0769 631 631 668 668 346.5776 531.2500
2.0836 676 676 623 623 361.0401 531.2500
2.0903 654 654 645 645 368.8488 531.2500
2.0969 634 634 665 665 371.1909 531.2500
2.1036 652 652 647 647 378.6431 531.2500
2.1102 650 650 649 649 385.3464 531.2500
2.1169 663 663 636 636 395.8652 531.2500
2.1235 636 636 663 663 398.3935 531.2500
2.1302 630 630 669 669 398.7019 531.2500
2.1368 609 609 690 690 393.6219 554.6875
2.1434 675 675 624 624 407.9048 554.6875
2.1501 662 662 637 637 417.6722 554.6875
2.1567 610 610 689 689 412.2196 554.6875
2.1633 656 656 643 643 419.9805 554.6875
2.1700 661 661 638 638 428.6997 554.6875
2.1766 615 615 684 684 423.6943 554.6875
2.1833 631 631 668 668 423.3970 554.6875
2.1899 696 696 603 603 442.1879 554.6875
2.1965 632 632 667 667 441.6053 554.6875
2.2032 614 614 685 685 436.4460 625.0000
2.2098 666 666 633 633 446.6814 625.0000
2.2165 678 678 621 621 460.4828 625.0000
2.2231 600 600 699 699 450.6825 625.0000
2.2297 636 636 663 663 451.3123 625.0000
2.2363 677 677 622 622 463.8375 625.0000
2.2430 629 629 670 670 462.2114 625.0000
2.2496 632 632 667 667 461.4361 625.0000
2.2563 639 639 660 660 463.8294 679.6875
2.2629 653 653 646 646 470.6276 679.6875
2.2696 639 639 660 660 473.3355 679.6875
2.2762 653 653 646 646 480.5384 679.6875
2.2829 636 636 663 663 482.3075 679.6875
2.2894 605 605 694 694 475.6405 679.6875
2.2961 663 663 636 636 486.2545 679.6875
2.3027 667 667 632 632 497.1093 679.6875
2.3094 586 586 713 713 484.5655 679.6875
2.3160 641 641 658 658 488.1963 679.6875
2.3227 678 678 621 621 503.1895 679.6875
2.3293 590 590 709 709 492.8094 679.6875
2.3359 631 631 668 668 494.5382 710.9375
2.3426 677 677 622 622 510.5521 710.9375
2.3492 613 613 686 686 506.6473 710.9375
2.3558 595 595 704 704 497.4897 710.9375
2.3625 674 674 625 625 511.7172 710.9375
2.3691 615 615 684 684 508.1895 710.9375
2.3757 582 582 717 717 495.9628 710.9375
2.3824 681 681 618 618 512.1806 710.9375
2.3891 644 644 655 655 517.7890 750.0000
2.3957 579 579 720 720 503.6239 750.0000
2.4023 638 638 661 661 506.6634 750.0000
2.4089 695 695 604 604 526.9343 750.0000
2.4156 586 586 713 713 514.1729 750.0000
2.4222 619 619 680 680 511.7926 750.0000
2.4289 696 696 603 603 531.7507 750.0000
2.4355 658 658 641 641 539.6525 750.0000
2.4422 640 640 659 659 542.7818 750.0000
2.4489 616 616 683 683 538.2558 804.6875
2.4558 646 646 653 653 544.9390 804.6875
2.4624 703 703 596 596 567.7988 804.6875
2.4691 661 661 638 638 577.5268 804.6875
2.4758 591 591 708 708 567.3981 804.6875
2.4824 704 704 595 595 590.4731 804.6875
2.4891 700 700 599 599 613.0780 804.6875
2.4957 598 598 701 701 605.1009 804.6875
2.5023 642 642 657 657 610.5212 828.1250
2.5090 704 704 595 595 635.6652 828.1250
2.5156 625 625 674 674 636.5009 828.1250
2.5223 543 543 756 756 613.6871 828.1250
2.5289 686 686 613 613 633.9514 828.1250
2.5355 704 704 595 595 659.1516 828.1250
2.5422 582 582 717 717 648.2466 828.1250
2.5489 612 612 687 687 645.6151 828.1250
2.5556 679 679 620 620 663.7349 890.6250
2.5623 631 631 668 668 667.7767 890.6250
2.5690 541 541 758 758 644.2927 890.6250
2.5756 608 608 691 691 641.3616 890.6250
2.5822 651 651 648 648 651.4417 890.6250
2.5889 567 567 732 732 635.4929 890.6250
2.5955 570 570 729 729 620.4286 890.6250
2.6022 665 665 634 634 633.3007 890.6250
2.6089 616 616 683 683 630.7722 890.6250
2.6155 637 637 662 662 634.4279 890.6250
2.6221 608 608 691 691 627.9839 890.6250
2.6288 622 622 677 677 626.5546 890.6250
2.6354 680 680 619 619 641.7330 890.6250
2.6421 629 629 670 670 641.4294 890.6250
2.6488 604 604 695 695 635.4742 945.3125
2.6555 618 618 681 681 633.7113 945.3125
2.6620 648 648 651 651 641.0614 945.3125
2.6687 650 650 649 649 648.7723 945.3125
2.6753 613 613 686 686 646.2780 945.3125
2.6820 608 608 691 691 642.4717 945.3125
2.6887 667 667 632 632 655.9160 945.3125
2.6953 652 652 647 647 665.7250 945.3125
2.7019 604 604 695 695 660.1385 945.3125
2.7086 653 653 646 646 670.0532 945.3125
2.7153 693 693 606 606 691.5433 968.7500
2.7220 602 602 697 697 686.7455 968.7500
2.7286 662 662 637 637 699.9321 968.7500
2.7352 664 664 635 635 713.2888 968.7500
2.7418 615 615 684 684 713.6923 968.7500
2.7485 652 652 647 647 724.6308 968.7500
2.7551 690 690 609 609 746.2613 968.7500
2.7618 599 599 700 700 741.7957 968.7500
2.7686 619 619 680 680 743.3931 968.7500
2.7752 714 714 585 585 773.2087 968.7500
2.7818 611 611 688 688 772.1127 968.7500
2.7885 585 585 714 714 763.3884 968.7500
2.7951 671 671 628 628 780.5638 968.7500
2.8018 646 646 653 653 790.0834 968.7500
2.8084 570 570 729 729 777.8180 968.7500
2.8151 636 636 663 663 785.2784 968.7500
2.8217 670 670 629 629 801.6360 968.7500
2.8284 596 596 703 703 796.3808 968.7500
2.8350 580 580 719 719 785.5932 968.7500
2.8417 700 700 599 599 810.4280 968.7500
2.8483 647 647 652 652 818.3140 968.7500
2.8549 563 563 736 736 800.6629 968.7500
2.8615 640 640 659 659 807.0978 968.7500
2.8682 645 645 654 654 814.0138 968.7500
2.8748 624 624 675 675 814.7203 968.7500
2.8815 622 622 677 677 814.4116 968.7500
2.8881 601 601 698 698 807.0500 968.7500
2.8947 604 604 695 695 802.1261 968.7500
2.9013 656 656 643 643 811.8174 968.7500
2.9080 605 605 694 694 806.5681 968.7500
2.9146 614 614 685 685 803.8668 968.7500
2.9212 618 618 681 681 802.5455 968.7500
2.9278 626 626 673 673 804.3254 968.7500
2.9345 651 651 648 648 812.4623 968.7500
2.9411 597 597 702 702 805.4196 968.7500
2.9478 630 630 669 669 807.4944 968.7500
2.9544 689 689 610 610 827.7020 968.7500
2.9611 592 592 707 707 819.2490 968.7500
2.9678 589 589 710 710 810.1857 968.7500
2.9744 695 695 604 604 833.9583 968.7500
2.9811 616 616 683 683 833.5231 968.7500
2.9878 598 598 701 701 828.6246 968.7500
2.9944 694 694 605 605 851.5604 968.7500
3.0011 592 592 707 707 844.3206 968.7500
3.0077 571 571 728 728 832.4780 968.7500
3.0144 710 710 589 589 861.1825 1000.0000
3.0211 621 621 678 678 863.5878 1000.0000
3.0278 561 561 738 738 847.5400 1000.0000
3.0344 665 665 634 634 863.0239 1000.0000
3.0411 657 657 642 642 875.7739 1000.0000
3.0478 602 602 697 697 871.9086 1000.0000
3.0544 624 624 675 675 874.3372 1000.0000
3.0611 639 639 660 660 879.5920 1000.0000
3.0678 634 634 665 665 884.6886 1000.0000
3.0744 645 645 654 654 891.8891 1000.0000
3.0811 609 609 690 690 887.8355 1000.0000
3.0878 611 611 688 688 885.6235 1000.0000
3.0944 654 654 645 645 895.4105 1000.0000
3.1011 625 625 674 674 896.6444 1000.0000
3.1077 617 617 682 682 894.7709 1000.0000
3.1144 637 637 662 662 898.9972 1000.0000
3.1210 587 587 712 712 888.4728 1000.0000
3.1277 676 676 623 623 904.0294 1000.0000
3.1344 659 659 640 640 914.6531 1000.0000
3.1410 582 582 717 717 901.5667 1000.0000
3.1477 618 618 681 681 900.7310 1000.0000
3.1544 693 693 606 606 921.7762 1000.0000
3.1610 611 611 688 688 918.3098 1000.0000
3.1677 583 583 716 716 907.4846 1000.0000
3.1744 695 695 604 604 929.9657 1000.0000
3.1810 634 634 665 665 934.7763 1000.0000
3.1877 595 595 704 704 928.0001 1000.0000
3.1943 628 628 671 671 931.4348 1000.0000
3.2010 606 606 693 693 928.8028 1000.0000
3.2076 619 619 680 680 929.5154 1000.0000
3.2143 605 605 694 694 926.4532 1000.0000
3.2209 583 583 716 716 915.6786 1000.0000
3.2276 568 568 731 731 901.0630 1000.0000
3.2342 642 642 657 657 908.5641 1000.0000
3.2409 620 620 679 679 908.1799 1000.0000
3.2476 585 585 714 714 897.4863 1000.0000
3.2542 599 599 700 700 890.4968 1000.0000
3.2609 626 626 673 673 892.4091 1000.0000
3.2676 661 661 638 638 902.9320 1000.0000
3.2742 627 627 672 672 902.4548 1000.0000
3.2809 609 609 690 690 897.1315 1000.0000
3.2876 635 635 664 664 900.1629 1000.0000
3.2942 639 639 660 660 904.8030 1000.0000
3.3008 663 663 636 636 915.9726 1000.0000
3.3075 643 643 656 656 921.8842 1000.0000
3.3142 588 588 711 711 910.6168 1000.0000
3.3208 672 672 627 627 925.1331 1000.0000
3.3275 683 683 616 616 943.0504 1000.0000
3.3341 570 570 729 729 926.8129 1000.0000
3.3407 653 653 646 646 936.4504 1000.0000
3.3474 697 697 602 602 958.5193 1000.0000
3.3540 600 600 699 699 951.9203 1000.0000
3.3607 625 625 674 674 952.9649 1000.0000
3.3673 652 652 647 647 961.7587 1000.0000
3.3740 592 592 707 707 954.0043 1000.0000
3.3806 624 624 675 675 955.3716 1000.0000
3.3873 655 655 644 644 965.7199 1000.0000
3.3939 559 559 740 740 947.3802 1000.0000
3.4006 606 606 693 693 942.9434 1000.0000
3.4072 678 678 621 621 959.9138 1000.0000
3.4138 583 583 716 716 948.2793 1000.0000
3.4204 559 559 740 740 930.7470 1000.0000
3.4271 668 668 631 631 945.5694 1000.0000
3.4337 608 608 691 691 942.6117 1000.0000
3.4403 633 633 666 666 945.8170 1000.0000
3.4470 590 590 709 709 935.4777 1000.0000
3.4537 614 614 685 685 933.5031 1000.0000
3.4604 629 629 670 670 935.0530 1000.0000
3.4671 646 646 653 653 941.7621 1000.0000
3.4738 618 618 681 681 939.4260 1000.0000
3.4804 606 606 693 693 934.2005 1000.0000
3.4871 608 608 691 691 929.1338 1000.0000
3.4937 684 684 615 615 946.9813 1000.0000
3.5004 662 662 637 637 958.0193 1000.0000
3.5070 572 572 727 727 941.7639 1000.0000
3.5137 648 648 651 651 948.7656 1000.0000
3.5202 686 686 613 613 966.4133 1000.0000
3.5268 610 610 689 689 961.6257 1000.0000
3.5335 660 660 639 639 971.2408 1000.0000
3.5401 623 623 676 676 970.3170 1000.0000
3.5468 572 572 727 727 954.9039 1000.0000
3.5535 661 661 638 638 966.1589 1000.0000
3.5601 635 635 664 664 969.7109 1000.0000
3.5667 558 558 741 741 950.7221 1000.0000
3.5734 638 638 661 661 956.3883 1000.0000
3.5800 663 663 636 636 969.4293 1000.0000
3.5867 588 588 711 711 960.1130 1000.0000
3.5933 611 611 688 688 958.0895 1000.0000
3.6000 691 691 608 608 979.2655 1000.0000
3.6066 597 597 702 702 972.7819 1000.0000
3.6132 621 621 678 678 972.6302 1000.0000
3.6198 621 621 678 678 971.9911 1000.0000
3.6265 645 645 654 654 978.7955 1000.0000
3.6331 632 632 667 667 981.0528 1000.0000
3.6398 601 601 698 698 973.8972 1000.0000
3.6464 612 612 687 687 970.6552 1000.0000
3.6530 659 659 640 640 981.3678 1000.0000
3.6596 633 633 666 666 984.3428 1000.0000
3.6662 620 620 679 679 983.3025 1000.0000
3.6729 608 608 691 691 979.2575 1000.0000
3.6795 639 639 660 660 983.7365 1000.0000
3.6861 646 646 653 653 990.0994 1000.0000
3.6928 586 586 713 713 978.9263 1000.0000
3.6994 573 573 726 726 963.2665 1000.0000
3.7060 695 695 604 604 984.0553 1000.0000
3.7127 661 661 638 638 993.6436 1000.0000
3.7194 571 571 728 728 975.8472 1000.0000
3.7260 663 663 636 636 985.3004 1000.0000
3.7326 650 650 649 649 991.4400 1000.0000
3.7392 592 592 707 707 981.2157 1000.0000
3.7459 653 653 646 646 988.9706 1000.0000
3.7525 611 611 688 688 984.7036 1000.0000
3.7592 568 568 731 731 968.4475 1000.0000
3.7659 690 690 609 609 988.3953 1000.0000
3.7726 658 658 641 641 998.6174 1000.0000
3.7792 540 540 759 759 973.0242 1000.0000
3.7858 658 658 641 641 982.8943 1000.0000
3.7924 630 630 669 669 984.0118 1000.0000
3.7990 569 569 730 730 967.1682 1000.0000
3.8056 616 616 683 683 964.3394 1000.0000
3.8123 622 622 677 677 962.7077 1000.0000
3.8189 641 641 658 658 968.0043 1000.0000
3.8256 665 665 634 634 978.9641 1000.0000
3.8322 585 585 714 714 966.0568 1000.0000
3.8389 601 601 698 698 958.3839 1000.0000
3.8455 637 637 662 662 962.1643 1000.0000
3.8522 632 632 667 667 964.5952 1000.0000
3.8588 636 636 663 663 967.8749 1000.0000
3.8654 599 599 700 700 960.6286 1000.0000
3.8720 621 621 678 678 958.6992 1000.0000
3.8787 666 666 633 633 970.7006 1000.0000
3.8853 594 594 705 705 960.9833 1000.0000
3.8920 599 599 700 700 952.7775 1000.0000
3.8986 641 641 658 658 957.4519 1000.0000
3.9052 612 612 687 687 953.8962 1000.0000
3.9119 654 654 645 645 963.7267 1000.0000
3.9185 655 655 644 644 971.6498 1000.0000
3.9252 568 568 731 731 955.7456 1000.0000
3.9318 661 661 638 638 967.6252 1000.0000
3.9384 682 682 617 617 985.3013 1000.0000
3.9450 572 572 727 727 970.5764 1000.0000
3.9516 619 619 680 680 969.3185 1000.0000
3.9583 681 681 618 618 987.6187 1000.0000
3.9650 618 618 681 681 985.7933 1000.0000
3.9716 647 647 652 652 992.7053 1000.0000
3.9782 644 644 655 655 998.2820 1000.0000
3.9849 603 603 696 696 991.5651 1000.0000
3.9915 627 627 672 672 993.3118 1000.0000
3.9982 648 648 651 651 1001.0349 1000.0000
4.0048 590 590 709 709 992.4149 1000.0000
4.0115 592 592 707 707 984.5934 1000.0000
4.0182 639 639 660 660 990.8790 1000.0000
4.0248 610 610 689 689 988.3242 1000.0000
4.0314 630 630 669 669 990.5070 1000.0000
4.0381 601 601 698 698 984.7701 1000.0000
4.0447 624 624 675 675 984.4549 1000.0000
4.0514 669 669 630 630 998.1700 1000.0000
4.0581 583 583 716 716 986.0172 1000.0000
4.0647 605 605 694 694 979.6351 1000.0000
4.0713 669 669 630 630 992.9904 1000.0000
4.0780 599 599 700 700 984.9609 1000.0000
4.0846 619 619 680 680 983.8148 1000.0000
4.0913 667 667 632 632 995.2409 1000.0000
4.0980 582 582 717 717 981.7908 1000.0000
4.1046 651 651 648 648 989.9691 1000.0000
4.1112 652 652 647 647 997.3024 1000.0000
4.1179 562 562 737 737 979.0524 1000.0000
4.1245 627 627 672 672 980.7204 1000.0000
4.1312 692 692 607 607 1001.3882 1000.0000
4.1378 578 578 721 721 987.9093 1000.0000
4.1444 604 604 695 695 981.4142 1000.0000
4.1511 671 671 628 628 995.3813 1000.0000
4.1578 596 596 703 703 986.3914 1000.0000
4.1644 624 624 675 675 986.7695 1000.0000
4.1711 628 628 671 671 988.2648 1000.0000
4.1777 572 572 727 727 973.1510 1000.0000
4.1843 642 642 657 657 979.6039 1000.0000
4.1909 667 667 632 632 992.1093 1000.0000
4.1976 578 578 721 721 978.8294 1000.0000
4.2042 613 613 686 686 975.4061 1000.0000
4.2109 643 643 656 656 982.1001 1000.0000
4.2175 626 626 673 673 983.3866 1000.0000
4.2242 641 641 658 658 989.0157 1000.0000
4.2309 611 611 688 688 986.0623 1000.0000
4.2375 641 641 658 658 991.0770 1000.0000
4.2442 652 652 647 647 999.6483 1000.0000
4.2508 618 618 681 681 997.3306 1000.0000
4.2575 618 618 681 681 995.5878 1000.0000
4.2642 605 605 694 694 989.8502 1000.0000
4.2708 618 618 681 681 988.5474 1000.0000
4.2775 676 676 623 623 1004.8036 1000.0000
4.2841 597 597 702 702 995.5505 1000.0000
4.2907 570 570 729 729 979.7048 1000.0000
4.2973 687 687 612 612 998.2524 1000.0000
4.3040 640 640 659 659 1002.2314 1000.0000
4.3106 583 583 716 716 989.0892 1000.0000
4.3172 656 656 643 643 997.3657 1000.0000
4.3239 598 598 701 701 990.7769 1000.0000
4.3305 635 635 664 664 994.4255 1000.0000
4.3371 706 706 593 593 1019.0685 1000.0000
4.3438 611 611 688 688 1015.2714 1000.0000
4.3504 585 585 714 714 1003.7543 1000.0000
4.3570 697 697 602 602 1025.9172 1000.0000
4.3636 624 624 675 675 1025.6786 1000.0000
4.3703 570 570 729 729 1010.6433 1000.0000
4.3769 688 688 611 611 1030.1105 1000.0000
4.3835 662 662 637 637 1041.9409 1000.0000
4.3902 602 602 697 697 1036.6433 1000.0000
4.3968 609 609 690 690 1032.4845 1000.0000
4.4035 620 620 679 679 1033.2404 1000.0000
4.4101 634 634 665 665 1037.6344 1000.0000
4.4167 611 611 688 688 1034.7977 1000.0000
4.4233 566 566 733 733 1018.5750 1000.0000
4.4300 628 628 671 671 1020.2684 1000.0000
4.4366 641 641 658 658 1025.2054 1000.0000
4.4433 592 592 707 707 1014.4739 1000.0000
4.4499 624 624 675 675 1013.3075 1000.0000
4.4565 592 592 707 707 1001.2290 1000.0000
4.4631 618 618 681 681 997.4245 1000.0000
4.4698 679 679 620 620 1012.1923 1000.0000
4.4764 572 572 727 727 994.3101 1000.0000
4.4830 627 627 672 672 993.3444 1000.0000
4.4896 684 684 615 615 1009.1388 1000.0000
4.4963 598 598 701 701 999.8876 1000.0000
4.5030 630 630 669 669 999.6972 1000.0000
4.5096 664 664 635 635 1010.1790 1000.0000
4.5163 578 578 721 721 995.7130 1000.0000
4.5230 625 625 674 674 995.7769 1000.0000
4.5296 677 677 622 622 1011.2239 1000.0000
4.5363 592 592 707 707 1001.3950 1000.0000
4.5429 610 610 689 689 997.4077 1000.0000
4.5495 653 653 646 646 1005.6243 1000.0000
4.5562 638 638 661 661 1010.6501 1000.0000
4.5628 630 630 669 669 1012.4761 1000.0000
4.5694 602 602 697 697 1005.4750 1000.0000
4.5761 626 626 673 673 1007.3583 1000.0000
4.5827 660 660 639 639 1018.7283 1000.0000
4.5893 606 606 693 693 1014.3689 1000.0000
4.5960 605 605 694 694 1009.4101 1000.0000
4.6026 650 650 649 649 1018.1837 1000.0000
4.6093 608 608 691 691 1014.2883 1000.0000
4.6159 626 626 673 673 1015.4933 1000.0000
4.6226 662 662 637 637 1027.9460 1000.0000
4.6292 577 577 722 722 1013.9241 1000.0000
4.6358 621 621 678 678 1013.4416 1000.0000
4.6425 696 696 603 603 1034.5309 1000.0000
4.6491 569 569 730 730 1017.8092 1000.0000
4.6558 635 635 664 664 1020.8987 1000.0000
4.6624 682 682 617 617 1037.0740 1000.0000
4.6690 597 597 702 702 1028.8821 1000.0000
4.6756 632 632 667 667 1029.8647 1000.0000
4.6822 630 630 669 669 1030.6543 1000.0000
4.6889 588 588 711 711 1019.6411 1000.0000
4.6955 649 649 650 650 1026.4944 1000.0000
4.7022 651 651 648 648 1034.2666 1000.0000
4.7089 605 605 694 694 1027.3115 1000.0000
4.7155 606 606 693 693 1021.6768 1000.0000
4.7221 649 649 650 650 1028.5398 1000.0000
4.7288 625 625 674 674 1028.4171 1000.0000
4.7355 614 614 685 685 1025.0765 984.3750
4.7421 605 605 694 694 1018.0953 984.3750
4.7488 635 635 664 664 1021.8725 984.3750
4.7554 644 644 655 655 1027.4614 984.3750
4.7621 588 588 711 711 1015.8179 984.3750
4.7688 606 606 693 693 1010.6052 984.3750
4.7755 668 668 631 631 1023.5279 984.3750
4.7821 596 596 703 703 1015.2460 984.3750
4.7888 621 621 678 678 1012.8860 914.0625
4.7955 632 632 667 667 1014.5352 914.0625
4.8021 592 592 707 707 1004.7382 914.0625
4.8088 645 645 654 654 1009.8137 914.0625
4.8154 660 660 639 639 1019.8024 914.0625
4.8221 585 585 714 714 1005.8399 914.0625
4.8288 640 640 659 659 1010.0454 914.0625
4.8354 686 686 613 613 1027.6208 914.0625
4.8421 564 564 735 735 1009.4577 914.0625
4.8488 633 633 666 666 1011.0663 867.1875
4.8557 671 671 628 628 1022.9853 867.1875
4.8624 592 592 707 707 1012.2094 867.1875
4.8691 613 613 686 686 1006.4199 867.1875
4.8760 691 691 608 608 1024.2557 867.1875
4.8828 625 625 674 674 1021.0509 867.1875
4.8896 586 586 713 713 1006.1185 867.1875
4.8964 666 666 633 633 1016.6124 867.1875
4.9033 713 713 586 586 1040.6483 835.9375
4.9100 596 596 703 703 1029.3855 835.9375
4.9169 596 596 703 703 1017.4319 835.9375
4.9237 622 622 677 677 1014.4253 835.9375
4.9306 647 647 652 652 1020.3493 835.9375
4.9372 643 643 656 656 1023.7098 835.9375
4.9441 635 635 664 664 1025.3773 835.9375
4.9509 608 608 691 691 1017.3896 835.9375
4.9576 603 603 696 696 1008.5433 835.9375
4.9645 659 659 640 640 1016.7527 835.9375
4.9714 632 632 667 667 1015.5405 835.9375
4.9781 610 610 689 689 1008.6019 835.9375
4.9849 617 617 682 682 1003.3422 835.9375
4.9918 612 612 687 687 997.3195 835.9375
4.9985 632 632 667 667 997.3009 835.9375
5.0053 643 643 656 656 1000.4579 835.9375
5.0122 648 648 651 651 1004.4794 835.9375
5.0189 548 548 751 751 977.8995 835.9375
5.0257 571 571 728 728 959.3940 835.9375
5.0326 683 683 616 616 974.4417 835.9375
5.0393 653 653 646 646 979.4563 835.9375
5.0461 565 565 734 734 957.8729 835.9375
5.0529 642 642 657 657 959.8243 835.9375
5.0597 654 654 645 645 965.0582 835.9375
5.0664 594 594 705 705 953.1328 835.9375
5.0734 642 642 657 657 956.3051 804.6875
5.0803 687 687 612 612 972.0656 804.6875
5.0869 622 622 677 677 967.8363 804.6875
5.0938 568 568 731 731 947.0759 804.6875
5.1006 646 646 653 653 950.4388 804.6875
5.1073 679 679 620 620 963.1429 804.6875
5.1142 616 616 683 683 957.1241 804.6875
5.1211 588 588 711 711 942.4711 804.6875
5.1278 607 607 692 692 933.4859 773.4375
5.1347 653 653 646 646 940.0740 773.4375
5.1416 676 676 623 623 952.2222 773.4375
5.1483 647 647 652 652 954.8121 773.4375
5.1552 594 594 705 705 940.9765 773.4375
5.1620 621 621 678 678 936.4280 773.4375
5.1687 677 677 622 622 948.8025 773.4375
5.1756 605 605 694 694 939.1774 773.4375
5.1824 613 613 686 686 931.8956 726.5625
5.1892 675 675 624 624 942.8531 726.5625
5.1959 641 641 658 658 943.6344 726.5625
5.2027 589 589 710 710 927.7422 726.5625
5.2096 641 641 658 658 928.4625 726.5625
5.2164 725 725 574 574 954.5760 726.5625
5.2231 579 579 720 720 936.2031 726.5625
5.2300 531 531 768 768 903.9987 726.5625
5.2369 604 604 695 695 894.4926 726.5625
5.2436 693 693 606 606 912.3585 726.5625
5.2505 600 600 699 699 901.2332 726.5625
5.2573 604 604 695 695 890.3973 726.5625
5.2642 637 637 662 662 889.9730 726.5625
5.2709 600 600 699 699 877.1272 726.5625
5.2779 593 593 706 706 863.3302 726.5625
5.2847 669 669 630 630 872.1108 726.5625
5.2915 657 657 642 642 876.3991 726.5625
5.2983 634 634 665 665 873.2215 703.1250
5.3052 618 618 681 681 865.2021 703.1250
5.3119 623 623 676 676 859.5829 703.1250
5.3188 651 651 648 648 862.7716 703.1250
5.3256 653 653 646 646 867.2144 703.1250
5.3323 628 628 671 671 862.8817 703.1250
5.3392 588 588 711 711 846.9810 703.1250
5.3460 664 664 635 635 854.9279 703.1250
5.3527 672 672 627 627 864.0670 703.1250
5.3596 620 620 679 679 857.0574 609.3750
5.3665 587 587 712 712 840.3985 609.3750
5.3732 664 664 635 635 847.8713 609.3750
5.3800 663 663 636 636 854.8839 609.3750
5.3868 599 599 700 700 841.8110 609.3750
5.3936 672 672 627 627 851.2680 609.3750
5.4003 667 667 632 632 858.7265 609.3750
5.4071 602 602 697 697 847.1783 609.3750
5.4140 625 625 674 674 841.7507 554.6875
5.4208 668 668 631 631 849.2128 554.6875
5.4276 642 642 657 657 848.8976 554.6875
5.4345 597 597 702 702 834.6526 554.6875
5.4412 611 611 688 688 824.9949 554.6875
5.4478 669 669 630 630 832.4344 554.6875
5.4547 619 619 680 680 824.4368 554.6875
5.4616 596 596 703 703 809.4801 554.6875
5.4683 617 617 682 682 801.3201 554.6875
5.4751 659 659 640 640 805.3870 554.6875
5.4820 645 645 654 654 804.3596 515.6250
5.4889 621 621 678 678 795.5246 515.6250
5.4956 606 606 693 693 782.9789 515.6250
5.5025 619 619 680 680 774.3690 515.6250
5.5092 692 692 607 607 788.5471 515.6250
5.5160 630 630 669 669 783.1616 515.6250
5.5229 575 575 724 724 760.6359 515.6250
5.5296 659 659 640 640 764.4885 515.6250
5.5365 731 731 568 568 788.9824 453.1250
5.5434 670 670 629 629 794.2770 453.1250
5.5501 576 576 723 723 771.6759 453.1250
5.5567 648 648 651 651 770.9384 453.1250
5.5636 706 706 593 593 788.6595 453.1250
5.5705 594 594 705 705 771.5732 453.1250
5.5772 563 563 736 736 746.0238 453.1250
5.5839 667 667 632 632 752.1950 453.1250
5.5908 690 690 609 609 764.1505 414.0625
5.5977 628 628 671 671 756.8364 414.0625
5.6044 594 594 705 705 739.0681 414.0625
5.6110 658 658 641 641 740.7150 414.0625
5.6179 646 646 653 653 738.7218 414.0625
5.6247 608 608 691 691 725.1913 414.0625
5.6314 632 632 667 667 719.2264 414.0625
5.6382 636 636 663 663 714.0852 414.0625
5.6450 614 614 685 685 701.0662 375.0000
5.6519 640 640 659 659 696.4037 375.0000
5.6586 653 653 646 646 694.5870 375.0000
5.6655 623 623 676 676 683.8077 375.0000
5.6723 615 615 684 684 670.1840 375.0000
5.6790 660 660 639 639 670.7795 375.0000
5.6858 664 664 635 635 672.5009 375.0000
5.6927 638 638 661 661 666.3163 375.0000
5.6994 631 631 668 668 658.4352 375.0000
5.7062 642 642 657 657 653.7908 375.0000
5.7131 663 663 636 636 656.4951 375.0000
5.7199 666 666 633 633 659.4243 375.0000
5.7265 638 638 661 661 654.0446 375.0000
5.7333 622 622 677 677 644.3757 375.0000
5.7402 653 653 646 646 643.7182 343.7500
5.7470 708 708 591 591 659.9532 343.7500
5.7538 624 624 675 675 649.7980 343.7500
5.7607 603 603 696 696 633.4997 343.7500
5.7675 610 610 689 689 620.8328 343.7500
5.7742 714 714 585 585 638.7245 343.7500
5.7809 671 671 628 628 643.8242 343.7500
5.7876 569 569 730 730 617.8883 343.7500
5.7943 692 692 607 607 628.4601 343.7500
5.8012 728 728 571 571 650.4546 343.7500
5.8080 652 652 647 647 647.4450 320.3125
5.8147 556 556 743 743 616.3809 320.3125
5.8214 648 648 651 651 614.5744 320.3125
5.8283 710 710 589 589 631.5496 320.3125
5.8351 629 629 670 670 623.7254 320.3125
5.8419 558 558 741 741 593.7311 320.3125
5.8486 637 637 662 662 588.0728 320.3125
5.8554 707 707 592 592 603.5230 320.3125
5.8623 665 665 634 634 604.8823 296.8750
5.8691 589 589 710 710 583.2333 296.8750
5.8759 617 617 682 682 570.2947 296.8750
5.8827 656 656 643 643 569.9046 296.8750
5.8894 656 656 643 643 569.9153 296.8750
5.8961 639 639 660 660 563.4088 296.8750
5.9027 613 613 686 686 549.6086 296.8750
5.9094 645 645 654 654 545.9861 296.8750
5.9160 668 668 631 631 548.2793 296.8750
5.9228 622 622 677 677 536.5215 250.0000
5.9295 608 608 691 691 520.4852 250.0000
5.9362 698 698 601 601 531.3435 250.0000
5.9429 688 688 611 611 539.1508 250.0000
5.9496 586 586 713 713 515.3475 250.0000
5.9562 668 668 631 631 516.8227 250.0000
5.9629 718 718 581 581 533.4502 250.0000
5.9696 616 616 683 683 519.3512 250.0000
5.9762 561 561 738 738 490.7924 250.0000
5.9829 696 696 603 603 502.0210 250.0000
5.9895 669 669 630 630 505.0760 210.9375
5.9962 581 581 718 718 482.4033 210.9375
6.0028 629 629 670 670 474.0236 210.9375
6.0094 720 720 579 579 492.6531 210.9375
6.0160 612 612 687 687 478.5952 210.9375
6.0227 587 587 712 712 457.3281 210.9375
6.0293 697 697 602 602 469.1738 210.9375
6.0360 654 654 645 645 467.6544 210.9375
6.0426 611 611 688 688 453.3262 210.9375
6.0493 664 664 635 635 454.1429 148.4375
6.0559 678 678 621 621 458.6490 148.4375
6.0626 625 625 674 674 447.6183 148.4375
6.0692 651 651 648 648 444.8540 148.4375
6.0758 673 673 626 626 448.1991 148.4375
6.0824 664 664 635 635 449.1078 148.4375
6.0890 631 631 668 668 439.9045 148.4375
6.0956 653 653 646 646 437.1360 148.4375
6.1023 643 643 656 656 430.6352 101.5625
6.1090 681 681 618 618 435.7654 101.5625
6.1156 656 656 643 643 433.7622 101.5625
6.1222 635 635 664 664 425.2697 101.5625
6.1288 650 650 649 649 421.9751 101.5625
6.1354 700 700 599 599 432.9791 101.5625
6.1420 621 621 678 678 421.0901 101.5625
6.1487 573 573 726 726 394.9775 101.5625
6.1554 691 691 608 608 402.5946 46.8750
6.1620 674 674 625 625 405.6888 46.8750
6.1687 605 605 694 694 387.5458 46.8750
6.1753 612 612 687 687 371.4711 46.8750
6.1820 730 730 569 569 390.6597 46.8750
6.1886 649 649 650 650 385.2323 46.8750
6.1952 590 590 709 709 362.5641 46.8750
6.2019 699 699 600 600 372.7838 46.8750
6.2086 704 704 595 595 383.6540 46.8750
6.2152 607 607 692 692 364.8676 -0.0000
6.2219 647 647 652 652 358.3784 -0.0000
6.2286 733 733 566 566 377.3316 -0.0000
6.2352 657 657 642 642 374.0809 -0.0000
6.2419 598 598 701 701 353.1156 -0.0000
6.2485 653 653 646 646 349.0902 -0.0000
6.2552 692 692 607 607 357.0158 -0.0000
6.2618 617 617 682 682 342.1049 -0.0000
6.2685 649 649 650 650 336.9608 -0.0000
6.2751 650 650 649 649 332.0456 -0.0000
6.2818 629 629 670 670 320.8842 -0.0000
6.2884 645 645 654 654 314.3397 -0.0000
6.2951 655 655 644 644 310.7648 -0.0000
6.3017 610 610 689 689 293.6554 -0.0000
6.3085 625 625 674 674 280.8972 -0.0000
6.3151 682 682 617 617 284.9927 -0.0000
6.3218 647 647 652 652 277.6437 -0.0000
6.3285 620 620 679 679 262.4662 -0.0000
6.3351 678 678 621 621 265.0661 -0.0000
6.3417 660 660 639 639 262.3736 -0.0000
6.3484 617 617 682 682 247.0006 -0.0000
6.3550 657 657 642 642 243.9961 -0.0000
6.3617 718 718 581 581 258.7323 -0.0000
6.3684 667 667 632 632 257.8087 -0.0000
6.3750 625 625 674 674 243.9847 -0.0000
6.3817 732 732 567 567 262.0555 -0.0000
6.3884 657 657 642 642 258.8463 -0.0000
6.3950 596 596 703 703 238.4158 -0.0000
6.4016 676 676 623 623 242.2264 -0.0000
6.4083 726 726 573 573 261.2636 -0.0000
6.4149 642 642 657 657 254.3978 -0.0000
6.4216 597 597 702 702 235.5249 -0.0000
6.4283 683 683 616 616 241.8473 -0.0000
6.4349 690 690 609 609 249.9657 -0.0000
6.4415 641 641 658 658 242.9549 -0.0000
6.4482 639 639 660 660 234.7380 -0.0000
6.4548 633 633 666 666 225.8743 -0.0000
6.4615 647 647 652 652 221.0229 -0.0000
6.4683 683 683 616 616 226.5897 -0.0000
6.4749 674 674 625 625 228.3109 -0.0000
6.4816 610 610 689 689 211.0827 -0.0000
6.4882 662 662 637 637 208.9773 -0.0000
6.4949 708 708 591 591 220.5074 -0.0000
6.5016 650 650 649 649 214.8029 -0.0000
6.5082 606 606 693 693 195.9679 -0.0000
6.5149 625 625 674 674 184.0848 -0.0000
6.5215 697 697 602 602 193.4991 -0.0000
6.5281 668 668 631 631 193.7029 -0.0000
6.5347 616 616 683 683 178.2616 -0.0000
6.5413 641 641 658 658 169.8862 -0.0000
6.5480 699 699 600 600 179.2413 -0.0000
6.5546 647 647 652 652 172.2925 -0.0000
6.5613 637 637 662 662 162.6773 -0.0000
6.5679 655 655 644 644 159.1914 -0.0000
6.5746 695 695 604 604 166.9548 -0.0000
6.5811 621 621 678 678 153.6118 -0.0000
6.5878 610 610 689 689 137.4960 -0.0000
6.5944 694 694 605 605 146.6113 -0.0000
6.6011 692 692 607 607 155.3462 -0.0000
6.6077 635 635 664 664 145.9259 -0.0000
6.6143 655 655 644 644 142.4112 -0.0000
6.6209 678 678 621 621 145.3180 -0.0000
6.6276 673 673 626 626 146.6823 -0.0000
6.6342 659 659 640 640 144.4713 -0.0000
6.6409 652 652 647 647 140.1904 -0.0000
6.6475 658 658 641 641 138.5112 -0.0000
6.6541 687 687 612 612 145.0343 -0.0000
6.6607 669 669 630 630 146.3326 -0.0000
6.6674 627 627 672 672 135.3860 -0.0000
6.6740 642 642 657 657 129.5615 -0.0000
6.6807 688 688 611 611 137.2807 -0.0000
6.6872 680 680 619 619 141.9449 -0.0000
6.6939 628 628 671 671 131.4841 -0.0000
6.7005 651 651 648 648 126.5494 -0.0000
6.7071 738 738 561 561 148.2647 -0.0000
6.7138 682 682 617 617 153.1510 -0.0000
6.7205 571 571 728 728 124.4782 -0.0000
6.7271 610 610 689 689 109.4287 -0.0000
6.7337 707 707 592 592 122.7311 -0.0000
6.7404 648 648 651 651 119.0742 -0.0000
6.7470 603 603 696 696 101.7816 -0.0000
6.7537 663 663 636 636 101.2602 -0.0000
6.7603 708 708 591 591 114.3679 -0.0000
6.7669 624 624 675 675 101.7567 -0.0000
6.7736 652 652 647 647 97.7036 -0.0000
6.7801 689 689 610 610 104.8421 -0.0000
6.7868 671 671 628 628 106.0987 -0.0000
6.7934 659 659 640 640 104.0878 -0.0000
6.8001 651 651 648 648 99.7600 -0.0000
6.8067 686 686 613 613 106.0266 -0.0000
6.8133 655 655 644 644 103.7874 -0.0000
6.8199 651 651 648 648 100.0565 -0.0000
6.8266 647 647 652 652 95.6156 -0.0000
6.8332 645 645 654 654 90.8521 -0.0000
6.8398 676 676 623 623 95.4716 -0.0000
6.8464 652 652 647 647 92.5810 -0.0000
6.8530 643 643 656 656 87.1134 -0.0000
6.8596 647 647 652 652 82.7438 -0.0000
6.8663 692 692 607 607 91.2357 -0.0000
6.8729 674 674 625 625 94.2692 -0.0000
6.8795 615 615 684 684 79.3275 -0.0000
6.8862 633 633 666 666 70.7898 -0.0000
6.8928 713 713 586 586 86.3469 -0.0000
6.8994 638 638 661 661 78.3505 -0.0000
6.9060 588 588 711 711 56.2956 -0.0000
6.9126 673 673 626 626 59.1078 -0.0000
6.9192 711 711 588 588 72.7920 -0.0000
6.9259 601 601 698 698 54.0177 -0.0000
6.9325 627 627 672 672 42.6061 -0.0000
6.9391 730 730 569 569 62.3649 -0.0000
6.9457 636 636 663 663 54.2200 -0.0000
6.9524 626 626 673 673 43.2272 -0.0000
6.9590 686 686 613 613 50.6056 -0.0000
6.9658 704 704 595 595 62.5410 -0.0000
6.9724 637 637 662 662 54.5760 -0.0000
6.9791 653 653 646 646 51.3809 -0.0000
6.9858 710 710 589 589 64.5942 -7.8125
6.9925 690 690 609 609 72.5406 -7.8125
6.9992 664 664 635 635 72.3104 -7.8125
7.0058 668 668 631 631 73.2961 -7.8125
7.0124 665 665 634 634 74.5578 -7.8125
7.0190 692 692 607 607 83.3857 -7.8125
7.0257 650 650 649 649 79.9380 -7.8125
7.0323 640 640 659 659 74.2782 -7.8125
7.0390 660 660 639 639 72.6638 -171.8750
7.0456 666 666 633 633 72.8889 -171.8750
7.0536 656 656 643 643 69.2902 -171.8750
7.0602 682 682 617 617 73.6625 -171.8750
7.0668 687 687 612 612 78.9422 -171.8750
7.0734 650 650 649 649 73.0406 -171.8750
7.0800 617 617 682 682 57.3584 -171.8750
7.0866 707 707 592 592 68.3583 -171.8750
7.0934 727 727 572 572 82.9180 -289.0625
7.1001 617 617 682 682 64.7764 -289.0625
7.1067 637 637 662 662 53.2064 -289.0625
7.1133 713 713 586 586 64.6023 -289.0625
7.1200 706 706 593 593 74.6964 -289.0625
7.1267 643 643 656 656 63.6152 -289.0625
7.1333 598 598 701 701 40.4232 -289.0625
7.1399 624 624 675 675 25.2027 -289.0625
7.1466 724 724 575 575 40.1397 -289.0625
7.1532 666 666 633 633 33.6793 -500.0000
7.1599 593 593 706 706 4.8784 -500.0000
7.1665 684 684 615 615 3.3732 -500.0000
7.1731 719 719 580 580 11.1748 -500.0000
7.1798 663 663 636 636 2.2260 -500.0000
7.1864 626 626 673 673 -17.6309 -500.0000
7.1930 713 713 586 586 -11.8379 -500.0000
7.1997 685 685 614 614 -13.4740 -500.0000
7.2064 660 660 639 639 -23.0672 -507.8125
7.2131 676 676 623 623 -27.6038 -507.8125
7.2198 631 631 668 668 -45.5441 -507.8125
7.2265 661 661 638 638 -53.6038 -507.8125
7.2331 711 711 588 588 -46.6349 -507.8125
7.2398 694 694 605 605 -44.9620 -507.8125
7.2464 631 631 668 668 -62.0599 -507.8125
7.2530 627 627 672 672 -80.3599 -507.8125
7.2597 646 646 653 653 -91.8968 -507.8125
7.2664 697 697 602 602 -88.9156 -507.8125
7.2731 653 653 646 646 -98.5011 -507.8125
7.2797 586 586 713 713 -128.6721 -507.8125
7.2863 643 643 656 656 -140.8662 -507.8125
7.2930 713 713 586 586 -131.7875 -507.8125
7.2996 621 621 678 678 -151.5177 -507.8125
7.3062 577 577 722 722 -183.0237 -507.8125
7.3128 689 689 610 610 -181.6068 -507.8125
7.3195 678 678 621 621 -183.8401 -515.6250
7.3261 618 618 681 681 -203.5580 -515.6250
7.3327 654 654 645 645 -213.4770 -515.6250
7.3393 728 728 571 571 -201.8204 -515.6250
7.3459 675 675 624 624 -206.2414 -515.6250
7.3525 677 677 622 622 -210.3196 -515.6250
7.3592 698 698 601 601 -207.8024 -515.6250
7.3658 667 667 632 632 -214.6775 -515.6250
7.3724 705 705 594 594 -211.1281 -609.3750
7.3791 713 713 586 586 -205.2117 -609.3750
7.3857 646 646 653 653 -218.8117 -609.3750
7.3924 667 667 632 632 -225.5880 -609.3750
7.3991 701 701 598 598 -221.4902 -609.3750
7.4057 697 697 602 602 -218.7747 -609.3750
7.4123 704 704 595 595 -214.0978 -609.3750
7.4190 622 622 677 677 -233.9194 -609.3750
7.4256 621 621 678 678 -254.4681 -609.3750
7.4324 765 765 534 534 -233.3947 -757.8125
7.4391 757 757 542 542 -216.0885 -757.8125
7.4457 651 651 648 648 -229.3404 -757.8125
7.4523 636 636 663 663 -248.0244 -757.8125
7.4590 639 639 660 660 -263.1620 -757.8125
7.4656 699 699 600 600 -259.9709 -757.8125
7.4723 724 724 575 575 -249.9714 -757.8125
7.4790 609 609 690 690 -275.0548 -757.8125
7.4856 617 617 682 682 -297.5411 -757.8125
7.4923 672 672 627 627 -302.4982 -757.8125
7.4988 677 677 622 622 -307.3022 -757.8125
7.5055 689 689 610 610 -308.6365 -757.8125
7.5120 688 688 611 611 -312.1427 -757.8125
7.5187 622 622 677 677 -334.6896 -757.8125
7.5253 673 673 626 626 -341.6314 -757.8125
7.5320 676 676 623 623 -346.9751 -757.8125
7.5385 683 683 616 616 -350.9839 -757.8125
7.5452 668 668 631 631 -359.4312 -757.8125
7.5518 610 610 689 689 -385.2231 -757.8125
7.5585 650 650 649 649 -398.8911 -757.8125
7.5652 747 747 552 552 -384.5244 -820.3125
7.5719 655 655 644 644 -399.2592 -820.3125
7.5785 617 617 682 682 -423.8307 -820.3125
7.5852 670 670 629 629 -433.4203 -820.3125
7.5918 741 741 558 558 -420.9550 -820.3125
7.5984 718 718 581 581 -415.9100 -820.3125
7.6050 671 671 628 628 -425.3234 -820.3125
7.6117 647 647 652 652 -440.5743 -820.3125
7.6184 676 676 623 623 -447.4166 -820.3125
7.6250 737 737 562 562 -434.7074 -843.7500
7.6317 689 689 610 610 -437.4262 -843.7500
7.6383 652 652 647 647 -450.8749 -843.7500
7.6449 684 684 615 615 -454.6222 -843.7500
7.6516 674 674 625 625 -460.5222 -843.7500
7.6582 686 686 613 613 -462.8942 -843.7500
7.6649 735 735 564 564 -451.2844 -843.7500
7.6716 697 697 602 602 -451.9572 -843.7500
7.6782 653 653 646 646 -467.4142 -992.1875
7.6849 660 660 639 639 -480.4148 -992.1875
7.6915 672 672 627 627 -488.9741 -992.1875
7.6982 746 746 553 553 -475.3082 -992.1875
7.7048 736 736 563 563 -465.8082 -992.1875
7.7114 669 669 630 630 -475.6939 -992.1875
7.7181 629 629 670 670 -498.7413 -992.1875
7.7247 676 676 623 623 -505.4266 -992.1875
7.7314 711 711 588 588 -503.0300 -992.1875
7.7380 722 722 577 577 -496.2054 -992.1875
7.7446 681 681 618 618 -504.0165 -992.1875
7.7512 625 625 674 674 -526.5071 -992.1875
7.7578 659 659 640 640 -538.7962 -992.1875
7.7645 686 686 613 613 -542.6951 -992.1875
7.7711 697 697 602 602 -544.3853 -992.1875
7.7778 705 705 594 594 -544.8254 -992.1875
7.7844 685 685 614 614 -551.2662 -992.1875
7.7911 665 665 634 634 -563.3143 -992.1875
7.7978 680 680 619 619 -570.2975 -992.1875
7.8044 692 692 607 607 -572.9673 -992.1875
7.8111 731 731 568 568 -564.8588 -992.1875
7.8178 714 714 585 585 -562.5860 -992.1875
7.8244 649 649 650 650 -579.8860 -992.1875
7.8311 649 649 650 650 -596.7849 -992.1875
7.8378 672 672 627 627 -606.4234 -992.1875
7.8444 746 746 553 553 -594.9296 -992.1875
7.8510 709 709 590 590 -593.3410 -992.1875
7.8577 655 655 644 644 -609.8769 -992.1875
7.8643 615 615 684 684 -636.1938 -992.1875
7.8710 693 693 606 606 -640.2288 -992.1875
7.8777 716 716 583 583 -635.2305 -992.1875
7.8843 732 732 567 567 -627.8947 -992.1875
7.8910 670 670 629 629 -638.9479 -992.1875
7.8976 646 646 653 653 -656.7024 -992.1875
7.9043 679 679 620 620 -663.2855 -992.1875
7.9110 695 695 604 604 -664.7595 -992.1875
7.9176 698 698 601 601 -666.5539 -992.1875
7.9243 698 698 601 601 -668.2651 -992.1875
7.9310 695 695 604 604 -671.4338 -992.1875
7.9377 661 661 638 638 -684.3244 -992.1875
7.9443 658 658 641 641 -697.2290 -992.1875
7.9509 664 664 635 635 -708.0685 -992.1875
7.9576 723 723 576 576 -701.5338 -992.1875
7.9643 731 731 568 568 -693.1635 -992.1875
7.9710 644 644 655 655 -710.7885 -992.1875
7.9776 656 656 643 643 -723.9246 -992.1875
7.9843 642 642 657 657 -741.7715 -992.1875
7.9909 738 738 561 561 -729.6102 -992.1875
7.9976 718 718 581 581 -724.9942 -992.1875
8.0042 673 673 626 626 -733.1794 -992.1875
8.0109 644 644 655 655 -751.7154 -992.1875
8.0175 688 688 611 611 -755.3459 -992.1875
8.0242 699 699 600 600 -756.2725 -992.1875
8.0308 736 736 563 563 -746.7678 -992.1875
8.0374 668 668 631 631 -758.2147 -992.1875
8.0440 652 652 647 647 -773.9121 -992.1875
8.0507 658 658 641 641 -786.4708 -992.1875
8.0573 706 706 593 593 -784.7843 -992.1875
8.0639 702 702 597 597 -783.3521 -992.1875
8.0706 695 695 604 604 -785.5010 -992.1875
8.0772 673 673 626 626 -793.9126 -992.1875
8.0839 688 688 611 611 -798.5184 -992.1875
8.0905 662 662 637 637 -810.0321 -992.1875
8.0971 711 711 588 588 -807.2198 -992.1875
8.1037 732 732 567 567 -798.1902 -992.1875
8.1103 690 690 609 609 -801.4357 -992.1875
8.1169 645 645 654 654 -816.8517 -992.1875
8.1235 644 644 655 655 -832.3107 -992.1875
8.1301 723 723 576 576 -823.4304 -992.1875
8.1367 740 740 559 559 -810.8149 -992.1875
8.1434 670 670 629 629 -819.1918 -992.1875
8.1500 643 643 656 656 -835.5001 -992.1875
8.1566 669 669 630 630 -843.4408 -992.1875
8.1632 732 732 567 567 -830.9358 -992.1875
8.1698 756 756 543 543 -813.9416 -992.1875
8.1765 685 685 614 614 -817.3326 -992.1875
8.1832 655 655 644 644 -830.1222 -992.1875
8.1898 700 700 599 599 -828.1740 -992.1875
8.1965 693 693 606 606 -829.7982 -992.1875
8.2031 758 758 541 541 -811.0286 -992.1875
8.2098 701 701 598 598 -810.5062 -992.1875
8.2164 729 729 570 570 -801.4230 -992.1875
8.2231 708 708 591 591 -799.6983 -992.1875
8.2297 667 667 632 632 -808.9271 -992.1875
8.2364 675 675 624 624 -815.3266 -992.1875
8.2430 662 662 637 637 -824.8303 -992.1875
8.2497 730 730 569 569 -814.9139 -992.1875
8.2563 731 731 568 568 -804.6876 -992.1875
8.2630 684 684 615 615 -809.2870 -992.1875
8.2696 664 664 635 635 -818.8510 -992.1875
8.2763 655 655 644 644 -832.4417 -992.1875
8.2829 687 687 612 612 -834.6077 -992.1875
8.2896 737 737 562 562 -823.3535 -992.1875
8.2962 709 709 590 590 -819.5950 -992.1875
8.3029 690 690 609 609 -823.5530 -992.1875
8.3095 636 636 663 663 -841.1282 -992.1875
8.3161 652 652 647 647 -854.9438 -992.1875
8.3228 731 731 568 568 -844.6710 -992.1875
8.3294 703 703 596 596 -844.5524 -992.1875
8.3360 709 709 590 590 -842.1304 -992.1875
8.3427 679 679 620 620 -848.9943 -992.1875
8.3493 656 656 643 643 -861.7643 -992.1875
8.3560 700 700 599 599 -861.6810 -992.1875
8.3626 646 646 653 653 -876.0328 -992.1875
8.3693 681 681 618 618 -880.8053 -992.1875
8.3759 757 757 542 542 -863.7849 -992.1875
8.3826 675 675 624 624 -871.9067 -992.1875
8.3892 645 645 654 654 -887.9197 -992.1875
8.3959 649 649 650 650 -903.2096 -992.1875
8.4025 672 672 627 627 -909.5240 -992.1875
8.4092 779 779 520 520 -885.0264 -992.1875
8.4158 736 736 563 563 -874.6738 -992.1875
8.4225 659 659 640 640 -888.2493 -992.1875
8.4291 679 679 620 620 -895.0342 -992.1875
8.4357 661 661 638 638 -905.7632 -992.1875
8.4424 737 737 562 562 -894.1414 -992.1875
8.4490 733 733 566 566 -883.0460 -992.1875
8.4558 703 703 596 596 -881.5697 -992.1875
8.4625 693 693 606 606 -882.2271 -992.1875
8.4692 700 700 599 599 -882.1993 -992.1875
8.4759 665 665 634 634 -891.5412 -992.1875
8.4825 711 711 588 588 -886.7881 -992.1875
8.4892 673 673 626 626 -892.7952 -992.1875
8.4958 754 754 545 545 -875.9795 -992.1875
8.5025 722 722 577 577 -869.4031 -992.1875
8.5091 688 688 611 611 -872.8324 -992.1875
8.5157 692 692 607 607 -875.0875 -992.1875
8.5224 624 624 675 675 -896.8418 -992.1875
8.5291 741 741 558 558 -882.7620 -992.1875
8.5357 714 714 585 585 -876.7904 -992.1875
8.5423 748 748 551 551 -861.7523 -992.1875
8.5490 686 686 613 613 -865.3445 -992.1875
8.5556 668 668 631 631 -874.6646 -992.1875
8.5623 666 666 633 633 -884.2268 -992.1875
8.5690 666 666 633 633 -894.0139 -992.1875
8.5757 686 686 613 613 -897.0948 -992.1875
8.5823 719 719 580 580 -889.5874 -992.1875
8.5890 692 692 607 607 -890.7781 -992.1875
8.5956 684 684 615 615 -894.9612 -992.1875
8.6022 672 672 627 627 -903.0482 -992.1875
8.6089 649 649 650 650 -917.2570 -992.1875
8.6155 660 660 639 639 -927.7394 -992.1875
8.6221 681 681 618 618 -932.3708 -992.1875
8.6288 731 731 568 568 -922.4353 -992.1875
8.6354 684 684 615 615 -927.3455 -992.1875
8.6421 621 621 678 678 -951.4537 -992.1875
8.6488 672 672 627 627 -960.1367 -992.1875
8.6554 754 754 545 545 -944.2704 -992.1875
8.6621 741 741 558 558 -931.1989 -992.1875
8.6688 709 709 590 590 -929.6591 -992.1875
8.6755 692 692 607 607 -931.6161 -992.1875
8.6822 653 653 646 646 -945.8784 -992.1875
8.6889 705 705 594 594 -942.5383 -992.1875
8.6955 711 711 588 588 -939.0612 -992.1875
8.7022 734 734 565 565 -927.1549 -992.1875
8.7088 707 707 592 592 -924.4570 -992.1875
8.7155 691 691 608 608 -926.1018 -992.1875
8.7221 701 701 598 598 -925.5677 -992.1875
8.7288 654 654 645 645 -937.6688 -992.1875
8.7354 725 725 574 574 -928.8900 -992.1875
8.7421 712 712 587 587 -924.8188 -992.1875
8.7488 719 719 580 580 -919.5092 -992.1875
8.7554 718 718 581 581 -913.6012 -992.1875
8.7621 659 659 640 640 -925.2200 -992.1875
8.7688 672 672 627 627 -932.0347 -992.1875
8.7754 666 666 633 633 -941.5225 -992.1875
8.7821 691 691 608 608 -941.6793 -992.1875
8.7888 775 775 524 524 -918.4996 -992.1875
8.7954 669 669 630 630 -927.1924 -992.1875
8.8020 666 666 633 633 -938.2993 -992.1875
8.8087 643 643 656 656 -953.6928 -992.1875
8.8153 687 687 612 612 -955.6865 -992.1875
8.8220 737 737 562 562 -943.3458 -992.1875
8.8287 742 742 557 557 -931.1642 -992.1875
8.8353 678 678 621 621 -938.3843 -992.1875
8.8420 691 691 608 608 -941.0071 -992.1875
8.8487 655 655 644 644 -953.5939 -992.1875
8.8553 722 722 577 577 -945.3954 -992.1875
8.8620 696 696 603 603 -945.2745 -992.1875
8.8686 705 705 594 594 -942.7726 -992.1875
8.8753 725 725 574 574 -934.9046 -992.1875
8.8819 697 697 602 602 -935.6963 -992.1875
8.8886 684 684 615 615 -940.1483 -992.1875
8.8952 646 646 653 653 -956.2520 -992.1875
8.9019 676 676 623 623 -962.3518 -992.1875
8.9086 747 747 552 552 -947.8972 -992.1875
8.9152 730 730 569 569 -938.6963 -992.1875
8.9218 711 711 588 588 -936.8437 -992.1875
8.9286 665 665 634 634 -947.9992 -992.1875
8.9352 650 650 649 649 -962.9413 -992.1875
8.9418 672 672 627 627 -969.6352 -992.1875
8.9485 724 724 575 575 -961.0514 -992.1875
8.9551 747 747 552 552 -945.3893 -992.1875
8.9618 727 727 572 572 -936.9787 -992.1875
8.9685 690 690 609 609 -939.7583 -992.1875
8.9751 688 688 611 611 -943.4990 -992.1875
8.9818 674 674 625 625 -949.9888 -992.1875
8.9884 661 661 638 638 -959.6237 -992.1875
8.9951 703 703 596 596 -956.1766 -992.1875
9.0017 733 733 566 566 -944.9135 -992.1875
9.0084 755 755 544 544 -927.3054 -992.1875
9.0150 707 707 592 592 -925.3541 -992.1875
9.0217 670 670 629 629 -933.2667 -992.1875
9.0283 654 654 645 645 -946.0334 -992.1875
9.0350 665 665 634 634 -953.3525 -992.1875
9.0416 762 762 537 537 -933.4650 -992.1875
9.0483 752 752 547 547 -916.3933 -992.1875
9.0549 717 717 582 582 -912.2987 -992.1875
9.0616 668 668 631 631 -921.1027 -992.1875
9.0683 672 672 627 627 -929.0125 -992.1875
9.0749 664 664 635 635 -937.2660 -992.1875
9.0816 681 681 618 618 -941.6248 -992.1875
9.0882 702 702 597 597 -939.6819 -992.1875
9.0949 710 710 589 589 -936.3815 -992.1875
9.1015 701 701 598 598 -935.6496 -992.1875
9.1082 711 711 588 588 -933.1934 -992.1875
9.1148 673 673 626 626 -941.8150 -992.1875
9.1215 655 655 644 644 -956.3497 -992.1875
9.1281 661 661 638 638 -967.6537 -992.1875
9.1347 704 704 595 595 -966.3208 -992.1875
9.1413 740 740 559 559 -953.6400 -992.1875
9.1480 685 685 614 614 -959.4900 -992.1875
9.1546 665 665 634 634 -969.9180 -992.1875
9.1613 645 645 654 654 -987.4048 -992.1875
9.1680 710 710 589 589 -983.6412 -992.1875
9.1746 743 743 556 556 -971.6750 -992.1875
9.1813 741 741 558 558 -959.7375 -992.1875
9.1879 692 692 607 607 -963.7676 -992.1875
9.1946 678 678 621 621 -970.5828 -992.1875
9.2013 643 643 656 656 -987.5858 -992.1875
9.2079 705 705 594 594 -983.8996 -992.1875
9.2146 703 703 596 596 -981.5978 -992.1875
9.2213 721 721 578 578 -973.9782 -992.1875
9.2279 719 719 580 580 -967.8880 -992.1875
9.2345 706 706 593 593 -965.6570 -992.1875
9.2412 671 671 628 628 -974.0114 -992.1875
9.2479 691 691 608 608 -975.4983 -992.1875
9.2545 720 720 579 579 -968.9033 -992.1875
9.2612 748 748 551 551 -953.2582 -992.1875
9.2678 749 749 550 550 -939.1411 -992.1875
9.2745 675 675 624 624 -946.1770 -992.1875
9.2812 670 670 629 629 -954.3268 -992.1875
9.2878 646 646 653 653 -967.4305 -992.1875
9.2944 710 710 589 589 -961.9272 -992.1875
9.3011 731 731 568 568 -950.3539 -992.1875
9.3078 756 756 543 543 -933.7397 -992.1875
9.3144 675 675 624 624 -941.2587 -992.1875
9.3211 669 669 630 630 -951.5893 -992.1875
9.3278 643 643 656 656 -968.0037 -992.1875
9.3344 694 694 605 605 -968.6737 -992.1875
9.3411 721 721 578 578 -960.7929 -992.1875
9.3478 737 737 562 562 -949.6016 -992.1875
9.3544 688 688 611 611 -954.2040 -992.1875
9.3611 678 678 621 621 -961.9587 -992.1875
9.3677 669 669 630 630 -971.8455 -992.1875
9.3744 678 678 621 621 -979.1399 -992.1875
9.3811 685 685 614 614 -983.9405 -992.1875
9.3877 692 692 607 607 -986.7430 -992.1875
9.3944 724 724 575 575 -979.6888 -992.1875
9.4010 720 720 579 579 -975.1440 -992.1875
9.4077 671 671 628 628 -984.4547 -992.1875
9.4144 640 640 659 659 -1002.8407 -992.1875
9.4210 686 686 613 613 -1005.8774 -992.1875
9.4278 744 744 555 555 -991.4354 -992.1875
9.4344 762 762 537 537 -972.1951 -992.1875
9.4411 725 725 574 574 -964.8750 -992.1875
9.4478 639 639 660 660 -983.9474 -992.1875
9.4544 653 653 646 646 -997.2149 -992.1875
9.4611 706 706 593 593 -993.8660 -992.1875
9.4678 743 743 556 556 -978.0272 -992.1875
9.4744 750 750 549 549 -963.0377 -992.1875
9.4811 700 700 599 599 -963.3088 -992.1875
9.4878 691 691 608 608 -966.8937 -992.1875
9.4944 685 685 614 614 -969.9265 -992.1875
9.5011 659 659 640 640 -980.8438 -992.1875
9.5078 688 688 611 611 -982.7976 -992.1875
9.5144 661 661 638 638 -991.7175 -992.1875
9.5210 737 737 562 562 -978.8620 -992.1875
9.5277 706 706 593 593 -976.6404 -992.1875
9.5344 699 699 600 600 -977.9182 -992.1875
9.5410 683 683 616 616 -983.2695 -992.1875
9.5477 647 647 652 652 -999.4670 -992.1875
9.5543 673 673 626 626 -1006.1227 -992.1875
9.5610 740 740 559 559 -993.4611 -992.1875
9.5676 728 728 571 571 -984.3655 -992.1875
9.5743 738 738 561 561 -973.8924 -992.1875
9.5810 650 650 649 649 -990.9670 -992.1875
9.5876 673 673 626 626 -1000.0398 -992.1875
9.5943 677 677 622 622 -1006.1672 -992.1875
9.6009 706 706 593 593 -1002.4933 -992.1875
9.6075 742 742 557 557 -989.6333 -992.1875
9.6142 695 695 604 604 -991.0046 -992.1875
9.6208 690 690 609 609 -993.9836 -992.1875
9.6275 693 693 606 606 -996.3652 -992.1875
9.6341 660 660 639 639 -1008.1601 -992.1875
9.6407 709 709 590 590 -1004.7866 -992.1875
9.6473 719 719 580 580 -997.1805 -992.1875
9.6540 739 739 560 560 -985.4888 -992.1875
9.6607 681 681 618 618 -991.2684 -992.1875
9.6673 651 651 648 648 -1005.1865 -992.1875
9.6739 664 664 635 635 -1013.8261 -992.1875
9.6806 677 677 622 622 -1017.8609 -992.1875
9.6872 703 703 596 596 -1014.2380 -992.1875
9.6939 757 757 542 542 -995.1390 -992.1875
9.7005 674 674 625 625 -1001.4069 -992.1875
9.7072 657 657 642 642 -1013.8433 -992.1875
9.7138 666 666 633 633 -1023.5967 -992.1875
9.7205 686 686 613 613 -1025.5142 -992.1875
9.7272 741 741 558 558 -1011.4128 -992.1875
9.7338 709 709 590 590 -1007.6588 -992.1875
9.7404 691 691 608 608 -1009.3755 -992.1875
9.7470 682 682 617 617 -1012.8759 -992.1875
9.7537 661 661 638 638 -1022.9967 -992.1875
9.7603 684 684 615 615 -1026.7262 -992.1875
9.7669 696 696 603 603 -1026.0649 -992.1875
9.7736 755 755 544 544 -1007.7932 -992.1875
9.7803 730 730 569 569 -998.3454 -992.1875
9.7869 673 673 626 626 -1006.2866 -992.1875
9.7935 681 681 618 618 -1012.3079 -992.1875
9.8002 637 637 662 662 -1028.7983 -992.1875
9.8069 738 738 561 561 -1015.9972 -992.1875
9.8135 743 743 556 556 -1000.6688 -992.1875
9.8202 693 693 606 606 -1001.6303 -992.1875
9.8268 672 672 627 627 -1007.1146 -992.1875
9.8334 655 655 644 644 -1019.3652 -992.1875
9.8400 677 677 622 622 -1023.6780 -992.1875
9.8466 726 726 573 573 -1014.4586 -992.1875
9.8533 704 704 595 595 -1010.7487 -992.1875
9.8600 697 697 602 602 -1010.5475 -992.1875
9.8666 683 683 616 616 -1013.7440 -992.1875
9.8732 681 681 618 618 -1017.6127 -992.1875
9.8799 723 723 576 576 -1008.9470 -992.1875
9.8866 704 704 595 595 -1007.1026 -992.1875
9.8933 742 742 557 557 -992.7168 -992.1875
9.9000 712 712 587 587 -987.4949 -992.1875
9.9066 696 696 603 603 -986.5341 -992.1875
9.9132 664 664 635 635 -995.8116 -992.1875
9.9199 656 656 643 643 -1005.8882 -992.1875
9.9266 713 713 586 586 -999.2815 -992.1875
9.9332 723 723 576 576 -989.2728 -992.1875
9.9399 748 748 551 551 -974.4778 -992.1875
9.9465 719 719 580 580 -967.4846 -992.1875
9.9531 637 637 662 662 -985.1995 -992.1875
9.9598 657 657 642 642 -994.7300 -992.1875
9.9664 681 681 618 618 -998.4190 -992.1875
9.9731 727 727 572 572 -986.8342 -992.1875
9.9797 733 733 566 566 -975.3067 -992.1875
9.9863 683 683 616 616 -979.0148 -992.1875
9.9930 699 699 600 600 -979.8623 -992.1875
9.9997 652 652 647 647 -992.8737 -992.1875
10.0064 693 693 606 606 -992.9216 -992.1875
10.0130 712 712 587 587 -987.8131 -992.1875
10.0197 678 678 621 621 -993.8309 -992.1875
10.0263 736 736 563 563 -981.9558 -992.1875
10.0330 725 725 574 574 -973.2376 -992.1875
10.0396 671 671 628 628 -980.8058 -992.1875
10.0463 665 665 634 634 -991.0718 -992.1875
10.0530 632 632 667 667 -1009.0599 -992.1875
10.0597 739 739 560 560 -995.7397 -992.1875
10.0663 753 753 546 546 -979.3508 -992.1875
10.0729 719 719 580 580 -974.8695 -992.1875
10.0796 694 694 605 605 -975.8907 -992.1875
10.0863 625 625 674 674 -997.9369 -992.1875
10.0930 667 667 632 632 -1005.3383 -992.1875
10.0996 724 724 575 575 -997.0915 -992.1875
10.1062 709 709 590 590 -992.0844 -992.1875
10.1129 734 734 565 565 -981.0038 -992.1875
10.1196 688 688 611 611 -983.8245 -992.1875
10.1263 688 688 611 611 -986.5777 -992.1875
10.1329 674 674 625 625 -991.9799 -992.1875
10.1396 649 649 650 650 -1005.0106 -992.1875
10.1462 726 726 573 573 -995.3663 -992.1875
10.1528 719 719 580 580 -988.4574 -992.1875
10.1595 716 716 583 583 -981.6538 -992.1875
10.1661 676 676 623 623 -988.2225 -992.1875
10.1727 632 632 667 667 -1006.7015 -992.1875
10.1794 696 696 603 603 -1006.2120 -992.1875
10.1861 712 712 587 587 -999.6068 -992.1875
10.1928 730 730 569 569 -989.7325 -992.1875
10.1994 755 755 544 544 -973.4272 -992.1875
10.2061 624 624 675 675 -995.7845 -992.1875
10.2127 667 667 632 632 -1004.0380 -992.1875
10.2194 666 666 633 633 -1013.4933 -992.1875
10.2261 695 695 604 604 -1012.8806 -992.1875
10.2327 724 724 575 575 -1003.5164 -992.1875
10.2394 684 684 615 615 -1007.5579 -992.1875
10.2460 708 708 591 591 -1005.6866 -992.1875
10.2527 679 679 620 620 -1012.1548 -992.1875
10.2593 647 647 652 652 -1027.4619 -992.1875
10.2660 707 707 592 592 -1024.3557 -992.1875
10.2727 706 706 593 593 -1022.0727 -992.1875
10.2793 716 716 583 583 -1015.9990 -992.1875
10.2860 679 679 620 620 -1020.9960 -992.1875
10.2926 634 634 665 665 -1040.1127 -992.1875
10.2993 688 688 611 611 -1042.9304 -992.1875
10.3059 736 736 563 563 -1031.2552 -992.1875
10.3126 730 730 569 569 -1020.0137 -992.1875
10.3193 743 743 556 556 -1008.3515 -992.1875
10.3259 642 642 657 657 -1025.4022 -992.1875
10.3325 714 714 585 585 -1021.4615 -992.1875
10.3392 694 694 605 605 -1020.5295 -992.1875
10.3458 737 737 562 562 -1008.6873 -992.1875
10.3525 736 736 563 563 -996.7382 -992.1875
10.3591 661 661 638 638 -1006.5676 -992.1875
10.3657 692 692 607 607 -1006.0733 -992.1875
10.3723 669 669 630 630 -1012.3583 -992.1875
10.3790 703 703 596 596 -1008.1868 -992.1875
10.3856 730 730 569 569 -996.1997 -992.1875
10.3923 695 695 604 604 -994.6379 -992.1875
10.3989 744 744 555 555 -980.3004 -992.1875
10.4055 658 658 641 641 -990.5750 -992.1875
10.4122 660 660 639 639 -999.4962 -992.1875
10.4188 666 666 633 633 -1005.3456 -992.1875
10.4255 692 692 607 607 -1005.4373 -992.1875
10.4322 743 743 556 556 -990.1382 -992.1875
10.4388 716 716 583 583 -984.3917 -992.1875
10.4455 642 642 657 657 -999.8993 -992.1875
10.4521 662 662 637 637 -1010.7530 -992.1875
10.4588 640 640 659 659 -1025.1359 -992.1875
10.4655 754 754 545 545 -1006.1041 -992.1875
10.4721 726 726 573 573 -996.3484 -992.1875
10.4787 687 687 612 612 -1000.5108 -992.1875
10.4854 697 697 602 602 -1001.6401 -992.1875
10.4921 648 648 651 651 -1016.1792 -992.1875
10.4988 694 694 605 605 -1016.3848 -992.1875
10.5054 697 697 602 602 -1016.0928 -992.1875
10.5121 671 671 628 628 -1023.1381 -992.1875
10.5187 759 759 540 540 -1004.4280 -992.1875
10.5253 699 699 600 600 -1004.4622 -992.1875
10.5320 675 675 624 624 -1012.4885 -992.1875
10.5387 670 670 629 629 -1020.3160 -992.1875
10.5453 683 683 616 616 -1023.4225 -992.1875
10.5520 750 750 549 549 -1006.6552 -992.1875
10.5586 770 770 529 529 -985.1245 -992.1875
10.5653 673 673 626 626 -993.0511 -992.1875
10.5719 650 650 649 649 -1007.0093 -992.1875
10.5786 635 635 664 664 -1024.8385 -992.1875
10.5852 699 699 600 600 -1022.1738 -992.1875
10.5919 719 719 580 580 -1012.8129 -992.1875
10.5986 704 704 595 595 -1008.8168 -992.1875
10.6052 727 727 572 572 -998.9651 -992.1875
10.6119 676 676 623 623 -1004.3452 -992.1875
10.6185 703 703 596 596 -1002.1900 -992.1875
10.6252 667 667 632 632 -1010.2410 -992.1875
10.6318 680 680 619 619 -1013.3784 -992.1875
10.6385 722 722 577 577 -1003.6413 -992.1875
10.6451 730 730 569 569 -991.6874 -992.1875
10.6518 702 702 597 597 -989.4329 -992.1875
10.6584 686 686 613 613 -991.9961 -992.1875
10.6650 622 622 677 677 -1012.9571 -992.1875
10.6717 723 723 576 576 -1003.5487 -992.1875
10.6784 729 729 570 570 -992.1160 -992.1875
10.6851 737 737 562 562 -979.2469 -984.3750
10.6918 721 721 578 578 -971.3972 -984.3750
10.6985 651 651 648 648 -985.8954 -984.3750
10.7052 655 655 644 644 -997.9909 -984.3750
10.7118 648 648 651 651 -1012.2835 -984.3750
10.7185 682 682 617 617 -1014.4382 -984.3750
10.7252 732 732 567 567 -1003.0283 -984.3750
10.7318 694 694 605 605 -1003.3124 -984.3750
10.7385 695 695 604 604 -1004.5399 -984.3750
10.7451 675 675 624 624 -1011.2451 -984.3750
10.7518 676 676 623 623 -1017.6378 -984.3750
10.7585 674 674 625 625 -1024.2230 -984.3750
10.7651 720 720 579 579 -1017.0433 -984.3750
10.7718 723 723 576 576 -1008.8923 -984.3750
10.7784 699 699 600 600 -1008.4154 -984.3750
10.7851 645 645 654 654 -1023.4083 -984.3750
10.7917 659 659 640 640 -1035.0297 -984.3750
10.7984 694 694 605 605 -1033.9712 -953.1250
10.8050 742 742 557 557 -1020.0229 -953.1250
10.8117 701 701 598 598 -1016.4767 -953.1250
10.8184 701 701 598 598 -1014.1802 -953.1250
10.8250 660 660 639 639 -1022.0089 -953.1250
10.8317 664 664 635 635 -1029.4331 -953.1250
10.8383 691 691 608 608 -1026.9989 -953.1250
10.8449 741 741 558 558 -1011.2646 -953.1250
10.8516 711 711 588 588 -1003.9646 -906.2500
10.8583 691 691 608 608 -1003.6297 -906.2500
10.8649 683 683 616 616 -1004.8672 -906.2500
10.8716 661 661 638 638 -1012.5724 -906.2500
10.8783 653 653 646 646 -1021.9404 -906.2500
10.8849 693 693 606 606 -1019.8558 -906.2500
10.8916 728 728 571 571 -1007.4159 -906.2500
10.8982 732 732 567 567 -995.2194 -906.2500
10.9049 665 665 634 634 -1002.7432 -906.2500
10.9116 657 657 642 642 -1011.6362 -812.5000
10.9182 670 670 629 629 -1014.6462 -812.5000
10.9249 711 711 588 588 -1006.3481 -812.5000
10.9315 742 742 557 557 -988.6288 -812.5000
10.9382 699 699 600 600 -985.1732 -812.5000
10.9448 652 652 647 647 -995.3926 -812.5000
10.9514 672 672 627 627 -999.2717 -812.5000
10.9581 697 697 602 602 -994.7673 -812.5000
10.9648 738 738 561 561 -977.7869 -812.5000
10.9714 691 691 608 608 -976.3525 -812.5000
10.9781 676 676 623 623 -979.6705 -812.5000
10.9847 681 681 618 618 -982.2430 -812.5000
10.9914 647 647 652 652 -993.3040 -789.0625
10.9981 683 683 616 616 -993.9316 -789.0625
11.0047 715 715 584 584 -984.8053 -789.0625
11.0114 700 700 599 599 -980.4359 -789.0625
11.0181 694 694 605 605 -977.6469 -789.0625
11.0247 643 643 656 656 -990.2559 -789.0625
11.0314 681 681 618 618 -991.6150 -789.0625
11.0380 721 721 578 578 -981.3506 -789.0625
11.0446 724 724 575 575 -969.3956 -789.0625
11.0513 694 694 605 605 -967.3367 -789.0625
11.0580 637 637 662 662 -981.1053 -789.0625
11.0646 626 626 673 673 -998.2421 -796.8750
11.0713 727 727 572 572 -983.9926 -796.8750
11.0780 729 729 570 570 -970.7235 -796.8750
11.0846 739 739 560 560 -954.8405 -796.8750
11.0912 674 674 625 625 -958.8389 -796.8750
11.0978 652 652 647 647 -969.6124 -796.8750
11.1044 731 731 568 568 -955.6678 -796.8750
11.1111 716 716 583 583 -946.3193 -796.8750
11.1178 734 734 565 565 -930.7910 -789.0625
11.1244 685 685 614 614 -931.1862 -789.0625
11.1311 689 689 610 610 -929.7090 -789.0625
11.1378 701 701 598 598 -925.1582 -789.0625
11.1444 649 649 650 650 -935.6925 -789.0625
11.1511 678 678 621 621 -937.7466 -789.0625
11.1578 745 745 554 554 -919.4586 -789.0625
11.1644 712 712 587 587 -911.3954 -789.0625
11.1710 722 722 577 577 -901.0802 -789.0625
11.1777 643 643 656 656 -915.6106 -796.8750
11.1843 651 651 648 648 -925.9750 -796.8750
11.1910 691 691 608 608 -924.6583 -796.8750
11.1976 723 723 576 576 -912.3422 -796.8750
11.2042 724 724 575 575 -901.9319 -796.8750
11.2108 677 677 622 622 -904.1971 -796.8750
11.2174 646 646 653 653 -917.0163 -796.8750
11.2240 670 670 629 629 -921.0580 -796.8750
11.2307 661 661 638 638 -928.4948 -781.2500
11.2374 713 713 586 586 -919.1623 -781.2500
11.2440 712 712 587 587 -911.3579 -781.2500
11.2506 699 699 600 600 -907.8820 -781.2500
11.2573 680 680 619 619 -910.8359 -781.2500
11.2639 656 656 643 643 -919.9504 -781.2500
11.2706 668 668 631 631 -925.4303 -781.2500
11.2772 751 751 548 548 -906.0572 -781.2500
11.2838 720 720 579 579 -895.3156 -695.3125
11.2905 681 681 618 618 -894.9129 -695.3125
11.2971 635 635 664 664 -908.3497 -695.3125
11.3038 695 695 604 604 -902.1845 -695.3125
11.3105 705 705 594 594 -894.1025 -695.3125
11.3171 755 755 544 544 -870.4691 -695.3125
11.3237 704 704 595 595 -864.0322 -695.3125
11.3304 698 698 601 601 -858.8844 -695.3125
11.3370 677 677 622 622 -860.7023 -695.3125
11.3437 693 693 606 606 -856.3151 -656.2500
11.3504 676 676 623 623 -856.9573 -656.2500
11.3570 699 699 600 600 -849.9211 -656.2500
11.3636 719 719 580 580 -837.7383 -656.2500
11.3703 719 719 580 580 -825.6804 -656.2500
11.3770 680 680 619 619 -825.8795 -656.2500
11.3836 628 628 671 671 -840.4464 -656.2500
11.3903 634 634 665 665 -852.8751 -656.2500
11.3970 693 693 606 606 -846.6595 -625.0000
11.4036 715 715 584 584 -835.9075 -625.0000
11.4103 724 724 575 575 -822.7010 -625.0000
11.4170 669 669 630 630 -826.9872 -625.0000
11.4237 655 655 644 644 -835.2679 -625.0000
11.4303 673 673 626 626 -838.6439 -625.0000
11.4370 745 745 554 554 -819.5958 -625.0000
11.4436 712 712 587 587 -810.0379 -625.0000
11.4503 690 690 609 609 -807.6828 -625.0000
11.4570 650 650 649 649 -816.3364 -625.0000
11.4636 690 690 609 609 -813.4160 -601.5625
11.4703 709 709 590 590 -804.0065 -601.5625
11.4770 693 693 606 606 -800.1355 -601.5625
11.4836 717 717 582 582 -788.7526 -601.5625
11.4903 688 688 611 611 -786.6099 -601.5625
11.4970 675 675 624 624 -787.8297 -601.5625
11.5036 674 674 625 625 -789.3796 -601.5625
11.5103 671 671 628 628 -790.7621 -601.5625
11.5169 711 711 588 588 -780.7431 -601.5625
11.5236 703 703 596 596 -772.3698 -578.1250
11.5302 683 683 616 616 -770.9907 -578.1250
11.5368 632 632 667 667 -783.5134 -578.1250
11.5434 672 672 627 627 -784.6650 -578.1250
11.5501 736 736 563 563 -766.0150 -578.1250
11.5567 739 739 560 560 -748.7047 -578.1250
11.5634 672 672 627 627 -751.6829 -578.1250
11.5700 611 611 688 688 -772.0891 -578.1250
11.5766 641 641 658 658 -782.5671 -578.1250
11.5833 708 708 591 591 -770.6612 -523.4375
11.5900 742 742 557 557 -750.6038 -523.4375
11.5966 677 677 622 622 -749.8992 -523.4375
11.6032 646 646 653 653 -759.5714 -523.4375
11.6099 678 678 621 621 -758.9085 -523.4375
11.6165 679 679 620 620 -758.3554 -523.4375
11.6231 706 706 593 593 -749.1615 -523.4375
11.6297 710 710 589 589 -739.0790 -523.4375
11.6364 695 695 604 604 -732.5035 -453.1250
11.6431 686 686 613 613 -728.7590 -453.1250
11.6498 635 635 664 664 -739.4636 -453.1250
11.6565 702 702 597 597 -731.0878 -453.1250
11.6631 732 732 567 567 -713.2513 -453.1250
11.6698 747 747 552 552 -692.9741 -453.1250
11.6764 670 670 629 629 -694.7519 -453.1250
11.6830 638 638 661 661 -706.4643 -453.1250
11.6897 654 654 645 645 -711.6725 -453.1250
11.6964 697 697 602 602 -703.6912 -453.1250
11.7030 736 736 563 563 -684.5663 -453.1250
11.7097 705 705 594 594 -675.9993 -453.1250
11.7163 666 666 633 633 -678.8871 -453.1250
11.7230 664 664 635 635 -681.2564 -453.1250
11.7296 676 676 623 623 -679.5026 -429.6875
11.7363 695 695 604 604 -671.3023 -429.6875
11.7430 714 714 585 585 -658.1677 -429.6875
11.7496 719 719 580 580 -644.7105 -429.6875
11.7562 710 710 589 589 -634.7090 -429.6875
11.7629 644 644 655 655 -643.1620 -429.6875
11.7696 648 648 651 651 -649.6422 -429.6875
11.7762 685 685 614 614 -644.7734 -429.6875
11.7828 740 740 559 559 -623.3557 -429.6875
11.7895 739 739 560 560 -601.1452 -414.0625
11.7961 670 670 629 629 -601.4879 -414.0625
11.8028 647 647 652 652 -608.7046 -414.0625
11.8095 650 650 649 649 -615.9392 -414.0625
11.8161 711 711 588 588 -602.8800 -414.0625
11.8228 726 726 573 573 -587.3931 -414.0625
11.8295 708 708 591 591 -576.5302 -414.0625
11.8361 639 639 660 660 -587.2371 -414.0625
11.8428 659 659 640 640 -590.2737 -414.0625
11.8496 680 680 619 619 -587.7148 -406.2500
11.8562 683 683 616 616 -583.4310 -406.2500
11.8628 695 695 604 604 -576.6627 -406.2500
11.8695 689 689 610 610 -572.3926 -406.2500
11.8762 689 689 610 610 -569.4494 -406.2500
11.8828 662 662 637 637 -573.8937 -406.2500
11.8895 654 654 645 645 -580.9647 -406.2500
11.8962 674 674 625 625 -580.9111 -406.2500
11.9028 715 715 584 584 -568.7559 -367.1875
11.9095 700 700 599 599 -561.1843 -367.1875
11.9161 619 619 680 680 -577.5692 -367.1875
11.9228 656 656 643 643 -582.9312 -367.1875
11.9294 683 683 616 616 -580.0512 -367.1875
11.9361 730 730 569 569 -563.7566 -367.1875
11.9427 645 645 654 654 -571.8140 -367.1875
11.9493 650 650 649 649 -579.0034 -367.1875
11.9560 679 679 620 620 -574.8419 -304.6875
11.9627 710 710 589 589 -562.5563 -304.6875
11.9694 719 719 580 580 -548.0869 -304.6875
11.9761 636 636 663 663 -558.6172 -304.6875
11.9827 654 654 645 645 -563.6681 -304.6875
11.9894 701 701 598 598 -553.9807 -304.6875
11.9960 698 698 601 601 -545.6152 -304.6875
12.0026 696 696 603 603 -537.1050 -304.6875
12.0093 679 679 620 620 -534.0656 -304.6875
12.0160 669 669 630 630 -532.2814 -210.9375
12.0226 659 659 640 640 -533.3707 -210.9375
12.0293 704 704 595 595 -520.8279 -210.9375
12.0359 716 716 583 583 -505.7429 -210.9375
12.0426 693 693 606 606 -497.4420 -210.9375
12.0492 640 640 659 659 -504.7588 -210.9375
12.0559 645 645 654 654 -509.8077 -210.9375
12.0625 712 712 587 587 -495.0286 -210.9375
12.0692 709 709 590 590 -480.9691 -179.6875
12.0758 682 682 617 617 -474.2447 -179.6875
12.0824 632 632 667 667 -483.5156 -179.6875
12.0891 677 677 622 622 -477.4366 -179.6875
12.0957 719 719 580 580 -461.0492 -179.6875
12.1024 725 725 574 574 -442.6552 -179.6875
12.1090 642 642 657 657 -450.2318 -179.6875
12.1156 648 648 651 651 -454.8990 -179.6875
12.1223 655 655 644 644 -457.1433 -179.6875
12.1290 733 733 566 566 -435.9616 -164.0625
12.1357 703 703 596 596 -423.8716 -164.0625
12.1423 652 652 647 647 -427.8712 -164.0625
12.1489 660 660 639 639 -428.7252 -164.0625
12.1556 681 681 618 618 -424.4041 -164.0625
12.1622 663 663 636 636 -424.1109 -164.0625
12.1689 693 693 606 606 -415.2194 -164.0625
12.1755 684 684 615 615 -408.9408 -164.0625
12.1821 654 654 645 645 -411.8299 -164.0625
12.1887 647 647 652 652 -416.0367 -164.0625
12.1954 666 666 633 633 -415.5355 -164.0625
12.2021 704 704 595 595 -402.6667 -132.8125
12.2087 714 714 585 585 -388.1663 -132.8125
12.2154 622 622 677 677 -401.1010 -132.8125
12.2220 658 658 641 641 -402.9959 -132.8125
12.2287 682 682 617 617 -397.4867 -132.8125
12.2353 737 737 562 562 -375.0829 -132.8125
12.2420 686 686 613 613 -370.3018 -132.8125
12.2487 634 634 665 665 -379.2140 -132.8125
12.2553 625 625 674 674 -389.5661 -62.5000
12.2620 709 709 590 590 -373.5470 -62.5000
12.2687 711 711 588 588 -358.2943 -62.5000
12.2753 662 662 637 637 -357.2167 -62.5000
12.2819 656 656 643 643 -358.0914 -62.5000
12.2886 667 667 632 632 -356.2209 -62.5000
12.2952 656 656 643 643 -356.8262 -62.5000
12.3018 700 700 599 599 -344.7451 -62.5000
12.3085 668 668 631 631 -342.0253 -62.5000
12.3151 652 652 647 647 -343.9816 -62.5000
12.3218 648 648 651 651 -346.5076 -62.5000
12.3284 690 690 609 609 -338.0089 -62.5000
12.3350 714 714 585 585 -321.4629 -62.5000
12.3417 674 674 625 625 -318.3387 -62.5000
12.3484 601 601 698 698 -336.6043 -62.5000
12.3550 630 630 669 669 -345.4817 -62.5000
12.3616 726 726 573 573 -325.2445 -62.5000
12.3683 658 658 641 641 -324.3092 -62.5000
12.3749 631 631 668 668 -333.3495 -62.5000
12.3816 651 651 648 648 -335.5500 -62.5000
12.3882 689 689 610 610 -326.7295 -62.5000
12.3949 708 708 591 591 -313.0323 -62.5000
12.4015 674 674 625 625 -309.8021 -62.5000
12.4082 647 647 652 652 -314.7411 -62.5000
12.4148 676 676 623 623 -310.1102 -62.5000
12.4214 673 673 626 626 -306.5202 -62.5000
12.4281 687 687 612 612 -298.1168 -62.5000
12.4347 687 687 612 612 -290.0515 -62.5000
12.4414 634 634 665 665 -297.4331 -62.5000
12.4481 652 652 647 647 -299.3475 -62.5000
12.4547 726 726 573 573 -278.8408 -62.5000
12.4614 690 690 609 609 -269.7017 -62.5000
12.4680 631 631 668 668 -277.9019 -62.5000
12.4747 634 634 665 665 -284.2154 -62.5000
12.4813 714 714 585 585 -267.8540 -62.5000
12.4880 729 729 570 570 -246.3038 -62.5000
12.4946 643 643 656 656 -252.1351 -62.5000
12.5013 610 610 689 689 -267.4332 -62.5000
12.5080 672 672 627 627 -262.3035 -0.0000
12.5147 729 729 570 570 -240.6103 -0.0000
12.5213 642 642 657 657 -244.5014 -0.0000
12.5280 643 643 656 656 -249.5756 -0.0000
12.5346 670 670 629 629 -245.8749 -0.0000
12.5413 695 695 604 604 -234.7057 -0.0000
12.5480 664 664 635 635 -233.2577 -0.0000
12.5546 655 655 644 644 -233.9938 -0.0000
12.5612 659 659 640 640 -234.2718 -0.0000
12.5679 670 670 629 629 -230.6866 -0.0000
12.5745 685 685 614 614 -223.1976 -0.0000
12.5811 667 667 632 632 -221.2169 -0.0000
12.5878 670 670 629 629 -218.6735 -0.0000
12.5944 613 613 686 686 -232.3409 -0.0000
12.6011 674 674 625 625 -227.6935 -0.0000
12.6078 710 710 589 589 -212.4944 -0.0000
12.6144 692 692 607 607 -203.2741 -0.0000
12.6210 626 626 673 673 -214.2187 -0.0000
12.6277 684 684 615 615 -206.8520 -0.0000
12.6344 725 725 574 574 -187.8846 -0.0000
12.6411 671 671 628 628 -183.5947 -0.0000
12.6477 621 621 678 678 -194.7480 -0.0000
12.6544 622 622 677 677 -204.9014 -0.0000
12.6610 714 714 585 585 -186.8178 -0.0000
12.6677 709 709 590 590 -171.9739 -0.0000
12.6743 618 618 681 681 -183.5096 -0.0000
12.6809 624 624 675 675 -193.9505 -0.0000
12.6875 709 709 590 590 -178.1709 -0.0000
12.6942 712 712 587 587 -161.4758 -0.0000
12.7008 630 630 669 669 -169.8465 -0.0000
12.7074 639 639 660 660 -174.7503 -0.0000
12.7140 675 675 624 624 -169.6208 -0.0000
12.7207 671 671 628 628 -165.3172 -0.0000
12.7273 679 679 620 620 -159.3606 -0.0000
12.7339 671 671 628 628 -156.0112 -0.0000
12.7405 635 635 664 664 -162.7184 -0.0000
12.7472 640 640 659 659 -167.2330 -0.0000
12.7539 716 716 583 583 -148.7736 -0.0000
12.7606 649 649 650 650 -151.3367 -0.0000
12.7672 616 616 683 683 -163.0728 -0.0000
12.7739 639 639 660 660 -168.8746 -0.0000
12.7805 720 720 579 579 -150.1888 -0.0000
12.7872 725 725 574 574 -131.5994 -0.0000
12.7938 596 596 703 703 -152.6146 -0.0000
12.8004 661 661 638 638 -152.5932 -0.0000
12.8070 725 725 574 574 -134.3653 -0.0000
12.8137 669 669 630 630 -131.3582 -0.0000
12.8204 633 633 666 666 -139.3424 -0.0000
12.8270 669 669 630 630 -136.0012 -0.0000
12.8336 666 666 633 633 -132.9921 -0.0000
12.8403 670 670 629 629 -129.1818 -0.0000
12.8469 684 684 615 615 -121.6537 -0.0000
12.8535 636 636 663 663 -128.6385 -0.0000
12.8602 621 621 678 678 -139.6408 -0.0000
12.8668 668 668 631 631 -136.6277 -0.0000
12.8734 705 705 594 594 -122.5016 -0.0000
12.8801 662 662 637 637 -122.5200 -0.0000
12.8867 612 612 687 687 -136.4599 -0.0000
12.8933 665 665 634 634 -134.4529 -0.0000
12.9000 736 736 563 563 -111.3663 -0.0000
12.9067 699 699 600 600 -98.4766 -0.0000
12.9133 586 586 713 713 -119.9929 -0.0000
12.9200 687 687 612 612 -110.2361 -0.0000
12.9266 713 713 586 586 -93.6120 -0.0000
12.9332 644 644 655 655 -97.2182 -0.0000
12.9399 637 637 662 662 -102.8870 -0.0000
12.9465 654 654 645 645 -104.8079 -0.0000
12.9531 623 623 676 676 -114.6520 -0.0000
12.9598 648 648 651 651 -117.1769 -0.0000
12.9664 688 688 611 611 -108.1465 -0.0000
12.9731 639 639 660 660 -114.3029 -0.0000
12.9797 638 638 661 661 -120.5633 -0.0000
12.9863 702 702 597 597 -108.0973 -0.0000
12.9930 692 692 607 607 -99.2049 -0.0000
12.9996 610 610 689 689 -114.1138 -0.0000
13.0063 645 645 654 654 -118.9612 -0.0000
13.0129 723 723 576 576 -100.1832 -0.0000
13.0196 675 675 624 624 -96.7564 -0.0000
13.0262 614 614 685 685 -112.1037 -0.0000
13.0329 659 659 640 640 -112.7273 -0.0000
13.0395 678 678 621 621 -108.6128 -0.0000
13.0461 731 731 568 568 -88.4399 -0.0000
13.0528 625 625 674 674 -99.6558 -0.0000
13.0594 611 611 688 688 -114.6718 -0.0000
13.0660 717 717 582 582 -98.4024 -0.0000
13.0726 673 673 626 626 -95.2462 -0.0000
13.0793 634 634 665 665 -102.8316 -0.0000
13.0859 662 662 637 637 -101.8140 -0.0000
13.0925 648 648 651 651 -104.2997 -0.0000
13.0992 674 674 625 625 -99.4775 -0.0000
13.1058 692 692 607 607 -89.6635 -0.0000
13.1124 640 640 659 659 -95.5969 -0.0000
13.1191 622 622 677 677 -106.4886 -0.0000
13.1257 726 726 573 573 -85.9430 -0.0000
13.1324 713 713 586 586 -70.1159 -0.0000
13.1390 619 619 680 680 -82.1987 -0.0000
13.1456 649 649 650 650 -85.7045 -0.0000
13.1522 693 693 606 606 -75.4326 -0.0000
13.1589 720 720 579 579 -56.0871 -0.0000
13.1655 610 610 689 689 -71.6599 -0.0000
13.1721 600 600 699 699 -88.7781 -0.0000
13.1788 697 697 602 602 -77.3242 -0.0000
13.1854 693 693 606 606 -66.7816 -0.0000
13.1921 600 600 699 699 -84.0858 15.6250
13.1988 620 620 679 679 -95.2181 15.6250
13.2054 703 703 596 596 -81.0558 15.6250
13.2120 646 646 653 653 -84.7706 15.6250
13.2187 643 643 656 656 -89.6567 15.6250
13.2253 677 677 622 622 -85.0830 15.6250
13.2320 647 647 652 652 -89.5445 15.6250
13.2387 699 699 600 600 -78.6098 15.6250
13.2453 711 711 588 588 -63.9266 70.3125
13.2520 628 628 671 671 -73.3719 70.3125
13.2586 667 667 632 632 -70.5700 70.3125
13.2653 726 726 573 573 -50.0311 70.3125
13.2719 680 680 619 619 -43.2675 70.3125
13.2786 606 606 693 693 -58.3372 70.3125
13.2852 670 670 629 629 -53.4449 70.3125
13.2918 713 713 586 586 -36.9126 70.3125
13.2985 716 716 583 583 -18.6797 70.3125
13.3052 659 659 640 640 -17.1161 179.6875
13.3119 570 570 729 729 -42.3903 179.6875
13.3185 710 710 589 589 -24.0862 179.6875
13.3252 705 705 594 594 -7.8560 179.6875
13.3318 628 628 671 671 -14.0049 179.6875
13.3384 620 620 679 679 -23.4911 179.6875
13.3451 670 670 629 629 -17.0729 179.6875
13.3517 635 635 664 664 -21.0893 179.6875
13.3583 664 664 635 635 -16.6833 242.1875
13.3650 654 654 645 645 -15.8358 242.1875
13.3716 595 595 704 704 -32.6678 242.1875
13.3783 641 641 658 658 -35.0989 242.1875
13.3850 700 700 599 599 -20.3835 242.1875
13.3917 666 666 633 633 -16.1705 242.1875
13.3983 591 591 708 708 -34.8336 242.1875
13.4050 693 693 606 606 -23.4260 242.1875
13.4116 713 713 586 586 -5.7137 242.1875
13.4183 645 645 654 654 -9.7073 242.1875
13.4251 593 593 706 706 -27.6770 281.2500
13.4317 666 666 633 633 -23.3855 281.2500
13.4384 689 689 610 610 -11.1960 281.2500
13.4450 649 649 650 650 -10.6877 281.2500
13.4517 619 619 680 680 -19.9022 281.2500
13.4584 655 655 644 644 -17.4293 281.2500
13.4651 692 692 607 607 -4.8947 281.2500
13.4717 680 680 619 619 3.4794 281.2500
13.4784 623 623 676 676 -4.4298 335.9375
13.4850 653 653 646 646 -3.1963 335.9375
13.4917 699 699 600 600 12.7422 335.9375
13.4983 679 679 620 620 21.6502 335.9375
13.5050 647 647 652 652 21.3993 335.9375
13.5117 627 627 672 672 15.3022 335.9375
13.5183 657 657 642 642 19.1195 335.9375
13.5249 711 711 588 588 39.3568 335.9375
13.5316 680 680 619 619 50.5390 414.0625
13.5383 614 614 685 685 42.6287 414.0625
13.5450 644 644 655 655 43.9191 414.0625
13.5516 744 744 555 555 74.9820 414.0625
13.5583 611 611 688 688 66.2941 414.0625
13.5649 612 612 687 687 57.5703 414.0625
13.5716 678 678 621 621 70.7273 414.0625
13.5782 692 692 607 607 86.7755 414.0625
13.5848 615 615 684 684 80.1094 414.0625
13.5916 641 641 658 658 82.3863 492.1875
13.5983 651 651 648 648 87.3681 492.1875
13.6049 657 657 642 642 94.4841 492.1875
13.6116 653 653 646 646 100.1773 492.1875
13.6182 650 650 649 649 104.4969 492.1875
13.6248 628 628 671 671 101.6954 492.1875
13.6315 656 656 643 643 107.5476 492.1875
13.6382 670 670 629 629 117.6186 492.1875
13.6448 624 624 675 675 114.0372 500.0000
13.6514 630 630 669 669 112.5301 500.0000
13.6581 706 706 593 593 133.1905 500.0000
13.6647 643 643 656 656 134.5058 500.0000
13.6713 626 626 673 673 130.9196 500.0000
13.6780 666 666 633 633 139.0494 500.0000
13.6846 694 694 605 605 155.5521 500.0000
13.6913 621 621 678 678 150.3591 500.0000
13.6980 627 627 672 672 146.3332 500.0000
13.7046 699 699 600 600 164.8867 500.0000
13.7114 670 670 629 629 174.1155 500.0000
13.7181 622 622 677 677 169.0849 500.0000
13.7247 651 651 648 648 173.3805 500.0000
13.7314 692 692 607 607 189.7479 500.0000
13.7381 684 684 615 615 204.2260 500.0000
13.7447 636 636 663 663 204.1945 500.0000
13.7514 630 630 669 669 202.7247 500.0000
13.7580 664 664 635 635 211.6891 500.0000
13.7647 685 685 614 614 226.8075 507.8125
13.7714 666 666 633 633 236.0286 507.8125
13.7780 635 635 664 664 235.6047 507.8125
13.7847 662 662 637 637 243.8143 507.8125
13.7913 681 681 618 618 258.0636 507.8125
13.7979 661 661 638 638 265.8742 507.8125
13.8045 633 633 666 666 265.1947 507.8125
13.8112 626 626 673 673 261.9931 507.8125
13.8178 670 670 629 629 272.5839 507.8125
13.8245 659 659 640 640 279.1180 507.8125
13.8312 595 595 704 704 267.4482 554.6875
13.8378 616 616 683 683 262.7298 554.6875
13.8444 704 704 595 595 283.5794 554.6875
13.8511 639 639 660 660 285.1561 554.6875
13.8577 617 617 682 682 278.6979 554.6875
13.8644 678 678 621 621 290.3336 554.6875
13.8710 680 680 619 619 302.9906 554.6875
13.8777 625 625 674 674 298.8453 554.6875
13.8843 623 623 676 676 294.8614 554.6875
13.8910 667 667 632 632 303.8618 554.6875
13.8977 650 650 649 649 308.9266 593.7500
13.9043 664 664 635 635 317.9795 593.7500
13.9110 643 643 656 656 320.4175 593.7500
13.9177 646 646 653 653 324.4799 593.7500
13.9243 692 692 607 607 341.4156 593.7500
13.9310 655 655 644 644 347.3297 593.7500
13.9376 587 587 712 712 333.2360 593.7500
13.9442 633 633 666 666 332.9887 593.7500
13.9508 690 690 609 609 349.9038 593.7500
13.9574 615 615 684 684 344.1313 593.7500
13.9640 616 616 683 683 338.7848 593.7500
13.9707 678 678 621 621 351.6170 593.7500
13.9774 668 668 631 631 361.3988 601.5625
13.9840 610 610 689 689 353.5793 601.5625
13.9907 625 625 674 674 350.3456 601.5625
13.9973 701 701 598 598 369.8665 601.5625
14.0039 620 620 679 679 365.6302 601.5625
14.0106 673 673 626 626 376.9136 601.5625
14.0172 690 690 609 609 393.1485 601.5625
14.0238 649 649 650 650 396.9013 601.5625
14.0305 642 642 657 657 399.1096 609.3750
14.0372 629 629 670 670 397.7131 609.3750
14.0438 627 627 672 672 395.9027 609.3750
14.0505 681 681 618 618 410.0367 609.3750
14.0571 672 672 627 627 420.6935 609.3750
14.0638 611 611 688 688 412.9265 609.3750
14.0704 648 648 651 651 417.0122 609.3750
14.0770 705 705 594 594 437.9343 609.3750
14.0837 640 640 659 659 439.2921 609.3750
14.0904 592 592 707 707 427.4154 609.3750
14.0971 679 679 620 620 442.1058 640.6250
14.1039 677 677 622 622 456.4284 640.6250
14.1107 609 609 690 690 449.1617 640.6250
14.1176 576 576 723 723 431.8223 640.6250
14.1242 698 698 601 601 451.4735 640.6250
14.1309 658 658 641 641 458.7433 640.6250
14.1377 595 595 704 704 446.7278 640.6250
14.1445 616 616 683 683 440.9143 640.6250
14.1512 681 681 618 618 454.7905 640.6250
14.1581 652 652 647 647 460.1835 679.6875
14.1649 582 582 717 717 444.2236 679.6875
14.1717 654 654 645 645 450.1507 679.6875
14.1785 683 683 616 616 465.1152 679.6875
14.1854 633 633 666 666 464.2109 679.6875
14.1920 603 603 696 696 454.3477 679.6875
14.1989 678 678 621 621 467.1736 679.6875
14.2057 659 659 640 640 474.1476 679.6875
14.2123 657 657 642 642 480.3430 695.3125
14.2191 656 656 643 643 486.3544 695.3125
14.2259 619 619 680 680 481.0840 695.3125
14.2326 629 629 670 670 479.7808 695.3125
14.2395 681 681 618 618 494.4529 695.3125
14.2463 642 642 657 657 497.1825 695.3125
14.2530 603 603 696 696 488.5266 695.3125
14.2598 668 668 631 631 499.6226 695.3125
14.2668 688 688 611 611 516.8882 695.3125
14.2735 652 652 647 647 522.8852 710.9375
14.2804 600 600 699 699 513.4138 710.9375
14.2872 647 647 652 652 518.3942 710.9375
14.2939 683 683 616 616 534.1180 710.9375
14.3008 643 643 656 656 537.8790 710.9375
14.3075 635 635 664 664 538.6428 710.9375
14.3144 638 638 661 661 540.9487 710.9375
14.3211 636 636 663 663 542.3542 710.9375
14.3279 637 637 662 662 544.3218 710.9375
14.3347 663 663 636 636 554.4779 734.3750
14.3414 657 657 642 642 562.5995 734.3750
14.3483 589 589 710 710 550.4362 734.3750
14.3551 617 617 682 682 546.7034 734.3750
14.3618 688 688 611 611 564.2615 734.3750
14.3687 633 633 666 666 564.7175 734.3750
14.3756 577 577 722 722 547.4300 734.3750
14.3822 663 663 636 636 556.9207 734.3750
14.3891 726 726 573 573 585.3403 734.3750
14.3959 630 630 669 669 583.6449 734.3750
14.4026 541 541 758 758 555.6649 734.3750
14.4094 636 636 663 663 557.8718 796.8750
14.4161 693 693 606 606 577.5617 796.8750
14.4228 599 599 700 700 568.3836 796.8750
14.4294 606 606 693 693 561.1824 796.8750
14.4360 699 699 600 600 581.4638 796.8750
14.4427 610 610 689 689 574.5833 796.8750
14.4493 590 590 709 709 562.1647 796.8750
14.4561 659 659 640 640 570.4351 796.8750
14.4627 654 654 645 645 576.0955 796.8750
14.4694 661 661 638 638 584.2511 804.6875
14.4760 627 627 672 672 582.1099 804.6875
14.4825 658 658 641 641 588.5491 804.6875
14.4891 655 655 644 644 594.7524 804.6875
14.4957 620 620 679 679 591.7505 804.6875
14.5023 629 629 670 670 591.3074 804.6875
14.5090 687 687 612 612 608.4615 804.6875
14.5156 597 597 702 702 598.6955 804.6875
14.5223 630 630 669 669 598.5549 804.6875
14.5289 712 712 587 587 623.0573 804.6875
14.5356 619 619 680 680 619.6932 804.6875
14.5423 600 600 699 699 610.8351 804.6875
14.5489 676 676 623 623 624.5348 804.6875
14.5555 647 647 652 652 629.5072 804.6875
14.5622 594 594 705 705 619.1406 804.6875
14.5689 675 675 624 624 633.1345 804.6875
14.5755 692 692 607 607 651.6884 804.6875
14.5822 612 612 687 687 646.1398 804.6875
14.5888 669 669 630 630 657.6979 828.1250
14.5955 678 678 621 621 671.9177 828.1250
14.6021 621 621 678 678 669.6464 828.1250
14.6087 626 626 673 673 668.9584 828.1250
14.6153 668 668 631 631 680.5973 828.1250
14.6219 639 639 660 660 683.7744 828.1250
14.6286 627 627 672 672 683.0317 828.1250
14.6352 623 623 676 676 680.9946 828.1250
14.6419 650 650 649 649 686.9337 828.1250
14.6486 646 646 653 653 691.3746 859.3750
14.6553 612 612 687 687 685.9073 859.3750
14.6620 595 595 704 704 675.2113 859.3750
14.6686 659 659 640 640 683.8322 859.3750
14.6753 649 649 650 650 689.1719 859.3750
14.6819 575 575 724 724 672.1344 859.3750
14.6886 631 631 668 668 672.3427 859.3750
14.6952 681 681 618 618 687.4807 859.3750
14.7019 587 587 712 712 674.7938 859.3750
14.7085 639 639 660 660 677.2706 859.3750
14.7151 661 661 638 638 686.2525 859.3750
14.7218 595 595 704 704 675.7632 859.3750
14.7285 646 646 653 653 680.0006 859.3750
14.7351 674 674 625 625 692.6809 859.3750
14.7417 606 606 693 693 684.8851 859.3750
14.7483 656 656 643 643 692.3831 859.3750
14.7549 660 660 639 639 701.3300 859.3750
14.7616 636 636 663 663 703.5308 859.3750
14.7683 615 615 684 684 699.9639 859.3750
14.7750 674 674 625 625 714.0277 867.1875
14.7816 655 655 644 644 722.9517 867.1875
14.7883 643 643 656 656 727.8743 867.1875
14.7950 635 635 664 664 729.4266 867.1875
14.8016 624 624 675 675 728.7178 867.1875
14.8083 692 692 607 607 747.9763 867.1875
14.8150 646 646 653 653 752.9658 867.1875
14.8217 595 595 704 704 742.6658 867.1875
14.8285 640 640 659 659 745.7375 875.0000
14.8351 688 688 611 611 762.6004 875.0000
14.8418 574 574 725 725 746.1924 875.0000
14.8484 609 609 690 690 740.2754 875.0000
14.8551 699 699 600 600 761.7199 875.0000
14.8617 614 614 685 685 757.7667 875.0000
14.8684 618 618 681 681 754.7752 875.0000
14.8750 712 712 587 587 779.6434 875.0000
14.8816 650 650 649 649 785.6169 875.0000
14.8882 583 583 716 716 771.6687 875.0000
14.8948 693 693 606 606 790.3707 875.0000
14.9015 655 655 644 644 797.8549 875.0000
14.9082 604 604 695 695 790.3536 875.0000
14.9148 609 609 690 690 784.3408 875.0000
14.9215 649 649 650 650 790.4229 875.0000
14.9282 619 619 680 680 787.9084 875.0000
14.9349 622 622 677 677 785.3845 875.0000
14.9415 615 615 684 684 780.7376 875.0000
14.9482 643 643 656 656 785.4189 875.0000
14.9548 648 648 651 651 790.7587 875.0000
14.9614 578 578 721 721 775.8290 875.0000
14.9681 640 640 659 659 779.3607 875.0000
14.9747 653 653 646 646 786.2997 875.0000
14.9814 603 603 696 696 778.9498 875.0000
14.9881 603 603 696 696 772.0587 898.4375
14.9947 692 692 607 607 790.3804 898.4375
15.0014 600 600 699 699 781.6608 898.4375
15.0081 602 602 697 697 774.1454 898.4375
15.0148 692 692 607 607 792.9271 898.4375
15.0214 646 646 653 653 797.2502 898.4375
15.0281 600 600 699 699 788.2809 898.4375
15.0348 661 661 638 638 798.4781 898.4375
15.0414 662 662 637 637 808.4797 898.4375
15.0480 629 629 670 670 809.7941 898.4375
15.0546 659 659 640 640 819.7116 898.4375
15.0612 630 630 669 669 820.2061 898.4375
15.0678 622 622 677 677 819.7269 898.4375
15.0744 662 662 637 637 830.6821 898.4375
15.0811 617 617 682 682 827.6577 898.4375
15.0878 616 616 683 683 824.5046 898.4375
15.0944 663 663 636 636 834.6155 898.4375
15.1011 615 615 684 684 829.9910 898.4375
15.1078 630 630 669 669 830.3552 914.0625
15.1145 638 638 661 661 833.0653 914.0625
15.1211 618 618 681 681 829.8794 914.0625
15.1277 618 618 681 681 827.2859 914.0625
15.1343 651 651 648 648 834.2641 914.0625
15.1410 617 617 682 682 831.3449 914.0625
15.1477 666 666 633 633 841.9771 914.0625
15.1543 617 617 682 682 838.2032 914.0625
15.1610 606 606 693 693 831.5915 914.0625
15.1677 676 676 623 623 844.7623 921.8750
15.1743 654 654 645 645 851.5790 921.8750
15.1810 588 588 711 711 838.2731 921.8750
15.1876 703 703 596 596 858.9818 921.8750
15.1942 695 695 604 604 877.4088 921.8750
15.2009 561 561 738 738 856.2049 921.8750
15.2075 674 674 625 625 869.2847 921.8750
15.2141 662 662 637 637 878.8008 921.8750
15.2207 562 562 737 737 859.9918 937.5000
15.2273 596 596 703 703 852.2934 937.5000
15.2339 692 692 607 607 872.1936 937.5000
15.2405 580 580 719 719 858.8751 937.5000
15.2472 604 604 695 695 852.1292 937.5000
15.2538 646 646 653 653 857.1170 937.5000
15.2604 632 632 667 667 858.8284 937.5000
15.2670 641 641 658 658 861.9807 937.5000
15.2736 621 621 678 678 858.5225 937.5000
15.2804 631 631 668 668 859.0181 937.5000
15.2870 646 646 653 653 863.6562 937.5000
15.2937 620 620 679 679 860.7606 945.3125
15.3004 616 616 683 683 857.4744 945.3125
15.3071 651 651 648 648 864.2799 945.3125
15.3137 626 626 673 673 863.5825 945.3125
15.3204 628 628 671 671 863.8228 945.3125
15.3270 626 626 673 673 863.6865 945.3125
15.3336 604 604 695 695 856.7064 945.3125
15.3403 684 684 615 615 872.3101 945.3125
15.3469 611 611 688 688 866.2894 945.3125
15.3535 563 563 736 736 846.7204 945.3125
15.3602 711 711 588 588 871.8287 992.1875
15.3668 643 643 656 656 875.8400 992.1875
15.3735 556 556 743 743 853.8790 992.1875
15.3802 669 669 630 630 866.2017 992.1875
15.3868 664 664 635 635 877.5555 992.1875
15.3935 602 602 697 697 871.0455 992.1875
15.4002 644 644 655 655 877.0389 992.1875
15.4068 656 656 643 643 886.4058 992.1875
15.4135 652 652 647 647 895.5641 992.1875
15.4201 643 643 656 656 900.6708 992.1875
15.4268 625 625 674 674 899.6451 992.1875
15.4335 659 659 640 640 909.0253 992.1875
15.4401 638 638 661 661 911.8315 992.1875
15.4467 602 602 697 697 904.5202 992.1875
15.4534 661 661 638 638 915.1330 992.1875
15.4600 684 684 615 615 931.7833 992.1875
15.4666 583 583 716 716 918.0720 992.1875
15.4733 634 634 665 665 920.0917 992.1875
15.4800 688 688 611 611 937.9524 992.1875
15.4866 600 600 699 699 929.4417 992.1875
15.4933 619 619 680 680 926.8434 992.1875
15.5000 673 673 626 626 939.8170 992.1875
15.5066 609 609 690 690 933.5707 992.1875
15.5133 600 600 699 699 924.6345 992.1875
15.5200 667 667 632 632 935.7181 992.1875
15.5267 613 613 686 686 930.1024 992.1875
15.5333 600 600 699 699 920.9688 992.1875
15.5400 635 635 664 664 922.5897 992.1875
15.5466 609 609 690 690 916.6319 992.1875
15.5532 611 611 688 688 910.9359 992.1875
15.5599 650 650 649 649 916.7994 992.1875
15.5666 614 614 685 685 911.3982 992.1875
15.5732 643 643 656 656 914.1537 992.1875
15.5799 616 616 683 683 909.5401 992.1875
15.5866 636 636 663 663 911.3954 992.1875
15.5932 680 680 619 619 925.5515 992.1875
15.5999 641 641 658 658 928.4329 992.1875
15.6066 589 589 710 710 915.6094 1000.0000
15.6132 697 697 602 602 935.0881 1000.0000
15.6199 669 669 630 630 946.6239 1000.0000
15.6265 571 571 728 728 929.3783 1000.0000
15.6331 683 683 616 616 945.6496 1000.0000
15.6398 689 689 610 610 963.6415 1000.0000
15.6464 567 567 732 732 946.6235 1000.0000
15.6531 622 622 677 677 946.8012 1000.0000
15.6597 641 641 658 658 952.1101 1000.0000
15.6663 615 615 684 684 949.6089 1000.0000
15.6730 607 607 692 692 944.6790 1000.0000
15.6796 626 626 673 673 944.1582 1000.0000
15.6862 626 626 673 673 943.5312 1000.0000
15.6929 622 622 677 677 941.0717 1000.0000
15.6995 589 589 710 710 927.7078 1000.0000
15.7061 640 640 659 659 930.1373 1000.0000
15.7127 668 668 631 631 940.1982 1000.0000
15.7194 602 602 697 697 930.2844 1000.0000
15.7260 650 650 649 649 934.4105 1000.0000
15.7326 603 603 696 696 925.1055 1000.0000
15.7393 579 579 720 720 910.6064 1000.0000
15.7459 691 691 608 608 927.6580 1000.0000
15.7525 570 570 729 729 909.4623 1000.0000
15.7591 622 622 677 677 906.6820 1000.0000
15.7657 691 691 608 608 923.2071 1000.0000
15.7724 588 588 711 711 909.9779 1000.0000
15.7790 593 593 706 706 898.7547 1000.0000
15.7856 687 687 612 612 915.2266 1000.0000
15.7923 629 629 670 670 913.8608 1000.0000
15.7989 626 626 673 673 912.8505 1000.0000
15.8056 622 622 677 677 911.5050 1000.0000
15.8122 625 625 674 674 910.0803 1000.0000
15.8188 663 663 636 636 921.2241 1000.0000
15.8255 607 607 692 692 915.5841 1000.0000
15.8322 593 593 706 706 905.8380 1000.0000
15.8387 652 652 647 647 914.1179 1000.0000
15.8453 621 621 678 678 913.0680 1000.0000
15.8520 633 633 666 666 915.2355 1000.0000
15.8587 627 627 672 672 914.4459 1000.0000
15.8653 586 586 713 713 901.9185 1000.0000
15.8719 705 705 594 594 925.0519 1000.0000
15.8785 612 612 687 687 919.3383 1000.0000
15.8852 593 593 706 706 908.9171 1000.0000
15.8918 698 698 601 601 930.1688 1000.0000
15.8985 622 622 677 677 928.3588 1000.0000
15.9051 563 563 736 736 910.5402 1000.0000
15.9118 670 670 629 629 924.9720 1000.0000
15.9184 642 642 657 657 930.1139 1000.0000
15.9250 588 588 711 711 919.2025 1000.0000
15.9316 657 657 642 642 928.1576 1000.0000
15.9382 656 656 643 643 937.1658 1000.0000
15.9449 631 631 668 668 937.6440 1000.0000
15.9515 618 618 681 681 933.9820 1000.0000
15.9580 623 623 676 676 933.5114 1000.0000
15.9646 670 670 629 629 946.0101 1000.0000
15.9712 618 618 681 681 943.0491 1000.0000
15.9779 608 608 691 691 937.9395 1000.0000
15.9845 666 666 633 633 949.7343 1000.0000
15.9911 630 630 669 669 950.7419 1000.0000
15.9977 612 612 687 687 946.8566 1000.0000
16.0043 654 654 645 645 955.5590 1000.0000
16.0110 606 606 693 693 949.8860 1000.0000
16.0176 641 641 658 658 954.5676 1000.0000
16.0243 658 658 641 641 964.4091 1000.0000
16.0309 591 591 708 708 954.1031 1000.0000
16.0376 648 648 651 651 960.8500 1000.0000
16.0442 678 678 621 621 977.0239 1000.0000
16.0508 579 579 720 720 963.9612 1000.0000
16.0575 621 621 678 678 964.0173 1000.0000
16.0641 701 701 598 598 987.7050 1000.0000
16.0708 569 569 730 730 971.7824 1000.0000
16.0773 628 628 671 671 973.7280 1000.0000
16.0840 715 715 584 584 1000.8655 1000.0000
16.0905 601 601 698 698 994.2081 1000.0000
16.0971 618 618 681 681 992.4865 1000.0000
16.1038 675 675 624 624 1007.3196 1000.0000
16.1105 640 640 659 659 1011.8727 1000.0000
16.1171 611 611 688 688 1006.9185 1000.0000
16.1238 610 610 689 689 1001.6927 1000.0000
16.1304 647 647 652 652 1008.2344 1000.0000
16.1371 648 648 651 651 1014.3271 1000.0000
16.1437 583 583 716 716 1001.0886 1000.0000
16.1504 602 602 697 697 994.1697 1000.0000
16.1571 684 684 615 615 1010.7290 1000.0000
16.1637 587 587 712 712 998.0903 1000.0000
16.1703 590 590 709 709 986.7089 1000.0000
16.1769 655 655 644 644 994.9641 1000.0000
16.1836 602 602 697 697 987.1823 1000.0000
16.1902 638 638 661 661 990.9078 1000.0000
16.1968 647 647 652 652 997.2589 1000.0000
16.2035 575 575 724 724 981.5333 1000.0000
16.2100 688 688 611 611 999.3715 1000.0000
16.2166 656 656 643 643 1007.5116 1000.0000
16.2232 573 573 726 726 991.0753 1000.0000
16.2299 661 661 638 638 1001.8862 1000.0000
16.2365 661 661 638 638 1012.7515 1000.0000
16.2431 581 581 718 718 1001.0052 1000.0000
16.2497 669 669 630 630 1014.0200 1000.0000
16.2564 667 667 632 632 1026.3368 1000.0000
16.2630 615 615 684 684 1023.8481 1000.0000
16.2696 609 609 690 690 1019.2281 1000.0000
16.2763 636 636 663 663 1023.0616 1000.0000
16.2829 655 655 644 644 1032.6438 1000.0000
16.2895 612 612 687 687 1028.4003 1000.0000
16.2961 599 599 700 700 1020.3907 1000.0000
16.3027 642 642 657 657 1025.1200 1000.0000
16.3094 614 614 685 685 1021.9260 1000.0000
16.3160 578 578 721 721 1008.1694 1000.0000
16.3227 657 657 642 642 1017.8307 1000.0000
16.3293 620 620 679 679 1016.4614 1000.0000
16.3360 616 616 683 683 1012.6965 1000.0000
16.3426 682 682 617 617 1028.2650 1000.0000
16.3493 593 593 706 706 1017.2451 1000.0000
16.3560 597 597 702 702 1006.5486 1000.0000
16.3627 699 699 600 600 1026.6571 1000.0000
16.3693 653 653 646 646 1032.2440 1000.0000
16.3760 592 592 707 707 1020.2556 1000.0000
16.3826 639 639 660 660 1022.0240 1000.0000
16.3893 659 659 640 640 1030.1840 1000.0000
16.3960 609 609 690 690 1024.8689 1000.0000
16.4026 638 638 661 661 1027.3213 1000.0000
16.4093 629 629 670 670 1027.8627 1000.0000
16.4159 659 659 640 640 1037.5959 1000.0000
16.4226 619 619 680 680 1034.6339 1000.0000
16.4293 596 596 703 703 1026.0602 1000.0000
16.4359 652 652 647 647 1034.2699 1000.0000
16.4425 622 622 677 677 1033.5511 1000.0000
16.4492 601 601 698 698 1026.8289 1000.0000
16.4558 640 640 659 659 1031.5297 1000.0000
16.4624 619 619 680 680 1029.8853 1000.0000
16.4690 609 609 690 690 1024.4517 1000.0000
16.4757 691 691 608 608 1042.5996 1000.0000
16.4823 587 587 712 712 1030.6721 1000.0000
16.4890 627 627 672 672 1029.7280 1000.0000
16.4956 699 699 600 600 1050.6063 1000.0000
16.5023 583 583 716 716 1036.5741 1000.0000
16.5090 601 601 698 698 1027.4619 1000.0000
16.5156 691 691 608 608 1045.7412 1000.0000
16.5223 600 600 699 699 1036.5986 1000.0000
16.5290 578 578 721 721 1021.0032 1000.0000
16.5356 647 647 652 652 1025.2863 1000.0000
16.5423 644 644 655 655 1028.2897 1000.0000
16.5490 617 617 682 682 1024.2966 1000.0000
16.5556 628 628 671 671 1021.8040 1000.0000
16.5622 614 614 685 685 1015.7563 1000.0000
16.5689 637 637 662 662 1017.9823 1000.0000
16.5756 644 644 655 655 1020.9634 1000.0000
16.5822 599 599 700 700 1011.1887 1000.0000
16.5889 649 649 650 650 1015.9379 1000.0000
16.5955 604 604 695 695 1007.5614 1000.0000
16.6021 627 627 672 672 1006.2279 1000.0000
16.6088 611 611 688 688 999.7987 1000.0000
16.6155 589 589 710 710 987.9542 1000.0000
16.6221 668 668 631 631 998.6031 1000.0000
16.6288 627 627 672 672 996.3430 1000.0000
16.6355 580 580 719 719 981.7290 1000.0000
16.6421 642 642 657 657 984.9302 1000.0000
16.6488 660 660 639 639 994.1296 1000.0000
16.6554 559 559 740 740 973.7814 1000.0000
16.6620 637 637 662 662 976.7913 1000.0000
16.6687 635 635 664 664 978.2637 1000.0000
16.6753 627 627 672 672 976.6389 1000.0000
16.6819 673 673 626 626 989.4235 1000.0000
16.6886 598 598 701 701 978.7115 1000.0000
16.6952 616 616 683 683 974.0920 1000.0000
16.7019 653 653 646 646 980.9321 1000.0000
16.7084 633 633 666 666 981.5684 1000.0000
16.7150 598 598 701 701 972.2017 1000.0000
16.7217 656 656 643 643 980.1443 1000.0000
16.7284 656 656 643 643 988.3533 1000.0000
16.7350 662 662 637 637 997.0922 1000.0000
16.7416 577 577 722 722 980.1341 1000.0000
16.7483 670 670 629 629 992.1512 1000.0000
16.7549 704 704 595 595 1013.0083 1000.0000
16.7615 565 565 734 734 992.3317 1000.0000
16.7681 645 645 654 654 995.9830 1000.0000
16.7747 685 685 614 614 1011.0298 1000.0000
16.7813 598 598 701 701 1000.5705 1000.0000
16.7880 583 583 716 716 986.6055 1000.0000
16.7946 686 686 613 613 1003.1263 1000.0000
16.8013 626 626 673 673 1001.5184 1000.0000
16.8079 604 604 695 695 993.2733 1000.0000
16.8145 644 644 655 655 997.7524 1000.0000
16.8212 615 615 684 684 993.8752 1000.0000
16.8279 628 628 671 671 993.5479 1000.0000
16.8345 595 595 704 704 984.0193 1000.0000
16.8412 595 595 704 704 974.6931 1000.0000
16.8478 641 641 658 658 979.0483 1000.0000
16.8545 615 615 684 684 975.3864 1000.0000
16.8611 614 614 685 685 971.3940 1000.0000
16.8678 622 622 677 677 968.7293 1000.0000
16.8744 616 616 683 683 964.1588 1000.0000
16.8810 650 650 649 649 970.3096 1000.0000
16.8877 610 610 689 689 963.4667 1000.0000
16.8943 573 573 726 726 945.5429 1000.0000
16.9010 676 676 623 623 959.4128 1000.0000
16.9076 621 621 678 678 956.3192 1000.0000
16.9143 561 561 738 738 935.4460 1000.0000
16.9209 674 674 625 625 948.6769 1000.0000
16.9276 618 618 681 681 945.5342 1000.0000
16.9343 638 638 661 661 947.5774 1000.0000
16.9409 671 671 628 628 958.5093 1000.0000
16.9475 596 596 703 703 948.5050 1000.0000
16.9541 626 626 673 673 947.6578 1000.0000
16.9607 714 714 585 585 971.9836 1000.0000
16.9673 609 609 690 690 965.0610 1000.0000
16.9739 647 647 652 652 969.5140 1000.0000
16.9805 689 689 610 610 987.6148 1000.0000
16.9871 647 647 652 652 992.6173 1000.0000
16.9937 641 641 658 658 996.8616 1000.0000
17.0004 655 655 644 644 1005.5408 1000.0000
17.0070 651 651 648 648 1012.8448 1000.0000
17.0137 650 650 649 649 1020.3198 1000.0000
17.0203 609 609 690 690 1015.1805 1000.0000
17.0269 650 650 649 649 1022.4020 1000.0000
17.0335 678 678 621 621 1037.7156 1000.0000
17.0402 620 620 679 679 1035.4524 1000.0000
17.0468 591 591 708 708 1025.0896 1000.0000
17.0534 678 678 621 621 1040.8119 1000.0000
17.0600 587 587 712 712 1029.3805 1000.0000
17.0667 567 567 732 732 1012.6222 1000.0000
17.0733 678 678 621 621 1028.8031 1000.0000
17.0800 626 626 673 673 1028.2981 1000.0000
17.0866 562 562 737 737 1009.0379 1000.0000
17.0932 664 664 635 635 1019.8951 1000.0000
17.0998 650 650 649 649 1026.2637 1000.0000
17.1065 575 575 724 724 1010.0450 1000.0000
17.1132 610 610 689 689 1004.3023 1000.0000
17.1198 631 631 668 668 1005.5983 1000.0000
17.1265 608 608 691 691 999.6393 1000.0000
17.1331 625 625 674 674 997.5043 1000.0000
17.1398 616 616 683 683 993.3717 1000.0000
17.1464 654 654 645 645 999.8876 1000.0000
17.1531 626 626 673 673 997.4730 1000.0000
17.1597 631 631 668 668 997.0064 1000.0000
17.1663 634 634 665 665 997.2422 1000.0000
17.1730 632 632 667 667 997.2759 1000.0000
17.1796 642 642 657 657 1000.0654 1000.0000
17.1863 635 635 664 664 1001.3618 1000.0000
17.1930 588 588 711 711 989.3987 1000.0000
17.1997 642 642 657 657 993.3655 1000.0000
17.2063 668 668 631 631 1005.6321 1000.0000
17.2129 578 578 721 721 990.5045 1000.0000
17.2196 650 650 649 649 997.0103 1000.0000
17.2262 686 686 613 613 1014.3258 1000.0000
17.2329 570 570 729 729 997.7939 1000.0000
17.2395 615 615 684 684 995.5511 1000.0000
17.2462 693 693 606 606 1016.2238 1000.0000
17.2528 583 583 716 716 1005.1917 1000.0000
17.2595 631 631 668 668 1008.2590 1000.0000
17.2662 667 667 632 632 1020.3813 1000.0000
17.2729 618 618 681 681 1018.7108 1000.0000
17.2796 652 652 647 647 1026.7123 1000.0000
17.2862 642 642 657 657 1031.0437 1000.0000
17.2928 616 616 683 683 1028.4418 1000.0000
17.2995 633 633 666 666 1030.6771 1000.0000
17.3061 639 639 660 660 1034.2822 1000.0000
17.3128 633 633 666 666 1036.1995 1000.0000
17.3194 623 623 676 676 1035.2841 1000.0000
17.3261 597 597 702 702 1026.4384 1000.0000
17.3327 667 667 632 632 1037.3512 1000.0000
17.3394 672 672 627 627 1049.5111 1000.0000
17.3461 564 564 735 735 1029.2894 1000.0000
17.3527 665 665 634 634 1039.3455 1000.0000
17.3594 706 706 593 593 1062.1873 1000.0000
17.3660 549 549 750 750 1038.5588 1000.0000
17.3726 615 615 684 684 1035.0288 1000.0000
17.3793 698 698 601 601 1056.4198 1000.0000
17.3860 581 581 718 718 1042.9022 1000.0000
17.3926 596 596 703 703 1034.3390 1000.0000
17.3993 670 670 629 629 1046.9552 1000.0000
17.4059 602 602 697 697 1039.4182 1000.0000
17.4125 614 614 685 685 1035.7494 1000.0000
17.4192 606 606 693 693 1028.8109 1000.0000
17.4258 627 627 672 672 1029.1893 1000.0000
17.4324 637 637 662 662 1032.6019 1000.0000
17.4391 579 579 720 720 1017.7402 1000.0000
17.4457 636 636 663 663 1019.9047 1000.0000
17.4523 660 660 639 639 1028.8549 1000.0000
17.4589 596 596 703 703 1018.6339 1000.0000
17.4655 641 641 658 658 1021.1136 1000.0000
17.4720 603 603 696 696 1012.2679 1000.0000
17.4787 633 633 666 666 1013.4225 1000.0000
17.4853 666 666 633 633 1023.3837 1000.0000
17.4920 562 562 737 737 1002.7397 1000.0000
17.4986 652 652 647 647 1009.4545 1000.0000
17.5052 697 697 602 602 1028.1649 1000.0000
17.5118 567 567 732 732 1009.1143 1000.0000
17.5185 636 636 663 663 1011.5195 1000.0000
17.5251 674 674 625 625 1024.5886 1000.0000
17.5317 604 604 695 695 1017.2112 1000.0000
17.5383 610 610 689 689 1011.7169 1000.0000
17.5450 643 643 656 656 1016.2964 1000.0000
17.5516 633 633 666 666 1017.7704 1000.0000
17.5582 662 662 637 637 1027.1234 1000.0000
17.5648 603 603 696 696 1019.3380 1000.0000
17.5715 632 632 667 667 1020.0492 1000.0000
17.5781 647 647 652 652 1025.5421 1000.0000
17.5847 627 627 672 672 1025.2047 1000.0000
17.5913 637 637 662 662 1027.7366 992.1875
17.5980 651 651 648 648 1033.4476 992.1875
17.6046 654 654 645 645 1039.8927 992.1875
17.6113 658 658 641 641 1047.6373 992.1875
17.6180 594 594 705 705 1036.0321 992.1875
17.6246 589 589 710 710 1024.0011 992.1875
17.6313 685 685 614 614 1040.8929 992.1875
17.6380 640 640 659 659 1043.6262 992.1875
17.6447 578 578 721 721 1027.3920 960.9375
17.6514 677 677 622 622 1040.8881 960.9375
17.6581 707 707 592 592 1062.3798 960.9375
17.6647 562 562 737 737 1040.9812 960.9375
17.6714 643 643 656 656 1044.0293 960.9375
17.6780 668 668 631 631 1055.1719 960.9375
17.6847 614 614 685 685 1049.6719 960.9375
17.6913 622 622 677 677 1046.4031 960.9375
17.6980 621 621 678 678 1042.9078 960.9375
17.7047 647 647 652 652 1046.5422 953.1250
17.7113 599 599 700 700 1036.3070 953.1250
17.7180 589 589 710 710 1023.4531 953.1250
17.7246 656 656 643 643 1030.1014 953.1250
17.7313 648 648 651 651 1034.0570 953.1250
17.7379 589 589 710 710 1020.5726 953.1250
17.7445 636 636 663 663 1020.4070 953.1250
17.7511 672 672 627 627 1031.2345 953.1250
17.7578 583 583 716 716 1015.6378 945.3125
17.7644 635 635 664 664 1015.5792 945.3125
17.7711 667 667 632 632 1024.3899 945.3125
17.7778 605 605 694 694 1014.8787 945.3125
17.7844 651 651 648 648 1019.6462 945.3125
17.7910 633 633 666 666 1018.0181 945.3125
17.7976 581 581 718 718 1001.4017 945.3125
17.8043 674 674 625 625 1012.8057 945.3125
17.8109 674 674 625 625 1023.2778 945.3125
17.8176 548 548 751 751 996.4213 945.3125
17.8243 675 675 624 624 1007.9529 945.3125
17.8309 697 697 602 602 1025.8575 945.3125
17.8376 579 579 720 720 1008.6218 945.3125
17.8442 659 659 640 640 1015.7278 945.3125
17.8509 685 685 614 614 1030.9708 945.3125
17.8576 600 600 699 699 1020.4708 945.3125
17.8642 618 618 681 681 1015.7936 960.9375
17.8709 624 624 675 675 1013.7127 960.9375
17.8776 640 640 659 659 1015.6770 960.9375
17.8843 620 620 679 679 1011.3492 960.9375
17.8909 586 586 713 713 997.5759 960.9375
17.8976 681 681 618 618 1011.5720 960.9375
17.9042 640 640 659 659 1013.3982 960.9375
17.9109 592 592 707 707 1000.8785 960.9375
17.9175 617 617 682 682 995.8659 960.9375
17.9244 653 653 646 646 1000.8809 929.6875
17.9314 642 642 657 657 1002.4365 929.6875
17.9380 597 597 702 702 990.8589 929.6875
17.9446 660 660 639 639 996.8753 929.6875
17.9512 581 581 718 718 980.0802 929.6875
17.9579 612 612 687 687 973.5161 929.6875
17.9644 690 690 609 609 988.3238 929.6875
17.9712 584 584 715 715 971.8099 929.6875
17.9778 638 638 661 661 972.1277 929.6875
17.9844 693 693 606 606 988.6295 929.6875
17.9911 598 598 701 701 976.0907 890.6250
17.9978 588 588 711 711 962.2194 890.6250
18.0045 664 664 635 635 971.5634 890.6250
18.0111 624 624 675 675 968.6496 890.6250
18.0178 632 632 667 667 968.2155 890.6250
18.0244 623 623 676 676 964.9426 890.6250
18.0311 641 641 658 658 965.9266 890.6250
18.0378 661 661 638 638 973.4839 890.6250
18.0445 629 629 670 670 969.8261 812.5000
18.0512 638 638 661 661 968.5401 812.5000
18.0579 672 672 627 627 977.7404 812.5000
18.0645 604 604 695 695 966.7494 812.5000
18.0711 621 621 678 678 961.2833 812.5000
18.0778 677 677 622 622 973.0258 812.5000
18.0846 613 613 686 686 965.4164 812.5000
18.0912 592 592 707 707 951.7543 812.5000
18.0978 675 675 624 624 961.9745 812.5000
18.1044 619 619 680 680 955.6841 812.5000
18.1111 617 617 682 682 948.4147 765.6250
18.1178 687 687 612 612 961.0248 765.6250
18.1245 609 609 690 690 950.9337 765.6250
18.1311 609 609 690 690 941.6865 765.6250
18.1378 667 667 632 632 948.8610 765.6250
18.1444 632 632 667 667 945.9420 765.6250
18.1510 568 568 731 731 924.1130 765.6250
18.1577 661 661 638 638 929.8558 765.6250
18.1643 637 637 662 662 928.7225 765.6250
18.1711 610 610 689 689 919.0038 765.6250
18.1779 618 618 681 681 911.6317 734.3750
18.1846 665 665 634 634 917.6752 734.3750
18.1912 659 659 640 640 922.5383 734.3750
18.1979 619 619 680 680 915.8069 734.3750
18.2046 595 595 704 704 900.8892 734.3750
18.2112 657 657 642 642 905.5710 734.3750
18.2178 657 657 642 642 910.1569 734.3750
18.2245 578 578 721 721 890.7657 734.3750
18.2312 646 646 653 653 891.6975 664.0625
18.2379 693 693 606 606 906.3037 664.0625
18.2446 580 580 719 719 886.7598 664.0625
18.2512 627 627 672 672 881.8643 664.0625
18.2579 719 719 580 580 903.5429 664.0625
18.2645 583 583 716 716 884.8999 664.0625
18.2712 619 619 680 680 877.0422 664.0625
18.2779 664 664 635 635 882.9265 664.0625
18.2846 612 612 687 687 873.3754 625.0000
18.2913 633 633 666 666 869.3809 625.0000
18.2980 636 636 663 663 866.2318 625.0000
18.3046 605 605 694 694 853.6384 625.0000
18.3112 658 658 641 641 856.0629 625.0000
18.3179 669 669 630 630 861.8600 625.0000
18.3245 605 605 694 694 848.1881 625.0000
18.3312 634 634 665 665 843.0284 625.0000
18.3379 637 637 662 662 839.1293 625.0000
18.3445 613 613 686 686 828.3939 601.5625
18.3512 620 620 679 679 820.2841 601.5625
18.3578 643 643 656 656 818.9751 601.5625
18.3645 639 639 660 660 815.7815 601.5625
18.3711 621 621 678 678 807.4678 601.5625
18.3778 585 585 714 714 788.1625 601.5625
18.3844 686 686 613 613 799.3156 601.5625
18.3911 663 663 636 636 803.9504 601.5625
18.3978 584 584 715 715 783.7078 570.3125
18.4044 656 656 643 643 785.6179 570.3125
18.4111 719 719 580 580 806.0682 570.3125
18.4177 558 558 741 741 778.6350 570.3125
18.4243 653 653 646 646 779.8247 570.3125
18.4309 729 729 570 570 803.1703 570.3125
18.4376 598 598 701 701 787.1862 570.3125
18.4442 582 582 717 717 767.3638 570.3125
18.4509 659 659 640 640 771.2485 570.3125
18.4577 650 650 649 649 772.8434 570.3125
18.4643 607 607 692 692 760.9368 570.3125
18.4709 627 627 672 672 753.8701 531.2500
18.4776 643 643 656 656 752.3024 531.2500
18.4842 653 653 646 646 752.5550 531.2500
18.4907 586 586 713 713 733.4495 531.2500
18.4973 642 642 657 657 730.9585 531.2500
18.5040 680 680 619 619 739.0568 531.2500
18.5106 614 614 685 685 727.6309 531.2500
18.5173 605 605 694 694 713.9808 531.2500
18.5239 686 686 613 613 724.0341 531.2500
18.5306 639 639 660 660 720.2838 531.2500
18.5372 595 595 704 704 704.1663 531.2500
18.5438 690 690 609 609 715.8077 531.2500
18.5504 644 644 655 655 713.9196 531.2500
18.5571 596 596 703 703 697.9292 531.2500
18.5637 654 654 645 645 699.0808 507.8125
18.5704 657 657 642 642 700.7763 507.8125
18.5770 603 603 696 696 686.0429 507.8125
18.5837 650 650 649 649 685.8851 507.8125
18.5903 623 623 676 676 677.4583 507.8125
18.5969 641 641 658 658 674.3975 507.8125
18.6036 669 669 630 630 679.6486 507.8125
18.6103 637 637 662 662 674.7826 507.8125
18.6169 626 626 673 673 666.4981 507.8125
18.6236 645 645 654 654 664.2250 515.6250
18.6302 629 629 670 670 657.2679 515.6250
18.6368 636 636 663 663 652.9482 515.6250
18.6435 660 660 639 639 655.9633 515.6250
18.6501 619 619 680 680 646.6923 515.6250
18.6567 641 641 658 658 644.6024 515.6250
18.6634 662 662 637 637 648.6253 515.6250
18.6700 619 619 680 680 639.4841 515.6250
18.6767 652 652 647 647 640.4329 515.6250
18.6833 651 651 648 648 641.2909 515.6250
18.6900 599 599 700 700 626.9351 515.6250
18.6966 654 654 645 645 629.0015 515.6250
18.7032 654 654 645 645 631.2491 515.6250
18.7098 605 605 694 694 618.1539 476.5625
18.7165 644 644 655 655 616.5405 476.5625
18.7231 680 680 619 619 624.9886 476.5625
18.7298 638 638 661 661 620.5915 476.5625
18.7364 614 614 685 685 609.3433 476.5625
18.7431 661 661 638 638 612.0225 476.5625
18.7498 642 642 657 657 609.8323 476.5625
18.7564 651 651 648 648 609.7399 476.5625
18.7630 646 646 653 653 608.0052 476.5625
18.7697 615 615 684 684 597.5153 476.5625
18.7763 654 654 645 645 598.3724 476.5625
18.7830 638 638 661 661 594.4617 476.5625
18.7897 615 615 684 684 583.6396 476.5625
18.7963 673 673 626 626 589.5518 476.5625
18.8030 646 646 653 653 587.3768 476.5625
18.8096 611 611 688 688 575.3098 476.5625
18.8163 671 671 628 628 580.8693 476.5625
18.8230 694 694 605 605 593.7024 476.5625
18.8300 612 612 687 687 581.2189 460.9375
18.8367 583 583 716 716 560.6893 460.9375
18.8435 685 685 614 614 571.7859 460.9375
18.8502 690 690 609 609 584.4348 460.9375
18.8571 623 623 676 676 576.7734 460.9375
18.8639 615 615 684 684 566.5986 460.9375
18.8707 681 681 618 618 576.5743 460.9375
18.8774 646 646 653 653 575.6932 460.9375
18.8843 628 628 671 671 568.9728 445.3125
18.8912 632 632 667 667 563.8995 445.3125
18.8979 631 631 668 668 558.7889 445.3125
18.9048 635 635 664 664 555.2189 445.3125
18.9116 651 651 648 648 556.5424 445.3125
18.9184 649 649 650 650 556.5555 445.3125
18.9251 611 611 688 688 545.2949 445.3125
18.9320 633 633 666 666 540.2015 445.3125
18.9391 658 658 641 641 543.1088 445.3125
18.9460 656 656 643 643 544.1199 406.2500
18.9529 574 574 725 725 520.1284 406.2500
18.9598 626 626 673 673 512.6139 406.2500
18.9664 688 688 611 611 523.3374 406.2500
18.9732 639 639 660 660 519.3964 406.2500
18.9801 609 609 690 690 506.2326 406.2500
18.9868 685 685 614 614 516.0600 406.2500
18.9936 688 688 611 611 527.3472 406.2500
19.0007 631 631 668 668 519.5569 343.7500
19.0075 622 622 677 677 509.9485 343.7500
19.0143 701 701 598 598 524.7723 343.7500
19.0212 697 697 602 602 538.4303 343.7500
19.0281 613 613 686 686 526.0297 343.7500
19.0348 624 624 675 675 517.2595 343.7500
19.0415 688 688 611 611 528.1940 343.7500
19.0483 649 649 650 650 527.3377 343.7500
19.0553 615 615 684 684 516.1529 312.5000
19.0620 634 634 665 665 511.4450 312.5000
19.0689 662 662 637 637 515.3220 312.5000
19.0757 632 632 667 667 509.4976 312.5000
19.0824 632 632 667 667 503.6694 312.5000
19.0893 664 664 635 635 507.3731 312.5000
19.0961 618 618 681 681 496.7204 312.5000
19.1028 612 612 687 687 484.8307 312.5000
19.1096 688 688 611 611 495.9464 312.5000
19.1165 699 699 600 600 509.0680 312.5000
19.1236 630 630 669 669 500.5878 312.5000
19.1304 566 566 733 733 473.0857 304.6875
19.1371 700 700 599 599 486.2337 304.6875
19.1439 710 710 589 589 502.9443 304.6875
19.1508 588 588 711 711 481.3124 304.6875
19.1576 578 578 721 721 457.4846 304.6875
19.1642 693 693 606 606 469.0319 304.6875
19.1711 680 680 619 619 476.4710 304.6875
19.1780 575 575 724 724 451.9222 304.6875
19.1848 606 606 693 693 437.2908 304.6875
19.1915 688 688 611 611 447.5837 304.6875
19.1983 639 639 660 660 443.3336 304.6875
19.2051 612 612 687 687 429.0226 304.6875
19.2121 626 626 673 673 419.2035 289.0625
19.2189 644 644 655 655 415.4907 289.0625
19.2256 687 687 612 612 423.9853 289.0625
19.2325 676 676 623 623 429.3351 289.0625
19.2393 610 610 689 689 414.1903 289.0625
19.2460 631 631 668 668 406.2703 289.0625
19.2528 682 682 617 617 414.5466 289.0625
19.2597 640 640 659 659 409.9262 289.0625
19.2664 563 563 736 736 382.7436 289.0625
19.2732 669 669 630 630 388.2168 273.4375
19.2800 728 728 571 571 411.1346 273.4375
19.2868 651 651 648 648 410.0375 273.4375
19.2936 606 606 693 693 394.2914 273.4375
19.3005 680 680 619 619 400.9580 273.4375
19.3071 708 708 591 591 416.1200 273.4375
19.3140 593 593 706 706 396.6133 273.4375
19.3209 575 575 724 724 372.2482 273.4375
19.3276 712 712 587 587 389.8289 242.1875
19.3344 703 703 596 596 404.3806 242.1875
19.3413 622 622 677 677 393.7761 242.1875
19.3480 628 628 671 671 384.5208 242.1875
19.3549 695 695 604 604 395.6070 242.1875
19.3618 681 681 618 618 402.3326 242.1875
19.3685 613 613 686 686 388.3113 242.1875
19.3753 652 652 647 647 386.4655 242.1875
19.3822 660 660 639 639 386.4723 210.9375
19.3889 628 628 671 671 377.3373 210.9375
19.3957 640 640 659 659 371.7413 210.9375
19.4026 687 687 612 612 380.2678 210.9375
19.4093 652 652 647 647 378.1280 210.9375
19.4162 608 608 691 691 362.1609 210.9375
19.4230 678 678 621 621 367.8070 210.9375
19.4297 705 705 594 594 381.2292 210.9375
19.4366 645 645 654 654 375.0667 125.0000
19.4435 617 617 682 682 360.7827 125.0000
19.4502 666 666 633 633 361.9988 125.0000
19.4571 725 725 574 574 381.2606 125.0000
19.4640 591 591 708 708 359.7721 125.0000
19.4706 645 645 654 654 354.3047 125.0000
19.4774 698 698 601 601 365.6602 125.0000
19.4842 724 724 575 575 384.5696 125.0000
19.4908 584 584 715 715 360.3896 125.0000
19.4977 591 591 708 708 337.4378 46.8750
19.5046 651 651 648 648 333.1229 46.8750
19.5113 674 674 625 625 336.5502 46.8750
19.5182 636 636 663 663 327.6633 46.8750
19.5251 615 615 684 684 311.6212 46.8750
19.5318 648 648 651 651 306.1800 46.8750
19.5385 644 644 655 655 299.1735 46.8750
19.5451 652 652 647 647 294.6945 46.8750
19.5519 657 657 642 642 291.5009 46.8750
19.5586 654 654 645 645 287.0777 46.8750
19.5652 645 645 654 654 279.8604 46.8750
19.5719 674 674 625 625 280.8333 31.2500
19.5787 653 653 646 646 275.3845 31.2500
19.5855 610 610 689 689 257.2141 31.2500
19.5922 677 677 622 622 259.4296 31.2500
19.5991 721 721 578 578 275.4936 31.2500
19.6059 660 660 639 639 272.0389 31.2500
19.6126 596 596 703 703 249.9201 31.2500
19.6195 655 655 644 644 246.7801 31.2500
19.6264 707 707 592 592 259.2053 31.2500
19.6331 714 714 585 585 273.6562 31.2500
19.6400 622 622 677 677 259.1242 31.2500
19.6468 615 615 684 684 243.6683 31.2500
19.6535 695 695 604 604 253.6102 31.2500
19.6604 700 700 599 599 265.1473 31.2500
19.6672 630 630 669 669 255.6124 31.2500
19.6740 634 634 665 665 246.7707 31.2500
19.6808 654 654 645 645 244.8833 31.2500
19.6877 649 649 650 650 241.8272 31.2500
19.6944 642 642 657 657 236.3520 31.2500
19.7012 676 676 623 623 240.7972 31.2500
19.7080 669 669 630 630 242.2901 31.2500
19.7147 603 603 696 696 224.2838 31.2500
19.7217 639 639 660 660 216.9549 31.2500
19.7286 710 710 589 589 231.7370 31.2500
19.7353 667 667 632 632 232.3427 31.2500
19.7421 580 580 719 719 206.6563 31.2500
19.7490 615 615 684 684 192.5311 31.2500
19.7557 729 729 570 570 212.2276 31.2500
19.7625 680 680 619 619 217.7641 31.2500
19.7694 602 602 697 697 199.1119 31.2500
19.7761 637 637 662 662 191.1936 31.2500
19.7829 696 696 603 603 201.4909 31.2500
19.7898 689 689 610 610 208.4692 31.2500
19.7964 621 621 678 678 194.9053 31.2500
19.8033 626 626 673 673 183.1284 31.2500
19.8102 665 665 634 634 183.7503 31.2500
19.8169 643 643 656 656 178.2586 31.2500
19.8238 674 674 625 625 181.2575 -0.0000
19.8306 672 672 627 627 183.4431 -0.0000
19.8373 642 642 657 657 176.3135 -0.0000
19.8442 644 644 655 655 169.9690 -0.0000
19.8510 693 693 606 606 179.1267 -0.0000
19.8577 682 682 617 617 184.7224 -0.0000
19.8643 607 607 692 692 168.2223 -0.0000
19.8710 644 644 655 655 162.6391 -0.0000
19.8776 723 723 576 576 180.3379 -0.0000
19.8842 635 635 664 664 172.2980 -0.0000
19.8909 623 623 676 676 159.9667 -0.0000
19.8976 678 678 621 621 164.5936 -0.0000
19.9043 711 711 588 588 178.8579 -0.0000
19.9109 646 646 653 653 172.3924 -0.0000
19.9176 600 600 699 699 153.4648 -0.0000
19.9242 642 642 657 657 147.1098 -0.0000
19.9309 704 704 595 595 160.1708 -0.0000
19.9376 612 612 687 687 145.3875 -0.0000
19.9443 605 605 694 694 127.8637 -0.0000
19.9509 706 706 593 593 140.1838 -0.0000
19.9576 673 673 626 626 141.5510 -0.0000
19.9642 604 604 695 695 122.9817 -0.0000
19.9708 666 666 633 633 123.4243 -0.0000
19.9774 675 675 624 624 126.0379 -0.0000
19.9840 631 631 668 668 116.0933 -0.0000
19.9907 658 658 641 641 113.6927 -0.0000
19.9973 643 643 656 656 106.9739 -0.0000
20.0039 655 655 644 644 104.3648 -0.0000
20.0105 670 670 629 629 106.2466 -0.0000
20.0171 645 645 654 654 100.7846 -0.0000
20.0237 613 613 686 686 85.5347 -0.0000
20.0304 701 701 598 598 97.1223 -0.0000
20.0370 663 663 636 636 97.3483 -0.0000
20.0436 585 585 714 714 74.2159 -0.0000
20.0502 660 660 639 639 74.1801 -0.0000
20.0569 725 725 574 574 93.3319 -0.0000
20.0635 602 602 697 697 75.7290 -0.0000
20.0702 601 601 698 698 58.6231 -0.0000
20.0769 749 749 550 550 84.8806 -0.0000
20.0835 643 643 656 656 79.6128 -0.0000
20.0902 606 606 693 693 63.3486 -0.0000
20.0968 673 673 626 626 67.0604 -0.0000
20.1034 703 703 596 596 80.5965 -0.0000
20.1101 663 663 636 636 81.6601 -0.0000
20.1167 649 649 650 650 78.6117 -0.0000
20.1233 673 673 626 626 82.6899 -0.0000
20.1300 670 670 629 629 85.9324 -0.0000
20.1367 686 686 613 613 93.9671 -0.0000
20.1433 670 670 629 629 96.8175 -0.0000
20.1499 618 618 681 681 84.9751 -0.0000
20.1566 685 685 614 614 92.9590 -0.0000
20.1632 712 712 587 587 108.6076 -0.0000
20.1699 597 597 702 702 90.1329 -0.0000
20.1765 613 613 686 686 76.3074 -0.0000
20.1832 725 725 574 574 96.8617 -0.0000
20.1899 671 671 628 628 100.0579 -0.0000
20.1965 633 633 666 666 91.5033 -0.0000
20.2031 629 629 670 670 82.3602 -0.0000
20.2097 696 696 603 603 92.0088 -0.0000
20.2163 681 681 618 618 97.4805 -0.0000
20.2229 619 619 680 680 84.1817 -0.0000
20.2296 628 628 671 671 73.4809 -0.0000
20.2362 701 701 598 598 84.3271 -0.0000
20.2429 672 672 627 627 86.6572 -0.0000
20.2495 605 605 694 694 69.3176 -0.0000
20.2562 663 663 636 636 69.2465 -0.0000
20.2628 656 656 643 643 67.3285 -0.0000
20.2695 643 643 656 656 61.7203 -0.0000
20.2761 657 657 642 642 60.0285 -0.0000
20.2828 636 636 663 663 52.9149 -0.0000
20.2895 651 651 648 648 50.1667 -0.0000
20.2961 691 691 608 608 59.1104 -0.0000
20.3027 653 653 646 646 56.2048 -0.0000
20.3094 609 609 690 690 40.3910 -0.0000
20.3160 706 706 593 593 54.5182 -0.0000
20.3227 677 677 622 622 59.7682 -0.0000
20.3294 594 594 705 705 39.8673 -0.0000
20.3360 678 678 621 621 45.5266 -0.0000
20.3427 734 734 565 565 67.3900 -0.0000
20.3493 604 604 695 695 50.4469 -0.0000
20.3559 608 608 691 691 35.1837 -0.0000
20.3626 725 725 574 574 55.1469 -0.0000
20.3692 664 664 635 635 57.2992 -0.0000
20.3759 607 607 692 692 42.1088 -0.0000
20.3825 671 671 628 628 46.2426 -0.0000
20.3892 700 700 599 599 59.5566 -0.0000
20.3958 654 654 645 645 57.8569 -0.0000
20.4024 657 657 642 642 57.3584 -0.0000
20.4091 662 662 637 637 57.9202 -0.0000
20.4157 664 664 635 635 58.7334 -0.0000
20.4224 686 686 613 613 66.1580 -0.0000
20.4291 653 653 646 646 63.1134 -0.0000
20.4357 634 634 665 665 54.7635 -0.0000
20.4423 664 664 635 635 55.2970 -0.0000
20.4490 695 695 604 604 65.4131 -0.0000
20.4556 635 635 664 664 56.9683 -0.0000
20.4623 634 634 665 665 48.5065 -0.0000
20.4689 656 656 643 643 46.2862 -0.0000
20.4756 699 699 600 600 56.1945 -0.0000
20.4822 679 679 620 620 61.0057 -0.0000
20.4889 604 604 695 695 43.2531 -0.0000
20.4955 684 684 615 615 50.3293 -0.0000
20.5021 722 722 577 577 68.7866 -0.0000
20.5088 646 646 653 653 64.0556 -7.8125
20.5154 601 601 698 698 47.5634 -7.8125
20.5221 710 710 589 589 62.9109 -7.8125
20.5288 709 709 590 590 78.2176 -7.8125
20.5354 602 602 697 697 61.3754 -7.8125
20.5421 643 643 656 656 55.9733 -7.8125
20.5487 659 659 640 640 56.1274 -7.8125
20.5554 645 645 654 654 52.0207 -7.8125
20.5620 679 679 620 620 58.0097 -7.8125
20.5687 689 689 610 610 66.3651 -7.8125
20.5753 626 626 673 673 55.5426 -62.5000
20.5819 676 676 623 623 59.3645 -62.5000
20.5886 679 679 620 620 64.0481 -62.5000
20.5952 609 609 690 690 48.4497 -62.5000
20.6019 629 629 670 670 38.8419 -62.5000
20.6085 724 724 575 575 57.4501 -62.5000
20.6152 679 679 620 620 61.8085 -62.5000
20.6218 623 623 676 676 48.6641 -62.5000
20.6285 635 635 664 664 39.7125 -62.5000
20.6352 691 691 608 608 46.3191 -85.9375
20.6419 716 716 583 583 60.4693 -85.9375
20.6485 606 606 693 693 41.0690 -85.9375
20.6552 601 601 698 698 20.4408 -85.9375
20.6618 706 706 593 593 31.9199 -85.9375
20.6685 669 669 630 630 31.5227 -85.9375
20.6751 627 627 672 672 18.6652 -85.9375
20.6818 670 670 629 629 18.1550 -85.9375
20.6885 692 692 607 607 23.8929 -132.8125
20.6951 662 662 637 637 21.1664 -132.8125
20.7018 666 666 633 633 19.3994 -132.8125
20.7085 667 667 632 632 18.0604 -132.8125
20.7151 656 656 643 643 13.7747 -132.8125
20.7218 687 687 612 612 18.4607 -132.8125
20.7285 686 686 613 613 23.1758 -132.8125
20.7351 620 620 679 679 8.7409 -132.8125
20.7418 673 673 626 626 8.8151 -296.8750
20.7484 711 711 588 588 20.1378 -296.8750
20.7550 691 691 608 608 26.0285 -296.8750
20.7617 636 636 663 663 15.5188 -296.8750
20.7684 700 700 599 599 23.1187 -296.8750
20.7750 702 702 597 597 32.1655 -296.8750
20.7817 691 691 608 608 36.6636 -296.8750
20.7883 606 606 693 693 16.7832 -296.8750
20.7951 617 617 682 682 1.0763 -296.8750
20.8017 735 735 564 564 21.0293 -296.8750
20.8084 663 663 636 636 19.8682 -312.5000
20.8151 627 627 672 672 5.3748 -312.5000
20.8218 642 642 657 657 -3.3245 -312.5000
20.8285 671 671 628 628 -4.1832 -312.5000
20.8351 679 679 620 620 -3.1164 -312.5000
20.8417 657 657 642 642 -8.8276 -312.5000
20.8484 623 623 676 676 -25.2753 -312.5000
20.8551 658 658 641 641 -30.8346 -312.5000
20.8618 699 699 600 600 -25.6870 -367.1875
20.8684 682 682 617 617 -26.1053 -367.1875
20.8751 657 657 642 642 -35.0308 -367.1875
20.8817 663 663 636 636 -41.7791 -367.1875
20.8884 635 635 664 664 -56.5342 -367.1875
20.8950 703 703 596 596 -50.4560 -367.1875
20.9017 674 674 625 625 -52.9965 -367.1875
20.9084 631 631 668 668 -69.4429 -367.1875
20.9151 656 656 643 643 -77.3746 -367.1875
20.9217 723 723 576 576 -65.6055 -367.1875
20.9284 692 692 607 607 -62.9569 -367.1875
20.9351 603 603 696 696 -86.3287 -367.1875
20.9417 669 669 630 630 -90.5136 -367.1875
20.9483 695 695 604 604 -85.2760 -367.1875
20.9549 699 699 600 600 -79.9530 -367.1875
20.9616 644 644 655 655 -90.5619 -367.1875
20.9683 663 663 636 636 -94.9806 -367.1875
20.9749 674 674 625 625 -96.3776 -398.4375
20.9816 680 680 619 619 -95.4323 -398.4375
20.9883 665 665 634 634 -99.7206 -398.4375
20.9949 668 668 631 631 -102.4383 -398.4375
21.0016 643 643 656 656 -112.7442 -398.4375
21.0082 685 685 614 614 -110.4677 -398.4375
21.0149 710 710 589 589 -101.7364 -398.4375
21.0216 682 682 617 617 -101.8783 -398.4375
21.0283 621 621 678 678 -120.6535 -421.8750
21.0349 615 615 684 684 -139.8335 -421.8750
21.0416 730 730 569 569 -124.4726 -421.8750
21.0482 674 674 625 625 -126.6280 -421.8750
21.0548 620 620 679 679 -144.1713 -421.8750
21.0615 625 625 674 674 -161.4096 -421.8750
21.0682 721 721 578 578 -149.1452 -421.8750
21.0748 700 700 599 599 -143.9503 -421.8750
21.0815 624 624 675 675 -162.4218 -421.8750
21.0882 674 674 625 625 -166.0342 -484.3750
21.0949 677 677 622 622 -169.5548 -484.3750
21.1016 702 702 597 597 -164.7432 -484.3750
21.1082 679 679 620 620 -167.5789 -484.3750
21.1149 644 644 655 655 -180.8980 -484.3750
21.1215 669 669 630 630 -186.3998 -484.3750
21.1282 662 662 637 637 -193.7465 -484.3750
21.1349 691 691 608 608 -192.0326 -484.3750
21.1416 701 701 598 598 -188.0341 -492.1875
21.1483 671 671 628 628 -192.7131 -492.1875
21.1549 640 640 659 659 -206.6733 -492.1875
21.1616 724 724 575 575 -195.1046 -492.1875
21.1683 728 728 571 571 -183.2021 -492.1875
21.1750 655 655 644 644 -192.3038 -492.1875
21.1816 597 597 702 702 -218.6997 -492.1875
21.1883 636 636 663 663 -233.5564 -492.1875
21.1950 711 711 588 588 -224.7411 -492.1875
21.2016 695 695 604 604 -222.1117 -492.1875
21.2083 625 625 674 674 -239.3228 -492.1875
21.2150 635 635 664 664 -253.6292 -492.1875
21.2217 680 680 619 619 -253.7829 -507.8125
21.2283 698 698 601 601 -248.4969 -507.8125
21.2350 643 643 656 656 -261.0925 -507.8125
21.2417 656 656 643 643 -269.4297 -507.8125
21.2484 653 653 646 646 -278.8211 -507.8125
21.2550 684 684 615 615 -279.1523 -507.8125
21.2616 690 690 609 609 -278.4102 -507.8125
21.2683 684 684 615 615 -279.6032 -507.8125
21.2750 650 650 649 649 -291.0079 -507.8125
21.2816 646 646 653 653 -303.1317 -507.8125
21.2883 724 724 575 575 -292.1800 -554.6875
21.2949 690 690 609 609 -292.0949 -554.6875
21.3016 643 643 656 656 -305.1868 -554.6875
21.3083 667 667 632 632 -311.1904 -554.6875
21.3149 745 745 554 554 -293.8081 -554.6875
21.3216 746 746 553 553 -276.6985 -554.6875
21.3283 638 638 661 661 -292.1269 -554.6875
21.3350 653 653 646 646 -301.8427 -554.6875
21.3417 688 688 611 611 -303.5650 -656.2500
21.3483 738 738 561 561 -288.6291 -656.2500
21.3550 664 664 635 635 -297.6736 -656.2500
21.3616 653 653 646 646 -309.2260 -656.2500
21.3682 658 658 641 641 -319.6041 -656.2500
21.3748 698 698 601 601 -317.6408 -656.2500
21.3815 692 692 607 607 -316.9798 -656.2500
21.3881 689 689 610 610 -318.2182 -656.2500
21.3949 658 658 641 641 -327.7559 -656.2500
21.4015 677 677 622 622 -332.7502 -718.7500
21.4082 653 653 646 646 -344.6978 -718.7500
21.4148 695 695 604 604 -344.3336 -718.7500
21.4215 708 708 591 591 -339.5084 -718.7500
21.4282 684 684 615 615 -342.4064 -718.7500
21.4349 634 634 665 665 -359.8206 -718.7500
21.4416 637 637 662 662 -376.0390 -718.7500
21.4482 716 716 583 583 -367.8062 -718.7500
21.4549 721 721 578 578 -359.2635 -718.7500
21.4615 672 672 627 627 -366.1429 -718.7500
21.4682 601 601 698 698 -393.7528 -718.7500
21.4748 701 701 598 598 -391.7972 -718.7500
21.4814 736 736 563 563 -378.8190 -718.7500
21.4881 685 685 614 614 -382.0416 -718.7500
21.4947 638 638 661 661 -398.0820 -718.7500
21.5014 668 668 631 631 -405.8657 -718.7500
21.5080 688 688 611 611 -406.7481 -718.7500
21.5147 710 710 589 589 -400.2801 -718.7500
21.5213 644 644 655 655 -414.5864 -718.7500
21.5279 645 645 654 654 -428.4786 -718.7500
21.5346 653 653 646 646 -440.7752 -734.3750
21.5413 684 684 615 615 -443.5291 -734.3750
21.5480 694 694 605 605 -443.7962 -734.3750
21.5546 728 728 571 571 -434.9697 -734.3750
21.5613 649 649 650 650 -449.7419 -734.3750
21.5680 644 644 655 655 -464.6751 -734.3750
21.5746 702 702 597 597 -462.4064 -734.3750
21.5813 751 751 548 548 -445.4000 -734.3750
21.5879 708 708 591 591 -442.1423 -734.3750
21.5946 640 640 659 659 -459.5213 -734.3750
21.6012 661 661 638 638 -469.3393 -734.3750
21.6079 701 701 598 598 -467.4826 -734.3750
21.6146 748 748 551 551 -450.8298 -750.0000
21.6213 674 674 625 625 -458.4977 -750.0000
21.6278 645 645 654 654 -473.0818 -750.0000
21.6345 644 644 655 655 -488.3028 -750.0000
21.6412 722 722 577 577 -478.7419 -750.0000
21.6479 719 719 580 580 -470.8336 -750.0000
21.6545 676 676 623 623 -476.2420 -750.0000
21.6612 669 669 630 630 -483.4980 -750.0000
21.6678 651 651 648 648 -496.3719 -750.0000
21.6745 685 685 614 614 -497.9122 -750.0000
21.6812 687 687 612 612 -499.5415 -781.2500
21.6879 696 696 603 603 -498.2591 -781.2500
21.6945 662 662 637 637 -507.4407 -781.2500
21.7012 649 649 650 650 -520.1700 -781.2500
21.7078 650 650 649 649 -532.5845 -781.2500
21.7144 702 702 597 597 -529.5801 -781.2500
21.7211 710 710 589 589 -525.2681 -781.2500
21.7278 687 687 612 612 -527.6631 -781.2500
21.7344 630 630 669 669 -547.4760 -781.2500
21.7411 674 674 625 625 -555.0521 -890.6250
21.7478 736 736 563 563 -543.6693 -890.6250
21.7544 722 722 577 577 -537.5095 -890.6250
21.7611 623 623 676 676 -559.7679 -890.6250
21.7678 630 630 669 669 -580.4202 -890.6250
21.7744 692 692 607 607 -580.8046 -890.6250
21.7811 757 757 542 542 -563.6243 -890.6250
21.7878 728 728 571 571 -556.1178 -890.6250
21.7945 643 643 656 656 -574.8671 -890.6250
21.8012 678 678 621 621 -582.8616 -898.4375
21.8078 705 705 594 594 -582.3849 -898.4375
21.8145 723 723 576 576 -577.0141 -898.4375
21.8212 699 699 600 600 -577.9493 -898.4375
21.8278 675 675 624 624 -586.3367 -898.4375
21.8345 664 664 635 635 -597.1072 -898.4375
21.8412 682 682 617 617 -602.9680 -898.4375
21.8478 663 663 636 636 -614.2270 -898.4375
21.8546 705 705 594 594 -613.4975 -914.0625
21.8613 709 709 590 590 -611.5777 -914.0625
21.8679 693 693 606 606 -615.0390 -914.0625
21.8746 654 654 645 645 -628.9719 -914.0625
21.8812 618 618 681 681 -653.4808 -914.0625
21.8879 693 693 606 606 -654.5390 -914.0625
21.8945 748 748 551 551 -640.4836 -914.0625
21.9012 720 720 579 579 -635.3057 -914.0625
21.9079 624 624 675 675 -659.2534 -914.0625
21.9145 625 625 674 674 -682.0673 -914.0625
21.9212 693 693 606 606 -683.7457 -914.0625
21.9279 722 722 577 577 -676.5589 -914.0625
21.9346 697 697 602 602 -676.3970 -921.8750
21.9413 638 638 661 661 -694.7958 -921.8750
21.9480 652 652 647 647 -707.3781 -921.8750
21.9546 700 700 599 599 -706.2502 -921.8750
21.9613 725 725 574 574 -698.0491 -921.8750
21.9680 680 680 619 619 -704.0416 -921.8750
21.9746 692 692 607 607 -706.7701 -921.8750
21.9813 680 680 619 619 -713.3781 -921.8750
21.9880 667 667 632 632 -724.3657 -945.3125
21.9947 707 707 592 592 -722.8449 -945.3125
22.0013 700 700 599 599 -723.4788 -945.3125
22.0080 719 719 580 580 -718.6130 -945.3125
22.0146 665 665 634 634 -730.1412 -945.3125
22.0213 670 670 629 629 -739.1563 -945.3125
22.0280 715 715 584 584 -735.3770 -945.3125
22.0347 732 732 567 567 -726.2884 -945.3125
22.0413 715 715 584 584 -723.6142 -945.3125
22.0480 657 657 642 642 -736.9559 -945.3125
22.0546 650 650 649 649 -752.8596 -945.3125
22.0613 743 743 556 556 -739.9505 -945.3125
22.0680 747 747 552 552 -726.9183 -945.3125
22.0746 719 719 580 580 -721.8851 -945.3125
22.0812 645 645 654 654 -739.0029 -945.3125
22.0878 669 669 630 630 -749.0878 -945.3125
22.0944 668 668 631 631 -758.5789 -945.3125
22.1011 736 736 563 563 -748.1765 -945.3125
22.1078 715 715 584 584 -742.8666 -945.3125
22.1144 701 701 598 598 -742.5441 -945.3125
22.1211 681 681 618 618 -747.2221 -945.3125
22.1278 677 677 622 622 -753.9133 -945.3125
22.1345 661 661 638 638 -764.4330 -945.3125
22.1411 680 680 619 619 -769.3829 -945.3125
22.1478 723 723 576 576 -761.1214 -945.3125
22.1544 708 708 591 591 -758.0606 -945.3125
22.1610 689 689 610 610 -761.1126 -945.3125
22.1677 623 623 676 676 -783.9064 -945.3125
22.1744 631 631 668 668 -803.2284 -945.3125
22.1811 703 703 596 596 -801.7034 -945.3125
22.1878 741 741 558 558 -788.4471 -945.3125
22.1944 724 724 575 575 -781.9669 -945.3125
22.2010 643 643 656 656 -798.6301 -945.3125
22.2077 671 671 628 628 -807.8612 -945.3125
22.2143 704 704 595 595 -805.7142 -945.3125
22.2210 750 750 549 549 -790.6498 -945.3125
22.2277 701 701 598 598 -790.4543 -945.3125
22.2343 674 674 625 625 -798.7412 -945.3125
22.2410 674 674 625 625 -808.2316 -992.1875
22.2477 708 708 591 591 -806.6323 -992.1875
22.2543 694 694 605 605 -809.0418 -992.1875
22.2610 715 715 584 584 -804.6921 -992.1875
22.2677 689 689 610 610 -808.7728 -992.1875
22.2743 694 694 605 605 -811.4150 -992.1875
22.2810 680 680 619 619 -818.2335 -992.1875
22.2877 660 660 639 639 -830.7139 -992.1875
22.2943 697 697 602 602 -832.2916 -992.1875
22.3010 754 754 545 545 -817.2217 -992.1875
22.3077 696 696 603 603 -820.1204 -992.1875
22.3143 698 698 601 601 -821.5697 -992.1875
22.3210 656 656 643 643 -836.1965 -992.1875
22.3277 707 707 592 592 -834.2966 -992.1875
22.3343 741 741 558 558 -823.6013 -992.1875
22.3410 739 739 560 560 -812.0577 -992.1875
22.3476 710 710 589 589 -811.1774 -992.1875
22.3543 672 672 627 627 -819.7588 -992.1875
22.3609 667 667 632 632 -830.1196 -992.1875
22.3676 677 677 622 622 -835.5546 -992.1875
22.3742 676 676 623 623 -842.1624 -992.1875
22.3809 713 713 586 586 -837.2603 -992.1875
22.3876 682 682 617 617 -842.6663 -992.1875
22.3942 682 682 617 617 -848.0081 -992.1875
22.4009 685 685 614 614 -853.5643 -992.1875
22.4075 637 637 662 662 -872.6581 -992.1875
22.4142 700 700 599 599 -872.6679 -992.1875
22.4209 701 701 598 598 -872.5643 -992.1875
22.4275 739 739 560 560 -862.1620 -992.1875
22.4342 710 710 589 589 -860.2876 -992.1875
22.4409 655 655 644 644 -874.8746 -992.1875
22.4476 684 684 615 615 -879.8344 -992.1875
22.4542 684 684 615 615 -884.4096 -992.1875
22.4609 751 751 548 548 -868.5057 -992.1875
22.4676 704 704 595 595 -867.1134 -992.1875
22.4742 653 653 646 646 -882.1324 -992.1875
22.4809 657 657 642 642 -895.7428 -992.1875
22.4876 647 647 652 652 -912.8448 -992.1875
22.4943 699 699 600 600 -912.7933 -992.1875
22.5010 745 745 554 554 -900.2797 -992.1875
22.5076 682 682 617 617 -906.4135 -992.1875
22.5143 664 664 635 635 -918.7305 -992.1875
22.5210 698 698 601 601 -918.9561 -992.1875
22.5276 677 677 622 622 -926.2255 -992.1875
22.5343 742 742 557 557 -913.6936 -992.1875
22.5410 704 704 595 595 -913.1741 -992.1875
22.5477 698 698 601 601 -914.0267 -992.1875
22.5543 687 687 612 612 -918.4562 -992.1875
22.5610 661 661 638 638 -929.8986 -992.1875
22.5676 720 720 579 579 -923.2859 -992.1875
22.5743 724 724 575 575 -914.9846 -992.1875
22.5809 730 730 569 569 -906.0983 -992.1875
22.5876 714 714 585 585 -902.6596 -992.1875
22.5943 643 643 656 656 -919.6512 -992.1875
22.6010 680 680 619 619 -924.7518 -992.1875
22.6077 702 702 597 597 -921.7545 -992.1875
22.6143 756 756 543 543 -903.4656 -992.1875
22.6210 759 759 540 540 -884.1454 -992.1875
22.6276 706 706 593 593 -881.7073 -992.1875
22.6343 686 686 613 613 -885.4875 -992.1875
22.6410 644 644 655 655 -902.4480 -992.1875
22.6477 706 706 593 593 -898.8071 -992.1875
22.6543 708 708 591 591 -894.5955 -992.1875
22.6610 687 687 612 612 -896.8875 -992.1875
22.6677 729 729 570 570 -888.4761 -992.1875
22.6743 677 677 622 622 -895.2953 -992.1875
22.6810 694 694 605 605 -897.0764 -992.1875
22.6877 651 651 648 648 -912.1912 -992.1875
22.6943 692 692 607 607 -915.0706 -992.1875
22.7009 708 708 591 591 -913.0385 -992.1875
22.7076 716 716 583 583 -908.1009 -992.1875
22.7142 716 716 583 583 -904.0319 -992.1875
22.7209 657 657 642 642 -918.6481 -992.1875
22.7276 633 633 666 666 -939.2308 -992.1875
22.7342 712 712 587 587 -936.0667 -992.1875
22.7409 704 704 595 595 -934.0006 -992.1875
22.7476 741 741 558 558 -923.7415 -992.1875
22.7542 656 656 643 643 -937.6419 -992.1875
22.7609 625 625 674 674 -961.0284 -992.1875
22.7675 712 712 587 587 -956.5493 -992.1875
22.7741 705 705 594 594 -955.7848 -992.1875
22.7808 723 723 576 576 -947.8882 -992.1875
22.7874 704 704 595 595 -946.8603 -992.1875
22.7940 656 656 643 643 -959.9689 -992.1875
22.8006 734 734 565 565 -950.3777 -992.1875
22.8073 699 699 600 600 -950.0928 -992.1875
22.8140 732 732 567 567 -939.5923 -992.1875
22.8206 710 710 589 589 -936.3363 -992.1875
22.8272 687 687 612 612 -939.9326 -992.1875
22.8339 697 697 602 602 -940.1238 -992.1875
22.8406 655 655 644 644 -951.5159 -992.1875
22.8472 754 754 545 545 -933.8533 -992.1875
22.8538 742 742 557 557 -920.4798 -992.1875
22.8605 722 722 577 577 -913.0021 -992.1875
22.8671 686 686 613 613 -915.4261 -992.1875
22.8737 644 644 655 655 -931.3405 -992.1875
22.8804 691 691 608 608 -933.1440 -992.1875
22.8870 691 691 608 608 -934.3972 -992.1875
22.8936 766 766 533 533 -911.7552 -992.1875
22.9002 694 694 605 605 -912.7418 -992.1875
22.9069 660 660 639 639 -924.2367 -992.1875
22.9135 669 669 630 630 -934.8002 -992.1875
22.9202 671 671 628 628 -942.1446 -992.1875
22.9268 726 726 573 573 -934.3431 -992.1875
22.9334 708 708 591 591 -931.5324 -992.1875
22.9401 706 706 593 593 -930.7103 -992.1875
22.9467 721 721 578 578 -924.5090 -992.1875
22.9533 660 660 639 639 -936.4523 -992.1875
22.9600 685 685 614 614 -941.2396 -992.1875
22.9667 663 663 636 636 -952.4311 -992.1875
22.9733 721 721 578 578 -944.5632 -992.1875
22.9800 767 767 532 532 -923.8887 -992.1875
22.9866 663 663 636 636 -934.5948 -992.1875
22.9933 691 691 608 608 -937.4052 -992.1875
23.0000 626 626 673 673 -957.1011 -992.1875
23.0066 733 733 566 566 -945.5651 -992.1875
23.0132 753 753 546 546 -928.5547 -992.1875
23.0198 720 720 579 579 -923.0467 -992.1875
23.0264 678 678 621 621 -928.5709 -992.1875
23.0331 617 617 682 682 -951.6439 -992.1875
23.0398 706 706 593 593 -946.9186 -992.1875
23.0464 716 716 583 583 -940.2308 -992.1875
23.0530 729 729 570 570 -929.1938 -992.1875
23.0597 701 701 598 598 -926.9921 -992.1875
23.0663 641 641 658 658 -943.6093 -992.1875
23.0729 708 708 591 591 -940.3797 -992.1875
23.0795 718 718 581 581 -933.8925 -992.1875
23.0862 718 718 581 581 -926.1308 -992.1875
23.0928 719 719 580 580 -919.6309 -992.1875
23.0994 665 665 634 634 -929.2141 -992.1875
23.1060 697 697 602 602 -929.5182 -992.1875
23.1127 640 640 659 659 -945.5892 -992.1875
23.1193 704 704 595 595 -943.6013 -992.1875
23.1259 709 709 590 590 -940.3100 -992.1875
23.1325 670 670 629 629 -948.4116 -992.1875
23.1391 707 707 592 592 -944.8036 -992.1875
23.1457 619 619 680 680 -968.4689 -992.1875
23.1524 707 707 592 592 -966.0241 -992.1875
23.1590 750 750 549 549 -952.4869 -992.1875
23.1656 719 719 580 580 -947.7579 -992.1875
23.1722 676 676 623 623 -957.6714 -992.1875
23.1789 638 638 661 661 -976.6705 -992.1875
23.1855 680 680 619 619 -982.0544 -992.1875
23.1921 742 742 557 557 -968.7454 -992.1875
23.1987 715 715 584 584 -965.2397 -992.1875
23.2054 710 710 589 589 -964.4861 -992.1875
23.2120 675 675 624 624 -972.3046 -992.1875
23.2187 696 696 603 603 -974.0596 -992.1875
23.2253 714 714 585 585 -969.5771 -992.1875
23.2319 683 683 616 616 -973.4461 -992.1875
23.2386 741 741 558 558 -958.9235 -992.1875
23.2452 688 688 611 611 -960.8458 -992.1875
23.2518 702 702 597 597 -959.2435 -992.1875
23.2585 661 661 638 638 -969.2273 -992.1875
23.2651 665 665 634 634 -975.5703 -992.1875
23.2717 753 753 546 546 -955.8412 -992.1875
23.2784 715 715 584 584 -948.6209 -992.1875
23.2850 720 720 579 579 -940.1459 -992.1875
23.2917 640 640 659 659 -954.4341 -992.1875
23.2983 665 665 634 634 -961.6840 -992.1875
23.3050 724 724 575 575 -952.4946 -992.1875
23.3116 721 721 578 578 -945.3665 -992.1875
23.3182 731 731 568 568 -934.2238 -992.1875
23.3249 632 632 667 667 -953.6443 -992.1875
23.3315 634 634 665 665 -971.4922 -992.1875
23.3382 676 676 623 623 -978.3239 -992.1875
23.3448 721 721 578 578 -969.7726 -992.1875
23.3515 761 761 538 538 -951.4487 -992.1875
23.3580 648 648 651 651 -967.6090 -992.1875
23.3647 670 670 629 629 -977.9951 -992.1875
23.3713 691 691 608 608 -980.7133 -992.1875
23.3780 703 703 596 596 -978.9680 -992.1875
23.3846 726 726 573 573 -972.4031 -992.1875
23.3913 667 667 632 632 -983.2738 -992.1875
23.3979 693 693 606 606 -986.6177 -992.1875
23.4045 686 686 613 613 -990.9189 -992.1875
23.4111 693 693 606 606 -993.7758 -992.1875
23.4178 736 736 563 563 -983.7480 -992.1875
23.4244 733 733 566 566 -974.4827 -992.1875
23.4311 707 707 592 592 -972.5087 -992.1875
23.4377 665 665 634 634 -983.8759 -992.1875
23.4444 648 648 651 651 -998.2990 -992.1875
23.4510 748 748 551 551 -982.9968 -992.1875
23.4578 729 729 570 570 -972.7574 -992.1875
23.4643 748 748 551 551 -959.3328 -992.1875
23.4709 661 661 638 638 -969.5869 -992.1875
23.4775 638 638 661 661 -986.0928 -992.1875
23.4841 716 716 583 583 -977.9817 -992.1875
23.4907 726 726 573 573 -968.9304 -992.1875
23.4973 756 756 543 543 -950.0421 -992.1875
23.5040 677 677 622 622 -955.2856 -992.1875
23.5106 667 667 632 632 -963.0963 -992.1875
23.5172 659 659 640 640 -974.3046 -992.1875
23.5239 671 671 628 628 -980.8676 -992.1875
23.5304 696 696 603 603 -979.4973 -992.1875
23.5371 652 652 647 647 -991.5463 -992.1875
23.5437 711 711 588 588 -987.4614 -992.1875
23.5504 672 672 627 627 -995.4446 -992.1875
23.5570 648 648 651 651 -1010.5020 -992.1875
23.5636 704 704 595 595 -1009.1417 -992.1875
23.5702 712 712 587 587 -1005.9409 -992.1875
23.5768 722 722 577 577 -1000.7515 -992.1875
23.5834 673 673 626 626 -1009.5203 -992.1875
23.5901 643 643 656 656 -1027.6638 -992.1875
23.5967 727 727 572 572 -1019.9324 -992.1875
23.6033 721 721 578 578 -1014.7730 -992.1875
23.6099 691 691 608 608 -1017.0201 -992.1875
23.6165 631 631 668 668 -1038.5292 -992.1875
23.6231 629 629 670 670 -1059.0299 -992.1875
23.6298 743 743 556 556 -1045.5485 -992.1875
23.6364 732 732 567 567 -1035.2778 -992.1875
23.6431 700 700 599 599 -1035.0503 -992.1875
23.6497 685 685 614 614 -1040.7646 -992.1875
23.6563 667 667 632 632 -1049.5977 -992.1875
23.6629 756 756 543 543 -1032.4286 -992.1875
23.6696 692 692 607 607 -1033.6635 -992.1875
23.6762 712 712 587 587 -1029.9216 -992.1875
23.6828 694 694 605 605 -1030.0465 -992.1875
23.6895 686 686 613 613 -1031.9282 -992.1875
23.6961 698 698 601 601 -1030.4829 -992.1875
23.7028 702 702 597 597 -1028.3058 -992.1875
23.7095 772 772 527 527 -1004.6202 -992.1875
23.7161 735 735 564 564 -991.4530 -992.1875
23.7227 667 667 632 632 -998.2951 -992.1875
23.7293 656 656 643 643 -1009.0635 -992.1875
23.7359 691 691 608 608 -1007.1087 -992.1875
23.7426 744 744 555 555 -990.0496 -992.1875
23.7493 715 715 584 584 -982.0436 -992.1875
23.7560 671 671 628 628 -989.6450 -992.1875
23.7626 644 644 655 655 -1004.3691 -992.1875
23.7693 656 656 643 643 -1014.8923 -992.1875
23.7759 725 725 574 574 -1003.8013 -992.1875
23.7826 725 725 574 574 -993.9135 -992.1875
23.7893 744 744 555 555 -980.2620 -992.1875
23.7959 633 633 666 666 -999.0133 -992.1875
23.8025 651 651 648 648 -1012.7085 -992.1875
23.8092 706 706 593 593 -1009.2290 -992.1875
23.8158 715 715 584 584 -1003.9576 -992.1875
23.8225 727 727 572 572 -994.4950 -992.1875
23.8292 687 687 612 612 -998.4482 -992.1875
23.8358 676 676 623 623 -1005.6459 -992.1875
23.8425 700 700 599 599 -1006.6033 -992.1875
23.8491 669 669 630 630 -1015.2188 -992.1875
23.8558 710 710 589 589 -1011.7064 -992.1875
23.8624 737 737 562 562 -1000.4730 -992.1875
23.8691 713 713 586 586 -997.9677 -992.1875
23.8757 660 660 639 639 -1009.2700 -992.1875
23.8823 648 648 651 651 -1023.9682 -992.1875
23.8890 723 723 576 576 -1015.3236 -992.1875
23.8957 731 731 568 568 -1005.5496 -992.1875
23.9023 725 725 574 574 -995.4154 -992.1875
23.9089 696 696 603 603 -995.7106 -992.1875
23.9156 628 628 671 671 -1015.8271 -992.1875
23.9222 703 703 596 596 -1013.5453 -992.1875
23.9289 685 685 614 614 -1015.1199 -992.1875
23.9355 717 717 582 582 -1006.2141 -992.1875
23.9422 695 695 604 604 -1005.7372 -992.1875
23.9488 659 659 640 640 -1015.8110 -992.1875
23.9554 702 702 597 597 -1013.2887 -992.1875
23.9621 675 675 624 624 -1018.2115 -992.1875
23.9687 716 716 583 583 -1011.9785 -992.1875
23.9754 735 735 564 564 -1000.3456 -992.1875
23.9820 689 689 610 610 -1002.1695 -992.1875
23.9887 677 677 622 622 -1006.9772 -992.1875
23.9954 649 649 650 650 -1020.5819 -992.1875
24.0021 698 698 601 601 -1018.7880 -992.1875
24.0088 726 726 573 573 -1009.0775 -992.1875
24.0154 737 737 562 562 -995.5912 -992.1875
24.0220 695 695 604 604 -997.3656 -992.1875
24.0287 642 642 657 657 -1013.4026 -992.1875
24.0354 652 652 647 647 -1026.8464 -992.1875
24.0420 714 714 585 585 -1020.2706 -992.1875
24.0487 733 733 566 566 -1010.2228 -992.1875
24.0553 741 741 558 558 -997.5818 -992.1875
24.0620 646 646 653 653 -1013.9301 -992.1875
24.0687 693 693 606 606 -1015.8657 -992.1875
24.0753 691 691 608 608 -1018.8188 -992.1875
24.0820 710 710 589 589 -1015.8446 -992.1875
24.0886 724 724 575 575 -1008.1336 -992.1875
24.0952 691 691 608 608 -1010.8561 -992.1875
24.1019 703 703 596 596 -1009.6071 -992.1875
24.1086 678 678 621 621 -1016.3939 -992.1875
24.1152 680 680 619 619 -1021.1073 -992.1875
24.1219 726 726 573 573 -1012.1740 -992.1875
24.1285 718 718 581 581 -1005.8790 -992.1875
24.1352 711 711 588 588 -1002.4053 -992.1875
24.1418 658 658 641 641 -1013.3875 -992.1875
24.1485 651 651 648 648 -1026.6582 -992.1875
24.1551 711 711 588 588 -1020.7997 -992.1875
24.1618 739 739 560 560 -1008.0164 -992.1875
24.1684 742 742 557 557 -993.9036 -992.1875
24.1750 643 643 656 656 -1010.0121 -992.1875
24.1817 632 632 667 667 -1027.0664 -960.9375
24.1884 670 670 629 629 -1033.0958 -960.9375
24.1951 732 732 567 567 -1019.9397 -960.9375
24.2017 760 760 539 539 -1000.2613 -960.9375
24.2084 671 671 628 628 -1008.7223 -960.9375
24.2151 655 655 644 644 -1021.6390 -960.9375
24.2217 669 669 630 630 -1029.5974 -960.9375
24.2284 682 682 617 617 -1033.2084 -960.9375
24.2350 713 713 586 586 -1027.7260 -960.9375
24.2417 684 684 615 615 -1026.0005 -625.0000
24.2484 690 690 609 609 -1021.9277 -625.0000
24.2551 693 693 606 606 -1017.5064 -625.0000
24.2617 635 635 664 664 -1031.0934 -625.0000
24.2684 675 675 624 624 -1032.8464 -625.0000
24.2750 710 710 589 589 -1024.3751 -625.0000
24.2817 716 716 583 583 -1013.4437 -625.0000
24.2884 698 698 601 601 -1009.9245 -625.0000
24.2950 649 649 650 650 -1019.7518 -625.0000
24.3017 682 682 617 617 -1020.3227 -625.0000
24.3084 760 760 539 539 -996.5638 -625.0000
24.3150 726 726 573 573 -984.5551 -625.0000
24.3217 706 706 593 593 -978.2035 -625.0000
24.3283 639 639 660 660 -990.7545 -625.0000
24.3350 697 697 602 602 -985.3787 -625.0000
24.3417 737 737 562 562 -967.3997 -625.0000
24.3484 730 730 569 569 -951.7957 -625.0000
24.3550 728 728 571 571 -936.5682 -625.0000
24.3617 680 680 619 619 -935.6411 -585.9375
24.3684 664 664 635 635 -939.0461 -585.9375
24.3750 687 687 612 612 -935.3560 -585.9375
24.3817 705 705 594 594 -924.9147 -585.9375
24.3883 712 712 587 587 -913.0198 -585.9375
24.3950 709 709 590 590 -902.5628 -585.9375
24.4016 712 712 587 587 -891.4996 -585.9375
24.4083 677 677 622 622 -890.6794 -585.9375
24.4149 657 657 642 642 -895.9630 -585.9375
24.4216 717 717 582 582 -882.7701 -585.9375
24.4283 740 740 559 559 -863.8028 -585.9375
24.4350 757 757 542 542 -838.7951 -585.9375
24.4416 668 668 631 631 -842.3901 -585.9375
24.4483 639 639 660 660 -853.1512 -585.9375
24.4549 638 638 661 661 -864.9844 -585.9375
24.4616 685 685 614 614 -860.5872 -585.9375
24.4683 752 752 547 547 -838.7925 -585.9375
24.4749 701 701 598 598 -832.7522 -585.9375
24.4816 665 665 634 634 -838.9891 -585.9375
24.4883 661 661 638 638 -845.0219 -585.9375
24.4950 683 683 616 616 -843.4838 -546.8750
24.5016 715 715 584 584 -832.8468 -546.8750
24.5083 708 708 591 591 -824.7130 -546.8750
24.5150 708 708 591 591 -816.3672 -546.8750
24.5216 696 696 603 603 -812.3478 -546.8750
24.5283 654 654 645 645 -820.3782 -546.8750
24.5349 651 651 648 648 -828.9249 -546.8750
24.5416 711 711 588 588 -818.9675 -546.8750
24.5483 740 740 559 559 -798.5424 -421.8750
24.5550 718 718 581 581 -785.9854 -421.8750
24.5616 645 645 654 654 -795.1575 -421.8750
24.5683 640 640 659 659 -806.1827 -421.8750
24.5749 694 694 605 605 -798.8074 -421.8750
24.5816 736 736 563 563 -780.1488 -421.8750
24.5883 696 696 603 603 -772.2433 -421.8750
24.5949 662 662 637 637 -775.7494 -421.8750
24.6016 649 649 650 650 -781.4304 -421.8750
24.6083 648 648 651 651 -787.2758 -421.8750
24.6150 715 715 584 584 -772.4276 -421.8750
24.6216 680 680 619 619 -768.7135 -421.8750
24.6283 684 684 615 615 -764.5223 -421.8750
24.6349 661 661 638 638 -766.9893 -421.8750
24.6416 669 669 630 630 -767.4777 -421.8750
24.6483 695 695 604 604 -759.9467 -421.8750
24.6549 710 710 589 589 -747.9026 -421.8750
24.6616 680 680 619 619 -744.9364 -421.8750
24.6683 679 679 620 620 -742.0965 -421.8750
24.6749 640 640 659 659 -750.3121 -421.8750
24.6816 730 730 569 569 -732.5400 -421.8750
24.6883 739 739 560 560 -712.0699 -421.8750
24.6949 674 674 625 625 -712.3093 -421.8750
24.7015 659 659 640 640 -716.3748 -421.8750
24.7082 652 652 647 647 -722.1988 -421.8750
24.7149 725 725 574 574 -706.3195 -421.8750
24.7216 743 743 556 556 -684.7460 -421.8750
24.7282 709 709 590 590 -675.3455 -421.8750
24.7348 644 644 655 655 -683.4532 -421.8750
24.7415 681 681 618 618 -682.2505 -429.6875
24.7482 692 692 607 607 -675.4214 -429.6875
24.7549 738 738 561 561 -656.8083 -429.6875
24.7615 705 705 594 594 -647.7167 -429.6875
24.7682 693 693 606 606 -642.7114 -429.6875
24.7748 682 682 617 617 -640.4302 -429.6875
24.7815 663 663 636 636 -643.2927 -429.6875
24.7882 686 686 613 613 -638.8008 -429.6875
24.7949 695 695 604 604 -632.1768 -429.6875
24.8016 712 712 587 587 -619.6343 -429.6875
24.8083 713 713 586 586 -607.5806 -421.8750
24.8149 639 639 660 660 -617.3245 -421.8750
24.8216 649 649 650 650 -624.3685 -421.8750
24.8283 662 662 637 637 -626.0560 -421.8750
24.8349 721 721 578 578 -610.5629 -421.8750
24.8416 730 730 569 569 -593.2335 -421.8750
24.8483 650 650 649 649 -600.0994 -421.8750
24.8550 649 649 650 650 -607.9334 -421.8750
24.8616 660 660 639 639 -610.5075 -421.8750
24.8683 695 695 604 604 -603.1773 -421.8750
24.8749 705 705 594 594 -591.7656 -421.8750
24.8816 660 660 639 639 -595.3049 -421.8750
24.8883 649 649 650 650 -601.6221 -421.8750
24.8949 678 678 621 621 -599.4730 -421.8750
24.9016 679 679 620 620 -597.2563 -421.8750
24.9083 708 708 591 591 -586.8462 -414.0625
24.9149 687 687 612 612 -583.4543 -414.0625
24.9216 646 646 653 653 -592.1820 -414.0625
24.9282 670 670 629 629 -593.1609 -414.0625
24.9348 696 696 603 603 -587.0155 -414.0625
24.9414 702 702 597 597 -579.4818 -414.0625
24.9481 708 708 591 591 -569.5114 -414.0625
24.9548 617 617 682 682 -587.7693 -414.0625
24.9615 666 666 633 633 -590.0389 -414.0625
24.9682 741 741 558 558 -570.7466 -414.0625
24.9749 690 690 609 609 -565.8370 -414.0625
24.9816 680 680 619 619 -564.5609 -414.0625
24.9882 652 652 647 647 -572.8839 -414.0625
24.9949 706 706 593 593 -563.4352 -414.0625
25.0016 762 762 537 537 -538.6196 -414.0625
25.0083 685 685 614 614 -536.2749 -414.0625
25.0149 649 649 650 650 -545.6771 -414.0625
25.0216 681 681 618 618 -543.6620 -414.0625
25.0282 677 677 622 622 -542.7017 -414.0625
25.0349 731 731 568 568 -525.7657 -414.0625
25.0416 713 713 586 586 -514.4062 -414.0625
25.0483 677 677 622 622 -513.7969 -414.0625
25.0549 700 700 599 599 -505.9476 -414.0625
25.0616 624 624 675 675 -520.0683 -414.0625
25.0682 683 683 616 616 -515.8092 -406.2500
25.0749 685 685 614 614 -511.3002 -406.2500
25.0816 697 697 602 602 -503.9498 -406.2500
25.0883 679 679 620 620 -502.5363 -406.2500
25.0950 638 638 661 661 -513.3765 -406.2500
25.1016 613 613 686 686 -531.9702 -406.2500
25.1083 728 728 571 571 -516.0458 -406.2500
25.1149 721 721 578 578 -503.9574 -406.2500
25.1216 662 662 637 637 -508.1871 -406.2500
25.1283 617 617 682 682 -526.6760 -406.2500
25.1349 631 631 668 668 -538.0377 -328.1250
25.1416 711 711 588 588 -525.7410 -328.1250
25.1483 684 684 615 615 -522.7909 -328.1250
25.1549 647 647 652 652 -531.0026 -328.1250
25.1616 659 659 640 640 -536.2731 -328.1250
25.1682 679 679 620 620 -534.9147 -328.1250
25.1749 663 663 636 636 -538.8430 -328.1250
25.1815 719 719 580 580 -526.0118 -328.1250
25.1882 669 669 630 630 -528.3232 -328.1250
25.1948 616 616 683 683 -545.9335 -328.1250
25.2015 695 695 604 604 -539.4809 -328.1250
25.2081 722 722 577 577 -524.5013 -328.1250
25.2147 664 664 635 635 -526.3917 -328.1250
25.2213 651 651 648 648 -532.9124 -328.1250
25.2280 635 635 664 664 -542.1597 -328.1250
25.2346 757 757 542 542 -515.9447 -328.1250
25.2413 738 738 561 561 -495.4880 -328.1250
25.2479 637 637 662 662 -506.4749 -328.1250
25.2546 684 684 615 615 -502.9361 -328.1250
25.2612 717 717 582 582 -488.8561 -335.9375
25.2679 740 740 559 559 -468.8068 -335.9375
25.2745 718 718 581 581 -454.6064 -335.9375
25.2812 635 635 664 664 -464.8005 -335.9375
25.2878 671 671 628 628 -462.7893 -335.9375
25.2945 665 665 634 634 -463.0811 -335.9375
25.3011 692 692 607 607 -454.1858 -335.9375
25.3078 711 711 588 588 -440.0889 -335.9375
25.3145 656 656 643 643 -443.4946 -335.9375
25.3211 673 673 626 626 -442.0267 -320.3125
25.3277 640 640 659 659 -449.2310 -320.3125
25.3344 674 674 625 625 -445.9869 -320.3125
25.3410 723 723 576 576 -430.0057 -320.3125
25.3477 652 652 647 647 -435.9561 -320.3125
25.3543 617 617 682 682 -452.3675 -320.3125
25.3610 692 692 607 607 -445.3562 -320.3125
25.3676 695 695 604 604 -439.5697 -320.3125
25.3743 704 704 595 595 -429.4474 -242.1875
25.3810 615 615 684 684 -445.9469 -242.1875
25.3876 599 599 700 700 -466.7506 -242.1875
25.3943 724 724 575 575 -450.0059 -242.1875
25.4009 707 707 592 592 -439.0279 -242.1875
25.4076 636 636 663 663 -448.4554 -242.1875
25.4142 666 666 633 633 -450.6261 -242.1875
25.4209 682 682 617 617 -446.7776 -242.1875
25.4276 680 680 619 619 -442.6140 -171.8750
25.4342 694 694 605 605 -435.3701 -171.8750
25.4409 662 662 637 637 -437.1286 -171.8750
25.4475 687 687 612 612 -430.6666 -171.8750
25.4542 687 687 612 612 -423.0648 -171.8750
25.4608 703 703 596 596 -411.0996 -171.8750
25.4675 720 720 579 579 -393.5796 -171.8750
25.4741 693 693 606 606 -385.2059 -171.8750
25.4808 610 610 689 689 -400.2297 -171.8750
25.4875 722 722 577 577 -381.7759 -171.8750
25.4941 734 734 565 565 -358.0690 -171.8750
25.5008 701 701 598 598 -345.7465 -171.8750
25.5074 630 630 669 669 -355.8746 -171.8750
25.5141 600 600 699 699 -372.4804 -171.8750
25.5208 702 702 597 597 -358.9399 -171.8750
25.5273 725 725 574 574 -338.3953 -171.8750
25.5340 651 651 648 648 -342.0266 -171.8750
25.5406 664 664 635 635 -340.4877 -171.8750
25.5472 658 658 641 641 -340.8978 -171.8750
25.5539 703 703 596 596 -328.1031 -171.8750
25.5605 687 687 612 612 -320.6853 -171.8750
25.5671 643 643 656 656 -326.1625 -171.8750
25.5738 674 674 625 625 -322.8393 -187.5000
25.5805 636 636 663 663 -330.7458 -187.5000
25.5871 664 664 635 635 -330.3567 -187.5000
25.5938 711 711 588 588 -316.9638 -187.5000
25.6004 640 640 659 659 -325.2194 -187.5000
25.6070 589 589 710 710 -348.6498 -187.5000
25.6137 734 734 565 565 -328.8461 -187.5000
25.6203 698 698 601 601 -320.4728 -187.5000
25.6270 666 666 633 633 -321.9877 -187.5000
25.6337 632 632 667 667 -332.4685 -187.5000
25.6403 699 699 600 600 -324.2379 -187.5000
25.6469 767 767 532 532 -295.4045 -187.5000
25.6536 663 663 636 636 -297.8410 -187.5000
25.6602 607 607 692 692 -316.7208 -187.5000
25.6668 753 753 546 546 -291.0909 -187.5000
25.6735 729 729 570 570 -273.2660 -187.5000
25.6801 684 684 615 615 -267.8462 -187.5000
25.6867 660 660 639 639 -270.7219 -187.5000
25.6934 636 636 663 663 -279.5016 -187.5000
25.7000 675 675 624 624 -275.6007 -187.5000
25.7067 669 669 630 630 -273.6869 -187.5000
25.7133 671 671 628 628 -271.7566 -187.5000
25.7200 669 669 630 630 -270.7227 -187.5000
25.7266 636 636 663 663 -278.1101 -187.5000
25.7332 670 670 629 629 -275.4866 -187.5000
25.7399 700 700 599 599 -264.3878 -187.5000
25.7465 659 659 640 640 -266.3043 -187.5000
25.7532 603 603 696 696 -284.0593 -187.5000
25.7599 633 633 666 666 -292.6280 -187.5000
25.7665 719 719 580 580 -276.4816 -187.5000
25.7732 700 700 599 599 -266.1368 -171.8750
25.7798 635 635 664 664 -277.2384 -171.8750
25.7865 602 602 697 697 -296.7597 -171.8750
25.7931 744 744 555 555 -274.4796 -171.8750
25.7998 714 714 585 585 -261.2120 -171.8750
25.8064 594 594 705 705 -284.4179 -171.8750
25.8131 669 669 630 630 -285.2332 -171.8750
25.8197 720 720 579 579 -269.5525 -171.8750
25.8264 685 685 614 614 -265.6922 -171.8750
25.8330 665 665 634 634 -265.8155 -62.5000
25.8396 653 653 646 646 -269.0916 -62.5000
25.8463 654 654 645 645 -271.7747 -62.5000
25.8529 685 685 614 614 -264.8284 -62.5000
25.8596 686 686 613 613 -258.3460 -62.5000
25.8663 658 658 641 641 -260.4152 -62.5000
25.8729 643 643 656 656 -267.1982 -62.5000
25.8796 679 679 620 620 -261.7518 -62.5000
25.8862 695 695 604 604 -252.2456 -62.5000
25.8929 693 693 606 606 -243.0777 -62.5000
25.8995 608 608 691 691 -258.5945 -62.5000
25.9061 710 710 589 589 -243.6702 -62.5000
25.9128 740 740 559 559 -219.1268 -62.5000
25.9195 647 647 652 652 -223.1947 -62.5000
25.9261 629 629 670 670 -231.1554 -62.5000
25.9328 647 647 652 652 -233.9504 -62.5000
25.9394 693 693 606 606 -222.9829 -62.5000
25.9460 701 701 598 598 -209.4117 -62.5000
25.9527 626 626 673 673 -219.5480 -62.5000
25.9594 629 629 670 670 -228.6147 -62.5000
25.9660 690 690 609 609 -219.8750 -62.5000
25.9727 669 669 630 630 -216.8702 -62.5000
25.9794 680 680 619 619 -211.6983 -62.5000
25.9860 655 655 644 644 -214.3703 -62.5000
25.9926 667 667 632 632 -213.2752 -62.5000
25.9993 675 675 624 624 -209.4295 -62.5000
26.0059 692 692 607 607 -200.7621 -62.5000
26.0126 649 649 650 650 -204.9719 -62.5000
26.0192 642 642 657 657 -210.9712 -62.5000
26.0259 713 713 586 586 -196.4458 -62.5000
26.0326 702 702 597 597 -185.5733 -62.5000
26.0392 665 665 634 634 -185.8400 -62.5000
26.0458 639 639 660 660 -194.7473 -62.5000
26.0525 704 704 595 595 -182.7856 -62.5000
26.0592 732 732 567 567 -163.4852 -62.5000
26.0658 654 654 645 645 -167.0292 -62.5000
26.0724 634 634 665 665 -175.9039 -62.5000
26.0791 673 673 626 626 -172.5113 -62.5000
26.0858 725 725 574 574 -151.5316 -0.0000
26.0924 687 687 612 612 -143.8659 -0.0000
26.0991 619 619 680 680 -155.4189 -0.0000
26.1057 662 662 637 637 -154.9864 -0.0000
26.1123 710 710 589 589 -139.5552 -0.0000
26.1190 702 702 597 597 -126.7689 -0.0000
26.1256 634 634 665 665 -134.3697 -0.0000
26.1323 635 635 664 664 -140.7381 -0.0000
26.1389 678 678 621 621 -135.1661 -0.0000
26.1456 663 663 636 636 -133.8084 -0.0000
26.1522 677 677 622 622 -128.7061 -0.0000
26.1589 672 672 627 627 -125.3821 -0.0000
26.1655 648 648 651 651 -128.6248 -0.0000
26.1722 654 654 645 645 -129.2938 -0.0000
26.1788 720 720 579 579 -110.2278 -0.0000
26.1855 685 685 614 614 -102.3172 -0.0000
26.1921 610 610 689 689 -116.4739 -0.0000
26.1988 671 671 628 628 -113.5532 -0.0000
26.2054 714 714 585 585 -97.4230 -0.0000
26.2121 659 659 640 640 -98.7359 -0.0000
26.2187 607 607 692 692 -115.6480 -0.0000
26.2254 666 666 633 633 -114.3999 -0.0000
26.2320 696 696 603 603 -104.9855 -0.0000
26.2387 682 682 617 617 -99.1498 -0.0000
26.2453 610 610 689 689 -115.8271 -0.0000
26.2520 648 648 651 651 -120.4959 -0.0000
26.2587 695 695 604 604 -111.0521 -0.0000
26.2653 662 662 637 637 -112.6983 -0.0000
26.2720 645 645 654 654 -119.1641 -0.0000
26.2787 657 657 642 642 -122.1871 -0.0000
26.2853 661 661 638 638 -123.1440 -0.0000
26.2920 672 672 627 627 -121.0481 -0.0000
26.2986 694 694 605 605 -112.5155 -0.0000
26.3053 647 647 652 652 -118.7695 -0.0000
26.3119 621 621 678 678 -132.3160 -0.0000
26.3186 701 701 598 598 -121.1528 -0.0000
26.3253 705 705 594 594 -109.6153 -0.0000
26.3320 669 669 630 630 -108.2696 -0.0000
26.3387 631 631 668 668 -117.8510 -0.0000
26.3453 690 690 609 609 -108.7622 -0.0000
26.3520 746 746 553 553 -82.8530 -0.0000
26.3586 645 645 654 654 -87.7678 -0.0000
26.3653 639 639 660 660 -93.1484 -0.0000
26.3719 684 684 615 615 -85.6794 -0.0000
26.3786 718 718 581 581 -67.7882 -0.0000
26.3852 645 645 654 654 -71.9309 -0.0000
26.3919 638 638 661 661 -78.6121 -0.0000
26.3986 656 656 643 643 -79.0346 -0.0000
26.4052 683 683 616 616 -71.9640 -0.0000
26.4119 689 689 610 610 -62.7949 -0.0000
26.4185 663 663 636 636 -61.3985 -0.0000
26.4251 633 633 666 666 -68.7237 -0.0000
26.4318 654 654 645 645 -69.8692 -0.0000
26.4385 661 661 638 638 -68.7491 -0.0000
26.4451 690 690 609 609 -59.7354 -0.0000
26.4517 677 677 622 622 -55.6478 -0.0000
26.4584 613 613 686 686 -70.8391 -0.0000
26.4651 720 720 579 579 -54.5954 -0.0000
26.4718 728 728 571 571 -36.1796 -0.0000
26.4785 616 616 683 683 -51.5428 -0.0000
26.4851 650 650 649 649 -56.5850 -0.0000
26.4918 688 688 611 611 -49.4160 -0.0000
26.4984 700 700 599 599 -40.0886 -0.0000
26.5050 639 639 660 660 -47.6802 -0.0000
26.5116 641 641 658 658 -54.8663 -0.0000
26.5183 669 669 630 630 -53.1394 -0.0000
26.5249 737 737 562 562 -31.0183 -0.0000
26.5316 597 597 702 702 -51.7463 -0.0000
26.5382 608 608 691 691 -67.8895 -0.0000
26.5448 708 708 591 591 -54.5860 -0.0000
26.5514 664 664 635 635 -54.0852 -0.0000
26.5581 656 656 643 643 -56.5651 -0.0000
26.5648 686 686 613 613 -50.9421 -0.0000
26.5714 656 656 643 643 -54.1108 -0.0000
26.5781 684 684 615 615 -48.7872 -0.0000
26.5847 726 726 573 573 -30.9451 -0.0000
26.5914 647 647 652 652 -35.0924 62.5000
26.5981 608 608 691 691 -49.9570 62.5000
26.6047 669 669 630 630 -46.4262 62.5000
26.6114 693 693 606 606 -34.6855 62.5000
26.6181 684 684 615 615 -25.3391 62.5000
26.6247 623 623 676 676 -36.0045 62.5000
26.6313 637 637 662 662 -41.0593 62.5000
26.6380 744 744 555 555 -15.1547 62.5000
26.6447 677 677 622 622 -5.9296 343.7500
26.6514 573 573 726 726 -27.9604 343.7500
26.6581 644 644 655 655 -28.9232 343.7500
26.6647 710 710 589 589 -8.7887 343.7500
26.6714 627 627 672 672 -14.8590 343.7500
26.6780 621 621 678 678 -22.7388 343.7500
26.6847 655 655 644 644 -20.0576 343.7500
26.6913 633 633 666 666 -24.0846 343.7500
26.6980 671 671 628 628 -16.9344 343.7500
26.7047 665 665 634 634 -11.1711 460.9375
26.7114 616 616 683 683 -19.8217 460.9375
26.7180 656 656 643 643 -16.4892 460.9375
26.7247 699 699 600 600 -0.7972 460.9375
26.7313 619 619 680 680 -8.6477 460.9375
26.7380 621 621 678 678 -15.9663 460.9375
26.7446 716 716 583 583 5.2744 460.9375
26.7513 652 652 647 647 7.4700 460.9375
26.7579 627 627 672 672 2.9832 492.1875
26.7646 665 665 634 634 10.5874 492.1875
26.7712 696 696 603 603 27.1816 492.1875
26.7779 620 620 679 679 22.1229 492.1875
26.7845 638 638 661 661 23.0490 492.1875
26.7912 686 686 613 613 37.3678 492.1875
26.7978 711 711 588 588 59.9199 492.1875
26.8045 638 638 661 661 59.9737 492.1875
26.8112 642 642 657 657 61.1208 492.1875
26.8178 723 723 576 576 87.9189 507.8125
26.8245 705 705 594 594 108.2367 507.8125
26.8312 609 609 690 690 100.0351 507.8125
26.8378 684 684 615 615 114.7460 507.8125
26.8444 709 709 590 590 136.8424 507.8125
26.8511 638 638 661 661 138.5109 507.8125
26.8578 640 640 659 659 139.8895 507.8125
26.8645 673 673 626 626 151.5341 507.8125
26.8712 624 624 675 675 149.6963 546.8750
26.8779 661 661 638 638 158.2832 546.8750
26.8845 692 692 607 607 175.2397 546.8750
26.8912 625 625 674 674 171.7622 546.8750
26.8978 650 650 649 649 175.4657 546.8750
26.9044 690 690 609 609 190.2307 546.8750
26.9111 662 662 637 637 197.5255 546.8750
26.9178 589 589 710 710 182.6267 546.8750
26.9244 649 649 650 650 185.7719 546.8750
26.9311 698 698 601 601 203.5805 546.8750
26.9378 668 668 631 631 210.7570 546.8750
26.9444 583 583 716 716 193.9324 570.3125
26.9510 650 650 649 649 197.3626 570.3125
26.9577 691 691 608 608 212.8284 570.3125
26.9644 672 672 627 627 222.6702 570.3125
26.9710 601 601 698 698 210.8774 570.3125
26.9776 689 689 610 610 225.6105 570.3125
26.9843 655 655 644 644 230.4790 570.3125
26.9909 637 637 662 662 230.1067 570.3125
26.9976 638 638 661 661 230.3536 570.3125
27.0043 680 680 619 619 243.0258 585.9375
27.0110 656 656 643 643 249.2896 585.9375
27.0177 661 661 638 638 257.0320 585.9375
27.0243 639 639 660 660 257.9915 585.9375
27.0309 627 627 672 672 256.0194 585.9375
27.0375 674 674 625 625 267.2736 585.9375
27.0441 659 659 640 640 274.1127 585.9375
27.0508 614 614 685 685 267.9565 585.9375
27.0575 683 683 616 616 281.8958 585.9375
27.0642 700 700 599 599 301.3162 593.7500
27.0709 611 611 688 688 293.4009 593.7500
27.0775 626 626 673 673 290.2861 593.7500
27.0841 736 736 563 563 319.9253 593.7500
27.0908 673 673 626 626 329.9293 593.7500
27.0974 595 595 704 704 317.0017 593.7500
27.1041 699 699 600 600 334.7380 593.7500
27.1107 706 706 593 593 354.3189 593.7500
27.1174 594 594 705 705 341.9400 632.8125
27.1240 633 633 666 666 340.0155 632.8125
27.1307 658 658 641 641 346.3311 632.8125
27.1373 667 667 632 632 354.8637 632.8125
27.1439 643 643 656 656 355.4563 632.8125
27.1506 653 653 646 646 359.0326 632.8125
27.1572 610 610 689 689 349.0820 632.8125
27.1639 653 653 646 646 352.2801 632.8125
27.1706 655 655 644 644 355.7395 632.8125
27.1772 593 593 706 706 340.9314 632.8125
27.1838 624 624 675 675 337.2148 671.8750
27.1904 699 699 600 600 354.9629 671.8750
27.1970 581 581 718 718 337.8477 671.8750
27.2036 594 594 705 705 325.0578 671.8750
27.2103 715 715 584 584 347.6405 671.8750
27.2169 616 616 683 683 340.3601 671.8750
27.2235 608 608 691 691 331.0691 671.8750
27.2301 699 699 600 600 348.5190 671.8750
27.2368 659 659 640 640 354.1477 671.8750
27.2434 602 602 697 697 343.9299 671.8750
27.2501 646 646 653 653 347.1357 671.8750
27.2567 681 681 618 618 361.1710 671.8750
27.2633 599 599 700 700 351.3499 671.8750
27.2700 678 678 621 621 365.1760 671.8750
27.2766 669 669 630 630 376.1124 671.8750
27.2832 646 646 653 653 380.1396 671.8750
27.2898 660 660 639 639 388.7185 671.8750
27.2964 653 653 646 646 395.3813 679.6875
27.3030 670 670 629 629 407.1547 679.6875
27.3097 671 671 628 628 419.6031 679.6875
27.3164 624 624 675 675 417.3644 679.6875
27.3230 636 636 663 663 418.7590 679.6875
27.3297 690 690 609 609 436.0345 679.6875
27.3363 637 637 662 662 437.2287 679.6875
27.3429 630 630 669 669 436.5884 679.6875
27.3496 702 702 597 597 456.5121 679.6875
27.3563 685 685 614 614 471.0725 679.6875
27.3629 576 576 723 723 453.2565 679.6875
27.3695 626 626 673 673 450.8251 703.1250
27.3761 713 713 586 586 475.1111 703.1250
27.3828 615 615 684 684 469.5093 703.1250
27.3894 639 639 660 660 470.8927 703.1250
27.3960 718 718 581 581 495.2526 703.1250
27.4026 642 642 657 657 496.4506 703.1250
27.4092 592 592 707 707 483.2807 703.1250
27.4158 707 707 592 592 504.6703 703.1250
27.4225 672 672 627 627 515.3580 703.1250
27.4291 611 611 688 688 508.3053 703.1250
27.4358 646 646 653 653 512.5674 750.0000
27.4425 639 639 660 660 515.1570 750.0000
27.4491 629 629 670 670 514.9748 750.0000
27.4559 651 651 648 648 521.0213 750.0000
27.4625 655 655 644 644 527.8144 750.0000
27.4691 631 631 668 668 527.6293 750.0000
27.4757 680 680 619 619 541.5535 750.0000
27.4823 612 612 687 687 535.7850 750.0000
27.4888 602 602 697 697 527.0326 750.0000
27.4955 670 670 629 629 539.2808 765.6250
27.5022 672 672 627 627 551.8777 765.6250
27.5089 569 569 730 730 532.9831 765.6250
27.5155 641 641 658 658 535.9572 765.6250
27.5221 710 710 589 589 558.9752 765.6250
27.5288 571 571 728 728 541.1806 765.6250
27.5354 589 589 710 710 529.5926 765.6250
27.5421 711 711 588 588 553.6420 765.6250
27.5488 586 586 713 713 541.0321 789.0625
27.5554 593 593 706 706 530.5093 789.0625
27.5621 682 682 617 617 546.0658 789.0625
27.5688 635 635 664 664 547.5071 789.0625
27.5754 625 625 674 674 545.6554 789.0625
27.5821 673 673 626 626 557.5563 789.0625
27.5887 638 638 661 661 559.4366 789.0625
27.5953 658 658 641 641 566.9922 789.0625
27.6020 663 663 636 636 575.8931 789.0625
27.6087 673 673 626 626 589.6516 835.9375
27.6153 661 661 638 638 599.1532 835.9375
27.6219 639 639 660 660 602.0406 835.9375
27.6286 660 660 639 639 611.4398 835.9375
27.6352 674 674 625 625 624.6323 835.9375
27.6419 638 638 661 661 627.3389 835.9375
27.6486 610 610 689 689 622.2722 835.9375
27.6552 683 683 616 616 638.6059 835.9375
27.6619 661 661 638 638 649.3679 890.6250
27.6685 586 586 713 713 637.8699 890.6250
27.6751 658 658 641 641 647.4827 890.6250
27.6817 681 681 618 618 664.3228 890.6250
27.6884 637 637 662 662 667.7546 890.6250
27.6950 599 599 700 700 660.2034 890.6250
27.7017 639 639 660 660 664.5673 890.6250
27.7084 632 632 667 667 666.9740 890.6250
27.7151 610 610 689 689 663.0569 890.6250
27.7218 614 614 685 685 660.3644 921.8750
27.7284 636 636 663 663 664.5736 921.8750
27.7351 625 625 674 674 665.2170 921.8750
27.7417 635 635 664 664 667.5377 921.8750
27.7484 605 605 694 694 660.8552 921.8750
27.7550 638 638 661 661 663.9346 921.8750
27.7617 663 663 636 636 673.9681 921.8750
27.7684 641 641 658 658 677.4935 921.8750
27.7751 619 619 680 680 674.8501 968.7500
27.7818 642 642 657 657 679.2355 968.7500
27.7884 624 624 675 675 678.8961 968.7500
27.7950 658 658 641 641 688.6519 968.7500
27.8017 646 646 653 653 693.8661 968.7500
27.8084 613 613 686 686 689.4920 968.7500
27.8150 663 663 636 636 700.2294 968.7500
27.8217 669 669 630 630 712.4984 968.7500
27.8284 578 578 721 721 698.2239 1000.0000
27.8351 606 606 693 693 692.8036 1000.0000
27.8417 689 689 610 610 712.4015 1000.0000
27.8484 606 606 693 693 706.8450 1000.0000
27.8550 646 646 653 653 713.1744 1000.0000
27.8617 697 697 602 602 734.7747 1000.0000
27.8684 607 607 692 692 729.1775 1000.0000
27.8750 579 579 720 720 717.0099 1000.0000
27.8817 686 686 613 613 736.8381 1000.0000
27.8884 645 645 654 654 743.8065 1000.0000
27.8950 596 596 703 703 736.4938 1000.0000
27.9017 649 649 650 650 744.7277 1000.0000
27.9084 662 662 637 637 756.3260 1000.0000
27.9150 624 624 675 675 757.0114 1000.0000
27.9217 627 627 672 672 758.8437 1000.0000
27.9284 646 646 653 653 766.5618 1000.0000
27.9350 684 684 615 615 785.0834 1000.0000
27.9417 598 598 701 701 778.0183 1000.0000
27.9483 620 620 679 679 777.5320 1000.0000
27.9550 678 678 621 621 794.2479 1000.0000
27.9616 651 651 648 648 802.8327 1000.0000
27.9683 607 607 692 692 797.6454 1000.0000
27.9750 676 676 623 623 813.0346 1000.0000
27.9816 664 664 635 635 824.8062 1000.0000
27.9882 566 566 733 733 808.1784 1000.0000
27.9949 677 677 622 622 824.6548 1000.0000
28.0014 677 677 622 622 840.9614 1000.0000
28.0081 569 569 730 730 824.6931 1000.0000
28.0148 630 630 669 669 826.6475 1000.0000
28.0214 704 704 595 595 849.8540 1000.0000
28.0280 574 574 725 725 833.1232 1000.0000
28.0347 612 612 687 687 828.0707 1000.0000
28.0414 698 698 601 601 848.7012 1000.0000
28.0481 612 612 687 687 843.5301 1000.0000
28.0547 569 569 730 730 825.9784 1000.0000
28.0614 638 638 661 661 828.8047 1000.0000
28.0681 643 643 656 656 834.1719 1000.0000
28.0747 591 591 708 708 823.9410 1000.0000
28.0814 590 590 709 709 812.7799 1000.0000
28.0881 647 647 652 652 819.0612 1000.0000
28.0947 659 659 640 640 828.2018 1000.0000
28.1014 606 606 693 693 820.2416 1000.0000
28.1081 623 623 676 676 818.4260 1000.0000
28.1147 662 662 637 637 827.9372 1000.0000
28.1214 611 611 688 688 822.0555 1000.0000
28.1281 640 640 659 659 825.2806 1000.0000
28.1347 654 654 645 645 833.0480 1000.0000
28.1414 596 596 703 703 823.9075 1000.0000
28.1481 658 658 641 641 833.2728 1000.0000
28.1548 635 635 664 664 835.7948 1000.0000
28.1614 572 572 727 727 820.4492 1000.0000
28.1681 664 664 635 635 832.2571 1000.0000
28.1747 658 658 641 641 841.9810 1000.0000
28.1814 584 584 715 715 830.4574 1000.0000
28.1879 643 643 656 656 836.1583 1000.0000
28.1946 669 669 630 630 849.6443 1000.0000
28.2013 625 625 674 674 850.3898 1000.0000
28.2079 627 627 672 672 851.4343 1000.0000
28.2145 674 674 625 625 865.9763 1000.0000
28.2212 606 606 693 693 860.8880 1000.0000
28.2279 615 615 684 684 858.9514 1000.0000
28.2345 635 635 664 664 862.3450 1000.0000
28.2411 679 679 620 620 878.0752 1000.0000
28.2478 614 614 685 685 874.3599 1000.0000
28.2544 584 584 715 715 861.6014 1000.0000
28.2611 692 692 607 607 881.7250 1000.0000
28.2698 593 593 706 706 869.1218 1000.0000
28.2772 623 623 676 676 868.1171 1000.0000
28.2843 697 697 602 602 890.5894 1000.0000
28.2913 657 657 642 642 899.5214 1000.0000
28.2980 580 580 719 719 884.2681 1000.0000
28.3048 674 674 625 625 897.7590 1000.0000
28.3118 698 698 601 601 918.5516 1000.0000
28.3186 588 588 711 711 905.6522 1000.0000
28.3253 611 611 688 688 900.4949 1000.0000
28.3322 672 672 627 627 914.0618 1000.0000
28.3390 631 631 668 668 915.4973 1000.0000
28.3458 599 599 700 700 907.4553 1000.0000
28.3525 634 634 665 665 910.5760 1000.0000
28.3594 630 630 669 669 912.8220 1000.0000
28.3663 612 612 687 687 908.8360 1000.0000
28.3732 637 637 662 662 912.7441 1000.0000
28.3800 638 638 661 661 916.3810 1000.0000
28.3868 589 589 710 710 904.9201 1000.0000
28.3935 631 631 668 668 906.6558 1000.0000
28.4002 650 650 649 649 913.3180 1000.0000
28.4070 624 624 675 675 912.0171 1000.0000
28.4138 615 615 684 684 908.2188 1000.0000
28.4208 601 601 698 698 900.3044 1000.0000
28.4276 635 635 664 664 902.9158 1000.0000
28.4343 654 654 645 645 910.8914 1000.0000
28.4412 661 661 638 638 921.8088 1000.0000
28.4480 563 563 736 736 901.8933 1000.0000
28.4546 617 617 682 682 898.8226 1000.0000
28.4614 692 692 607 607 918.8716 1000.0000
28.4686 678 678 621 621 934.0956 1000.0000
28.4753 563 563 736 736 913.8019 1000.0000
28.4819 699 699 600 600 933.6428 1000.0000
28.4886 674 674 625 625 946.3842 1000.0000
28.4952 576 576 723 723 930.2775 1000.0000
28.5019 646 646 653 653 935.3867 1000.0000
28.5085 637 637 662 662 938.1904 1000.0000
28.5151 615 615 684 684 935.0197 1000.0000
28.5217 613 613 686 686 930.7293 1000.0000
28.5285 625 625 674 674 930.5945 1000.0000
28.5351 661 661 638 638 940.6864 1000.0000
28.5423 638 638 661 661 943.5149 1000.0000
28.5491 580 580 719 719 929.5184 1000.0000
28.5559 613 613 686 686 925.6619 1000.0000
28.5627 659 659 640 640 935.0708 1000.0000
28.5694 590 590 709 709 923.9283 1000.0000
28.5762 593 593 706 706 913.3830 1000.0000
28.5829 653 653 646 646 920.5463 1000.0000
28.5897 613 613 686 686 915.3607 1000.0000
28.5965 601 601 698 698 907.3239 1000.0000
28.6033 676 676 623 623 921.3940 1000.0000
28.6101 620 620 679 679 918.0262 1000.0000
28.6167 566 566 733 733 899.8952 1000.0000
28.6236 653 653 646 646 908.0034 1000.0000
28.6304 664 664 635 635 919.0008 1000.0000
28.6372 587 587 712 712 907.1435 1000.0000
28.6440 590 590 709 709 896.2170 1000.0000
28.6509 666 666 633 633 908.0865 1000.0000
28.6577 629 629 670 670 908.5297 1000.0000
28.6645 638 638 661 661 912.2160 1000.0000
28.6713 612 612 687 687 907.2430 1000.0000
28.6782 625 625 674 674 905.8324 1000.0000
28.6849 665 665 634 634 916.8574 1000.0000
28.6920 677 677 622 622 931.7390 1000.0000
28.6986 635 635 664 664 933.0087 1000.0000
28.7052 654 654 645 645 940.2148 1000.0000
28.7119 669 669 630 630 952.3806 1000.0000
28.7186 627 627 672 672 952.0295 1000.0000
28.7252 639 639 660 660 956.0572 1000.0000
28.7319 649 649 650 650 963.5854 1000.0000
28.7386 609 609 690 690 958.9376 1000.0000
28.7452 672 672 627 627 972.8994 1000.0000
28.7520 663 663 636 636 984.1266 1000.0000
28.7589 591 591 708 708 972.7181 1000.0000
28.7658 633 633 666 666 974.4778 1000.0000
28.7728 668 668 631 631 987.4796 1000.0000
28.7801 664 664 635 635 999.5979 1000.0000
28.7872 619 619 680 680 996.4662 1000.0000
28.7943 576 576 723 723 980.2236 1000.0000
28.8015 566 566 733 733 961.5360 1000.0000
28.8089 612 612 687 687 957.8331 1000.0000
28.8161 636 636 663 663 961.7698 1000.0000
28.8234 628 628 671 671 961.7400 1000.0000
28.8305 632 632 667 667 962.4825 1000.0000
28.8377 637 637 662 662 964.8879 1000.0000
28.8449 624 624 675 675 962.1328 1000.0000
28.8520 594 594 705 705 950.0478 1000.0000
28.8592 574 574 725 725 932.6179 1000.0000
28.8665 638 638 661 661 935.3746 1000.0000
28.8733 682 682 617 617 950.9642 1000.0000
28.8800 602 602 697 697 942.1663 1000.0000
28.8869 586 586 713 713 929.2989 1000.0000
28.8937 676 676 623 623 942.6739 1000.0000
28.9005 607 607 692 692 935.4794 1000.0000
28.9071 646 646 653 653 941.0142 1000.0000
28.9140 663 663 636 636 950.4776 1000.0000
28.9209 599 599 700 700 941.0009 1000.0000
28.9277 594 594 705 705 931.1295 1000.0000
28.9344 660 660 639 639 941.1079 1000.0000
28.9413 675 675 624 624 955.5775 1000.0000
28.9480 593 593 706 706 945.0689 1000.0000
28.9548 619 619 680 680 943.2510 1000.0000
28.9614 652 652 647 647 950.1507 1000.0000
28.9681 643 643 656 656 954.5990 1000.0000
28.9748 624 624 675 675 954.1533 1000.0000
28.9814 618 618 681 681 951.6734 1000.0000
28.9881 653 653 646 646 959.6463 1000.0000
28.9948 631 631 668 668 961.2955 1000.0000
29.0015 606 606 693 693 954.9803 1000.0000
29.0082 647 647 652 652 961.2372 1000.0000
29.0150 648 648 651 651 967.3381 1000.0000
29.0217 583 583 716 716 954.8306 1000.0000
29.0284 665 665 634 634 966.5697 1000.0000
29.0350 613 613 686 686 962.2570 1000.0000
29.0417 581 581 718 718 949.3295 1000.0000
29.0484 664 664 635 635 960.4926 1000.0000
29.0550 630 630 669 669 960.7593 1000.0000
29.0617 561 561 738 738 941.8840 1000.0000
29.0684 676 676 623 623 956.5635 1000.0000
29.0752 703 703 596 596 980.1152 1000.0000
29.0819 578 578 721 721 965.7808 1000.0000
29.0886 596 596 703 703 957.3527 1000.0000
29.0953 672 672 627 627 971.2780 1000.0000
29.1020 625 625 674 674 970.7652 1000.0000
29.1086 617 617 682 682 968.8013 1000.0000
29.1153 602 602 697 697 961.8481 1000.0000
29.1219 630 630 669 669 962.9920 1000.0000
29.1286 662 662 637 637 974.2306 1000.0000
29.1353 581 581 718 718 960.2090 1000.0000
29.1420 615 615 684 684 956.6422 1000.0000
29.1487 647 647 652 652 962.7431 1000.0000
29.1553 611 611 688 688 957.7726 1000.0000
29.1620 643 643 656 656 962.5205 1000.0000
29.1687 592 592 707 707 951.3618 1000.0000
29.1753 615 615 684 684 948.5729 1000.0000
29.1819 687 687 612 612 966.7189 1000.0000
29.1886 614 614 685 685 961.7186 1000.0000
29.1952 576 576 723 723 946.4761 1000.0000
29.2018 709 709 590 590 970.4302 1000.0000
29.2085 616 616 683 683 965.9282 1000.0000
29.2151 558 558 741 741 945.2315 1000.0000
29.2217 686 686 613 613 963.0793 1000.0000
29.2284 642 642 657 657 967.5578 1000.0000
29.2350 607 607 692 692 960.6172 1000.0000
29.2417 622 622 677 677 958.7733 1000.0000
29.2483 606 606 693 693 953.3649 1000.0000
29.2550 643 643 656 656 958.3792 1000.0000
29.2617 611 611 688 688 954.2072 1000.0000
29.2685 572 572 727 727 938.5674 1000.0000
29.2752 634 634 665 665 941.4377 1000.0000
29.2818 628 628 671 671 942.5388 1000.0000
29.2885 616 616 683 683 939.7042 1000.0000
29.2951 610 610 689 689 935.3560 1000.0000
29.3017 622 622 677 677 933.8352 1000.0000
29.3084 687 687 612 612 950.5967 1000.0000
29.3150 618 618 681 681 947.6980 1000.0000
29.3217 597 597 702 702 938.3284 1000.0000
29.3283 680 680 619 619 953.8501 1000.0000
29.3349 637 637 662 662 956.7005 1000.0000
29.3418 585 585 714 714 943.8665 1000.0000
29.3485 658 658 641 641 952.9445 1000.0000
29.3551 612 612 687 687 948.0894 1000.0000
29.3618 595 595 704 704 939.5579 1000.0000
29.3685 662 662 637 637 950.3893 1000.0000
29.3752 592 592 707 707 939.6015 1000.0000
29.3818 598 598 701 701 932.3033 1000.0000
29.3885 697 697 602 602 953.7584 1000.0000
29.3951 603 603 696 696 947.0547 1000.0000
29.4017 612 612 687 687 943.3604 1000.0000
29.4084 662 662 637 637 954.3027 1000.0000
29.4152 651 651 648 648 962.0460 1000.0000
29.4220 639 639 660 660 965.3948 1000.0000
29.4286 598 598 701 701 957.7662 1000.0000
29.4355 633 633 666 666 960.8439 1000.0000
29.4423 682 682 617 617 978.6288 1000.0000
29.4490 616 616 683 683 976.5034 1000.0000
29.4557 589 589 710 710 966.2739 1000.0000
29.4626 665 665 634 634 979.5071 1000.0000
29.4698 683 683 616 616 999.2296 1000.0000
29.4765 592 592 707 707 990.0947 1000.0000
29.4833 598 598 701 701 982.3214 1000.0000
29.4902 653 653 646 646 991.7185 1000.0000
29.4970 608 608 691 691 987.6373 1000.0000
29.5037 580 580 719 719 974.7097 1000.0000
29.5105 646 646 653 653 981.1298 1000.0000
29.5174 640 640 659 659 985.7347 1000.0000
29.5243 569 569 730 730 968.3676 1000.0000
29.5311 637 637 662 662 971.1875 1000.0000
29.5378 664 664 635 635 981.7532 1000.0000
29.5445 576 576 723 723 965.4172 1000.0000
29.5512 584 584 715 715 951.9482 1000.0000
29.5579 635 635 664 664 954.1724 1000.0000
29.5650 649 649 650 650 961.5297 1000.0000
29.5717 653 653 646 646 968.4774 1000.0000
29.5783 599 599 700 700 958.7959 1000.0000
29.5850 632 632 667 667 960.1842 1000.0000
29.5917 669 669 630 630 972.1699 1000.0000
29.5983 624 624 675 675 970.8195 1000.0000
29.6050 639 639 660 660 973.7709 1000.0000
29.6116 634 634 665 665 975.7278 1000.0000
29.6182 600 600 699 699 967.9922 1000.0000
29.6248 665 665 634 634 979.5933 1000.0000
29.6315 632 632 667 667 982.2529 1000.0000
29.6381 560 560 739 739 963.6921 1000.0000
29.6448 687 687 612 612 983.2794 1000.0000
29.6514 634 634 665 665 986.9382 1000.0000
29.6580 567 567 732 732 970.3671 1000.0000
29.6646 645 645 654 654 977.1262 1000.0000
29.6713 643 643 656 656 982.5665 1000.0000
29.6781 572 572 727 727 967.7927 1000.0000
29.6848 635 635 664 664 970.7669 1000.0000
29.6916 629 629 670 670 970.6979 1000.0000
29.6982 622 622 677 677 969.2126 1000.0000
29.7049 648 648 651 651 974.5814 1000.0000
29.7115 624 624 675 675 972.7587 1000.0000
29.7182 616 616 683 683 969.3923 1000.0000
29.7249 644 644 655 655 974.7674 1000.0000
29.7316 613 613 686 686 971.3727 1000.0000
29.7383 663 663 636 636 981.6399 1000.0000
29.7450 584 584 715 715 969.3755 1000.0000
29.7516 629 629 670 670 970.7613 1000.0000
29.7583 678 678 621 621 985.7432 1000.0000
29.7649 568 568 731 731 968.7410 1000.0000
29.7719 576 576 723 723 953.2794 1000.0000
29.7789 690 690 609 609 973.4816 1000.0000
29.7858 665 665 634 634 984.9080 1000.0000
29.7928 587 587 712 712 973.1752 1000.0000
29.7999 650 650 649 649 980.9582 1000.0000
29.8072 679 679 620 620 998.2254 1000.0000
29.8144 647 647 652 652 1005.5355 1000.0000
29.8213 578 578 721 721 991.1365 1000.0000
29.8284 597 597 702 702 983.1307 1000.0000
29.8354 669 669 630 630 998.2705 1000.0000
29.8424 643 643 656 656 1004.3427 1000.0000
29.8494 572 572 727 727 987.9450 1000.0000
29.8564 596 596 703 703 978.5027 1000.0000
29.8634 611 611 688 688 974.2551 1000.0000
29.8705 594 594 705 705 964.3848 1000.0000
29.8771 638 638 661 661 967.4898 1000.0000
29.8840 635 635 664 664 970.7521 1000.0000
29.8907 565 565 734 734 950.7859 1000.0000
29.8974 610 610 689 689 945.3500 1000.0000
29.9041 652 652 647 647 952.6796 1000.0000
29.9108 612 612 687 687 947.9563 1000.0000
29.9174 666 666 633 633 958.5386 1000.0000
29.9240 607 607 692 692 950.2279 1000.0000
29.9308 591 591 708 708 939.8578 1000.0000
29.9375 702 702 597 597 961.4796 1000.0000
29.9442 598 598 701 701 951.4944 1000.0000
29.9508 562 562 737 737 932.6487 1000.0000
29.9574 702 702 597 597 955.0143 1000.0000
29.9640 627 627 672 672 955.8336 1000.0000
29.9707 648 648 651 651 961.9437 1000.0000
29.9774 630 630 669 669 963.9752 1000.0000
29.9840 642 642 657 657 970.3892 1000.0000
29.9908 637 637 662 662 974.7615 1000.0000
29.9975 643 643 656 656 981.7360 1000.0000
30.0041 630 630 669 669 985.1323 1000.0000
30.0107 654 654 645 645 995.2227 1000.0000
30.0173 622 622 677 677 996.0845 1000.0000
30.0240 615 615 684 684 994.9059 1000.0000
30.0305 645 645 654 654 1002.4134 1000.0000
30.0371 595 595 704 704 994.9582 1000.0000
30.0438 636 636 663 663 999.9546 1000.0000
30.0504 660 660 639 639 1011.7001 1000.0000
30.0572 604 604 695 695 1005.6967 1000.0000
30.0639 634 634 665 665 1009.1057 1000.0000
30.0706 669 669 630 630 1023.0633 1000.0000
30.0775 571 571 728 728 1006.3151 1000.0000
30.0845 570 570 729 729 990.1379 1000.0000
30.0914 671 671 628 628 1004.9703 1000.0000
30.0984 683 683 616 616 1022.2081 1000.0000
30.1054 601 601 698 698 1012.9869 1000.0000
30.1124 570 570 729 729 994.4395 1000.0000
30.1194 614 614 685 685 989.9499 1000.0000
30.1263 637 637 662 662 992.2086 1000.0000
30.1332 635 635 664 664 995.5329 1000.0000
30.1402 644 644 655 655 1001.4147 1000.0000
30.1473 650 650 649 649 1008.4692 1000.0000
30.1543 608 608 691 691 1003.1779 1000.0000
30.1613 603 603 696 696 996.3343 1000.0000
30.1683 629 629 670 670 998.2032 1000.0000
30.1751 625 625 674 674 998.9000 1000.0000
30.1818 640 640 659 659 1004.2454 1000.0000
30.1884 606 606 693 693 998.8745 1000.0000
30.1950 586 586 713 713 987.1275 1000.0000
30.2016 692 692 607 607 1007.9136 1000.0000
30.2082 661 661 638 638 1018.6256 1000.0000
30.2148 560 560 739 739 999.3082 1000.0000
30.2215 700 700 599 599 1023.5382 1000.0000
30.2282 664 664 635 635 1037.0536 1000.0000
30.2348 577 577 722 722 1024.2446 1000.0000
30.2415 659 659 640 640 1035.3979 1000.0000
30.2481 649 649 650 650 1043.3851 1000.0000
30.2547 610 610 689 689 1039.7655 1000.0000
30.2614 613 613 686 686 1035.2998 1000.0000
30.2682 599 599 700 700 1026.9084 1000.0000
30.2749 634 634 665 665 1029.8468 1000.0000
30.2815 655 655 644 644 1037.8530 1000.0000
30.2882 582 582 717 717 1024.2634 1000.0000
30.2948 633 633 666 666 1025.7043 1000.0000
30.3015 623 623 676 676 1023.6757 1000.0000
30.3081 610 610 689 689 1017.8155 1000.0000
30.3147 625 625 674 674 1016.5120 1000.0000
30.3213 593 593 706 706 1006.0330 1000.0000
30.3280 687 687 612 612 1022.5527 1000.0000
30.3346 639 639 660 660 1023.8444 1000.0000
30.3413 541 541 758 758 996.6829 1000.0000
30.3480 598 598 701 701 987.2350 1000.0000
30.3546 665 665 634 634 997.5816 1000.0000
30.3613 571 571 728 728 981.3041 1000.0000
30.3679 656 656 643 643 989.8505 1000.0000
30.3746 656 656 643 643 997.1936 1000.0000
30.3812 630 630 669 669 997.6107 1000.0000
30.3879 648 648 651 651 1004.8445 1000.0000
30.3945 585 585 714 714 992.6765 1000.0000
30.4012 624 624 675 675 992.4632 1000.0000
30.4078 672 672 627 627 1006.9767 1000.0000
30.4145 608 608 691 691 1002.2534 1000.0000
30.4211 586 586 713 713 991.1733 1000.0000
30.4278 655 655 644 644 1000.3125 1000.0000
30.4344 645 645 654 654 1006.4087 1000.0000
30.4411 609 609 690 690 1001.2939 1000.0000
30.4477 593 593 706 706 990.8191 1000.0000
30.4545 651 651 648 648 999.0319 1000.0000
30.4612 640 640 659 659 1003.6230 1000.0000
30.4678 586 586 713 713 991.7279 1000.0000
30.4745 620 620 679 679 990.2990 1000.0000
30.4811 630 630 669 669 991.7840 1000.0000
30.4877 596 596 703 703 983.0951 1000.0000
30.4943 659 659 640 640 991.1561 1000.0000
30.5010 592 592 707 707 979.7548 1000.0000
30.5076 625 625 674 674 979.0082 1000.0000
30.5142 686 686 613 613 994.5760 1000.0000
30.5208 601 601 698 698 984.8887 1000.0000
30.5275 607 607 692 692 977.3802 1000.0000
30.5341 692 692 607 607 994.9623 1000.0000
30.5408 617 617 682 682 990.2985 1000.0000
30.5475 598 598 701 701 981.4550 1000.0000
30.5541 630 630 669 669 982.7761 1000.0000
30.5608 646 646 653 653 988.3965 1000.0000
30.5674 643 643 656 656 993.9760 1000.0000
30.5740 589 589 710 710 983.9677 1000.0000
30.5807 632 632 667 667 986.8737 1000.0000
30.5873 641 641 658 658 992.1929 1000.0000
30.5939 602 602 697 697 986.1608 1000.0000
30.6005 631 631 668 668 988.6343 1000.0000
30.6072 633 633 666 666 990.7286 1000.0000
30.6138 593 593 706 706 981.4167 1000.0000
30.6205 648 648 651 651 989.1638 1000.0000
30.6271 572 572 727 727 973.4957 1000.0000
30.6337 645 645 654 654 979.4907 1000.0000
30.6403 690 690 609 609 998.3896 1000.0000
30.6471 577 577 722 722 983.1378 1000.0000
30.6537 627 627 672 672 982.9445 1000.0000
30.6605 705 705 594 594 1005.9995 1000.0000
30.6671 581 581 718 718 991.7300 1000.0000
30.6738 575 575 724 724 975.7142 1000.0000
30.6804 666 666 633 633 987.1085 1000.0000
30.6871 602 602 697 697 980.3077 1000.0000
30.6937 626 626 673 673 980.2621 1000.0000
30.7005 617 617 682 682 975.3679 1000.0000
30.7071 575 575 724 724 958.9669 1000.0000
30.7138 653 653 646 646 966.2418 1000.0000
30.7204 640 640 659 659 969.2250 1000.0000
30.7271 600 600 699 699 960.0829 1000.0000
30.7337 615 615 684 684 955.7328 1000.0000
30.7403 634 634 665 665 957.2991 1000.0000
30.7470 634 634 665 665 958.4198 1000.0000
30.7536 585 585 714 714 945.6178 1000.0000
30.7603 629 629 670 670 946.3323 1000.0000
30.7669 653 653 646 646 953.6304 1000.0000
30.7735 608 608 691 691 947.8109 1000.0000
30.7802 636 636 663 663 951.4365 1000.0000
30.7869 643 643 656 656 957.4108 1000.0000
30.7936 635 635 664 664 960.0991 1000.0000
30.8002 682 682 617 617 977.6483 1000.0000
30.8068 624 624 675 675 978.8358 1000.0000
30.8135 584 584 715 715 968.4243 1000.0000
30.8201 684 684 615 615 988.8551 1000.0000
30.8268 667 667 632 632 1003.5482 1000.0000
30.8334 551 551 748 748 983.8643 1000.0000
30.8400 682 682 617 617 1002.3110 1000.0000
30.8467 662 662 637 637 1014.4451 1000.0000
30.8533 595 595 704 704 1006.9617 1000.0000
30.8600 640 640 659 659 1011.1602 1000.0000
30.8666 650 650 649 649 1017.8779 1000.0000
30.8732 627 627 672 672 1018.3489 1000.0000
30.8799 608 608 691 691 1012.6118 1000.0000
30.8866 610 610 689 689 1007.5431 1000.0000
30.8932 642 642 657 657 1012.6646 1000.0000
30.8999 601 601 698 698 1005.1071 1000.0000
30.9065 601 601 698 698 997.8739 1000.0000
30.9131 656 656 643 643 1006.7291 1000.0000
30.9197 600 600 699 699 998.6693 1000.0000
30.9264 614 614 685 685 994.5233 1000.0000
30.9330 653 653 646 646 1000.9396 1000.0000
30.9398 581 581 718 718 986.4962 1000.0000
30.9465 610 610 689 689 980.6729 1000.0000
30.9531 678 678 621 621 994.2728 1000.0000
30.9597 556 556 743 743 972.8146 1000.0000
30.9664 654 654 645 645 980.6961 1000.0000
30.9730 685 685 614 614 997.6361 1000.0000
30.9797 595 595 704 704 987.7669 1000.0000
30.9863 638 638 661 661 991.6650 1000.0000
30.9930 642 642 657 657 997.2004 1000.0000
30.9996 613 613 686 686 993.6449 1000.0000
31.0061 636 636 663 663 997.4155 1000.0000
31.0128 610 610 689 689 993.8358 1000.0000
31.0195 640 640 659 659 998.9697 1000.0000
31.0261 620 620 679 679 997.8882 1000.0000
31.0327 619 619 680 680 996.2153 1000.0000
31.0394 638 638 661 661 1000.2028 1000.0000
31.0460 623 623 676 676 999.0837 1000.0000
31.0526 617 617 682 682 996.6179 1000.0000
31.0592 621 621 678 678 995.5541 1000.0000
31.0658 617 617 682 682 992.6529 1000.0000
31.0725 664 664 635 635 1003.4178 1000.0000
31.0792 621 621 678 678 1001.8548 1000.0000
31.0858 581 581 718 718 988.0889 1000.0000
31.0924 642 642 657 657 992.6125 1000.0000
31.0992 646 646 653 653 998.1940 1000.0000
31.1059 550 550 749 749 975.0631 1000.0000
31.1125 657 657 642 642 983.1893 1000.0000
31.1192 619 619 680 680 979.3763 1000.0000
31.1258 604 604 695 695 972.2256 1000.0000
31.1324 670 670 629 629 982.9726 1000.0000
31.1391 593 593 706 706 970.7959 1000.0000
31.1457 622 622 677 677 969.0572 1000.0000
31.1523 674 674 625 625 982.8039 1000.0000
31.1589 641 641 658 658 986.5035 1000.0000
31.1657 621 621 678 678 983.7983 1000.0000
31.1724 625 625 674 674 983.6868 1000.0000
31.1792 652 652 647 647 992.4735 1000.0000
31.1858 659 659 640 640 1003.1235 1000.0000
31.1924 593 593 706 706 995.2932 1000.0000
31.1990 655 655 644 644 1005.9971 1000.0000
31.2057 663 663 636 636 1018.6603 1000.0000
31.2122 564 564 735 735 1002.4691 1000.0000
31.2189 647 647 652 652 1010.4368 1000.0000
31.2255 669 669 630 630 1024.4052 1000.0000
31.2322 565 565 734 734 1007.3203 1000.0000
31.2388 633 633 666 666 1010.6932 1000.0000
31.2454 645 645 654 654 1018.0262 1000.0000
31.2521 599 599 700 700 1010.7067 1000.0000
31.2589 617 617 682 682 1009.7579 1000.0000
31.2655 636 636 663 663 1014.0978 1000.0000
31.2722 609 609 690 690 1009.7798 1000.0000
31.2788 653 653 646 646 1018.0981 1000.0000
31.2854 610 610 689 689 1013.0933 1000.0000
31.2921 616 616 683 683 1009.7318 1000.0000
31.2988 630 630 669 669 1009.7137 1000.0000
31.3054 622 622 677 677 1007.1945 1000.0000
31.3120 620 620 679 679 1004.3271 1000.0000
31.3186 621 621 678 678 1000.4110 1000.0000
31.3253 635 635 664 664 1000.8621 1000.0000
31.3319 654 654 645 645 1007.4283 1000.0000
31.3388 591 591 708 708 994.1581 1000.0000
31.3455 620 620 679 679 991.0485 1000.0000
31.3522 682 682 617 617 1006.9056 1000.0000
31.3588 605 605 694 694 1000.4355 1000.0000
31.3654 615 615 684 684 996.7374 1000.0000
31.3721 664 664 635 635 1007.5953 1000.0000
31.3788 595 595 704 704 999.3232 1000.0000
31.3854 631 631 668 668 1001.3406 1000.0000
31.3920 631 631 668 668 1002.7934 1000.0000
31.3987 582 582 717 717 991.3272 1000.0000
31.4053 652 652 647 647 1000.2738 1000.0000
31.4120 652 652 647 647 1009.0146 1000.0000
31.4186 577 577 722 722 995.7052 1000.0000
31.4252 626 626 673 673 997.4506 1000.0000
31.4319 650 650 649 649 1005.4044 1000.0000
31.4386 629 629 670 670 1006.3240 1000.0000
31.4453 616 616 683 683 1004.0741 1000.0000
31.4520 607 607 692 692 998.3005 1000.0000
31.4586 660 660 639 639 1008.2862 1000.0000
31.4652 608 608 691 691 1003.1124 1000.0000
31.4719 598 598 701 701 994.7084 1000.0000
31.4786 683 683 616 616 1011.0912 1000.0000
31.4853 626 626 673 673 1009.4407 1000.0000
31.4920 618 618 681 681 1005.5657 1000.0000
31.4987 670 670 629 629 1017.3794 1000.0000
31.5053 607 607 692 692 1009.4079 1000.0000
31.5120 614 614 685 685 1005.2338 1000.0000
31.5186 679 679 620 620 1020.3217 1000.0000
31.5252 593 593 706 706 1009.1266 1000.0000
31.5318 649 649 650 650 1015.1050 1000.0000
31.5385 689 689 610 610 1032.8773 1000.0000
31.5451 607 607 692 692 1026.2954 1000.0000
31.5518 633 633 666 666 1027.7208 1000.0000
31.5584 649 649 650 650 1034.0822 1000.0000
31.5650 617 617 682 682 1031.7635 1000.0000
31.5717 630 630 669 669 1032.6555 1000.0000
31.5784 617 617 682 682 1029.9131 1000.0000
31.5850 624 624 675 675 1029.6885 1000.0000
31.5917 631 631 668 668 1030.5388 1000.0000
31.5983 602 602 697 697 1023.2122 1000.0000
31.6049 636 636 663 663 1026.6837 1000.0000
31.6116 638 638 661 661 1029.6372 1000.0000
31.6182 578 578 721 721 1015.0132 1000.0000
31.6248 664 664 635 635 1027.0232 1000.0000
31.6314 659 659 640 640 1036.5035 1000.0000
31.6380 540 540 759 759 1011.0250 1000.0000
31.6447 655 655 644 644 1019.6216 1000.0000
31.6513 611 611 688 688 1016.0590 1000.0000
31.6579 582 582 717 717 1003.7554 1000.0000
31.6646 654 654 645 645 1010.9996 1000.0000
31.6712 578 578 721 721 996.2087 1000.0000
31.6779 645 645 654 654 1000.8845 1000.0000
31.6845 680 680 619 619 1014.6174 1000.0000
31.6912 612 612 687 687 1007.9146 1000.0000
31.6979 593 593 706 706 995.6514 1000.0000
31.7045 625 625 674 674 993.5165 1000.0000
31.7110 650 650 649 649 997.8468 1000.0000
31.7177 626 626 673 673 995.9058 1000.0000
31.7243 597 597 702 702 986.1807 1000.0000
31.7310 670 670 629 629 997.5842 1000.0000
31.7377 632 632 667 667 998.1859 1000.0000
31.7443 583 583 716 716 984.7126 1000.0000
31.7511 674 674 625 625 999.0497 1000.0000
31.7578 611 611 688 688 993.4480 1000.0000
31.7644 593 593 706 706 983.1708 1000.0000
31.7710 677 677 622 622 998.7435 1000.0000
31.7777 590 590 709 709 988.1674 1000.0000
31.7843 625 625 674 674 989.1056 1000.0000
31.7910 679 679 620 620 1006.5806 1000.0000
31.7977 577 577 722 722 992.8424 1000.0000
31.8043 604 604 695 695 987.9852 1000.0000
31.8109 694 694 605 605 1009.4758 1000.0000
31.8175 610 610 689 689 1006.3157 1000.0000
31.8242 612 612 687 687 1003.5555 1000.0000
31.8309 645 645 654 654 1010.1188 1000.0000
31.8376 637 637 662 662 1015.3729 1000.0000
31.8442 641 641 658 658 1021.1602 1000.0000
31.8509 601 601 698 698 1013.8173 1000.0000
31.8576 653 653 646 646 1023.2017 1000.0000
31.8642 646 646 653 653 1029.8270 1000.0000
31.8709 590 590 709 709 1019.0257 1000.0000
31.8775 646 646 653 653 1024.4359 1000.0000
31.8842 660 660 639 639 1033.6083 1000.0000
31.8909 586 586 713 713 1020.8355 1000.0000
31.8975 654 654 645 645 1027.3958 1000.0000
31.9041 600 600 699 699 1018.5131 1000.0000
31.9107 595 595 704 704 1008.8469 1000.0000
31.9174 682 682 617 617 1024.0050 1000.0000
31.9241 582 582 717 717 1009.9060 1000.0000
31.9307 593 593 706 706 999.8579 1000.0000
31.9374 690 690 609 609 1017.8981 1000.0000
31.9440 578 578 721 721 1002.6669 1000.0000
31.9507 564 564 735 735 984.5360 1000.0000
31.9572 687 687 612 612 1002.8002 1000.0000
31.9638 599 599 700 700 995.0636 1000.0000
31.9704 616 616 683 683 992.9793 1000.0000
31.9771 638 638 661 661 998.0580 1000.0000
31.9838 633 633 666 666 1000.8011 1000.0000
31.9904 627 627 672 672 1002.3563 1000.0000
31.9970 617 617 682 682 1001.2048 1000.0000
32.0037 630 630 669 669 1004.0844 1000.0000
32.0104 621 621 678 678 1003.9781 1000.0000
32.0170 629 629 670 670 1005.7283 1000.0000
32.0236 647 647 652 652 1012.8790 1000.0000
32.0303 598 598 701 701 1005.3819 1000.0000
32.0369 656 656 643 643 1014.5836 1000.0000
32.0435 631 631 668 668 1017.1093 1000.0000
32.0502 574 574 725 725 1002.3005 1000.0000
32.0568 674 674 625 625 1016.7428 1000.0000
32.0634 646 646 653 653 1022.9642 1000.0000
32.0701 569 569 730 730 1006.3778 1000.0000
32.0767 644 644 655 655 1012.2977 1000.0000
32.0834 650 650 649 649 1019.2917 1000.0000
32.0900 591 591 708 708 1008.9037 1000.0000
32.0966 644 644 655 655 1014.7681 1000.0000
32.1033 609 609 690 690 1009.3528 1000.0000
32.1099 640 640 659 659 1013.2709 1000.0000
32.1166 651 651 648 648 1020.4047 1000.0000
32.1233 610 610 689 689 1014.4041 1000.0000
32.1300 614 614 685 685 1010.0483 1000.0000
32.1367 651 651 648 648 1016.5633 1000.0000
32.1433 637 637 662 662 1019.1918 1000.0000
32.1500 667 667 632 632 1030.0099 1000.0000
32.1566 605 605 694 694 1022.5491 1000.0000
32.1632 653 653 646 646 1031.0901 1000.0000
32.1699 659 659 640 640 1040.5621 1000.0000
32.1766 589 589 710 710 1027.8534 882.8125
32.1834 642 642 657 657 1032.6970 882.8125
32.1901 708 708 591 591 1056.4542 882.8125
32.1967 584 584 715 715 1043.7870 882.8125
32.2034 546 546 753 753 1020.5930 882.8125
32.2100 673 673 626 626 1034.9764 882.8125
32.2166 606 606 693 693 1029.8329 882.8125
32.2233 579 579 720 720 1015.7997 882.8125
32.2299 660 660 639 639 1026.0564 867.1875
32.2366 620 620 679 679 1024.0964 867.1875
32.2433 626 626 673 673 1022.5766 867.1875
32.2500 624 624 675 675 1021.0795 867.1875
32.2567 600 600 699 699 1012.3094 867.1875
32.2634 628 628 671 671 1010.7562 867.1875
32.2700 617 617 682 682 1006.3075 867.1875
32.2766 605 605 694 694 997.3062 867.1875
32.2834 623 623 676 676 993.7311 867.1875
32.2901 639 639 660 660 993.5170 859.3750
32.2969 642 642 657 657 994.6829 859.3750
32.3035 624 624 675 675 990.3327 859.3750
32.3102 608 608 691 691 980.0695 859.3750
32.3168 681 681 618 618 992.6332 859.3750
32.3235 624 624 675 675 988.5148 859.3750
32.3301 591 591 708 708 974.3995 859.3750
32.3368 696 696 603 603 992.1586 859.3750
32.3435 642 642 657 657 993.4916 843.7500
32.3502 593 593 706 706 981.0225 843.7500
32.3569 669 669 630 630 991.5559 843.7500
32.3635 609 609 690 690 985.1174 843.7500
32.3702 616 616 683 683 981.6998 843.7500
32.3769 659 659 640 640 990.0790 843.7500
32.3835 589 589 710 710 977.9088 843.7500
32.3902 643 643 656 656 982.3810 843.7500
32.3970 660 660 639 639 990.8248 835.9375
32.4037 609 609 690 690 983.9071 835.9375
32.4104 601 601 698 698 975.1617 835.9375
32.4171 648 648 651 651 981.0757 835.9375
32.4238 612 612 687 687 975.9373 835.9375
32.4304 638 638 661 661 977.8439 835.9375
32.4370 596 596 703 703 967.8714 835.9375
32.4436 625 625 674 674 966.1215 835.9375
32.4503 663 663 636 636 974.9610 835.9375
32.4569 559 559 740 740 953.2642 828.1250
32.4636 632 632 667 667 952.7687 828.1250
32.4703 684 684 615 615 966.2420 828.1250
32.4769 568 568 731 731 945.0768 828.1250
32.4835 628 628 671 671 941.4563 828.1250
32.4902 687 687 612 612 954.2250 828.1250
32.4969 601 601 698 698 940.7677 828.1250
32.5035 682 682 617 617 952.1566 828.1250
32.5103 652 652 647 647 954.2787 804.6875
32.5169 591 591 708 708 937.9169 804.6875
32.5236 668 668 631 631 946.4396 804.6875
32.5303 656 656 643 643 950.7181 804.6875
32.5369 564 564 735 735 927.7150 804.6875
32.5436 651 651 648 648 931.0357 804.6875
32.5502 646 646 653 653 932.9177 804.6875
32.5568 599 599 700 700 921.2658 804.6875
32.5635 635 635 664 664 920.3259 804.6875
32.5701 654 654 645 645 924.9613 796.8750
32.5768 613 613 686 686 918.0146 796.8750
32.5835 607 607 692 692 908.8855 796.8750
32.5902 608 608 691 691 901.1561 796.8750
32.5968 653 653 646 646 907.5131 796.8750
32.6034 597 597 702 702 896.0456 796.8750
32.6101 605 605 694 694 888.0427 796.8750
32.6168 665 665 634 634 898.1815 796.8750
32.6236 658 658 641 641 904.7198 765.6250
32.6302 586 586 713 713 889.5657 765.6250
32.6368 666 666 633 633 897.5857 765.6250
32.6434 612 612 687 687 890.3470 765.6250
32.6500 618 618 681 681 884.1606 765.6250
32.6566 689 689 610 610 898.5211 765.6250
32.6633 596 596 703 703 886.6794 765.6250
32.6699 671 671 628 628 896.0131 765.6250
32.6766 691 691 608 608 910.2623 750.0000
32.6833 591 591 708 708 895.1395 750.0000
32.6900 606 606 693 693 884.9253 750.0000
32.6967 675 675 624 624 894.7206 750.0000
32.7033 630 630 669 669 890.8871 750.0000
32.7099 622 622 677 677 884.7864 750.0000
32.7165 632 632 667 667 881.1527 750.0000
32.7232 637 637 662 662 879.5602 750.0000
32.7298 622 622 677 677 874.0140 750.0000
32.7365 598 598 701 701 860.5558 750.0000
32.7432 631 631 668 668 856.8704 726.5625
32.7499 639 639 660 660 856.3312 726.5625
32.7565 586 586 713 713 839.9141 726.5625
32.7631 642 642 657 657 840.0365 726.5625
32.7698 649 649 650 650 842.8531 726.5625
32.7765 571 571 728 728 822.7039 726.5625
32.7831 665 665 634 634 830.6335 726.5625
32.7898 680 680 619 619 842.6652 726.5625
32.7964 577 577 722 722 824.3140 718.7500
32.8031 651 651 648 648 828.5009 718.7500
32.8097 662 662 637 637 835.2771 718.7500
32.8163 622 622 677 677 831.6126 718.7500
32.8229 646 646 653 653 835.3860 718.7500
32.8296 627 627 672 672 832.7106 718.7500
32.8362 616 616 683 683 827.8325 718.7500
32.8428 646 646 653 653 832.0891 718.7500
32.8494 619 619 680 680 827.7369 718.7500
32.8561 626 626 673 673 824.8325 703.1250
32.8628 619 619 680 680 819.7061 703.1250
32.8695 603 603 696 696 809.3716 703.1250
32.8761 643 643 656 656 810.2935 703.1250
32.8827 623 623 676 676 805.2467 703.1250
32.8894 636 636 663 663 804.1217 703.1250
32.8960 645 645 654 654 804.7001 703.1250
32.9026 601 601 698 698 792.1551 703.1250
32.9092 679 679 620 620 803.5358 703.1250
32.9158 678 678 621 621 812.6874 687.5000
32.9225 575 575 724 724 791.5361 687.5000
32.9291 665 665 634 634 797.9432 687.5000
32.9357 677 677 622 622 807.4684 687.5000
32.9423 577 577 722 722 787.8024 687.5000
32.9489 640 640 659 659 787.6027 687.5000
32.9555 690 690 609 609 802.4778 687.5000
32.9621 603 603 696 696 791.8078 687.5000
32.9689 632 632 667 667 787.8493 617.1875
32.9755 638 638 661 661 786.6209 617.1875
32.9821 627 627 672 672 782.6168 617.1875
32.9889 630 630 669 669 779.0104 617.1875
32.9955 618 618 681 681 772.7742 617.1875
33.0021 661 661 638 638 779.6170 617.1875
33.0088 664 664 635 635 786.6241 617.1875
33.0154 609 609 690 690 777.5504 617.1875
33.0221 660 660 639 639 783.4783 601.5625
33.0288 674 674 625 625 793.1829 601.5625
33.0354 594 594 705 705 779.2235 601.5625
33.0421 687 687 612 612 793.0417 601.5625
33.0487 683 683 616 616 805.6461 601.5625
33.0553 589 589 710 710 790.2210 601.5625
33.0619 649 649 650 650 792.9705 601.5625
33.0685 662 662 637 637 799.7584 601.5625
33.0753 593 593 706 706 785.7551 601.5625
33.0820 631 631 668 668 782.4786 531.2500
33.0890 664 664 635 635 788.8799 531.2500
33.0959 633 633 666 666 784.6000 531.2500
33.1029 619 619 680 680 776.0107 531.2500
33.1099 621 621 678 678 767.8837 531.2500
33.1168 622 622 677 677 759.3865 531.2500
33.1238 615 615 684 684 748.8884 531.2500
33.1314 644 644 655 655 747.2005 531.2500
33.1388 647 647 652 652 744.5248 468.7500
33.1458 664 664 635 635 747.1095 468.7500
33.1529 633 633 666 666 739.5916 468.7500
33.1599 589 589 710 710 718.7568 468.7500
33.1669 659 659 640 640 720.7302 468.7500
33.1739 659 659 640 640 723.2018 468.7500
33.1810 604 604 695 695 707.8230 468.7500
33.1880 606 606 693 693 693.1799 429.6875
33.1949 684 684 615 615 703.2883 429.6875
33.2017 673 673 626 626 708.1203 429.6875
33.2083 589 589 710 710 688.5281 429.6875
33.2149 667 667 632 632 692.6912 429.6875
33.2216 677 677 622 622 699.8397 429.6875
33.2283 616 616 683 683 688.6584 429.6875
33.2349 653 653 646 646 688.5688 429.6875
33.2416 656 656 643 643 690.2470 429.6875
33.2482 638 638 661 661 686.6162 429.6875
33.2551 636 636 663 663 681.9758 390.6250
33.2617 621 621 678 678 673.1774 390.6250
33.2685 615 615 684 684 662.3383 390.6250
33.2752 679 679 620 620 670.3654 390.6250
33.2819 621 621 678 678 660.4910 390.6250
33.2886 605 605 694 694 645.8854 390.6250
33.2952 663 663 636 636 648.2665 390.6250
33.3018 617 617 682 682 637.2754 390.6250
33.3085 589 589 710 710 617.6611 375.0000
33.3152 674 674 625 625 623.1166 375.0000
33.3219 657 657 642 642 623.4684 375.0000
33.3286 585 585 714 714 602.1579 375.0000
33.3353 687 687 612 612 610.5674 375.0000
33.3419 633 633 666 666 603.1778 375.0000
33.3485 595 595 704 704 584.2585 375.0000
33.3552 675 675 624 624 589.0096 375.0000
33.3619 703 703 596 596 601.9512 375.0000
33.3686 597 597 702 702 583.6341 375.0000
33.3753 645 645 654 654 579.6469 375.0000
33.3820 669 669 630 630 582.4125 375.0000
33.3888 646 646 653 653 579.0121 375.0000
33.3954 641 641 658 658 574.0591 375.0000
33.4021 628 628 671 671 565.1785 375.0000
33.4087 643 643 656 656 562.6530 375.0000
33.4153 666 666 633 633 566.9364 375.0000
33.4220 632 632 667 667 561.1617 375.0000
33.4287 632 632 667 667 556.1610 375.0000
33.4356 708 708 591 591 573.6877 375.0000
33.4424 683 683 616 616 582.0239 359.3750
33.4490 604 604 695 695 567.2443 359.3750
33.4557 687 687 612 612 577.1261 359.3750
33.4624 716 716 583 583 595.6973 359.3750
33.4690 614 614 685 685 583.7263 359.3750
33.4757 631 631 668 668 577.6309 359.3750
33.4823 673 673 626 626 584.1168 359.3750
33.4890 633 633 666 666 579.1312 359.3750
33.4961 641 641 658 658 576.7723 359.3750
33.5027 637 637 662 662 572.9238 359.3750
33.5095 618 618 681 681 563.2914 359.3750
33.5161 636 636 663 663 559.3925 359.3750
33.5228 665 665 634 634 562.7610 359.3750
33.5294 631 631 668 668 555.6761 359.3750
33.5360 584 584 715 715 534.0630 359.3750
33.5426 693 693 606 606 544.3522 359.3750
33.5495 651 651 648 648 541.4487 328.1250
33.5562 572 572 727 727 514.4815 328.1250
33.5629 622 622 677 677 503.4099 328.1250
33.5696 703 703 596 596 516.5162 328.1250
33.5762 579 579 720 720 492.6972 328.1250
33.5828 602 602 697 697 476.0381 328.1250
33.5895 715 715 584 584 492.5325 328.1250
33.5961 610 610 689 689 477.5126 328.1250
33.6030 581 581 718 718 453.2084 328.1250
33.6097 659 659 640 640 452.3706 273.4375
33.6164 685 685 614 614 459.8504 273.4375
33.6231 636 636 663 663 452.2249 273.4375
33.6298 641 641 658 658 446.3805 273.4375
33.6364 684 684 615 615 454.7957 273.4375
33.6430 672 672 627 627 459.0078 273.4375
33.6497 672 672 627 627 462.9584 273.4375
33.6564 641 641 658 658 458.6336 273.4375
33.6630 688 688 611 611 468.2008 273.4375
33.6697 693 693 606 606 479.3631 273.4375
33.6763 592 592 707 707 461.5334 273.4375
33.6832 615 615 684 684 450.2252 273.4375
33.6899 696 696 603 603 464.3795 257.8125
33.6967 677 677 622 622 471.8230 257.8125
33.7034 594 594 705 705 454.1370 257.8125
33.7100 673 673 626 626 460.0813 257.8125
33.7166 707 707 592 592 475.2358 257.8125
33.7232 627 627 672 672 467.0685 257.8125
33.7299 642 642 657 657 462.3504 257.8125
33.7365 688 688 611 611 471.3910 257.8125
33.7432 660 660 639 639 471.9457 226.5625
33.7498 615 615 684 684 458.8445 226.5625
33.7565 639 639 660 660 453.6162 226.5625
33.7632 661 661 638 638 454.9949 226.5625
33.7698 640 640 659 659 449.5786 226.5625
33.7764 651 651 648 648 447.3445 226.5625
33.7830 611 611 688 688 432.5291 226.5625
33.7897 639 639 660 660 426.3169 226.5625
33.7964 686 686 613 613 433.9601 226.5625
33.8031 625 625 674 674 422.7625 226.5625
33.8097 609 609 690 690 406.6929 226.5625
33.8163 713 713 586 586 421.1578 226.5625
33.8229 623 623 676 676 409.3774 226.5625
33.8299 594 594 705 705 388.4232 195.3125
33.8366 629 629 670 670 379.4305 195.3125
33.8432 698 698 601 601 391.0518 195.3125
33.8500 622 622 677 677 379.5311 195.3125
33.8567 632 632 667 667 371.0417 195.3125
33.8633 688 688 611 611 378.6487 195.3125
33.8700 646 646 653 653 373.9556 195.3125
33.8766 652 652 647 647 371.3349 195.3125
33.8833 651 651 648 648 368.7842 195.3125
33.8902 630 630 669 669 360.2809 187.5000
33.8969 688 688 611 611 370.0236 187.5000
33.9036 666 666 633 633 373.1595 187.5000
33.9103 616 616 683 683 361.4528 187.5000
33.9169 692 692 607 607 372.1460 187.5000
33.9235 703 703 596 596 386.0118 187.5000
33.9301 602 602 697 697 370.3888 187.5000
33.9368 655 655 644 644 370.5349 187.5000
33.9435 734 734 565 565 393.7914 171.8750
33.9502 648 648 651 651 391.2843 171.8750
33.9569 589 589 710 710 371.1696 171.8750
33.9635 664 664 635 635 374.0256 171.8750
33.9702 694 694 605 605 385.3158 171.8750
33.9768 624 624 675 675 375.0828 171.8750
33.9834 648 648 651 651 372.1093 171.8750
33.9901 642 642 657 657 366.3278 171.8750
33.9967 655 655 644 644 365.1475 171.8750
34.0034 678 678 621 621 370.1390 171.8750
34.0100 640 640 659 659 363.2867 171.8750
34.0168 627 627 672 672 351.9699 140.6250
34.0236 679 679 620 620 356.2414 140.6250
34.0303 694 694 605 605 364.8639 140.6250
34.0369 614 614 685 685 349.6205 140.6250
34.0435 624 624 675 675 337.6731 140.6250
34.0502 731 731 568 568 357.5203 140.6250
34.0568 687 687 612 612 363.3747 140.6250
34.0635 604 604 695 695 344.8673 140.6250
34.0704 630 630 669 669 332.9432 93.7500
34.0771 687 687 612 612 339.3067 93.7500
34.0838 674 674 625 625 342.3897 93.7500
34.0904 666 666 633 633 342.5023 93.7500
34.0970 632 632 667 667 332.8640 93.7500
34.1037 633 633 666 666 323.6461 93.7500
34.1102 693 693 606 606 332.6968 93.7500
34.1168 674 674 625 625 336.0798 93.7500
34.1239 628 628 671 671 324.8236 62.5000
34.1306 627 627 672 672 315.4162 62.5000
34.1373 688 688 611 611 323.6701 62.5000
34.1439 676 676 623 623 328.2806 62.5000
34.1506 604 604 695 695 310.3715 62.5000
34.1572 667 667 632 632 311.3112 62.5000
34.1639 705 705 594 594 323.5217 62.5000
34.1706 647 647 652 652 318.0122 62.5000
34.1771 620 620 679 679 305.2708 62.5000
34.1838 628 628 671 671 293.4985 -0.0000
34.1905 663 663 636 636 292.5767 -0.0000
34.1972 653 653 646 646 288.5408 -0.0000
34.2038 628 628 671 671 275.6404 -0.0000
34.2104 635 635 664 664 264.8914 -0.0000
34.2170 668 668 631 631 263.5179 -0.0000
34.2236 648 648 651 651 255.9787 -0.0000
34.2303 623 623 676 676 240.7342 -0.0000
34.2369 644 644 655 655 231.6430 -0.0000
34.2436 699 699 600 600 238.5791 -0.0000
34.2502 656 656 643 643 232.4055 -0.0000
34.2568 645 645 654 654 223.1164 -0.0000
34.2635 711 711 588 588 233.3663 -0.0000
34.2701 675 675 624 624 232.7495 -0.0000
34.2767 629 629 670 670 219.2041 -0.0000
34.2834 651 651 648 648 213.2613 -0.0000
34.2900 692 692 607 607 219.9510 -0.0000
34.2968 672 672 627 627 221.2635 -0.0000
34.3034 634 634 665 665 211.3905 -0.0000
34.3101 641 641 658 658 204.1416 -0.0000
34.3167 676 676 623 623 207.3941 -0.0000
34.3234 676 676 623 623 210.2564 -0.0000
34.3300 640 640 659 659 202.7273 -0.0000
34.3366 634 634 665 665 193.1650 -0.0000
34.3433 665 665 634 634 194.2394 -0.0000
34.3499 715 715 584 584 209.9621 -0.0000
34.3565 623 623 676 676 198.8045 -0.0000
34.3632 604 604 695 695 181.8098 -0.0000
34.3698 683 683 616 616 188.2044 -0.0000
34.3765 705 705 594 594 201.1538 -0.0000
34.3831 628 628 671 671 190.1908 -0.0000
34.3898 629 629 670 670 179.7122 -0.0000
34.3964 691 691 608 608 187.6135 -0.0000
34.4031 668 668 631 631 188.7148 -0.0000
34.4098 659 659 640 640 186.9773 -0.0000
34.4165 655 655 644 644 183.5496 -0.0000
34.4231 652 652 647 647 179.4620 -0.0000
34.4298 658 658 641 641 176.9206 -0.0000
34.4365 695 695 604 604 184.4883 -0.0000
34.4432 628 628 671 671 172.3304 -0.0000
34.4498 623 623 676 676 158.5043 -0.0000
34.4565 704 704 595 595 169.1230 -0.0000
34.4631 683 683 616 616 172.7342 -0.0000
34.4698 578 578 721 721 145.0530 -0.0000
34.4764 689 689 610 610 150.8641 -0.0000
34.4832 716 716 583 583 164.1017 -0.0000
34.4898 643 643 656 656 155.8285 -0.0000
34.4966 633 633 666 666 144.0279 -0.0000
34.5032 685 685 614 614 147.7958 -0.0000
34.5099 655 655 644 644 143.0845 -0.0000
34.5165 670 670 629 629 143.0914 -0.0000
34.5231 660 660 639 639 140.2668 -0.0000
34.5297 626 626 673 673 127.6402 -0.0000
34.5364 656 656 643 643 124.5792 -0.0000
34.5430 703 703 596 596 135.4489 -0.0000
34.5497 631 631 668 668 125.5992 -0.0000
34.5563 634 634 665 665 117.3162 -0.0000
34.5630 661 661 638 638 116.7644 -0.0000
34.5695 689 689 610 610 125.2241 -0.0000
34.5761 636 636 663 663 117.1484 -0.0000
34.5828 617 617 682 682 102.8556 -0.0000
34.5894 658 658 641 641 101.9316 -0.0000
34.5961 717 717 582 582 117.4672 -0.0000
34.6027 613 613 686 686 102.6472 -0.0000
34.6094 597 597 702 702 83.1005 -0.0000
34.6160 699 699 600 600 94.1530 -0.0000
34.6226 672 672 627 627 97.6595 -0.0000
34.6292 640 640 659 659 90.2297 -0.0000
34.6358 654 654 645 645 87.0420 -0.0000
34.6424 695 695 604 604 95.7261 -0.0000
34.6491 679 679 620 620 99.2267 -0.0000
34.6557 671 671 628 628 100.0117 -0.0000
34.6623 651 651 648 648 94.2779 -0.0000
34.6690 664 664 635 635 93.4631 -0.0000
34.6756 724 724 575 575 109.7684 -0.0000
34.6822 650 650 649 649 103.8601 -0.0000
34.6889 608 608 691 691 86.3212 -0.0000
34.6956 739 739 560 560 107.6258 -0.0000
34.7022 713 713 586 586 120.7492 -0.0000
34.7089 619 619 680 680 104.8691 -0.0000
34.7155 647 647 652 652 98.9239 -0.0000
34.7222 687 687 612 612 105.3345 -0.0000
34.7288 679 679 620 620 110.0200 -0.0000
34.7355 682 682 617 617 116.1833 -0.0000
34.7421 655 655 644 644 113.4900 -0.0000
34.7488 641 641 658 658 107.1833 -0.0000
34.7554 677 677 622 622 111.5498 -0.0000
34.7621 672 672 627 627 114.9239 -0.0000
34.7688 669 669 630 630 116.9544 -0.0000
34.7754 635 635 664 664 109.4190 -0.0000
34.7820 609 609 690 690 95.2731 -0.0000
34.7887 632 632 667 667 88.4214 -0.0000
34.7954 710 710 589 589 104.8384 -0.0000
34.8020 594 594 705 705 85.3814 -0.0000
34.8087 648 648 651 651 82.5646 -0.0000
34.8153 710 710 589 589 97.3570 -0.0000
34.8219 663 663 636 636 97.1152 -0.0000
34.8286 599 599 700 700 78.5457 -0.0000
34.8352 663 663 636 636 78.4717 -0.0000
34.8419 708 708 591 591 92.7291 -0.0000
34.8485 618 618 681 681 79.9044 -0.0000
34.8551 639 639 660 660 72.3588 -0.0000
34.8617 663 663 636 636 72.8567 -0.0000
34.8683 699 699 600 600 82.9660 -0.0000
34.8750 617 617 682 682 67.9798 -0.0000
34.8817 614 614 685 685 52.7866 -0.0000
34.8883 692 692 607 607 59.9258 -0.0000
34.8949 681 681 618 618 63.8938 -0.0000
34.9015 602 602 697 697 44.1299 -0.0000
34.9082 639 639 660 660 35.2181 -0.0000
34.9148 718 718 581 581 50.3623 -0.0000
34.9214 627 627 672 672 38.2423 -0.0000
34.9280 635 635 664 664 28.7750 -0.0000
34.9347 712 712 587 587 42.4916 -0.0000
34.9413 669 669 630 630 43.1706 -0.0000
34.9479 624 624 675 675 31.0865 -0.0000
34.9545 665 665 634 634 30.7649 -0.0000
34.9612 668 668 631 631 31.9746 -0.0000
34.9679 654 654 645 645 28.8702 -0.0000
34.9745 695 695 604 604 37.4498 -0.0000
34.9811 663 663 636 636 36.4019 -0.0000
34.9878 636 636 663 663 27.6040 -0.0000
34.9945 694 694 605 605 37.3673 -0.0000
35.0015 692 692 607 607 46.6315 -0.0000
35.0085 633 633 666 666 37.9282 -0.0000
35.0155 605 605 694 694 21.2739 -0.0000
35.0225 627 627 672 672 12.1064 -0.0000
35.0295 617 617 682 682 0.7189 -0.0000
35.0365 694 694 605 605 11.8263 -0.0000
35.0435 699 699 600 600 24.2049 -0.0000
35.0505 710 710 589 589 38.5369 -0.0000
35.0575 605 605 694 694 20.3223 -0.0000
35.0645 584 584 715 715 -3.0281 -0.0000
35.0716 597 597 702 702 -21.6468 -0.0000
35.0786 734 734 565 565 2.7011 -0.0000
35.0856 739 739 560 560 26.8286 -0.0000
35.0926 661 661 638 638 25.6249 -0.0000
35.0994 604 604 695 695 7.2828 -0.0000
35.1061 687 687 612 612 14.5810 -0.0000
35.1127 716 716 583 583 31.7121 -0.0000
35.1194 633 633 666 666 23.4444 -0.0000
35.1260 666 666 633 633 25.3370 -0.0000
35.1326 671 671 628 628 28.7069 -0.0000
35.1392 664 664 635 635 29.9089 -0.0000
35.1458 697 697 602 602 40.8790 -0.0000
35.1525 647 647 652 652 36.1241 -0.0000
35.1591 672 672 627 627 38.5701 -0.0000
35.1657 677 677 622 622 42.0463 -0.0000
35.1724 647 647 652 652 37.3423 -0.0000
35.1791 664 664 635 635 37.4450 -0.0000
35.1857 626 626 673 673 26.3961 -0.0000
35.1924 611 611 688 688 11.7523 -0.0000
35.1991 679 679 620 620 17.2587 -0.0000
35.2057 674 674 625 625 21.3674 -0.0000
35.2124 616 616 683 683 7.0762 -0.0000
35.2191 657 657 642 642 5.3102 -0.0000
35.2257 714 714 585 585 20.5678 -0.0000
35.2323 610 610 689 689 4.8983 -0.0000
35.2390 605 605 694 694 -11.0180 -0.0000
35.2457 692 692 607 607 -1.2734 -0.0000
35.2523 714 714 585 585 14.0377 -0.0000
35.2590 625 625 674 674 3.1759 -0.0000
35.2656 631 631 668 668 -6.1416 -0.0000
35.2723 703 703 596 596 6.7879 -0.0000
35.2789 701 701 598 598 18.8485 -0.0000
35.2856 619 619 680 680 6.4448 -0.0000
35.2922 630 630 669 669 -1.8408 -0.0000
35.2989 699 699 600 600 10.0658 -0.0000
35.3055 694 694 605 605 20.6676 -0.0000
35.3122 593 593 706 706 0.5726 -0.0000
35.3189 607 607 692 692 -15.3561 -0.0000
35.3255 727 727 572 572 4.9273 -0.0000
35.3321 660 660 639 639 4.3841 -0.0000
35.3388 617 617 682 682 -9.0306 -0.0000
35.3454 681 681 618 618 -3.7271 -0.0000
35.3521 681 681 618 618 1.3730 -0.0000
35.3588 650 650 649 649 -2.0856 -0.0000
35.3654 673 673 626 626 1.0896 -0.0000
35.3721 665 665 634 634 2.0187 -0.0000
35.3788 663 663 636 636 2.4115 -0.0000
35.3854 697 697 602 602 12.0575 -0.0000
35.3920 645 645 654 654 6.3888 -0.0000
35.3987 641 641 658 658 -0.1472 -0.0000
35.4053 664 664 635 635 0.8063 -0.0000
35.4120 706 706 593 593 13.4471 -0.0000
35.4187 681 681 618 618 18.7840 -0.0000
35.4253 672 672 627 627 20.9652 -0.0000
35.4320 626 626 673 673 9.8474 -0.0000
35.4387 678 678 621 621 15.3639 -0.0000
35.4453 735 735 564 564 37.3212 -0.0000
35.4520 623 623 676 676 26.6363 -0.0000
35.4586 585 585 714 714 5.1351 -0.0000
35.4653 677 677 622 622 12.3817 -0.0000
35.4719 696 696 603 603 25.1579 -0.0000
35.4785 621 621 678 678 14.5055 -0.0000
35.4851 607 607 692 692 0.4764 -0.0000
35.4917 680 680 619 619 6.8011 -0.0000
35.4984 711 711 588 588 22.4445 -0.0000
35.5051 638 638 661 661 15.6790 -0.0000
35.5118 603 603 696 696 -1.7780 -0.0000
35.5184 699 699 600 600 10.0824 -0.0000
35.5251 681 681 618 618 15.6539 -0.0000
35.5317 630 630 669 669 6.4171 -0.0000
35.5384 636 636 663 663 -0.9484 -0.0000
35.5450 668 668 631 631 1.1442 -0.0000
35.5517 668 668 631 631 3.5521 -0.0000
35.5583 636 636 663 663 -5.2291 -0.0000
35.5650 636 636 663 663 -13.9632 -0.0000
35.5716 652 652 647 647 -17.8021 -0.0000
35.5783 650 650 649 649 -22.0208 -0.0000
35.5849 635 635 664 664 -30.4018 -0.0000
35.5916 657 657 642 642 -32.3146 -0.0000
35.5983 666 666 633 633 -31.9043 -0.0000
35.6049 665 665 634 634 -31.8525 -0.0000
35.6116 658 658 641 641 -34.1007 -0.0000
35.6182 630 630 669 669 -44.2567 -0.0000
35.6249 682 682 617 617 -38.9611 -0.0000
35.6315 696 696 603 603 -29.1908 -0.0000
35.6382 648 648 651 651 -34.0190 -0.0000
35.6448 660 660 639 639 -35.2864 -0.0000
35.6514 724 724 575 575 -16.6605 -0.0000
35.6581 682 682 617 617 -11.2828 -0.0000
35.6647 610 610 689 689 -26.3466 -0.0000
35.6713 671 671 628 628 -22.9922 -0.0000
35.6780 729 729 570 570 -2.4185 -0.0000
35.6847 708 708 591 591 12.6944 -0.0000
35.6914 605 605 694 694 -4.3735 -0.0000
35.6980 618 618 681 681 -15.7393 -0.0000
35.7047 676 676 623 623 -9.5410 -0.0000
35.7113 712 712 587 587 7.8026 -0.0000
35.7180 646 646 653 653 5.1288 -0.0000
35.7246 628 628 671 671 -3.8291 -0.0000
35.7312 681 681 618 618 3.6090 -0.0000
35.7379 682 682 617 617 10.3539 -0.0000
35.7445 665 665 634 634 11.5825 -0.0000
35.7512 637 637 662 662 4.7691 -0.0000
35.7579 650 650 649 649 1.6451 -0.0000
35.7645 661 661 638 638 1.5407 -0.0000
35.7711 655 655 644 644 -0.4294 -0.0000
35.7778 652 652 647 647 -3.1668 -0.0000
35.7844 641 641 658 658 -8.7677 -0.0000
35.7911 666 666 633 633 -6.9480 -0.0000
35.7978 688 688 611 611 0.6311 -0.0000
35.8044 679 679 620 620 5.2961 -0.0000
35.8111 611 611 688 688 -10.1173 -0.0000
35.8177 635 635 664 664 -18.1588 -0.0000
35.8244 683 683 616 616 -11.5180 -0.0000
35.8310 660 660 639 639 -12.6663 -0.0000
35.8377 587 587 712 712 -35.1051 -0.0000
35.8443 658 658 641 641 -35.7621 -0.0000
35.8510 719 719 580 580 -18.3555 -0.0000
35.8577 653 653 646 646 -20.2999 -0.0000
35.8643 598 598 701 701 -39.4347 -0.0000
35.8710 666 666 633 633 -37.6336 -0.0000
35.8776 712 712 587 587 -21.7967 -0.0000
35.8843 623 623 676 676 -33.3621 -0.0000
35.8909 602 602 697 697 -50.2209 -0.0000
35.8976 696 696 603 603 -39.0083 -0.0000
35.9043 730 730 569 569 -18.4998 -0.0000
35.9110 624 624 675 675 -29.5664 -0.0000
35.9176 631 631 668 668 -39.1027 -0.0000
35.9242 712 712 587 587 -23.2626 -0.0000
35.9310 684 684 615 615 -15.9611 -0.0000
35.9380 650 650 649 649 -19.0028 -0.0000
35.9447 647 647 652 652 -22.6098 -0.0000
35.9513 654 654 645 645 -24.0981 -0.0000
35.9579 685 685 614 614 -15.3444 -0.0000
35.9645 665 665 634 634 -13.3714 -0.0000
35.9712 659 659 640 640 -13.6213 -0.0000
35.9778 635 635 664 664 -21.2337 -0.0000
35.9845 672 672 627 627 -17.8047 -0.0000
35.9911 671 671 628 628 -14.8534 -0.0000
35.9978 670 670 629 629 -12.5273 -0.0000
36.0045 658 658 641 641 -13.8796 -0.0000
36.0111 661 661 638 638 -14.4513 -0.0000
36.0177 683 683 616 616 -8.0155 -0.0000
36.0243 675 675 624 624 -4.1325 -0.0000
36.0310 612 612 687 687 -19.3349 -0.0000
36.0378 642 642 657 657 -24.9541 -0.0000
36.0444 711 711 588 588 -10.3398 -0.0000
36.0511 666 666 633 633 -8.2596 -0.0000
36.0578 618 618 681 681 -21.0745 -0.0000
36.0644 658 658 641 641 -22.3813 -0.0000
36.0710 706 706 593 593 -9.0748 -0.0000
36.0777 665 665 634 634 -8.9158 -0.0000
36.0844 609 609 690 690 -24.8020 -0.0000
36.0910 663 663 636 636 -24.0876 -0.0000
36.0977 717 717 582 582 -7.4610 -0.0000
36.1043 657 657 642 642 -7.7805 -0.0000
36.1109 594 594 705 705 -27.9480 -0.0000
36.1178 653 653 646 646 -29.7667 -0.0000
36.1244 722 722 577 577 -10.8093 -0.0000
36.1310 683 683 616 616 -4.6248 -0.0000
36.1377 621 621 678 678 -16.4320 -0.0000
36.1444 651 651 648 648 -19.7695 -0.0000
36.1510 666 666 633 633 -17.6364 -0.0000
36.1576 649 649 650 650 -21.1684 -0.0000
36.1642 664 664 635 635 -20.4991 -0.0000
36.1709 640 640 659 659 -26.9307 -0.0000
36.1775 651 651 648 648 -30.2930 -0.0000
36.1845 669 669 630 630 -28.4480 -0.0000
36.1912 691 691 608 608 -20.3928 -0.0000
36.1979 638 638 661 661 -28.0186 -0.0000
36.2046 632 632 667 667 -37.2196 -0.0000
36.2112 681 681 618 618 -31.0134 -0.0000
36.2179 684 684 615 615 -23.9744 -0.0000
36.2245 661 661 638 638 -24.1887 -0.0000
36.2312 617 617 682 682 -36.9370 -0.0000
36.2378 713 713 586 586 -21.6303 -0.0000
36.2444 693 693 606 606 -11.5206 -0.0000
36.2510 643 643 656 656 -16.7227 -0.0000
36.2577 638 638 661 661 -24.0366 -0.0000
36.2643 740 740 559 559 -0.0834 -0.0000
36.2709 719 719 580 580 16.1057 -0.0000
36.2776 621 621 678 678 3.2464 -0.0000
36.2842 627 627 672 672 -6.2491 -0.0000
36.2910 681 681 618 618 0.8968 -0.0000
36.2977 685 685 614 614 9.9874 -0.0000
36.3044 675 675 624 624 13.9746 -0.0000
36.3111 617 617 682 682 1.2339 -0.0000
36.3178 655 655 644 644 -0.2961 -0.0000
36.3244 658 658 641 641 -0.6948 -0.0000
36.3312 663 663 636 636 -0.0253 -0.0000
36.3378 649 649 650 650 -4.0314 -0.0000
36.3445 660 660 639 639 -4.8574 -0.0000
36.3511 647 647 652 652 -9.6921 -0.0000
36.3578 661 661 638 638 -10.4279 -0.0000
36.3646 665 665 634 634 -10.5574 -0.0000
36.3713 625 625 674 674 -22.4721 -0.0000
36.3780 612 612 687 687 -38.1812 -0.0000
36.3846 703 703 596 596 -26.6443 -0.0000
36.3913 667 667 632 632 -25.3685 -0.0000
36.3979 618 618 681 681 -39.0861 -0.0000
36.4046 648 648 651 651 -42.8576 -0.0000
36.4113 720 720 579 579 -25.0209 -0.0000
36.4180 673 673 626 626 -22.3623 -0.0000
36.4247 610 610 689 689 -38.2092 -0.0000
36.4314 660 660 639 639 -39.4398 -0.0000
36.4381 703 703 596 596 -27.1992 -0.0000
36.4448 689 689 610 610 -19.3800 -0.0000
36.4515 617 617 682 682 -33.3518 -0.0000
36.4582 665 665 634 634 -31.9346 -0.0000
36.4648 710 710 589 589 -17.7773 -0.0000
36.4715 670 670 629 629 -15.1589 -0.0000
36.4782 609 609 690 690 -30.3035 -0.0000
36.4848 648 648 651 651 -33.9932 -0.0000
36.4915 727 727 572 572 -12.7130 -0.0000
36.4981 621 621 678 678 -24.4202 -0.0000
36.5049 599 599 700 700 -42.9763 -0.0000
36.5115 689 689 610 610 -33.7053 -0.0000
36.5183 712 712 587 587 -18.2529 -0.0000
36.5249 641 641 658 658 -24.3239 -0.0000
36.5316 648 648 651 651 -29.1478 -0.0000
36.5382 656 656 643 643 -30.8263 -0.0000
36.5448 661 661 638 638 -29.9823 -0.0000
36.5514 688 688 611 611 -21.7120 -0.0000
36.5581 660 660 639 639 -21.8396 -0.0000
36.5647 637 637 662 662 -29.0213 -0.0000
36.5714 698 698 601 601 -17.5866 -0.0000
36.5780 710 710 589 589 -2.9451 -0.0000
36.5847 663 663 636 636 -1.8130 -0.0000
36.5913 637 637 662 662 -8.5802 -0.0000
36.5980 653 653 646 646 -10.6173 -0.0000
36.6047 684 684 615 615 -2.9188 -0.0000
36.6113 670 670 629 629 -0.3657 -0.0000
36.6179 591 591 708 708 -21.0415 -0.0000
36.6247 617 617 682 682 -33.9593 -0.0000
36.6314 716 716 583 583 -16.8986 -0.0000
36.6380 671 671 628 628 -12.3917 -0.0000
36.6447 595 595 704 704 -32.1825 -0.0000
36.6514 623 623 676 676 -42.4355 -0.0000
36.6580 720 720 579 579 -23.8322 -0.0000
36.6646 684 684 615 615 -16.2757 -0.0000
36.6713 617 617 682 682 -28.4252 -0.0000
36.6781 634 634 665 665 -35.8942 -0.0000
36.6848 700 700 599 599 -22.9555 -0.0000
36.6915 652 652 647 647 -25.0900 -0.0000
36.6982 652 652 647 647 -27.4592 -0.0000
36.7048 650 650 649 649 -30.0314 -0.0000
36.7115 663 663 636 636 -28.7333 -0.0000
36.7182 675 675 624 624 -23.2374 -0.0000
36.7248 672 672 627 627 -19.2365 -0.0000
36.7315 663 663 636 636 -18.0356 -0.0000
36.7382 652 652 647 647 -19.5366 -0.0000
36.7448 673 673 626 626 -14.6696 -0.0000
36.7515 663 663 636 636 -12.4165 -0.0000
36.7582 610 610 689 689 -26.4554 -0.0000
36.7648 672 672 627 627 -21.2186 -0.0000
36.7715 718 718 581 581 -2.8154 -0.0000
36.7781 656 656 643 643 -4.2482 -0.0000
36.7848 613 613 686 686 -17.9248 -0.0000
36.7914 695 695 604 604 -7.8299 -0.0000
36.7981 723 723 576 576 11.2218 -0.0000
36.8047 627 627 672 672 1.6341 -0.0000
36.8114 586 586 713 713 -20.7612 -0.0000
36.8180 649 649 650 650 -22.9098 -0.0000
36.8247 698 698 601 601 -11.5232 -0.0000
36.8313 606 606 693 693 -27.1710 -0.0000
36.8380 611 611 688 688 -41.2883 -0.0000
36.8446 690 690 609 609 -32.4073 -0.0000
36.8513 651 651 648 648 -35.0225 -0.0000
36.8580 616 616 683 683 -48.3178 -0.0000
36.8646 657 657 642 642 -49.3774 -0.0000
36.8713 679 679 620 620 -43.4647 -0.0000
36.8780 665 665 634 634 -42.0755 -0.0000
36.8846 646 646 653 653 -46.5329 -0.0000
36.8912 676 676 623 623 -41.8022 -0.0000
36.8979 669 669 630 630 -38.6769 -0.0000
36.9045 670 670 629 629 -34.9320 -0.0000
36.9111 652 652 647 647 -36.2285 -0.0000
36.9179 654 654 645 645 -36.7334 -0.0000
36.9245 667 667 632 632 -33.2211 -0.0000
36.9312 682 682 617 617 -25.5725 -0.0000
36.9379 658 658 641 641 -25.0913 -0.0000
36.9446 631 631 668 668 -33.1774 -0.0000
36.9513 695 695 604 604 -21.8768 -0.0000
36.9579 714 714 585 585 -5.7957 -0.0000
36.9645 640 640 659 659 -11.7283 -0.0000
36.9712 645 645 654 654 -15.9697 -0.0000
36.9778 723 723 576 576 2.3604 -0.0000
36.9844 706 706 593 593 16.3011 -0.0000
36.9911 615 615 684 684 1.6350 -0.0000
36.9977 601 601 698 698 -15.3332 -0.0000
37.0043 659 659 640 640 -14.1166 -0.0000
37.0110 716 716 583 583 3.0471 -0.0000
37.0176 607 607 692 692 -12.2584 -0.0000
37.0242 635 635 664 664 -20.1385 -0.0000
37.0309 687 687 612 612 -12.2811 -0.0000
37.0376 652 652 647 647 -15.4698 -0.0000
37.0442 619 619 680 680 -28.4011 -0.0000
37.0508 662 662 637 637 -28.2147 -0.0000
37.0574 672 672 627 627 -25.6328 -0.0000
37.0642 648 648 651 651 -30.1545 -0.0000
37.0708 658 658 641 641 -31.9277 -0.0000
37.0774 631 631 668 668 -41.1354 -0.0000
37.0841 633 633 666 666 -49.2528 -0.0000
37.0907 696 696 603 603 -38.8400 -0.0000
37.0973 672 672 627 627 -35.6504 -0.0000
37.1039 623 623 676 676 -47.4832 -0.0000
37.1105 691 691 608 608 -38.9114 -0.0000
37.1172 671 671 628 628 -35.8321 -0.0000
37.1238 610 610 689 689 -49.8811 -0.0000
37.1304 656 656 643 643 -49.6166 -0.0000
37.1370 708 708 591 591 -34.1910 -0.0000
37.1438 676 676 623 623 -29.1795 -0.0000
37.1504 609 609 690 690 -43.4292 -0.0000
37.1571 688 688 611 611 -34.8538 -0.0000
37.1637 701 701 598 598 -21.7022 -0.0000
37.1704 668 668 631 631 -18.3721 -0.0000
37.1770 623 623 676 676 -28.9344 -0.0000
37.1837 675 675 624 624 -22.8664 -0.0000
37.1904 730 730 569 569 -1.5196 -0.0000
37.1970 608 608 691 691 -16.5541 -0.0000
37.2036 667 667 632 632 -14.2639 -0.0000
37.2102 700 700 599 599 -2.8868 -0.0000
37.2168 677 677 622 622 1.7594 -0.0000
37.2234 624 624 675 675 -9.8460 -0.0000
37.2300 651 651 648 648 -12.9648 -0.0000
37.2366 662 662 637 637 -11.7373 -0.0000
37.2433 673 673 626 626 -7.8673 -0.0000
37.2499 667 667 632 632 -6.1570 -0.0000
37.2565 632 632 667 667 -14.8236 -0.0000
37.2631 658 658 641 641 -15.5691 -0.0000
37.2698 703 703 596 596 -3.0303 -0.0000
37.2764 665 665 634 634 -1.5771 -0.0000
37.2831 614 614 685 685 -15.3128 -0.0000
37.2897 643 643 656 656 -20.5773 -0.0000
37.2963 725 725 574 574 -0.8022 -0.0000
37.3030 673 673 626 626 1.8393 -0.0000
37.3097 585 585 714 714 -20.7500 -0.0000
37.3163 671 671 628 628 -17.0015 -0.0000
37.3229 741 741 558 558 7.2768 -0.0000
37.3295 664 664 635 635 9.1095 -0.0000
37.3362 606 606 693 693 -6.4430 -0.0000
37.3429 693 693 606 606 4.6271 -0.0000
37.3496 686 686 613 613 13.7808 -0.0000
37.3562 641 641 658 658 9.3117 -0.0000
37.3628 644 644 655 655 6.2437 -0.0000
37.3695 651 651 648 648 4.7222 -0.0000
37.3761 640 640 659 659 0.4699 -0.0000
37.3827 693 693 606 606 11.2661 -0.0000
37.3894 655 655 644 644 10.0267 -0.0000
37.3960 611 611 688 688 -4.7198 -0.0000
37.4026 692 692 607 607 4.5049 -0.0000
37.4093 692 692 607 607 13.8512 -0.0000
37.4158 614 614 685 685 -0.2876 -0.0000
37.4224 686 686 613 613 7.2826 -0.0000
37.4291 714 714 585 585 23.3857 -0.0000
37.4359 649 649 650 650 19.4376 -0.0000
37.4425 613 613 686 686 6.0122 -0.0000
37.4491 637 637 662 662 -0.5860 -0.0000
37.4557 688 688 611 611 7.8070 -0.0000
37.4622 645 645 654 654 3.3589 -0.0000
37.4688 614 614 685 685 -11.3384 -0.0000
37.4754 685 685 614 614 -4.8011 -0.0000
37.4821 715 715 584 584 9.6688 -0.0000
37.4887 656 656 643 643 6.9728 -0.0000
37.4953 618 618 681 681 -6.9471 -0.0000
37.5020 662 662 637 637 -6.9907 -0.0000
37.5086 651 651 648 648 -9.2757 -0.0000
37.5152 663 663 636 636 -8.3152 -0.0000
37.5218 645 645 654 654 -12.2222 -0.0000
37.5285 619 619 680 680 -24.0269 -0.0000
37.5351 696 696 603 603 -12.6613 -0.0000
37.5417 677 677 622 622 -6.7536 -0.0000
37.5483 601 601 698 698 -24.2698 -0.0000
37.5549 643 643 656 656 -28.6679 -0.0000
37.5616 730 730 569 569 -7.5554 -0.0000
37.5682 632 632 667 667 -16.1021 -0.0000
37.5748 586 586 713 713 -37.2900 -0.0000
37.5815 738 738 561 561 -13.7060 -0.0000
37.5881 674 674 625 625 -8.4139 -0.0000
37.5947 604 604 695 695 -23.7264 -0.0000
37.6013 719 719 580 580 -5.4903 -0.0000
37.6080 706 706 593 593 9.7861 -0.0000
37.6146 641 641 658 658 4.7839 -0.0000
37.6213 659 659 640 640 5.4045 -0.0000
37.6279 679 679 620 620 12.7436 -0.0000
37.6345 686 686 613 613 21.2633 -0.0000
37.6411 662 662 637 637 22.5574 -0.0000
37.6478 643 643 656 656 17.7290 -0.0000
37.6544 662 662 637 637 18.3302 -0.0000
37.6611 677 677 622 622 23.5516 -0.0000
37.6677 676 676 623 623 27.9372 -0.0000
37.6743 646 646 653 653 23.4837 -0.0000
37.6810 635 635 664 664 15.4573 -0.0000
37.6876 681 681 618 618 21.6841 -0.0000
37.6943 693 693 606 606 30.5389 -0.0000
37.7009 641 641 658 658 23.5182 -0.0000
37.7076 608 608 691 691 7.6115 -0.0000
37.7141 701 701 598 598 18.8570 -0.0000
37.7207 714 714 585 585 34.0519 -0.0000
37.7274 608 608 691 691 16.8672 -0.0000
37.7340 643 643 656 656 10.3626 -0.0000
37.7406 712 712 587 587 25.1882 -0.0000
37.7473 679 679 620 620 29.6029 -0.0000
37.7539 609 609 690 690 14.0784 -0.0000
37.7605 662 662 637 637 13.3951 -0.0000
37.7671 687 687 612 612 20.5139 -0.0000
37.7737 659 659 640 640 20.0539 -0.0000
37.7804 614 614 685 685 5.9208 -0.0000
37.7869 642 642 657 657 1.1388 -0.0000
37.7936 672 672 627 627 5.0670 -0.0000
37.8001 657 657 642 642 5.1562 -0.0000
37.8068 643 643 656 656 0.4180 -0.0000
37.8134 624 624 675 675 -10.3129 -0.0000
37.8201 690 690 609 609 -1.8321 -0.0000
37.8267 677 677 622 622 1.8445 -0.0000
37.8333 638 638 661 661 -6.0325 -0.0000
37.8399 648 648 651 651 -11.3320 -0.0000
37.8465 716 716 583 583 3.8031 -0.0000
37.8532 706 706 593 593 16.2259 -0.0000
37.8598 612 612 687 687 -0.3265 -0.0000
37.8664 664 664 635 635 -0.4695 -0.0000
37.8731 729 729 570 570 18.7526 -0.0000
37.8796 652 652 647 647 15.0777 -0.0000
37.8862 599 599 700 700 -3.3964 -0.0000
37.8928 696 696 603 603 6.2143 -0.0000
37.8995 694 694 605 605 16.2831 -0.0000
37.9061 618 618 681 681 3.3287 -0.0000
37.9127 650 650 649 649 -0.4090 -0.0000
37.9194 678 678 621 621 5.0811 -0.0000
37.9260 660 660 639 639 4.4319 -0.0000
37.9326 663 663 636 636 4.3810 -0.0000
37.9393 664 664 635 635 4.0881 -0.0000
37.9459 671 671 628 628 6.2796 -0.0000
37.9526 666 666 633 633 6.9874 -0.0000
37.9592 699 699 600 600 17.9229 -0.0000
37.9658 629 629 670 670 8.9658 -0.0000
37.9724 645 645 654 654 5.0346 -0.0000
37.9790 715 715 584 584 22.6671 -0.0000
37.9857 685 685 614 614 30.5637 -0.0000
37.9923 610 610 689 689 15.4893 -0.0000
37.9990 673 673 626 626 19.9414 -0.0000
38.0056 721 721 578 578 37.2347 -0.0000
38.0123 672 672 627 627 40.1268 -0.0000
38.0190 608 608 691 691 23.9930 -0.0000
38.0256 650 650 649 649 21.0912 -0.0000
38.0322 713 713 586 586 37.4568 -0.0000
38.0389 653 653 646 646 34.6537 -0.0000
38.0455 608 608 691 691 19.1212 -0.0000
38.0522 649 649 650 650 15.8889 -0.0000
38.0588 666 666 633 633 17.9114 -0.0000
38.0654 648 648 651 651 14.7173 -0.0000
38.0721 644 644 655 655 9.0762 -0.0000
38.0788 672 672 627 627 11.7268 -7.8125
38.0855 670 670 629 629 13.5826 -7.8125
38.0921 669 669 630 630 14.8423 -7.8125
38.0988 644 644 655 655 8.7712 -7.8125
38.1054 643 643 656 656 2.5443 -7.8125
38.1122 668 668 631 631 4.2046 -7.8125
38.1188 703 703 596 596 15.5922 -7.8125
38.1254 643 643 656 656 8.9814 -7.8125
38.1322 636 636 663 663 -2.9605 -218.7500
38.1389 710 710 589 589 7.2186 -218.7500
38.1455 732 732 567 567 24.1363 -218.7500
38.1521 616 616 683 683 5.4742 -218.7500
38.1587 634 634 665 665 -6.2636 -218.7500
38.1653 748 748 551 551 16.5098 -218.7500
38.1719 712 712 587 587 28.2712 -218.7500
38.1786 618 618 681 681 12.6187 -218.7500
38.1853 663 663 636 636 9.8204 -218.7500
38.1919 692 692 607 607 15.4089 -312.5000
38.1986 688 688 611 611 19.2685 -312.5000
38.2052 669 669 630 630 16.9366 -312.5000
38.2118 651 651 648 648 9.4926 -312.5000
38.2185 647 647 652 652 0.7055 -312.5000
38.2251 674 674 625 625 0.0751 -312.5000
38.2318 706 706 593 593 8.8308 -312.5000
38.2385 653 653 646 646 2.2612 -312.5000
38.2451 623 623 676 676 -15.6606 -445.3125
38.2518 632 632 667 667 -30.1016 -445.3125
38.2585 730 730 569 569 -15.4102 -445.3125
38.2651 668 668 631 631 -20.7693 -445.3125
38.2718 603 603 696 696 -44.6520 -445.3125
38.2785 651 651 648 648 -54.3843 -445.3125
38.2851 739 739 560 560 -37.2111 -445.3125
38.2918 673 673 626 626 -41.4398 -445.3125
38.2985 609 609 690 690 -65.0576 -445.3125
38.3052 676 676 623 623 -68.2182 -492.1875
38.3119 708 708 591 591 -62.6922 -492.1875
38.3185 665 665 634 634 -69.6278 -492.1875
38.3252 651 651 648 648 -80.8340 -492.1875
38.3318 674 674 625 625 -85.1600 -492.1875
38.3385 686 686 613 613 -85.3484 -492.1875
38.3451 673 673 626 626 -89.3383 -492.1875
38.3518 663 663 636 636 -96.0553 -492.1875
38.3585 665 665 634 634 -103.1956 -539.0625
38.3651 652 652 647 647 -113.3540 -539.0625
38.3718 683 683 616 616 -114.4867 -539.0625
38.3784 680 680 619 619 -116.8881 -539.0625
38.3851 623 623 676 676 -136.2485 -539.0625
38.3918 634 634 665 665 -152.4951 -539.0625
38.3984 696 696 603 603 -149.8606 -539.0625
38.4050 697 697 602 602 -147.8100 -539.0625
38.4117 612 612 687 687 -170.7077 -539.0625
38.4184 655 655 644 644 -182.0554 -656.2500
38.4251 715 715 584 584 -175.4297 -656.2500
38.4317 729 729 570 570 -163.6711 -656.2500
38.4384 633 633 666 666 -182.4757 -656.2500
38.4450 664 664 635 635 -190.8990 -656.2500
38.4516 700 700 599 599 -188.0146 -656.2500
38.4584 692 692 607 607 -187.6362 -656.2500
38.4650 662 662 637 637 -196.1383 -656.2500
38.4717 671 671 628 628 -205.3154 -835.9375
38.4782 675 675 624 624 -212.1882 -835.9375
38.4848 695 695 604 604 -213.3861 -835.9375
38.4914 712 712 587 587 -209.9851 -835.9375
38.4981 643 643 656 656 -227.5179 -835.9375
38.5047 647 647 652 652 -242.9515 -835.9375
38.5114 675 675 624 624 -250.3401 -835.9375
38.5180 725 725 574 574 -242.8100 -835.9375
38.5246 725 725 574 574 -235.5578 -835.9375
38.5313 622 622 677 677 -260.0089 -835.9375
38.5380 647 647 652 652 -275.3264 -835.9375
38.5446 698 698 601 601 -276.4711 -835.9375
38.5513 729 729 570 570 -267.6133 -835.9375
38.5579 633 633 666 666 -288.6192 -835.9375
38.5645 648 648 651 651 -305.1960 -835.9375
38.5712 680 680 619 619 -311.7787 -835.9375
38.5778 701 701 598 598 -312.3684 -835.9375
38.5845 651 651 648 648 -326.9274 -835.9375
38.5911 666 666 633 633 -338.1200 -835.9375
38.5977 656 656 643 643 -351.0910 -835.9375
38.6044 668 668 631 631 -360.5917 -835.9375
38.6109 716 716 583 583 -356.3662 -835.9375
38.6176 674 674 625 625 -365.4519 -835.9375
38.6243 659 659 640 640 -378.4602 -835.9375
38.6309 656 656 643 643 -392.0844 -835.9375
38.6375 666 666 633 633 -402.5148 -835.9375
38.6441 713 713 586 586 -398.3834 -835.9375
38.6507 615 615 684 684 -423.9719 -835.9375
38.6574 647 647 652 652 -439.2267 -835.9375
38.6640 724 724 575 575 -431.9400 -835.9375
38.6707 714 714 585 585 -428.6953 -835.9375
38.6773 626 626 673 673 -450.4775 -835.9375
38.6839 676 676 623 623 -458.4481 -835.9375
38.6905 708 708 591 591 -455.3037 -835.9375
38.6971 704 704 595 595 -454.2976 -835.9375
38.7038 634 634 665 665 -474.4131 -835.9375
38.7104 657 657 642 642 -486.6512 -835.9375
38.7170 716 716 583 583 -481.8578 -835.9375
38.7237 700 700 599 599 -483.4805 -992.1875
38.7303 690 690 609 609 -488.8453 -992.1875
38.7370 701 701 598 598 -490.7870 -992.1875
38.7437 661 661 638 638 -505.4217 -992.1875
38.7503 711 711 588 588 -504.9524 -992.1875
38.7569 746 746 553 553 -494.5897 -992.1875
38.7636 704 704 595 595 -495.8020 -992.1875
38.7703 684 684 615 615 -503.3579 -992.1875
38.7770 629 629 670 670 -526.9857 -992.1875
38.7836 685 685 614 614 -531.9978 -992.1875
38.7903 765 765 534 534 -513.7648 -992.1875
38.7969 721 721 578 578 -508.1777 -992.1875
38.8035 655 655 644 644 -524.3260 -992.1875
38.8101 637 637 662 662 -543.1144 -992.1875
38.8167 696 696 603 603 -545.3613 -992.1875
38.8234 726 726 573 573 -538.7740 -992.1875
38.8301 678 678 621 621 -548.0659 -992.1875
38.8367 691 691 608 608 -552.9648 -992.1875
38.8433 677 677 622 622 -562.0373 -992.1875
38.8500 669 669 630 630 -573.1368 -992.1875
38.8567 690 690 609 609 -577.9579 -992.1875
38.8633 678 678 621 621 -585.1588 -992.1875
38.8700 730 730 569 569 -577.4207 -992.1875
38.8766 646 646 653 653 -595.2394 -992.1875
38.8833 609 609 690 690 -623.8193 -992.1875
38.8899 684 684 615 615 -629.4377 -992.1875
38.8965 730 730 569 569 -620.5020 -992.1875
38.9032 706 706 593 593 -621.2211 -992.1875
38.9099 656 656 643 643 -635.5115 -992.1875
38.9165 616 616 683 683 -662.3997 -992.1875
38.9232 729 729 570 570 -654.5673 -992.1875
38.9298 716 716 583 583 -651.7434 -992.1875
38.9365 688 688 611 611 -656.7325 -992.1875
38.9431 687 687 612 612 -662.5522 -992.1875
38.9498 651 651 648 648 -679.3940 -992.1875
38.9564 702 702 597 597 -679.5577 -992.1875
38.9630 709 709 590 590 -677.4748 -992.1875
38.9696 701 701 598 598 -677.7965 -992.1875
38.9763 712 712 587 587 -675.7707 -992.1875
38.9830 646 646 653 653 -692.9210 -992.1875
38.9897 683 683 616 616 -698.7302 -992.1875
38.9963 734 734 565 565 -689.9145 -992.1875
39.0029 698 698 601 601 -693.0951 -992.1875
39.0096 686 686 613 613 -698.7988 -992.1875
39.0162 621 621 678 678 -723.0743 -992.1875
39.0229 712 712 587 587 -719.8331 -992.1875
39.0295 737 737 562 562 -709.2269 -992.1875
39.0362 726 726 573 573 -702.6403 -992.1875
39.0428 699 699 600 600 -702.7764 -992.1875
39.0495 627 627 672 672 -726.2729 -992.1875
39.0561 720 720 579 579 -720.6395 -992.1875
39.0627 750 750 549 549 -707.1086 -992.1875
39.0694 697 697 602 602 -708.3157 -992.1875
39.0760 675 675 624 624 -717.6216 -992.1875
39.0826 661 661 638 638 -730.0830 -992.1875
39.0892 700 700 599 599 -730.3517 -992.1875
39.0958 677 677 622 622 -736.7450 -992.1875
39.1024 701 701 598 598 -737.2810 -992.1875
39.1091 726 726 573 573 -730.6677 -992.1875
39.1157 668 668 631 631 -741.2886 -992.1875
39.1224 659 659 640 640 -753.9777 -992.1875
39.1290 649 649 650 650 -770.8136 -992.1875
39.1356 681 681 618 618 -776.7734 -992.1875
39.1422 762 762 537 537 -758.8389 -992.1875
39.1489 636 636 663 663 -778.7617 -992.1875
39.1555 645 645 654 654 -796.1420 -992.1875
39.1622 635 635 664 664 -816.9356 -992.1875
39.1688 702 702 597 597 -815.8926 -992.1875
39.1754 752 752 547 547 -802.0082 -992.1875
39.1821 683 683 616 616 -808.4893 -992.1875
39.1887 655 655 644 644 -823.7186 -992.1875
39.1954 687 687 612 612 -827.4427 -992.1875
39.2020 723 723 576 576 -820.9688 -992.1875
39.2085 743 743 556 556 -809.1437 -992.1875
39.2151 680 680 619 619 -815.8473 -992.1875
39.2218 678 678 621 621 -823.0370 -992.1875
39.2285 685 685 614 614 -827.7931 -992.1875
39.2352 672 672 627 627 -835.8390 -992.1875
39.2418 750 750 549 549 -820.2429 -992.1875
39.2485 736 736 563 563 -809.0488 -992.1875
39.2551 703 703 596 596 -808.4824 -992.1875
39.2618 654 654 645 645 -823.1386 -992.1875
39.2685 637 637 662 662 -839.9641 -992.1875
39.2751 727 727 572 572 -829.9594 -992.1875
39.2818 728 728 571 571 -818.7212 -992.1875
39.2885 734 734 565 565 -809.0059 -992.1875
39.2951 650 650 649 649 -822.4208 -992.1875
39.3017 653 653 646 646 -835.3204 -992.1875
39.3084 689 689 610 610 -836.7518 -992.1875
39.3150 713 713 586 586 -832.9658 -992.1875
39.3217 713 713 586 586 -827.6294 -992.1875
39.3284 688 688 611 611 -830.3999 -992.1875
39.3350 672 672 627 627 -837.9341 -992.1875
39.3417 695 695 604 604 -839.5411 -992.1875
39.3484 663 663 636 636 -850.1108 -992.1875
39.3550 722 722 577 577 -842.5864 -992.1875
39.3617 700 700 599 599 -842.1929 -992.1875
39.3683 699 699 600 600 -842.9177 -992.1875
39.3750 664 664 635 635 -854.0623 -992.1875
39.3817 661 661 638 638 -865.3210 -992.1875
39.3884 688 688 611 611 -868.1083 -992.1875
39.3950 733 733 566 566 -857.8286 -992.1875
39.4017 710 710 589 589 -855.9479 -992.1875
39.4083 674 674 625 625 -863.5585 -992.1875
39.4150 623 623 676 676 -887.5450 -992.1875
39.4217 704 704 595 595 -885.6745 -992.1875
39.4283 741 741 558 558 -874.3544 -992.1875
39.4350 732 732 567 567 -865.1972 -992.1875
39.4416 668 668 631 631 -876.1426 -992.1875
39.4483 637 637 662 662 -895.0702 -992.1875
39.4549 699 699 600 600 -894.2220 -992.1875
39.4616 721 721 578 578 -886.6940 -992.1875
39.4682 724 724 575 575 -879.2516 -992.1875
39.4749 725 725 574 574 -872.2307 -992.1875
39.4816 687 687 612 612 -876.6094 -992.1875
39.4882 662 662 637 637 -887.7234 -992.1875
39.4948 650 650 649 649 -901.6047 -992.1875
39.5015 731 731 568 568 -891.1416 -992.1875
39.5082 717 717 582 582 -885.0529 -992.1875
39.5148 726 726 573 573 -876.9407 -992.1875
39.5216 670 670 629 629 -885.8955 -992.1875
39.5283 641 641 658 658 -904.0392 -992.1875
39.5349 712 712 587 587 -899.9773 -992.1875
39.5416 731 731 568 568 -891.5282 -992.1875
39.5483 766 766 533 533 -871.0013 -992.1875
39.5549 684 684 615 615 -876.3575 -992.1875
39.5616 669 669 630 630 -884.6443 -992.1875
39.5683 679 679 620 620 -890.5550 -992.1875
39.5749 674 674 625 625 -896.0770 -992.1875
39.5816 732 732 567 567 -885.2649 -992.1875
39.5883 714 714 585 585 -880.4622 -992.1875
39.5949 699 699 600 600 -880.8346 -992.1875
39.6016 680 680 619 619 -886.1567 -992.1875
39.6083 647 647 652 652 -901.5640 -992.1875
39.6149 691 691 608 608 -903.6091 -992.1875
39.6216 707 707 592 592 -901.9022 -992.1875
39.6283 742 742 557 557 -888.5668 -992.1875
39.6349 692 692 607 607 -891.3812 -992.1875
39.6416 635 635 664 664 -911.2609 -992.1875
39.6483 681 681 618 618 -917.8187 -992.1875
39.6549 710 710 589 589 -914.2780 -992.1875
39.6616 756 756 543 543 -896.2640 -992.1875
39.6682 730 730 569 569 -888.5789 -992.1875
39.6749 638 638 661 661 -907.4148 -992.1875
39.6815 703 703 596 596 -907.5838 -992.1875
39.6882 674 674 625 625 -913.9249 -992.1875
39.6948 731 731 568 568 -904.8184 -992.1875
39.7015 720 720 579 579 -899.1503 -992.1875
39.7081 696 696 603 603 -900.4728 -992.1875
39.7147 708 708 591 591 -897.3719 -992.1875
39.7214 646 646 653 653 -913.1251 -992.1875
39.7280 652 652 647 647 -926.3430 -992.1875
39.7346 719 719 580 580 -919.5667 -992.1875
39.7413 735 735 564 564 -907.0176 -992.1875
39.7480 698 698 601 601 -908.0744 -992.1875
39.7546 643 643 656 656 -924.7345 -992.1875
39.7612 681 681 618 618 -930.6782 -992.1875
39.7678 718 718 581 581 -923.4117 -992.1875
39.7744 750 750 549 549 -908.6724 -992.1875
39.7811 736 736 563 563 -897.9697 -992.1875
39.7878 661 661 638 638 -910.2726 -992.1875
39.7945 708 708 591 591 -907.4124 -992.1875
39.8012 662 662 637 637 -918.5350 -992.1875
39.8078 710 710 589 589 -914.8156 -992.1875
39.8144 710 710 589 589 -911.1005 -992.1875
39.8211 710 710 589 589 -906.3326 -992.1875
39.8278 734 734 565 565 -895.9359 -992.1875
39.8345 666 666 633 633 -906.2768 -992.1875
39.8411 653 653 646 646 -921.1218 -992.1875
39.8477 678 678 621 621 -926.9665 -992.1875
39.8544 764 764 535 535 -906.4034 -992.1875
39.8611 762 762 537 537 -888.1595 -992.1875
39.8678 653 653 646 646 -902.8705 -992.1875
39.8744 676 676 623 623 -911.0453 -992.1875
39.8811 646 646 653 653 -925.7706 -992.1875
39.8878 717 717 582 582 -920.9696 -992.1875
39.8945 748 748 551 551 -906.1647 -992.1875
39.9011 693 693 606 606 -908.7938 -992.1875
39.9079 697 697 602 602 -909.2163 -992.1875
39.9145 673 673 626 626 -918.2543 -992.1875
39.9212 682 682 617 617 -923.9449 -992.1875
39.9279 688 688 611 611 -927.6946 -992.1875
39.9345 673 673 626 626 -934.5354 -992.1875
39.9412 740 740 559 559 -922.1195 -992.1875
39.9479 690 690 609 609 -924.8176 -992.1875
39.9545 686 686 613 613 -929.6421 -992.1875
39.9611 642 642 657 657 -945.5193 -992.1875
39.9678 704 704 595 595 -944.1518 -992.1875
39.9744 741 741 558 558 -931.2510 -992.1875
39.9811 718 718 581 581 -926.8419 -992.1875
39.9877 655 655 644 644 -940.2841 -992.1875
39.9943 675 675 624 624 -948.4619 -992.1875
40.0009 651 651 648 648 -962.3715 -992.1875
40.0076 725 725 574 574 -953.5114 -992.1875
40.0142 701 701 598 598 -952.0186 -992.1875
40.0209 709 709 590 590 -948.9626 -992.1875
40.0275 723 723 576 576 -942.7112 -992.1875
40.0341 670 670 629 629 -951.7437 -992.1875
40.0408 711 711 588 588 -948.4517 -992.1875
40.0473 686 686 613 613 -952.4875 -992.1875
40.0540 756 756 543 543 -936.1644 -992.1875
40.0606 705 705 594 594 -934.2579 -992.1875
40.0672 640 640 659 659 -951.9492 -992.1875
40.0738 662 662 637 637 -962.4678 -992.1875
40.0805 704 704 595 595 -961.2805 -992.1875
40.0871 769 769 530 530 -939.2470 -992.1875
40.0937 708 708 591 591 -936.7714 -992.1875
40.1004 669 669 630 630 -945.3500 -992.1875
40.1070 672 672 627 627 -954.2211 -992.1875
40.1136 691 691 608 608 -954.4759 -992.1875
40.1203 718 718 581 581 -947.7606 -992.1875
40.1269 727 727 572 572 -938.6768 -992.1875
40.1335 708 708 591 591 -936.9373 -992.1875
40.1402 684 684 615 615 -941.5526 -992.1875
40.1468 694 694 605 605 -942.4252 -992.1875
40.1534 669 669 630 630 -950.0319 -992.1875
40.1600 707 707 592 592 -947.2078 -992.1875
40.1666 743 743 556 556 -932.9727 -992.1875
40.1733 726 726 573 573 -925.0559 -992.1875
40.1799 643 643 656 656 -940.6154 -992.1875
40.1866 653 653 646 646 -954.0912 -992.1875
40.1932 676 676 623 623 -958.5249 -992.1875
40.1998 725 725 574 574 -949.5643 -992.1875
40.2064 756 756 543 543 -931.4806 -992.1875
40.2130 650 650 649 649 -946.1427 -992.1875
40.2198 647 647 652 652 -962.0702 -992.1875
40.2264 675 675 624 624 -968.7954 -992.1875
40.2330 701 701 598 598 -967.7678 -992.1875
40.2396 708 708 591 591 -963.9896 -992.1875
40.2463 696 696 603 603 -965.5746 -992.1875
40.2530 684 684 615 615 -970.4878 -992.1875
40.2597 682 682 617 617 -976.2941 -992.1875
40.2663 677 677 622 622 -982.7830 -992.1875
40.2729 729 729 570 570 -974.2480 -992.1875
40.2796 729 729 570 570 -965.4880 -992.1875
40.2862 692 692 607 607 -967.9000 -992.1875
40.2928 666 666 633 633 -977.0211 -992.1875
40.2994 670 670 629 629 -985.3608 -992.1875
40.3061 728 728 571 571 -975.8365 -992.1875
40.3127 746 746 553 553 -962.6214 -992.1875
40.3193 711 711 588 588 -959.8972 -992.1875
40.3259 665 665 634 634 -970.7701 -992.1875
40.3326 631 631 668 668 -990.5200 -992.1875
40.3392 724 724 575 575 -981.3074 -992.1875
40.3458 741 741 558 558 -967.7151 -992.1875
40.3525 714 714 585 585 -962.4666 -992.1875
40.3591 720 720 579 579 -955.1414 -992.1875
40.3657 678 678 621 621 -960.2495 -992.1875
40.3724 704 704 595 595 -957.5951 -992.1875
40.3790 670 670 629 629 -964.8109 -992.1875
40.3857 702 702 597 597 -962.0851 -992.1875
40.3923 731 731 568 568 -950.7718 -992.1875
40.3990 732 732 567 567 -939.7300 -992.1875
40.4057 709 709 590 590 -936.8715 -992.1875
40.4123 641 641 658 658 -954.2764 -992.1875
40.4190 637 637 662 662 -971.9352 -992.1875
40.4256 681 681 618 618 -975.0403 -992.1875
40.4323 738 738 561 561 -960.9772 -992.1875
40.4389 745 745 554 554 -946.7827 -992.1875
40.4456 680 680 619 619 -952.4170 -992.1875
40.4522 645 645 654 654 -969.3851 -992.1875
40.4588 694 694 605 605 -970.0144 -992.1875
40.4653 703 703 596 596 -968.2841 -992.1875
40.4720 728 728 571 571 -957.9912 -992.1875
40.4787 716 716 583 583 -952.8002 -992.1875
40.4853 716 716 583 583 -947.5840 -992.1875
40.4920 684 684 615 615 -952.3809 -992.1875
40.4985 671 671 628 628 -960.0187 -992.1875
40.5051 712 712 587 587 -955.9380 -992.1875
40.5118 745 745 554 554 -941.7131 -992.1875
40.5184 759 759 540 540 -924.3837 -992.1875
40.5251 663 663 636 636 -934.5735 -992.1875
40.5317 645 645 654 654 -950.5852 -992.1875
40.5383 697 697 602 602 -949.1677 -992.1875
40.5449 718 718 581 581 -943.2166 -992.1875
40.5515 763 763 536 536 -922.5895 -992.1875
40.5582 701 701 598 598 -922.4745 -992.1875
40.5648 712 712 587 587 -918.1041 -992.1875
40.5715 691 691 608 608 -920.8330 -992.1875
40.5781 697 697 602 602 -920.7545 -992.1875
40.5847 699 699 600 600 -920.7123 -992.1875
40.5913 709 709 590 590 -917.6854 -992.1875
40.5979 720 720 579 579 -911.6397 -992.1875
40.6046 705 705 594 594 -909.9688 -992.1875
40.6112 690 690 609 609 -912.7146 -992.1875
40.6178 651 651 648 648 -926.3731 -992.1875
40.6245 653 653 646 646 -940.1259 -992.1875
40.6311 707 707 592 592 -937.8559 -992.1875
40.6378 728 728 571 571 -929.7211 -992.1875
40.6444 729 729 570 570 -920.3956 -992.1875
40.6510 639 639 660 660 -938.8794 -992.1875
40.6576 660 660 639 639 -949.8967 -992.1875
40.6642 670 670 629 629 -959.3929 -992.1875
40.6708 708 708 591 591 -956.7473 -992.1875
40.6775 714 714 585 585 -953.5695 -992.1875
40.6841 686 686 613 613 -958.7380 -992.1875
40.6907 711 711 588 588 -957.0874 -992.1875
40.6973 659 659 640 640 -969.6267 -992.1875
40.7039 693 693 606 606 -971.9485 -992.1875
40.7105 740 740 559 559 -960.6505 -992.1875
40.7171 720 720 579 579 -956.2839 -992.1875
40.7238 714 714 585 585 -952.6018 -992.1875
40.7305 647 647 652 652 -969.3593 -992.1875
40.7371 707 707 592 592 -967.8285 -992.1875
40.7437 748 748 551 551 -954.3450 -992.1875
40.7504 751 751 548 548 -939.4992 -992.1875
40.7571 712 712 587 587 -936.3087 -992.1875
40.7637 661 661 638 638 -949.9371 -992.1875
40.7704 683 683 616 616 -956.3638 -992.1875
40.7770 711 711 588 588 -954.1960 -992.1875
40.7837 692 692 607 607 -955.2499 -992.1875
40.7903 754 754 545 545 -939.7788 -992.1875
40.7970 696 696 603 603 -941.8983 -992.1875
40.8037 730 730 569 569 -934.0573 -992.1875
40.8103 667 667 632 632 -944.0511 -992.1875
40.8170 692 692 607 607 -946.6658 -992.1875
40.8237 676 676 623 623 -954.9132 -992.1875
40.8304 694 694 605 605 -956.5614 -992.1875
40.8370 789 789 510 510 -929.7238 -992.1875
40.8437 714 714 585 585 -926.2046 -992.1875
40.8503 689 689 610 610 -931.3493 -992.1875
40.8569 628 628 671 671 -955.1710 -992.1875
40.8636 660 660 639 639 -966.5968 -992.1875
40.8702 718 718 581 581 -959.6975 -992.1875
40.8769 716 716 583 583 -953.4615 -992.1875
40.8836 749 749 550 550 -940.7206 -992.1875
40.8902 679 679 620 620 -948.0354 -992.1875
40.8968 693 693 606 606 -951.3026 -992.1875
40.9034 665 665 634 634 -961.8905 -992.1875
40.9101 685 685 614 614 -966.9108 -992.1875
40.9167 732 732 567 567 -957.2439 -992.1875
40.9234 720 720 579 579 -950.4698 -992.1875
40.9301 744 744 555 555 -937.7130 -992.1875
40.9367 689 689 610 610 -942.5151 -992.1875
40.9433 653 653 646 646 -957.3209 -992.1875
40.9500 724 724 575 575 -949.9702 -992.1875
40.9566 717 717 582 582 -943.2079 -992.1875
40.9632 784 784 515 515 -919.9326 -992.1875
40.9699 676 676 623 623 -928.1949 -992.1875
40.9765 679 679 620 620 -936.3378 -992.1875
40.9831 671 671 628 628 -944.0739 -992.1875
40.9898 665 665 634 634 -954.7128 -992.1875
40.9965 709 709 590 590 -952.1265 -992.1875
41.0031 689 689 610 610 -955.2797 -992.1875
41.0098 744 744 555 555 -942.0034 -992.1875
41.0164 683 683 616 616 -948.9667 -992.1875
41.0230 696 696 603 603 -952.5143 -992.1875
41.0297 669 669 630 630 -963.9580 -992.1875
41.0363 677 677 622 622 -971.2103 -992.1875
41.0429 754 754 545 545 -956.0186 -992.1875
41.0495 733 733 566 566 -947.6742 -992.1875
41.0561 718 718 581 581 -944.7911 -992.1875
41.0627 639 639 660 660 -963.0500 -992.1875
41.0694 656 656 643 643 -977.0654 -992.1875
41.0761 726 726 573 573 -969.6540 -992.1875
41.0827 740 740 559 559 -959.5113 -992.1875
41.0894 760 760 539 539 -941.9158 -992.1875
41.0960 679 679 620 620 -948.5572 -992.1875
41.1027 676 676 623 623 -955.3221 -992.1875
41.1093 648 648 651 651 -971.6237 -992.1875
41.1160 682 682 617 617 -975.6949 -992.1875
41.1227 726 726 573 573 -966.6699 -992.1875
41.1293 681 681 618 618 -971.2568 -992.1875
41.1359 740 740 559 559 -960.4099 -992.1875
41.1426 665 665 634 634 -971.3125 -992.1875
41.1492 677 677 622 622 -978.4751 -992.1875
41.1559 677 677 622 622 -984.8372 -992.1875
41.1626 727 727 572 572 -978.1462 -992.1875
41.1692 755 755 544 544 -962.3909 -992.1875
41.1758 690 690 609 609 -965.8063 -992.1875
41.1825 678 678 621 621 -972.1083 -992.1875
41.1892 668 668 631 631 -982.5601 -992.1875
41.1958 693 693 606 606 -983.7842 -992.1875
41.2024 764 764 535 535 -963.9601 -992.1875
41.2090 701 701 598 598 -963.8105 -992.1875
41.2156 680 680 619 619 -971.3226 -992.1875
41.2223 660 660 639 639 -984.7286 -992.1875
41.2290 674 674 625 625 -992.0500 -992.1875
41.2356 727 727 572 572 -983.2640 -992.1875
41.2423 724 724 575 575 -975.7324 -992.1875
41.2489 735 735 564 564 -966.5331 -992.1875
41.2556 703 703 596 596 -966.3557 -992.1875
41.2622 700 700 599 599 -967.1288 -992.1875
41.2689 677 677 622 622 -974.8289 -992.1875
41.2755 685 685 614 614 -979.4171 -992.1875
41.2822 738 738 561 561 -967.4354 -992.1875
41.2888 734 734 565 565 -956.2721 -992.1875
41.2955 729 729 570 570 -948.4008 -992.1875
41.3021 661 661 638 638 -961.7056 -992.1875
41.3088 635 635 664 664 -981.5209 -992.1875
41.3155 665 665 634 634 -990.7183 -992.1875
41.3221 714 714 585 585 -983.9537 -992.1875
41.3288 755 755 544 544 -967.2610 -992.1875
41.3354 717 717 582 582 -962.2572 -992.1875
41.3421 675 675 624 624 -970.6575 -992.1875
41.3488 680 680 619 619 -976.5789 -992.1875
41.3554 664 664 635 635 -987.6768 -992.1875
41.3620 698 698 601 601 -987.6146 -992.1875
41.3687 683 683 616 616 -991.2838 -992.1875
41.3753 729 729 570 570 -981.6791 -992.1875
41.3820 704 704 595 595 -980.9096 -992.1875
41.3887 667 667 632 632 -991.5339 -992.1875
41.3953 644 644 655 655 -1008.5135 -992.1875
41.4020 698 698 601 601 -1008.9269 -992.1875
41.4086 735 735 564 564 -998.6598 -992.1875
41.4153 733 733 566 566 -988.2994 -992.1875
41.4220 670 670 629 629 -997.8072 -992.1875
41.4287 656 656 643 643 -1010.0435 -992.1875
41.4353 684 684 615 615 -1014.8748 -992.1875
41.4419 728 728 571 571 -1004.6141 -992.1875
41.4486 731 731 568 568 -994.8610 -992.1875
41.4552 696 696 603 603 -995.7703 -992.1875
41.4618 689 689 610 610 -999.3459 -992.1875
41.4685 660 660 639 639 -1010.7645 -992.1875
41.4752 675 675 624 624 -1016.7549 -992.1875
41.4818 686 686 613 613 -1019.0543 -992.1875
41.4884 751 751 548 548 -1003.8515 -992.1875
41.4950 719 719 580 580 -998.0837 -992.1875
41.5016 700 700 599 599 -998.9431 -992.1875
41.5082 644 644 655 655 -1015.1371 -992.1875
41.5148 684 684 615 615 -1019.1625 -992.1875
41.5214 782 782 517 517 -993.7756 -992.1875
41.5281 745 745 554 554 -980.0308 -992.1875
41.5347 689 689 610 610 -984.4795 -992.1875
41.5414 649 649 650 650 -999.5864 -992.1875
41.5480 691 691 608 608 -1001.6674 -992.1875
41.5545 711 711 588 588 -996.1985 -992.1875
41.5611 721 721 578 578 -988.9188 -992.1875
41.5678 722 722 577 577 -981.1205 -992.1875
41.5744 686 686 613 613 -984.7938 -992.1875
41.5811 705 705 594 594 -983.2473 -992.1875
41.5877 650 650 649 649 -997.8424 -992.1875
41.5943 702 702 597 597 -995.6143 -992.1875
41.6009 705 705 594 594 -992.5950 -992.1875
41.6076 730 730 569 569 -982.7278 -992.1875
41.6142 698 698 601 601 -982.7307 -992.1875
41.6209 637 637 662 662 -999.9345 -992.1875
41.6276 660 660 639 639 -1010.5262 -992.1875
41.6342 712 712 587 587 -1005.9506 -992.1875
41.6408 746 746 553 553 -993.3386 -992.1875
41.6475 748 748 551 551 -978.9319 -992.1875
41.6541 645 645 654 654 -995.9620 -992.1875
41.6608 686 686 613 613 -999.0943 -992.1875
41.6673 700 700 599 599 -999.1321 -992.1875
41.6740 719 719 580 580 -992.2363 -992.1875
41.6806 714 714 585 585 -987.2565 -992.1875
41.6872 683 683 616 616 -991.7024 -992.1875
41.6939 741 741 558 558 -980.4728 -992.1875
41.7004 661 661 638 638 -991.8830 -992.1875
41.7070 700 700 599 599 -991.4844 -992.1875
41.7136 722 722 577 577 -985.0382 -992.1875
41.7203 714 714 585 585 -982.5426 -992.1875
41.7269 700 700 599 599 -984.0621 -992.1875
41.7336 630 630 669 669 -1005.3438 -992.1875
41.7403 708 708 591 591 -1002.8027 -992.1875
41.7469 685 685 614 614 -1006.6111 -992.1875
41.7535 753 753 546 546 -991.6262 -992.1875
41.7602 681 681 618 618 -997.1155 -992.1875
41.7669 642 642 657 657 -1014.9941 -992.1875
41.7736 698 698 601 601 -1015.9361 -992.1875
41.7802 715 715 584 584 -1013.3604 -992.1875
41.7869 730 730 569 569 -1004.0483 -992.1875
41.7935 719 719 580 580 -999.3569 -992.1875
41.8002 653 653 646 646 -1014.1797 -992.1875
41.8068 696 696 603 603 -1016.4484 -992.1875
41.8134 664 664 635 635 -1026.3116 -992.1875
41.8201 705 705 594 594 -1023.7484 -992.1875
41.8267 722 722 577 577 -1017.3654 -992.1875
41.8333 727 727 572 572 -1010.2654 -992.1875
41.8400 709 709 590 590 -1007.3345 -992.1875
41.8466 620 620 679 679 -1030.1860 -992.1875
41.8533 665 665 634 634 -1038.8845 -992.1875
41.8600 735 735 564 564 -1027.4507 -992.1875
41.8666 722 722 577 577 -1019.1927 -992.1875
41.8732 752 752 547 547 -1003.0278 -992.1875
41.8799 633 633 666 666 -1023.7164 -992.1875
41.8865 706 706 593 593 -1022.2490 -992.1875
41.8932 727 727 572 572 -1014.0161 -992.1875
41.8999 737 737 562 562 -1001.2374 -992.1875
41.9065 739 739 560 560 -990.1111 -992.1875
41.9131 651 651 648 648 -1004.3142 -992.1875
41.9198 704 704 595 595 -1003.0192 -992.1875
41.9264 671 671 628 628 -1010.0887 -992.1875
41.9331 686 686 613 613 -1013.3997 -992.1875
41.9397 711 711 588 588 -1009.6682 -992.1875
41.9464 708 708 591 591 -1007.0272 -992.1875
41.9530 734 734 565 565 -996.3745 -992.1875
41.9596 672 672 627 627 -1005.6696 -992.1875
41.9663 631 631 668 668 -1027.0494 -992.1875
41.9730 685 685 614 614 -1032.3695 -992.1875
41.9797 696 696 603 603 -1032.7324 -992.1875
41.9863 769 769 530 530 -1013.7988 -992.1875
41.9929 649 649 650 650 -1029.4132 -992.1875
41.9995 659 659 640 640 -1042.3423 -992.1875
42.0061 678 678 621 621 -1047.1482 -992.1875
42.0127 712 712 587 587 -1043.1560 -992.1875
42.0194 741 741 558 558 -1031.1223 -992.1875
42.0260 662 662 637 637 -1043.0146 -992.1875
42.0327 699 699 600 600 -1043.2169 -992.1875
42.0393 682 682 617 617 -1048.7445 -992.1875
42.0459 694 694 605 605 -1050.2986 -992.1875
42.0525 763 763 536 536 -1031.5521 -992.1875
42.0592 718 718 581 581 -1025.4340 -992.1875
42.0658 719 719 580 580 -1020.3455 -992.1875
42.0724 641 641 658 658 -1038.1394 -992.1875
42.0791 643 643 656 656 -1053.5588 -992.1875
42.0857 731 731 568 568 -1041.7644 -992.1875
42.0923 749 749 550 550 -1023.9066 -992.1875
42.0990 728 728 571 571 -1015.1619 -992.1875
42.1056 656 656 643 643 -1026.9296 -992.1875
42.1123 673 673 626 626 -1034.3890 -992.1875
42.1189 714 714 585 585 -1027.6875 -992.1875
42.1255 731 731 568 568 -1018.5923 -992.1875
42.1322 739 739 560 560 -1006.6291 -992.1875
42.1389 656 656 643 643 -1019.6653 -992.1875
42.1455 677 677 622 622 -1025.0688 -992.1875
42.1521 671 671 628 628 -1032.2968 -992.1875
42.1588 713 713 586 586 -1028.0562 -992.1875
42.1654 711 711 588 588 -1024.9434 -992.1875
42.1721 709 709 590 590 -1022.5602 -992.1875
42.1787 717 717 582 582 -1019.5267 -992.1875
42.1853 654 654 645 645 -1034.7117 -992.1875
42.1920 667 667 632 632 -1044.7936 -992.1875
42.1986 712 712 587 587 -1040.6034 -992.1875
42.2052 745 745 554 554 -1027.6831 -992.1875
42.2118 714 714 585 585 -1024.6837 -992.1875
42.2184 649 649 650 650 -1040.4706 -992.1875
42.2250 681 681 618 618 -1046.4624 -992.1875
42.2317 724 724 575 575 -1039.1072 -992.1875
42.2383 756 756 543 543 -1023.4700 -992.1875
42.2449 719 719 580 580 -1017.3947 -992.1875
42.2516 648 648 651 651 -1032.9252 -992.1875
42.2582 685 685 614 614 -1035.7643 -992.1875
42.2648 724 724 575 575 -1028.7555 -992.1875
42.2715 762 762 537 537 -1009.0558 -992.1875
42.2781 705 705 594 594 -1007.5471 -992.1875
42.2847 694 694 605 605 -1008.7533 -992.1875
42.2914 683 683 616 616 -1013.6322 -992.1875
42.2980 672 672 627 627 -1020.5972 -992.1875
42.3047 684 684 615 615 -1023.5870 -992.1875
42.3113 700 700 599 599 -1021.0273 -992.1875
42.3179 726 726 573 573 -1012.2717 -992.1875
42.3245 709 709 590 590 -1008.7540 -992.1875
42.3311 663 663 636 636 -1019.8998 -992.1875
42.3378 663 663 636 636 -1029.4314 -992.1875
42.3444 674 674 625 625 -1035.6992 -992.1875
42.3510 771 771 528 528 -1013.3487 -992.1875
42.3576 704 704 595 595 -1012.6714 -992.1875
42.3642 659 659 640 640 -1025.2570 -992.1875
42.3708 642 642 657 657 -1042.3063 -992.1875
42.3775 678 678 621 621 -1048.4585 -992.1875
42.3841 762 762 537 537 -1028.0830 -992.1875
42.3908 730 730 569 569 -1018.4584 -992.1875
42.3974 710 710 589 589 -1015.1074 -992.1875
42.4040 680 680 619 619 -1021.9794 -992.1875
42.4107 677 677 622 622 -1028.7594 -992.1875
42.4173 685 685 614 614 -1033.1073 -992.1875
42.4239 695 695 604 604 -1033.7874 -992.1875
42.4305 743 743 556 556 -1020.9840 -992.1875
42.4371 698 698 601 601 -1021.1595 -992.1875
42.4437 663 663 636 636 -1032.0198 -992.1875
42.4503 655 655 644 644 -1043.9904 -992.1875
42.4571 716 716 583 583 -1039.0656 -992.1875
42.4637 766 766 533 533 -1017.9364 -992.1875
42.4703 748 748 551 551 -1003.8779 -992.1875
42.4769 650 650 649 649 -1017.7424 -992.1875
42.4836 682 682 617 617 -1023.0276 -992.1875
42.4902 726 726 573 573 -1013.0922 -992.1875
42.4968 729 729 570 570 -1002.6783 -992.1875
42.5035 725 725 574 574 -993.1632 -992.1875
42.5102 667 667 632 632 -1001.9057 -992.1875
42.5168 686 686 613 613 -1004.7745 -992.1875
42.5234 676 676 623 623 -1009.7858 -992.1875
42.5301 689 689 610 610 -1010.4556 -992.1875
42.5367 697 697 602 602 -1009.0961 -992.1875
42.5434 709 709 590 590 -1005.0139 -992.1875
42.5501 725 725 574 574 -996.9611 -992.1875
42.5567 705 705 594 594 -995.0506 -992.1875
42.5633 653 653 646 646 -1008.5765 -992.1875
42.5700 674 674 625 625 -1014.9199 -992.1875
42.5767 673 673 626 626 -1021.1727 -992.1875
42.5833 770 770 529 529 -998.9373 -992.1875
42.5900 684 684 615 615 -1002.8315 -992.1875
42.5966 647 647 652 652 -1018.6744 -992.1875
42.6032 647 647 652 652 -1034.0894 -992.1875
42.6099 694 694 605 605 -1036.4099 -992.1875
42.6166 733 733 566 566 -1025.4348 -992.1875
42.6233 701 701 598 598 -1025.6644 -992.1875
42.6300 642 642 657 657 -1042.7484 -992.1875
42.6366 673 673 626 626 -1051.2073 -992.1875
42.6432 671 671 628 628 -1058.4867 -992.1875
42.6499 731 731 568 568 -1048.4285 -992.1875
42.6565 706 706 593 593 -1046.8250 -992.1875
42.6632 694 694 605 605 -1049.1937 -992.1875
42.6699 683 683 616 616 -1053.7864 -992.1875
42.6765 662 662 637 637 -1064.1427 -992.1875
42.6831 703 703 596 596 -1062.1484 -992.1875
42.6898 747 747 552 552 -1047.1871 -992.1875
42.6965 676 676 623 623 -1053.0881 -992.1875
42.7031 687 687 612 612 -1055.2205 -992.1875
42.7097 651 651 648 648 -1068.8580 -992.1875
42.7163 748 748 551 551 -1052.5204 -992.1875
42.7230 764 764 535 535 -1032.4358 -992.1875
42.7297 657 657 642 642 -1044.1975 -992.1875
42.7364 656 656 643 643 -1056.8430 -992.1875
42.7430 656 656 643 643 -1067.0908 -992.1875
42.7497 735 735 564 564 -1052.2925 -992.1875
42.7563 730 730 569 569 -1040.4467 -992.1875
42.7629 659 659 640 640 -1050.4325 -992.1875
42.7695 694 694 605 605 -1051.4147 -992.1875
42.7762 661 661 638 638 -1060.1055 -992.1875
42.7828 743 743 556 556 -1045.7935 -992.1875
42.7894 711 711 588 588 -1040.8673 -992.1875
42.7960 685 685 614 614 -1043.9307 -992.1875
42.8026 724 724 575 575 -1034.5798 -992.1875
42.8093 657 657 642 642 -1045.2324 -992.1875
42.8159 718 718 581 581 -1038.1381 -992.1875
42.8226 709 709 590 590 -1033.9150 -992.1875
42.8292 746 746 553 553 -1017.7328 -992.1875
42.8358 725 725 574 574 -1009.8204 -992.1875
42.8424 657 657 642 642 -1021.5463 -992.1875
42.8491 660 660 639 639 -1032.1431 -992.1875
42.8557 681 681 618 618 -1033.6362 -992.1875
42.8624 770 770 529 529 -1010.2809 -992.1875
42.8691 754 754 545 545 -992.6649 -992.1875
42.8757 660 660 639 639 -1004.5128 -992.1875
42.8823 678 678 621 621 -1009.9305 -992.1875
42.8888 641 641 658 658 -1026.1638 -992.1875
42.8955 691 691 608 608 -1027.1532 -992.1875
42.9022 705 705 594 594 -1024.1105 -992.1875
42.9088 688 688 611 611 -1025.6443 -992.1875
42.9154 723 723 576 576 -1017.1070 -992.1875
42.9221 663 663 636 636 -1027.0046 -992.1875
42.9288 693 693 606 606 -1028.7025 -992.1875
42.9354 649 649 650 650 -1042.3632 -992.1875
42.9421 722 722 577 577 -1034.0371 -992.1875
42.9488 729 729 570 570 -1025.0931 -992.1875
42.9554 660 660 639 639 -1036.7612 -992.1875
42.9620 642 642 657 657 -1053.8650 -992.1875
42.9686 697 697 602 602 -1053.3896 -992.1875
42.9752 753 753 546 546 -1038.4685 -992.1875
42.9819 744 744 555 555 -1024.9980 -992.1875
42.9885 660 660 639 639 -1037.2539 -992.1875
42.9951 666 666 633 633 -1046.4075 -992.1875
43.0018 682 682 617 617 -1050.5837 -992.1875
43.0085 667 667 632 632 -1053.0377 -687.5000
43.0151 730 730 569 569 -1037.0239 -687.5000
43.0218 677 677 622 622 -1038.3184 -687.5000
43.0284 670 670 629 629 -1042.9050 -687.5000
43.0351 666 666 633 633 -1047.5398 -687.5000
43.0417 646 646 653 653 -1057.7815 -687.5000
43.0484 720 720 579 579 -1045.9149 -687.5000
43.0550 730 730 569 569 -1031.7649 -687.5000
43.0617 661 661 638 638 -1037.8148 -687.5000
43.0683 660 660 639 639 -1043.5698 -687.5000
43.0750 658 658 641 641 -1051.4170 -687.5000
43.0816 762 762 537 537 -1027.3601 -687.5000
43.0883 763 763 536 536 -1004.5466 -687.5000
43.0949 651 651 648 648 -1014.5260 -687.5000
43.1015 677 677 622 622 -1017.5725 -687.5000
43.1082 685 685 614 614 -1015.9620 -687.5000
43.1148 748 748 551 551 -995.3272 -687.5000
43.1214 704 704 595 595 -988.4565 -687.5000
43.1280 692 692 607 607 -985.6794 -687.5000
43.1346 691 691 608 608 -983.3099 -687.5000
43.1413 655 655 644 644 -989.7637 -687.5000
43.1480 710 710 589 589 -980.1163 -687.5000
43.1546 698 698 601 601 -974.4536 -687.5000
43.1613 715 715 584 584 -963.2925 -687.5000
43.1680 728 728 571 571 -948.1647 -687.5000
43.1746 622 622 677 677 -965.1718 -687.5000
43.1813 674 674 625 625 -966.7867 -687.5000
43.1879 709 709 590 590 -958.3279 -687.5000
43.1945 748 748 551 551 -937.0351 -687.5000
43.2012 731 731 568 568 -922.9365 -687.5000
43.2078 627 627 672 672 -938.8274 -687.5000
43.2144 693 693 606 606 -935.5952 -687.5000
43.2211 709 709 590 590 -925.1776 -687.5000
43.2278 749 749 550 550 -903.8386 -687.5000
43.2345 696 696 603 603 -898.8903 -687.5000
43.2412 659 659 640 640 -905.5919 -687.5000
43.2479 688 688 611 611 -903.1684 -687.5000
43.2545 624 624 675 675 -909.6432 -0.0000
43.2612 657 657 642 642 -906.2274 -0.0000
43.2679 687 687 612 612 -893.4785 -0.0000
43.2745 669 669 630 630 -886.2108 -0.0000
43.2812 674 674 625 625 -878.2376 -0.0000
43.2878 629 629 670 670 -884.1913 -0.0000
43.2945 650 650 649 649 -884.0056 -0.0000
43.3011 703 703 596 596 -868.3196 -0.0000
43.3078 693 693 606 606 -855.7951 -0.0000
43.3144 614 614 685 685 -867.2593 -0.0000
43.3211 644 644 655 655 -868.1884 -0.0000
43.3279 713 713 586 586 -848.4558 -0.0000