12.0414 -385 1685 1685 -385 0.1713 -0.0000 0.5679 -0.0000 650.0000 -6.5830 -110.1562
12.0481 -622 1922 1922 -622 0.2676 -0.0000 0.5004 -0.0000 650.0000 17.0986 -110.1562
12.0547 -399 1699 1699 -399 0.2373 -0.0000 0.5018 -0.0000 650.0000 -5.1792 -110.1562
12.0614 -509 1809 1809 -509 0.2867 -0.0000 0.5664 -0.0000 650.0000 5.7461 -110.1562
12.0681 -349 1649 1649 -349 0.2236 -0.0000 0.6305 -0.0000 650.0000 -10.1841 -110.1562
12.0747 -569 1869 1869 -569 0.3006 -0.0000 0.7075 -0.0000 650.0000 11.7886 -110.1562
12.0814 -431 1731 1731 -431 0.3032 -0.0000 0.7165 -0.0000 650.0000 0.3750 -107.8125
12.0881 -505 1805 1805 -505 0.3528 -0.0000 0.7801 -0.0000 650.0000 7.7603 -107.8125
12.0947 -440 1740 1740 -440 0.3532 -0.0000 0.8006 -0.0000 650.0000 1.2295 -107.8125
12.1014 -541 1841 1841 -541 0.4097 -0.0000 0.8959 -0.0000 650.0000 11.3613 -107.8125
12.1081 -388 1688 1688 -388 0.3627 -0.0000 0.9585 -0.0000 650.0000 -3.9585 -107.8125
12.1147 -514 1814 1814 -514 0.4111 -0.0000 0.9559 -0.0000 650.0000 8.6147 -107.8125
12.1213 -323 1623 1623 -323 0.3507 -0.0000 0.9751 -0.0000 650.0000 -10.4893 -107.8125
12.1280 -465 1765 1765 -465 0.3918 -0.0000 0.9442 -0.0000 650.0000 3.7319 -107.8125
12.1347 -401 1701 1701 -401 0.3784 -0.0000 0.9747 -0.0000 650.0000 -2.6768 -107.8125
12.1414 -455 1755 1755 -455 0.3879 -0.0000 0.9264 -0.0000 650.0000 2.7554 -107.8125
12.1481 -515 1815 1815 -515 0.4293 -0.0000 0.9941 -0.0000 650.0000 8.7368 -107.8125
12.1548 -342 1642 1642 -342 0.3663 -0.0000 1.0366 -0.0000 650.0000 -8.5361 -107.8125
12.1615 -386 1686 1686 -386 0.3462 -0.0000 1.0671 -0.0000 650.0000 -4.1416 -107.8125
12.1682 -365 1665 1665 -365 0.3216 -0.0000 1.0353 -0.0000 650.0000 -6.2778 -107.8125
12.1748 -420 1720 1720 -420 0.3253 -0.0000 1.0181 -0.0000 650.0000 -0.7236 -107.8125
12.1815 -423 1723 1723 -423 0.3144 -0.0000 1.0775 -0.0000 650.0000 -0.4795 -107.8125
12.1882 -581 1881 1881 -581 0.3850 -0.0000 1.0594 -0.0000 650.0000 15.3286 -107.8125
12.1948 -364 1664 1664 -364 0.3133 -0.0000 1.1608 -0.0000 650.0000 -6.3389 -107.8125
12.2015 -473 1773 1773 -473 0.3277 -0.0000 1.0578 -0.0000 650.0000 4.5254 -107.8125
12.2082 -468 1768 1768 -468 0.3417 -0.0000 1.0339 -0.0000 650.0000 4.0371 -107.8125
12.2149 -496 1796 1796 -496 0.3872 -0.0000 0.9962 -0.0000 650.0000 9.2251 -105.4688
12.2216 -493 1793 1793 -493 0.4165 -0.0000 1.0808 -0.0000 650.0000 8.8589 -105.4688
12.2283 -351 1651 1651 -351 0.3500 -0.0000 1.0937 -0.0000 650.0000 -5.3013 -105.4688
12.2349 -421 1721 1721 -421 0.3335 -0.0000 1.0460 -0.0000 650.0000 1.7178 -105.4688
12.2416 -337 1637 1637 -337 0.2803 -0.0000 1.0436 -0.0000 650.0000 -6.7661 -105.4688
12.2483 -567 1867 1867 -567 0.3857 -0.0000 1.0094 -0.0000 650.0000 16.2441 -105.4688
12.2549 -490 1790 1790 -490 0.4400 -0.0000 1.0442 -0.0000 650.0000 8.6147 -105.4688
12.2616 -460 1760 1760 -460 0.4636 -0.0000 1.0419 -0.0000 650.0000 5.6240 -105.4688
12.2684 -393 1693 1693 -393 0.4379 -0.0000 1.0440 -0.0000 650.0000 -1.1509 -105.4688
12.2750 299 1000 1000 299 0.3875 -0.0000 1.0241 -0.0000 650.0000 -4.8130 -39.8438
12.2817 272 1027 1027 272 0.3658 -0.0000 0.9969 -0.0000 650.0000 -2.0664 -39.8438
12.2883 285 1014 1014 285 0.3401 -0.0000 0.9859 -0.0000 650.0000 -3.3481 -39.8438
12.2949 323 976 976 323 0.2924 -0.0000 0.9932 -0.0000 650.0000 -7.1934 -39.8438
12.3016 275 1024 1024 275 0.2696 -0.0000 1.0125 -0.0000 650.0000 -2.3716 -39.8438
12.3083 200 1099 1099 200 0.2866 -0.0000 1.0744 -0.0000 650.0000 5.1357 -39.8438
12.3149 227 1072 1072 227 0.2657 -0.0000 0.9460 -0.0000 650.0000 2.3892 -39.8438
12.3216 187 1112 1112 187 0.2369 -0.0000 0.9454 -0.0000 650.0000 6.3564 -39.8438
12.3282 132 1167 1167 132 0.2425 -0.0000 0.9583 -0.0000 650.0000 11.9106 -39.8438
12.3348 252 1047 1047 252 0.1792 -0.0000 0.9075 -0.0000 650.0000 -0.0522 -39.8438
12.3414 258 1041 1041 258 0.1518 -0.0000 0.9735 -0.0000 650.0000 -0.7236 -39.8438
12.3481 246 1053 1053 246 0.1563 -0.0000 0.9131 -0.0000 650.0000 0.4971 -39.8438
12.3547 269 1030 1030 269 0.1666 -0.0000 0.8698 -0.0000 650.0000 -1.8223 -39.8438
12.3614 328 971 971 328 0.1669 -0.0000 0.8543 -0.0000 650.0000 -7.6816 -39.8438
12.3681 332 967 967 332 0.1661 -0.0000 0.7331 -0.0000 650.0000 -8.1089 -39.8438
12.3747 186 1113 1113 186 0.2416 -0.0000 0.6909 -0.0000 650.0000 6.5396 -39.8438
12.3814 296 1003 1003 296 0.2273 -0.0000 0.6790 -0.0000 650.0000 -4.5078 -39.8438
12.3880 345 954 954 345 0.1700 -0.0000 0.6737 -0.0000 650.0000 -9.3906 -39.8438
12.3947 217 1082 1082 217 0.1768 -0.0000 0.8135 -0.0000 650.0000 3.3657 -39.8438
12.4013 165 1134 1134 165 0.2067 -0.0000 0.8539 -0.0000 650.0000 8.6147 -39.8438
12.4080 223 1076 1076 223 0.1796 -0.0000 0.8481 -0.0000 650.0000 2.8164 -39.8438
12.4146 168 1131 1131 168 0.1698 -0.0000 0.9613 -0.0000 650.0000 8.3096 -39.8438
12.4213 306 993 993 306 0.0859 -0.0000 1.0329 -0.0000 650.0000 -5.4844 -39.8438
12.4280 151 1148 1148 151 0.1171 -0.0000 0.9024 -0.0000 650.0000 10.0186 -39.8438
12.4347 343 956 956 343 0.0650 -0.0000 0.8795 -0.0000 650.0000 -6.8882 -37.5000
12.4414 288 1011 1011 288 0.0609 -0.0000 0.8769 -0.0000 650.0000 -1.3340 -37.5000
12.4480 262 1037 1037 262 0.0888 -0.0000 0.8601 -0.0000 650.0000 1.2905 -37.5000
12.4546 290 1009 1009 290 0.1135 -0.0000 0.8141 -0.0000 650.0000 -1.5171 -37.5000
12.4613 295 1004 1004 295 0.1366 -0.0000 0.8214 -0.0000 650.0000 -2.0664 -37.5000
12.4680 344 955 955 344 0.1216 -0.0000 0.7053 -0.0000 650.0000 -6.9492 -37.5000
12.4747 255 1044 1044 255 0.1545 -0.0000 0.6275 -0.0000 650.0000 1.9009 -37.5000
12.4813 334 965 965 334 0.1250 -0.0000 0.6873 -0.0000 650.0000 -5.9727 -37.5000
12.4881 111 1188 1188 111 0.1229 -0.0000 0.6582 -0.0000 650.0000 -0.0522 -53.9062
12.4948 122 1177 1177 122 0.1050 -0.0000 0.6514 -0.0000 650.0000 -1.1509 -53.9062
12.5015 73 1226 1226 73 0.1085 -0.0000 0.6096 -0.0000 650.0000 3.7319 -53.9062
12.5081 112 1187 1187 112 0.0849 -0.0000 0.6714 -0.0000 650.0000 -0.1133 -53.9062
12.5148 83 1216 1216 83 0.0771 -0.0000 0.6230 -0.0000 650.0000 2.7554 -53.9062
12.5214 126 1173 1173 126 0.0445 -0.0000 0.5336 -0.0000 650.0000 -1.5171 -53.9062
12.5280 157 1142 1142 157 -0.0005 -0.0000 0.5978 -0.0000 650.0000 -4.6909 -53.9062
12.5347 -11 1311 1311 -11 0.0709 -0.0000 0.5333 -0.0000 650.0000 12.2158 -53.9062
12.5414 71 1228 1228 71 0.0897 -0.0000 0.5843 -0.0000 650.0000 3.9150 -53.9062
12.5481 -962 2262 2262 -962 0.0964 -0.0000 0.4430 -0.0000 650.0000 1.8398 -159.3750
12.5547 -921 2221 2221 -921 0.0825 -0.0000 0.4074 -0.0000 650.0000 -2.1885 -159.3750
12.5614 -937 2237 2237 -937 0.0886 -0.0000 0.3821 -0.0000 650.0000 -0.6626 -159.3750
12.5681 -880 2180 2180 -880 0.0739 -0.0000 0.3660 -0.0000 650.0000 -6.3389 -159.3750
12.5747 -923 2223 2223 -923 0.0882 -0.0000 0.3644 -0.0000 650.0000 -2.0664 -159.3750
12.5814 -1016 2316 2316 -1016 0.1615 -0.0000 0.2524 -0.0000 650.0000 7.2720 -159.3750
12.5881 -895 2195 2195 -895 0.1448 -0.0000 0.2738 -0.0000 650.0000 -4.8740 -159.3750
12.5947 -882 2182 2182 -882 0.1136 -0.0000 0.3178 -0.0000 650.0000 -6.1558 -159.3750
12.6014 -965 2265 2265 -965 0.1290 -0.0000 0.3729 -0.0000 650.0000 2.2061 -159.3750
12.6081 -1030 2330 2330 -1030 0.1019 -0.0000 0.3644 -0.0000 650.0000 -0.7236 -168.7500
12.6148 -1043 2343 2343 -1043 0.0793 -0.0000 0.3463 -0.0000 650.0000 0.5581 -168.7500
12.6214 -1030 2330 2330 -1030 0.0513 -0.0000 0.4242 -0.0000 650.0000 -0.7236 -168.7500
12.6281 -957 2257 2257 -957 -0.0045 -0.0000 0.3962 -0.0000 650.0000 -8.0479 -168.7500
12.6348 -1055 2355 2355 -1055 0.0140 -0.0000 0.4486 -0.0000 650.0000 1.7788 -168.7500
12.6415 -988 2288 2288 -988 -0.0099 -0.0000 0.3687 -0.0000 650.0000 -4.9351 -168.7500
12.6481 -1214 2514 2514 -1214 0.1024 -0.0000 0.3975 -0.0000 650.0000 17.7090 -168.7500
12.6548 -995 2295 2295 -995 0.0669 -0.0000 0.3351 -0.0000 650.0000 -4.2026 -168.7500
12.6614 -1079 2379 2379 -1079 0.1001 -0.0000 0.3594 -0.0000 650.0000 4.1592 -168.7500
12.6682 -1066 2366 2366 -1066 0.1177 -0.0000 0.3855 -0.0000 650.0000 0.5581 -171.0938
12.6748 -999 2299 2299 -999 0.0901 -0.0000 0.4658 -0.0000 650.0000 -6.0947 -171.0938
12.6815 -1050 2350 2350 -1050 0.0689 -0.0000 0.4490 -0.0000 650.0000 -1.0898 -171.0938
12.6882 -1017 2317 2317 -1017 0.0124 -0.0000 0.4185 -0.0000 650.0000 -4.3247 -171.0938
12.6948 -1142 2442 2442 -1142 0.0358 -0.0000 0.3612 -0.0000 650.0000 8.1875 -171.0938
12.7014 -1004 2304 2304 -1004 -0.0009 -0.0000 0.3265 -0.0000 650.0000 -5.6064 -171.0938
12.7080 -1104 2404 2404 -1104 0.0466 -0.0000 0.3673 -0.0000 650.0000 4.3423 -171.0938
12.7146 -970 2270 2270 -970 0.0166 -0.0000 0.3574 -0.0000 650.0000 -9.0854 -171.0938
12.7213 -1102 2402 2402 -1102 0.0506 -0.0000 0.3763 -0.0000 650.0000 4.1592 -171.0938
12.7281 -1180 2480 2480 -1180 -0.0405 -0.0000 0.3358 -0.0000 650.0000 -11.4658 -194.5312
12.7348 -1441 2741 2741 -1441 0.0292 -0.0000 0.2936 -0.0000 650.0000 14.5962 -194.5312
12.7415 -1299 2599 2599 -1299 0.0215 -0.0000 0.2462 -0.0000 650.0000 0.4360 -194.5312
12.7482 -1303 2603 2603 -1303 0.0385 -0.0000 0.2677 -0.0000 650.0000 0.8633 -194.5312
12.7548 -1270 2570 2570 -1270 0.0510 -0.0000 0.3079 -0.0000 650.0000 -2.4937 -194.5312
12.7615 -1328 2628 2628 -1328 0.0980 -0.0000 0.2561 -0.0000 650.0000 3.3047 -194.5312
12.7682 -1382 2682 2682 -1382 0.1618 -0.0000 0.2586 -0.0000 650.0000 8.6758 -194.5312
12.7749 -1253 2553 2553 -1253 0.1212 -0.0000 0.1884 -0.0000 650.0000 -4.2026 -194.5312
12.7816 -1321 2621 2621 -1321 0.1195 -0.0000 0.1932 -0.0000 650.0000 2.5723 -194.5312
12.7883 -1302 2602 2602 -1302 0.1199 -0.0000 0.1914 -0.0000 650.0000 0.7412 -194.5312
12.7949 -1336 2636 2636 -1336 0.1600 -0.0000 0.2262 -0.0000 650.0000 4.1592 -194.5312
12.8016 -1210 2510 2510 -1210 0.1242 -0.0000 0.2567 -0.0000 650.0000 -8.4751 -194.5312
12.8083 -1370 2670 2670 -1370 0.1798 -0.0000 0.2461 -0.0000 650.0000 7.5161 -194.5312
12.8149 -1181 2481 2481 -1181 0.0821 -0.0000 0.2167 -0.0000 650.0000 -11.4048 -194.5312
12.8216 -1285 2585 2585 -1285 0.0574 -0.0000 0.2131 -0.0000 650.0000 -0.9678 -194.5312
12.8283 -1172 2472 2472 -1172 -0.0274 -0.0000 0.1944 -0.0000 650.0000 -12.2593 -194.5312
12.8349 -1268 2568 2568 -1268 -0.0228 -0.0000 0.1796 -0.0000 650.0000 -2.6768 -194.5312
12.8416 -1246 2546 2546 -1246 -0.0201 -0.0000 0.2295 -0.0000 650.0000 -2.5547 -192.1875
12.8484 -1341 2641 2641 -1341 0.0311 -0.0000 0.1937 -0.0000 650.0000 6.9668 -192.1875
12.8550 -1282 2582 2582 -1282 0.0150 -0.0000 0.2250 -0.0000 650.0000 1.1074 -192.1875
12.8616 -1206 2506 2506 -1206 -0.0490 -0.0000 0.2190 -0.0000 650.0000 -6.5220 -192.1875
12.8683 -1307 2607 2607 -1307 -0.0376 -0.0000 0.2436 -0.0000 650.0000 3.5488 -192.1875
12.8749 -1242 2542 2542 -1242 -0.0381 -0.0000 0.2139 -0.0000 650.0000 -2.9819 -192.1875
12.8815 -1350 2650 2650 -1350 0.0363 -0.0000 0.1908 -0.0000 650.0000 7.8213 -192.1875
12.8882 -1231 2531 2531 -1231 0.0243 -0.0000 0.1905 -0.0000 650.0000 -4.0806 -192.1875
12.8949 -1335 2635 2635 -1335 0.0538 -0.0000 0.2493 -0.0000 650.0000 6.3564 -192.1875
12.9015 -1042 2342 2342 -1042 0.0272 -0.0000 0.1830 -0.0000 650.0000 -1.8223 -171.0938
12.9082 -1132 2432 2432 -1132 0.0661 -0.0000 0.1571 -0.0000 650.0000 7.1499 -171.0938
12.9149 -1054 2354 2354 -1054 0.0784 -0.0000 0.2108 -0.0000 650.0000 -0.6626 -171.0938
12.9215 -1142 2442 2442 -1142 0.1497 -0.0000 0.2157 -0.0000 650.0000 8.1265 -171.0938
12.9282 -1012 2312 2312 -1012 0.1295 -0.0000 0.2896 -0.0000 650.0000 -4.8130 -171.0938
12.9348 -1050 2350 2350 -1050 0.1088 -0.0000 0.2870 -0.0000 650.0000 -1.0898 -171.0938
12.9415 -982 2282 2282 -982 0.0411 -0.0000 0.3753 -0.0000 650.0000 -7.8647 -171.0938
12.9482 -1046 2346 2346 -1046 0.0199 -0.0000 0.3158 -0.0000 650.0000 -1.3950 -171.0938
12.9548 -1069 2369 2369 -1069 0.0321 -0.0000 0.3670 -0.0000 650.0000 0.8633 -171.0938
12.9614 -1070 2370 2370 -1070 0.0486 -0.0000 0.3238 -0.0000 650.0000 0.9854 -171.0938
12.9680 -1029 2329 2329 -1029 0.0367 -0.0000 0.3950 -0.0000 650.0000 -3.1650 -171.0938
12.9747 -1037 2337 2337 -1037 0.0128 -0.0000 0.3982 -0.0000 650.0000 -2.3105 -171.0938
12.9813 -990 2290 2290 -990 -0.0472 -0.0000 0.4694 -0.0000 650.0000 -7.0103 -171.0938
12.9880 -1061 2361 2361 -1061 -0.0614 -0.0000 0.4166 -0.0000 650.0000 0.0088 -171.0938
12.9946 -1115 2415 2415 -1115 -0.0351 -0.0000 0.4429 -0.0000 650.0000 5.4409 -171.0938
13.0013 -1048 2348 2348 -1048 -0.0531 -0.0000 0.4111 -0.0000 650.0000 -1.2729 -171.0938
13.0080 -1028 2328 2328 -1028 -0.0867 -0.0000 0.4959 -0.0000 650.0000 -3.2871 -171.0938
13.0146 -1098 2398 2398 -1098 -0.0770 -0.0000 0.4832 -0.0000 650.0000 3.7319 -171.0938
13.0213 -1075 2375 2375 -1075 -0.0807 -0.0000 0.5156 -0.0000 650.0000 1.4126 -171.0938
13.0280 -1091 2391 2391 -1091 -0.0681 -0.0000 0.4990 -0.0000 650.0000 3.0605 -171.0938
13.0346 -1078 2378 2378 -1078 -0.0610 -0.0000 0.4210 -0.0000 650.0000 1.7178 -171.0938
13.0413 -1127 2427 2427 -1127 -0.0180 -0.0000 0.4463 -0.0000 650.0000 6.6616 -171.0938
13.0480 -1036 2336 2336 -1036 -0.0326 -0.0000 0.4463 -0.0000 650.0000 -2.4937 -171.0938
13.0546 -1128 2428 2428 -1128 0.0130 -0.0000 0.4666 -0.0000 650.0000 6.7227 -171.0938
13.0613 -1083 2383 2383 -1083 0.0307 -0.0000 0.4839 -0.0000 650.0000 2.2671 -171.0938
13.0679 -1013 2313 2313 -1013 0.0104 -0.0000 0.4484 -0.0000 650.0000 -4.7520 -171.0938
13.0746 -1057 2357 2357 -1057 0.0253 -0.0000 0.3424 -0.0000 650.0000 -0.2964 -171.0938
13.0812 -1062 2362 2362 -1062 0.0493 -0.0000 0.3890 -0.0000 650.0000 0.1919 -171.0938
13.0879 -1062 2362 2362 -1062 0.0773 -0.0000 0.3844 -0.0000 650.0000 0.1919 -171.0938
13.0945 -1061 2361 2361 -1061 0.1001 -0.0000 0.4772 -0.0000 650.0000 0.0698 -171.0938
13.1012 -1035 2335 2335 -1035 0.0973 -0.0000 0.4803 -0.0000 650.0000 -2.5547 -171.0938
13.1078 -1036 2336 2336 -1036 0.0697 -0.0000 0.5414 -0.0000 650.0000 -2.4326 -171.0938
13.1144 -1065 2365 2365 -1065 0.0502 -0.0000 0.4915 -0.0000 650.0000 0.4971 -171.0938
13.1211 -1051 2351 2351 -1051 0.0183 -0.0000 0.5156 -0.0000 650.0000 -0.9067 -171.0938
13.1278 -1054 2354 2354 -1054 -0.0020 -0.0000 0.4613 -0.0000 650.0000 -0.6016 -171.0938
13.1344 -999 2299 2299 -999 -0.0494 -0.0000 0.5843 -0.0000 650.0000 -6.1558 -171.0938
13.1410 -1008 2308 2308 -1008 -0.0879 -0.0000 0.6337 -0.0000 650.0000 -5.2402 -171.0938
13.1478 641 658 658 641 -0.0990 -0.0000 0.6831 -0.0000 650.0000 0.8633 0.0000
13.1545 565 734 734 565 -0.0686 -0.0000 0.6604 -0.0000 650.0000 8.4316 0.0000
13.1611 564 735 735 564 -0.0308 -0.0000 0.6762 -0.0000 650.0000 8.5537 0.0000
13.1677 685 614 614 685 -0.0649 -0.0000 0.6696 -0.0000 650.0000 -3.5923 0.0000
13.1744 600 699 699 600 -0.0311 -0.0000 0.7191 -0.0000 650.0000 4.9526 0.0000
13.1810 588 711 711 588 0.0232 -0.0000 0.7174 -0.0000 650.0000 6.1733 0.0000
13.1877 652 647 647 652 0.0344 -0.0000 0.7107 -0.0000 650.0000 -0.2964 0.0000
13.1944 599 700 700 599 0.0937 -0.0000 0.7713 -0.0000 650.0000 5.0747 0.0000
13.2010 676 623 623 676 0.1109 -0.0000 0.7921 -0.0000 650.0000 -2.6768 0.0000
13.2076 603 696 696 603 0.1616 -0.0000 0.8294 -0.0000 650.0000 4.6475 0.0000
13.2142 561 738 738 561 0.2368 -0.0000 0.8702 -0.0000 650.0000 8.8589 0.0000
13.2209 564 735 735 564 0.2778 -0.0000 0.8231 -0.0000 650.0000 8.5537 0.0000
13.2275 731 568 568 731 0.2147 -0.0000 0.7372 -0.0000 650.0000 -8.1699 0.0000
13.2342 735 564 564 735 0.1453 -0.0000 0.6706 -0.0000 650.0000 -8.5361 0.0000
13.2408 739 560 560 739 0.0862 -0.0000 0.6767 -0.0000 650.0000 -8.9634 0.0000
13.2475 576 723 723 576 0.1253 -0.0000 0.7936 -0.0000 650.0000 7.3940 0.0000
13.2542 562 737 737 562 0.1686 -0.0000 0.7321 -0.0000 650.0000 8.7368 0.0000
13.2608 679 620 620 679 0.1247 -0.0000 0.7033 -0.0000 650.0000 -2.9819 0.0000
13.2674 569 730 730 569 0.1542 -0.0000 0.7070 -0.0000 650.0000 8.0654 0.0000
13.2740 596 703 703 596 0.1704 -0.0000 0.7601 -0.0000 650.0000 5.3188 0.0000
13.2807 594 705 705 594 0.1909 -0.0000 0.6903 -0.0000 650.0000 5.5630 0.0000
13.2873 658 641 641 658 0.1669 -0.0000 0.6675 -0.0000 650.0000 -0.8457 0.0000
13.2939 682 617 617 682 0.1267 -0.0000 0.5790 -0.0000 650.0000 -3.2871 0.0000
13.3006 657 642 642 657 0.1120 -0.0000 0.5692 -0.0000 650.0000 -0.7236 0.0000
13.3072 627 672 672 627 0.1248 -0.0000 0.5907 -0.0000 650.0000 2.2061 0.0000
13.3138 665 634 634 665 0.1352 -0.0000 0.6462 -0.0000 650.0000 -1.5171 0.0000
13.3205 720 579 579 720 0.1388 -0.0000 0.5220 -0.0000 650.0000 -7.0713 0.0000
13.3271 669 630 630 669 0.1765 -0.0000 0.5358 -0.0000 650.0000 -1.9443 0.0000
13.3337 505 794 794 505 0.2967 -0.0000 0.4862 -0.0000 650.0000 14.4741 0.0000
13.3404 750 549 549 750 0.1979 -0.0000 0.4672 -0.0000 650.0000 -10.0620 0.0000
13.3470 578 721 721 578 0.2010 -0.0000 0.4738 -0.0000 650.0000 7.1499 0.0000
13.3536 759 540 540 759 0.0900 -0.0000 0.5152 -0.0000 650.0000 -10.9165 0.0000
13.3603 726 573 573 726 0.0466 -0.0000 0.4154 -0.0000 650.0000 -7.6206 0.0000
13.3669 687 612 612 687 0.0502 -0.0000 0.5394 -0.0000 650.0000 -3.7144 0.0000
13.3735 648 651 651 648 0.0818 -0.0000 0.3742 -0.0000 650.0000 0.1309 0.0000
13.3802 574 725 725 574 0.1298 -0.0000 0.5266 -0.0000 650.0000 7.5161 0.0000
13.3868 616 683 683 616 0.1345 -0.0000 0.6150 -0.0000 650.0000 3.3657 0.0000
13.3934 642 657 657 642 0.1215 -0.0000 0.5198 -0.0000 650.0000 0.7412 0.0000
13.4001 754 545 545 754 0.0651 -0.0000 0.5463 -0.0000 650.0000 -10.4893 0.0000
13.4067 679 620 620 679 0.0710 -0.0000 0.4298 -0.0000 650.0000 -2.9819 0.0000
13.4134 534 765 765 534 0.1640 -0.0000 0.5184 -0.0000 650.0000 11.5444 0.0000
13.4201 671 628 628 671 0.1420 -0.0000 0.6243 -0.0000 650.0000 -2.1885 0.0000
13.4268 539 760 760 539 0.1913 -0.0000 0.5569 -0.0000 650.0000 11.0562 0.0000
13.4334 695 604 604 695 0.1311 -0.0000 0.6722 -0.0000 650.0000 -4.5078 0.0000
13.4401 815 484 484 815 0.0116 -0.0000 0.6540 -0.0000 650.0000 -16.5317 0.0000
13.4467 690 609 609 690 -0.0008 -0.0000 0.5974 -0.0000 650.0000 -4.0806 0.0000
13.4534 736 563 563 736 -0.0319 -0.0000 0.4604 -0.0000 650.0000 -8.6582 0.0000
13.4601 854 445 445 854 -0.1518 -0.0000 0.4200 -0.0000 650.0000 -20.4380 0.0000
13.4667 545 754 754 545 -0.0860 -0.0000 0.4124 -0.0000 650.0000 10.4458 0.0000
13.4734 698 601 601 698 -0.1359 -0.0000 0.3088 -0.0000 650.0000 -4.8130 0.0000
13.4801 697 602 602 697 -0.1800 -0.0000 0.4103 -0.0000 650.0000 -4.7520 0.0000
13.4867 676 623 623 676 -0.1949 -0.0000 0.3234 -0.0000 650.0000 -2.6768 0.0000
13.4934 623 676 676 623 -0.1552 -0.0000 0.3044 -0.0000 650.0000 2.6333 0.0000
13.5000 770 529 529 770 -0.2076 -0.0000 0.2648 -0.0000 650.0000 -12.0762 0.0000
13.5067 706 593 593 706 -0.2180 -0.0000 0.4995 -0.0000 650.0000 -5.6064 0.0000
13.5134 612 687 687 612 -0.1990 -0.0000 0.3289 -0.0000 650.0000 3.7319 0.0000
13.5201 602 697 697 602 -0.1933 -0.0000 0.5391 -0.0000 650.0000 4.7695 0.0000
13.5267 560 739 739 560 -0.1761 -0.0000 0.4394 -0.0000 650.0000 8.9199 0.0000
13.5333 633 666 666 633 -0.1766 -0.0000 0.3799 -0.0000 650.0000 1.6567 0.0000
13.5400 637 662 662 637 -0.1508 -0.0000 0.3944 -0.0000 650.0000 1.2905 0.0000
13.5467 723 576 576 723 -0.1644 -0.0000 0.3117 -0.0000 650.0000 -7.3765 0.0000
13.5534 585 714 714 585 -0.0999 -0.0000 0.4155 -0.0000 650.0000 6.4785 0.0000
13.5601 629 670 670 629 -0.0862 -0.0000 0.1942 -0.0000 650.0000 2.0840 0.0000
13.5667 559 740 740 559 -0.0532 -0.0000 0.1701 -0.0000 650.0000 9.0420 0.0000
13.5733 737 562 562 737 -0.1261 -0.0000 0.3130 -0.0000 650.0000 -8.7192 0.0000
13.5800 629 670 670 629 -0.1117 -0.0000 0.2237 -0.0000 650.0000 2.0840 0.0000
13.5867 662 637 637 662 -0.0866 -0.0000 0.3133 -0.0000 650.0000 -1.2119 0.0000
13.5933 721 578 578 721 -0.0985 -0.0000 0.3224 -0.0000 650.0000 -7.1323 0.0000
13.6000 563 736 736 563 -0.0151 -0.0000 0.3232 -0.0000 650.0000 8.6147 0.0000
13.6067 571 728 728 571 0.0184 -0.0000 0.4636 -0.0000 650.0000 7.8213 0.0000
13.6133 632 667 667 632 -0.0055 -0.0000 0.3108 -0.0000 650.0000 1.7178 0.0000
13.6200 643 656 656 643 -0.0001 -0.0000 0.3543 -0.0000 650.0000 5.3799 4.6875
13.6267 793 506 506 793 -0.0564 -0.0000 0.5033 -0.0000 650.0000 -9.6348 4.6875
13.6333 647 652 652 647 -0.0024 -0.0000 0.3314 -0.0000 650.0000 4.9526 4.6875
13.6400 794 505 505 794 -0.0430 -0.0000 0.4934 -0.0000 650.0000 -9.7568 4.6875
13.6467 757 542 542 757 -0.0857 -0.0000 0.4896 -0.0000 650.0000 -6.0947 4.6875
13.6533 633 666 666 633 -0.0631 -0.0000 0.3595 -0.0000 650.0000 6.3564 4.6875
13.6600 651 648 648 651 -0.0611 -0.0000 0.3036 -0.0000 650.0000 4.5254 4.6875
13.6666 834 465 465 834 -0.1426 -0.0000 0.4108 -0.0000 650.0000 -13.7241 4.6875
13.6733 757 542 542 757 -0.1411 -0.0000 0.3013 -0.0000 650.0000 -6.0947 4.6875
13.6800 3015 -1715 -1715 3015 -0.1301 -0.0000 0.3180 -0.0000 650.0000 -6.8271 229.6875
13.6867 3015 -1715 -1715 3015 -0.1566 -0.0000 0.4852 -0.0000 650.0000 -6.8882 229.6875
13.6933 3018 -1718 -1718 3018 -0.2178 -0.0000 0.3880 -0.0000 650.0000 -7.1934 229.6875
13.7000 3004 -1704 -1704 3004 -0.3167 -0.0000 0.3772 -0.0000 650.0000 -5.7285 229.6875
13.7066 2975 -1675 -1675 2975 -0.4063 -0.0000 0.4355 -0.0000 650.0000 -2.8599 229.6875
13.7133 3222 -1922 -1922 3222 -0.6088 -0.0000 0.7475 -0.0000 650.0000 -27.5181 229.6875
13.7199 3148 -1848 -1848 3148 -0.6471 -0.0000 0.9677 -0.0000 650.0000 -20.1938 229.6875
13.7266 3104 -1804 -1804 3104 -0.6389 -0.0000 1.0204 -0.0000 650.0000 -15.7993 229.6875
13.7333 2902 -1602 -1602 2902 -0.5305 -0.0000 0.7899 -0.0000 650.0000 4.4033 229.6875
13.7400 3096 -1796 -1796 3096 -0.6415 -0.0000 0.7748 -0.0000 650.0000 -15.0059 229.6875
13.7466 2802 -1502 -1502 2802 -0.5936 -0.0000 0.7086 -0.0000 650.0000 14.4741 229.6875
13.7532 2982 -1682 -1682 2982 -0.6687 -0.0000 0.5827 -0.0000 650.0000 -3.5923 229.6875
13.7599 3005 -1705 -1705 3005 -0.7274 -0.0000 0.6297 -0.0000 650.0000 -5.8506 229.6875
13.7666 2945 -1645 -1645 2945 -0.7263 -0.0000 0.5717 -0.0000 650.0000 0.1309 229.6875
13.7733 3015 -1715 -1715 3015 -0.7434 -0.0000 0.5601 -0.0000 650.0000 -6.8271 229.6875
13.7799 3184 -1884 -1884 3184 -0.8205 -0.0000 0.5484 -0.0000 650.0000 -23.7949 229.6875
13.7865 2944 -1644 -1644 2944 -0.7488 -0.0000 0.3984 -0.0000 650.0000 0.2529 229.6875
13.7932 2881 -1581 -1581 2881 -0.6673 -0.0000 0.4920 -0.0000 650.0000 6.5396 229.6875
13.7999 2885 -1585 -1585 2885 -0.6569 -0.0000 0.2657 -0.0000 650.0000 6.1123 229.6875
13.8066 3142 -1842 -1842 3142 -0.8075 -0.0000 0.2377 -0.0000 650.0000 -19.5225 229.6875
13.8132 2991 -1691 -1691 2991 -0.8209 -0.0000 0.0972 -0.0000 650.0000 -4.4468 229.6875
13.8199 3064 -1764 -1764 3064 -0.8249 -0.0000 0.2089 -0.0000 650.0000 -11.7710 229.6875
13.8265 3040 -1740 -1740 3040 -0.8198 -0.0000 0.1861 -0.0000 650.0000 -9.3906 229.6875
13.8332 2755 -1455 -1455 2755 -0.6616 -0.0000 0.1487 -0.0000 650.0000 19.1738 229.6875
13.8398 2989 -1689 -1689 2989 -0.7401 -0.0000 0.0473 -0.0000 650.0000 -4.2637 229.6875
13.8465 2822 -1522 -1522 2822 -0.7260 -0.0000 -0.1091 -0.0000 650.0000 12.3989 229.6875
13.8532 3048 -1748 -1748 3048 -0.8489 -0.0000 -0.1055 -0.0000 650.0000 -10.1841 229.6875
13.8599 3072 -1772 -1772 3072 -0.9125 -0.0000 -0.2011 -0.0000 650.0000 -12.5645 229.6875
13.8665 3177 -1877 -1877 3177 -1.0045 -0.0000 -0.0724 -0.0000 650.0000 -23.0625 229.6875
13.8731 3021 -1721 -1721 3021 -0.9699 -0.0000 -0.1739 -0.0000 650.0000 -7.4375 229.6875
13.8798 2833 -1533 -1533 2833 -0.8392 -0.0000 -0.1829 -0.0000 650.0000 11.3613 229.6875
13.8865 2860 -1560 -1560 2860 -0.7631 -0.0000 -0.2517 -0.0000 650.0000 8.6147 229.6875
13.8932 2767 -1467 -1467 2767 -0.6801 -0.0000 -0.2719 -0.0000 650.0000 17.8921 229.6875
13.8998 2991 -1691 -1691 2991 -0.7344 -0.0000 -0.3144 -0.0000 650.0000 -4.5078 229.6875
13.9065 3132 -1832 -1832 3132 -0.8397 -0.0000 -0.1747 -0.0000 650.0000 -18.5459 229.6875
13.9131 3170 -1870 -1870 3170 -0.8902 -0.0000 -0.2764 -0.0000 650.0000 -22.3301 229.6875
13.9198 3189 -1889 -1889 3189 -0.9539 -0.0000 -0.2330 -0.0000 650.0000 -24.2222 229.6875
13.9265 3502 -2202 -2202 3502 -0.8174 -0.0000 -0.3875 -0.0000 650.0000 12.3989 297.6562
13.9332 3453 -2153 -2153 3453 -0.7707 -0.0000 -0.3608 -0.0000 650.0000 17.3428 297.6562
13.9399 3442 -2142 -2142 3442 -0.7586 -0.0000 -0.4146 -0.0000 650.0000 18.3804 297.6562
13.9465 3588 -2288 -2288 3588 -0.8398 -0.0000 -0.4649 -0.0000 650.0000 3.8540 297.6562
13.9532 3642 -2342 -2342 3642 -0.8394 -0.0000 -0.4168 -0.0000 650.0000 -1.6392 297.6562
13.9599 3776 -2476 -2476 3776 -0.8419 -0.0000 -0.4947 -0.0000 650.0000 -15.0059 297.6562
13.9665 3875 -2575 -2575 3875 -0.8417 -0.0000 -0.4074 -0.0000 650.0000 -24.8936 297.6562
13.9732 3725 -2425 -2425 3725 -0.7372 -0.0000 -0.5250 -0.0000 650.0000 -9.8789 297.6562
13.9799 3638 -2338 -2338 3638 -0.6357 -0.0000 -0.3483 -0.0000 650.0000 -1.1509 297.6562
13.9865 3608 -2308 -2308 3608 -0.6052 -0.0000 -0.5150 -0.0000 650.0000 1.8398 297.6562
13.9931 3404 -2104 -2104 3404 -0.5836 -0.0000 -0.5350 -0.0000 650.0000 22.2256 297.6562
13.9998 3581 -2281 -2281 3581 -0.6948 -0.0000 -0.6923 -0.0000 650.0000 4.5254 297.6562
14.0065 3609 -2309 -2309 3609 -0.7866 -0.0000 -0.7203 -0.0000 650.0000 1.6567 297.6562
14.0132 3740 -2440 -2440 3740 -0.8220 -0.0000 -0.6995 -0.0000 650.0000 -11.4048 297.6562
14.0199 3721 -2421 -2421 3721 -0.7892 -0.0000 -0.7163 -0.0000 650.0000 -9.5127 297.6562
14.0265 3774 -2474 -2474 3774 -0.7721 -0.0000 -0.6991 -0.0000 650.0000 -14.7617 297.6562
14.0332 3759 -2459 -2459 3759 -0.8205 -0.0000 -0.6357 -0.0000 650.0000 -13.2969 297.6562
14.0398 3511 -2211 -2211 3511 -0.7642 -0.0000 -0.6028 -0.0000 650.0000 11.4834 297.6562
14.0465 3601 -2301 -2301 3601 -0.8259 -0.0000 -0.5800 -0.0000 650.0000 2.5112 297.6562
14.0532 3542 -2242 -2242 3542 -0.8317 -0.0000 -0.6384 -0.0000 650.0000 8.3706 297.6562
14.0599 3655 -2355 -2355 3655 -0.8773 -0.0000 -0.6996 -0.0000 650.0000 -2.9209 297.6562
14.0665 3584 -2284 -2284 3584 -0.7917 -0.0000 -0.5806 -0.0000 650.0000 4.1592 297.6562
14.0732 3637 -2337 -2337 3637 -0.7126 -0.0000 -0.5559 -0.0000 650.0000 -1.0898 297.6562
14.0798 3719 -2419 -2419 3719 -0.6736 -0.0000 -0.5210 -0.0000 650.0000 -9.3296 297.6562
14.0865 3649 -2349 -2349 3649 -0.6086 -0.0000 -0.6918 -0.0000 650.0000 -2.2495 297.6562
14.0932 3693 -2393 -2393 3693 -0.6039 -0.0000 -0.6315 -0.0000 650.0000 -6.7051 297.6562
14.0999 2681 -1381 -1381 2681 -0.6135 -0.0000 -0.7187 -0.0000 650.0000 -3.9585 199.2188
14.1065 2528 -1228 -1228 2528 -0.5808 -0.0000 -0.7226 -0.0000 650.0000 11.3613 199.2188
14.1132 2551 -1251 -1251 2551 -0.5751 -0.0000 -0.7918 -0.0000 650.0000 9.0420 199.2188
14.1198 2593 -1293 -1293 2593 -0.5898 -0.0000 -0.8217 -0.0000 650.0000 4.8916 199.2188
14.1265 2769 -1469 -1469 2769 -0.6441 -0.0000 -0.8158 -0.0000 650.0000 -12.7476 199.2188
14.1332 2683 -1383 -1383 2683 -0.5955 -0.0000 -0.8754 -0.0000 650.0000 -4.1416 199.2188
14.1399 2785 -1485 -1485 2785 -0.5936 -0.0000 -0.7932 -0.0000 650.0000 -14.3345 199.2188
14.1466 2762 -1462 -1462 2762 -0.6303 -0.0000 -0.8422 -0.0000 650.0000 -12.0151 199.2188
14.1532 2591 -1291 -1291 2591 -0.6143 -0.0000 -0.7980 -0.0000 650.0000 5.0747 199.2188
14.1599 2517 -1217 -1217 2517 -0.5990 -0.0000 -0.8836 -0.0000 650.0000 12.4600 199.2188
14.1666 2546 -1246 -1246 2546 -0.6031 -0.0000 -0.9121 -0.0000 650.0000 9.5913 199.2188
14.1732 2862 -1562 -1562 2862 -0.7593 -0.0000 -1.0229 -0.0000 650.0000 -22.0249 199.2188
14.1799 2751 -1451 -1451 2751 -0.7307 -0.0000 -1.0102 -0.0000 650.0000 -10.9165 199.2188
14.1865 2613 -1313 -1313 2613 -0.5993 -0.0000 -1.0324 -0.0000 650.0000 2.8774 199.2188
14.1932 2672 -1372 -1372 2672 -0.5356 -0.0000 -0.9764 -0.0000 650.0000 -2.9819 199.2188
14.1998 2628 -1328 -1328 2628 -0.5618 -0.0000 -1.1391 -0.0000 650.0000 1.4126 199.2188
14.2065 2646 -1346 -1346 2646 -0.6320 -0.0000 -1.0467 -0.0000 650.0000 -0.4795 199.2188
14.2132 2670 -1370 -1370 2670 -0.7091 -0.0000 -1.1113 -0.0000 650.0000 -2.8599 199.2188
14.2199 2714 -1414 -1414 2714 -0.7037 -0.0000 -1.0109 -0.0000 650.0000 -7.1934 199.2188
14.2265 2836 -1536 -1536 2836 -0.7235 -0.0000 -1.0395 -0.0000 650.0000 -19.4004 199.2188
14.2331 2693 -1393 -1393 2693 -0.6235 -0.0000 -0.9947 -0.0000 650.0000 -5.1792 199.2188
14.2398 2790 -1490 -1490 2790 -0.6416 -0.0000 -0.9817 -0.0000 650.0000 -14.8228 199.2188
14.2464 2403 -1103 -1103 2403 -0.4640 -0.0000 -1.0014 -0.0000 650.0000 23.8735 199.2188
14.2531 2694 -1394 -1394 2694 -0.5307 -0.0000 -0.9789 -0.0000 650.0000 -5.2402 199.2188
14.2598 2498 -1198 -1198 2498 -0.5148 -0.0000 -1.0803 -0.0000 650.0000 14.4131 199.2188
14.2665 2659 -1359 -1359 2659 -0.6032 -0.0000 -1.0356 -0.0000 650.0000 -1.7002 199.2188
14.2731 2624 -1324 -1324 2624 -0.6516 -0.0000 -1.0220 -0.0000 650.0000 1.7788 199.2188
14.2798 2736 -1436 -1436 2736 -0.7145 -0.0000 -0.9675 -0.0000 650.0000 -9.3906 199.2188
14.2864 2684 -1384 -1384 2684 -0.7153 -0.0000 -0.9999 -0.0000 650.0000 -4.2637 199.2188
14.2931 2525 -1225 -1225 2525 -0.5964 -0.0000 -0.9979 -0.0000 650.0000 11.6665 199.2188
14.2998 2716 -1416 -1416 2716 -0.6034 -0.0000 -1.0317 -0.0000 650.0000 -7.4375 199.2188
14.3065 2666 -1366 -1366 2666 -0.5797 -0.0000 -0.9775 -0.0000 650.0000 -2.4326 199.2188
14.3131 2639 -1339 -1339 2639 -0.5480 -0.0000 -1.0273 -0.0000 650.0000 0.3140 199.2188
14.3198 2648 -1348 -1348 2648 -0.5519 -0.0000 -0.9375 -0.0000 650.0000 -0.6016 199.2188
14.3264 2579 -1279 -1279 2579 -0.5283 -0.0000 -0.9931 -0.0000 650.0000 6.2954 199.2188
14.3331 2713 -1413 -1413 2713 -0.5972 -0.0000 -0.8657 -0.0000 650.0000 -7.1323 199.2188
14.3397 2649 -1349 -1349 2649 -0.5944 -0.0000 -0.9795 -0.0000 650.0000 -0.7236 199.2188
14.3466 2675 -1375 -1375 2675 -0.5839 -0.0000 -0.8544 -0.0000 650.0000 -3.3481 199.2188
14.3537 721 578 578 721 -0.5652 -0.0000 -0.7680 -0.0000 650.0000 -7.1323 0.0000
14.3607 684 615 615 684 -0.5285 -0.0000 -0.9041 -0.0000 650.0000 -3.4702 0.0000
14.3677 669 630 630 669 -0.5042 -0.0000 -0.8481 -0.0000 650.0000 -1.9443 0.0000
14.3747 751 548 548 751 -0.5884 -0.0000 -0.7647 -0.0000 650.0000 -10.1230 0.0000
14.3817 632 667 667 632 -0.5969 -0.0000 -0.7765 -0.0000 650.0000 1.7788 0.0000
14.3886 601 698 698 601 -0.5722 -0.0000 -0.7856 -0.0000 650.0000 4.8306 0.0000
14.3958 722 577 577 722 -0.6174 -0.0000 -0.7279 -0.0000 650.0000 -7.2544 0.0000
14.4028 710 589 589 710 -0.6557 -0.0000 -0.6333 -0.0000 650.0000 -6.0337 0.0000
14.4098 652 647 647 652 -0.6609 -0.0000 -0.4685 -0.0000 650.0000 -0.2964 0.0000
14.4168 588 711 711 588 -0.6371 -0.0000 -0.3770 -0.0000 650.0000 6.1733 0.0000
14.4238 504 795 795 504 -0.5547 -0.0000 -0.4267 -0.0000 650.0000 14.5962 0.0000
14.4307 627 672 672 627 -0.5481 -0.0000 -0.3963 -0.0000 650.0000 2.2671 0.0000
14.4378 646 653 653 646 -0.5348 -0.0000 -0.4053 -0.0000 650.0000 0.3750 0.0000
14.4448 737 562 562 737 -0.5677 -0.0000 -0.4519 -0.0000 650.0000 -8.7192 0.0000
14.4518 691 608 608 691 -0.5639 -0.0000 -0.5182 -0.0000 650.0000 -4.1416 0.0000
14.4585 493 806 806 493 -0.4237 -0.0000 -0.6816 -0.0000 650.0000 15.6948 0.0000
14.4651 600 699 699 600 -0.3542 -0.0000 -0.6631 -0.0000 650.0000 4.9526 0.0000
14.4718 669 630 630 669 -0.3529 -0.0000 -0.6265 -0.0000 650.0000 -1.9443 0.0000
14.4785 682 617 617 682 -0.3600 -0.0000 -0.4587 -0.0000 650.0000 -3.2261 0.0000
14.4851 685 614 614 685 -0.3709 -0.0000 -0.4789 -0.0000 650.0000 -3.5312 0.0000
14.4917 691 608 608 691 -0.3856 -0.0000 -0.5841 -0.0000 650.0000 -4.1416 0.0000
14.4984 775 524 524 775 -0.4626 -0.0000 -0.4607 -0.0000 650.0000 -12.5034 0.0000
14.5050 565 734 734 565 -0.4090 -0.0000 -0.4654 -0.0000 650.0000 8.4316 0.0000
14.5117 662 637 637 662 -0.4278 -0.0000 -0.3990 -0.0000 650.0000 -1.2729 0.0000
14.5184 725 574 574 725 -0.4799 -0.0000 -0.1537 -0.0000 650.0000 -7.5596 0.0000
14.5250 588 711 711 588 -0.4272 -0.0000 -0.3138 -0.0000 650.0000 6.1733 0.0000
14.5317 659 640 640 659 -0.4105 -0.0000 -0.2739 -0.0000 650.0000 -0.9678 0.0000
14.5384 603 696 696 603 -0.3670 -0.0000 -0.2495 -0.0000 650.0000 4.6475 0.0000
14.5450 710 589 589 710 -0.4053 -0.0000 -0.3150 -0.0000 650.0000 -6.0947 0.0000
14.5517 567 732 732 567 -0.3462 -0.0000 -0.2819 -0.0000 650.0000 8.2485 0.0000
14.5584 732 567 567 732 -0.3919 -0.0000 -0.3075 -0.0000 650.0000 -8.2920 0.0000
14.5650 643 656 656 643 -0.3708 -0.0000 -0.2186 -0.0000 650.0000 0.6802 0.0000
14.5717 601 698 698 601 -0.3274 -0.0000 -0.3017 -0.0000 650.0000 4.8916 0.0000
14.5784 785 514 514 785 -0.4129 -0.0000 -0.2839 -0.0000 650.0000 -13.5410 0.0000
14.5850 646 653 653 646 -0.4074 -0.0000 -0.2994 -0.0000 650.0000 0.3140 0.0000
14.5917 541 758 758 541 -0.3311 -0.0000 -0.3353 -0.0000 650.0000 10.8730 0.0000
14.5984 711 588 588 711 -0.3623 -0.0000 -0.3997 -0.0000 650.0000 -6.1558 0.0000
14.6050 668 631 631 668 -0.3562 -0.0000 -0.2664 -0.0000 650.0000 -1.8833 0.0000
14.6117 511 788 788 511 -0.2500 -0.0000 -0.4633 -0.0000 650.0000 13.8027 0.0000
14.6183 775 524 524 775 -0.3233 -0.0000 -0.2307 -0.0000 650.0000 -12.5645 0.0000
14.6250 573 726 726 573 -0.2669 -0.0000 -0.0074 -0.0000 650.0000 7.6992 0.0000
14.6317 434 865 865 434 -0.1217 -0.0000 -0.1034 -0.0000 650.0000 21.5542 0.0000
14.6384 747 552 552 747 -0.1807 -0.0000 -0.0491 -0.0000 650.0000 -9.7568 0.0000
14.6451 629 670 670 629 -0.1490 -0.0000 -0.3317 -0.0000 650.0000 2.0229 0.0000
14.6518 757 542 542 757 -0.1922 -0.0000 -0.1827 -0.0000 650.0000 -10.7944 0.0000
14.6585 486 813 813 486 -0.0646 -0.0000 -0.2200 -0.0000 650.0000 16.3662 0.0000
14.6651 612 687 687 612 -0.0581 -0.0000 -0.0449 -0.0000 650.0000 3.7319 0.0000
14.6718 756 543 543 756 -0.1596 -0.0000 -0.1054 -0.0000 650.0000 -10.6113 0.0000
14.6785 712 587 587 712 -0.2216 -0.0000 -0.1610 -0.0000 650.0000 -6.2778 0.0000
14.6851 709 590 590 709 -0.2382 -0.0000 -0.0263 -0.0000 650.0000 -5.9727 0.0000
14.6918 600 699 699 600 -0.1684 -0.0000 -0.2079 -0.0000 650.0000 4.9526 0.0000
14.6984 696 603 603 696 -0.1661 -0.0000 -0.0568 -0.0000 650.0000 -4.6909 0.0000
14.7051 651 648 648 651 -0.1764 -0.0000 -0.0643 -0.0000 650.0000 -0.1743 0.0000
14.7117 624 675 675 624 -0.1862 -0.0000 -0.0191 -0.0000 650.0000 2.5112 0.0000
14.7184 665 634 634 665 -0.2281 -0.0000 0.0380 -0.0000 650.0000 -1.5171 0.0000
14.7250 589 710 710 589 -0.2078 -0.0000 -0.0038 -0.0000 650.0000 6.0513 0.0000
14.7317 569 730 730 569 -0.1618 -0.0000 0.0073 -0.0000 650.0000 8.0044 0.0000
14.7384 662 637 637 662 -0.1644 -0.0000 0.0555 -0.0000 650.0000 -1.2119 0.0000
14.7450 736 563 563 736 -0.1977 -0.0000 0.0146 -0.0000 650.0000 -8.6582 0.0000
14.7517 583 716 716 583 -0.1304 -0.0000 0.1193 -0.0000 650.0000 6.6616 0.0000
14.7584 707 592 592 707 -0.1539 -0.0000 0.1039 -0.0000 650.0000 -5.7896 0.0000
14.7650 760 539 539 760 -0.2090 -0.0000 0.0907 -0.0000 650.0000 -11.0996 0.0000
14.7717 564 735 735 564 -0.1293 -0.0000 0.1117 -0.0000 650.0000 8.5537 0.0000
14.7784 717 582 582 717 -0.1563 -0.0000 0.0675 -0.0000 650.0000 -6.7661 0.0000
14.7850 601 698 698 601 -0.1192 -0.0000 0.0414 -0.0000 650.0000 4.8306 0.0000
14.7917 679 620 620 679 -0.1402 -0.0000 -0.0082 -0.0000 650.0000 -2.9209 0.0000
14.7984 555 744 744 555 -0.0796 -0.0000 -0.0309 -0.0000 650.0000 9.4692 0.0000
14.8050 667 632 632 667 -0.1010 -0.0000 0.0315 -0.0000 650.0000 -1.7612 0.0000
14.8117 645 654 654 645 -0.1135 -0.0000 -0.0653 -0.0000 650.0000 0.4971 0.0000
14.8184 635 664 664 635 -0.1153 -0.0000 0.0747 -0.0000 650.0000 1.4126 0.0000
14.8250 553 746 746 553 -0.0546 -0.0000 -0.1130 -0.0000 650.0000 9.6523 0.0000
14.8317 598 701 701 598 -0.0180 -0.0000 -0.1611 -0.0000 650.0000 5.1357 0.0000
14.8384 704 595 595 704 -0.0437 -0.0000 0.0181 -0.0000 650.0000 -5.4233 0.0000
14.8450 737 562 562 737 -0.0840 -0.0000 -0.1661 -0.0000 650.0000 -8.7803 0.0000
14.8518 671 628 628 671 -0.0795 -0.0000 -0.1755 -0.0000 650.0000 -2.1885 0.0000
14.8585 701 598 598 701 -0.0951 -0.0000 -0.1216 -0.0000 650.0000 -5.1792 0.0000
14.8652 604 695 695 604 -0.0513 -0.0000 -0.3630 -0.0000 650.0000 4.5254 0.0000
14.8718 680 619 619 680 -0.0598 -0.0000 -0.2571 -0.0000 650.0000 -3.0430 0.0000
14.8785 704 595 595 704 -0.0916 -0.0000 -0.3101 -0.0000 650.0000 -5.4844 0.0000
14.8851 601 698 698 601 -0.0583 -0.0000 -0.5337 -0.0000 650.0000 4.8306 0.0000
14.8918 686 613 613 686 -0.0817 -0.0000 -0.3768 -0.0000 650.0000 -3.6533 0.0000
14.8985 782 517 517 782 -0.1697 -0.0000 -0.4508 -0.0000 650.0000 -13.2969 0.0000
14.9051 645 654 654 645 -0.1728 -0.0000 -0.4622 -0.0000 650.0000 0.4971 0.0000
14.9118 626 673 673 626 -0.1691 -0.0000 -0.3400 -0.0000 650.0000 2.3892 0.0000
14.9185 803 496 496 803 -0.2821 -0.0000 -0.3942 -0.0000 650.0000 -15.3110 0.0000
14.9251 592 707 707 592 -0.2518 -0.0000 -0.4243 -0.0000 650.0000 5.7461 0.0000
14.9318 677 622 622 677 -0.2595 -0.0000 -0.3868 -0.0000 650.0000 -2.7378 0.0000
14.9384 688 611 611 688 -0.2705 -0.0000 -0.3523 -0.0000 650.0000 -3.8364 0.0000
14.9451 554 745 745 554 -0.1929 -0.0000 -0.4172 -0.0000 650.0000 9.5303 0.0000
14.9519 542 757 757 542 -0.2342 -0.0000 -0.3604 -0.0000 650.0000 -8.0479 -18.7500
14.9585 437 862 862 437 -0.2103 -0.0000 -0.3164 -0.0000 650.0000 2.5112 -18.7500
14.9651 484 815 815 484 -0.2164 -0.0000 -0.2883 -0.0000 650.0000 -2.2495 -18.7500
14.9718 503 796 796 503 -0.2210 -0.0000 -0.3361 -0.0000 650.0000 -4.0806 -18.7500
14.9784 397 902 902 397 -0.1532 -0.0000 -0.4535 -0.0000 650.0000 6.5396 -18.7500
14.9850 466 833 833 466 -0.1327 -0.0000 -0.4304 -0.0000 650.0000 -0.3574 -18.7500
14.9916 494 805 805 494 -0.1582 -0.0000 -0.4103 -0.0000 650.0000 -3.1650 -18.7500
14.9983 467 832 832 467 -0.1704 -0.0000 -0.4554 -0.0000 650.0000 -0.4795 -18.7500
15.0050 -2377 3672 3672 -2377 -0.1700 -0.0000 -0.4577 -0.0000 647.6562 2.5112 -300.0000
15.0117 -2227 3523 3523 -2227 -0.2567 -0.0000 -0.4989 -0.0000 647.6562 -12.4424 -300.0000
15.0183 -2348 3643 3643 -2348 -0.2578 -0.0000 -0.4580 -0.0000 647.6562 -0.4185 -300.0000
15.0249 -2324 3620 3620 -2324 -0.2443 -0.0000 -0.3434 -0.0000 647.6562 -2.7378 -300.0000
15.0315 -2407 3703 3703 -2407 -0.1644 -0.0000 -0.1427 -0.0000 647.6562 5.5630 -300.0000
15.0382 -2305 3600 3600 -2305 -0.1861 -0.0000 -0.2334 -0.0000 647.6562 -4.6909 -300.0000
15.0448 -2450 3745 3745 -2450 -0.1156 -0.0000 -0.2579 -0.0000 647.6562 9.7744 -300.0000
15.0515 -2411 3706 3706 -2411 -0.0904 -0.0000 -0.2211 -0.0000 647.6562 5.8682 -300.0000
15.0581 -2356 3652 3652 -2356 -0.0948 -0.0000 -0.2561 -0.0000 647.6562 0.4360 -300.0000
15.0648 -2398 3694 3694 -2398 -0.0573 -0.0000 -0.2749 -0.0000 647.6562 4.6475 -300.0000
15.0714 -2364 3659 3659 -2364 -0.0281 -0.0000 -0.1597 -0.0000 647.6562 1.1685 -300.0000
15.0780 -2395 3690 3690 -2395 0.0128 -0.0000 -0.2220 -0.0000 647.6562 4.2812 -300.0000
15.0847 -2474 3769 3769 -2474 0.0894 -0.0000 -0.1538 -0.0000 647.6562 12.2158 -300.0000
15.0913 -2367 3662 3662 -2367 0.0946 -0.0000 -0.1777 -0.0000 647.6562 1.4736 -300.0000
15.0979 -2407 3702 3702 -2407 0.1394 -0.0000 -0.1111 -0.0000 647.6562 5.5020 -300.0000
15.1045 -2214 3509 3509 -2214 0.0649 -0.0000 -0.0606 -0.0000 647.6562 -13.7852 -300.0000
15.1112 -2442 3737 3737 -2442 0.1311 -0.0000 -0.0478 -0.0000 647.6562 8.9810 -300.0000
15.1178 -2357 3652 3652 -2357 0.1398 -0.0000 -0.0763 -0.0000 647.6562 0.4971 -300.0000
15.1245 -2511 3806 3806 -2511 0.2495 -0.0000 -0.1122 -0.0000 647.6562 15.8779 -300.0000
15.1312 -2349 3638 3638 -2349 0.2410 -0.0000 -0.0942 -0.0000 644.5312 -0.6016 -300.0000
15.1378 -2378 3667 3667 -2378 0.2418 -0.0000 -0.1269 -0.0000 644.5312 2.2671 -300.0000
15.1445 -2332 3621 3621 -2332 0.2187 -0.0000 -0.1329 -0.0000 644.5312 -2.3105 -300.0000
15.1512 -2376 3665 3665 -2376 0.2417 -0.0000 -0.1093 -0.0000 644.5312 2.0840 -300.0000
15.1579 -2284 3573 3573 -2284 0.2227 -0.0000 -0.1129 -0.0000 644.5312 -7.0713 -300.0000
15.1646 -2449 3738 3738 -2449 0.3108 -0.0000 0.0222 -0.0000 644.5312 9.4082 -300.0000
15.1713 -2307 3597 3597 -2307 0.2845 -0.0000 -0.0149 -0.0000 644.5312 -4.7520 -300.0000
15.1780 -2389 3678 3678 -2389 0.2903 -0.0000 0.0008 -0.0000 644.5312 3.4268 -300.0000
15.1847 -2305 3594 3594 -2305 0.2257 -0.0000 0.0229 -0.0000 644.5312 -4.9961 -300.0000
15.1913 -2444 3733 3733 -2444 0.2629 -0.0000 0.0813 -0.0000 644.5312 8.9199 -300.0000
15.1979 -2331 3620 3620 -2331 0.2403 -0.0000 0.1333 -0.0000 644.5312 -2.3716 -300.0000
15.2046 -2474 3769 3769 -2474 0.3245 -0.0000 0.1859 -0.0000 647.6562 12.2158 -300.0000
15.2112 -2317 3612 3612 -2317 0.2936 -0.0000 0.1228 -0.0000 647.6562 -3.5312 -300.0000
15.2179 -2347 3642 3642 -2347 0.2704 -0.0000 0.1302 -0.0000 647.6562 -0.4795 -300.0000
15.2246 -2379 3674 3674 -2379 0.2652 -0.0000 0.1026 -0.0000 647.6562 2.6943 -300.0000
15.2312 -2334 3629 3629 -2334 0.2472 -0.0000 0.1080 -0.0000 647.6562 -1.8223 -300.0000
15.2379 -2396 3691 3691 -2396 0.2880 -0.0000 0.1643 -0.0000 647.6562 4.4033 -300.0000
15.2446 -2295 3590 3590 -2295 0.2709 -0.0000 0.1603 -0.0000 647.6562 -5.7285 -300.0000
15.2512 -2349 3644 3644 -2349 0.2739 -0.0000 0.2378 -0.0000 647.6562 -0.2964 -300.0000
15.2579 -2218 3513 3513 -2218 0.1701 -0.0000 0.2215 -0.0000 647.6562 -13.4189 -300.0000
15.2646 -2324 3620 3620 -2324 0.1159 -0.0000 0.2295 -0.0000 647.6562 -2.7378 -300.0000
15.2713 -2158 3454 3454 -2158 -0.0377 -0.0000 0.2570 -0.0000 647.6562 -19.3394 -300.0000
15.2780 -2501 3796 3796 -2501 0.0616 -0.0000 0.2481 -0.0000 647.6562 14.9014 -300.0000
15.2846 -2367 3663 3663 -2367 0.0697 -0.0000 0.2589 -0.0000 647.6562 1.5347 -300.0000
15.2913 -2392 3688 3688 -2392 0.0778 -0.0000 0.3485 -0.0000 647.6562 4.0371 -300.0000
15.2980 -2310 3605 3605 -2310 -0.0006 -0.0000 0.4123 -0.0000 647.6562 -4.2026 -300.0000
15.3046 -2321 3616 3616 -2321 -0.0676 -0.0000 0.3785 -0.0000 647.6562 -3.1040 -300.0000
15.3113 -2354 3649 3649 -2354 -0.0953 -0.0000 0.3549 -0.0000 647.6562 0.1919 -300.0000
15.3180 -2450 3746 3746 -2450 -0.0134 -0.0000 0.3001 -0.0000 647.6562 9.8354 -300.0000
15.3246 -2414 3709 3709 -2414 0.0517 -0.0000 0.2831 -0.0000 647.6562 6.1733 -300.0000
15.3313 -2396 3691 3691 -2396 0.0988 -0.0000 0.2597 -0.0000 647.6562 4.4033 -300.0000
15.3380 -2417 3712 3712 -2417 0.1311 -0.0000 0.2504 -0.0000 647.6562 6.4785 -300.0000
15.3446 -2312 3607 3607 -2312 0.0948 -0.0000 0.1457 -0.0000 647.6562 -4.0195 -300.0000
15.3513 -2456 3756 3756 -2456 0.1682 -0.0000 0.0940 -0.0000 650.0000 10.6289 -300.0000
15.3579 -2273 3573 3573 -2273 0.1651 -0.0000 0.0850 -0.0000 650.0000 -7.6816 -300.0000
15.3646 -2444 3744 3744 -2444 0.2810 -0.0000 0.0999 -0.0000 650.0000 9.4692 -300.0000
15.3712 -2313 3613 3613 -2313 0.2990 -0.0000 0.0960 -0.0000 650.0000 -3.6533 -300.0000
15.3778 -2434 3734 3734 -2434 0.3419 -0.0000 0.1055 -0.0000 650.0000 8.4316 -300.0000
15.3845 -2184 3484 3484 -2184 0.2021 -0.0000 0.1049 -0.0000 650.0000 -16.5317 -300.0000
15.3911 -2354 3654 3654 -2354 0.1714 -0.0000 0.1226 -0.0000 650.0000 0.4971 -300.0000
15.3978 -2325 3625 3625 -2325 0.1484 -0.0000 0.1890 -0.0000 650.0000 -2.4937 -300.0000
15.4044 -2446 3746 3746 -2446 0.2155 -0.0000 0.1874 -0.0000 650.0000 9.6523 -300.0000
15.4111 -2262 3562 3562 -2262 0.1622 -0.0000 0.2209 -0.0000 650.0000 -8.7192 -300.0000
15.4177 -2372 3672 3672 -2372 0.1545 -0.0000 0.2455 -0.0000 650.0000 2.2061 -300.0000
15.4243 -2354 3654 3654 -2354 0.1257 -0.0000 0.2374 -0.0000 650.0000 0.4971 -300.0000
15.4310 -2472 3772 3772 -2472 0.1753 -0.0000 0.2215 -0.0000 650.0000 12.2158 -300.0000
15.4377 -2433 3733 3733 -2433 0.2237 -0.0000 0.2498 -0.0000 650.0000 8.3706 -300.0000
15.4443 -2411 3711 3711 -2411 0.2651 -0.0000 0.1953 -0.0000 650.0000 6.1123 -300.0000
15.4510 -2327 3624 3624 -2327 0.2433 -0.0000 0.2206 -0.0000 648.4375 -2.4326 -300.0000
15.4577 -2429 3726 3726 -2429 0.2791 -0.0000 0.1635 -0.0000 648.4375 7.8213 -300.0000
15.4644 -2412 3708 3708 -2412 0.3009 -0.0000 0.1675 -0.0000 648.4375 6.0513 -300.0000
15.4711 -2294 3591 3591 -2294 0.2720 -0.0000 0.0424 -0.0000 648.4375 -5.6675 -300.0000
15.4778 -2363 3660 3660 -2363 0.3074 -0.0000 0.0422 -0.0000 648.4375 1.1685 -300.0000
15.4845 -2358 3655 3655 -2358 0.3473 -0.0000 -0.0825 -0.0000 648.4375 0.7412 -300.0000
15.4912 -2404 3701 3701 -2404 0.4002 -0.0000 -0.0189 -0.0000 648.4375 5.2578 -300.0000
15.4978 -2303 3600 3600 -2303 0.3709 -0.0000 -0.0186 -0.0000 648.4375 -4.8130 -300.0000
15.5045 -2429 3726 3726 -2429 0.4157 -0.0000 0.0246 -0.0000 648.4375 7.8213 -300.0000
15.5111 -2271 3567 3567 -2271 0.3600 -0.0000 -0.0146 -0.0000 648.4375 -8.0479 -300.0000
15.5178 -2311 3606 3606 -2311 0.4116 -0.0000 -0.0214 -0.0000 647.6562 7.6382 -288.2812
15.5244 -2187 3482 3482 -2187 0.3770 -0.0000 -0.0071 -0.0000 647.6562 -4.8130 -288.2812
15.5311 -2268 3563 3563 -2268 0.3677 -0.0000 0.0281 -0.0000 647.6562 3.3047 -288.2812
15.5378 -2230 3525 3525 -2230 0.3180 -0.0000 0.0649 -0.0000 647.6562 -0.4795 -288.2812
15.5444 -2263 3559 3559 -2263 0.2839 -0.0000 0.0565 -0.0000 647.6562 2.8774 -288.2812
15.5510 -2296 3592 3592 -2296 0.2860 -0.0000 0.1110 -0.0000 647.6562 6.1733 -288.2812
15.5578 -2304 3599 3599 -2304 0.3084 -0.0000 0.0178 -0.0000 647.6562 6.9058 -288.2812
15.5644 -2206 3501 3501 -2206 0.2791 -0.0000 0.0468 -0.0000 647.6562 -2.8599 -288.2812
15.5711 -2202 3498 3498 -2202 0.2694 -0.0000 -0.0042 -0.0000 647.6562 -3.2261 -288.2812
15.5778 -2208 3504 3504 -2208 0.2738 -0.0000 0.0537 -0.0000 647.6562 -2.6157 -288.2812
15.5844 -2243 3539 3539 -2243 0.3090 -0.0000 -0.0359 -0.0000 647.6562 0.8633 -288.2812
15.5911 -2128 3423 3423 -2128 0.2735 -0.0000 -0.0331 -0.0000 647.6562 -10.6724 -288.2812
15.5978 -2199 3494 3494 -2199 0.2818 -0.0000 -0.1385 -0.0000 647.6562 -3.5923 -288.2812
15.6044 -2167 3462 3462 -2167 0.2542 -0.0000 -0.0606 -0.0000 647.6562 -6.7661 -288.2812
15.6111 -2215 3511 3511 -2215 0.2494 -0.0000 -0.0639 -0.0000 647.6562 -1.9443 -288.2812
15.6178 -2170 3465 3465 -2170 0.2035 -0.0000 0.0631 -0.0000 647.6562 -6.4609 -288.2812
15.6244 -2265 3560 3560 -2265 0.1911 -0.0000 -0.0104 -0.0000 647.6562 2.9995 -288.2812
15.6311 -2221 3517 3517 -2221 0.1381 -0.0000 -0.0231 -0.0000 647.6562 -1.3340 -288.2812
15.6378 -2333 3628 3628 -2333 0.1566 -0.0000 -0.0527 -0.0000 647.6562 9.8354 -288.2812
15.6444 -2191 3486 3486 -2191 0.1080 -0.0000 0.0191 -0.0000 647.6562 -4.3857 -288.2812
15.6511 -2324 3619 3619 -2324 0.1647 -0.0000 0.0441 -0.0000 647.6562 8.9199 -288.2812
15.6578 -2166 3461 3461 -2166 0.1254 -0.0000 0.0629 -0.0000 647.6562 -6.8882 -288.2812
15.6645 -2372 3667 3667 -2372 0.2116 -0.0000 0.0331 -0.0000 647.6562 13.7417 -288.2812
15.6711 -2193 3489 3489 -2193 0.1726 -0.0000 0.0086 -0.0000 647.6562 -4.1416 -288.2812
15.6778 -2339 3634 3634 -2339 0.2310 -0.0000 0.0048 -0.0000 647.6562 10.4458 -288.2812
15.6844 -2211 3506 3506 -2211 0.2290 -0.0000 0.0127 -0.0000 647.6562 -2.3716 -288.2812
15.6911 -2353 3648 3648 -2353 0.3251 -0.0000 0.0659 -0.0000 647.6562 11.8496 -288.2812
15.6978 -2182 3478 3478 -2182 0.3040 -0.0000 0.0511 -0.0000 647.6562 -5.2402 -288.2812
15.7044 -2287 3583 3583 -2287 0.3258 -0.0000 0.0545 -0.0000 647.6562 5.2578 -288.2812
15.7110 -2143 3439 3439 -2143 0.2503 -0.0000 -0.0648 -0.0000 647.6562 -9.1465 -288.2812
15.7177 -2310 3605 3605 -2310 0.2903 -0.0000 0.0211 -0.0000 647.6562 7.5161 -288.2812
15.7243 -2295 3590 3590 -2295 0.3374 -0.0000 0.0130 -0.0000 647.6562 5.9902 -288.2812
15.7310 -2240 3535 3535 -2240 0.3454 -0.0000 0.0381 -0.0000 647.6562 0.4971 -288.2812
15.7377 -2198 3493 3493 -2198 0.3145 -0.0000 -0.0413 -0.0000 647.6562 -3.6533 -288.2812
15.7443 -2229 3524 3524 -2229 0.2793 -0.0000 -0.0584 -0.0000 647.6562 -0.6016 -288.2812
15.7510 -2138 3434 3434 -2138 0.1889 -0.0000 -0.0634 -0.0000 647.6562 -9.6348 -288.2812
15.7577 -2241 3536 3536 -2241 0.2024 -0.0000 0.0330 -0.0000 647.6562 0.6191 -288.2812
15.7644 646 653 653 646 0.2269 -0.0000 0.0827 -0.0000 650.0000 0.3140 0.0000
15.7711 629 670 670 629 0.2595 -0.0000 0.0938 -0.0000 650.0000 2.0229 0.0000
15.7778 713 586 586 713 0.1977 -0.0000 0.0610 -0.0000 650.0000 -6.3999 0.0000
15.7845 633 666 666 633 0.1748 -0.0000 0.0039 -0.0000 650.0000 1.6567 0.0000
15.7911 643 656 656 643 0.1504 -0.0000 0.0375 -0.0000 650.0000 0.6802 0.0000
15.7978 652 647 647 652 0.1517 -0.0000 0.1133 -0.0000 650.0000 -0.2964 0.0000
15.8045 685 614 614 685 0.1423 -0.0000 0.1275 -0.0000 650.0000 -3.5923 0.0000
15.8111 708 591 591 708 0.1345 -0.0000 0.0846 -0.0000 650.0000 -5.8506 0.0000
15.8178 715 584 584 715 0.1237 -0.0000 0.0493 -0.0000 650.0000 -6.5220 0.0000
15.8244 677 622 622 677 0.1278 -0.0000 0.1696 -0.0000 650.0000 -2.7378 0.0000
15.8311 621 678 678 621 0.1436 -0.0000 0.1365 -0.0000 650.0000 2.8164 0.0000
15.8378 637 662 662 637 0.1211 -0.0000 0.1017 -0.0000 650.0000 1.2905 0.0000
15.8444 693 606 606 693 0.0693 -0.0000 0.0933 -0.0000 650.0000 -4.3247 0.0000
15.8511 594 705 705 594 0.0993 -0.0000 0.1008 -0.0000 650.0000 5.5020 0.0000
15.8578 609 690 690 609 0.1363 -0.0000 0.0925 -0.0000 650.0000 4.0371 0.0000
15.8644 613 686 686 613 0.1635 -0.0000 0.0828 -0.0000 650.0000 3.6099 0.0000
15.8711 604 695 695 604 0.1854 -0.0000 0.1184 -0.0000 650.0000 4.5864 0.0000
15.8778 644 655 655 644 0.1674 -0.0000 0.1609 -0.0000 650.0000 0.5581 0.0000
15.8844 616 683 683 616 0.1695 -0.0000 0.0876 -0.0000 650.0000 3.3657 0.0000
15.8911 582 717 717 582 0.2072 -0.0000 0.0454 -0.0000 650.0000 6.7227 0.0000
15.8978 673 626 626 673 0.1929 -0.0000 0.0811 -0.0000 650.0000 -2.3716 0.0000
15.9044 589 710 710 589 0.2350 -0.0000 0.0531 -0.0000 650.0000 6.0513 0.0000
15.9111 695 604 604 695 0.2038 -0.0000 0.0440 -0.0000 650.0000 -4.5688 0.0000
15.9178 601 698 698 601 0.2333 -0.0000 0.0216 -0.0000 650.0000 4.8916 0.0000
15.9244 740 559 559 740 0.1732 -0.0000 0.0439 -0.0000 650.0000 -9.0854 0.0000
15.9310 612 687 687 612 0.2079 -0.0000 -0.1551 -0.0000 650.0000 3.7319 0.0000
15.9377 643 656 656 643 0.2210 -0.0000 -0.1174 -0.0000 650.0000 0.6191 0.0000
15.9444 630 669 669 630 0.2346 -0.0000 -0.1176 -0.0000 650.0000 1.9619 0.0000
15.9510 632 667 667 632 0.2363 -0.0000 0.0727 -0.0000 650.0000 1.7178 0.0000
15.9578 570 729 729 570 0.2757 -0.0000 0.0643 -0.0000 650.0000 7.9434 0.0000
15.9644 634 665 665 634 0.2770 -0.0000 0.0831 -0.0000 650.0000 1.5957 0.0000
15.9711 653 646 646 653 0.2648 -0.0000 -0.0130 -0.0000 650.0000 -0.3574 0.0000
15.9778 658 641 641 658 0.2559 -0.0000 -0.0556 -0.0000 650.0000 -0.8457 0.0000
15.9844 813 486 486 813 0.1452 -0.0000 -0.1273 -0.0000 650.0000 -16.3486 0.0000
15.9911 547 752 752 547 0.2118 -0.0000 -0.0775 -0.0000 650.0000 10.2017 0.0000
15.9978 698 601 601 698 0.1735 -0.0000 -0.0620 -0.0000 650.0000 -4.8740 0.0000
16.0044 664 635 635 664 0.1629 -0.0000 -0.0440 -0.0000 650.0000 -1.4561 0.0000
16.0111 727 572 572 727 0.1240 -0.0000 0.0413 -0.0000 650.0000 -7.7427 0.0000
16.0178 575 724 724 575 0.1952 -0.0000 -0.0225 -0.0000 650.0000 7.4551 0.0000
16.0244 689 610 610 689 0.1933 -0.0000 0.0200 -0.0000 650.0000 -3.9585 0.0000
16.0311 643 656 656 643 0.2028 -0.0000 -0.1044 -0.0000 650.0000 0.6802 0.0000
16.0378 713 586 586 713 0.1528 -0.0000 0.0516 -0.0000 650.0000 -6.3389 0.0000
16.0444 650 649 649 650 0.1359 -0.0000 -0.0347 -0.0000 650.0000 -0.0522 0.0000
16.0511 612 687 687 612 0.1508 -0.0000 0.0394 -0.0000 650.0000 3.7319 0.0000
16.0578 663 636 636 663 0.1366 -0.0000 0.0686 -0.0000 650.0000 -1.3950 0.0000
16.0644 634 665 665 634 0.1579 -0.0000 0.0101 -0.0000 650.0000 1.5347 0.0000
16.0711 655 644 644 655 0.1658 -0.0000 0.0919 -0.0000 650.0000 -0.5405 0.0000
16.0778 620 679 679 620 0.1928 -0.0000 -0.0589 -0.0000 650.0000 2.9995 0.0000
16.0844 760 539 539 760 0.1115 -0.0000 0.0619 -0.0000 650.0000 -11.0386 0.0000
16.0911 602 697 697 602 0.1276 -0.0000 -0.0104 -0.0000 650.0000 4.7695 0.0000
16.0978 718 581 581 718 0.0628 -0.0000 -0.0159 -0.0000 650.0000 -6.8882 0.0000
16.1044 602 697 697 602 0.0785 -0.0000 -0.0435 -0.0000 650.0000 4.7085 0.0000
16.1111 786 513 513 786 -0.0078 -0.0000 -0.0896 -0.0000 650.0000 -13.6021 0.0000
16.1178 658 641 641 658 0.0115 -0.0000 -0.1319 -0.0000 650.0000 -0.8457 0.0000
16.1244 750 549 549 750 -0.0216 -0.0000 -0.1422 -0.0000 650.0000 -10.0620 0.0000
16.1311 708 591 591 708 -0.0448 -0.0000 0.0254 -0.0000 650.0000 -5.8506 0.0000
16.1378 533 766 766 533 0.0289 -0.0000 -0.0988 -0.0000 650.0000 11.6665 0.0000
16.1444 635 664 664 635 0.0155 -0.0000 -0.0193 -0.0000 650.0000 1.4736 0.0000
16.1512 663 646 646 663 -0.0126 -0.0000 0.0080 -0.0000 654.6875 -0.8457 0.0000
16.1579 609 699 699 609 -0.0043 -0.0000 -0.2173 -0.0000 654.6875 4.5254 0.0000
16.1646 666 643 643 666 -0.0127 -0.0000 -0.1612 -0.0000 654.6875 -1.1509 0.0000
16.1712 779 529 529 779 -0.0787 -0.0000 -0.0747 -0.0000 654.6875 -12.5034 0.0000
16.1779 706 602 602 706 -0.0890 -0.0000 -0.1628 -0.0000 654.6875 -5.1792 0.0000
16.1846 626 682 682 626 -0.0627 -0.0000 -0.1295 -0.0000 654.6875 2.8164 0.0000
16.1913 650 659 659 650 -0.0665 -0.0000 -0.1613 -0.0000 654.6875 0.4360 0.0000
16.1979 685 623 623 685 -0.0897 -0.0000 0.0023 -0.0000 654.6875 -3.1040 0.0000
16.2047 -2276 3576 3576 -2276 -0.1300 -0.0000 -0.1393 -0.0000 650.0000 -7.3765 -300.0000
16.2114 -2295 3595 3595 -2295 -0.1434 -0.0000 -0.0255 -0.0000 650.0000 -5.4233 -300.0000
16.2181 -2277 3577 3577 -2277 -0.1681 -0.0000 -0.0199 -0.0000 650.0000 -7.2544 -300.0000
16.2247 -2209 3509 3509 -2209 -0.2216 -0.0000 -0.0745 -0.0000 650.0000 -14.0903 -300.0000
16.2314 -2306 3606 3606 -2306 -0.2298 -0.0000 -0.0857 -0.0000 650.0000 -4.3857 -300.0000
16.2380 -2522 3822 3822 -2522 -0.1071 -0.0000 -0.1671 -0.0000 650.0000 17.2817 -300.0000
16.2447 -2396 3696 3696 -2396 -0.0954 -0.0000 -0.0730 -0.0000 650.0000 4.6475 -300.0000
16.2513 -2425 3725 3725 -2425 -0.0570 -0.0000 -0.0367 -0.0000 650.0000 7.5771 -300.0000
16.2580 -2431 3731 3731 -2431 -0.0142 -0.0000 0.0999 -0.0000 650.0000 8.1265 -300.0000
16.2646 -2511 3811 3811 -2511 0.0867 -0.0000 0.0129 -0.0000 650.0000 16.1221 -300.0000
16.2713 -2431 3731 3731 -2431 0.1281 -0.0000 -0.0458 -0.0000 650.0000 8.1265 -300.0000
16.2779 -2330 3630 3630 -2330 0.1096 -0.0000 0.1209 -0.0000 650.0000 -1.9443 -300.0000
16.2845 -2344 3644 3644 -2344 0.1117 -0.0000 0.2089 -0.0000 650.0000 -0.5405 -300.0000
16.2911 -2444 3744 3744 -2444 0.1861 -0.0000 0.0908 -0.0000 650.0000 9.4082 -300.0000
16.2978 -2404 3704 3704 -2404 0.2312 -0.0000 0.2900 -0.0000 650.0000 5.4409 -300.0000
16.3044 -2465 3765 3765 -2465 0.2990 -0.0000 0.3026 -0.0000 650.0000 11.5444 -300.0000
16.3111 -2452 3752 3752 -2452 0.3413 -0.0000 0.3441 -0.0000 650.0000 10.2017 -300.0000
16.3178 -2338 3638 3638 -2338 0.3038 -0.0000 0.3606 -0.0000 650.0000 -1.1509 -300.0000
16.3244 -2475 3775 3775 -2475 0.3685 -0.0000 0.2762 -0.0000 650.0000 12.5210 -300.0000
16.3311 -2430 3730 3730 -2430 0.4190 -0.0000 0.3079 -0.0000 650.0000 8.0044 -300.0000
16.3378 -2368 3668 3668 -2368 0.4428 -0.0000 0.3160 -0.0000 650.0000 1.8398 -300.0000
16.3444 -2332 3632 3632 -2332 0.4424 -0.0000 0.4957 -0.0000 650.0000 -1.7002 -300.0000
16.3511 -2350 3650 3650 -2350 0.4342 -0.0000 0.4267 -0.0000 650.0000 0.0088 -300.0000
16.3578 -2350 3650 3650 -2350 0.4162 -0.0000 0.4501 -0.0000 650.0000 0.0088 -300.0000
16.3644 -2486 3786 3786 -2486 0.4794 -0.0000 0.2982 -0.0000 650.0000 13.6196 -300.0000
16.3711 -2383 3683 3683 -2383 0.4861 -0.0000 0.3370 -0.0000 650.0000 3.3657 -300.0000
16.3778 -2370 3670 3670 -2370 0.5013 -0.0000 0.3980 -0.0000 650.0000 2.0229 -300.0000
16.3844 -2281 3581 3581 -2281 0.4695 -0.0000 0.5805 -0.0000 650.0000 -6.8271 -300.0000
16.3911 -2337 3637 3637 -2337 0.4674 -0.0000 0.5060 -0.0000 650.0000 -1.2119 -300.0000
16.3978 -2278 3578 3578 -2278 0.4121 -0.0000 0.5390 -0.0000 650.0000 -7.1934 -300.0000
16.4044 -2372 3672 3672 -2372 0.4135 -0.0000 0.4799 -0.0000 650.0000 2.2671 -300.0000
16.4111 -2422 3722 3722 -2422 0.4587 -0.0000 0.4640 -0.0000 650.0000 7.2109 -300.0000
16.4178 -2503 3803 3803 -2503 0.5619 -0.0000 0.4867 -0.0000 650.0000 15.3896 -300.0000
16.4245 -2322 3622 3622 -2322 0.5378 -0.0000 0.4408 -0.0000 650.0000 -2.7378 -300.0000
16.4311 -2425 3725 3725 -2425 0.5470 -0.0000 0.4527 -0.0000 650.0000 7.5771 -300.0000
16.4378 -2284 3584 3584 -2284 0.4568 -0.0000 0.4164 -0.0000 650.0000 -6.5220 -300.0000
16.4444 -2400 3700 3700 -2400 0.4574 -0.0000 0.4974 -0.0000 650.0000 5.0137 -300.0000
16.4511 -2221 3521 3521 -2221 0.4000 -0.0000 0.4799 -0.0000 650.0000 -12.8696 -300.0000
16.4578 -2370 3670 3670 -2370 0.4558 -0.0000 0.4483 -0.0000 650.0000 2.0840 -300.0000
16.4644 -2249 3549 3549 -2249 0.4225 -0.0000 0.3812 -0.0000 650.0000 -10.0620 -300.0000
16.4711 -2359 3659 3659 -2359 0.4103 -0.0000 0.4217 -0.0000 650.0000 0.9854 -300.0000
16.4778 -2278 3578 3578 -2278 0.3280 -0.0000 0.4220 -0.0000 650.0000 -7.1323 -300.0000
16.4845 -2555 3855 3855 -2555 0.4316 -0.0000 0.4315 -0.0000 650.0000 20.5166 -300.0000
16.4912 -2349 3649 3649 -2349 0.4254 -0.0000 0.4755 -0.0000 650.0000 -0.0522 -300.0000
16.4979 -2348 3648 3648 -2348 0.4240 -0.0000 0.4896 -0.0000 650.0000 -0.1743 -300.0000
16.5045 -2385 3685 3685 -2385 0.4233 -0.0000 0.5869 -0.0000 650.0000 3.5488 -300.0000
16.5112 -2369 3669 3669 -2369 0.3970 -0.0000 0.5741 -0.0000 650.0000 1.9619 -300.0000
16.5179 -2417 3717 3717 -2417 0.3950 -0.0000 0.5852 -0.0000 650.0000 6.7837 -300.0000
16.5245 -2396 3696 3696 -2396 0.3889 -0.0000 0.5091 -0.0000 650.0000 4.6475 -300.0000
16.5312 -2343 3643 3643 -2343 0.3567 -0.0000 0.5571 -0.0000 650.0000 -0.6626 -300.0000
16.5378 -2393 3693 3693 -2393 0.3623 -0.0000 0.4997 -0.0000 650.0000 4.3423 -300.0000
16.5445 -2381 3681 3681 -2381 0.3550 -0.0000 0.5522 -0.0000 650.0000 3.1216 -300.0000
16.5512 -2452 3752 3752 -2452 0.3949 -0.0000 0.4927 -0.0000 650.0000 10.2627 -300.0000
16.5578 -2402 3702 3702 -2402 0.4087 -0.0000 0.5020 -0.0000 650.0000 5.2578 -300.0000
16.5645 -2358 3658 3658 -2358 0.4297 -0.0000 0.4333 -0.0000 650.0000 0.8633 -300.0000
16.5712 -2311 3611 3611 -2311 0.4383 -0.0000 0.5189 -0.0000 650.0000 -3.8975 -300.0000
16.5779 -2350 3650 3650 -2350 0.4858 -0.0000 0.4537 -0.0000 650.0000 0.0698 -300.0000
16.5845 -2241 3541 3541 -2241 0.4576 -0.0000 0.4051 -0.0000 650.0000 -10.8555 -300.0000
16.5912 -2353 3653 3653 -2353 0.4868 -0.0000 0.3519 -0.0000 650.0000 0.3140 -300.0000
16.5979 -2311 3611 3611 -2311 0.4668 -0.0000 0.3009 -0.0000 650.0000 -3.8975 -300.0000
16.6045 -2395 3695 3695 -2395 0.4696 -0.0000 0.3731 -0.0000 650.0000 4.5254 -300.0000
16.6112 -2293 3593 3593 -2293 0.4039 -0.0000 0.4335 -0.0000 650.0000 -5.6675 -300.0000
16.6179 -2395 3695 3695 -2395 0.4133 -0.0000 0.5413 -0.0000 650.0000 4.5254 -300.0000
16.6245 -2358 3658 3658 -2358 0.3997 -0.0000 0.5192 -0.0000 650.0000 0.8022 -300.0000
16.6312 -2566 3866 3866 -2566 0.5105 -0.0000 0.4751 -0.0000 650.0000 21.6152 -300.0000
16.6379 -2298 3598 3598 -2298 0.4253 -0.0000 0.4250 -0.0000 650.0000 -5.1792 -300.0000
16.6445 -2361 3661 3661 -2361 0.3903 -0.0000 0.4570 -0.0000 650.0000 1.1685 -300.0000
16.6512 -2343 3643 3643 -2343 0.3604 -0.0000 0.4494 -0.0000 650.0000 -0.6016 -300.0000
16.6579 -2450 3750 3750 -2450 0.4285 -0.0000 0.5209 -0.0000 650.0000 10.0186 -300.0000
16.6646 -2345 3645 3645 -2345 0.4235 -0.0000 0.5319 -0.0000 650.0000 -0.4185 -300.0000
16.6712 -2423 3723 3723 -2423 0.4551 -0.0000 0.5298 -0.0000 650.0000 7.3940 -300.0000
16.6779 -2362 3662 3662 -2362 0.4267 -0.0000 0.5024 -0.0000 650.0000 1.2905 -300.0000
16.6846 -2377 3677 3677 -2377 0.4257 -0.0000 0.4748 -0.0000 650.0000 2.7554 -300.0000
16.6913 -2088 3388 3388 -2088 0.3732 -0.0000 0.4896 -0.0000 650.0000 -9.6958 -283.5938
16.6980 -2198 3498 3498 -2198 0.4397 -0.0000 0.5108 -0.0000 650.0000 1.2905 -283.5938
16.7047 -2209 3509 3509 -2209 0.5003 -0.0000 0.4919 -0.0000 650.0000 2.3281 -283.5938
16.7113 -2245 3545 3545 -2245 0.5525 -0.0000 0.4892 -0.0000 650.0000 5.9902 -283.5938
16.7180 -2217 3517 3517 -2217 0.5306 -0.0000 0.5235 -0.0000 650.0000 3.1826 -283.5938
16.7247 -2090 3390 3390 -2090 0.4266 -0.0000 0.4962 -0.0000 650.0000 -9.5737 -283.5938
16.7313 -2178 3478 3478 -2178 0.3971 -0.0000 0.5075 -0.0000 650.0000 -0.7236 -283.5938
16.7380 -2151 3451 3451 -2151 0.3764 -0.0000 0.4946 -0.0000 650.0000 -3.4702 -283.5938
16.7447 -2234 3534 3534 -2234 0.4026 -0.0000 0.5580 -0.0000 650.0000 4.8916 -283.5938
16.7514 -2316 3616 3616 -2316 0.4648 -0.0000 0.5653 -0.0000 650.0000 13.0703 -283.5938
16.7581 -2290 3590 3590 -2290 0.4855 -0.0000 0.6421 -0.0000 650.0000 10.4458 -283.5938
16.7648 -2090 3390 3390 -2090 0.3833 -0.0000 0.6358 -0.0000 650.0000 -9.5127 -283.5938
16.7714 -2247 3547 3547 -2247 0.4224 -0.0000 0.5885 -0.0000 650.0000 6.1733 -283.5938
16.7781 -2215 3515 3515 -2215 0.4467 -0.0000 0.5189 -0.0000 650.0000 2.9385 -283.5938
16.7848 -2295 3595 3595 -2295 0.5159 -0.0000 0.4953 -0.0000 650.0000 10.9951 -283.5938
16.7914 -2201 3501 3501 -2201 0.4888 -0.0000 0.5227 -0.0000 650.0000 1.5957 -283.5938
16.7981 -2375 3675 3675 -2375 0.5688 -0.0000 0.4359 -0.0000 650.0000 18.9297 -283.5938
16.8047 -2231 3531 3531 -2231 0.5625 -0.0000 0.4661 -0.0000 650.0000 4.5254 -283.5938
16.8114 -2311 3611 3611 -2311 0.6618 -0.0000 0.4145 -0.0000 650.0000 12.5210 -283.5938
16.8181 -2150 3450 3450 -2150 0.6779 -0.0000 0.3838 -0.0000 650.0000 -3.5923 -283.5938
16.8247 -2162 3462 3462 -2162 0.7130 -0.0000 0.3444 -0.0000 650.0000 -2.3716 -283.5938
16.8314 -2130 3430 3430 -2130 0.7027 -0.0000 0.3888 -0.0000 650.0000 -5.5454 -283.5938
16.8381 -2160 3460 3460 -2160 0.6923 -0.0000 0.3482 -0.0000 650.0000 -2.5547 -283.5938
16.8447 -2114 3414 3414 -2114 0.6385 -0.0000 0.3552 -0.0000 650.0000 -7.1323 -283.5938
16.8514 -2110 3410 3410 -2110 0.5728 -0.0000 0.3731 -0.0000 650.0000 -7.4985 -283.5938
16.8581 -2175 3475 3475 -2175 0.5471 -0.0000 0.4703 -0.0000 650.0000 -1.0898 -283.5938
16.8648 -2180 3480 3480 -2180 0.5144 -0.0000 0.4710 -0.0000 650.0000 -0.5405 -283.5938
16.8714 -2267 3567 3567 -2267 0.5143 -0.0000 0.5075 -0.0000 650.0000 8.1875 -283.5938
16.8781 -2206 3506 3506 -2206 0.4683 -0.0000 0.4827 -0.0000 650.0000 2.0840 -283.5938
16.8848 -2222 3522 3522 -2222 0.4412 -0.0000 0.4980 -0.0000 650.0000 3.6709 -283.5938
16.8914 -2261 3561 3561 -2261 0.4603 -0.0000 0.4135 -0.0000 650.0000 7.5771 -283.5938
16.8981 -2310 3610 3610 -2310 0.5193 -0.0000 0.4388 -0.0000 650.0000 12.4600 -283.5938
16.9047 -2220 3520 3520 -2220 0.5198 -0.0000 0.3698 -0.0000 650.0000 3.4878 -283.5938
16.9114 -2254 3554 3554 -2254 0.5564 -0.0000 0.3377 -0.0000 650.0000 6.9058 -283.5938
16.9181 -2107 3407 3407 -2107 0.5103 -0.0000 0.2864 -0.0000 650.0000 -7.8647 -283.5938
16.9247 -2147 3447 3447 -2147 0.5267 -0.0000 0.2640 -0.0000 650.0000 -3.8364 -283.5938
16.9314 -2103 3403 3403 -2103 0.5203 -0.0000 0.2371 -0.0000 650.0000 -8.2920 -283.5938
16.9381 -2186 3486 3486 -2186 0.5651 -0.0000 0.1482 -0.0000 650.0000 0.0698 -283.5938
16.9447 744 555 555 744 0.5192 -0.0000 0.1947 -0.0000 650.0000 -9.4517 0.0000
16.9514 790 509 509 790 0.4319 -0.0000 0.1723 -0.0000 650.0000 -14.0903 0.0000
16.9580 780 519 519 780 0.3455 -0.0000 0.2050 -0.0000 650.0000 -13.0527 0.0000
16.9646 555 744 744 555 0.3811 -0.0000 0.2121 -0.0000 650.0000 9.4082 0.0000
16.9712 632 667 667 632 0.3495 -0.0000 0.1242 -0.0000 650.0000 1.7178 0.0000
16.9778 569 730 730 569 0.3365 -0.0000 0.0837 -0.0000 650.0000 8.0654 0.0000
16.9844 599 700 700 599 0.3059 -0.0000 0.1236 -0.0000 650.0000 5.0137 0.0000
16.9911 683 616 616 683 0.2445 -0.0000 0.0716 -0.0000 650.0000 -3.3481 0.0000
16.9978 607 692 692 607 0.2583 -0.0000 0.0547 -0.0000 650.0000 4.2202 0.0000
17.0044 701 598 598 701 0.2320 -0.0000 0.2314 -0.0000 650.0000 -5.1792 0.0000
17.0111 633 666 666 633 0.2333 -0.0000 0.1872 -0.0000 650.0000 1.6567 0.0000
17.0178 572 727 727 572 0.2614 -0.0000 0.1685 -0.0000 650.0000 7.7603 0.0000
17.0244 686 613 613 686 0.2172 -0.0000 0.1678 -0.0000 650.0000 -3.6533 0.0000
17.0311 665 634 634 665 0.2165 -0.0000 0.1307 -0.0000 650.0000 -1.5781 0.0000
17.0378 746 553 553 746 0.1958 -0.0000 0.0926 -0.0000 650.0000 -9.6348 0.0000
17.0444 688 611 611 688 0.2310 -0.0000 0.0536 -0.0000 650.0000 -3.8364 0.0000
17.0510 604 695 695 604 0.2978 -0.0000 0.0754 -0.0000 650.0000 4.5254 0.0000
17.0577 635 664 664 635 0.3133 -0.0000 0.0680 -0.0000 650.0000 1.4736 0.0000
17.0644 608 691 691 608 0.2887 -0.0000 0.0466 -0.0000 650.0000 4.1592 0.0000
17.0711 724 575 575 724 0.1825 -0.0000 -0.0070 -0.0000 650.0000 -7.4985 0.0000
17.0778 619 680 680 619 0.1499 -0.0000 -0.1450 -0.0000 650.0000 3.0605 0.0000
17.0844 547 752 752 547 0.1911 -0.0000 -0.1307 -0.0000 650.0000 10.2627 0.0000
17.0911 598 701 701 598 0.2084 -0.0000 -0.1340 -0.0000 650.0000 5.1968 0.0000
17.0977 696 603 603 696 0.1758 -0.0000 -0.0747 -0.0000 650.0000 -4.6299 0.0000
17.1044 639 660 660 639 0.2151 -0.0000 -0.0823 -0.0000 650.0000 1.0464 0.0000
17.1110 622 677 677 622 0.2809 -0.0000 -0.1480 -0.0000 650.0000 2.7554 0.0000
17.1177 661 638 638 661 0.3142 -0.0000 -0.1958 -0.0000 650.0000 -1.1509 0.0000
17.1244 687 612 612 687 0.3098 -0.0000 -0.1776 -0.0000 650.0000 -3.7754 0.0000
17.1310 561 738 738 561 0.3524 -0.0000 -0.2353 -0.0000 650.0000 8.8589 0.0000
17.1377 651 648 648 651 0.2942 -0.0000 -0.1737 -0.0000 650.0000 -0.1133 0.0000
17.1444 592 707 707 592 0.2768 -0.0000 -0.1789 -0.0000 650.0000 5.7461 0.0000
17.1510 657 642 642 657 0.2360 -0.0000 -0.1752 -0.0000 650.0000 -0.7847 0.0000
17.1577 690 609 609 690 0.2463 -0.0000 -0.2020 -0.0000 650.0000 -4.0806 0.0000
17.1644 646 653 653 646 0.3049 -0.0000 -0.2212 -0.0000 650.0000 0.3750 0.0000
17.1711 726 573 573 726 0.3043 -0.0000 -0.2161 -0.0000 650.0000 -7.6206 0.0000
17.1777 580 719 719 580 0.3344 -0.0000 -0.2921 -0.0000 650.0000 6.9668 0.0000
17.1844 663 636 636 663 0.2849 -0.0000 -0.1612 -0.0000 650.0000 -1.3950 0.0000
17.1911 588 711 711 588 0.2817 -0.0000 -0.1581 -0.0000 650.0000 6.1733 0.0000
17.1978 637 662 662 637 0.2881 -0.0000 -0.1156 -0.0000 650.0000 1.2905 0.0000
17.2045 679 620 620 679 0.2946 -0.0000 -0.1339 -0.0000 650.0000 -2.9819 0.0000
17.2111 681 618 618 681 0.3195 -0.0000 -0.1422 -0.0000 650.0000 -3.1650 0.0000
17.2178 608 691 691 608 0.3669 -0.0000 -0.0873 -0.0000 650.0000 4.1592 0.0000
17.2245 598 701 701 598 0.3865 -0.0000 -0.0570 -0.0000 650.0000 5.1357 0.0000
17.2311 538 761 761 538 0.4157 -0.0000 -0.1350 -0.0000 650.0000 11.1782 0.0000
17.2378 216 1083 1083 216 0.3836 -0.0000 -0.0784 -0.0000 650.0000 3.5488 -39.8438
17.2445 320 979 979 320 0.3095 -0.0000 -0.0842 -0.0000 650.0000 -6.8882 -39.8438
17.2511 414 885 885 414 0.2057 -0.0000 -0.0603 -0.0000 650.0000 -16.2876 -39.8438
17.2578 102 1197 1197 102 0.3534 -0.0000 -0.1473 -0.0000 650.0000 14.9014 -39.8438
17.2645 187 1112 1112 187 0.4374 -0.0000 0.0668 -0.0000 650.0000 6.3564 -39.8438
17.2711 188 1111 1111 188 0.4952 -0.0000 0.2109 -0.0000 650.0000 6.2954 -39.8438
17.2778 164 1135 1135 164 0.5319 -0.0000 0.3709 -0.0000 650.0000 8.7368 -39.8438
17.2844 214 1085 1085 214 0.5382 -0.0000 0.5093 -0.0000 650.0000 3.7319 -39.8438
17.2911 143 1156 1156 143 0.5991 -0.0000 0.5428 -0.0000 650.0000 10.8120 -39.8438
17.2978 291 1008 1008 291 0.5553 -0.0000 0.6064 -0.0000 650.0000 -4.0195 -39.8438
17.3045 -2335 3602 3602 -2335 0.5363 -0.0000 0.4511 -0.0000 633.5938 -3.1040 -300.0000
17.3111 -2487 3755 3755 -2487 0.6109 -0.0000 0.4889 -0.0000 633.5938 12.1548 -300.0000
17.3177 -2385 3652 3652 -2385 0.6208 -0.0000 0.4835 -0.0000 633.5938 1.9009 -300.0000
17.3244 -2346 3614 3614 -2346 0.5995 -0.0000 0.3624 -0.0000 633.5938 -1.9443 -300.0000
17.3310 -2357 3624 3624 -2357 0.5767 -0.0000 0.3327 -0.0000 633.5938 -0.9067 -300.0000
17.3377 -2379 3647 3647 -2379 0.5740 -0.0000 0.2858 -0.0000 633.5938 1.3516 -300.0000
17.3443 -2451 3719 3719 -2451 0.6172 -0.0000 0.2293 -0.0000 633.5938 8.5537 -300.0000
17.3509 -2461 3728 3728 -2461 0.6781 -0.0000 0.3009 -0.0000 633.5938 9.4692 -300.0000
17.3576 -2301 3568 3568 -2301 0.6338 -0.0000 0.3330 -0.0000 633.5938 -6.5220 -300.0000
17.3643 -2424 3691 3691 -2424 0.6698 -0.0000 0.3074 -0.0000 633.5938 5.8071 -300.0000
17.3709 -2338 3605 3605 -2338 0.6529 -0.0000 0.3584 -0.0000 633.5938 -2.7988 -300.0000
17.3776 -2401 3668 3668 -2401 0.6741 -0.0000 0.2831 -0.0000 633.5938 3.4878 -300.0000
17.3842 -2369 3636 3636 -2369 0.6736 -0.0000 0.3545 -0.0000 633.5938 0.3140 -300.0000
17.3908 -2389 3656 3656 -2389 0.6764 -0.0000 0.2781 -0.0000 633.5938 2.2671 -300.0000
17.3974 -2361 3628 3628 -2361 0.6647 -0.0000 0.4030 -0.0000 633.5938 -0.4795 -300.0000
17.4041 -2319 3586 3586 -2319 0.6310 -0.0000 0.4126 -0.0000 633.5938 -4.6909 -300.0000
17.4107 -2363 3630 3630 -2363 0.6180 -0.0000 0.4973 -0.0000 633.5938 -0.2964 -300.0000
17.4174 -2361 3628 3628 -2361 0.5945 -0.0000 0.4543 -0.0000 633.5938 -0.4795 -300.0000
17.4241 -2254 3521 3521 -2254 0.4941 -0.0000 0.5269 -0.0000 633.5938 -11.2217 -300.0000
17.4308 -2400 3665 3665 -2400 0.4885 -0.0000 0.4597 -0.0000 632.8125 3.3047 -300.0000
17.4375 -2385 3651 3651 -2385 0.4738 -0.0000 0.5861 -0.0000 632.8125 1.8398 -300.0000
17.4441 -2359 3625 3625 -2359 0.4338 -0.0000 0.5114 -0.0000 632.8125 -0.7236 -300.0000
17.4507 -2278 3543 3543 -2278 0.3393 -0.0000 0.5552 -0.0000 632.8125 -8.9023 -300.0000
17.4573 -2375 3641 3641 -2375 0.3118 -0.0000 0.4644 -0.0000 632.8125 0.8633 -300.0000
17.4639 -2367 3633 3633 -2367 0.3004 -0.0000 0.4921 -0.0000 632.8125 0.0698 -300.0000
17.4706 -2416 3681 3681 -2416 0.3318 -0.0000 0.4272 -0.0000 632.8125 4.8916 -300.0000
17.4773 -2311 3577 3577 -2311 0.3011 -0.0000 0.5040 -0.0000 632.8125 -5.5454 -300.0000
17.4839 -2334 3599 3599 -2334 0.2820 -0.0000 0.4296 -0.0000 632.8125 -3.2871 -300.0000
17.4905 -2328 3594 3594 -2328 0.2545 -0.0000 0.4274 -0.0000 632.8125 -3.8364 -300.0000
17.4972 -2333 3598 3598 -2333 0.2279 -0.0000 0.3709 -0.0000 632.8125 -3.4092 -300.0000
17.5038 -2375 3641 3641 -2375 0.2323 -0.0000 0.4519 -0.0000 632.8125 0.8633 -300.0000
17.5105 -2374 3640 3640 -2374 0.2366 -0.0000 0.3938 -0.0000 632.8125 0.7412 -300.0000
17.5172 -2367 3633 3633 -2367 0.2336 -0.0000 0.4006 -0.0000 632.8125 0.0698 -300.0000
17.5238 -2348 3613 3613 -2348 0.2048 -0.0000 0.3283 -0.0000 632.8125 -1.8833 -300.0000
17.5304 -2311 3576 3576 -2311 0.1483 -0.0000 0.3533 -0.0000 632.8125 -5.6064 -300.0000
17.5371 -2425 3690 3690 -2425 0.1671 -0.0000 0.3276 -0.0000 632.8125 5.8071 -300.0000
17.5437 -2405 3670 3670 -2405 0.1826 -0.0000 0.3482 -0.0000 632.8125 3.7930 -300.0000
17.5504 -2372 3638 3638 -2372 0.1799 -0.0000 0.3413 -0.0000 632.8125 0.5581 -300.0000
17.5570 -2361 3626 3626 -2361 0.1700 -0.0000 0.3492 -0.0000 632.8125 -0.6016 -300.0000
17.5636 -2390 3656 3656 -2390 0.1689 -0.0000 0.3357 -0.0000 632.8125 2.3281 -300.0000
17.5703 -2325 3591 3591 -2325 0.1216 -0.0000 0.2969 -0.0000 632.8125 -4.1416 -300.0000
17.5770 -2408 3674 3674 -2408 0.1292 -0.0000 0.2633 -0.0000 632.8125 4.1592 -300.0000
17.5837 -2384 3650 3650 -2384 0.1293 -0.0000 0.2283 -0.0000 632.8125 1.7788 -300.0000
17.5903 -2424 3689 3689 -2424 0.1558 -0.0000 0.2498 -0.0000 632.8125 5.6851 -300.0000
17.5970 -2397 3662 3662 -2397 0.1622 -0.0000 0.2055 -0.0000 632.8125 2.9995 -300.0000
17.6037 -2425 3691 3691 -2425 0.1863 -0.0000 0.2451 -0.0000 632.8125 5.8682 -300.0000
17.6104 -2388 3653 3653 -2388 0.1970 -0.0000 0.2276 -0.0000 632.8125 2.0840 -300.0000
17.6171 -2331 3597 3597 -2331 0.1889 -0.0000 0.2852 -0.0000 632.8125 -3.5312 -300.0000
17.6237 -2291 3557 3557 -2291 0.1897 -0.0000 0.2081 -0.0000 632.8125 -7.5596 -300.0000
17.6304 -2286 3551 3551 -2286 0.1850 -0.0000 0.2182 -0.0000 632.8125 -8.1089 -300.0000
17.6370 -2364 3629 3629 -2364 0.1938 -0.0000 0.1738 -0.0000 632.8125 -0.2964 -300.0000
17.6437 -2331 3596 3596 -2331 0.1574 -0.0000 0.2149 -0.0000 632.8125 -3.5923 -300.0000
17.6504 -2402 3688 3688 -2402 0.1623 -0.0000 0.1718 -0.0000 642.9688 4.5254 -300.0000
17.6571 -2306 3592 3592 -2306 0.1077 -0.0000 0.2563 -0.0000 642.9688 -5.0571 -300.0000
17.6637 -2388 3674 3674 -2388 0.1197 -0.0000 0.2513 -0.0000 642.9688 3.1216 -300.0000
17.6704 -2249 3535 3535 -2249 0.0471 -0.0000 0.2975 -0.0000 642.9688 -10.7944 -300.0000
17.6770 -2371 3657 3657 -2371 0.0516 -0.0000 0.3187 -0.0000 642.9688 1.4736 -300.0000
17.6836 -2299 3585 3585 -2299 0.0020 -0.0000 0.3214 -0.0000 642.9688 -5.7896 -300.0000
17.6903 -2394 3680 3680 -2394 0.0115 -0.0000 0.2857 -0.0000 642.9688 3.7319 -300.0000
17.6970 -2324 3610 3610 -2324 -0.0192 -0.0000 0.3027 -0.0000 642.9688 -3.2261 -300.0000
17.7036 -2343 3629 3629 -2343 -0.0315 -0.0000 0.3507 -0.0000 642.9688 -1.3340 -300.0000
17.7103 -2457 3743 3743 -2457 0.0331 -0.0000 0.3046 -0.0000 642.9688 10.0186 -300.0000
17.7169 -2402 3688 3688 -2402 0.0521 -0.0000 0.3436 -0.0000 642.9688 4.5254 -300.0000
17.7236 -2235 3520 3520 -2235 -0.0431 -0.0000 0.2544 -0.0000 642.9688 -12.1982 -300.0000
17.7303 -2324 3610 3610 -2324 -0.0792 -0.0000 0.2123 -0.0000 642.9688 -3.2871 -300.0000
17.7370 -2392 3678 3678 -2392 -0.0520 -0.0000 0.1754 -0.0000 642.9688 3.5488 -300.0000
17.7436 -2240 3540 3540 -2240 0.0122 -0.0000 0.2699 -0.0000 650.0000 7.7603 -281.2500
17.7503 -2144 3444 3444 -2144 0.0205 -0.0000 0.2029 -0.0000 650.0000 -1.8223 -281.2500
17.7569 -2145 3445 3445 -2145 0.0241 -0.0000 0.1857 -0.0000 650.0000 -1.7002 -281.2500
17.7635 -2052 3352 3352 -2052 -0.0370 -0.0000 0.1388 -0.0000 650.0000 -10.9775 -281.2500
17.7701 -2196 3496 3496 -2196 -0.0072 -0.0000 0.1932 -0.0000 650.0000 3.4268 -281.2500
17.7768 -2169 3469 3469 -2169 0.0069 -0.0000 0.1912 -0.0000 650.0000 0.6802 -281.2500
17.7834 -2181 3481 3481 -2181 0.0227 -0.0000 0.2172 -0.0000 650.0000 1.9009 -281.2500
17.7900 -2102 3402 3402 -2102 -0.0236 -0.0000 0.1394 -0.0000 650.0000 -6.0337 -281.2500
17.7966 -2280 3580 3580 -2280 0.0258 -0.0000 0.2169 -0.0000 650.0000 11.8496 -281.2500
17.8033 -2155 3455 3455 -2155 -0.0016 -0.0000 0.1273 -0.0000 650.0000 -0.6626 -281.2500
17.8099 -2212 3512 3512 -2212 0.0214 -0.0000 0.2132 -0.0000 650.0000 5.0137 -281.2500
17.8166 -2155 3455 3455 -2155 0.0359 -0.0000 0.2196 -0.0000 650.0000 -0.6626 -281.2500
17.8232 -2154 3454 3454 -2154 0.0467 -0.0000 0.3218 -0.0000 650.0000 -0.7847 -281.2500
17.8298 -2219 3519 3519 -2219 0.0721 -0.0000 0.2468 -0.0000 650.0000 5.6851 -281.2500
17.8364 -2253 3553 3553 -2253 0.1121 -0.0000 0.2565 -0.0000 650.0000 9.1030 -281.2500
17.8431 -2086 3386 3386 -2086 0.0480 -0.0000 0.1303 -0.0000 650.0000 -7.5596 -281.2500
17.8497 -2133 3433 3433 -2133 0.0429 -0.0000 0.1900 -0.0000 650.0000 -2.9209 -281.2500
17.8564 -2175 3475 3475 -2175 0.0676 -0.0000 0.1900 -0.0000 650.0000 1.2905 -281.2500
17.8630 -2163 3463 3463 -2163 0.0738 -0.0000 0.2311 -0.0000 650.0000 0.0698 -281.2500
17.8697 -2136 3436 3436 -2136 0.0316 -0.0000 0.2138 -0.0000 650.0000 -2.5547 -281.2500
17.8763 -2199 3499 3499 -2199 0.0326 -0.0000 0.2229 -0.0000 650.0000 3.6709 -281.2500
17.8830 -2112 3412 3412 -2112 -0.0089 -0.0000 0.1554 -0.0000 650.0000 -4.9961 -281.2500
17.8897 -2112 3412 3412 -2112 -0.0087 -0.0000 0.1450 -0.0000 650.0000 -4.9961 -281.2500
17.8963 -2215 3515 3515 -2215 0.0625 -0.0000 0.1661 -0.0000 650.0000 5.3188 -281.2500
17.9029 -2251 3551 3551 -2251 0.1399 -0.0000 0.1624 -0.0000 650.0000 8.8589 -281.2500
17.9096 -2114 3414 3414 -2114 0.0821 -0.0000 0.1764 -0.0000 650.0000 -4.8130 -281.2500
17.9162 -2163 3463 3463 -2163 0.0497 -0.0000 0.1832 -0.0000 650.0000 0.0698 -281.2500
17.9228 -2180 3480 3480 -2180 0.0399 -0.0000 0.1171 -0.0000 650.0000 1.8398 -281.2500
17.9295 -2169 3469 3469 -2169 0.0581 -0.0000 0.1511 -0.0000 650.0000 0.6802 -281.2500
17.9361 -2238 3538 3538 -2238 0.1263 -0.0000 0.1203 -0.0000 650.0000 7.6382 -281.2500
17.9428 -2060 3360 3360 -2060 0.0692 -0.0000 0.1181 -0.0000 650.0000 -10.1841 -281.2500
17.9494 -2118 3418 3418 -2118 0.0289 -0.0000 0.0391 -0.0000 650.0000 -4.3857 -281.2500
17.9560 -2135 3435 3435 -2135 0.0041 -0.0000 0.0059 -0.0000 650.0000 -2.7378 -281.2500
17.9626 -2293 3593 3593 -2293 0.0950 -0.0000 0.0265 -0.0000 650.0000 13.0703 -281.2500
17.9693 -2072 3372 3372 -2072 0.0574 -0.0000 0.0742 -0.0000 650.0000 -9.0244 -281.2500
17.9759 -2141 3441 3441 -2141 0.0561 -0.0000 0.0525 -0.0000 650.0000 -2.0664 -281.2500
17.9826 -2064 3364 3364 -2064 -0.0143 -0.0000 0.1198 -0.0000 650.0000 -9.8179 -281.2500
17.9893 555 744 744 555 0.0217 -0.0000 0.0946 -0.0000 650.0000 9.4082 0.0000
17.9959 676 623 623 676 -0.0114 -0.0000 0.0850 -0.0000 650.0000 -2.6157 0.0000
18.0026 629 670 670 629 0.0034 -0.0000 0.1066 -0.0000 650.0000 2.0840 0.0000
18.0093 644 655 655 644 0.0102 -0.0000 0.1298 -0.0000 650.0000 0.5581 0.0000
18.0159 693 606 606 693 -0.0227 -0.0000 0.2202 -0.0000 650.0000 -4.3247 0.0000
18.0226 679 659 659 679 -0.0382 -0.0000 0.1694 -0.0000 669.5312 -0.9678 0.0000
18.0293 829 509 509 829 -0.1459 -0.0000 0.0691 -0.0000 669.5312 -16.0435 0.0000
18.0359 743 595 595 743 -0.1976 -0.0000 -0.0278 -0.0000 669.5312 -7.4375 0.0000
18.0426 676 662 662 676 -0.1967 -0.0000 -0.0161 -0.0000 669.5312 -0.6626 0.0000
18.0492 614 724 724 614 -0.1593 -0.0000 0.0425 -0.0000 669.5312 5.5020 0.0000
18.0559 588 750 750 588 -0.1115 -0.0000 0.1240 -0.0000 669.5312 8.0654 0.0000
18.0625 553 785 785 553 -0.0540 -0.0000 0.0244 -0.0000 669.5312 11.6055 0.0000
18.0692 695 643 643 695 -0.0851 -0.0000 0.0422 -0.0000 669.5312 -2.5547 0.0000
18.0759 688 650 650 688 -0.1019 -0.0000 -0.1527 -0.0000 669.5312 -1.9443 0.0000
18.0826 652 686 686 652 -0.0693 -0.0000 -0.1753 -0.0000 669.5312 1.6567 0.0000
18.0893 668 670 670 668 -0.0497 -0.0000 -0.0969 -0.0000 669.5312 0.0698 0.0000
18.0959 627 711 711 627 -0.0043 -0.0000 -0.0667 -0.0000 669.5312 4.1592 0.0000
18.1026 701 637 637 701 -0.0200 -0.0000 -0.0429 -0.0000 669.5312 -3.1650 0.0000
18.1092 677 661 661 677 -0.0252 -0.0000 -0.0273 -0.0000 669.5312 -0.8457 0.0000
18.1158 623 715 715 623 0.0055 -0.0000 0.0349 -0.0000 669.5312 4.5864 0.0000
18.1225 632 706 706 632 0.0283 -0.0000 -0.0660 -0.0000 669.5312 3.6709 0.0000
18.1292 616 722 722 616 0.0549 -0.0000 -0.0421 -0.0000 669.5312 5.3188 0.0000
18.1358 698 640 640 698 0.0202 -0.0000 -0.0112 -0.0000 669.5312 -2.9209 0.0000
18.1425 707 631 631 707 -0.0313 -0.0000 -0.1215 -0.0000 669.5312 -3.8364 0.0000
18.1491 708 630 630 708 -0.0727 -0.0000 -0.2002 -0.0000 669.5312 -3.8975 0.0000
18.1558 638 700 700 638 -0.0533 -0.0000 -0.1923 -0.0000 669.5312 3.1216 0.0000
18.1624 637 701 701 637 -0.0069 -0.0000 -0.1592 -0.0000 669.5312 3.2437 0.0000
18.1691 633 705 705 633 0.0377 -0.0000 -0.2217 -0.0000 669.5312 3.6099 0.0000
18.1757 716 622 622 716 0.0205 -0.0000 -0.1424 -0.0000 669.5312 -4.6909 0.0000
18.1824 594 744 744 594 0.0582 -0.0000 -0.2398 -0.0000 669.5312 7.4551 0.0000
18.1891 587 751 751 587 0.0935 -0.0000 -0.1711 -0.0000 669.5312 8.1875 0.0000
18.1957 757 581 581 757 0.0102 -0.0000 -0.1866 -0.0000 669.5312 -8.7803 0.0000
18.2024 638 700 700 638 0.0207 -0.0000 -0.2452 -0.0000 669.5312 3.1216 0.0000
18.2090 673 665 665 673 0.0283 -0.0000 -0.2140 -0.0000 669.5312 -0.3574 0.0000
18.2157 720 618 618 720 0.0336 -0.0000 -0.1990 -0.0000 669.5312 -5.1182 0.0000
18.2223 653 685 685 653 0.0786 -0.0000 -0.2555 -0.0000 669.5312 1.5957 0.0000
18.2289 756 582 582 756 0.0475 -0.0000 -0.2255 -0.0000 669.5312 -8.6582 0.0000
18.2356 632 706 706 632 0.0684 -0.0000 -0.2491 -0.0000 669.5312 3.6709 0.0000
18.2422 629 709 709 629 0.0816 -0.0000 -0.2544 -0.0000 669.5312 3.9761 0.0000
18.2489 691 647 647 691 0.0480 -0.0000 -0.2827 -0.0000 669.5312 -2.1885 0.0000
18.2555 674 664 664 674 0.0437 -0.0000 -0.3338 -0.0000 669.5312 -0.4795 0.0000
18.2622 731 607 607 731 0.0147 -0.0000 -0.2762 -0.0000 669.5312 -6.1558 0.0000
18.2689 635 664 664 635 0.0442 -0.0000 -0.2921 -0.0000 650.0000 1.4736 0.0000
18.2755 691 608 608 691 0.0342 -0.0000 -0.2930 -0.0000 650.0000 -4.1416 0.0000
18.2822 734 565 565 734 -0.0140 -0.0000 -0.1462 -0.0000 650.0000 -8.4141 0.0000
18.2889 551 748 748 551 0.0484 -0.0000 -0.1770 -0.0000 650.0000 9.8354 0.0000
18.2955 706 593 593 706 0.0017 -0.0000 -0.1566 -0.0000 650.0000 -5.6064 0.0000
18.3021 767 532 532 767 -0.0874 -0.0000 -0.0378 -0.0000 650.0000 -11.7100 0.0000
18.3088 494 805 805 494 0.0087 -0.0000 -0.1771 -0.0000 650.0000 15.5117 0.0000
18.3154 687 612 612 687 -0.0098 -0.0000 -0.0999 -0.0000 650.0000 -3.7144 0.0000
18.3221 663 636 636 663 -0.0070 -0.0000 -0.0658 -0.0000 650.0000 -1.3340 0.0000
18.3288 721 578 578 721 -0.0450 -0.0000 -0.0363 -0.0000 650.0000 -7.1934 0.0000
18.3354 555 744 744 555 -0.0044 -0.0000 -0.0331 -0.0000 650.0000 9.4692 0.0000
18.3420 677 622 622 677 -0.0483 -0.0000 0.0314 -0.0000 650.0000 -2.7378 0.0000
18.3487 546 753 753 546 0.0026 -0.0000 -0.0692 -0.0000 650.0000 10.3237 0.0000
18.3554 653 646 646 653 0.0121 -0.0000 0.0105 -0.0000 650.0000 -0.3574 0.0000
18.3620 685 614 614 685 0.0055 -0.0000 0.0537 -0.0000 650.0000 -3.5923 0.0000
18.3687 665 634 634 665 0.0067 -0.0000 -0.0174 -0.0000 650.0000 -1.5171 0.0000
18.3754 695 604 604 695 -0.0234 -0.0000 0.0746 -0.0000 650.0000 -4.5688 0.0000
18.3821 597 702 702 597 0.0048 -0.0000 -0.1291 -0.0000 650.0000 5.2578 0.0000
18.3887 565 734 734 565 0.0467 -0.0000 -0.0796 -0.0000 650.0000 8.4927 0.0000
18.3954 572 727 727 572 -0.0817 -0.0000 0.0222 -0.0000 650.0000 -17.9966 -25.7812
18.4021 350 949 949 350 -0.0525 -0.0000 -0.0494 -0.0000 650.0000 4.1592 -25.7812
18.4088 451 848 848 451 -0.0711 -0.0000 0.0337 -0.0000 650.0000 -5.9727 -25.7812
18.4154 307 992 992 307 0.0007 -0.0000 0.1016 -0.0000 650.0000 8.4927 -25.7812
18.4220 428 871 871 428 -0.0079 -0.0000 0.0716 -0.0000 650.0000 -3.5923 -25.7812
18.4287 310 989 989 310 0.0411 -0.0000 0.0253 -0.0000 650.0000 8.1875 -25.7812
18.4354 510 789 789 510 -0.0356 -0.0000 -0.0283 -0.0000 650.0000 -11.8320 -25.7812
18.4420 341 958 958 341 0.0012 -0.0000 -0.1150 -0.0000 650.0000 5.0747 -25.7812
18.4487 423 876 876 423 -0.0049 -0.0000 -0.1978 -0.0000 650.0000 -3.1040 -25.7812
18.4554 560 739 739 560 -0.1090 -0.0000 -0.1851 -0.0000 650.0000 -16.8369 -25.7812
18.4621 -2332 3628 3628 -2332 -0.1209 -0.0000 -0.2021 -0.0000 647.6562 -1.9443 -300.0000
18.4687 -2372 3667 3667 -2372 -0.1291 -0.0000 -0.1736 -0.0000 647.6562 2.0229 -300.0000
18.4754 -2389 3684 3684 -2389 -0.1411 -0.0000 -0.1247 -0.0000 647.6562 3.7319 -300.0000
18.4820 -2251 3547 3547 -2251 -0.2237 -0.0000 -0.0460 -0.0000 647.6562 -10.0620 -300.0000
18.4886 -2364 3659 3659 -2364 -0.1982 -0.0000 0.0514 -0.0000 647.6562 1.2295 -300.0000
18.4952 -2498 3794 3794 -2498 -0.0783 -0.0000 0.0649 -0.0000 647.6562 14.6572 -300.0000
18.5019 -2401 3697 3697 -2401 -0.0213 -0.0000 0.1659 -0.0000 647.6562 4.9526 -300.0000
18.5085 -2572 3868 3868 -2572 0.1323 -0.0000 0.1468 -0.0000 647.6562 22.0425 -300.0000
18.5152 -2404 3699 3699 -2404 0.1624 -0.0000 0.2103 -0.0000 647.6562 5.1968 -300.0000
18.5219 -2428 3722 3722 -2428 0.2094 -0.0000 0.1374 -0.0000 646.8750 7.5161 -300.0000
18.5285 -2280 3574 3574 -2280 0.1818 -0.0000 0.2025 -0.0000 646.8750 -7.2544 -300.0000
18.5351 -2281 3574 3574 -2281 0.1635 -0.0000 0.3332 -0.0000 646.8750 -7.1934 -300.0000
18.5417 -2409 3703 3703 -2409 0.2269 -0.0000 0.2280 -0.0000 646.8750 5.6851 -300.0000
18.5483 -2270 3563 3563 -2270 0.1877 -0.0000 0.3273 -0.0000 646.8750 -8.2920 -300.0000
18.5550 -2442 3736 3736 -2442 0.2589 -0.0000 0.3113 -0.0000 646.8750 8.9810 -300.0000
18.5616 -2333 3627 3627 -2333 0.2503 -0.0000 0.3174 -0.0000 646.8750 -1.9443 -300.0000
18.5682 -2428 3722 3722 -2428 0.2857 -0.0000 0.4425 -0.0000 646.8750 7.5161 -300.0000
18.5749 -2391 3685 3685 -2391 0.2985 -0.0000 0.4393 -0.0000 646.8750 3.8540 -300.0000
18.5815 -2408 3701 3701 -2408 0.3209 -0.0000 0.5125 -0.0000 646.8750 5.5020 -300.0000
18.5883 -2338 3633 3633 -2338 0.2973 -0.0000 0.4124 -0.0000 647.6562 -1.3950 -300.0000
18.5949 -2320 3616 3616 -2320 0.2633 -0.0000 0.5005 -0.0000 647.6562 -3.1650 -300.0000
18.6016 -2359 3655 3655 -2359 0.2726 -0.0000 0.4009 -0.0000 647.6562 0.7412 -300.0000
18.6083 -2309 3604 3604 -2309 0.2537 -0.0000 0.4187 -0.0000 647.6562 -4.3247 -300.0000
18.6150 -2468 3763 3763 -2468 0.3377 -0.0000 0.3204 -0.0000 647.6562 11.6055 -300.0000
18.6216 -2342 3637 3637 -2342 0.3225 -0.0000 0.4782 -0.0000 647.6562 -1.0288 -300.0000
18.6283 -2346 3642 3642 -2346 0.3066 -0.0000 0.4538 -0.0000 647.6562 -0.5405 -300.0000
18.6350 -2360 3656 3656 -2360 0.2979 -0.0000 0.5274 -0.0000 647.6562 0.8633 -300.0000
18.6417 -2385 3680 3680 -2385 0.3087 -0.0000 0.5209 -0.0000 647.6562 3.3047 -300.0000
18.6483 -2369 3664 3664 -2369 0.3090 -0.0000 0.5494 -0.0000 647.6562 1.7178 -300.0000
18.6550 -2420 3715 3715 -2420 0.3419 -0.0000 0.5676 -0.0000 647.6562 6.7837 -300.0000
18.6617 -2302 3597 3597 -2302 0.2883 -0.0000 0.6812 -0.0000 647.6562 -4.9961 -300.0000
18.6683 -2363 3658 3658 -2363 0.2719 -0.0000 0.6277 -0.0000 647.6562 1.1074 -300.0000
18.6750 -2321 3617 3617 -2321 0.2242 -0.0000 0.6582 -0.0000 647.6562 -3.0430 -300.0000
18.6817 -2340 3635 3635 -2340 0.1979 -0.0000 0.6047 -0.0000 647.6562 -1.2119 -300.0000
18.6884 -2387 3682 3682 -2387 0.2130 -0.0000 0.6635 -0.0000 647.6562 3.4878 -300.0000
18.6950 -2381 3677 3677 -2381 0.2290 -0.0000 0.6149 -0.0000 647.6562 2.9385 -300.0000
18.7017 -2298 3593 3593 -2298 0.1774 -0.0000 0.7203 -0.0000 647.6562 -5.4233 -300.0000
18.7084 -2315 3611 3611 -2315 0.1265 -0.0000 0.6120 -0.0000 648.4375 -3.6533 -300.0000
18.7151 -2393 3690 3690 -2393 0.1416 -0.0000 0.6499 -0.0000 648.4375 4.1592 -300.0000
18.7217 -2322 3619 3619 -2322 0.1278 -0.0000 0.6275 -0.0000 648.4375 -2.8599 -300.0000
18.7284 -2330 3627 3627 -2330 0.1332 -0.0000 0.6544 -0.0000 648.4375 -2.0664 -300.0000
18.7351 -2380 3677 3677 -2380 0.1534 -0.0000 0.5954 -0.0000 648.4375 2.8774 -300.0000
18.7417 -2325 3622 3622 -2325 0.1187 -0.0000 0.5627 -0.0000 648.4375 -2.6157 -300.0000
18.7484 -2291 3588 3588 -2291 0.0511 -0.0000 0.5309 -0.0000 648.4375 -6.0337 -300.0000
18.7550 -2275 3572 3572 -2275 -0.0155 -0.0000 0.5669 -0.0000 648.4375 -7.6206 -300.0000
18.7618 -2373 3669 3669 -2373 -0.0046 -0.0000 0.5979 -0.0000 647.6562 2.1450 -300.0000
18.7685 -2326 3621 3621 -2326 -0.0215 -0.0000 0.5835 -0.0000 647.6562 -2.6157 -300.0000
18.7752 -2422 3717 3717 -2422 0.0105 -0.0000 0.6390 -0.0000 647.6562 6.9668 -300.0000
18.7819 -2268 3563 3563 -2268 -0.0674 -0.0000 0.6348 -0.0000 647.6562 -8.4141 -300.0000
18.7886 -2421 3716 3716 -2421 -0.0423 -0.0000 0.6242 -0.0000 647.6562 6.9058 -300.0000
18.7952 -2246 3542 3542 -2246 -0.1052 -0.0000 0.6001 -0.0000 647.6562 -10.5503 -300.0000
18.8019 -2474 3769 3769 -2474 -0.0098 -0.0000 0.5794 -0.0000 647.6562 12.2158 -300.0000
18.8086 -2264 3559 3559 -2264 -0.0567 -0.0000 0.6109 -0.0000 647.6562 -8.7803 -300.0000
18.8152 -2360 3655 3655 -2360 -0.0522 -0.0000 0.5507 -0.0000 647.6562 0.8022 -300.0000
18.8220 -2167 3464 3464 -2167 -0.1671 -0.0000 0.5496 -0.0000 648.4375 -18.4238 -300.0000
18.8288 -2502 3799 3799 -2502 -0.0285 -0.0000 0.5385 -0.0000 648.4375 15.0845 -300.0000
18.8354 -2300 3597 3597 -2300 -0.0242 -0.0000 0.5601 -0.0000 648.4375 -5.1182 -300.0000
18.8421 -2395 3692 3692 -2395 0.0258 -0.0000 0.5410 -0.0000 648.4375 4.4033 -300.0000
18.8487 -2255 3552 3552 -2255 -0.0635 -0.0000 0.6156 -0.0000 648.4375 -9.6348 -300.0000
18.8554 -2425 3722 3722 -2425 -0.0451 -0.0000 0.6375 -0.0000 648.4375 7.3940 -300.0000
18.8621 -2261 3558 3558 -2261 -0.1251 -0.0000 0.6641 -0.0000 648.4375 -9.0244 -300.0000
18.8688 -2427 3724 3724 -2427 -0.0647 -0.0000 0.6050 -0.0000 648.4375 7.5771 -300.0000
18.8755 -1751 3048 3048 -1751 -0.1103 -0.0000 0.6564 -0.0000 648.4375 -8.4141 -248.4375
18.8822 -1877 3174 3174 -1877 -0.0838 -0.0000 0.5731 -0.0000 648.4375 4.1592 -248.4375
18.8889 -1865 3162 3162 -1865 -0.0935 -0.0000 0.6287 -0.0000 648.4375 2.9385 -248.4375
18.8956 -1889 3186 3186 -1889 -0.0870 -0.0000 0.5781 -0.0000 648.4375 5.3188 -248.4375
18.9022 -1828 3125 3125 -1828 -0.1117 -0.0000 0.6130 -0.0000 648.4375 -0.7236 -248.4375
18.9089 -1944 3240 3240 -1944 -0.0399 -0.0000 0.5844 -0.0000 648.4375 10.8120 -248.4375
18.9156 -1837 3134 3134 -1837 -0.0362 -0.0000 0.6586 -0.0000 648.4375 0.1919 -248.4375
18.9222 -1861 3158 3158 -1861 -0.0160 -0.0000 0.5671 -0.0000 648.4375 2.5723 -248.4375
18.9289 -1858 3155 3155 -1858 0.0043 -0.0000 0.5765 -0.0000 648.4375 2.2671 -248.4375
18.9355 -1947 3243 3243 -1947 0.0852 -0.0000 0.5015 -0.0000 648.4375 11.1172 -248.4375
18.9422 -1843 3140 3140 -1843 0.1001 -0.0000 0.5486 -0.0000 648.4375 0.7412 -248.4375
18.9489 -1890 3187 3187 -1890 0.1506 -0.0000 0.5239 -0.0000 648.4375 5.5020 -248.4375
18.9556 -1753 3050 3050 -1753 0.1112 -0.0000 0.5525 -0.0000 648.4375 -8.2310 -248.4375
18.9622 -1817 3114 3114 -1817 0.1142 -0.0000 0.4803 -0.0000 648.4375 -1.8223 -248.4375
18.9689 -1781 3078 3078 -1781 0.0881 -0.0000 0.4968 -0.0000 648.4375 -5.4233 -248.4375
18.9755 -1868 3165 3165 -1868 0.1142 -0.0000 0.4537 -0.0000 648.4375 3.3047 -248.4375
18.9822 -1836 3132 3132 -1836 0.1092 -0.0000 0.5555 -0.0000 648.4375 0.0088 -248.4375
18.9889 -1853 3150 3150 -1853 0.1119 -0.0000 0.5558 -0.0000 648.4375 1.7788 -248.4375
18.9955 -1915 3212 3212 -1915 0.1534 -0.0000 0.6157 -0.0000 648.4375 8.0044 -248.4375
19.0022 -1922 3219 3219 -1922 0.1952 -0.0000 0.5329 -0.0000 648.4375 8.6758 -248.4375
19.0088 -1933 3229 3229 -1933 0.2478 -0.0000 0.5678 -0.0000 648.4375 9.7134 -248.4375
19.0155 -1820 3117 3117 -1820 0.2316 -0.0000 0.5441 -0.0000 648.4375 -1.5781 -248.4375
19.0222 -1790 3087 3087 -1790 0.2021 -0.0000 0.5960 -0.0000 648.4375 -4.5688 -248.4375
19.0289 -1812 3109 3109 -1812 0.1794 -0.0000 0.5283 -0.0000 648.4375 -2.3716 -248.4375
19.0355 -1782 3079 3079 -1782 0.1270 -0.0000 0.5396 -0.0000 648.4375 -5.3013 -248.4375
19.0422 -1816 3113 3113 -1816 0.1013 -0.0000 0.5291 -0.0000 648.4375 -1.9443 -248.4375
19.0488 -1855 3152 3152 -1855 0.1175 -0.0000 0.5310 -0.0000 648.4375 1.9619 -248.4375
19.0555 -1778 3074 3074 -1778 0.0964 -0.0000 0.5480 -0.0000 648.4375 -5.7896 -248.4375
19.0621 -1859 3156 3156 -1859 0.1157 -0.0000 0.5841 -0.0000 648.4375 2.3892 -248.4375
19.0688 -1804 3101 3101 -1804 0.0799 -0.0000 0.5738 -0.0000 648.4375 -3.1650 -248.4375
19.0755 -1933 3230 3230 -1933 0.1196 -0.0000 0.6343 -0.0000 648.4375 9.7744 -248.4375
19.0821 -1710 3007 3007 -1710 0.0275 -0.0000 0.5531 -0.0000 648.4375 -12.5034 -248.4375
19.0888 -1925 3222 3222 -1925 0.0895 -0.0000 0.5831 -0.0000 648.4375 8.9810 -248.4375
19.0954 -1762 3059 3059 -1762 0.0453 -0.0000 0.5657 -0.0000 648.4375 -7.3765 -248.4375
19.1021 -1856 3153 3153 -1856 0.0426 -0.0000 0.5836 -0.0000 648.4375 2.0229 -248.4375
19.1088 -1817 3113 3113 -1817 0.0086 -0.0000 0.5597 -0.0000 648.4375 -1.8833 -248.4375
19.1154 -1913 3210 3210 -1913 0.0441 -0.0000 0.6580 -0.0000 648.4375 7.7603 -248.4375
19.1221 -1722 3019 3019 -1722 -0.0196 -0.0000 0.6366 -0.0000 648.4375 -11.3438 -248.4375
19.1289 557 742 742 557 0.0569 -0.0000 0.6894 -0.0000 650.0000 9.2861 0.0000
19.1355 633 666 666 633 0.0607 -0.0000 0.6695 -0.0000 650.0000 1.6567 0.0000
19.1421 531 768 768 531 0.1262 -0.0000 0.6335 -0.0000 650.0000 11.8496 0.0000
19.1487 657 642 642 657 0.1115 -0.0000 0.6519 -0.0000 650.0000 -0.7847 0.0000
19.1553 677 622 622 677 0.0965 -0.0000 0.6510 -0.0000 650.0000 -2.7378 0.0000
19.1620 688 611 611 688 0.0751 -0.0000 0.5911 -0.0000 650.0000 -3.8975 0.0000
19.1687 662 637 637 662 0.0619 -0.0000 0.5283 -0.0000 650.0000 -1.2119 0.0000
19.1753 712 587 587 712 0.0213 -0.0000 0.4791 -0.0000 650.0000 -6.2168 0.0000
19.1819 768 531 531 768 -0.0423 -0.0000 0.4352 -0.0000 650.0000 -11.8320 0.0000
19.1886 683 616 616 683 -0.0544 -0.0000 0.4806 -0.0000 650.0000 -3.3481 0.0000
19.1952 609 690 690 609 -0.0363 -0.0000 0.5450 -0.0000 650.0000 4.0981 0.0000
19.2019 579 720 720 579 -0.0153 -0.0000 0.5421 -0.0000 650.0000 7.0278 0.0000
19.2085 639 660 660 639 -0.0381 -0.0000 0.6097 -0.0000 650.0000 1.0464 0.0000
19.2151 656 643 643 656 -0.0553 -0.0000 0.5988 -0.0000 650.0000 -0.6016 0.0000
19.2217 600 699 699 600 -0.0227 -0.0000 0.6327 -0.0000 650.0000 4.9526 0.0000
19.2284 712 587 587 712 -0.0541 -0.0000 0.6239 -0.0000 650.0000 -6.2778 0.0000
19.2350 642 657 657 642 -0.0420 -0.0000 0.5727 -0.0000 650.0000 0.7412 0.0000
19.2417 652 647 647 652 -0.0443 -0.0000 0.5367 -0.0000 650.0000 -0.2354 0.0000
19.2483 573 726 726 573 -0.0042 -0.0000 0.5990 -0.0000 650.0000 7.6382 0.0000
19.2550 524 775 775 524 0.0600 -0.0000 0.5364 -0.0000 650.0000 12.5210 0.0000
19.2616 655 644 644 655 0.0430 -0.0000 0.3845 -0.0000 650.0000 -0.5405 0.0000
19.2683 709 590 590 709 0.0015 -0.0000 0.4043 -0.0000 650.0000 -5.9727 0.0000
19.2749 675 624 624 675 0.0060 -0.0000 0.4613 -0.0000 650.0000 -2.5547 0.0000
19.2816 697 602 602 697 -0.0054 -0.0000 0.4994 -0.0000 650.0000 -4.7520 0.0000
19.2883 618 681 681 618 0.0342 -0.0000 0.4767 -0.0000 650.0000 3.1216 0.0000
19.2949 667 632 632 667 0.0159 -0.0000 0.3547 -0.0000 650.0000 -1.7612 0.0000
19.3015 681 618 618 681 -0.0245 -0.0000 0.4346 -0.0000 650.0000 -3.1650 0.0000
19.3082 696 603 603 696 -0.0861 -0.0000 0.4786 -0.0000 650.0000 -4.6299 0.0000
19.3148 604 695 695 604 -0.0700 -0.0000 0.4641 -0.0000 650.0000 4.5254 0.0000
19.3214 673 626 626 673 -0.0756 -0.0000 0.5477 -0.0000 650.0000 -2.3716 0.0000
19.3280 543 756 756 543 0.0186 -0.0000 0.4636 -0.0000 650.0000 10.6899 0.0000
19.3349 673 626 626 673 0.0324 -0.0000 0.4523 -0.0000 650.0000 -2.3105 0.0000
19.3416 613 686 686 613 0.0816 -0.0000 0.4248 -0.0000 650.0000 3.6099 0.0000
19.3483 693 606 606 693 0.0533 -0.0000 0.4496 -0.0000 650.0000 -4.3857 0.0000
19.3549 641 658 658 641 0.0421 -0.0000 0.3985 -0.0000 650.0000 0.8022 0.0000
19.3615 644 655 655 644 0.0233 -0.0000 0.4294 -0.0000 650.0000 0.5581 0.0000
19.3682 671 628 628 671 0.0138 -0.0000 0.3847 -0.0000 650.0000 -2.1274 0.0000
19.3749 667 632 632 667 0.0209 -0.0000 0.4447 -0.0000 650.0000 -1.7002 0.0000
19.3815 655 644 644 655 0.0367 -0.0000 0.4213 -0.0000 650.0000 -0.5405 0.0000
19.3882 617 682 682 617 0.0632 -0.0000 0.4046 -0.0000 650.0000 3.2437 0.0000
19.3948 728 571 571 728 0.0131 -0.0000 0.4880 -0.0000 650.0000 -7.8647 0.0000
19.4014 636 663 663 636 0.0191 -0.0000 0.4179 -0.0000 650.0000 1.3516 0.0000
19.4080 620 679 679 620 0.0274 -0.0000 0.4148 -0.0000 650.0000 2.9995 0.0000
19.4146 689 610 610 689 -0.0082 -0.0000 0.4058 -0.0000 650.0000 -3.9585 0.0000
19.4212 645 654 654 645 -0.0050 -0.0000 0.4552 -0.0000 650.0000 0.4971 0.0000
19.4279 1069 230 230 1069 -0.0377 -0.0000 0.5074 -0.0000 650.0000 -6.8271 35.1562
19.4345 968 331 331 968 -0.0091 -0.0000 0.5190 -0.0000 650.0000 3.3047 35.1562
19.4412 1036 263 263 1036 -0.0309 -0.0000 0.5401 -0.0000 650.0000 -3.5312 35.1562
19.4478 845 454 454 845 0.0547 -0.0000 0.3593 -0.0000 650.0000 15.5728 35.1562
19.4544 995 304 304 995 0.0512 -0.0000 0.5442 -0.0000 650.0000 0.6191 35.1562
19.4611 1005 294 294 1005 0.0441 -0.0000 0.6721 -0.0000 650.0000 -0.3574 35.1562
19.4678 1041 258 258 1041 0.0560 -0.0000 0.5293 -0.0000 650.0000 -3.9585 35.1562
19.4744 1019 280 280 1019 0.0941 -0.0000 0.4418 -0.0000 650.0000 -1.8223 35.1562
19.4811 1009 290 290 1009 0.1076 -0.0000 0.2783 -0.0000 650.0000 -0.7847 35.1562
19.4878 3584 -2275 -2275 3584 0.0973 -0.0000 0.3086 -0.0000 654.6875 4.6475 297.6562
19.4945 3597 -2288 -2288 3597 0.0811 -0.0000 0.1727 -0.0000 654.6875 3.3657 297.6562
19.5012 3522 -2213 -2213 3522 0.0942 -0.0000 0.1918 -0.0000 654.6875 10.8730 297.6562
19.5079 3650 -2341 -2341 3650 0.0424 -0.0000 0.1277 -0.0000 654.6875 -1.9443 297.6562
19.5146 3644 -2335 -2335 3644 0.0245 -0.0000 0.0893 -0.0000 654.6875 -1.3340 297.6562
19.5213 3720 -2411 -2411 3720 0.0045 -0.0000 0.2051 -0.0000 654.6875 -8.9634 297.6562
19.5280 3629 -2319 -2319 3629 0.0546 -0.0000 0.4394 -0.0000 654.6875 0.1919 297.6562
19.5346 3566 -2257 -2257 3566 0.1366 -0.0000 0.2233 -0.0000 654.6875 6.4785 297.6562
19.5414 3641 -2332 -2332 3641 0.1116 -0.0000 0.2559 -0.0000 654.6875 -1.0288 297.6562
19.5481 3585 -2276 -2276 3585 0.1155 -0.0000 0.0352 -0.0000 654.6875 4.5864 297.6562
19.5547 3707 -2398 -2398 3707 0.0489 -0.0000 0.0064 -0.0000 654.6875 -7.6206 297.6562
19.5614 3642 -2332 -2332 3642 0.0477 -0.0000 0.0956 -0.0000 654.6875 -1.0898 297.6562
19.5681 3727 -2418 -2418 3727 -0.0088 -0.0000 0.0399 -0.0000 654.6875 -9.6348 297.6562
19.5748 3534 -2225 -2225 3534 0.0566 -0.0000 0.0636 -0.0000 654.6875 9.6523 297.6562
19.5814 3633 -2324 -2324 3633 0.0552 -0.0000 -0.0132 -0.0000 654.6875 -0.2354 297.6562
19.5881 3569 -2260 -2260 3569 0.0982 -0.0000 0.0488 -0.0000 654.6875 6.1733 297.6562
19.5948 3800 -2490 -2490 3800 -0.0104 -0.0000 0.1357 -0.0000 654.6875 -16.8979 297.6562
19.6015 3755 -2446 -2446 3755 -0.0767 -0.0000 0.1364 -0.0000 654.6875 -12.4424 297.6562
19.6082 3776 -2468 -2468 3776 -0.1494 -0.0000 0.1753 -0.0000 653.9062 -14.5786 297.6562
19.6148 3815 -2508 -2508 3815 -0.2508 -0.0000 0.0480 -0.0000 653.9062 -18.5459 297.6562
19.6215 3516 -2208 -2208 3516 -0.1937 -0.0000 0.0075 -0.0000 653.9062 11.4224 297.6562
19.6282 3499 -2191 -2191 3499 -0.1556 -0.0000 -0.0510 -0.0000 653.9062 13.0703 297.6562
19.6348 3613 -2305 -2305 3613 -0.1874 -0.0000 -0.0113 -0.0000 653.9062 1.7178 297.6562
19.6415 3721 -2414 -2414 3721 -0.2530 -0.0000 0.0484 -0.0000 653.9062 -9.1465 297.6562
19.6482 3702 -2394 -2394 3702 -0.2501 -0.0000 -0.0329 -0.0000 653.9062 -7.1934 297.6562
19.6548 3885 -2577 -2577 3885 -0.2925 -0.0000 -0.0334 -0.0000 653.9062 -25.5039 297.6562
19.6614 3629 -2321 -2321 3629 -0.1734 -0.0000 -0.0922 -0.0000 653.9062 0.1309 297.6562
19.6681 3687 -2379 -2379 3687 -0.1456 -0.0000 -0.0177 -0.0000 653.9062 -5.6675 297.6562
19.6747 3483 -2176 -2176 3483 -0.1371 -0.0000 -0.0541 -0.0000 653.9062 14.6572 297.6562
19.6814 3508 -2200 -2200 3508 -0.1970 -0.0000 -0.0528 -0.0000 653.9062 12.2158 297.6562
19.6880 3546 -2238 -2238 3546 -0.2946 -0.0000 -0.1512 -0.0000 653.9062 8.4316 297.6562
19.6946 3731 -2423 -2423 3731 -0.4119 -0.0000 -0.1484 -0.0000 653.9062 -10.1230 297.6562
19.7012 3933 -2625 -2625 3933 -0.5744 -0.0000 -0.1138 -0.0000 653.9062 -30.3257 297.6562
19.7078 3698 -2390 -2390 3698 -0.5094 -0.0000 -0.2460 -0.0000 653.9062 -6.8271 297.6562
19.7145 3786 -2478 -2478 3786 -0.4874 -0.0000 -0.1134 -0.0000 653.9062 -15.5552 297.6562
19.7210 3476 -2168 -2168 3476 -0.3223 -0.0000 -0.1543 -0.0000 653.9062 15.3896 297.6562
19.7277 3548 -2240 -2240 3548 -0.2798 -0.0000 -0.0645 -0.0000 653.9062 8.1875 297.6562
19.7343 3522 -2211 -2211 3522 -0.3221 -0.0000 -0.1118 -0.0000 655.4688 10.9951 297.6562
19.7410 3594 -2283 -2283 3594 -0.4127 -0.0000 -0.1233 -0.0000 655.4688 3.7930 297.6562
19.7476 3567 -2256 -2256 3567 -0.4509 -0.0000 -0.2035 -0.0000 655.4688 6.4785 297.6562
19.7543 3639 -2328 -2328 3639 -0.4175 -0.0000 -0.0615 -0.0000 655.4688 -0.7236 297.6562
19.7610 3634 -2324 -2324 3634 -0.3216 -0.0000 -0.0212 -0.0000 655.4688 -0.2964 297.6562
19.7677 3701 -2390 -2390 3701 -0.2286 -0.0000 -0.0297 -0.0000 655.4688 -6.9492 297.6562
19.7743 3779 -2468 -2468 3779 -0.2020 -0.0000 0.0650 -0.0000 655.4688 -14.7617 297.6562
19.7811 3575 -2264 -2264 3575 -0.0900 -0.0000 -0.0529 -0.0000 655.4688 5.6851 297.6562
19.7878 3611 -2300 -2300 3611 -0.0611 -0.0000 -0.0738 -0.0000 655.4688 2.0840 297.6562
19.7944 3426 -2115 -2115 3426 -0.0054 -0.0000 -0.2719 -0.0000 655.4688 20.5776 297.6562
19.8011 3560 -2249 -2249 3560 -0.0559 -0.0000 -0.2219 -0.0000 655.4688 7.1499 297.6562
19.8077 3624 -2313 -2313 3624 -0.1339 -0.0000 -0.3798 -0.0000 655.4688 0.8022 297.6562
19.8143 3714 -2403 -2403 3714 -0.1544 -0.0000 -0.2934 -0.0000 655.4688 -8.2310 297.6562
19.8209 3799 -2488 -2488 3799 -0.1675 -0.0000 -0.4598 -0.0000 655.4688 -16.7759 297.6562
19.8276 3698 -2387 -2387 3698 -0.0910 -0.0000 -0.3260 -0.0000 655.4688 -6.6440 297.6562
19.8342 3841 -2530 -2530 3841 -0.1731 -0.0000 -0.3926 -0.0000 655.4688 -20.9873 297.6562
19.8409 3473 -2162 -2162 3473 -0.0845 -0.0000 -0.2992 -0.0000 655.4688 15.8779 297.6562
19.8475 3633 -2322 -2322 3633 -0.2104 -0.0000 -0.4364 -0.0000 655.4688 -0.1133 297.6562
19.8541 3542 -2231 -2231 3542 -0.2738 -0.0000 -0.4647 -0.0000 655.4688 8.9810 297.6562
19.8607 3759 -2448 -2448 3759 -0.4400 -0.0000 -0.4414 -0.0000 655.4688 -12.7476 297.6562
19.8674 3558 -2247 -2247 3558 -0.3651 -0.0000 -0.4373 -0.0000 655.4688 7.3940 297.6562
19.8740 3650 -2339 -2339 3650 -0.3263 -0.0000 -0.4010 -0.0000 655.4688 -1.8833 297.6562
19.8807 3640 -2329 -2329 3640 -0.2861 -0.0000 -0.3790 -0.0000 655.4688 -0.8457 297.6562
19.8873 3649 -2338 -2338 3649 -0.2994 -0.0000 -0.3974 -0.0000 655.4688 -1.7612 297.6562
19.8940 3606 -2295 -2295 3606 -0.2957 -0.0000 -0.3866 -0.0000 655.4688 2.5723 297.6562
19.9006 3579 -2268 -2268 3579 -0.2679 -0.0000 -0.4413 -0.0000 655.4688 5.2578 297.6562
19.9072 3774 -2463 -2463 3774 -0.3253 -0.0000 -0.3643 -0.0000 655.4688 -14.2124 297.6562
19.9138 3703 -2393 -2393 3703 -0.3173 -0.0000 -0.4562 -0.0000 655.4688 -7.1934 297.6562
19.9205 3754 -2443 -2443 3754 -0.3389 -0.0000 -0.3849 -0.0000 655.4688 -12.2593 297.6562
19.9271 3677 -2366 -2366 3677 -0.3470 -0.0000 -0.4115 -0.0000 655.4688 -4.5078 297.6562
19.9338 3614 -2303 -2303 3614 -0.3411 -0.0000 -0.2827 -0.0000 655.4688 1.7178 297.6562
19.9404 3505 -2194 -2194 3505 -0.2871 -0.0000 -0.4203 -0.0000 655.4688 12.6431 297.6562
19.9471 3670 -2359 -2359 3670 -0.3352 -0.0000 -0.3631 -0.0000 655.4688 -3.8364 297.6562
19.9537 3777 -2468 -2468 3777 -0.4205 -0.0000 -0.5285 -0.0000 654.6875 -14.6396 297.6562
19.9603 3734 -2424 -2424 3734 -0.4381 -0.0000 -0.4199 -0.0000 654.6875 -10.3062 297.6562
19.9670 3808 -2498 -2498 3808 -0.4894 -0.0000 -0.4904 -0.0000 654.6875 -17.6914 297.6562
19.9737 3542 -2233 -2233 3542 -0.4041 -0.0000 -0.4154 -0.0000 654.6875 8.8589 297.6562
19.9803 3667 -2357 -2357 3667 -0.4592 -0.0000 -0.4677 -0.0000 654.6875 -3.5923 297.6562
19.9869 3434 -2125 -2125 3434 -0.4363 -0.0000 -0.5239 -0.0000 654.6875 19.6621 297.6562
19.9935 3764 -2454 -2454 3764 -0.6081 -0.0000 -0.5052 -0.0000 654.6875 -13.2969 297.6562
20.0002 3540 -2231 -2231 3540 -0.5731 -0.0000 -0.4962 -0.0000 654.6875 9.0420 297.6562
20.0068 3759 -2449 -2449 3759 -0.5533 -0.0000 -0.3840 -0.0000 654.6875 -12.8086 297.6562
20.0135 3652 -2343 -2343 3652 -0.4412 -0.0000 -0.4309 -0.0000 654.6875 -2.1274 297.6562
20.0201 3610 -2301 -2301 3610 -0.3238 -0.0000 -0.4421 -0.0000 654.6875 2.0840 297.6562
20.0268 3581 -2272 -2272 3581 -0.2959 -0.0000 -0.4478 -0.0000 654.6875 4.9526 297.6562
20.0334 3611 -2302 -2302 3611 -0.3250 -0.0000 -0.4605 -0.0000 654.6875 1.9619 297.6562
20.0400 3661 -2351 -2351 3661 -0.3901 -0.0000 -0.5323 -0.0000 654.6875 -2.9819 297.6562
20.0466 3556 -2246 -2246 3556 -0.3257 -0.0000 -0.5876 -0.0000 654.6875 7.5161 297.6562
20.0533 3791 -2481 -2481 3791 -0.3738 -0.0000 -0.5654 -0.0000 654.6875 -15.9824 297.6562
20.0600 3653 -2344 -2344 3653 -0.3040 -0.0000 -0.5902 -0.0000 654.6875 -2.2495 297.6562
20.0666 3703 -2394 -2394 3703 -0.2881 -0.0000 -0.4532 -0.0000 654.6875 -7.2544 297.6562
20.0732 3545 -2235 -2235 3545 -0.2143 -0.0000 -0.4988 -0.0000 654.6875 8.6147 297.6562
20.0799 3545 -2236 -2236 3545 -0.2325 -0.0000 -0.4721 -0.0000 654.6875 8.5537 297.6562
20.0865 3525 -2216 -2216 3525 -0.2582 -0.0000 -0.5248 -0.0000 654.6875 10.5679 297.6562
20.0932 3687 -2378 -2378 3687 -0.3772 -0.0000 -0.4383 -0.0000 654.6875 -5.6675 297.6562
20.0998 3622 -2312 -2312 3622 -0.3484 -0.0000 -0.5012 -0.0000 654.6875 0.9243 297.6562
20.1065 3688 -2379 -2379 3688 -0.3247 -0.0000 -0.4773 -0.0000 654.6875 -5.7285 297.6562
20.1131 3705 -2396 -2396 3705 -0.3018 -0.0000 -0.5636 -0.0000 654.6875 -7.4375 297.6562
20.1198 3646 -2337 -2337 3646 -0.3102 -0.0000 -0.5504 -0.0000 654.6875 -1.5171 297.6562
20.1264 3713 -2404 -2404 3713 -0.4048 -0.0000 -0.5154 -0.0000 654.6875 -8.2310 297.6562
20.1331 3480 -2171 -2171 3480 -0.3663 -0.0000 -0.6342 -0.0000 654.6875 15.0845 297.6562
20.1397 3781 -2471 -2471 3781 -0.4669 -0.0000 -0.5294 -0.0000 654.6875 -15.0059 297.6562
20.1464 3578 -2268 -2268 3578 -0.3853 -0.0000 -0.5709 -0.0000 654.6875 5.3188 297.6562
20.1531 3664 -2354 -2354 3664 -0.3265 -0.0000 -0.5043 -0.0000 654.6875 -3.2871 297.6562
20.1597 3553 -2244 -2244 3553 -0.2258 -0.0000 -0.5160 -0.0000 654.6875 7.7603 297.6562
20.1663 3618 -2308 -2308 3618 -0.2176 -0.0000 -0.4448 -0.0000 654.6875 1.2905 297.6562
20.1730 3598 -2288 -2288 3598 -0.2405 -0.0000 -0.5600 -0.0000 654.6875 3.3047 297.6562
20.1797 3654 -2344 -2344 3654 -0.3094 -0.0000 -0.5501 -0.0000 654.6875 -2.3105 297.6562
20.1863 3604 -2294 -2294 3604 -0.3110 -0.0000 -0.5716 -0.0000 654.6875 2.6943 297.6562
20.1930 3739 -2430 -2430 3739 -0.3538 -0.0000 -0.5310 -0.0000 654.6875 -10.8555 297.6562
20.1997 3769 -2460 -2460 3769 -0.3459 -0.0000 -0.4744 -0.0000 654.6875 -13.8462 297.6562
20.2063 3634 -2325 -2325 3634 -0.2486 -0.0000 -0.5484 -0.0000 654.6875 -0.3574 297.6562
20.2130 3682 -2373 -2373 3682 -0.2077 -0.0000 -0.6001 -0.0000 654.6875 -5.1182 297.6562
20.2196 3487 -2177 -2177 3487 -0.1192 -0.0000 -0.6822 -0.0000 654.6875 14.4131 297.6562
20.2263 3568 -2259 -2259 3568 -0.1217 -0.0000 -0.6495 -0.0000 654.6875 6.2344 297.6562
20.2330 3612 -2302 -2302 3612 -0.1646 -0.0000 -0.7995 -0.0000 654.6875 1.9009 297.6562
20.2397 3699 -2390 -2390 3699 -0.2153 -0.0000 -0.6984 -0.0000 654.6875 -6.8271 297.6562
20.2463 3690 -2381 -2381 3690 -0.2202 -0.0000 -0.8437 -0.0000 654.6875 -5.9727 297.6562
20.2530 3637 -2328 -2328 3637 -0.1761 -0.0000 -0.7867 -0.0000 654.6875 -0.6626 297.6562
20.2596 3628 -2319 -2319 3628 -0.1624 -0.0000 -0.8931 -0.0000 654.6875 0.2529 297.6562
20.2663 3476 -2166 -2166 3476 -0.0880 -0.0000 -0.8298 -0.0000 654.6875 15.5117 297.6562
20.2730 3591 -2282 -2282 3591 -0.1436 -0.0000 -0.9096 -0.0000 654.6875 3.9761 297.6562
20.2797 3537 -2227 -2227 3537 -0.1463 -0.0000 -0.8946 -0.0000 654.6875 9.4082 297.6562
20.2864 3775 -2465 -2465 3775 -0.2636 -0.0000 -0.8401 -0.0000 654.6875 -14.3955 297.6562
20.2931 3682 -2375 -2375 3682 -0.2420 -0.0000 -0.7527 -0.0000 653.9062 -5.2402 297.6562
20.2998 3637 -2329 -2329 3637 -0.1879 -0.0000 -0.7488 -0.0000 653.9062 -0.7236 297.6562
20.3064 3654 -2346 -2346 3654 -0.1724 -0.0000 -0.6383 -0.0000 653.9062 -2.3716 297.6562
20.3131 3565 -2257 -2257 3565 -0.1775 -0.0000 -0.7411 -0.0000 653.9062 6.5396 297.6562
20.3198 3627 -2319 -2319 3627 -0.2435 -0.0000 -0.7380 -0.0000 653.9062 0.3140 297.6562
20.3264 3512 -2204 -2204 3512 -0.2323 -0.0000 -0.8711 -0.0000 653.9062 11.7886 297.6562
20.3330 3640 -2332 -2332 3640 -0.2413 -0.0000 -0.7538 -0.0000 653.9062 -1.0288 297.6562
20.3397 3735 -2428 -2428 3735 -0.2653 -0.0000 -0.7910 -0.0000 653.9062 -10.5503 297.6562
20.3463 3779 -2472 -2472 3779 -0.2740 -0.0000 -0.7545 -0.0000 653.9062 -14.9448 297.6562
20.3529 3718 -2411 -2411 3718 -0.2195 -0.0000 -0.8474 -0.0000 653.9062 -8.8413 297.6562
20.3596 3702 -2394 -2394 3702 -0.1812 -0.0000 -0.7027 -0.0000 653.9062 -7.1934 297.6562
20.3662 3600 -2292 -2292 3600 -0.1190 -0.0000 -0.7509 -0.0000 653.9062 2.9995 297.6562
20.3729 3597 -2289 -2289 3597 -0.1410 -0.0000 -0.6816 -0.0000 653.9062 3.3047 297.6562
20.3796 3461 -2153 -2153 3461 -0.0891 -0.0000 -0.8274 -0.0000 653.9062 16.9155 297.6562
20.3862 3499 -2191 -2191 3499 -0.0635 -0.0000 -0.7054 -0.0000 653.9062 13.0703 297.6562
20.3929 3751 -2443 -2443 3751 -0.1833 -0.0000 -0.8256 -0.0000 653.9062 -12.0762 297.6562
20.3996 3676 -2368 -2368 3676 -0.2387 -0.0000 -0.7361 -0.0000 653.9062 -4.5688 297.6562
20.4062 3806 -2498 -2498 3806 -0.3613 -0.0000 -0.7527 -0.0000 653.9062 -17.5693 297.6562
20.4128 3568 -2260 -2260 3568 -0.2839 -0.0000 -0.7639 -0.0000 653.9062 6.2344 297.6562
20.4195 3792 -2484 -2484 3792 -0.3415 -0.0000 -0.7848 -0.0000 653.9062 -16.2266 297.6562
20.4261 3499 -2191 -2191 3499 -0.2258 -0.0000 -0.7138 -0.0000 653.9062 13.1313 297.6562
20.4328 3670 -2362 -2362 3670 -0.2538 -0.0000 -0.6184 -0.0000 653.9062 -4.0195 297.6562
20.4394 3567 -2259 -2259 3567 -0.2506 -0.0000 -0.5626 -0.0000 653.9062 6.2954 297.6562
20.4460 3699 -2392 -2392 3699 -0.3666 -0.0000 -0.5444 -0.0000 653.9062 -6.9492 297.6562
20.4526 3480 -2172 -2172 3480 -0.3230 -0.0000 -0.5676 -0.0000 653.9062 15.0234 297.6562
20.4593 3586 -2278 -2278 3586 -0.3151 -0.0000 -0.4999 -0.0000 653.9062 4.4033 297.6562
20.4660 3626 -2318 -2318 3626 -0.2373 -0.0000 -0.4392 -0.0000 653.9062 0.4360 297.6562
20.4726 3715 -2408 -2408 3715 -0.1784 -0.0000 -0.4578 -0.0000 653.9062 -8.5361 297.6562
20.4793 3776 -2468 -2468 3776 -0.1407 -0.0000 -0.4295 -0.0000 653.9062 -14.5786 297.6562
20.4860 3688 -2380 -2380 3688 -0.0842 -0.0000 -0.5621 -0.0000 653.9062 -5.7896 297.6562
20.4926 3668 -2360 -2360 3668 -0.0582 -0.0000 -0.5515 -0.0000 653.9062 -3.7754 297.6562
20.4992 3502 -2195 -2195 3502 0.0246 -0.0000 -0.5898 -0.0000 653.9062 12.7651 297.6562
20.5058 3689 -2381 -2381 3689 -0.0889 -0.0000 -0.4688 -0.0000 653.9062 -5.9116 297.6562
20.5124 3516 -2209 -2209 3516 -0.0957 -0.0000 -0.6019 -0.0000 653.9062 11.3613 297.6562
20.5191 3623 -2315 -2315 3623 -0.1530 -0.0000 -0.5777 -0.0000 653.9062 0.6802 297.6562
20.5257 3641 -2334 -2334 3641 -0.1413 -0.0000 -0.6912 -0.0000 653.9062 -1.1509 297.6562
20.5324 3876 -2569 -2569 3876 -0.2507 -0.0000 -0.5957 -0.0000 653.9062 -24.6494 297.6562
20.5391 3763 -2455 -2455 3763 -0.2674 -0.0000 -0.7192 -0.0000 653.9062 -13.2969 297.6562
20.5457 666 633 633 666 -0.2434 -0.0000 -0.6708 -0.0000 650.0000 -1.6392 0.0000
20.5524 651 648 648 651 -0.2463 -0.0000 -0.7186 -0.0000 650.0000 -0.1133 0.0000
20.5591 596 703 703 596 -0.2446 -0.0000 -0.7241 -0.0000 650.0000 5.3799 0.0000
20.5657 751 548 548 751 -0.3596 -0.0000 -0.6003 -0.0000 650.0000 -10.1230 0.0000
20.5723 762 537 537 762 -0.4587 -0.0000 -0.5803 -0.0000 650.0000 -11.2827 0.0000
20.5790 786 513 513 786 -0.5407 -0.0000 -0.7054 -0.0000 650.0000 -13.6021 0.0000
20.5856 674 625 625 674 -0.5373 -0.0000 -0.7401 -0.0000 650.0000 -2.4937 0.0000
20.5922 599 700 700 599 -0.5260 -0.0000 -0.5787 -0.0000 650.0000 5.0137 0.0000
20.5989 624 675 675 624 -0.5590 -0.0000 -0.3651 -0.0000 650.0000 2.5112 0.0000
20.6055 592 707 707 592 -0.6077 -0.0000 -0.3081 -0.0000 650.0000 5.7461 0.0000
20.6121 692 607 607 692 -0.7020 -0.0000 -0.3986 -0.0000 650.0000 -4.2637 0.0000
20.6188 762 537 537 762 -0.7891 -0.0000 -0.4404 -0.0000 650.0000 -11.2827 0.0000
20.6254 665 634 634 665 -0.6830 -0.0000 -0.4435 -0.0000 650.0000 -1.5171 0.0000
20.6320 751 548 548 751 -0.6141 -0.0000 -0.4229 -0.0000 650.0000 -10.1230 0.0000
20.6387 746 553 553 746 -0.6070 -0.0000 -0.2389 -0.0000 650.0000 -9.6958 0.0000
20.6453 799 500 500 799 -0.6653 -0.0000 -0.0921 -0.0000 650.0000 -14.9448 0.0000
20.6520 576 723 723 576 -0.6224 -0.0000 -0.2435 -0.0000 650.0000 7.3940 0.0000
20.6586 580 719 719 580 -0.6275 -0.0000 -0.2741 -0.0000 650.0000 6.9668 0.0000
20.6652 603 696 696 603 -0.6528 -0.0000 -0.2130 -0.0000 650.0000 4.6475 0.0000
20.6719 646 653 653 646 -0.6906 -0.0000 -0.0623 -0.0000 650.0000 0.3140 0.0000
20.6786 611 688 688 611 -0.6467 -0.0000 -0.1192 -0.0000 650.0000 3.8540 0.0000
20.6852 654 645 645 654 -0.6300 -0.0000 -0.1265 -0.0000 650.0000 -0.4795 0.0000
20.6919 606 693 693 606 -0.5845 -0.0000 -0.0683 -0.0000 650.0000 4.3423 0.0000
20.6985 671 628 628 671 -0.5794 -0.0000 -0.1466 -0.0000 650.0000 -2.1274 0.0000
20.7051 461 838 838 461 -0.4309 -0.0000 -0.2309 -0.0000 650.0000 18.8687 0.0000
20.7117 671 628 628 671 -0.4110 -0.0000 -0.2215 -0.0000 650.0000 -2.1274 0.0000
20.7184 690 609 609 690 -0.4063 -0.0000 -0.2339 -0.0000 650.0000 -4.0806 0.0000
20.7251 681 618 618 681 -0.3959 -0.0000 -0.2212 -0.0000 650.0000 -3.1650 0.0000
20.7317 743 556 556 743 -0.4292 -0.0000 -0.2259 -0.0000 650.0000 -9.3906 0.0000
20.7383 588 711 711 588 -0.3889 -0.0000 -0.1786 -0.0000 650.0000 6.1733 0.0000
20.7450 581 718 718 581 -0.3561 -0.0000 -0.1284 -0.0000 650.0000 6.8447 0.0000
20.7516 603 696 696 603 -0.3504 -0.0000 -0.0762 -0.0000 650.0000 4.6475 0.0000
20.7582 577 722 722 577 -0.3165 -0.0000 -0.0763 -0.0000 650.0000 7.2109 0.0000
20.7649 753 546 546 753 -0.3892 -0.0000 -0.0566 -0.0000 650.0000 -10.3062 0.0000
20.7715 643 656 656 643 -0.3776 -0.0000 0.0288 -0.0000 650.0000 0.6802 0.0000
20.7782 645 654 654 645 -0.3640 -0.0000 0.0064 -0.0000 650.0000 0.4360 0.0000
20.7849 573 726 726 573 -0.3212 -0.0000 -0.0728 -0.0000 650.0000 7.6992 0.0000
20.7916 620 679 679 620 -0.3049 -0.0000 -0.1064 -0.0000 650.0000 2.9385 0.0000
20.7983 579 720 720 579 -0.2493 -0.0000 -0.0509 -0.0000 650.0000 7.0889 0.0000
20.8050 685 614 614 685 -0.2456 -0.0000 0.0444 -0.0000 650.0000 -3.5312 0.0000
20.8116 612 687 687 612 -0.1792 -0.0000 0.1583 -0.0000 650.0000 3.7319 0.0000
20.8183 584 715 715 584 -0.1102 -0.0000 0.2404 -0.0000 650.0000 6.5396 0.0000
20.8249 616 683 683 616 -0.0753 -0.0000 0.3493 -0.0000 650.0000 3.3047 0.0000
20.8316 770 529 529 770 -0.1647 -0.0000 0.3901 -0.0000 650.0000 -12.0762 0.0000
20.8383 672 627 627 672 -0.1911 -0.0000 0.4582 -0.0000 650.0000 -2.2495 0.0000
20.8450 528 771 771 528 -0.1162 -0.0000 0.4688 -0.0000 650.0000 12.1548 0.0000
20.8516 616 683 683 616 -0.0952 -0.0000 0.4035 -0.0000 650.0000 3.3047 0.0000
20.8583 499 800 800 499 0.0005 -0.0000 0.3725 -0.0000 650.0000 15.0845 0.0000
20.8649 746 553 553 746 -0.0776 -0.0000 0.4989 -0.0000 650.0000 -9.6958 0.0000
20.8716 579 720 720 579 -0.0498 -0.0000 0.6179 -0.0000 650.0000 7.0889 0.0000
20.8783 603 696 696 603 -0.0217 -0.0000 0.5455 -0.0000 650.0000 4.6475 0.0000
20.8849 567 732 732 567 0.0435 -0.0000 0.6989 -0.0000 650.0000 8.2485 0.0000
20.8916 557 742 742 557 0.1152 -0.0000 0.5297 -0.0000 650.0000 9.2251 0.0000
20.8983 780 519 519 780 0.0317 -0.0000 0.6997 -0.0000 650.0000 -13.0527 0.0000
20.9049 518 781 781 518 0.1213 -0.0000 0.5266 -0.0000 650.0000 13.1313 0.0000
20.9116 721 578 578 721 0.0937 -0.0000 0.6326 -0.0000 650.0000 -7.1934 0.0000
20.9182 560 739 739 560 0.1730 -0.0000 0.3872 -0.0000 650.0000 8.9810 0.0000
20.9249 882 417 417 882 0.0375 -0.0000 0.5628 -0.0000 650.0000 -23.2456 0.0000
20.9315 568 731 731 568 0.0874 -0.0000 0.4664 -0.0000 650.0000 8.1265 0.0000
20.9382 657 642 642 657 0.0742 -0.0000 0.5232 -0.0000 650.0000 -0.7236 0.0000
20.9449 737 562 562 737 0.0025 -0.0000 0.6110 -0.0000 650.0000 -8.7192 0.0000
20.9516 558 741 741 558 0.0396 -0.0000 0.5888 -0.0000 650.0000 9.1030 0.0000
20.9583 765 534 534 765 -0.0605 -0.0000 0.6705 -0.0000 650.0000 -11.5879 0.0000
20.9649 588 711 711 588 -0.0349 -0.0000 0.5392 -0.0000 650.0000 6.1123 0.0000
20.9716 580 719 719 580 0.0212 -0.0000 0.6237 -0.0000 650.0000 6.9058 0.0000
20.9783 622 677 677 622 0.0490 -0.0000 0.6879 -0.0000 650.0000 2.7554 0.0000
20.9849 698 601 601 698 0.0078 -0.0000 0.5978 -0.0000 650.0000 -4.8740 0.0000
20.9916 688 611 611 688 -0.0290 -0.0000 0.5667 -0.0000 650.0000 -3.8364 0.0000
20.9983 559 740 740 559 0.0254 -0.0000 0.4774 -0.0000 650.0000 9.0420 0.0000
21.0049 723 576 576 723 -0.0075 -0.0000 0.4481 -0.0000 650.0000 -7.3154 0.0000
21.0116 562 737 737 562 0.0718 -0.0000 0.4183 -0.0000 650.0000 8.7979 0.0000
21.0183 692 607 607 692 0.0683 -0.0000 0.4009 -0.0000 650.0000 -4.2637 0.0000
21.0249 600 699 699 600 0.1255 -0.0000 0.3409 -0.0000 650.0000 4.9526 0.0000
21.0316 763 536 536 763 0.0656 -0.0000 0.3665 -0.0000 650.0000 -11.3438 0.0000
21.0383 601 698 698 601 0.0959 -0.0000 0.3424 -0.0000 650.0000 4.8306 0.0000
21.0449 640 659 659 640 0.0795 -0.0000 0.2836 -0.0000 650.0000 0.9243 0.0000
21.0516 884 415 415 884 -0.0901 -0.0000 0.3555 -0.0000 650.0000 -23.4287 0.0000
21.0583 760 539 539 760 -0.1634 -0.0000 0.3022 -0.0000 650.0000 -11.0386 0.0000
21.0649 654 645 645 654 -0.1652 -0.0000 0.1453 -0.0000 650.0000 -0.4185 0.0000
21.0716 840 459 459 840 -0.2974 -0.0000 0.3441 -0.0000 650.0000 -19.0952 0.0000
21.0783 623 676 676 623 -0.2948 -0.0000 0.3193 -0.0000 650.0000 2.6333 0.0000
21.0850 637 662 662 637 -0.2863 -0.0000 0.1795 -0.0000 650.0000 1.2295 0.0000
21.0916 571 728 728 571 -0.2251 -0.0000 0.2701 -0.0000 650.0000 7.8823 0.0000
21.0983 655 644 644 655 -0.2151 -0.0000 0.3753 -0.0000 650.0000 -0.5405 0.0000
21.1050 572 727 727 572 -0.1518 -0.0000 0.2821 -0.0000 650.0000 7.7603 0.0000
21.1117 601 698 698 601 -0.1123 -0.0000 0.1672 -0.0000 650.0000 4.8306 0.0000
21.1183 596 703 703 596 -0.0697 -0.0000 0.2990 -0.0000 650.0000 5.3799 0.0000
21.1250 613 686 686 613 -0.0390 -0.0000 0.1984 -0.0000 650.0000 3.6099 0.0000
21.1316 696 603 603 696 -0.0622 -0.0000 0.2424 -0.0000 650.0000 -4.6299 0.0000
21.1383 642 657 657 642 -0.0546 -0.0000 0.2780 -0.0000 650.0000 0.7412 0.0000
21.1449 680 619 619 680 -0.0664 -0.0000 0.1859 -0.0000 650.0000 -3.0430 0.0000
21.1516 619 680 680 619 -0.0317 -0.0000 0.2422 -0.0000 650.0000 3.0605 0.0000
21.1583 692 607 607 692 -0.0540 -0.0000 0.2387 -0.0000 650.0000 -4.2637 0.0000
21.1650 564 735 735 564 -0.0045 -0.0000 0.2756 -0.0000 650.0000 8.5537 0.0000
21.1717 646 653 653 646 -0.0165 -0.0000 0.2649 -0.0000 650.0000 0.3750 0.0000
21.1784 686 613 613 686 -0.0470 -0.0000 0.2370 -0.0000 650.0000 -3.6533 0.0000
safety: joystick kill button pressed — killing motors and ending program
21.1784 686 613 613 686 -0.0470 -0.0000 0.2370 -0.0000 650.0000 -3.6533 0.0000
pi@raspberrypi:~ $ ./flight/wk2_student
all i2c devices detected
calibration complete, 0.157104 -0.000122 -0.229187 1.868047 2.308117 0.000000
shared memory attached at address 0x76fdb000
segment size: 25600
0.3809 0 0 0 0 -0.4405 -0.0000 -0.6635 -0.0000 650.0000 -1.1746 0.0000
0.3876 0 0 0 0 -0.4368 -0.0000 -0.6268 -0.0000 650.0000 -0.6253 0.0000
0.3942 0 0 0 0 -0.4741 -0.0000 -0.6381 -0.0000 650.0000 -7.0340 0.0000
0.4008 0 0 0 0 -0.4513 -0.0000 -0.6170 -0.0000 650.0000 1.9992 0.0000
0.4074 0 0 0 0 -0.4351 -0.0000 -0.5751 -0.0000 650.0000 1.1447 0.0000
0.4140 0 0 0 0 -0.4377 -0.0000 -0.5094 -0.0000 650.0000 -1.8460 0.0000
0.4206 0 0 0 0 -0.4139 -0.0000 -0.5073 -0.0000 650.0000 2.1213 0.0000
0.4273 0 0 0 0 -0.4512 -0.0000 -0.4819 -0.0000 650.0000 -7.4002 0.0000
0.4339 0 0 0 0 -0.4527 -0.0000 -0.4581 -0.0000 650.0000 -1.9681 0.0000
0.4406 0 0 0 0 -0.4210 -0.0000 -0.4838 -0.0000 650.0000 3.3420 0.0000
0.4472 0 0 0 0 -0.4380 -0.0000 -0.4680 -0.0000 650.0000 -3.7991 0.0000
0.4540 0 0 0 0 -0.4712 -0.0000 -0.4322 -0.0000 650.0000 -6.1185 0.0000
0.4606 0 0 0 0 -0.4514 -0.0000 -0.3964 -0.0000 650.0000 1.5720 0.0000
0.4672 0 0 0 0 -0.4008 -0.0000 -0.4250 -0.0000 650.0000 6.0886 0.0000
0.4738 0 0 0 0 -0.3475 -0.0000 -0.4324 -0.0000 650.0000 6.6989 0.0000
0.4803 0 0 0 0 -0.3458 -0.0000 -0.4059 -0.0000 650.0000 -1.0526 0.0000
0.4870 0 0 0 0 -0.3369 -0.0000 -0.4324 -0.0000 650.0000 0.2292 0.0000
0.4936 0 0 0 0 -0.3306 -0.0000 -0.4114 -0.0000 650.0000 -0.1981 0.0000
0.5002 0 0 0 0 -0.2591 -0.0000 -0.3882 -0.0000 650.0000 9.8117 0.0000
0.5068 0 0 0 0 -0.3184 -0.0000 -0.3960 -0.0000 650.0000 -10.0858 0.0000
0.5135 0 0 0 0 -0.3445 -0.0000 -0.3766 -0.0000 650.0000 -5.1419 0.0000
0.5201 0 0 0 0 -0.3608 -0.0000 -0.3845 -0.0000 650.0000 -3.6771 0.0000
0.5267 0 0 0 0 -0.3051 -0.0000 -0.3261 -0.0000 650.0000 7.4313 0.0000
0.5334 0 0 0 0 -0.2847 -0.0000 -0.2909 -0.0000 650.0000 2.1213 0.0000
0.5400 0 0 0 0 -0.2888 -0.0000 -0.3045 -0.0000 650.0000 -1.4188 0.0000
0.5467 0 0 0 0 -0.2873 -0.0000 -0.3338 -0.0000 650.0000 -0.5032 0.0000
0.5534 0 0 0 0 -0.3430 -0.0000 -0.3037 -0.0000 650.0000 -9.3533 0.0000
0.5600 0 0 0 0 -0.3247 -0.0000 -0.3169 -0.0000 650.0000 1.7551 0.0000
0.5668 0 0 0 0 -0.3596 -0.0000 -0.2843 -0.0000 650.0000 -6.3626 0.0000
0.5734 0 0 0 0 -0.3566 -0.0000 -0.2544 -0.0000 650.0000 -0.6863 0.0000
0.5801 0 0 0 0 -0.3910 -0.0000 -0.2102 -0.0000 650.0000 -6.4847 0.0000
0.5867 0 0 0 0 -0.4348 -0.0000 -0.2170 -0.0000 650.0000 -8.2547 0.0000
0.5934 0 0 0 0 -0.3980 -0.0000 -0.1962 -0.0000 650.0000 4.0744 0.0000
0.6001 0 0 0 0 -0.3737 -0.0000 -0.2088 -0.0000 650.0000 2.5485 0.0000
0.6067 0 0 0 0 -0.3349 -0.0000 -0.1873 -0.0000 650.0000 4.9899 0.0000
0.6133 0 0 0 0 -0.3031 -0.0000 -0.1847 -0.0000 650.0000 4.1354 0.0000
0.6200 0 0 0 0 -0.2620 -0.0000 -0.1896 -0.0000 650.0000 5.7224 0.0000
0.6267 0 0 0 0 -0.2517 -0.0000 -0.1494 -0.0000 650.0000 1.0226 0.0000
0.6333 0 0 0 0 -0.2081 -0.0000 -0.1535 -0.0000 650.0000 6.1496 0.0000
0.6400 0 0 0 0 -0.1892 -0.0000 -0.1746 -0.0000 650.0000 2.2433 0.0000
0.6466 0 0 0 0 -0.2190 -0.0000 -0.1755 -0.0000 650.0000 -5.1419 0.0000
0.6532 0 0 0 0 -0.2310 -0.0000 -0.1346 -0.0000 650.0000 -2.3953 0.0000
0.6599 0 0 0 0 -0.2370 -0.0000 -0.1198 -0.0000 650.0000 -1.5408 0.0000
0.6666 0 0 0 0 -0.2284 -0.0000 -0.1027 -0.0000 650.0000 0.5954 0.0000
0.6732 0 0 0 0 -0.2175 -0.0000 -0.0901 -0.0000 650.0000 0.9616 0.0000
0.6799 0 0 0 0 -0.1758 -0.0000 -0.0796 -0.0000 650.0000 5.6613 0.0000
0.6865 0 0 0 0 -0.1853 -0.0000 -0.0943 -0.0000 650.0000 -2.0291 0.0000
0.6931 0 0 0 0 -0.1830 -0.0000 -0.0985 -0.0000 650.0000 -0.1370 0.0000
0.6998 0 0 0 0 -0.2376 -0.0000 -0.0987 -0.0000 650.0000 -8.6819 0.0000
0.7065 0 0 0 0 -0.2703 -0.0000 -0.0960 -0.0000 650.0000 -5.4471 0.0000
0.7131 0 0 0 0 -0.2742 -0.0000 -0.1213 -0.0000 650.0000 -1.1136 0.0000
0.7198 0 0 0 0 -0.2834 -0.0000 -0.1470 -0.0000 650.0000 -2.1512 0.0000
0.7264 0 0 0 0 -0.3092 -0.0000 -0.1486 -0.0000 650.0000 -4.9588 0.0000
0.7331 0 0 0 0 -0.3252 -0.0000 -0.1498 -0.0000 650.0000 -3.6771 0.0000
0.7398 0 0 0 0 -0.2951 -0.0000 -0.1558 -0.0000 650.0000 3.2199 0.0000
0.7464 0 0 0 0 -0.2955 -0.0000 -0.1282 -0.0000 650.0000 -1.3577 0.0000
0.7531 0 0 0 0 -0.2867 -0.0000 -0.1304 -0.0000 650.0000 -0.0150 0.0000
0.7597 0 0 0 0 -0.2449 -0.0000 -0.0798 -0.0000 650.0000 5.1730 0.0000
0.7663 0 0 0 0 -0.2551 -0.0000 -0.0550 -0.0000 650.0000 -2.5174 0.0000
0.7730 0 0 0 0 -0.2768 -0.0000 -0.0498 -0.0000 650.0000 -4.1653 0.0000
0.7796 0 0 0 0 -0.3302 -0.0000 -0.0323 -0.0000 650.0000 -8.8651 0.0000
0.7863 0 0 0 0 -0.3630 -0.0000 -0.0263 -0.0000 650.0000 -5.8743 0.0000
0.7929 0 0 0 0 -0.3652 -0.0000 0.0240 -0.0000 650.0000 -1.4798 0.0000
0.7996 0 0 0 0 -0.3777 -0.0000 0.0370 -0.0000 650.0000 -3.1277 0.0000
0.8062 0 0 0 0 -0.3706 -0.0000 0.0462 -0.0000 650.0000 -0.1981 0.0000
0.8128 0 0 0 0 -0.3398 -0.0000 0.0409 -0.0000 650.0000 3.5861 0.0000
0.8195 0 0 0 0 -0.3375 -0.0000 0.0380 -0.0000 650.0000 -0.6863 0.0000
0.8262 0 0 0 0 -0.3498 -0.0000 0.0057 -0.0000 650.0000 -2.9446 0.0000
0.8328 0 0 0 0 -0.3023 -0.0000 0.0120 -0.0000 650.0000 6.2106 0.0000
0.8394 0 0 0 0 -0.2709 -0.0000 0.0086 -0.0000 650.0000 3.8913 0.0000
0.8460 0 0 0 0 -0.1974 -0.0000 -0.0152 -0.0000 650.0000 10.5441 0.0000
0.8526 0 0 0 0 -0.2075 -0.0000 -0.0231 -0.0000 650.0000 -2.3343 0.0000
0.8593 0 0 0 0 -0.1795 -0.0000 -0.0437 -0.0000 650.0000 3.3420 0.0000
0.8659 0 0 0 0 -0.1526 -0.0000 -0.0258 -0.0000 650.0000 3.1589 0.0000
0.8725 0 0 0 0 -0.1719 -0.0000 -0.0490 -0.0000 650.0000 -3.4940 0.0000
0.8792 0 0 0 0 -0.1945 -0.0000 -0.0332 -0.0000 650.0000 -3.9822 0.0000
0.8858 0 0 0 0 -0.2310 -0.0000 -0.0469 -0.0000 650.0000 -6.1185 0.0000
0.8925 0 0 0 0 -0.2279 -0.0000 -0.0897 -0.0000 650.0000 -0.1981 0.0000
motors RUNNING
0.8992 671 628 628 671 -0.2712 -0.0000 -0.0414 -0.0000 650.0000 -7.0950 0.0000
motors RUNNING
0.9059 651 648 648 651 -0.2704 -0.0000 -0.0200 -0.0000 650.0000 -0.6253 0.0000
motors RUNNING
0.9126 649 650 650 649 -0.2624 -0.0000 -0.0388 -0.0000 650.0000 0.2902 0.0000
motors RUNNING
0.9194 643 656 656 643 -0.2405 -0.0000 -0.0410 -0.0000 650.0000 2.1823 0.0000
motors RUNNING
0.9260 645 654 654 645 -0.2255 -0.0000 -0.0892 -0.0000 650.0000 1.3889 0.0000
motors RUNNING
0.9328 662 637 637 662 -0.2508 -0.0000 -0.0953 -0.0000 650.0000 -4.1653 0.0000
motors RUNNING
0.9395 633 666 666 633 -0.2126 -0.0000 -0.1282 -0.0000 650.0000 5.4782 0.0000
motors RUNNING
0.9463 658 641 641 658 -0.2276 -0.0000 -0.1016 -0.0000 650.0000 -2.7005 0.0000
motors RUNNING
0.9530 654 645 645 654 -0.2348 -0.0000 -0.1044 -0.0000 650.0000 -1.6629 0.0000
motors RUNNING
0.9598 633 666 666 633 -0.1946 -0.0000 -0.0545 -0.0000 650.0000 5.4172 0.0000
motors RUNNING
0.9665 640 659 659 640 -0.1720 -0.0000 -0.0701 -0.0000 650.0000 3.0368 0.0000
motors RUNNING
0.9733 662 637 637 662 -0.1977 -0.0000 0.0017 -0.0000 650.0000 -4.2874 0.0000
motors RUNNING
0.9800 635 664 664 635 -0.1610 -0.0000 -0.0105 -0.0000 650.0000 4.8068 0.0000
motors RUNNING
0.9868 675 624 624 675 -0.2111 -0.0000 0.0074 -0.0000 650.0000 -8.4378 0.0000
motors RUNNING
0.9935 605 694 694 605 -0.1136 -0.0000 0.0293 -0.0000 650.0000 14.7556 0.0000
motors RUNNING
1.0003 626 673 673 626 -0.0574 -0.0000 0.0769 -0.0000 650.0000 7.9807 0.0000
motors RUNNING
1.0070 677 622 622 677 -0.1231 -0.0000 0.0409 -0.0000 650.0000 -9.1092 0.0000
motors RUNNING
1.0137 644 655 655 644 -0.1075 -0.0000 -0.0062 -0.0000 650.0000 1.8161 0.0000
motors RUNNING
1.0205 663 636 636 663 -0.1315 -0.0000 -0.0055 -0.0000 650.0000 -4.5316 0.0000
1.0272 661 638 638 661 -0.1456 -0.0000 0.0474 -0.0000 650.0000 -3.8602 0.0000
1.0339 625 674 674 625 -0.0748 -0.0000 0.1035 -0.0000 650.0000 8.2248 0.0000
1.0406 643 656 656 643 -0.0480 -0.0000 0.0909 -0.0000 650.0000 2.2433 0.0000
1.0472 645 654 654 645 -0.0338 -0.0000 0.0613 -0.0000 650.0000 1.5109 0.0000
1.0538 667 632 632 667 -0.0810 -0.0000 0.0364 -0.0000 650.0000 -5.8743 0.0000
1.0605 666 633 633 666 -0.1314 -0.0000 0.0976 -0.0000 650.0000 -5.4471 0.0000
1.0671 650 649 649 650 -0.1369 -0.0000 0.0754 -0.0000 650.0000 -0.2591 0.0000
1.0738 655 644 644 655 -0.1360 -0.0000 0.1505 -0.0000 650.0000 -1.9070 0.0000
1.0805 678 621 621 678 -0.1693 -0.0000 0.0854 -0.0000 650.0000 -9.5364 0.0000
1.0871 592 707 707 592 -0.0326 -0.0000 0.0549 -0.0000 650.0000 19.2111 0.0000
1.0937 710 589 589 710 -0.1780 -0.0000 0.0314 -0.0000 650.0000 -20.0955 0.0000
1.1004 592 707 707 592 -0.0699 -0.0000 0.0552 -0.0000 650.0000 19.2111 0.0000
1.1070 704 595 595 704 -0.1789 -0.0000 0.0567 -0.0000 650.0000 -18.3255 0.0000
1.1137 652 647 647 652 -0.1425 -0.0000 -0.0393 -0.0000 650.0000 -0.9915 0.0000
1.1204 623 676 676 623 -0.0529 -0.0000 -0.0446 -0.0000 650.0000 8.7741 0.0000
1.1269 672 627 627 672 -0.0946 -0.0000 -0.0238 -0.0000 650.0000 -7.3392 0.0000
1.1336 662 637 637 662 -0.1304 -0.0000 -0.0506 -0.0000 650.0000 -4.2874 0.0000
1.1402 696 603 603 696 -0.2358 -0.0000 0.0186 -0.0000 650.0000 -15.5789 0.0000
1.1470 680 619 619 680 -0.2944 -0.0000 0.0535 -0.0000 650.0000 -10.2078 0.0000
1.1536 646 653 653 646 -0.2768 -0.0000 -0.1030 -0.0000 650.0000 1.0837 0.0000
1.1603 631 668 668 631 -0.2227 -0.0000 -0.1897 -0.0000 650.0000 6.1496 0.0000
1.1669 710 589 589 710 -0.3420 -0.0000 -0.1685 -0.0000 650.0000 -20.1566 0.0000
1.1735 618 681 681 618 -0.2653 -0.0000 -0.1313 -0.0000 650.0000 10.3610 0.0000
1.1802 609 690 690 609 -0.1910 -0.0000 -0.0084 -0.0000 650.0000 13.5959 0.0000
1.1869 633 666 666 633 -0.1721 -0.0000 -0.0473 -0.0000 650.0000 5.4782 0.0000
1.1935 704 595 595 704 -0.3049 -0.0000 0.0231 -0.0000 650.0000 -18.2645 0.0000
1.2001 600 699 699 600 -0.1854 -0.0000 -0.0680 -0.0000 650.0000 16.4645 0.0000
1.2068 698 601 601 698 -0.2693 -0.0000 -0.1100 -0.0000 650.0000 -16.0672 0.0000
1.2135 620 679 679 620 -0.1952 -0.0000 -0.0724 -0.0000 650.0000 9.7507 0.0000
1.2201 629 670 670 629 -0.1455 -0.0000 -0.0146 -0.0000 650.0000 6.8820 0.0000
1.2267 628 671 671 628 -0.1028 -0.0000 0.0353 -0.0000 650.0000 7.0041 0.0000
1.2333 664 635 635 664 -0.1190 -0.0000 -0.0199 -0.0000 650.0000 -4.7757 0.0000
1.2399 629 670 670 629 -0.0504 -0.0000 -0.0673 -0.0000 650.0000 6.8210 0.0000
1.2466 681 618 618 681 -0.0924 -0.0000 0.0838 -0.0000 650.0000 -10.6351 0.0000
1.2533 644 655 655 644 -0.0745 -0.0000 -0.0064 -0.0000 650.0000 1.8161 0.0000
1.2599 615 684 684 615 -0.0128 -0.0000 -0.0905 -0.0000 650.0000 11.6428 0.0000
1.2666 652 647 647 652 -0.0487 -0.0000 0.0202 -0.0000 650.0000 -0.9915 0.0000
1.2732 633 666 666 633 -0.0366 -0.0000 -0.2003 -0.0000 650.0000 5.3561 0.0000
1.2800 659 640 640 659 -0.0556 -0.0000 -0.2037 -0.0000 650.0000 -3.1277 0.0000
1.2866 655 644 644 655 -0.0395 -0.0000 -0.1617 -0.0000 650.0000 -1.7239 0.0000
1.2933 646 653 653 646 -0.0018 -0.0000 -0.3128 -0.0000 650.0000 1.0226 0.0000
1.2999 633 666 666 633 0.0451 -0.0000 -0.2203 -0.0000 650.0000 5.5392 0.0000
1.3066 602 697 697 602 0.1395 -0.0000 -0.1623 -0.0000 650.0000 15.6711 0.0000
1.3133 646 653 653 646 0.1245 -0.0000 -0.2451 -0.0000 650.0000 1.0226 0.0000
1.3200 681 618 618 681 0.0385 -0.0000 -0.1952 -0.0000 650.0000 -10.5740 0.0000
1.3266 646 653 653 646 0.0430 -0.0000 -0.1859 -0.0000 650.0000 1.2057 0.0000
1.3333 676 623 623 676 0.0057 -0.0000 -0.2305 -0.0000 650.0000 -8.7430 0.0000
1.3400 632 667 667 632 0.0602 -0.0000 -0.2128 -0.0000 650.0000 5.7224 0.0000
1.3466 618 681 681 618 0.1281 -0.0000 -0.1244 -0.0000 650.0000 10.3610 0.0000
1.3533 694 605 605 694 0.0099 -0.0000 -0.1428 -0.0000 650.0000 -14.7855 0.0000
1.3600 662 637 637 662 -0.0330 -0.0000 -0.2006 -0.0000 650.0000 -4.1653 0.0000
1.3666 636 663 663 636 -0.0088 -0.0000 -0.2018 -0.0000 650.0000 4.5016 0.0000
1.3732 727 572 572 727 -0.1533 -0.0000 -0.2017 -0.0000 650.0000 -25.8328 0.0000
1.3799 628 671 671 628 -0.0738 -0.0000 -0.2092 -0.0000 650.0000 7.3093 0.0000
1.3866 655 644 644 655 -0.0839 -0.0000 -0.1590 -0.0000 650.0000 -1.8460 0.0000
1.3933 670 629 629 670 -0.1425 -0.0000 -0.1346 -0.0000 650.0000 -6.7288 0.0000
1.4000 636 663 663 636 -0.1357 -0.0000 -0.1650 -0.0000 650.0000 4.4406 0.0000
1.4066 640 659 659 640 -0.1258 -0.0000 -0.2155 -0.0000 650.0000 3.0368 0.0000
1.4132 711 588 588 711 -0.2561 -0.0000 -0.2295 -0.0000 650.0000 -20.4617 0.0000
1.4198 606 693 693 606 -0.1456 -0.0000 -0.2302 -0.0000 650.0000 14.5114 0.0000
1.4265 612 687 687 612 -0.0491 -0.0000 -0.2953 -0.0000 650.0000 12.3752 0.0000
1.4331 660 639 639 660 -0.0698 -0.0000 -0.0919 -0.0000 650.0000 -3.4329 0.0000
1.4398 615 684 684 615 0.0005 -0.0000 -0.1222 -0.0000 650.0000 11.5207 0.0000
1.4464 660 639 639 660 -0.0227 -0.0000 -0.2186 -0.0000 650.0000 -3.4940 0.0000
1.4531 654 645 645 654 -0.0279 -0.0000 -0.0472 -0.0000 650.0000 -1.6629 0.0000
1.4598 657 642 642 657 -0.0338 -0.0000 -0.0815 -0.0000 650.0000 -2.5174 0.0000
1.4665 620 679 679 620 0.0367 -0.0000 -0.1070 -0.0000 650.0000 9.8117 0.0000
1.4731 628 671 671 628 0.0765 -0.0000 0.0106 -0.0000 650.0000 7.2482 0.0000
1.4798 652 647 647 652 0.0508 -0.0000 0.0010 -0.0000 650.0000 -0.8694 0.0000
1.4865 668 631 631 668 -0.0028 -0.0000 -0.0735 -0.0000 650.0000 -6.1185 0.0000
1.4932 646 653 653 646 0.0054 -0.0000 0.0200 -0.0000 650.0000 1.1447 0.0000
1.4999 661 638 638 661 -0.0060 -0.0000 -0.0069 -0.0000 650.0000 -3.8602 0.0000
1.5065 676 623 623 676 -0.0434 -0.0000 -0.0614 -0.0000 650.0000 -8.7430 0.0000
1.5132 640 659 659 640 -0.0105 -0.0000 0.0610 -0.0000 650.0000 3.0368 0.0000
1.5199 661 638 638 661 -0.0352 -0.0000 0.0199 -0.0000 650.0000 -3.7381 0.0000
1.5265 671 628 628 671 -0.0897 -0.0000 -0.0972 -0.0000 650.0000 -7.0340 0.0000
1.5332 637 662 662 637 -0.0638 -0.0000 -0.0109 -0.0000 650.0000 4.1965 0.0000
1.5398 644 655 655 644 -0.0483 -0.0000 -0.0688 -0.0000 650.0000 1.8161 0.0000
1.5465 654 645 645 654 -0.0507 -0.0000 -0.1834 -0.0000 650.0000 -1.4188 0.0000
1.5532 642 657 657 642 -0.0289 -0.0000 -0.0885 -0.0000 650.0000 2.3654 0.0000
1.5598 638 661 661 638 -0.0040 -0.0000 -0.0962 -0.0000 650.0000 3.8303 0.0000
1.5665 633 666 666 633 0.0281 -0.0000 -0.1106 -0.0000 650.0000 5.6613 0.0000
1.5731 679 620 620 679 -0.0407 -0.0000 -0.0766 -0.0000 650.0000 -9.9637 0.0000
1.5798 670 629 629 670 -0.0760 -0.0000 -0.1567 -0.0000 650.0000 -6.7899 0.0000
1.5865 642 657 657 642 -0.0492 -0.0000 -0.0872 -0.0000 650.0000 2.5485 0.0000
1.5932 634 665 665 634 -0.0109 -0.0000 -0.1054 -0.0000 650.0000 5.0510 0.0000
1.5998 641 658 658 641 0.0065 -0.0000 -0.1368 -0.0000 650.0000 2.9758 0.0000
1.6065 616 683 683 616 0.0735 -0.0000 0.0080 -0.0000 650.0000 11.1545 0.0000
1.6131 667 632 632 667 0.0276 -0.0000 -0.0341 -0.0000 650.0000 -5.8133 0.0000
1.6198 650 649 649 650 0.0262 -0.0000 -0.1333 -0.0000 650.0000 -0.0760 0.0000
1.6265 660 639 639 660 0.0052 -0.0000 -0.0640 -0.0000 650.0000 -3.6160 0.0000
1.6331 695 604 604 695 -0.0875 -0.0000 -0.0854 -0.0000 650.0000 -15.2127 0.0000
1.6398 649 650 650 649 -0.0806 -0.0000 -0.2347 -0.0000 650.0000 0.1071 0.0000
1.6464 622 677 677 622 -0.0153 -0.0000 -0.0884 -0.0000 650.0000 9.3234 0.0000
1.6531 666 633 633 666 -0.0501 -0.0000 -0.0375 -0.0000 650.0000 -5.3860 0.0000
1.6597 626 673 673 626 -0.0032 -0.0000 -0.1117 -0.0000 650.0000 7.7365 0.0000
1.6664 643 656 656 643 0.0111 -0.0000 -0.0188 -0.0000 650.0000 2.3044 0.0000
1.6731 663 636 636 663 -0.0116 -0.0000 -0.0173 -0.0000 650.0000 -4.4705 0.0000
1.6798 631 668 668 631 0.0351 -0.0000 -0.1455 -0.0000 650.0000 6.2106 0.0000
1.6864 642 657 657 642 0.0499 -0.0000 -0.0716 -0.0000 650.0000 2.5485 0.0000
1.6931 666 633 633 666 0.0042 -0.0000 -0.0831 -0.0000 650.0000 -5.4471 0.0000
1.6998 637 662 662 637 0.0173 -0.0000 -0.1183 -0.0000 650.0000 4.1354 0.0000
1.7064 652 647 647 652 0.0065 -0.0000 -0.1244 -0.0000 650.0000 -0.6863 0.0000
1.7131 691 608 608 691 -0.0663 -0.0000 -0.0941 -0.0000 650.0000 -13.6868 0.0000
1.7198 643 656 656 643 -0.0309 -0.0000 -0.1686 -0.0000 650.0000 2.3044 0.0000
1.7264 660 639 639 660 -0.0393 -0.0000 -0.1663 -0.0000 650.0000 -3.4940 0.0000
1.7331 661 638 638 661 -0.0620 -0.0000 -0.1061 -0.0000 650.0000 -3.8602 0.0000
1.7397 629 670 670 629 -0.0178 -0.0000 -0.2031 -0.0000 650.0000 6.9431 0.0000
1.7464 651 648 648 651 -0.0273 -0.0000 -0.3045 -0.0000 650.0000 -0.4422 0.0000
1.7531 614 685 685 614 0.0470 -0.0000 -0.2042 -0.0000 650.0000 11.7648 0.0000
1.7598 628 671 671 628 0.0928 -0.0000 -0.2758 -0.0000 650.0000 7.1872 0.0000
1.7664 635 664 664 635 0.1228 -0.0000 -0.3898 -0.0000 650.0000 4.8679 0.0000
1.7730 658 641 641 658 0.0980 -0.0000 -0.2803 -0.0000 650.0000 -2.8226 0.0000
1.7798 644 655 655 644 0.1012 -0.0000 -0.2530 -0.0000 650.0000 1.7551 0.0000
1.7865 655 644 644 655 0.0829 -0.0000 -0.3672 -0.0000 650.0000 -1.8460 0.0000
1.7932 651 648 648 651 0.0759 -0.0000 -0.2404 -0.0000 650.0000 -0.6253 0.0000
1.7998 667 632 632 667 0.0428 -0.0000 -0.2070 -0.0000 650.0000 -5.9964 0.0000
1.8065 675 624 624 675 0.0001 -0.0000 -0.2507 -0.0000 650.0000 -8.6209 0.0000
1.8131 615 684 684 615 0.0818 -0.0000 -0.2383 -0.0000 650.0000 11.3376 0.0000
1.8198 636 663 663 636 0.1136 -0.0000 -0.1943 -0.0000 650.0000 4.6237 0.0000
1.8265 645 654 654 645 0.1209 -0.0000 -0.2523 -0.0000 650.0000 1.5720 0.0000
1.8331 634 665 665 634 0.1440 -0.0000 -0.2191 -0.0000 650.0000 5.0510 0.0000
1.8398 665 634 634 665 0.0997 -0.0000 -0.1965 -0.0000 650.0000 -5.2029 0.0000
1.8464 632 667 667 632 0.1324 -0.0000 -0.1997 -0.0000 650.0000 5.7834 0.0000
1.8531 641 658 658 641 0.1479 -0.0000 -0.2221 -0.0000 650.0000 2.9147 0.0000
1.8597 638 661 661 638 0.1667 -0.0000 -0.1578 -0.0000 650.0000 3.8913 0.0000
1.8664 648 651 651 648 0.1631 -0.0000 -0.1131 -0.0000 650.0000 0.5954 0.0000
1.8731 641 658 658 641 0.1796 -0.0000 -0.1397 -0.0000 650.0000 2.8537 0.0000
1.8797 645 654 654 645 0.1927 -0.0000 -0.0359 -0.0000 650.0000 1.5109 0.0000
1.8864 671 628 628 671 0.1609 -0.0000 -0.0560 -0.0000 650.0000 -7.0340 0.0000
1.8930 639 660 660 639 0.1962 -0.0000 -0.1840 -0.0000 650.0000 3.3420 0.0000
1.8997 647 652 652 647 0.2034 -0.0000 -0.1141 -0.0000 650.0000 0.7175 0.0000
1.9064 646 653 653 646 0.1906 -0.0000 -0.0850 -0.0000 650.0000 1.0837 0.0000
1.9131 626 673 673 626 0.2202 -0.0000 -0.1478 -0.0000 650.0000 7.7975 0.0000
1.9198 663 636 636 663 0.1747 -0.0000 -0.1172 -0.0000 650.0000 -4.3484 0.0000
1.9264 652 647 647 652 0.1682 -0.0000 -0.0414 -0.0000 650.0000 -0.9305 0.0000
1.9330 662 637 637 662 0.1486 -0.0000 -0.1864 -0.0000 650.0000 -4.2264 0.0000
1.9397 650 649 649 650 0.1592 -0.0000 -0.0568 -0.0000 650.0000 -0.3201 0.0000
1.9464 646 653 653 646 0.1724 -0.0000 0.0426 -0.0000 650.0000 1.2668 0.0000
1.9530 669 630 630 669 0.1288 -0.0000 -0.0886 -0.0000 650.0000 -6.5457 0.0000
1.9597 671 628 628 671 0.0801 -0.0000 -0.0571 -0.0000 650.0000 -7.0340 0.0000
1.9664 632 667 667 632 0.1089 -0.0000 -0.0497 -0.0000 650.0000 5.7834 0.0000
1.9731 665 634 634 665 0.0442 -0.0000 -0.1389 -0.0000 650.0000 -8.4378 -3.1250
1.9798 627 672 672 627 0.0673 -0.0000 -0.1276 -0.0000 650.0000 4.5016 -3.1250
1.9864 643 656 656 643 0.0597 -0.0000 -0.0087 -0.0000 650.0000 -1.0526 -3.1250
1.9931 636 663 663 636 0.0690 -0.0000 -0.1137 -0.0000 650.0000 1.2668 -3.1250
1.9998 663 636 636 663 0.0218 -0.0000 -0.1007 -0.0000 650.0000 -7.6443 -3.1250
2.0064 639 660 660 639 0.0318 -0.0000 -0.0999 -0.0000 650.0000 0.4733 -3.1250
2.0131 637 662 662 637 0.0440 -0.0000 -0.1618 -0.0000 650.0000 1.0837 -3.1250
2.0197 640 659 659 640 0.0420 -0.0000 -0.1931 -0.0000 650.0000 -0.0150 -3.1250
2.0264 598 701 701 598 0.0188 -0.0000 -0.1334 -0.0000 650.0000 -3.0057 -20.3125
2.0332 587 712 712 587 0.0148 -0.0000 -0.1437 -0.0000 650.0000 0.4123 -20.3125
2.0399 567 732 732 567 0.0594 -0.0000 -0.1979 -0.0000 650.0000 7.1872 -20.3125
2.0467 563 736 736 563 0.1186 -0.0000 -0.1958 -0.0000 650.0000 8.6520 -20.3125
2.0534 611 688 688 611 0.0724 -0.0000 -0.2213 -0.0000 650.0000 -7.4612 -20.3125
2.0603 578 721 721 578 0.1033 -0.0000 -0.1057 -0.0000 650.0000 3.4030 -20.3125
2.0671 568 731 731 568 0.1554 -0.0000 -0.1492 -0.0000 650.0000 6.8820 -20.3125
2.0737 615 684 684 615 0.0978 -0.0000 -0.1379 -0.0000 650.0000 -8.8651 -20.3125
2.0806 588 711 711 588 0.0889 -0.0000 -0.1654 -0.0000 650.0000 0.2292 -20.3125
2.0874 592 707 707 592 0.0690 -0.0000 -0.1638 -0.0000 650.0000 -1.2357 -20.3125
2.0941 614 685 685 614 0.0128 -0.0000 -0.0785 -0.0000 650.0000 -8.4378 -20.3125
2.1010 598 701 701 598 -0.0060 -0.0000 -0.1845 -0.0000 650.0000 -3.2498 -20.3125
2.1078 626 673 673 626 -0.0858 -0.0000 -0.2050 -0.0000 650.0000 -12.5272 -20.3125
2.1144 566 733 733 566 -0.0303 -0.0000 -0.2092 -0.0000 650.0000 7.3703 -20.3125
2.1211 568 731 731 568 0.0189 -0.0000 -0.1300 -0.0000 650.0000 6.9431 -20.3125
2.1277 575 724 724 575 0.0461 -0.0000 -0.1442 -0.0000 650.0000 4.6237 -20.3125
2.1344 572 727 727 572 0.0725 -0.0000 -0.2381 -0.0000 650.0000 5.4172 -20.3125
2.1410 604 695 695 604 0.0321 -0.0000 -0.0361 -0.0000 650.0000 -5.2640 -20.3125
2.1477 574 725 725 574 0.0732 -0.0000 -0.1271 -0.0000 650.0000 4.8679 -20.3125
2.1544 595 704 704 595 0.0760 -0.0000 -0.1182 -0.0000 650.0000 -2.2733 -20.3125
2.1610 595 704 704 595 0.0670 -0.0000 -0.0836 -0.0000 650.0000 -2.2733 -20.3125
2.1677 564 735 735 564 0.1109 -0.0000 0.0759 -0.0000 650.0000 8.3469 -20.3125
2.1744 569 730 730 569 0.1260 -0.0000 0.0163 -0.0000 650.0000 6.5768 -20.3125
2.1810 579 720 720 579 0.1364 -0.0000 -0.1179 -0.0000 650.0000 3.0368 -20.3125
2.1877 608 691 691 608 0.1032 -0.0000 -0.1034 -0.0000 650.0000 -6.5457 -20.3125
2.1944 543 756 756 543 0.2240 -0.0000 -0.0851 -0.0000 650.0000 15.1218 -20.3125
2.2010 586 713 713 586 0.2363 -0.0000 0.1222 -0.0000 650.0000 0.9616 -20.3125
2.2077 584 715 715 584 0.2194 -0.0000 0.0079 -0.0000 650.0000 1.4499 -20.3125
2.2144 606 693 693 606 0.1599 -0.0000 0.0451 -0.0000 650.0000 -5.8743 -20.3125
2.2211 541 758 758 541 0.2514 -0.0000 -0.0860 -0.0000 650.0000 15.7932 -20.3125
2.2278 610 689 689 610 0.2200 -0.0000 0.0691 -0.0000 650.0000 -7.1561 -20.3125
2.2344 558 741 741 558 0.3001 -0.0000 -0.0769 -0.0000 650.0000 10.3000 -20.3125
2.2411 612 687 687 612 0.2553 -0.0000 -0.0113 -0.0000 650.0000 -7.8275 -20.3125
2.2478 574 725 725 574 0.2801 -0.0000 -0.0405 -0.0000 650.0000 4.8679 -20.3125
2.2544 580 719 719 580 0.2840 -0.0000 0.0591 -0.0000 650.0000 2.7927 -20.3125
2.2611 574 725 725 574 0.3067 -0.0000 0.1096 -0.0000 650.0000 4.9289 -20.3125
2.2678 583 716 716 583 0.3091 -0.0000 0.1003 -0.0000 650.0000 1.9992 -20.3125
2.2744 588 711 711 588 0.3045 -0.0000 0.0786 -0.0000 650.0000 0.2902 -20.3125
2.2811 334 965 965 334 0.3323 -0.0000 0.1194 -0.0000 650.0000 5.0510 -100.0000
2.2878 352 947 947 352 0.3190 -0.0000 0.2437 -0.0000 650.0000 -0.9915 -100.0000
2.2944 295 1004 1004 295 0.4329 -0.0000 0.2158 -0.0000 650.0000 18.1125 -100.0000
2.3011 366 933 933 366 0.3824 -0.0000 0.1960 -0.0000 650.0000 -5.3860 -100.0000
2.3078 339 960 960 339 0.4040 -0.0000 -0.0114 -0.0000 650.0000 3.5251 -100.0000
2.3145 324 975 975 324 0.4611 -0.0000 -0.2038 -0.0000 650.0000 8.4689 -100.0000
2.3211 377 922 922 377 0.4052 -0.0000 -0.2977 -0.0000 650.0000 -9.1702 -100.0000
2.3278 388 911 911 388 0.3253 -0.0000 -0.4118 -0.0000 650.0000 -12.8323 -100.0000
2.3344 378 921 921 378 0.2625 -0.0000 -0.6283 -0.0000 650.0000 -9.5975 -100.0000
2.3411 357 942 942 357 0.2598 -0.0000 -0.6970 -0.0000 650.0000 -2.6395 -100.0000
2.3477 328 971 971 328 0.3079 -0.0000 -0.6770 -0.0000 650.0000 7.3093 -100.0000
2.3544 314 985 985 314 0.3625 -0.0000 -0.6231 -0.0000 650.0000 11.7038 -100.0000
2.3610 355 944 944 355 0.3229 -0.0000 -0.4402 -0.0000 650.0000 -1.7850 -100.0000
2.3677 377 922 922 377 0.2294 -0.0000 -0.2796 -0.0000 650.0000 -9.1702 -100.0000
2.3744 394 905 905 394 0.1308 -0.0000 -0.3175 -0.0000 650.0000 -14.7244 -100.0000
2.3810 358 941 941 358 0.1146 -0.0000 -0.3823 -0.0000 650.0000 -2.7005 -100.0000
2.3877 400 899 899 400 0.0139 -0.0000 -0.4765 -0.0000 650.0000 -16.6776 -100.0000
2.3944 349 950 950 349 0.0242 -0.0000 -0.6056 -0.0000 650.0000 0.2902 -100.0000
2.4010 353 946 946 353 0.0219 -0.0000 -0.6773 -0.0000 650.0000 -1.2357 -100.0000
2.4077 334 965 965 334 0.0665 -0.0000 -0.6609 -0.0000 650.0000 5.0510 -100.0000
2.4144 339 960 960 339 0.0898 -0.0000 -0.6993 -0.0000 650.0000 3.5251 -100.0000
2.4210 348 951 951 348 0.0942 -0.0000 -0.6306 -0.0000 650.0000 0.3513 -100.0000
2.4278 361 938 938 361 0.0492 -0.0000 -0.7029 -0.0000 650.0000 -3.9212 -100.0000
2.4344 368 931 931 368 -0.0028 -0.0000 -0.7951 -0.0000 650.0000 -6.2405 -100.0000
2.4410 314 985 985 314 0.0493 -0.0000 -0.8079 -0.0000 650.0000 11.8869 -100.0000
2.4477 352 947 947 352 0.0343 -0.0000 -0.7831 -0.0000 650.0000 -0.9305 -100.0000
2.4543 350 949 949 350 0.0223 -0.0000 -0.7447 -0.0000 650.0000 -0.1370 -100.0000
2.4610 350 949 949 350 0.0489 -0.0000 -0.6877 -0.0000 650.0000 -0.2591 -100.0000
2.4676 355 944 944 355 0.0579 -0.0000 -0.7212 -0.0000 650.0000 -1.7239 -100.0000
2.4743 368 931 931 368 0.0494 -0.0000 -0.8224 -0.0000 650.0000 -6.3016 -100.0000
2.4809 341 958 958 341 0.0659 -0.0000 -0.6984 -0.0000 650.0000 2.9147 -100.0000
2.4876 320 979 979 320 0.1211 -0.0000 -0.5665 -0.0000 650.0000 9.9338 -100.0000
2.4942 344 955 955 344 0.0984 -0.0000 -0.4255 -0.0000 650.0000 1.8161 -100.0000
2.5009 375 924 924 375 0.0198 -0.0000 -0.3760 -0.0000 650.0000 -8.5599 -100.0000
2.5075 370 929 929 370 -0.0413 -0.0000 -0.3945 -0.0000 650.0000 -6.7899 -100.0000
2.5142 328 971 971 328 0.0170 -0.0000 -0.4252 -0.0000 650.0000 7.0651 -100.0000
2.5208 324 975 975 324 0.0936 -0.0000 -0.3382 -0.0000 650.0000 8.5910 -100.0000
2.5275 348 951 951 348 0.1194 -0.0000 -0.2140 -0.0000 650.0000 0.3513 -100.0000
2.5342 360 939 939 360 0.1055 -0.0000 -0.0886 -0.0000 650.0000 -3.4329 -100.0000
2.5408 384 915 915 384 0.0266 -0.0000 -0.1568 -0.0000 650.0000 -11.3675 -100.0000
2.5475 326 973 973 326 0.0664 -0.0000 -0.1671 -0.0000 650.0000 7.7365 -100.0000
2.5541 315 984 984 315 0.1218 -0.0000 -0.0942 -0.0000 650.0000 11.5207 -100.0000
2.5608 322 977 977 322 0.1655 -0.0000 0.0614 -0.0000 650.0000 9.0793 -100.0000
2.5675 328 971 971 328 0.2013 -0.0000 0.2408 -0.0000 650.0000 7.0041 -100.0000
2.5741 382 917 917 382 0.1415 -0.0000 0.3577 -0.0000 650.0000 -10.7571 -100.0000
2.5808 358 941 941 358 0.1345 -0.0000 0.3100 -0.0000 650.0000 -2.7005 -100.0000
2.5874 352 947 947 352 0.1425 -0.0000 0.3603 -0.0000 650.0000 -0.9305 -100.0000
2.5940 334 965 965 334 0.1799 -0.0000 0.4788 -0.0000 650.0000 5.1120 -100.0000
2.6006 324 975 975 324 0.2348 -0.0000 0.6801 -0.0000 650.0000 8.4079 -100.0000
2.6072 353 946 946 353 0.2146 -0.0000 0.8606 -0.0000 650.0000 -1.0526 -100.0000
2.6139 333 966 966 333 0.2287 -0.0000 0.8941 -0.0000 650.0000 5.6613 -100.0000
2.6205 333 966 966 333 0.2396 -0.0000 0.9164 -0.0000 650.0000 5.4782 -100.0000
2.6271 307 992 992 307 0.3199 -0.0000 0.9125 -0.0000 650.0000 14.2062 -100.0000
2.6337 318 981 981 318 0.3933 -0.0000 1.0281 -0.0000 650.0000 10.5441 -100.0000
2.6404 313 986 986 313 0.4874 -0.0000 1.1147 -0.0000 650.0000 12.1921 -100.0000
2.6471 363 936 936 363 0.5178 -0.0000 1.1324 -0.0000 650.0000 2.4875 -92.9688
2.6538 370 929 929 370 0.5130 -0.0000 1.0302 -0.0000 650.0000 0.2902 -92.9688
2.6605 344 955 955 344 0.5540 -0.0000 0.8519 -0.0000 650.0000 8.8962 -92.9688
2.6671 356 943 943 356 0.5600 -0.0000 0.6497 -0.0000 650.0000 4.8679 -92.9688
2.6738 368 931 931 368 0.5437 -0.0000 0.4976 -0.0000 650.0000 1.0226 -92.9688
2.6805 376 923 923 376 0.5195 -0.0000 0.3003 -0.0000 650.0000 -1.6629 -92.9688
2.6871 392 907 907 392 0.4661 -0.0000 0.1047 -0.0000 650.0000 -7.0340 -92.9688
2.6937 401 898 898 401 0.3988 -0.0000 -0.0957 -0.0000 650.0000 -10.2689 -92.9688
2.7004 346 953 953 346 0.4564 -0.0000 -0.2192 -0.0000 650.0000 8.2248 -92.9688
2.7071 373 926 926 373 0.4487 -0.0000 -0.2825 -0.0000 650.0000 -0.6863 -92.9688
2.7138 355 944 944 355 0.4789 -0.0000 -0.3591 -0.0000 650.0000 5.3561 -92.9688
2.7205 394 905 905 394 0.4230 -0.0000 -0.4116 -0.0000 650.0000 -7.7664 -92.9688
2.7271 352 947 947 352 0.4451 -0.0000 -0.5587 -0.0000 650.0000 6.1496 -92.9688
2.7337 354 945 945 354 0.4730 -0.0000 -0.7374 -0.0000 650.0000 5.6003 -92.9688
2.7404 353 946 946 353 0.4932 -0.0000 -0.8891 -0.0000 650.0000 5.8444 -92.9688
2.7471 368 931 931 368 0.4937 -0.0000 -1.0178 -0.0000 650.0000 1.0226 -92.9688
2.7537 378 921 921 378 0.4671 -0.0000 -1.0109 -0.0000 650.0000 -2.3343 -92.9688
2.7604 385 914 914 385 0.4368 -0.0000 -1.0396 -0.0000 650.0000 -4.8978 -92.9688
2.7670 387 912 912 387 0.4033 -0.0000 -1.0714 -0.0000 650.0000 -5.4471 -92.9688
2.7736 363 936 936 363 0.4156 -0.0000 -1.1543 -0.0000 650.0000 2.4265 -92.9688
2.7803 350 949 949 350 0.4444 -0.0000 -1.1966 -0.0000 650.0000 6.8210 -92.9688
2.7870 360 939 939 360 0.4479 -0.0000 -1.1871 -0.0000 650.0000 3.5251 -92.9688
2.7936 359 940 940 359 0.4620 -0.0000 -1.0667 -0.0000 650.0000 3.7082 -92.9688
2.8003 354 945 945 354 0.4922 -0.0000 -0.9802 -0.0000 650.0000 5.5392 -92.9688
2.8070 342 957 957 342 0.5531 -0.0000 -0.8728 -0.0000 650.0000 9.6896 -92.9688
2.8137 357 942 942 357 0.5704 -0.0000 -0.8274 -0.0000 650.0000 4.6237 -92.9688
2.8204 374 925 925 374 0.5506 -0.0000 -0.8075 -0.0000 650.0000 -1.2357 -92.9688
2.8270 361 938 938 361 0.5570 -0.0000 -0.7982 -0.0000 650.0000 3.2809 -92.9688
2.8336 365 934 934 365 0.5585 -0.0000 -0.7181 -0.0000 650.0000 1.9382 -92.9688
2.8403 387 912 912 387 0.5074 -0.0000 -0.6726 -0.0000 650.0000 -5.6302 -92.9688
2.8469 370 929 929 370 0.5008 -0.0000 -0.5995 -0.0000 650.0000 0.3513 -92.9688
2.8536 367 932 932 367 0.5010 -0.0000 -0.5866 -0.0000 650.0000 1.2057 -92.9688
2.8602 359 940 940 359 0.5192 -0.0000 -0.6227 -0.0000 650.0000 3.9523 -92.9688
2.8669 400 899 899 400 0.4451 -0.0000 -0.6561 -0.0000 650.0000 -9.8416 -92.9688
2.8736 369 930 930 369 0.4434 -0.0000 -0.7806 -0.0000 650.0000 0.6564 -92.9688
2.8803 365 934 934 365 0.4519 -0.0000 -0.8442 -0.0000 650.0000 1.7551 -92.9688
2.8869 373 926 926 373 0.4407 -0.0000 -0.8263 -0.0000 650.0000 -0.8084 -92.9688
2.8936 640 659 659 640 0.4509 -0.0000 -0.8140 -0.0000 650.0000 3.1589 0.0000
2.9004 637 662 662 637 0.4662 -0.0000 -0.8152 -0.0000 650.0000 4.0744 0.0000
2.9070 636 663 663 636 0.4805 -0.0000 -0.8864 -0.0000 650.0000 4.5627 0.0000
2.9136 620 679 679 620 0.5319 -0.0000 -0.9619 -0.0000 650.0000 9.9338 0.0000
2.9203 695 604 604 695 0.4309 -0.0000 -0.8047 -0.0000 650.0000 -15.1517 0.0000
2.9270 645 654 654 645 0.4506 -0.0000 -0.7289 -0.0000 650.0000 1.5109 0.0000
2.9337 623 676 676 623 0.5322 -0.0000 -0.6672 -0.0000 650.0000 8.9572 0.0000
2.9403 690 609 609 690 0.4661 -0.0000 -0.6128 -0.0000 650.0000 -13.5037 0.0000
2.9470 666 633 633 666 0.4387 -0.0000 -0.5889 -0.0000 650.0000 -5.5081 0.0000
2.9536 610 689 689 610 0.5230 -0.0000 -0.7250 -0.0000 650.0000 13.2907 0.0000
2.9603 657 642 642 657 0.4706 -0.0000 -0.6379 -0.0000 650.0000 -2.5174 0.0000
2.9669 634 665 665 634 0.4644 -0.0000 -0.6213 -0.0000 650.0000 5.2951 0.0000
2.9736 628 671 671 628 0.4628 -0.0000 -0.5530 -0.0000 650.0000 7.1262 0.0000
2.9802 629 670 670 629 0.4723 -0.0000 -0.6435 -0.0000 650.0000 6.7599 0.0000
2.9869 657 642 642 657 0.4355 -0.0000 -0.6057 -0.0000 650.0000 -2.5174 0.0000
2.9935 623 676 676 623 0.4879 -0.0000 -0.5745 -0.0000 650.0000 8.8351 0.0000
3.0002 666 633 633 666 0.4685 -0.0000 -0.5770 -0.0000 650.0000 -5.5692 0.0000
3.0069 633 666 666 633 0.5210 -0.0000 -0.6278 -0.0000 650.0000 5.4782 0.0000
3.0135 653 646 646 653 0.5200 -0.0000 -0.5923 -0.0000 650.0000 -1.2967 0.0000
3.0202 644 655 655 644 0.5134 -0.0000 -0.6211 -0.0000 650.0000 1.9992 0.0000
3.0269 673 626 626 673 0.4369 -0.0000 -0.5266 -0.0000 650.0000 -7.8275 0.0000
3.0335 635 664 664 635 0.4422 -0.0000 -0.5598 -0.0000 650.0000 4.7458 0.0000
3.0402 624 675 675 624 0.4775 -0.0000 -0.5416 -0.0000 650.0000 8.3469 0.0000
3.0468 668 631 631 668 0.4178 -0.0000 -0.4457 -0.0000 650.0000 -6.3016 0.0000
3.0534 620 679 679 620 0.4798 -0.0000 -0.5241 -0.0000 650.0000 9.8117 0.0000
3.0600 656 643 643 656 0.4734 -0.0000 -0.5195 -0.0000 650.0000 -2.2733 0.0000
3.0666 669 630 630 669 0.4447 -0.0000 -0.4719 -0.0000 650.0000 -6.6068 0.0000
3.0732 601 698 698 601 0.5550 -0.0000 -0.5346 -0.0000 650.0000 16.2814 0.0000
3.0799 701 598 598 701 0.4396 -0.0000 -0.4954 -0.0000 650.0000 -17.0438 0.0000
3.0865 646 653 653 646 0.4381 -0.0000 -0.4545 -0.0000 650.0000 1.2668 0.0000
3.0932 637 662 662 637 0.4406 -0.0000 -0.5522 -0.0000 650.0000 4.2575 0.0000
3.0998 689 610 610 689 0.3324 -0.0000 -0.4121 -0.0000 650.0000 -13.1375 0.0000
3.1065 642 657 657 642 0.3373 -0.0000 -0.4120 -0.0000 650.0000 2.6096 0.0000
3.1131 644 655 655 644 0.3498 -0.0000 -0.4640 -0.0000 650.0000 1.8771 0.0000
3.1198 661 638 638 661 0.3229 -0.0000 -0.3421 -0.0000 650.0000 -3.8602 0.0000
3.1264 642 657 657 642 0.3373 -0.0000 -0.3097 -0.0000 650.0000 2.4265 0.0000
3.1331 651 648 648 651 0.3259 -0.0000 -0.4082 -0.0000 650.0000 -0.6253 0.0000
3.1397 661 638 638 661 0.2900 -0.0000 -0.2879 -0.0000 650.0000 -3.6771 0.0000
3.1463 634 665 665 634 0.3147 -0.0000 -0.2031 -0.0000 650.0000 5.2341 0.0000
3.1530 673 626 626 673 0.2632 -0.0000 -0.2905 -0.0000 650.0000 -7.7664 0.0000
3.1596 644 655 655 644 0.2746 -0.0000 -0.1558 -0.0000 650.0000 1.8161 0.0000
3.1662 635 664 664 635 0.3011 -0.0000 -0.2061 -0.0000 650.0000 4.6848 0.0000
3.1729 660 639 639 660 0.2735 -0.0000 -0.2791 -0.0000 650.0000 -3.4940 0.0000
3.1795 634 665 665 634 0.3023 -0.0000 -0.1973 -0.0000 650.0000 5.1120 0.0000
3.1862 678 621 621 678 0.2321 -0.0000 -0.2341 -0.0000 650.0000 -9.5975 0.0000
3.1928 670 629 629 670 0.1890 -0.0000 -0.3360 -0.0000 650.0000 -6.7899 0.0000
3.1995 631 668 668 631 0.2343 -0.0000 -0.2302 -0.0000 650.0000 6.0886 0.0000
3.2061 652 647 647 652 0.2287 -0.0000 -0.3245 -0.0000 650.0000 -0.7474 0.0000
3.2128 661 638 638 661 0.1968 -0.0000 -0.3584 -0.0000 650.0000 -3.6771 0.0000
3.2195 615 684 684 615 0.2664 -0.0000 -0.2609 -0.0000 650.0000 11.5817 0.0000
3.2261 631 668 668 631 0.2975 -0.0000 -0.3115 -0.0000 650.0000 6.1496 0.0000
3.2327 662 637 637 662 0.2581 -0.0000 -0.2883 -0.0000 650.0000 -4.0433 0.0000
3.2394 643 656 656 643 0.2678 -0.0000 -0.2976 -0.0000 650.0000 2.1213 0.0000
3.2460 663 636 636 663 0.2461 -0.0000 -0.3414 -0.0000 650.0000 -4.3484 0.0000
3.2526 643 656 656 643 0.2626 -0.0000 -0.1907 -0.0000 650.0000 2.0602 0.0000
3.2593 637 662 662 637 0.2859 -0.0000 -0.2409 -0.0000 650.0000 4.2575 0.0000
3.2659 642 657 657 642 0.2926 -0.0000 -0.2286 -0.0000 650.0000 2.6096 0.0000
3.2725 648 651 651 648 0.2831 -0.0000 -0.1451 -0.0000 650.0000 0.3513 0.0000
3.2792 673 626 626 673 0.2226 -0.0000 -0.2871 -0.0000 650.0000 -7.9495 0.0000
3.2858 635 664 664 635 0.2566 -0.0000 -0.2289 -0.0000 650.0000 4.9289 0.0000
3.2925 641 658 658 641 0.2759 -0.0000 -0.1396 -0.0000 650.0000 2.7927 0.0000
3.2992 642 657 657 642 0.2898 -0.0000 -0.2920 -0.0000 650.0000 2.4875 0.0000
3.3058 665 634 634 665 0.2532 -0.0000 -0.2141 -0.0000 650.0000 -5.0198 0.0000
3.3124 668 631 631 668 0.2146 -0.0000 -0.2233 -0.0000 650.0000 -6.0574 0.0000
3.3191 679 620 620 679 0.1536 -0.0000 -0.3421 -0.0000 650.0000 -9.7806 0.0000
3.3257 653 646 646 653 0.1408 -0.0000 -0.1861 -0.0000 650.0000 -1.2357 0.0000
3.3323 656 643 643 656 0.1184 -0.0000 -0.1822 -0.0000 650.0000 -2.0901 0.0000
3.3390 649 650 650 649 0.1062 -0.0000 -0.2342 -0.0000 650.0000 0.2292 0.0000
3.3456 635 664 664 635 0.1269 -0.0000 -0.0687 -0.0000 650.0000 4.8068 0.0000
3.3522 665 634 634 665 0.0950 -0.0000 -0.0829 -0.0000 650.0000 -5.0809 0.0000
3.3589 633 666 666 633 0.1440 -0.0000 -0.1124 -0.0000 650.0000 5.3561 0.0000
3.3655 649 650 650 649 0.1619 -0.0000 -0.0230 -0.0000 650.0000 0.1682 0.0000
3.3722 648 651 651 648 0.1701 -0.0000 -0.0114 -0.0000 650.0000 0.5954 0.0000
3.3788 646 653 653 646 0.1708 -0.0000 -0.1007 -0.0000 650.0000 1.2668 0.0000
3.3855 656 643 643 656 0.1362 -0.0000 -0.0228 -0.0000 650.0000 -2.2122 0.0000
3.3922 650 649 649 650 0.1184 -0.0000 0.0261 -0.0000 650.0000 -0.0150 0.0000
3.3990 636 663 663 636 0.1370 -0.0000 -0.0654 -0.0000 650.0000 4.3796 0.0000
3.4056 640 659 659 640 0.1656 -0.0000 -0.0552 -0.0000 650.0000 3.2199 0.0000
3.4122 644 655 655 644 0.1861 -0.0000 0.0146 -0.0000 650.0000 1.9382 0.0000
3.4189 631 668 668 631 0.2308 -0.0000 -0.0472 -0.0000 650.0000 6.0886 0.0000
3.4255 674 625 625 674 0.1800 -0.0000 -0.0492 -0.0000 650.0000 -8.3157 0.0000
3.4321 660 639 639 660 0.1563 -0.0000 0.0069 -0.0000 650.0000 -3.5550 0.0000
3.4388 636 663 663 636 0.1815 -0.0000 -0.0173 -0.0000 650.0000 4.6237 0.0000
3.4454 660 639 639 660 0.1428 -0.0000 0.0017 -0.0000 650.0000 -3.4329 0.0000
3.4521 654 645 645 654 0.1225 -0.0000 0.0567 -0.0000 650.0000 -1.3577 0.0000
3.4587 672 627 627 672 0.0714 -0.0000 0.0328 -0.0000 650.0000 -7.5833 0.0000
3.4654 656 643 643 656 0.0602 -0.0000 0.0279 -0.0000 650.0000 -2.2122 0.0000
3.4720 622 677 677 622 0.1261 -0.0000 0.1034 -0.0000 650.0000 9.1403 0.0000
3.4787 682 617 617 682 0.0606 -0.0000 0.1098 -0.0000 650.0000 -10.8182 0.0000
3.4853 652 647 647 652 0.0576 -0.0000 0.0474 -0.0000 650.0000 -0.7474 0.0000
3.4920 615 684 684 615 0.1306 -0.0000 0.0994 -0.0000 650.0000 11.3376 0.0000
3.4986 646 653 653 646 0.1290 -0.0000 0.1312 -0.0000 650.0000 1.0837 0.0000
3.5052 654 645 645 654 0.1100 -0.0000 0.0709 -0.0000 650.0000 -1.3577 0.0000
3.5118 631 668 668 631 0.1421 -0.0000 0.0362 -0.0000 650.0000 6.0275 0.0000
3.5185 675 624 624 675 0.0928 -0.0000 0.0723 -0.0000 650.0000 -8.5599 0.0000
3.5251 645 654 654 645 0.1125 -0.0000 0.0808 -0.0000 650.0000 1.3889 0.0000
3.5318 663 636 636 663 0.0929 -0.0000 0.0571 -0.0000 650.0000 -4.3484 0.0000
3.5384 683 616 616 683 0.0279 -0.0000 0.1555 -0.0000 650.0000 -11.0623 0.0000
3.5450 632 667 667 632 0.0684 -0.0000 0.1877 -0.0000 650.0000 5.8444 0.0000
3.5516 647 652 652 647 0.0662 -0.0000 0.1031 -0.0000 650.0000 0.9006 0.0000
3.5583 663 636 636 663 0.0247 -0.0000 0.2401 -0.0000 650.0000 -4.5926 0.0000
3.5649 608 691 691 608 0.1112 -0.0000 0.1463 -0.0000 650.0000 13.9011 0.0000
3.5716 677 622 622 677 0.0507 -0.0000 0.0408 -0.0000 650.0000 -9.2313 0.0000
3.5782 666 633 633 666 0.0222 -0.0000 0.1935 -0.0000 650.0000 -5.5081 0.0000
3.5848 632 667 667 632 0.0688 -0.0000 0.0545 -0.0000 650.0000 5.8444 0.0000
3.5914 657 642 642 657 0.0600 -0.0000 0.1333 -0.0000 650.0000 -2.6395 0.0000
3.5981 646 653 653 646 0.0675 -0.0000 0.3171 -0.0000 650.0000 1.3278 0.0000
3.6048 645 654 654 645 0.0730 -0.0000 0.1052 -0.0000 650.0000 1.4499 0.0000
3.6114 652 647 647 652 0.0662 -0.0000 0.2178 -0.0000 650.0000 -0.8084 0.0000
3.6181 654 645 645 654 0.0532 -0.0000 0.3579 -0.0000 650.0000 -1.5408 0.0000
3.6248 667 632 632 667 0.0081 -0.0000 0.1732 -0.0000 650.0000 -5.8133 0.0000
3.6314 631 668 668 631 0.0401 -0.0000 0.3044 -0.0000 650.0000 6.3327 0.0000
3.6381 660 639 639 660 0.0137 -0.0000 0.3948 -0.0000 650.0000 -3.3719 0.0000
3.6448 645 654 654 645 0.0251 -0.0000 0.2086 -0.0000 650.0000 1.5720 0.0000
3.6515 647 652 652 647 0.0374 -0.0000 0.2328 -0.0000 650.0000 0.7785 0.0000
3.6582 663 636 636 663 0.0215 -0.0000 0.2746 -0.0000 650.0000 -4.6536 0.0000
3.6648 632 667 667 632 0.0715 -0.0000 0.1402 -0.0000 650.0000 5.8444 0.0000
3.6715 646 653 653 646 0.0827 -0.0000 0.1871 -0.0000 650.0000 1.3278 0.0000
3.6781 644 655 655 644 0.0836 -0.0000 0.2302 -0.0000 650.0000 1.8771 0.0000
3.6848 631 668 668 631 0.1141 -0.0000 0.1577 -0.0000 650.0000 6.3327 0.0000
3.6914 643 656 656 643 0.1252 -0.0000 0.1131 -0.0000 650.0000 2.3044 0.0000
3.6981 649 650 650 649 0.1287 -0.0000 0.1425 -0.0000 650.0000 0.2902 0.0000
3.7047 651 648 648 651 0.1297 -0.0000 0.1241 -0.0000 650.0000 -0.6253 0.0000
3.7114 652 647 647 652 0.1281 -0.0000 0.1068 -0.0000 650.0000 -0.7474 0.0000
3.7181 612 687 687 612 0.1617 -0.0000 0.1332 -0.0000 650.0000 5.4782 -7.0312
3.7247 604 695 695 604 0.2074 -0.0000 0.0997 -0.0000 650.0000 7.9807 -7.0312
3.7314 640 659 659 640 0.1752 -0.0000 0.1024 -0.0000 650.0000 -3.8602 -7.0312
3.7380 608 691 691 608 0.2150 -0.0000 0.0740 -0.0000 650.0000 6.8820 -7.0312
3.7447 600 699 699 600 0.2724 -0.0000 0.1550 -0.0000 650.0000 9.3234 -7.0312
3.7513 639 660 660 639 0.2474 -0.0000 0.1203 -0.0000 650.0000 -3.4329 -7.0312
3.7580 606 693 693 606 0.2920 -0.0000 0.0479 -0.0000 650.0000 7.5534 -7.0312
3.7647 609 690 690 609 0.3271 -0.0000 0.1528 -0.0000 650.0000 6.3937 -7.0312
3.7713 646 653 653 646 0.2862 -0.0000 0.0862 -0.0000 650.0000 -5.9354 -7.0312
3.7780 634 665 665 634 0.2786 -0.0000 -0.0252 -0.0000 650.0000 -2.0291 -7.0312
3.7846 663 636 636 663 0.2091 -0.0000 0.0379 -0.0000 650.0000 -11.4285 -7.0312
3.7912 601 698 698 601 0.2644 -0.0000 -0.0470 -0.0000 650.0000 9.0182 -7.0312
3.7979 617 682 682 617 0.2823 -0.0000 -0.0471 -0.0000 650.0000 3.7082 -7.0312
3.8046 673 626 626 673 0.1739 -0.0000 -0.0154 -0.0000 650.0000 -14.7855 -7.0312
3.8112 611 688 688 611 0.2008 -0.0000 -0.0739 -0.0000 650.0000 5.9665 -7.0312
3.8179 663 636 636 663 0.1186 -0.0000 -0.0450 -0.0000 650.0000 -11.3675 -7.0312
3.8246 612 687 687 612 0.1555 -0.0000 -0.1138 -0.0000 650.0000 5.3561 -7.0312
3.8312 612 687 687 612 0.2022 -0.0000 -0.0940 -0.0000 650.0000 5.5392 -7.0312
3.8378 663 636 636 663 0.1321 -0.0000 -0.0114 -0.0000 650.0000 -11.3675 -7.0312
3.8444 590 709 709 590 0.2117 -0.0000 -0.1672 -0.0000 650.0000 12.7414 -7.0312
3.8510 653 646 646 653 0.1466 -0.0000 -0.0741 -0.0000 650.0000 -8.3157 -7.0312
3.8577 645 654 654 645 0.0996 -0.0000 0.0095 -0.0000 650.0000 -5.5692 -7.0312
3.8644 609 690 690 609 0.1361 -0.0000 -0.0816 -0.0000 650.0000 6.3937 -7.0312
3.8711 642 657 657 642 0.1058 -0.0000 0.0557 -0.0000 650.0000 -4.6536 -7.0312
3.8778 594 705 705 594 0.1855 -0.0000 -0.0353 -0.0000 650.0000 11.3986 -7.0312
3.8844 634 665 665 634 0.1745 -0.0000 -0.0182 -0.0000 650.0000 -1.7850 -7.0312
3.8911 646 653 653 646 0.1352 -0.0000 0.0955 -0.0000 650.0000 -5.8743 -7.0312
3.8978 631 668 668 631 0.1310 -0.0000 -0.0646 -0.0000 650.0000 -0.8084 -7.0312
3.9044 658 641 641 658 0.0654 -0.0000 0.0668 -0.0000 650.0000 -9.7195 -7.0312
3.9111 637 662 662 637 0.0437 -0.0000 0.0484 -0.0000 650.0000 -2.8836 -7.0312
3.9178 596 703 703 596 0.1082 -0.0000 -0.0925 -0.0000 650.0000 10.8493 -7.0312
3.9244 649 650 650 649 0.0577 -0.0000 0.0554 -0.0000 650.0000 -6.8509 -7.0312
3.9311 636 663 663 636 0.0387 -0.0000 -0.0385 -0.0000 650.0000 -2.6395 -7.0312
3.9378 633 666 666 633 0.0306 -0.0000 -0.1178 -0.0000 650.0000 -1.4188 -7.0312
3.9444 639 660 660 639 0.0137 -0.0000 -0.0594 -0.0000 650.0000 -3.4329 -7.0312
3.9511 632 667 667 632 0.0088 -0.0000 -0.1904 -0.0000 650.0000 -1.2967 -7.0312
3.9578 628 671 671 628 0.0076 -0.0000 -0.1625 -0.0000 650.0000 0.1071 -7.0312
3.9644 336 963 963 336 0.0264 -0.0000 -0.1048 -0.0000 650.0000 4.5016 -100.0000
3.9710 348 951 951 348 0.0227 -0.0000 -0.1290 -0.0000 650.0000 0.5954 -100.0000
3.9777 355 944 944 355 0.0081 -0.0000 -0.1352 -0.0000 650.0000 -1.8460 -100.0000
3.9843 319 980 980 319 0.0896 -0.0000 -0.0551 -0.0000 650.0000 10.0558 -100.0000
3.9909 392 907 907 392 0.0216 -0.0000 -0.0293 -0.0000 650.0000 -14.2361 -100.0000
3.9975 292 1007 1007 292 0.1688 -0.0000 -0.0683 -0.0000 650.0000 19.2722 -100.0000
4.0043 352 943 943 352 0.1743 -0.0000 -0.0441 -0.0000 647.6562 -1.4798 -100.0000
4.0110 375 919 919 375 0.1159 -0.0000 -0.0561 -0.0000 647.6562 -9.3533 -100.0000
4.0176 315 980 980 315 0.1867 -0.0000 -0.0991 -0.0000 647.6562 10.8493 -100.0000
4.0243 322 972 972 322 0.2141 -0.0000 -0.0863 -0.0000 647.6562 8.2858 -100.0000
4.0309 340 955 955 340 0.1980 -0.0000 -0.0791 -0.0000 647.6562 2.5485 -100.0000
4.0376 357 937 937 357 0.1650 -0.0000 -0.0013 -0.0000 647.6562 -3.4329 -100.0000
4.0442 335 959 959 335 0.1937 -0.0000 0.1266 -0.0000 647.6562 3.9523 -100.0000
4.0509 372 922 922 372 0.1390 -0.0000 0.2507 -0.0000 647.6562 -8.3157 -100.0000
4.0575 361 933 933 361 0.0945 -0.0000 0.3632 -0.0000 647.6562 -4.5926 -100.0000
4.0641 355 939 939 355 0.0630 -0.0000 0.3670 -0.0000 647.6562 -2.6395 -100.0000
4.0707 349 945 945 349 0.0522 -0.0000 0.3790 -0.0000 647.6562 -0.5643 -100.0000
4.0773 369 926 926 369 0.0126 -0.0000 0.3217 -0.0000 647.6562 -7.2171 -100.0000
4.0840 388 906 906 388 -0.0644 -0.0000 0.3035 -0.0000 647.6562 -13.5648 -100.0000
4.0907 363 920 920 363 -0.0911 -0.0000 0.2136 -0.0000 642.1875 -7.2171 -100.0000
4.0974 339 944 944 339 -0.0707 -0.0000 0.1187 -0.0000 642.1875 0.7785 -100.0000
4.1041 343 940 940 343 -0.0619 -0.0000 0.0947 -0.0000 642.1875 -0.5643 -100.0000
4.1108 340 943 943 340 -0.0614 -0.0000 0.1209 -0.0000 642.1875 0.5954 -100.0000
4.1174 343 940 940 343 -0.0781 -0.0000 0.0692 -0.0000 642.1875 -0.4422 -100.0000
4.1241 325 958 958 325 -0.0591 -0.0000 -0.0679 -0.0000 642.1875 5.6003 -100.0000
4.1308 343 940 940 343 -0.0694 -0.0000 -0.2152 -0.0000 642.1875 -0.5643 -100.0000
4.1374 362 922 922 362 -0.1045 -0.0000 -0.3591 -0.0000 642.1875 -6.7288 -100.0000
4.1441 351 932 932 351 -0.1113 -0.0000 -0.4524 -0.0000 642.1875 -3.2498 -100.0000
4.1508 341 942 942 341 -0.0918 -0.0000 -0.5627 -0.0000 642.1875 0.2292 -100.0000
4.1574 329 954 954 329 -0.0566 -0.0000 -0.6714 -0.0000 642.1875 4.1354 -100.0000
4.1641 359 928 928 359 -0.0798 -0.0000 -0.7233 -0.0000 643.7500 -5.1419 -100.0000
4.1708 341 946 946 341 -0.0750 -0.0000 -0.7736 -0.0000 643.7500 0.9006 -100.0000
4.1775 367 920 920 367 -0.1254 -0.0000 -0.8764 -0.0000 643.7500 -7.8885 -100.0000
4.1841 347 940 940 347 -0.1430 -0.0000 -1.0436 -0.0000 643.7500 -1.2357 -100.0000
4.1908 335 952 952 335 -0.1276 -0.0000 -1.1500 -0.0000 643.7500 2.8537 -100.0000
4.1974 323 964 964 323 -0.0936 -0.0000 -1.1944 -0.0000 643.7500 6.7599 -100.0000
4.2041 341 946 946 341 -0.0887 -0.0000 -1.1356 -0.0000 643.7500 0.9006 -100.0000
4.2107 346 940 940 346 -0.0698 -0.0000 -1.0982 -0.0000 643.7500 -1.0526 -100.0000
4.2174 364 922 922 364 -0.0924 -0.0000 -1.1594 -0.0000 643.7500 -6.9730 -100.0000
4.2240 376 911 911 376 -0.1337 -0.0000 -1.2720 -0.0000 643.7500 -10.7571 -100.0000
4.2307 352 935 935 352 -0.1531 -0.0000 -1.3631 -0.0000 643.7500 -2.8226 -100.0000
4.2373 313 973 973 313 -0.0890 -0.0000 -1.3989 -0.0000 643.7500 10.0558 -100.0000
4.2439 328 959 959 328 -0.0813 -0.0000 -1.4042 -0.0000 643.7500 5.2341 -100.0000
4.2506 308 978 978 308 -0.0132 -0.0000 -1.2914 -0.0000 643.7500 11.7038 -100.0000
4.2572 329 957 957 329 0.0112 -0.0000 -1.2675 -0.0000 643.7500 4.6848 -100.0000
4.2639 367 919 919 367 -0.0162 -0.0000 -1.2700 -0.0000 643.7500 -8.0106 -100.0000
4.2705 358 929 929 358 -0.0277 -0.0000 -1.4099 -0.0000 643.7500 -4.7757 -100.0000
4.2772 327 959 959 327 0.0249 -0.0000 -1.5227 -0.0000 643.7500 5.3561 -100.0000
4.2838 311 976 976 311 0.0853 -0.0000 -1.7153 -0.0000 643.7500 10.9103 -100.0000
4.2905 311 975 975 311 0.1330 -0.0000 -1.7637 -0.0000 643.7500 10.6052 -100.0000
4.2971 323 963 963 323 0.1593 -0.0000 -1.8462 -0.0000 643.7500 6.6989 -100.0000
4.3038 372 915 915 372 0.0954 -0.0000 -1.9273 -0.0000 643.7500 -9.4754 -100.0000
4.3105 363 925 925 363 0.0676 -0.0000 -2.1341 -0.0000 644.5312 -6.3016 -100.0000
4.3172 345 943 943 345 0.0765 -0.0000 -2.2873 -0.0000 644.5312 -0.3201 -100.0000
4.3238 334 954 954 334 0.0932 -0.0000 -2.3055 -0.0000 644.5312 3.2809 -100.0000
4.3304 310 978 978 310 0.1540 -0.0000 -2.2409 -0.0000 644.5312 11.4597 -100.0000
4.3370 362 926 926 362 0.1098 -0.0000 -2.1304 -0.0000 644.5312 -5.8743 -100.0000
4.3437 366 922 922 366 0.0581 -0.0000 -2.0477 -0.0000 644.5312 -7.3392 -100.0000
4.3503 390 898 898 390 -0.0224 -0.0000 -1.8997 -0.0000 644.5312 -15.3958 -100.0000
4.3569 358 930 930 358 -0.0465 -0.0000 -1.7929 -0.0000 644.5312 -4.7757 -100.0000
4.3636 527 772 772 527 -0.0131 -0.0000 -1.5498 -0.0000 650.0000 3.3420 -37.5000
4.3703 503 796 796 503 0.0441 -0.0000 -1.2731 -0.0000 650.0000 11.4597 -37.5000
4.3769 470 829 829 470 0.1783 -0.0000 -0.9362 -0.0000 650.0000 22.2629 -37.5000
4.3835 545 754 754 545 0.1365 -0.0000 -0.8563 -0.0000 650.0000 -2.6395 -37.5000
4.3901 571 728 728 571 0.0643 -0.0000 -0.8037 -0.0000 650.0000 -11.4896 -37.5000
4.3967 577 722 722 577 0.0037 -0.0000 -0.7106 -0.0000 650.0000 -13.2596 -37.5000
4.4033 575 724 724 575 -0.0495 -0.0000 -0.6350 -0.0000 650.0000 -12.7103 -37.5000
4.4100 567 732 732 567 -0.1103 -0.0000 -0.6696 -0.0000 650.0000 -10.0247 -37.5000
4.4166 522 777 777 522 -0.0875 -0.0000 -0.5862 -0.0000 650.0000 4.9289 -37.5000
4.4233 539 760 760 539 -0.1087 -0.0000 -0.4152 -0.0000 650.0000 -0.6863 -37.5000
4.4299 559 740 740 559 -0.1762 -0.0000 -0.4404 -0.0000 650.0000 -7.3392 -37.5000
4.4365 542 757 757 542 -0.1768 -0.0000 -0.3707 -0.0000 650.0000 -1.5408 -37.5000
4.4431 509 790 790 509 -0.0814 -0.0000 -0.3653 -0.0000 650.0000 9.4455 -37.5000
4.4498 532 767 767 532 -0.0369 -0.0000 -0.4142 -0.0000 650.0000 1.6330 -37.5000
4.4566 528 771 771 528 -0.0007 -0.0000 -0.4041 -0.0000 650.0000 2.9758 -37.5000
4.4632 566 733 733 566 -0.0768 -0.0000 -0.3996 -0.0000 650.0000 -9.6585 -37.5000
4.4697 530 769 769 530 -0.0762 -0.0000 -0.4245 -0.0000 650.0000 2.2433 -37.5000
4.4763 516 783 783 516 -0.0500 -0.0000 -0.3002 -0.0000 650.0000 7.0041 -37.5000
4.4829 562 737 737 562 -0.1137 -0.0000 -0.2169 -0.0000 650.0000 -8.4988 -37.5000
4.4895 487 812 812 487 -0.0151 -0.0000 -0.2961 -0.0000 650.0000 16.5256 -37.5000
4.4962 573 726 726 573 -0.0892 -0.0000 -0.2459 -0.0000 650.0000 -12.0999 -37.5000
4.5028 567 732 732 567 -0.1522 -0.0000 -0.5295 -0.0000 650.0000 -10.0858 -37.5000
4.5095 525 774 774 525 -0.1146 -0.0000 -0.5211 -0.0000 650.0000 4.1354 -37.5000
4.5161 591 708 708 591 -0.2338 -0.0000 -0.4463 -0.0000 650.0000 -18.1424 -37.5000
4.5228 502 797 797 502 -0.1487 -0.0000 -0.4258 -0.0000 650.0000 11.8259 -37.5000
4.5294 560 739 739 560 -0.1966 -0.0000 -0.2458 -0.0000 650.0000 -7.5833 -37.5000
4.5360 518 781 781 518 -0.1471 -0.0000 -0.1929 -0.0000 650.0000 6.2106 -37.5000
4.5427 540 759 759 540 -0.1439 -0.0000 -0.1503 -0.0000 650.0000 -1.1136 -37.5000
4.5494 572 727 727 572 -0.2037 -0.0000 -0.2059 -0.0000 650.0000 -11.5506 -37.5000
4.5560 530 769 769 530 -0.1732 -0.0000 -0.2239 -0.0000 650.0000 2.4265 -37.5000
4.5626 589 710 710 589 -0.2704 -0.0000 -0.0762 -0.0000 650.0000 -17.4710 -37.5000
4.5693 525 774 774 525 -0.2369 -0.0000 -0.0729 -0.0000 650.0000 3.8913 -37.5000
4.5759 521 778 778 521 -0.1919 -0.0000 0.0080 -0.0000 650.0000 5.4782 -37.5000
4.5825 520 779 779 520 -0.1613 -0.0000 -0.0243 -0.0000 650.0000 5.7834 -37.5000
4.5892 533 766 766 533 -0.1585 -0.0000 -0.0159 -0.0000 650.0000 1.3278 -37.5000
4.5958 564 735 735 564 -0.2238 -0.0000 -0.0826 -0.0000 650.0000 -8.8651 -37.5000
4.6025 556 743 743 556 -0.2647 -0.0000 -0.0206 -0.0000 650.0000 -6.3016 -37.5000
4.6092 541 758 758 541 -0.2718 -0.0000 -0.0827 -0.0000 650.0000 -1.2967 -37.5000
4.6159 615 684 684 615 -0.1900 -0.0000 -0.0456 -0.0000 650.0000 11.4597 0.0000
4.6226 626 673 673 626 -0.1286 -0.0000 -0.0911 -0.0000 650.0000 7.8586 0.0000
4.6293 659 640 640 659 -0.1355 -0.0000 -0.0845 -0.0000 650.0000 -3.1888 0.0000
4.6359 630 669 669 630 -0.0799 -0.0000 -0.1691 -0.0000 650.0000 6.5158 0.0000
4.6425 682 617 617 682 -0.1359 -0.0000 -0.1101 -0.0000 650.0000 -10.7571 0.0000
4.6492 626 673 673 626 -0.0678 -0.0000 -0.1613 -0.0000 650.0000 7.9196 0.0000
4.6558 610 689 689 610 0.0261 -0.0000 -0.1187 -0.0000 650.0000 13.1686 0.0000
4.6625 628 671 671 628 0.0657 -0.0000 -0.2178 -0.0000 650.0000 7.0041 0.0000
4.6692 654 645 645 654 0.0343 -0.0000 -0.0547 -0.0000 650.0000 -1.6629 0.0000
4.6758 622 677 677 622 0.0735 -0.0000 -0.0951 -0.0000 650.0000 9.1403 0.0000
4.6825 699 600 600 699 -0.0437 -0.0000 -0.0673 -0.0000 650.0000 -16.4334 0.0000
4.6891 635 664 664 635 -0.0059 -0.0000 -0.1923 -0.0000 650.0000 4.8679 0.0000
4.6958 639 660 660 639 0.0261 -0.0000 -0.0724 -0.0000 650.0000 3.3420 0.0000
4.7025 645 654 654 645 -0.0019 -0.0000 -0.0981 -0.0000 650.0000 -5.6912 -7.0312
4.7092 600 699 699 600 0.0713 -0.0000 -0.2277 -0.0000 650.0000 9.5065 -7.0312
4.7159 644 655 655 644 0.0510 -0.0000 -0.0247 -0.0000 650.0000 -5.2640 -7.0312
4.7226 638 661 661 638 0.0373 -0.0000 -0.0459 -0.0000 650.0000 -3.2498 -7.0312
4.7292 617 682 682 617 0.0588 -0.0000 -0.0727 -0.0000 650.0000 3.8303 -7.0312
4.7359 629 670 670 629 0.0413 -0.0000 0.0947 -0.0000 650.0000 -0.3201 -7.0312
4.7425 621 678 678 621 0.0442 -0.0000 -0.0954 -0.0000 650.0000 2.5485 -7.0312
4.7492 665 634 634 665 -0.0436 -0.0000 -0.0618 -0.0000 650.0000 -12.2830 -7.0312
4.7558 633 666 666 633 -0.0494 -0.0000 -0.0783 -0.0000 650.0000 -1.6629 -7.0312
4.7625 646 653 653 646 -0.0792 -0.0000 -0.1298 -0.0000 650.0000 -5.8743 -7.0312
4.7691 640 659 659 640 -0.0949 -0.0000 -0.0690 -0.0000 650.0000 -3.7991 -7.0312
4.7758 616 683 683 616 -0.0684 -0.0000 -0.1329 -0.0000 650.0000 4.0744 -7.0312
4.7824 653 646 646 653 -0.1270 -0.0000 -0.0366 -0.0000 650.0000 -8.0716 -7.0312
4.7891 621 678 678 621 -0.1160 -0.0000 0.0186 -0.0000 650.0000 2.4875 -7.0312
4.7957 631 668 668 631 -0.1169 -0.0000 -0.0162 -0.0000 650.0000 -0.8084 -7.0312
4.8023 636 663 663 636 -0.1262 -0.0000 0.0312 -0.0000 650.0000 -2.5174 -7.0312
4.8090 630 669 669 630 -0.1251 -0.0000 0.0009 -0.0000 650.0000 -0.6253 -7.0312
4.8157 629 670 670 629 -0.1233 -0.0000 -0.0303 -0.0000 650.0000 -0.1981 -7.0312
4.8223 621 678 678 621 -0.1056 -0.0000 -0.0092 -0.0000 650.0000 2.3044 -7.0312
4.8290 617 682 682 617 -0.0815 -0.0000 -0.0736 -0.0000 650.0000 3.6472 -7.0312
4.8356 618 681 681 618 -0.0596 -0.0000 0.0396 -0.0000 650.0000 3.5251 -7.0312
4.8423 608 691 691 608 -0.0154 -0.0000 0.0680 -0.0000 650.0000 6.7599 -7.0312
4.8490 622 677 677 622 -0.0001 -0.0000 -0.0278 -0.0000 650.0000 2.2433 -7.0312
4.8556 634 665 665 634 -0.0121 -0.0000 0.0492 -0.0000 650.0000 -1.8460 -7.0312
4.8623 625 674 674 625 -0.0038 -0.0000 0.0718 -0.0000 650.0000 1.2057 -7.0312
4.8689 637 662 662 637 -0.0144 -0.0000 0.0236 -0.0000 650.0000 -2.9446 -7.0312
4.8756 593 706 706 593 0.0715 -0.0000 0.0068 -0.0000 650.0000 11.7038 -7.0312
4.8822 641 658 658 641 0.0472 -0.0000 0.0646 -0.0000 650.0000 -4.1043 -7.0312
4.8888 621 678 678 621 0.0585 -0.0000 -0.0324 -0.0000 650.0000 2.3044 -7.0312
4.8954 625 674 674 625 0.0644 -0.0000 0.0287 -0.0000 650.0000 1.2668 -7.0312
4.9020 637 662 662 637 0.0437 -0.0000 0.0646 -0.0000 650.0000 -2.8226 -7.0312
4.9087 617 682 682 617 0.0645 -0.0000 -0.0277 -0.0000 650.0000 3.7692 -7.0312
4.9154 666 633 633 666 -0.0200 -0.0000 0.1330 -0.0000 650.0000 -12.5272 -7.0312
4.9220 607 692 692 607 0.0275 -0.0000 0.1030 -0.0000 650.0000 7.0041 -7.0312
4.9287 603 696 696 603 0.0796 -0.0000 0.0002 -0.0000 650.0000 8.3469 -7.0312
4.9353 671 628 628 671 -0.0189 -0.0000 0.1107 -0.0000 650.0000 -14.2361 -7.0312
4.9420 582 717 717 582 0.0789 -0.0000 -0.0210 -0.0000 650.0000 15.3049 -7.0312
4.9487 359 940 940 359 0.0638 -0.0000 0.0586 -0.0000 650.0000 -3.0057 -100.0000
4.9553 356 943 943 356 0.0547 -0.0000 0.0908 -0.0000 650.0000 -2.1512 -100.0000
4.9620 323 976 976 323 0.1125 -0.0000 0.0432 -0.0000 650.0000 8.7131 -100.0000
4.9686 357 942 942 357 0.0998 -0.0000 0.1703 -0.0000 650.0000 -2.6395 -100.0000
4.9752 343 956 956 343 0.1232 -0.0000 0.0758 -0.0000 650.0000 2.0602 -100.0000
4.9818 319 980 980 319 0.2012 -0.0000 0.0368 -0.0000 650.0000 10.0558 -100.0000
4.9884 375 924 924 375 0.1536 -0.0000 0.0491 -0.0000 650.0000 -8.3768 -100.0000
4.9950 389 910 910 389 0.0737 -0.0000 0.0216 -0.0000 650.0000 -13.0765 -100.0000
5.0017 349 950 950 349 0.0884 -0.0000 0.0074 -0.0000 650.0000 0.1071 -100.0000
5.0084 333 966 966 333 0.1242 -0.0000 -0.0166 -0.0000 650.0000 5.4782 -100.0000
5.0150 358 941 941 358 0.0847 -0.0000 0.0401 -0.0000 650.0000 -2.8226 -100.0000
5.0217 384 915 915 384 -0.0192 -0.0000 0.1136 -0.0000 650.0000 -11.4896 -100.0000
5.0284 365 934 934 365 -0.0660 -0.0000 0.1350 -0.0000 650.0000 -5.1419 -100.0000
5.0350 396 903 903 396 -0.1669 -0.0000 0.0884 -0.0000 650.0000 -15.4568 -100.0000
5.0416 371 928 928 371 -0.2081 -0.0000 -0.0072 -0.0000 650.0000 -7.0950 -100.0000
5.0483 339 960 960 339 -0.1885 -0.0000 -0.0140 -0.0000 650.0000 3.4641 -100.0000
5.0549 329 970 970 329 -0.1570 -0.0000 -0.1041 -0.0000 650.0000 6.9431 -100.0000
5.0616 331 968 968 331 -0.1276 -0.0000 -0.1621 -0.0000 650.0000 6.3327 -100.0000
5.0682 354 945 945 354 -0.1439 -0.0000 -0.1988 -0.0000 650.0000 -1.6019 -100.0000
5.0749 346 953 953 346 -0.1281 -0.0000 -0.1497 -0.0000 650.0000 1.3278 -100.0000
5.0815 361 938 938 361 -0.1206 -0.0000 -0.0869 -0.0000 650.0000 -3.7381 -100.0000
5.0882 345 954 954 345 -0.0740 -0.0000 -0.0366 -0.0000 650.0000 1.5720 -100.0000
5.0948 326 973 973 326 0.0023 -0.0000 0.0255 -0.0000 650.0000 7.9807 -100.0000
5.1015 340 959 959 340 0.0161 -0.0000 0.1427 -0.0000 650.0000 3.1589 -100.0000
5.1082 350 949 949 350 -0.0060 -0.0000 0.1832 -0.0000 650.0000 -0.1981 -100.0000
5.1148 335 964 964 335 0.0025 -0.0000 0.2571 -0.0000 650.0000 4.6848 -100.0000
5.1215 341 958 958 341 0.0107 -0.0000 0.3716 -0.0000 650.0000 2.7927 -100.0000
5.1282 355 944 944 355 -0.0015 -0.0000 0.5404 -0.0000 650.0000 -1.7239 -100.0000
5.1348 315 984 984 315 0.0735 -0.0000 0.6929 -0.0000 650.0000 11.4597 -100.0000
5.1415 343 956 956 343 0.0860 -0.0000 0.7823 -0.0000 650.0000 2.3044 -100.0000
5.1481 365 934 934 365 0.0479 -0.0000 0.8060 -0.0000 650.0000 -5.2640 -100.0000
5.1547 326 973 973 326 0.1026 -0.0000 0.8890 -0.0000 650.0000 7.6755 -100.0000
5.1614 348 951 951 348 0.1192 -0.0000 0.9160 -0.0000 650.0000 0.5954 -100.0000
5.1681 363 936 936 363 0.1073 -0.0000 0.9558 -0.0000 650.0000 -4.5316 -100.0000
5.1747 333 966 966 333 0.1548 -0.0000 1.0841 -0.0000 650.0000 5.4782 -100.0000
5.1814 320 979 979 320 0.2043 -0.0000 1.0988 -0.0000 650.0000 9.7507 -100.0000
5.1880 343 956 956 343 0.1950 -0.0000 1.0357 -0.0000 650.0000 2.2433 -100.0000
5.1947 360 939 939 360 0.1479 -0.0000 0.8698 -0.0000 650.0000 -3.4329 -100.0000
5.2014 351 948 948 351 0.1417 -0.0000 0.8174 -0.0000 650.0000 -0.6253 -100.0000
5.2081 335 964 964 335 0.1819 -0.0000 0.6663 -0.0000 650.0000 4.7458 -100.0000
5.2147 326 973 973 326 0.2532 -0.0000 0.6049 -0.0000 650.0000 7.7365 -100.0000
5.2214 347 952 952 347 0.2894 -0.0000 0.4247 -0.0000 650.0000 4.6848 -96.0938
5.2281 356 943 943 356 0.3007 -0.0000 0.2245 -0.0000 650.0000 1.6940 -96.0938
5.2347 386 913 913 386 0.2215 -0.0000 0.0049 -0.0000 650.0000 -8.1326 -96.0938
5.2414 367 932 932 367 0.1946 -0.0000 -0.2370 -0.0000 650.0000 -1.8460 -96.0938
5.2480 334 965 965 334 0.2348 -0.0000 -0.4251 -0.0000 650.0000 9.0793 -96.0938
5.2547 369 930 930 369 0.2182 -0.0000 -0.4990 -0.0000 650.0000 -2.4564 -96.0938
5.2613 389 910 910 389 0.1581 -0.0000 -0.5995 -0.0000 650.0000 -9.1702 -96.0938
5.2680 393 906 906 393 0.1024 -0.0000 -0.6953 -0.0000 650.0000 -10.6961 -96.0938
5.2746 384 915 915 384 0.0625 -0.0000 -0.9009 -0.0000 650.0000 -7.6443 -96.0938
5.2813 386 913 913 386 0.0139 -0.0000 -1.0180 -0.0000 650.0000 -8.1326 -96.0938
5.2880 350 949 949 350 0.0315 -0.0000 -1.0895 -0.0000 650.0000 3.5861 -96.0938
5.2946 364 935 935 364 0.0105 -0.0000 -1.0810 -0.0000 650.0000 -0.9915 -96.0938
5.3012 349 950 950 349 0.0320 -0.0000 -0.9602 -0.0000 650.0000 4.1354 -96.0938
5.3079 360 939 939 360 0.0231 -0.0000 -0.8979 -0.0000 650.0000 0.3513 -96.0938
5.3146 385 914 914 385 -0.0203 -0.0000 -0.8619 -0.0000 650.0000 -7.9495 -96.0938
5.3213 387 912 912 387 -0.0757 -0.0000 -0.9931 -0.0000 650.0000 -8.6819 -96.0938
5.3280 350 949 949 350 -0.0281 -0.0000 -1.0921 -0.0000 650.0000 3.8303 -96.0938
5.3346 349 950 950 349 0.0061 -0.0000 -1.1146 -0.0000 650.0000 4.1354 -96.0938
5.3413 332 967 967 332 0.0649 -0.0000 -1.0524 -0.0000 650.0000 9.6896 -96.0938
5.3480 345 954 954 345 0.0822 -0.0000 -1.0094 -0.0000 650.0000 5.2951 -96.0938
5.3546 346 953 953 346 0.1022 -0.0000 -0.9752 -0.0000 650.0000 5.0510 -96.0938
5.3613 366 933 933 366 0.1002 -0.0000 -0.9436 -0.0000 650.0000 -1.6019 -96.0938
5.3679 365 934 934 365 0.0935 -0.0000 -0.9506 -0.0000 650.0000 -1.3577 -96.0938
5.3746 368 931 931 368 0.0888 -0.0000 -0.9551 -0.0000 650.0000 -2.2122 -96.0938
5.3812 340 959 959 340 0.1207 -0.0000 -0.9635 -0.0000 650.0000 7.0651 -96.0938
5.3879 330 969 969 330 0.1769 -0.0000 -0.8772 -0.0000 650.0000 10.4831 -96.0938
5.3945 327 972 972 327 0.2443 -0.0000 -0.7962 -0.0000 650.0000 11.5207 -96.0938
5.4012 348 951 951 348 0.2768 -0.0000 -0.6224 -0.0000 650.0000 4.2575 -96.0938
5.4079 397 902 902 397 0.2124 -0.0000 -0.5254 -0.0000 650.0000 -11.7947 -96.0938
5.4145 374 925 925 374 0.1872 -0.0000 -0.5171 -0.0000 650.0000 -4.3484 -96.0938
5.4211 351 948 948 351 0.2087 -0.0000 -0.5217 -0.0000 650.0000 3.3420 -96.0938
5.4277 350 949 949 350 0.2089 -0.0000 -0.4404 -0.0000 650.0000 3.5861 -96.0938
5.4343 339 960 960 339 0.2464 -0.0000 -0.2498 -0.0000 650.0000 7.4924 -96.0938
5.4410 345 954 954 345 0.2614 -0.0000 -0.0788 -0.0000 650.0000 5.5392 -96.0938
5.4476 372 927 927 372 0.2504 -0.0000 0.0946 -0.0000 650.0000 -3.5550 -96.0938
5.4543 377 922 922 377 0.2216 -0.0000 0.1872 -0.0000 650.0000 -5.1419 -96.0938
5.4610 367 932 932 367 0.2321 -0.0000 0.2598 -0.0000 650.0000 -2.0901 -96.0938
5.4676 352 947 947 352 0.2471 -0.0000 0.3093 -0.0000 650.0000 2.9758 -96.0938
5.4744 621 678 678 621 0.2966 -0.0000 0.4135 -0.0000 650.0000 9.5065 0.0000
5.4811 592 707 707 592 0.3883 -0.0000 0.5948 -0.0000 650.0000 19.0891 0.0000
5.4878 635 664 664 635 0.3931 -0.0000 0.7517 -0.0000 650.0000 4.6848 0.0000
5.4944 661 638 638 661 0.3676 -0.0000 0.8416 -0.0000 650.0000 -3.9212 0.0000
5.5010 667 632 632 667 0.3273 -0.0000 0.8889 -0.0000 650.0000 -5.9964 0.0000
5.5076 638 661 661 638 0.3462 -0.0000 0.8213 -0.0000 650.0000 3.8303 0.0000
5.5143 617 682 682 617 0.4214 -0.0000 0.7804 -0.0000 650.0000 10.8493 0.0000
5.5209 649 650 650 649 0.4218 -0.0000 0.7182 -0.0000 650.0000 0.1682 0.0000
5.5276 693 606 606 693 0.3423 -0.0000 0.7696 -0.0000 650.0000 -14.4193 0.0000
5.5342 644 655 655 644 0.3608 -0.0000 0.7196 -0.0000 650.0000 1.6940 0.0000
5.5409 676 623 623 676 0.3034 -0.0000 0.7311 -0.0000 650.0000 -8.9871 0.0000
5.5474 659 640 640 659 0.2547 -0.0000 0.8274 -0.0000 650.0000 -3.0667 0.0000
5.5541 640 659 659 640 0.2389 -0.0000 0.7616 -0.0000 650.0000 3.0368 0.0000
5.5607 631 668 668 631 0.2516 -0.0000 0.7726 -0.0000 650.0000 6.0275 0.0000
5.5673 622 677 677 622 0.2992 -0.0000 0.7478 -0.0000 650.0000 9.2624 0.0000
5.5740 688 611 611 688 0.2153 -0.0000 0.7987 -0.0000 650.0000 -12.9544 0.0000
5.5806 673 626 626 673 0.1943 -0.0000 0.7033 -0.0000 650.0000 -7.7664 0.0000
5.5872 666 633 633 666 0.1936 -0.0000 0.8103 -0.0000 650.0000 -5.5081 0.0000
5.5939 652 647 647 652 0.2156 -0.0000 0.6525 -0.0000 650.0000 -0.7474 0.0000
5.6005 660 639 639 660 0.1773 -0.0000 0.5812 -0.0000 650.0000 -3.5550 0.0000
5.6071 652 647 647 652 0.1434 -0.0000 0.7330 -0.0000 650.0000 -0.8694 0.0000
5.6138 624 675 675 624 0.1684 -0.0000 0.5562 -0.0000 650.0000 8.5300 0.0000
5.6204 648 651 651 648 0.1568 -0.0000 0.5764 -0.0000 650.0000 0.4733 0.0000
5.6270 661 638 638 661 0.1316 -0.0000 0.6316 -0.0000 650.0000 -3.8602 0.0000
5.6337 654 645 645 654 0.1340 -0.0000 0.5512 -0.0000 650.0000 -1.5408 0.0000
5.6402 676 623 623 676 0.0942 -0.0000 0.6681 -0.0000 650.0000 -8.9871 0.0000
5.6469 643 656 656 643 0.1193 -0.0000 0.6011 -0.0000 650.0000 2.0602 0.0000
5.6535 652 647 647 652 0.1111 -0.0000 0.5269 -0.0000 650.0000 -0.8694 0.0000
5.6602 652 647 647 652 0.0893 -0.0000 0.5915 -0.0000 650.0000 -0.8084 0.0000
5.6668 667 632 632 667 0.0403 -0.0000 0.3879 -0.0000 650.0000 -5.6912 0.0000
5.6734 637 662 662 637 0.0613 -0.0000 0.3741 -0.0000 650.0000 4.0744 0.0000
5.6801 648 651 651 648 0.0634 -0.0000 0.4710 -0.0000 650.0000 0.5954 0.0000
5.6868 667 632 632 667 0.0261 -0.0000 0.2987 -0.0000 650.0000 -5.6912 0.0000
5.6934 627 672 672 627 0.0783 -0.0000 0.3423 -0.0000 650.0000 7.3703 0.0000
5.7001 656 643 643 656 0.0681 -0.0000 0.4165 -0.0000 650.0000 -2.0901 0.0000
5.7067 643 656 656 643 0.0835 -0.0000 0.2464 -0.0000 650.0000 2.0602 0.0000
5.7133 663 636 636 663 0.0567 -0.0000 0.3150 -0.0000 650.0000 -4.5926 0.0000
5.7200 647 652 652 647 0.0666 -0.0000 0.3007 -0.0000 650.0000 0.8395 0.0000
5.7267 657 642 642 657 0.0485 -0.0000 0.2319 -0.0000 650.0000 -2.6395 0.0000
5.7334 637 662 662 637 0.0678 -0.0000 0.3018 -0.0000 650.0000 4.1965 0.0000
5.7401 636 663 663 636 0.0814 -0.0000 0.2877 -0.0000 650.0000 4.3796 0.0000
5.7467 666 633 633 666 0.0974 -0.0000 0.3020 -0.0000 650.0000 4.5627 10.1562
5.7534 677 622 622 677 0.0965 -0.0000 0.3246 -0.0000 650.0000 0.9006 10.1562
5.7601 683 616 616 683 0.1083 -0.0000 0.2447 -0.0000 650.0000 -1.1746 10.1562
5.7667 691 608 608 691 0.1122 -0.0000 0.3052 -0.0000 650.0000 -3.5550 10.1562
5.7733 710 589 589 710 0.0569 -0.0000 0.3027 -0.0000 650.0000 -9.9637 10.1562
5.7800 668 631 631 668 0.0754 -0.0000 0.2074 -0.0000 650.0000 4.0134 10.1562
5.7866 703 596 596 703 0.0072 -0.0000 0.3240 -0.0000 650.0000 -7.5223 10.1562
5.7933 687 612 612 687 -0.0265 -0.0000 0.2614 -0.0000 650.0000 -2.3953 10.1562
5.7999 649 650 650 649 0.0321 -0.0000 0.2128 -0.0000 650.0000 10.3610 10.1562
5.8067 894 405 405 894 -0.0096 -0.0000 0.3299 -0.0000 650.0000 -6.5457 75.0000
5.8134 882 417 417 882 -0.0071 -0.0000 0.3309 -0.0000 650.0000 -2.6395 75.0000
5.8200 882 417 417 882 -0.0079 -0.0000 0.2405 -0.0000 650.0000 -2.6395 75.0000
5.8266 824 475 475 824 0.1098 -0.0000 0.0567 -0.0000 650.0000 16.8307 75.0000
5.8333 849 450 450 849 0.1397 -0.0000 0.0248 -0.0000 650.0000 8.6520 75.0000
5.8399 883 416 416 883 0.1010 -0.0000 0.1616 -0.0000 650.0000 -2.8836 75.0000
5.8466 910 389 389 910 0.0153 -0.0000 0.2429 -0.0000 650.0000 -11.7337 75.0000
5.8533 868 431 431 868 0.0529 -0.0000 0.3866 -0.0000 650.0000 2.0602 75.0000
5.8600 895 404 404 895 0.0282 -0.0000 0.3823 -0.0000 650.0000 -6.9119 75.0000
5.8666 899 400 400 899 -0.0190 -0.0000 0.2349 -0.0000 650.0000 -8.1937 75.0000
5.8732 869 430 430 869 -0.0249 -0.0000 0.2387 -0.0000 650.0000 1.9992 75.0000
5.8799 820 479 479 820 0.0662 -0.0000 0.1469 -0.0000 650.0000 18.0515 75.0000
5.8865 839 460 460 839 0.1154 -0.0000 0.0533 -0.0000 650.0000 11.8869 75.0000
5.8932 882 417 417 882 0.0901 -0.0000 -0.0290 -0.0000 650.0000 -2.6395 75.0000
5.8998 877 422 422 877 0.1020 -0.0000 -0.0047 -0.0000 650.0000 -0.9305 75.0000
5.9065 835 464 464 835 0.2019 -0.0000 0.0212 -0.0000 650.0000 13.0466 75.0000
5.9131 828 471 471 828 0.3152 -0.0000 -0.1529 -0.0000 650.0000 15.5490 75.0000
5.9197 865 434 434 865 0.3566 -0.0000 -0.3140 -0.0000 650.0000 3.0368 75.0000
5.9264 908 391 391 908 0.2727 -0.0000 -0.4040 -0.0000 650.0000 -11.2454 75.0000
5.9330 852 447 447 852 0.2996 -0.0000 -0.3104 -0.0000 650.0000 7.5534 75.0000
5.9397 822 477 477 822 0.4085 -0.0000 -0.2707 -0.0000 650.0000 17.6242 75.0000
5.9463 837 462 462 837 0.4709 -0.0000 -0.3293 -0.0000 650.0000 12.3752 75.0000
5.9530 868 431 431 868 0.4708 -0.0000 -0.4517 -0.0000 650.0000 2.2433 75.0000
5.9596 871 428 428 871 0.4756 -0.0000 -0.5615 -0.0000 650.0000 1.2668 75.0000
5.9663 868 431 431 868 0.4951 -0.0000 -0.5696 -0.0000 650.0000 2.1213 75.0000
5.9729 873 426 426 873 0.4987 -0.0000 -0.5095 -0.0000 650.0000 0.5954 75.0000
5.9796 849 450 450 849 0.5741 -0.0000 -0.4886 -0.0000 650.0000 8.6520 75.0000
5.9862 870 429 429 870 0.5878 -0.0000 -0.7578 -0.0000 650.0000 1.6330 75.0000
5.9929 898 401 401 898 0.5280 -0.0000 -0.9219 -0.0000 650.0000 -7.8885 75.0000
5.9995 914 385 385 914 0.4205 -0.0000 -0.9520 -0.0000 650.0000 -13.1985 75.0000
6.0061 901 398 398 901 0.3257 -0.0000 -1.0018 -0.0000 650.0000 -8.9871 75.0000
6.0128 849 450 450 849 0.3412 -0.0000 -1.0247 -0.0000 650.0000 8.3469 75.0000
6.0194 810 489 489 810 0.4446 -0.0000 -1.1263 -0.0000 650.0000 21.3474 75.0000
6.0260 825 474 474 825 0.5367 -0.0000 -1.2780 -0.0000 650.0000 16.4035 75.0000
6.0327 864 435 435 864 0.5613 -0.0000 -1.3645 -0.0000 650.0000 3.4641 75.0000
6.0394 882 417 417 882 0.5409 -0.0000 -1.4671 -0.0000 650.0000 -2.3953 75.0000
6.0460 912 387 387 912 0.4556 -0.0000 -1.4625 -0.0000 650.0000 -12.3441 75.0000
6.0527 959 340 340 959 0.4296 -0.0000 -1.4198 -0.0000 650.0000 -4.1043 99.2188
6.0594 915 384 384 915 0.5169 -0.0000 -1.5266 -0.0000 650.0000 10.7272 99.2188
6.0660 890 409 409 890 0.6536 -0.0000 -1.6283 -0.0000 650.0000 19.0280 99.2188
6.0727 917 382 382 917 0.6982 -0.0000 -1.7874 -0.0000 650.0000 10.1169 99.2188
6.0794 972 327 327 972 0.6143 -0.0000 -1.9401 -0.0000 650.0000 -8.2547 99.2188
6.0860 941 358 358 941 0.6083 -0.0000 -2.0499 -0.0000 650.0000 2.0602 99.2188
6.0926 1024 275 275 1024 0.4302 -0.0000 -1.9914 -0.0000 650.0000 -25.5887 99.2188
6.0993 1006 293 293 1006 0.3261 -0.0000 -1.8124 -0.0000 650.0000 -19.6683 99.2188
6.1059 985 314 314 985 0.2603 -0.0000 -1.5241 -0.0000 650.0000 -12.7713 99.2188
6.1126 967 332 332 967 0.2338 -0.0000 -1.2087 -0.0000 650.0000 -6.6678 99.2188
6.1192 960 339 339 960 0.2003 -0.0000 -1.0748 -0.0000 650.0000 -4.4095 99.2188
6.1259 979 320 320 979 0.1141 -0.0000 -0.9822 -0.0000 650.0000 -10.7571 99.2188
6.1325 950 349 349 950 0.0912 -0.0000 -0.8915 -0.0000 650.0000 -0.9915 99.2188
6.1392 948 351 351 948 0.0807 -0.0000 -0.7239 -0.0000 650.0000 -0.1981 99.2188
6.1458 981 318 318 981 0.0067 -0.0000 -0.4714 -0.0000 650.0000 -11.4285 99.2188
6.1525 986 313 313 986 -0.0725 -0.0000 -0.3395 -0.0000 650.0000 -12.8323 99.2188
6.1591 947 352 352 947 -0.0727 -0.0000 -0.4012 -0.0000 650.0000 0.1682 99.2188
6.1657 907 392 392 907 0.0080 -0.0000 -0.6377 -0.0000 650.0000 13.5349 99.2188
6.1724 908 391 391 908 0.0776 -0.0000 -0.8350 -0.0000 650.0000 13.1076 99.2188
6.1790 948 351 351 948 0.0639 -0.0000 -0.9709 -0.0000 650.0000 -0.3201 99.2188
6.1857 951 348 348 951 0.0508 -0.0000 -1.0839 -0.0000 650.0000 -1.4188 99.2188
6.1923 942 357 357 942 0.0675 -0.0000 -1.1108 -0.0000 650.0000 1.8771 99.2188
6.1989 917 382 382 917 0.1448 -0.0000 -1.1282 -0.0000 650.0000 10.1169 99.2188
6.2056 933 366 366 933 0.1879 -0.0000 -1.1802 -0.0000 650.0000 4.8679 99.2188
6.2122 929 370 370 929 0.2391 -0.0000 -1.2725 -0.0000 650.0000 6.2106 99.2188
6.2189 957 342 342 957 0.2253 -0.0000 -1.4080 -0.0000 650.0000 -3.3109 99.2188
6.2255 963 336 336 963 0.1856 -0.0000 -1.3995 -0.0000 650.0000 -5.3860 99.2188
6.2322 947 352 352 947 0.1885 -0.0000 -1.3398 -0.0000 650.0000 0.0461 99.2188
6.2388 942 357 357 942 0.1906 -0.0000 -1.2176 -0.0000 650.0000 1.6940 99.2188
6.2455 926 373 373 926 0.2351 -0.0000 -1.1759 -0.0000 650.0000 7.0651 99.2188
6.2521 925 374 374 925 0.2708 -0.0000 -1.1211 -0.0000 650.0000 7.4924 99.2188
6.2588 981 318 318 981 0.1933 -0.0000 -1.1714 -0.0000 650.0000 -11.1234 99.2188
6.2654 970 329 329 970 0.1408 -0.0000 -1.1894 -0.0000 650.0000 -7.4612 99.2188
6.2721 933 366 366 933 0.1806 -0.0000 -1.1496 -0.0000 650.0000 4.6848 99.2188
6.2788 916 383 383 916 0.2436 -0.0000 -1.0205 -0.0000 650.0000 10.3610 99.2188
6.2854 919 380 380 919 0.2967 -0.0000 -0.9429 -0.0000 650.0000 9.2624 99.2188
6.2921 927 372 372 927 0.3138 -0.0000 -0.9034 -0.0000 650.0000 6.6379 99.2188
6.2988 942 357 357 942 0.2971 -0.0000 -0.9584 -0.0000 650.0000 1.6330 99.2188
6.3054 941 358 358 941 0.2911 -0.0000 -1.0268 -0.0000 650.0000 2.1823 99.2188
6.3120 919 380 380 919 0.3404 -0.0000 -0.9415 -0.0000 650.0000 9.4455 99.2188
6.3187 952 347 347 952 0.3304 -0.0000 -0.8599 -0.0000 650.0000 -1.5408 99.2188
6.3253 964 335 335 964 0.2930 -0.0000 -0.6884 -0.0000 650.0000 -5.7523 99.2188
6.3319 963 336 336 963 0.2630 -0.0000 -0.6276 -0.0000 650.0000 -5.2640 99.2188
6.3385 960 339 339 960 0.2291 -0.0000 -0.5198 -0.0000 650.0000 -4.4095 99.2188
6.3452 896 403 403 896 0.3334 -0.0000 -0.4923 -0.0000 650.0000 17.0749 99.2188
6.3519 901 398 398 901 0.4214 -0.0000 -0.5050 -0.0000 650.0000 15.4880 99.2188
6.3585 928 371 371 928 0.4564 -0.0000 -0.4909 -0.0000 650.0000 6.3937 99.2188
6.3652 962 337 337 962 0.4280 -0.0000 -0.5008 -0.0000 650.0000 -5.0198 99.2188
6.3718 985 314 314 985 0.3387 -0.0000 -0.4226 -0.0000 650.0000 -12.7713 99.2188
6.3785 932 367 367 932 0.3821 -0.0000 -0.2310 -0.0000 650.0000 5.1120 99.2188
6.3851 940 359 359 940 0.3940 -0.0000 -0.0960 -0.0000 650.0000 2.5485 99.2188
6.3917 934 365 365 934 0.4176 -0.0000 0.0361 -0.0000 650.0000 4.3185 99.2188
6.3984 956 343 343 956 0.3806 -0.0000 0.0107 -0.0000 650.0000 -2.9446 99.2188
6.4050 938 361 361 938 0.4008 -0.0000 -0.0169 -0.0000 650.0000 3.0368 99.2188
6.4117 948 351 351 948 0.3946 -0.0000 -0.0847 -0.0000 650.0000 -0.4422 99.2188
6.4183 962 337 337 962 0.3591 -0.0000 0.0931 -0.0000 650.0000 -5.0198 99.2188
6.4250 929 370 370 929 0.3855 -0.0000 0.3656 -0.0000 650.0000 5.9665 99.2188
6.4316 954 345 345 954 0.3544 -0.0000 0.5854 -0.0000 650.0000 -2.2122 99.2188
6.4383 979 320 320 979 0.2672 -0.0000 0.5678 -0.0000 650.0000 -10.5740 99.2188
6.4449 969 330 330 969 0.2110 -0.0000 0.5829 -0.0000 650.0000 -7.3392 99.2188
6.4516 949 350 350 949 0.2044 -0.0000 0.5534 -0.0000 650.0000 -0.5643 99.2188
6.4583 952 347 347 952 0.1911 -0.0000 0.7652 -0.0000 650.0000 -1.6629 99.2188
6.4649 962 337 337 962 0.1523 -0.0000 0.9312 -0.0000 650.0000 -5.0809 99.2188
6.4716 928 371 371 928 0.1847 -0.0000 1.0391 -0.0000 650.0000 6.2717 99.2188
6.4783 950 349 349 950 0.1644 -0.0000 0.9466 -0.0000 650.0000 -0.8694 99.2188
6.4849 940 359 359 940 0.1661 -0.0000 0.7210 -0.0000 650.0000 2.3044 99.2188
6.4915 944 355 355 944 0.1743 -0.0000 0.4713 -0.0000 650.0000 0.9006 99.2188
6.4982 953 346 346 953 0.1730 -0.0000 0.2702 -0.0000 650.0000 -1.9070 99.2188
6.5048 960 339 339 960 0.1570 -0.0000 0.1326 -0.0000 650.0000 -4.2874 99.2188
6.5115 948 351 351 948 0.1587 -0.0000 0.0871 -0.0000 650.0000 -0.1370 99.2188
6.5181 923 376 376 923 0.1911 -0.0000 0.0754 -0.0000 650.0000 7.9807 99.2188
6.5247 908 391 391 908 0.2555 -0.0000 -0.0377 -0.0000 650.0000 12.9245 99.2188
6.5314 893 406 406 893 0.3532 -0.0000 -0.1131 -0.0000 650.0000 17.9294 99.2188
6.5380 934 365 365 934 0.3924 -0.0000 -0.2133 -0.0000 650.0000 4.2575 99.2188
6.5447 954 345 345 954 0.3883 -0.0000 -0.3669 -0.0000 650.0000 -2.1512 99.2188
6.5514 928 371 371 928 0.4513 -0.0000 -0.4432 -0.0000 650.0000 6.3327 99.2188
6.5581 912 387 387 912 0.5307 -0.0000 -0.3473 -0.0000 650.0000 11.7038 99.2188
6.5647 920 379 379 920 0.5768 -0.0000 -0.2291 -0.0000 650.0000 8.8962 99.2188
6.5713 901 398 398 901 0.6555 -0.0000 -0.2194 -0.0000 650.0000 15.4880 99.2188
6.5779 913 386 386 913 0.7098 -0.0000 -0.2111 -0.0000 650.0000 11.3986 99.2188
6.5845 949 350 350 949 0.6916 -0.0000 -0.1949 -0.0000 650.0000 -0.5032 99.2188
6.5912 953 346 346 953 0.6617 -0.0000 -0.2366 -0.0000 650.0000 -1.8460 99.2188
6.5979 934 365 365 934 0.6797 -0.0000 -0.3978 -0.0000 650.0000 4.2575 99.2188
6.6045 941 358 358 941 0.6739 -0.0000 -0.4795 -0.0000 650.0000 1.9382 99.2188
6.6111 931 368 368 931 0.6973 -0.0000 -0.3809 -0.0000 650.0000 5.4172 99.2188
6.6178 957 342 342 957 0.6563 -0.0000 -0.3432 -0.0000 650.0000 -3.3719 99.2188
6.6244 938 361 361 938 0.6648 -0.0000 -0.2961 -0.0000 650.0000 3.1589 99.2188
6.6311 923 376 376 923 0.7071 -0.0000 -0.4499 -0.0000 650.0000 8.1027 99.2188
6.6377 922 377 377 922 0.7422 -0.0000 -0.5616 -0.0000 650.0000 8.3469 99.2188
6.6443 946 353 353 946 0.7123 -0.0000 -0.6787 -0.0000 650.0000 0.5344 99.2188
6.6509 920 379 379 920 0.7420 -0.0000 -0.7153 -0.0000 650.0000 9.1403 99.2188
6.6576 950 349 349 950 0.7112 -0.0000 -0.7297 -0.0000 650.0000 -0.9305 99.2188
6.6642 973 326 326 973 0.6571 -0.0000 -0.7041 -0.0000 650.0000 -8.6819 99.2188
6.6709 970 329 329 970 0.6053 -0.0000 -0.5853 -0.0000 650.0000 -7.5833 99.2188
6.6775 938 361 361 938 0.6320 -0.0000 -0.4545 -0.0000 650.0000 2.9147 99.2188
6.6842 943 356 356 943 0.6220 -0.0000 -0.4514 -0.0000 650.0000 1.2668 99.2188
6.6908 901 398 398 901 0.7033 -0.0000 -0.5001 -0.0000 650.0000 15.3049 99.2188
6.6974 919 380 380 919 0.7237 -0.0000 -0.5179 -0.0000 650.0000 9.3234 99.2188
6.7041 980 319 319 980 0.6333 -0.0000 -0.6564 -0.0000 650.0000 -11.0013 99.2188
6.7107 966 333 333 966 0.5815 -0.0000 -0.7502 -0.0000 650.0000 -6.2405 99.2188
6.7174 958 341 341 958 0.5848 -0.0000 -0.7970 -0.0000 650.0000 -3.4940 99.2188
6.7241 936 363 363 936 0.6313 -0.0000 -0.6677 -0.0000 650.0000 3.8303 99.2188
6.7306 913 386 386 913 0.7137 -0.0000 -0.5621 -0.0000 650.0000 11.3986 99.2188
6.7373 949 350 350 949 0.6872 -0.0000 -0.6059 -0.0000 650.0000 -0.6253 99.2188
6.7439 925 374 374 925 0.6974 -0.0000 -0.7194 -0.0000 650.0000 7.4313 99.2188
6.7506 943 356 356 943 0.6695 -0.0000 -0.8510 -0.0000 650.0000 1.5109 99.2188
6.7572 940 359 359 940 0.6615 -0.0000 -0.8775 -0.0000 650.0000 2.4265 99.2188
6.7638 905 394 394 905 0.7371 -0.0000 -0.8186 -0.0000 650.0000 14.0842 99.2188
6.7704 931 368 368 931 0.7574 -0.0000 -0.6800 -0.0000 650.0000 5.5392 99.2188
6.7771 947 352 352 947 0.7404 -0.0000 -0.5951 -0.0000 650.0000 -0.0760 99.2188
6.7838 951 348 348 951 0.7237 -0.0000 -0.5429 -0.0000 650.0000 -1.3577 99.2188
6.7904 925 374 374 925 0.7628 -0.0000 -0.6260 -0.0000 650.0000 7.4313 99.2188
6.7970 918 381 381 918 0.8150 -0.0000 -0.7615 -0.0000 650.0000 9.6896 99.2188
6.8038 931 368 368 931 0.8239 -0.0000 -0.7857 -0.0000 650.0000 5.5392 99.2188
6.8105 932 367 367 932 0.8402 -0.0000 -0.7411 -0.0000 650.0000 4.9899 99.2188
6.8172 965 334 334 965 0.7850 -0.0000 -0.6912 -0.0000 650.0000 -5.8743 99.2188
6.8238 942 357 357 942 0.7915 -0.0000 -0.6105 -0.0000 650.0000 1.8771 99.2188
6.8305 921 378 378 921 0.8379 -0.0000 -0.5444 -0.0000 650.0000 8.7131 99.2188
6.8371 924 375 375 924 0.8789 -0.0000 -0.4516 -0.0000 650.0000 7.6755 99.2188
6.8438 908 391 391 908 0.9642 -0.0000 -0.3852 -0.0000 650.0000 13.1686 99.2188
6.8504 929 370 370 929 1.0009 -0.0000 -0.4135 -0.0000 650.0000 6.0275 99.2188
6.8571 955 344 344 955 0.9734 -0.0000 -0.4593 -0.0000 650.0000 -2.7005 99.2188
6.8638 952 347 347 952 0.9365 -0.0000 -0.5143 -0.0000 650.0000 -1.6629 99.2188
6.8704 928 371 371 928 0.9559 -0.0000 -0.3825 -0.0000 650.0000 6.2717 99.2188
6.8770 935 364 364 935 0.9463 -0.0000 -0.2047 -0.0000 650.0000 4.0744 99.2188
6.8837 977 322 322 977 0.8611 -0.0000 -0.0399 -0.0000 650.0000 -9.9026 99.2188
6.8904 941 358 358 941 0.8472 -0.0000 0.2478 -0.0000 650.0000 2.0602 99.2188
6.8970 954 345 345 954 0.8274 -0.0000 0.3037 -0.0000 650.0000 -2.2733 99.2188
6.9037 929 370 370 929 0.8584 -0.0000 0.2553 -0.0000 650.0000 5.9665 99.2188
6.9103 950 349 349 950 0.8524 -0.0000 0.2494 -0.0000 650.0000 -0.9305 99.2188
6.9170 966 333 333 966 0.7995 -0.0000 0.4536 -0.0000 650.0000 -6.3626 99.2188
6.9237 942 357 357 942 0.7931 -0.0000 0.7205 -0.0000 650.0000 1.8161 99.2188
6.9304 989 310 310 989 0.6730 -0.0000 0.9414 -0.0000 650.0000 -13.9920 99.2188
6.9371 956 343 343 956 0.6205 -0.0000 1.0488 -0.0000 650.0000 -2.8226 99.2188
6.9437 926 373 373 926 0.6307 -0.0000 1.0801 -0.0000 650.0000 6.9431 99.2188
6.9504 913 386 386 913 0.6889 -0.0000 1.1490 -0.0000 650.0000 11.3376 99.2188
6.9570 960 339 339 960 0.6456 -0.0000 1.1287 -0.0000 650.0000 -4.4095 99.2188
6.9637 1024 275 275 1024 0.4862 -0.0000 1.0883 -0.0000 650.0000 -25.7718 99.2188
6.9703 968 331 331 968 0.4563 -0.0000 1.0579 -0.0000 650.0000 -7.0950 99.2188
6.9769 967 332 332 967 0.4357 -0.0000 1.1380 -0.0000 650.0000 -6.6678 99.2188
6.9836 948 351 351 948 0.4327 -0.0000 1.2136 -0.0000 650.0000 -0.4422 99.2188
6.9903 942 357 357 942 0.4375 -0.0000 1.2207 -0.0000 650.0000 1.8771 99.2188
6.9969 949 350 350 949 0.4058 -0.0000 1.0124 -0.0000 650.0000 -0.7474 99.2188
7.0035 948 351 351 948 0.3942 -0.0000 0.7666 -0.0000 650.0000 -0.3201 99.2188
7.0102 947 352 352 947 0.3861 -0.0000 0.6012 -0.0000 650.0000 -0.0760 99.2188
7.0169 950 349 349 950 0.3803 -0.0000 0.6556 -0.0000 650.0000 -0.9305 99.2188
7.0236 934 365 365 934 0.3994 -0.0000 0.6841 -0.0000 650.0000 4.3796 99.2188
7.0302 943 356 356 943 0.4021 -0.0000 0.7309 -0.0000 650.0000 1.3889 99.2188
7.0368 949 350 350 949 0.3862 -0.0000 0.4719 -0.0000 650.0000 -0.6863 99.2188
7.0435 939 360 360 939 0.4061 -0.0000 0.3575 -0.0000 650.0000 2.6706 99.2188
7.0501 941 358 358 941 0.4155 -0.0000 0.2920 -0.0000 650.0000 2.1213 99.2188
7.0569 950 349 349 950 0.4006 -0.0000 0.4117 -0.0000 650.0000 -0.9305 99.2188
7.0635 936 363 363 936 0.4024 -0.0000 0.5312 -0.0000 650.0000 3.8303 99.2188
7.0702 955 344 344 955 0.3480 -0.0000 0.6449 -0.0000 650.0000 -2.7005 99.2188
7.0768 944 355 355 944 0.3222 -0.0000 0.5872 -0.0000 650.0000 1.2057 99.2188
7.0835 932 367 367 932 0.3342 -0.0000 0.5571 -0.0000 650.0000 5.0510 99.2188
7.0901 943 356 356 943 0.3537 -0.0000 0.5530 -0.0000 650.0000 1.3278 99.2188
7.0968 945 354 354 945 0.3886 -0.0000 0.5646 -0.0000 650.0000 0.7175 99.2188
7.1035 964 335 335 964 0.3777 -0.0000 0.5575 -0.0000 650.0000 -5.5692 99.2188
7.1102 935 364 364 935 0.4065 -0.0000 0.6259 -0.0000 650.0000 3.8913 99.2188
7.1168 950 349 349 950 0.3783 -0.0000 0.6489 -0.0000 650.0000 -0.8084 99.2188
7.1235 936 363 363 936 0.3803 -0.0000 0.6778 -0.0000 650.0000 3.7692 99.2188
7.1302 917 382 382 917 0.4202 -0.0000 0.6335 -0.0000 650.0000 10.1169 99.2188
7.1369 980 319 319 980 0.3525 -0.0000 0.5876 -0.0000 650.0000 -10.8182 99.2188
7.1435 958 341 341 958 0.3447 -0.0000 0.5213 -0.0000 650.0000 -3.6160 99.2188
7.1502 950 349 349 950 0.3586 -0.0000 0.6449 -0.0000 650.0000 -1.1136 99.2188
7.1568 941 358 358 941 0.3726 -0.0000 0.7818 -0.0000 650.0000 1.9992 99.2188
7.1635 920 379 379 920 0.4148 -0.0000 0.9756 -0.0000 650.0000 9.1403 99.2188
7.1701 933 366 366 933 0.4241 -0.0000 1.1084 -0.0000 650.0000 4.6848 99.2188
7.1768 982 317 317 982 0.3267 -0.0000 1.0927 -0.0000 650.0000 -11.6727 99.2188
7.1835 953 346 346 953 0.3010 -0.0000 1.0838 -0.0000 650.0000 -1.8460 99.2188
7.1901 973 326 326 973 0.2322 -0.0000 1.2693 -0.0000 650.0000 -8.7430 99.2188
7.1967 960 339 339 960 0.1925 -0.0000 1.4727 -0.0000 650.0000 -4.2264 99.2188
7.2034 976 323 323 976 0.1155 -0.0000 1.6586 -0.0000 650.0000 -9.5364 99.2188
7.2101 952 347 347 952 0.0906 -0.0000 1.7395 -0.0000 650.0000 -1.5408 99.2188
7.2167 922 377 377 922 0.1330 -0.0000 1.6314 -0.0000 650.0000 8.2248 99.2188
7.2234 934 365 365 934 0.1600 -0.0000 1.4192 -0.0000 650.0000 4.3185 99.2188
7.2301 952 347 347 952 0.1592 -0.0000 1.2183 -0.0000 650.0000 -1.6019 99.2188
7.2367 958 341 341 958 0.1408 -0.0000 1.0437 -0.0000 650.0000 -3.6160 99.2188
7.2433 948 351 351 948 0.1461 -0.0000 0.9076 -0.0000 650.0000 -0.1981 99.2188
7.2500 927 372 372 927 0.1761 -0.0000 0.8763 -0.0000 650.0000 6.6379 99.2188
7.2567 916 383 383 916 0.2384 -0.0000 0.7376 -0.0000 650.0000 10.2390 99.2188
7.2633 874 425 425 874 0.3820 -0.0000 0.5855 -0.0000 650.0000 24.3381 99.2188
7.2700 919 380 380 919 0.4479 -0.0000 0.4439 -0.0000 650.0000 9.4455 99.2188
7.2766 957 342 342 957 0.4311 -0.0000 0.2495 -0.0000 650.0000 -3.1277 99.2188
7.2832 967 332 332 967 0.3871 -0.0000 0.1834 -0.0000 650.0000 -6.7288 99.2188
7.2899 928 371 371 928 0.4222 -0.0000 0.1604 -0.0000 650.0000 6.4548 99.2188
7.2965 931 368 368 931 0.4488 -0.0000 0.2063 -0.0000 650.0000 5.2951 99.2188
7.3033 928 371 371 928 0.4979 -0.0000 0.2002 -0.0000 650.0000 6.2717 99.2188
7.3100 906 393 393 906 0.6008 -0.0000 0.2403 -0.0000 650.0000 13.8400 99.2188
7.3166 933 366 366 933 0.6437 -0.0000 0.1002 -0.0000 650.0000 4.5627 99.2188
7.3233 939 360 360 939 0.6552 -0.0000 0.0005 -0.0000 650.0000 2.8537 99.2188
7.3299 946 353 353 946 0.6450 -0.0000 -0.0662 -0.0000 650.0000 0.2292 99.2188
7.3366 904 395 395 904 0.6977 -0.0000 -0.0357 -0.0000 650.0000 14.2673 99.2188
7.3433 890 409 409 890 0.7853 -0.0000 0.0572 -0.0000 650.0000 19.0891 99.2188
7.3500 921 378 378 921 0.8008 -0.0000 0.1481 -0.0000 650.0000 8.6520 99.2188
7.3567 938 361 361 938 0.8123 -0.0000 0.1583 -0.0000 650.0000 3.0368 99.2188
7.3633 946 353 353 946 0.8153 -0.0000 0.1709 -0.0000 650.0000 0.4123 99.2188
7.3700 925 374 374 925 0.8691 -0.0000 -0.0065 -0.0000 650.0000 7.3093 99.2188
7.3767 907 392 392 907 0.9440 -0.0000 -0.1634 -0.0000 650.0000 13.5349 99.2188
7.3833 907 392 392 907 1.0187 -0.0000 -0.3143 -0.0000 650.0000 13.4128 99.2188
7.3900 923 376 376 923 1.0362 -0.0000 -0.4235 -0.0000 650.0000 7.9196 99.2188
7.3966 963 336 336 963 0.9774 -0.0000 -0.5285 -0.0000 650.0000 -5.1419 99.2188
7.4033 954 345 345 954 0.9353 -0.0000 -0.4975 -0.0000 650.0000 -2.2733 99.2188
7.4099 954 345 345 954 0.9132 -0.0000 -0.4140 -0.0000 650.0000 -2.2122 99.2188
7.4167 922 377 377 922 0.9608 -0.0000 -0.3020 -0.0000 650.0000 8.5300 99.2188
7.4234 941 358 358 941 0.9593 -0.0000 -0.2416 -0.0000 650.0000 2.1213 99.2188
7.4300 905 394 394 905 1.0441 -0.0000 -0.2803 -0.0000 650.0000 13.9011 99.2188
7.4366 917 382 382 917 1.0920 -0.0000 -0.4914 -0.0000 650.0000 10.1169 99.2188
7.4433 970 329 329 970 1.0412 -0.0000 -0.7150 -0.0000 650.0000 -7.5223 99.2188
7.4500 972 327 327 972 0.9710 -0.0000 -0.7370 -0.0000 650.0000 -8.3768 99.2188
7.4566 988 311 311 988 0.8623 -0.0000 -0.6945 -0.0000 650.0000 -13.5648 99.2188
7.4633 936 363 363 936 0.8504 -0.0000 -0.5358 -0.0000 650.0000 3.8303 99.2188
7.4700 929 370 370 929 0.8500 -0.0000 -0.4285 -0.0000 650.0000 6.2106 99.2188
7.4766 913 386 386 913 0.8877 -0.0000 -0.3948 -0.0000 650.0000 11.3376 99.2188
7.4833 969 330 330 969 0.8198 -0.0000 -0.4512 -0.0000 650.0000 -7.2171 99.2188
7.4899 955 344 344 955 0.8061 -0.0000 -0.5372 -0.0000 650.0000 -2.7005 99.2188
7.4966 942 357 357 942 0.8278 -0.0000 -0.6155 -0.0000 650.0000 1.7551 99.2188
7.5033 931 368 368 931 0.8635 -0.0000 -0.7245 -0.0000 650.0000 5.4782 99.2188
7.5099 932 367 367 932 0.8790 -0.0000 -0.7393 -0.0000 650.0000 4.9899 99.2188
7.5166 972 327 327 972 0.7893 -0.0000 -0.7911 -0.0000 650.0000 -8.3157 99.2188
7.5233 911 388 388 911 0.8446 -0.0000 -0.8744 -0.0000 650.0000 12.1310 99.2188
7.5299 932 367 367 932 0.8559 -0.0000 -1.0131 -0.0000 650.0000 4.9899 99.2188
7.5365 903 396 396 903 0.9451 -0.0000 -1.1141 -0.0000 650.0000 14.6335 99.2188
7.5431 906 393 393 906 1.0130 -0.0000 -1.2702 -0.0000 650.0000 13.8400 99.2188
7.5498 959 340 340 959 0.9726 -0.0000 -1.4147 -0.0000 650.0000 -3.7991 99.2188
7.5565 952 347 347 952 0.9427 -0.0000 -1.5044 -0.0000 650.0000 -1.6019 99.2188
7.5632 944 355 355 944 0.9534 -0.0000 -1.4853 -0.0000 650.0000 1.1447 99.2188
7.5699 940 359 359 940 0.9751 -0.0000 -1.4429 -0.0000 650.0000 2.2433 99.2188
7.5765 917 382 382 917 1.0417 -0.0000 -1.4048 -0.0000 650.0000 9.9948 99.2188
7.5832 917 382 382 917 1.0961 -0.0000 -1.4190 -0.0000 650.0000 10.1169 99.2188
7.5899 950 349 349 950 1.0552 -0.0000 -1.6312 -0.0000 650.0000 -0.8084 99.2188
7.5965 957 342 342 957 1.0047 -0.0000 -1.8146 -0.0000 650.0000 -3.1888 99.2188
7.6031 926 373 373 926 1.0163 -0.0000 -1.9501 -0.0000 650.0000 7.1872 99.2188
7.6098 913 386 386 913 1.0668 -0.0000 -1.8614 -0.0000 650.0000 11.5207 99.2188
7.6165 900 399 399 900 1.1336 -0.0000 -1.8253 -0.0000 650.0000 15.6100 99.2188
7.6231 932 367 367 932 1.1414 -0.0000 -1.7568 -0.0000 650.0000 5.1120 99.2188
7.6298 933 366 366 933 1.1430 -0.0000 -1.8498 -0.0000 650.0000 4.5627 99.2188
7.6364 939 360 360 939 1.1386 -0.0000 -1.9482 -0.0000 650.0000 2.6706 99.2188
7.6431 950 349 349 950 1.0953 -0.0000 -2.0978 -0.0000 650.0000 -0.9305 99.2188
7.6497 908 391 391 908 1.1443 -0.0000 -2.2502 -0.0000 650.0000 12.9855 99.2188
7.6564 881 418 418 881 1.2523 -0.0000 -2.3380 -0.0000 650.0000 22.0798 99.2188
7.6631 918 381 381 918 1.3006 -0.0000 -2.4047 -0.0000 650.0000 9.6286 99.2188
7.6697 957 342 342 957 1.2636 -0.0000 -2.3901 -0.0000 650.0000 -3.4329 99.2188
7.6763 971 328 328 971 1.2198 -0.0000 -2.3743 -0.0000 650.0000 -8.0106 99.2188
7.6830 933 366 366 933 1.2512 -0.0000 -2.2604 -0.0000 650.0000 4.8068 99.2188
7.6897 909 390 390 909 1.3232 -0.0000 -2.0924 -0.0000 650.0000 12.7414 99.2188
7.6963 897 402 402 897 1.3950 -0.0000 -2.0934 -0.0000 650.0000 16.8307 99.2188
7.7030 919 380 380 919 1.4018 -0.0000 -2.0761 -0.0000 650.0000 9.5065 99.2188
7.7096 933 366 366 933 1.3907 -0.0000 -2.1220 -0.0000 650.0000 4.7458 99.2188
7.7163 963 336 336 963 1.3191 -0.0000 -2.2335 -0.0000 650.0000 -5.2029 99.2188
7.7230 953 346 346 953 1.2973 -0.0000 -2.3325 -0.0000 650.0000 -2.0901 99.2188
7.7296 936 363 363 936 1.3068 -0.0000 -2.3863 -0.0000 650.0000 3.5861 99.2188
7.7362 917 382 382 917 1.3666 -0.0000 -2.2985 -0.0000 650.0000 10.1779 99.2188
7.7429 929 370 370 929 1.3773 -0.0000 -2.2174 -0.0000 650.0000 6.1496 99.2188
7.7496 947 352 352 947 1.3522 -0.0000 -2.1569 -0.0000 650.0000 0.1071 99.2188
7.7562 940 359 359 940 1.3381 -0.0000 -2.1465 -0.0000 650.0000 2.3654 99.2188
7.7628 969 330 330 969 1.2743 -0.0000 -2.3273 -0.0000 650.0000 -7.4002 99.2188
7.7695 952 347 347 952 1.2460 -0.0000 -2.4807 -0.0000 650.0000 -1.4798 99.2188
7.7762 904 395 395 904 1.3082 -0.0000 -2.5307 -0.0000 650.0000 14.3893 99.2188
7.7828 951 348 348 951 1.2559 -0.0000 -2.4563 -0.0000 650.0000 -1.1746 99.2188
7.7895 953 346 346 953 1.2045 -0.0000 -2.3659 -0.0000 650.0000 -1.9681 99.2188
7.7961 927 372 372 927 1.2077 -0.0000 -2.2667 -0.0000 650.0000 6.8820 99.2188
7.8028 953 346 346 953 1.1623 -0.0000 -2.1384 -0.0000 650.0000 -1.7850 99.2188
7.8095 922 377 377 922 1.1757 -0.0000 -2.1294 -0.0000 650.0000 8.3469 99.2188
7.8161 923 376 376 923 1.2034 -0.0000 -2.1200 -0.0000 650.0000 7.9196 99.2188
7.8227 914 385 385 914 1.2577 -0.0000 -2.2128 -0.0000 650.0000 10.9103 99.2188
7.8294 931 368 368 931 1.2861 -0.0000 -2.3042 -0.0000 650.0000 5.2951 99.2188
7.8360 970 329 329 970 1.2421 -0.0000 -2.4122 -0.0000 650.0000 -7.7664 99.2188
7.8427 971 328 328 971 1.1850 -0.0000 -2.4210 -0.0000 650.0000 -8.0716 99.2188
7.8493 951 348 348 951 1.1760 -0.0000 -2.3247 -0.0000 650.0000 -1.4188 99.2188
7.8559 924 375 375 924 1.1934 -0.0000 -2.1586 -0.0000 650.0000 7.8586 99.2188
7.8626 925 374 374 925 1.2118 -0.0000 -2.1534 -0.0000 650.0000 7.3703 99.2188
7.8693 894 405 405 894 1.2759 -0.0000 -2.3040 -0.0000 650.0000 17.8073 99.2188
7.8759 938 361 361 938 1.2488 -0.0000 -2.4460 -0.0000 650.0000 3.1589 99.2188
7.8826 971 328 328 971 1.1440 -0.0000 -2.5520 -0.0000 650.0000 -8.0716 99.2188
7.8892 920 379 379 920 1.1672 -0.0000 -2.6382 -0.0000 650.0000 9.0182 99.2188
7.8959 932 370 370 932 1.1642 -0.0000 -2.6842 -0.0000 651.5625 5.4172 99.2188
7.9025 934 369 369 934 1.1659 -0.0000 -2.6436 -0.0000 651.5625 5.0510 99.2188
7.9092 947 355 355 947 1.1422 -0.0000 -2.6276 -0.0000 651.5625 0.6564 99.2188
7.9158 929 374 374 929 1.1889 -0.0000 -2.6934 -0.0000 651.5625 6.6989 99.2188
7.9224 974 328 328 974 1.1394 -0.0000 -2.7896 -0.0000 651.5625 -8.4378 99.2188
7.9291 928 375 375 928 1.1885 -0.0000 -2.9976 -0.0000 651.5625 7.0651 99.2188
7.9357 896 406 406 896 1.2677 -0.0000 -3.1573 -0.0000 651.5625 17.6242 99.2188
7.9424 922 380 380 922 1.2879 -0.0000 -3.1833 -0.0000 651.5625 8.9572 99.2188
7.9490 929 374 374 929 1.2863 -0.0000 -3.1896 -0.0000 651.5625 6.6989 99.2188
7.9557 941 361 361 941 1.2656 -0.0000 -3.0753 -0.0000 651.5625 2.6096 99.2188
7.9623 954 349 349 954 1.2210 -0.0000 -2.9651 -0.0000 651.5625 -1.6019 99.2188
7.9690 943 359 359 943 1.2197 -0.0000 -2.8084 -0.0000 651.5625 1.9382 99.2188
7.9756 948 354 354 948 1.2238 -0.0000 -2.7664 -0.0000 651.5625 0.3513 99.2188
7.9822 903 400 400 903 1.3230 -0.0000 -2.7281 -0.0000 651.5625 15.3659 99.2188
7.9889 915 387 387 915 1.3977 -0.0000 -2.7368 -0.0000 651.5625 11.2155 99.2188
7.9955 949 353 353 949 1.3820 -0.0000 -2.8019 -0.0000 651.5625 -0.0760 99.2188
8.0021 974 328 328 974 1.3228 -0.0000 -2.9389 -0.0000 651.5625 -8.4378 99.2188
8.0087 966 336 336 966 1.2602 -0.0000 -2.9593 -0.0000 651.5625 -5.8133 99.2188
8.0155 904 398 398 904 1.3267 -0.0000 -2.8780 -0.0000 651.5625 14.8166 99.2188
8.0225 905 397 397 905 1.3689 -0.0000 -2.7848 -0.0000 651.5625 14.5724 99.2188
8.0292 916 386 386 916 1.3862 -0.0000 -2.7939 -0.0000 651.5625 10.9714 99.2188
8.0359 961 341 341 961 1.3210 -0.0000 -2.8830 -0.0000 651.5625 -4.0433 99.2188
8.0425 943 359 359 943 1.3233 -0.0000 -3.0029 -0.0000 651.5625 1.8771 99.2188
8.0491 910 393 393 910 1.4139 -0.0000 -3.0588 -0.0000 651.5625 13.0466 99.2188
8.0558 927 376 376 927 1.4585 -0.0000 -3.1067 -0.0000 651.5625 7.3703 99.2188
8.0624 941 361 361 941 1.4508 -0.0000 -3.0676 -0.0000 651.5625 2.4875 99.2188
8.0691 936 366 366 936 1.4234 -0.0000 -2.9988 -0.0000 651.5625 4.2575 99.2188
8.0757 964 338 338 964 1.3199 -0.0000 -2.9152 -0.0000 651.5625 -5.0198 99.2188
8.0824 940 363 363 940 1.2851 -0.0000 -2.8039 -0.0000 651.5625 3.0368 99.2188
8.0890 916 386 386 916 1.3279 -0.0000 -2.8438 -0.0000 651.5625 10.9103 99.2188
8.0957 936 367 367 936 1.3509 -0.0000 -2.8098 -0.0000 651.5625 4.3796 99.2188
8.1023 933 369 369 933 1.4002 -0.0000 -2.9157 -0.0000 651.5625 5.1120 99.2188
8.1090 949 353 353 949 1.3956 -0.0000 -2.9744 -0.0000 651.5625 -0.0760 99.2188
8.1156 970 332 332 970 1.3481 -0.0000 -3.1011 -0.0000 651.5625 -7.0950 99.2188
8.1223 941 362 362 941 1.3324 -0.0000 -3.0739 -0.0000 651.5625 2.7316 99.2188
8.1289 945 358 358 945 1.3127 -0.0000 -2.9663 -0.0000 651.5625 1.3889 99.2188
8.1355 947 355 355 947 1.2693 -0.0000 -2.8288 -0.0000 651.5625 0.4123 99.2188
8.1422 925 374 374 925 1.2851 -0.0000 -2.7013 -0.0000 650.0000 7.4924 99.2188
8.1489 942 357 357 942 1.2637 -0.0000 -2.8062 -0.0000 650.0000 1.5720 99.2188
8.1555 937 362 362 937 1.2744 -0.0000 -2.9255 -0.0000 650.0000 3.2809 99.2188
8.1622 963 336 336 963 1.2377 -0.0000 -3.0997 -0.0000 650.0000 -5.4471 99.2188
8.1688 945 354 354 945 1.2405 -0.0000 -3.2076 -0.0000 650.0000 0.7175 99.2188
8.1755 931 368 368 931 1.2589 -0.0000 -3.1118 -0.0000 650.0000 5.5392 99.2188
8.1822 931 368 368 931 1.2639 -0.0000 -3.0396 -0.0000 650.0000 5.4782 99.2188
8.1888 939 360 360 939 1.2463 -0.0000 -3.0296 -0.0000 650.0000 2.7316 99.2188
8.1954 945 354 354 945 1.2133 -0.0000 -3.1858 -0.0000 650.0000 0.7175 99.2188
8.2021 926 373 373 926 1.2120 -0.0000 -3.3609 -0.0000 650.0000 6.9431 99.2188
8.2087 907 392 392 907 1.2571 -0.0000 -3.4996 -0.0000 650.0000 13.4128 99.2188
8.2154 912 387 387 912 1.2903 -0.0000 -3.5927 -0.0000 650.0000 11.6428 99.2188
8.2221 923 376 376 923 1.3174 -0.0000 -3.5758 -0.0000 650.0000 7.9196 99.2188
8.2287 951 348 348 951 1.2884 -0.0000 -3.5576 -0.0000 650.0000 -1.1746 99.2188
8.2354 934 365 365 934 1.3222 -0.0000 -3.4682 -0.0000 650.0000 4.4406 99.2188
8.2420 943 356 356 943 1.3439 -0.0000 -3.3520 -0.0000 650.0000 1.3278 99.2188
8.2487 921 378 378 921 1.3976 -0.0000 -3.1715 -0.0000 650.0000 8.7131 99.2188
8.2553 908 391 391 908 1.4630 -0.0000 -3.0652 -0.0000 650.0000 13.1686 99.2188
8.2619 899 400 400 899 1.5136 -0.0000 -3.1345 -0.0000 650.0000 16.1594 99.2188
8.2686 943 356 356 943 1.4780 -0.0000 -3.2212 -0.0000 650.0000 1.4499 99.2188
8.2752 944 355 355 944 1.4304 -0.0000 -3.3435 -0.0000 650.0000 1.1447 99.2188
8.2819 944 355 355 944 1.4107 -0.0000 -3.4092 -0.0000 650.0000 1.0837 99.2188
8.2886 933 366 366 933 1.4216 -0.0000 -3.3968 -0.0000 650.0000 4.8679 99.2188
8.2952 921 378 378 921 1.4646 -0.0000 -3.3458 -0.0000 650.0000 8.5910 99.2188
8.3018 924 375 375 924 1.5008 -0.0000 -3.2632 -0.0000 650.0000 7.7975 99.2188
8.3085 931 368 368 931 1.5062 -0.0000 -3.2578 -0.0000 650.0000 5.2341 99.2188
8.3151 930 369 369 930 1.5042 -0.0000 -3.2614 -0.0000 650.0000 5.8444 99.2188
8.3218 946 353 353 946 1.4583 -0.0000 -3.4607 -0.0000 650.0000 0.4123 99.2188
8.3285 933 366 366 933 1.4535 -0.0000 -3.7008 -0.0000 650.0000 4.7458 99.2188
8.3351 932 367 367 932 1.4549 -0.0000 -3.9047 -0.0000 650.0000 5.1120 99.2188
8.3418 944 355 355 944 1.4380 -0.0000 -3.8659 -0.0000 650.0000 1.0226 99.2188
8.3485 929 370 370 929 1.4581 -0.0000 -3.8965 -0.0000 650.0000 5.9055 99.2188
8.3551 919 380 380 919 1.5055 -0.0000 -3.8431 -0.0000 650.0000 9.3845 99.2188
8.3618 939 360 360 939 1.4904 -0.0000 -3.8467 -0.0000 650.0000 2.8537 99.2188
8.3684 944 355 355 944 1.4559 -0.0000 -3.8513 -0.0000 650.0000 1.2057 99.2188
8.3751 924 375 375 924 1.4482 -0.0000 -3.7928 -0.0000 650.0000 7.6144 99.2188
8.3817 894 405 405 894 1.5309 -0.0000 -3.8626 -0.0000 650.0000 17.8073 99.2188
8.3884 906 393 393 906 1.5843 -0.0000 -3.9332 -0.0000 650.0000 13.7180 99.2188
8.3950 948 351 351 948 1.5750 -0.0000 -3.9828 -0.0000 650.0000 -0.2591 99.2188
8.4017 966 333 333 966 1.5231 -0.0000 -3.9803 -0.0000 650.0000 -6.3016 99.2188
8.4083 956 343 343 956 1.5022 -0.0000 -3.9884 -0.0000 650.0000 -3.0667 99.2188
8.4150 977 322 322 977 1.4153 -0.0000 -3.9578 -0.0000 650.0000 -9.8416 99.2188
8.4216 909 390 390 909 1.4600 -0.0000 -3.8580 -0.0000 650.0000 12.6193 99.2188
8.4283 904 395 395 904 1.5130 -0.0000 -3.8024 -0.0000 650.0000 14.3893 99.2188
8.4349 906 393 393 906 1.5664 -0.0000 -3.7882 -0.0000 650.0000 13.5959 99.2188
8.4415 925 374 374 925 1.6037 -0.0000 -3.7878 -0.0000 650.0000 7.4924 99.2188
8.4482 969 330 330 969 1.5400 -0.0000 -3.9126 -0.0000 650.0000 -7.4002 99.2188
8.4550 920 379 379 920 1.5912 -0.0000 -3.9494 -0.0000 650.0000 9.2014 99.2188
8.4616 955 344 344 955 1.5443 -0.0000 -4.0013 -0.0000 650.0000 -2.7005 99.2188
8.4682 930 369 369 930 1.5273 -0.0000 -3.8779 -0.0000 650.0000 5.8444 99.2188
8.4748 903 396 396 903 1.5626 -0.0000 -3.7413 -0.0000 650.0000 14.8166 99.2188
8.4814 946 353 353 946 1.5068 -0.0000 -3.5206 -0.0000 650.0000 0.2292 99.2188
8.4880 967 332 332 967 1.4329 -0.0000 -3.4111 -0.0000 650.0000 -6.6678 99.2188
8.4946 967 332 332 967 1.3793 -0.0000 -3.3232 -0.0000 650.0000 -6.4847 99.2188
8.5012 944 355 355 944 1.3741 -0.0000 -3.4390 -0.0000 650.0000 1.0837 99.2188
8.5079 897 402 402 897 1.4552 -0.0000 -3.5180 -0.0000 650.0000 16.7087 99.2188
8.5145 934 365 365 934 1.4346 -0.0000 -3.5868 -0.0000 650.0000 4.2575 99.2188
8.5212 931 368 368 931 1.4347 -0.0000 -3.5732 -0.0000 650.0000 5.4782 99.2188
8.5279 973 326 326 973 1.3599 -0.0000 -3.5519 -0.0000 650.0000 -8.4988 99.2188
8.5345 971 328 328 971 1.2962 -0.0000 -3.4679 -0.0000 650.0000 -8.0106 99.2188
8.5412 965 334 334 965 1.2451 -0.0000 -3.3507 -0.0000 650.0000 -5.8743 99.2188
8.5479 939 360 360 939 1.2424 -0.0000 -3.2536 -0.0000 650.0000 2.8537 99.2188
8.5545 898 401 401 898 1.3310 -0.0000 -3.2027 -0.0000 650.0000 16.2204 99.2188
8.5611 905 394 394 905 1.3959 -0.0000 -3.2783 -0.0000 650.0000 14.0231 99.2188
8.5678 930 369 369 930 1.4139 -0.0000 -3.3925 -0.0000 650.0000 5.6003 99.2188
8.5744 963 336 336 963 1.3529 -0.0000 -3.5504 -0.0000 650.0000 -5.3250 99.2188
8.5810 960 339 339 960 1.3180 -0.0000 -3.5021 -0.0000 650.0000 -4.3484 99.2188
8.5877 937 362 362 937 1.3220 -0.0000 -3.3053 -0.0000 650.0000 3.3420 99.2188
8.5944 908 391 391 908 1.3824 -0.0000 -3.0982 -0.0000 650.0000 12.9855 99.2188
8.6010 910 389 389 910 1.4153 -0.0000 -3.1100 -0.0000 650.0000 12.2531 99.2188
8.6077 926 373 373 926 1.4178 -0.0000 -3.1552 -0.0000 650.0000 7.0651 99.2188
8.6144 959 340 340 959 1.3606 -0.0000 -3.1830 -0.0000 650.0000 -3.7991 99.2188
8.6210 928 371 371 928 1.3933 -0.0000 -3.1825 -0.0000 650.0000 6.2717 99.2188
8.6277 925 374 374 925 1.4339 -0.0000 -3.1331 -0.0000 650.0000 7.4313 99.2188
8.6343 897 402 402 897 1.5181 -0.0000 -3.0389 -0.0000 650.0000 16.6476 99.2188
8.6410 907 392 392 907 1.5639 -0.0000 -2.9521 -0.0000 650.0000 13.4738 99.2188
8.6478 935 364 364 935 1.5397 -0.0000 -2.8153 -0.0000 650.0000 4.1965 99.2188
8.6545 959 340 340 959 1.4670 -0.0000 -2.8034 -0.0000 650.0000 -3.8602 99.2188
8.6613 939 360 360 939 1.4480 -0.0000 -2.8074 -0.0000 650.0000 2.6706 99.2188
8.6679 904 395 395 904 1.5153 -0.0000 -2.8264 -0.0000 650.0000 14.3893 99.2188
8.6746 910 389 389 910 1.5754 -0.0000 -2.8622 -0.0000 650.0000 12.3141 99.2188
8.6813 944 355 355 944 1.5733 -0.0000 -2.8970 -0.0000 650.0000 1.1447 99.2188
8.6880 936 363 363 936 1.5696 -0.0000 -2.8764 -0.0000 650.0000 3.5861 99.2188
8.6946 955 344 344 955 1.5298 -0.0000 -2.7958 -0.0000 650.0000 -2.7615 99.2188
8.7013 898 401 401 898 1.5900 -0.0000 -2.6450 -0.0000 650.0000 16.3425 99.2188
8.7080 914 385 385 914 1.6202 -0.0000 -2.6221 -0.0000 650.0000 10.9103 99.2188
8.7147 927 372 372 927 1.6142 -0.0000 -2.5525 -0.0000 650.0000 6.8210 99.2188
8.7213 912 387 387 912 1.6692 -0.0000 -2.4823 -0.0000 650.0000 11.6428 99.2188
8.7280 957 342 342 957 1.6417 -0.0000 -2.6614 -0.0000 650.0000 -3.4329 99.2188
8.7347 943 356 356 943 1.6518 -0.0000 -2.8077 -0.0000 650.0000 1.5109 99.2188
8.7414 917 382 382 917 1.7003 -0.0000 -2.9452 -0.0000 650.0000 9.9338 99.2188
8.7480 935 364 364 935 1.6803 -0.0000 -2.8885 -0.0000 650.0000 4.0134 99.2188
8.7547 924 375 375 924 1.6760 -0.0000 -2.8890 -0.0000 650.0000 7.5534 99.2188
8.7614 918 381 381 918 1.6727 -0.0000 -2.8916 -0.0000 650.0000 9.8117 99.2188
8.7680 915 384 384 915 1.6925 -0.0000 -2.9262 -0.0000 650.0000 10.6662 99.2188
8.7747 925 374 374 925 1.6918 -0.0000 -2.9508 -0.0000 650.0000 7.4924 99.2188
8.7814 945 354 354 945 1.6814 -0.0000 -3.0972 -0.0000 650.0000 0.5954 99.2188
8.7880 966 333 333 966 1.6328 -0.0000 -3.2734 -0.0000 650.0000 -6.3016 99.2188
8.7947 934 365 365 934 1.6423 -0.0000 -3.4522 -0.0000 650.0000 4.2575 99.2188
8.8014 947 352 352 947 1.6043 -0.0000 -3.4481 -0.0000 650.0000 -0.0760 99.2188
8.8083 934 365 365 934 1.5927 -0.0000 -3.4542 -0.0000 650.0000 4.4406 99.2188
8.8151 958 341 341 958 1.5198 -0.0000 -3.4192 -0.0000 650.0000 -3.5550 99.2188
8.8218 921 378 378 921 1.5340 -0.0000 -3.3437 -0.0000 650.0000 8.5910 99.2188
8.8285 925 374 374 925 1.5426 -0.0000 -3.4374 -0.0000 650.0000 7.4313 99.2188
8.8352 890 409 409 890 1.6480 -0.0000 -3.4513 -0.0000 650.0000 18.9059 99.2188
8.8418 920 379 379 920 1.6979 -0.0000 -3.5481 -0.0000 650.0000 8.9572 99.2188
8.8485 940 359 359 940 1.6993 -0.0000 -3.6152 -0.0000 650.0000 2.3654 99.2188
8.8552 957 342 342 957 1.6525 -0.0000 -3.6784 -0.0000 650.0000 -3.2498 99.2188
8.8618 958 341 341 958 1.5888 -0.0000 -3.5554 -0.0000 650.0000 -3.4940 99.2188
8.8685 947 352 352 947 1.5622 -0.0000 -3.3822 -0.0000 650.0000 0.1071 99.2188
8.8751 925 374 374 925 1.5768 -0.0000 -3.1637 -0.0000 650.0000 7.4924 99.2188
8.8817 923 376 376 923 1.6032 -0.0000 -2.9998 -0.0000 650.0000 7.9807 99.2188
8.8884 920 379 379 920 1.6255 -0.0000 -3.0256 -0.0000 650.0000 8.9572 99.2188
8.8951 955 344 344 955 1.5825 -0.0000 -3.1276 -0.0000 650.0000 -2.7615 99.2188
8.9018 965 334 334 965 1.5271 -0.0000 -3.2576 -0.0000 650.0000 -5.9354 99.2188
8.9084 989 310 310 989 1.4021 -0.0000 -3.1713 -0.0000 650.0000 -13.9310 99.2188
8.9150 950 349 349 950 1.3653 -0.0000 -3.0156 -0.0000 650.0000 -0.9915 99.2188
8.9217 973 326 326 973 1.2624 -0.0000 -2.8183 -0.0000 650.0000 -8.6819 99.2188
8.9284 926 373 373 926 1.2608 -0.0000 -2.6155 -0.0000 650.0000 7.0651 99.2188
8.9350 942 357 357 942 1.2185 -0.0000 -2.6661 -0.0000 650.0000 1.7551 99.2188
8.9417 925 374 374 925 1.2206 -0.0000 -2.7975 -0.0000 650.0000 7.4924 99.2188
8.9484 922 377 377 922 1.2487 -0.0000 -2.9004 -0.0000 650.0000 8.2858 99.2188
8.9550 906 393 393 906 1.3230 -0.0000 -2.9220 -0.0000 650.0000 13.7180 99.2188
8.9617 945 354 354 945 1.3287 -0.0000 -2.9914 -0.0000 650.0000 0.7785 99.2188
8.9683 953 346 346 953 1.3232 -0.0000 -2.9704 -0.0000 650.0000 -1.8460 99.2188
8.9750 959 340 340 959 1.2854 -0.0000 -2.8703 -0.0000 650.0000 -3.9212 99.2188
8.9817 934 365 365 934 1.2936 -0.0000 -2.7722 -0.0000 650.0000 4.3796 99.2188
8.9884 927 372 372 927 1.2896 -0.0000 -2.7583 -0.0000 650.0000 6.7599 99.2188
8.9950 897 402 402 897 1.3613 -0.0000 -2.8057 -0.0000 650.0000 16.8307 99.2188
9.0016 915 384 384 915 1.3799 -0.0000 -2.8306 -0.0000 650.0000 10.8493 99.2188
9.0083 955 344 344 955 1.3300 -0.0000 -2.9474 -0.0000 650.0000 -2.5174 99.2188
9.0149 941 358 358 941 1.3135 -0.0000 -3.0422 -0.0000 650.0000 1.9382 99.2188
9.0216 944 355 355 944 1.3196 -0.0000 -3.0462 -0.0000 650.0000 1.0226 99.2188
9.0283 926 373 373 926 1.3703 -0.0000 -2.9318 -0.0000 650.0000 7.0041 99.2188
9.0349 916 383 383 916 1.4330 -0.0000 -2.7662 -0.0000 650.0000 10.5441 99.2188
9.0415 898 401 401 898 1.5080 -0.0000 -2.7223 -0.0000 650.0000 16.4035 99.2188
9.0481 927 372 372 927 1.4972 -0.0000 -2.6846 -0.0000 650.0000 6.6989 99.2188
9.0547 935 364 364 935 1.4783 -0.0000 -2.7885 -0.0000 650.0000 4.1965 99.2188
9.0614 954 345 345 954 1.4214 -0.0000 -2.8738 -0.0000 650.0000 -2.1512 99.2188
9.0680 948 351 351 948 1.3913 -0.0000 -2.9575 -0.0000 650.0000 -0.4422 99.2188
9.0746 915 384 384 915 1.4284 -0.0000 -3.0722 -0.0000 650.0000 10.6662 99.2188
9.0812 909 390 390 909 1.4918 -0.0000 -3.0132 -0.0000 650.0000 12.5583 99.2188
9.0879 919 380 380 919 1.5362 -0.0000 -2.9505 -0.0000 650.0000 9.5065 99.2188
9.0947 922 377 377 922 1.5743 -0.0000 -2.8486 -0.0000 650.0000 8.3469 99.2188
9.1014 983 316 316 983 1.4570 -0.0000 -2.8595 -0.0000 650.0000 -11.7947 99.2188
9.1081 937 362 362 937 1.4466 -0.0000 -2.8277 -0.0000 650.0000 3.4030 99.2188
9.1148 928 371 371 928 1.4478 -0.0000 -3.0018 -0.0000 650.0000 6.2717 99.2188
9.1214 884 415 415 884 1.5537 -0.0000 -3.1076 -0.0000 650.0000 20.9201 99.2188
9.1282 944 355 355 944 1.5227 -0.0000 -3.2536 -0.0000 650.0000 0.9616 99.2188
9.1348 961 338 338 961 1.4767 -0.0000 -3.2993 -0.0000 650.0000 -4.5316 99.2188
9.1415 951 348 348 951 1.4554 -0.0000 -3.2202 -0.0000 650.0000 -1.1746 99.2188
9.1483 933 366 366 933 1.4621 -0.0000 -3.1056 -0.0000 650.0000 4.6848 99.2188
9.1550 901 398 398 901 1.5296 -0.0000 -3.0021 -0.0000 650.0000 15.4880 99.2188
9.1616 929 370 370 929 1.5226 -0.0000 -2.9887 -0.0000 650.0000 6.0275 99.2188
9.1683 923 376 376 923 1.5576 -0.0000 -3.0010 -0.0000 650.0000 8.1027 99.2188
9.1750 945 354 354 945 1.5378 -0.0000 -3.0744 -0.0000 650.0000 0.6564 99.2188
9.1816 952 347 347 952 1.5244 -0.0000 -3.1228 -0.0000 650.0000 -1.4798 99.2188
9.1883 954 345 345 954 1.4934 -0.0000 -3.1547 -0.0000 650.0000 -2.3953 99.2188
9.1949 934 365 365 934 1.5085 -0.0000 -3.1005 -0.0000 650.0000 4.3185 99.2188
9.2015 927 372 372 927 1.5038 -0.0000 -3.0230 -0.0000 650.0000 6.6379 99.2188
9.2082 913 386 386 913 1.5299 -0.0000 -2.9136 -0.0000 650.0000 11.5207 99.2188
9.2149 948 351 351 948 1.5027 -0.0000 -2.7806 -0.0000 650.0000 -0.1981 99.2188
9.2215 944 355 355 944 1.4883 -0.0000 -2.8682 -0.0000 650.0000 1.0226 99.2188
9.2282 972 327 327 972 1.4237 -0.0000 -2.9725 -0.0000 650.0000 -8.3768 99.2188
9.2349 917 382 382 917 1.4556 -0.0000 -3.0949 -0.0000 650.0000 9.9338 99.2188
9.2415 928 371 371 928 1.4517 -0.0000 -3.0490 -0.0000 650.0000 6.4548 99.2188
9.2482 905 394 394 905 1.4858 -0.0000 -2.9282 -0.0000 650.0000 13.9011 99.2188
9.2548 955 344 344 955 1.4207 -0.0000 -2.8325 -0.0000 650.0000 -2.7005 99.2188
9.2615 960 339 339 960 1.3512 -0.0000 -2.7303 -0.0000 650.0000 -4.4095 99.2188
9.2681 967 332 332 967 1.2864 -0.0000 -2.6392 -0.0000 650.0000 -6.4847 99.2188
9.2748 950 349 349 950 1.2658 -0.0000 -2.5625 -0.0000 650.0000 -0.9915 99.2188
9.2814 906 393 393 906 1.3592 -0.0000 -2.5068 -0.0000 650.0000 13.6569 99.2188
9.2881 907 392 392 907 1.4304 -0.0000 -2.5682 -0.0000 650.0000 13.4128 99.2188
9.2947 910 389 389 910 1.4937 -0.0000 -2.6215 -0.0000 650.0000 12.3141 99.2188
9.3014 966 333 333 966 1.4197 -0.0000 -2.6792 -0.0000 650.0000 -6.4236 99.2188
9.3080 966 333 333 966 1.3612 -0.0000 -2.6271 -0.0000 650.0000 -6.3016 99.2188
9.3147 952 347 347 952 1.3270 -0.0000 -2.5677 -0.0000 650.0000 -1.4798 99.2188
9.3213 943 356 356 943 1.3105 -0.0000 -2.3966 -0.0000 650.0000 1.3278 99.2188
9.3280 918 381 381 918 1.3373 -0.0000 -2.3157 -0.0000 650.0000 9.8727 99.2188
9.3346 910 389 389 910 1.3895 -0.0000 -2.3315 -0.0000 650.0000 12.2531 99.2188
9.3413 969 330 330 969 1.3314 -0.0000 -2.3491 -0.0000 650.0000 -7.2781 99.2188
9.3480 947 352 352 947 1.3326 -0.0000 -2.4612 -0.0000 650.0000 0.1071 99.2188
9.3546 957 342 342 957 1.3055 -0.0000 -2.4976 -0.0000 650.0000 -3.3719 99.2188
9.3613 905 394 394 905 1.3669 -0.0000 -2.4226 -0.0000 650.0000 14.2062 99.2188
9.3680 914 385 385 914 1.3937 -0.0000 -2.2138 -0.0000 650.0000 11.2155 99.2188
9.3746 954 345 345 954 1.3101 -0.0000 -2.0835 -0.0000 650.0000 -2.3953 99.2188
9.3813 949 350 350 949 1.2517 -0.0000 -1.9394 -0.0000 650.0000 -0.6863 99.2188
9.3879 941 358 358 941 1.2331 -0.0000 -1.9704 -0.0000 650.0000 1.9382 99.2188
9.3946 936 363 363 936 1.2386 -0.0000 -1.9872 -0.0000 650.0000 3.5861 99.2188
9.4013 906 393 393 906 1.3123 -0.0000 -1.9788 -0.0000 650.0000 13.6569 99.2188
9.4080 894 405 405 894 1.4116 -0.0000 -1.8813 -0.0000 650.0000 17.6242 99.2188
9.4146 975 324 324 975 1.3189 -0.0000 -1.6667 -0.0000 650.0000 -9.2923 99.2188
9.4213 977 322 322 977 1.2343 -0.0000 -1.4278 -0.0000 650.0000 -10.0247 99.2188
9.4280 979 320 320 979 1.1450 -0.0000 -1.2446 -0.0000 650.0000 -10.5740 99.2188
9.4347 919 380 380 919 1.1973 -0.0000 -1.0484 -0.0000 650.0000 9.3234 99.2188
9.4414 922 377 377 922 1.2262 -0.0000 -1.0070 -0.0000 650.0000 8.4689 99.2188
9.4480 938 361 361 938 1.2119 -0.0000 -0.8721 -0.0000 650.0000 3.0368 99.2188
9.4547 956 343 343 956 1.1671 -0.0000 -0.8069 -0.0000 650.0000 -3.0057 99.2188
9.4613 972 327 327 972 1.0968 -0.0000 -0.8334 -0.0000 650.0000 -8.1937 99.2188
9.4680 981 318 318 981 1.0255 -0.0000 -0.7533 -0.0000 650.0000 -11.1844 99.2188
9.4747 942 357 357 942 1.0280 -0.0000 -0.5927 -0.0000 650.0000 1.6940 99.2188
9.4814 954 345 345 954 1.0016 -0.0000 -0.4005 -0.0000 650.0000 -2.3953 99.2188
9.4880 970 329 329 970 0.9204 -0.0000 -0.2141 -0.0000 650.0000 -7.5833 99.2188
9.4947 944 355 355 944 0.9085 -0.0000 -0.1617 -0.0000 650.0000 1.0837 99.2188
9.5014 984 315 315 984 0.8011 -0.0000 -0.2602 -0.0000 650.0000 -12.2220 99.2188
9.5080 998 301 301 998 0.6830 -0.0000 -0.3012 -0.0000 650.0000 -16.7996 99.2188
9.5147 961 338 338 961 0.6418 -0.0000 -0.3863 -0.0000 650.0000 -4.4705 99.2188
9.5213 959 340 340 959 0.6037 -0.0000 -0.2746 -0.0000 650.0000 -3.9822 99.2188
9.5280 949 350 350 949 0.5760 -0.0000 -0.3067 -0.0000 650.0000 -0.7474 99.2188
9.5347 969 330 330 969 0.5032 -0.0000 -0.4400 -0.0000 650.0000 -7.1561 99.2188
9.5414 927 372 372 927 0.5178 -0.0000 -0.7458 -0.0000 650.0000 6.6379 99.2188
9.5480 913 386 386 913 0.5678 -0.0000 -0.9543 -0.0000 650.0000 11.5207 99.2188
9.5547 949 350 350 949 0.5472 -0.0000 -1.0263 -0.0000 650.0000 -0.6253 99.2188
9.5613 963 336 336 963 0.5107 -0.0000 -0.9671 -0.0000 650.0000 -5.1419 99.2188
9.5680 1002 297 297 1002 0.3912 -0.0000 -0.7602 -0.0000 650.0000 -18.3255 99.2188
9.5746 942 357 357 942 0.4032 -0.0000 -0.5281 -0.0000 650.0000 1.6330 99.2188
9.5812 958 341 341 958 0.3769 -0.0000 -0.3711 -0.0000 650.0000 -3.7381 99.2188
9.5879 932 367 367 932 0.4159 -0.0000 -0.2969 -0.0000 650.0000 5.1120 99.2188
9.5946 957 342 342 957 0.3914 -0.0000 -0.2650 -0.0000 650.0000 -3.3719 99.2188
9.6013 968 331 331 968 0.3462 -0.0000 -0.2461 -0.0000 650.0000 -6.9730 99.2188
9.6080 970 329 329 970 0.2885 -0.0000 -0.1874 -0.0000 650.0000 -7.4612 99.2188
9.6146 983 316 316 983 0.2073 -0.0000 -0.1515 -0.0000 650.0000 -11.9778 99.2188
9.6213 924 375 375 924 0.2500 -0.0000 -0.0953 -0.0000 650.0000 7.7365 99.2188
9.6280 941 358 358 941 0.2730 -0.0000 -0.1305 -0.0000 650.0000 2.0602 99.2188
9.6346 961 338 338 961 0.2444 -0.0000 -0.2496 -0.0000 650.0000 -4.6536 99.2188
9.6414 945 354 354 945 0.2599 -0.0000 -0.3947 -0.0000 650.0000 0.5954 99.2188
9.6481 960 339 339 960 0.2288 -0.0000 -0.4777 -0.0000 650.0000 -4.1653 99.2188
9.6547 942 357 357 942 0.2378 -0.0000 -0.3939 -0.0000 650.0000 1.6330 99.2188
9.6614 930 369 369 930 0.2547 -0.0000 -0.2937 -0.0000 650.0000 5.6613 99.2188
9.6681 926 373 373 926 0.2850 -0.0000 -0.2472 -0.0000 650.0000 7.0651 99.2188
9.6747 978 321 321 978 0.2100 -0.0000 -0.4071 -0.0000 650.0000 -10.3299 99.2188
9.6814 966 333 333 966 0.1794 -0.0000 -0.5294 -0.0000 650.0000 -6.4236 99.2188
9.6881 953 346 346 953 0.1825 -0.0000 -0.6301 -0.0000 650.0000 -2.0291 99.2188
9.6947 950 349 349 950 0.1820 -0.0000 -0.5151 -0.0000 650.0000 -1.1136 99.2188
9.7014 923 376 376 923 0.2176 -0.0000 -0.4586 -0.0000 650.0000 7.9807 99.2188
9.7080 946 353 353 946 0.1889 -0.0000 -0.3496 -0.0000 650.0000 0.3513 99.2188
9.7147 925 374 374 925 0.1967 -0.0000 -0.4572 -0.0000 650.0000 7.3093 99.2188
9.7214 937 362 362 937 0.2052 -0.0000 -0.5553 -0.0000 650.0000 3.4641 99.2188
9.7281 920 379 379 920 0.2677 -0.0000 -0.5483 -0.0000 650.0000 9.0182 99.2188
9.7347 940 359 359 940 0.3179 -0.0000 -0.4285 -0.0000 650.0000 2.4875 99.2188
9.7414 974 325 325 974 0.2765 -0.0000 -0.2934 -0.0000 650.0000 -9.0482 99.2188
9.7481 952 347 347 952 0.2810 -0.0000 -0.1394 -0.0000 650.0000 -1.5408 99.2188
9.7547 984 315 315 984 0.1741 -0.0000 0.0477 -0.0000 650.0000 -12.3441 99.2188
9.7614 936 363 363 936 0.1747 -0.0000 0.1420 -0.0000 650.0000 3.8303 99.2188
9.7681 942 357 357 942 0.1519 -0.0000 0.2098 -0.0000 650.0000 1.5720 99.2188
9.7747 952 347 347 952 0.1449 -0.0000 0.1874 -0.0000 650.0000 -1.6019 99.2188
9.7814 974 325 325 974 0.1130 -0.0000 0.1095 -0.0000 650.0000 -8.8651 99.2188
9.7880 985 314 314 985 0.0685 -0.0000 0.1097 -0.0000 650.0000 -12.5882 99.2188
9.7947 961 338 338 961 0.0669 -0.0000 0.2480 -0.0000 650.0000 -4.5926 99.2188
9.8013 938 361 361 938 0.0877 -0.0000 0.4155 -0.0000 650.0000 3.1589 99.2188
9.8080 938 361 361 938 0.0887 -0.0000 0.5970 -0.0000 650.0000 2.9758 99.2188
9.8147 974 325 325 974 -0.0030 -0.0000 0.5226 -0.0000 650.0000 -8.8040 99.2188
9.8213 955 344 344 955 -0.0387 -0.0000 0.3323 -0.0000 650.0000 -2.4564 99.2188
9.8280 965 334 334 965 -0.0741 -0.0000 0.0393 -0.0000 650.0000 -5.8133 99.2188
9.8346 956 343 343 956 -0.0720 -0.0000 0.0137 -0.0000 650.0000 -3.0667 99.2188
9.8413 910 389 389 910 0.0278 -0.0000 -0.0291 -0.0000 650.0000 12.4973 99.2188
9.8480 938 361 361 938 0.0616 -0.0000 -0.0127 -0.0000 650.0000 2.9758 99.2188
9.8546 950 349 349 950 0.0570 -0.0000 -0.2760 -0.0000 650.0000 -0.8694 99.2188
9.8613 915 384 384 915 0.1251 -0.0000 -0.4160 -0.0000 650.0000 10.7272 99.2188
9.8680 924 375 375 924 0.1546 -0.0000 -0.5324 -0.0000 650.0000 7.8586 99.2188
9.8746 914 385 385 914 0.2003 -0.0000 -0.4431 -0.0000 650.0000 11.1545 99.2188
9.8813 949 350 350 949 0.1713 -0.0000 -0.2120 -0.0000 650.0000 -0.7474 99.2188
9.8880 971 328 328 971 0.1132 -0.0000 0.0389 -0.0000 650.0000 -8.0716 99.2188
9.8946 991 308 308 991 0.0167 -0.0000 0.3161 -0.0000 650.0000 -14.6024 99.2188
9.9013 995 304 304 995 -0.0714 -0.0000 0.5176 -0.0000 650.0000 -16.0672 99.2188
9.9080 935 364 364 935 -0.0257 -0.0000 0.5074 -0.0000 650.0000 4.1965 99.2188
9.9146 925 374 374 925 0.0526 -0.0000 0.4644 -0.0000 650.0000 7.4924 99.2188
9.9213 942 357 357 942 0.0675 -0.0000 0.4896 -0.0000 650.0000 1.5720 99.2188
9.9280 945 354 354 945 0.0698 -0.0000 0.5433 -0.0000 650.0000 0.5954 99.2188
9.9346 994 305 305 994 -0.0481 -0.0000 0.5099 -0.0000 650.0000 -15.6400 99.2188
9.9413 972 327 327 972 -0.0972 -0.0000 0.5585 -0.0000 650.0000 -8.3768 99.2188
9.9480 943 356 356 943 -0.0769 -0.0000 0.6074 -0.0000 650.0000 1.3278 99.2188
9.9546 922 377 377 922 -0.0028 -0.0000 0.6508 -0.0000 650.0000 8.4689 99.2188
9.9613 940 359 359 940 0.0154 -0.0000 0.5416 -0.0000 650.0000 2.4265 99.2188
9.9680 959 340 340 959 -0.0085 -0.0000 0.3062 -0.0000 650.0000 -3.8602 99.2188
9.9746 950 349 349 950 -0.0183 -0.0000 0.0714 -0.0000 650.0000 -0.9915 99.2188
9.9813 927 372 372 927 0.0093 -0.0000 -0.0372 -0.0000 650.0000 6.6989 99.2188
9.9880 920 379 379 920 0.0519 -0.0000 0.1019 -0.0000 650.0000 8.8962 99.2188
9.9946 945 354 354 945 0.0336 -0.0000 0.2084 -0.0000 650.0000 0.5954 99.2188
10.0013 953 346 346 953 0.0166 -0.0000 0.1899 -0.0000 650.0000 -1.8460 99.2188
10.0080 972 327 327 972 -0.0382 -0.0000 0.0227 -0.0000 650.0000 -8.3157 99.2188
10.0147 936 363 363 936 0.0079 -0.0000 -0.1188 -0.0000 650.0000 3.7692 99.2188
10.0213 960 339 339 960 -0.0062 -0.0000 -0.1962 -0.0000 650.0000 -4.2264 99.2188
10.0280 923 376 376 923 0.0488 -0.0000 -0.1362 -0.0000 650.0000 7.9807 99.2188
10.0347 932 367 367 932 0.0715 -0.0000 -0.0486 -0.0000 650.0000 4.9289 99.2188
10.0414 956 343 343 956 0.0281 -0.0000 0.0351 -0.0000 650.0000 -3.0667 99.2188
10.0481 956 343 343 956 -0.0131 -0.0000 0.0710 -0.0000 650.0000 -3.0667 99.2188
10.0547 905 394 394 905 0.0684 -0.0000 0.0396 -0.0000 650.0000 13.9621 99.2188
10.0614 906 393 393 906 0.1717 -0.0000 -0.0590 -0.0000 650.0000 13.6569 99.2188
10.0680 926 373 373 926 0.2511 -0.0000 -0.2007 -0.0000 650.0000 7.0651 99.2188
10.0747 963 336 336 963 0.2338 -0.0000 -0.2470 -0.0000 650.0000 -5.4471 99.2188
10.0814 956 343 343 956 0.2099 -0.0000 -0.2503 -0.0000 650.0000 -3.0057 99.2188
10.0879 956 343 343 956 0.1634 -0.0000 -0.1740 -0.0000 650.0000 -2.9446 99.2188
10.0946 967 332 332 967 0.0998 -0.0000 -0.0820 -0.0000 650.0000 -6.5457 99.2188
10.1013 930 369 369 930 0.1262 -0.0000 0.0516 -0.0000 650.0000 5.6613 99.2188
10.1080 937 362 362 937 0.1587 -0.0000 0.1088 -0.0000 650.0000 3.2199 99.2188
10.1147 953 346 346 953 0.1866 -0.0000 0.1577 -0.0000 650.0000 -1.8460 99.2188
10.1213 967 332 332 967 0.1719 -0.0000 0.1051 -0.0000 650.0000 -6.6068 99.2188
10.1280 961 338 338 961 0.1712 -0.0000 0.0492 -0.0000 650.0000 -4.5926 99.2188
10.1347 943 356 356 943 0.1612 -0.0000 0.1060 -0.0000 650.0000 1.3889 99.2188
10.1414 934 365 365 934 0.1648 -0.0000 0.3105 -0.0000 650.0000 4.3796 99.2188
10.1481 927 372 372 927 0.1612 -0.0000 0.6122 -0.0000 650.0000 6.5768 99.2188
10.1548 940 359 359 940 0.1433 -0.0000 0.9154 -0.0000 650.0000 2.2433 99.2188
10.1615 950 349 349 950 0.1134 -0.0000 0.9198 -0.0000 650.0000 -0.9915 99.2188
10.1681 985 314 314 985 0.0359 -0.0000 0.9314 -0.0000 650.0000 -12.6492 99.2188
10.1748 964 339 339 964 0.0273 -0.0000 1.0146 -0.0000 651.5625 -4.9588 99.2188
10.1815 975 327 327 975 -0.0115 -0.0000 1.1773 -0.0000 651.5625 -8.9261 99.2188
10.1882 980 322 322 980 -0.0783 -0.0000 1.2584 -0.0000 651.5625 -10.4520 99.2188
10.1948 940 363 363 940 -0.0773 -0.0000 1.2382 -0.0000 651.5625 3.0368 99.2188
10.2015 956 346 346 956 -0.1215 -0.0000 1.0866 -0.0000 651.5625 -2.3343 99.2188
10.2082 912 391 391 912 -0.0556 -0.0000 0.8989 -0.0000 651.5625 12.3752 99.2188
10.2149 908 394 394 908 0.0401 -0.0000 0.6215 -0.0000 651.5625 13.5959 99.2188
10.2215 869 433 433 869 0.2395 -0.0000 0.3864 -0.0000 651.5625 26.6574 99.2188
10.2282 948 354 354 948 0.2567 -0.0000 0.1338 -0.0000 651.5625 0.3513 99.2188
10.2348 934 368 368 934 0.2963 -0.0000 0.0780 -0.0000 651.5625 4.9899 99.2188
10.2414 916 386 386 916 0.3504 -0.0000 0.0712 -0.0000 651.5625 10.9103 99.2188
10.2480 932 370 370 932 0.3793 -0.0000 0.2017 -0.0000 651.5625 5.6613 99.2188
10.2547 920 382 382 920 0.4259 -0.0000 0.2808 -0.0000 651.5625 9.5065 99.2188
10.2613 902 400 400 902 0.5166 -0.0000 0.3099 -0.0000 651.5625 15.4269 99.2188
10.2680 910 392 392 910 0.6029 -0.0000 0.2236 -0.0000 651.5625 12.8024 99.2188
10.2746 939 363 363 939 0.6163 -0.0000 0.1721 -0.0000 651.5625 3.0978 99.2188
10.2813 940 362 362 940 0.6445 -0.0000 -0.0044 -0.0000 651.5625 2.8537 99.2188
10.2880 961 341 341 961 0.6145 -0.0000 -0.1228 -0.0000 651.5625 -4.1653 99.2188
10.2947 919 383 383 919 0.6686 -0.0000 -0.2264 -0.0000 651.5625 9.7507 99.2188
10.3013 930 372 372 930 0.6750 -0.0000 -0.2585 -0.0000 651.5625 6.2717 99.2188
10.3080 914 388 388 914 0.7136 -0.0000 -0.2445 -0.0000 651.5625 11.5207 99.2188
10.3147 897 405 405 897 0.8010 -0.0000 -0.2114 -0.0000 651.5625 17.0749 99.2188
10.3213 929 373 373 929 0.8286 -0.0000 -0.2949 -0.0000 651.5625 6.5158 99.2188
10.3280 977 325 325 977 0.7636 -0.0000 -0.3876 -0.0000 651.5625 -9.5364 99.2188
10.3346 939 363 363 939 0.7834 -0.0000 -0.5573 -0.0000 651.5625 3.2199 99.2188
10.3413 935 367 367 935 0.8040 -0.0000 -0.7839 -0.0000 651.5625 4.6237 99.2188
10.3480 910 392 392 910 0.8524 -0.0000 -0.8835 -0.0000 651.5625 12.8024 99.2188
10.3546 937 365 365 937 0.8431 -0.0000 -0.9643 -0.0000 651.5625 3.9523 99.2188
10.3613 951 351 351 951 0.8094 -0.0000 -1.0013 -0.0000 651.5625 -0.7474 99.2188
10.3680 964 338 338 964 0.7829 -0.0000 -1.0550 -0.0000 651.5625 -5.0809 99.2188
10.3746 974 328 328 974 0.7281 -0.0000 -0.9439 -0.0000 651.5625 -8.3768 99.2188
10.3813 955 347 347 955 0.7328 -0.0000 -0.8157 -0.0000 651.5625 -2.2122 99.2188
10.3880 941 361 361 941 0.7426 -0.0000 -0.7118 -0.0000 651.5625 2.4265 99.2188
10.3946 902 400 400 902 0.8325 -0.0000 -0.7596 -0.0000 651.5625 15.4880 99.2188
10.4013 919 383 383 919 0.8635 -0.0000 -0.8599 -0.0000 651.5625 9.8727 99.2188
10.4080 960 342 342 960 0.8108 -0.0000 -0.9893 -0.0000 651.5625 -3.7381 99.2188
10.4146 944 358 358 944 0.8048 -0.0000 -1.0930 -0.0000 651.5625 1.4499 99.2188
10.4213 946 356 356 946 0.7942 -0.0000 -1.1183 -0.0000 651.5625 0.8395 99.2188
10.4280 954 348 348 954 0.7758 -0.0000 -1.0015 -0.0000 651.5625 -1.9070 99.2188
10.4347 954 348 348 954 0.7398 -0.0000 -0.8534 -0.0000 651.5625 -1.7239 99.2188
10.4414 918 384 384 918 0.7842 -0.0000 -0.7107 -0.0000 651.5625 10.1779 99.2188
10.4481 949 353 353 949 0.7537 -0.0000 -0.7632 -0.0000 651.5625 -0.1981 99.2188
10.4547 964 338 338 964 0.7128 -0.0000 -0.9823 -0.0000 651.5625 -5.0198 99.2188
10.4614 965 337 337 965 0.6749 -0.0000 -1.1501 -0.0000 651.5625 -5.4471 99.2188
10.4681 971 331 331 971 0.6232 -0.0000 -1.1189 -0.0000 651.5625 -7.4002 99.2188
10.4747 943 360 360 943 0.6270 -0.0000 -1.1773 -0.0000 651.5625 2.0602 99.2188
10.4814 949 353 353 949 0.6048 -0.0000 -1.1908 -0.0000 651.5625 -0.1981 99.2188
10.4880 952 350 350 952 0.5658 -0.0000 -1.2784 -0.0000 651.5625 -0.9915 99.2188
10.4947 953 349 349 953 0.5339 -0.0000 -1.3731 -0.0000 651.5625 -1.5408 99.2188
10.5014 914 389 389 914 0.5954 -0.0000 -1.4043 -0.0000 651.5625 11.7038 99.2188
10.5080 897 405 405 897 0.7121 -0.0000 -1.5580 -0.0000 651.5625 17.1970 99.2188
10.5147 896 406 406 896 0.8170 -0.0000 -1.6203 -0.0000 651.5625 17.5021 99.2188
10.5213 934 369 369 934 0.8374 -0.0000 -1.6308 -0.0000 651.5625 5.0510 99.2188
10.5280 965 338 338 965 0.7802 -0.0000 -1.5682 -0.0000 651.5625 -5.2640 99.2188
10.5347 932 370 370 932 0.8049 -0.0000 -1.4631 -0.0000 651.5625 5.5392 99.2188
10.5414 923 379 379 923 0.8530 -0.0000 -1.3301 -0.0000 651.5625 8.4079 99.2188
10.5481 941 361 361 941 0.8561 -0.0000 -1.2447 -0.0000 651.5625 2.6096 99.2188
10.5547 929 373 373 929 0.8957 -0.0000 -1.1287 -0.0000 651.5625 6.5768 99.2188
10.5614 918 381 381 918 0.9440 -0.0000 -1.0859 -0.0000 650.0000 9.6286 99.2188
10.5681 951 348 348 951 0.9378 -0.0000 -1.2036 -0.0000 650.0000 -1.2357 99.2188
10.5747 943 356 356 943 0.9312 -0.0000 -1.2757 -0.0000 650.0000 1.2668 99.2188
10.5814 935 364 364 935 0.9304 -0.0000 -1.3040 -0.0000 650.0000 4.1965 99.2188
10.5880 913 386 386 913 0.9544 -0.0000 -1.2064 -0.0000 650.0000 11.5207 99.2188
10.5947 930 369 369 930 0.9305 -0.0000 -1.0347 -0.0000 650.0000 5.6613 99.2188
10.6012 913 386 386 913 0.9586 -0.0000 -0.8047 -0.0000 650.0000 11.3376 99.2188
10.6079 948 351 351 948 0.9270 -0.0000 -0.5718 -0.0000 650.0000 -0.4422 99.2188
10.6145 977 322 322 977 0.8726 -0.0000 -0.4552 -0.0000 650.0000 -9.9637 99.2188
10.6212 936 363 363 936 0.9200 -0.0000 -0.3832 -0.0000 650.0000 3.6472 99.2188
10.6279 911 388 388 911 1.0155 -0.0000 -0.3593 -0.0000 650.0000 11.8869 99.2188
10.6346 911 388 388 911 1.0742 -0.0000 -0.4046 -0.0000 650.0000 12.0700 99.2188
10.6412 928 371 371 928 1.0867 -0.0000 -0.3501 -0.0000 650.0000 6.2717 99.2188
10.6479 959 340 340 959 1.0189 -0.0000 -0.2530 -0.0000 650.0000 -3.9212 99.2188
10.6545 962 337 337 962 0.9530 -0.0000 -0.1238 -0.0000 650.0000 -4.8978 99.2188
10.6612 984 315 315 984 0.8355 -0.0000 0.0302 -0.0000 650.0000 -12.1609 99.2188
10.6679 949 350 350 949 0.8195 -0.0000 0.2549 -0.0000 650.0000 -0.7474 99.2188
10.6746 968 334 334 968 0.7837 -0.0000 0.4158 -0.0000 651.5625 -6.4236 99.2188
10.6813 941 362 362 941 0.8233 -0.0000 0.5908 -0.0000 651.5625 2.7316 99.2188
10.6880 912 390 390 912 0.9079 -0.0000 0.5255 -0.0000 651.5625 12.3141 99.2188
10.6946 952 350 350 952 0.8862 -0.0000 0.4693 -0.0000 651.5625 -1.0526 99.2188
10.7013 976 326 326 976 0.8011 -0.0000 0.3698 -0.0000 651.5625 -9.1702 99.2188
10.7080 937 365 365 937 0.7820 -0.0000 0.4163 -0.0000 651.5625 4.0134 99.2188
10.7147 963 339 339 963 0.7242 -0.0000 0.5695 -0.0000 651.5625 -4.8367 99.2188
10.7213 970 332 332 970 0.6562 -0.0000 0.8195 -0.0000 651.5625 -7.1561 99.2188
10.7280 953 349 349 953 0.6604 -0.0000 0.9406 -0.0000 651.5625 -1.3577 99.2188
10.7347 797 502 502 797 0.5871 -0.0000 0.8988 -0.0000 650.0000 -11.6116 37.5000
10.7414 763 536 536 763 0.5877 -0.0000 0.7815 -0.0000 650.0000 -0.1981 37.5000
10.7481 725 574 574 725 0.6293 -0.0000 0.6986 -0.0000 650.0000 12.3752 37.5000
10.7547 732 567 567 732 0.6422 -0.0000 0.6445 -0.0000 650.0000 9.9338 37.5000
10.7614 768 531 531 768 0.5740 -0.0000 0.6154 -0.0000 650.0000 -2.0291 37.5000
10.7681 749 550 550 749 0.5862 -0.0000 0.6383 -0.0000 650.0000 4.4406 37.5000
10.7747 755 544 544 755 0.6053 -0.0000 0.6265 -0.0000 650.0000 2.2433 37.5000
10.7814 746 553 553 746 0.6657 -0.0000 0.5927 -0.0000 650.0000 5.4172 37.5000
10.7880 773 526 526 773 0.6588 -0.0000 0.5309 -0.0000 650.0000 -3.6160 37.5000
10.7947 741 558 558 741 0.7045 -0.0000 0.5268 -0.0000 650.0000 6.9431 37.5000
10.8014 759 540 540 759 0.6836 -0.0000 0.5079 -0.0000 650.0000 1.0837 37.5000
10.8080 765 534 534 765 0.6395 -0.0000 0.5467 -0.0000 650.0000 -0.9305 37.5000
10.8147 789 510 510 789 0.5490 -0.0000 0.4807 -0.0000 650.0000 -9.1092 37.5000
10.8213 746 553 553 746 0.5627 -0.0000 0.4917 -0.0000 650.0000 5.1730 37.5000
10.8280 787 512 512 787 0.4948 -0.0000 0.4654 -0.0000 650.0000 -8.3157 37.5000
10.8347 769 530 530 769 0.4627 -0.0000 0.4496 -0.0000 650.0000 -2.4564 37.5000
10.8413 739 560 560 739 0.5104 -0.0000 0.3800 -0.0000 650.0000 7.5534 37.5000
10.8480 760 539 539 760 0.5177 -0.0000 0.3940 -0.0000 650.0000 0.5954 37.5000
10.8547 731 568 568 731 0.5959 -0.0000 0.4439 -0.0000 650.0000 10.3610 37.5000
10.8614 805 494 494 805 0.5002 -0.0000 0.4662 -0.0000 650.0000 -14.4193 37.5000
10.8680 756 543 543 756 0.5033 -0.0000 0.6413 -0.0000 650.0000 1.9992 37.5000
10.8747 741 558 558 741 0.5287 -0.0000 0.5171 -0.0000 650.0000 6.9431 37.5000
10.8813 782 517 517 782 0.4564 -0.0000 0.4220 -0.0000 650.0000 -6.7288 37.5000
10.8880 748 551 551 748 0.4648 -0.0000 0.3868 -0.0000 650.0000 4.6848 37.5000
10.8946 770 529 529 770 0.4335 -0.0000 0.3564 -0.0000 650.0000 -2.5784 37.5000
10.9013 756 543 543 756 0.4513 -0.0000 0.3893 -0.0000 650.0000 1.9382 37.5000
10.9080 777 522 522 777 0.4288 -0.0000 0.4382 -0.0000 650.0000 -5.0198 37.5000
10.9146 757 542 542 757 0.4457 -0.0000 0.3188 -0.0000 650.0000 1.5720 37.5000
10.9213 793 506 506 793 0.3663 -0.0000 0.3056 -0.0000 650.0000 -10.3909 37.5000
10.9280 736 563 563 736 0.4000 -0.0000 0.3069 -0.0000 650.0000 8.6520 37.5000
10.9347 805 494 494 805 0.2791 -0.0000 0.1553 -0.0000 650.0000 -14.2361 37.5000
10.9413 717 582 582 717 0.3602 -0.0000 0.2176 -0.0000 650.0000 14.9997 37.5000
10.9480 747 552 552 747 0.3918 -0.0000 0.1464 -0.0000 650.0000 5.0510 37.5000
10.9546 791 508 508 791 0.3408 -0.0000 0.1495 -0.0000 650.0000 -9.6585 37.5000
10.9613 721 578 578 721 0.4474 -0.0000 0.2219 -0.0000 650.0000 13.7790 37.5000
10.9680 783 516 516 783 0.4073 -0.0000 0.2115 -0.0000 650.0000 -7.1561 37.5000
10.9746 775 524 524 775 0.3678 -0.0000 0.2258 -0.0000 650.0000 -4.4095 37.5000
10.9814 657 642 642 657 0.3339 -0.0000 0.2362 -0.0000 650.0000 -2.5174 0.0000
10.9880 682 617 617 682 0.2399 -0.0000 0.0658 -0.0000 650.0000 -10.7571 0.0000
10.9947 642 657 657 642 0.2564 -0.0000 0.0957 -0.0000 650.0000 2.4875 0.0000
11.0013 646 653 653 646 0.2693 -0.0000 -0.0178 -0.0000 650.0000 1.3278 0.0000
11.0080 643 656 656 643 0.2951 -0.0000 0.0855 -0.0000 650.0000 2.0602 0.0000
11.0146 661 638 638 661 0.2843 -0.0000 0.1300 -0.0000 650.0000 -3.7991 0.0000
11.0213 640 659 659 640 0.3145 -0.0000 0.1780 -0.0000 650.0000 3.1589 0.0000
11.0280 634 665 665 634 0.3415 -0.0000 0.1449 -0.0000 650.0000 5.1120 0.0000
11.0346 661 638 638 661 0.2925 -0.0000 0.2209 -0.0000 650.0000 -3.9212 0.0000
11.0412 663 636 636 663 0.2439 -0.0000 0.3109 -0.0000 650.0000 -4.5316 0.0000
11.0479 651 648 648 651 0.2286 -0.0000 0.1317 -0.0000 650.0000 -0.3812 0.0000
11.0545 641 658 658 641 0.2510 -0.0000 0.2610 -0.0000 650.0000 2.7927 0.0000
11.0612 664 635 635 664 0.2267 -0.0000 0.4271 -0.0000 650.0000 -4.7147 0.0000
11.0679 626 673 673 626 0.2832 -0.0000 0.2591 -0.0000 650.0000 7.9807 0.0000
11.0745 626 673 673 626 0.3232 -0.0000 0.3389 -0.0000 650.0000 7.8586 0.0000
11.0811 662 637 637 662 0.2857 -0.0000 0.2922 -0.0000 650.0000 -4.1653 0.0000
11.0878 630 669 669 630 0.3279 -0.0000 0.2879 -0.0000 650.0000 6.4548 0.0000
11.0944 659 640 640 659 0.3102 -0.0000 0.2504 -0.0000 650.0000 -3.3109 0.0000
11.1011 655 644 644 655 0.2936 -0.0000 0.2207 -0.0000 650.0000 -1.7239 0.0000
11.1077 596 703 703 596 0.3937 -0.0000 0.1689 -0.0000 650.0000 17.8683 0.0000
11.1143 658 641 641 658 0.3584 -0.0000 0.1710 -0.0000 650.0000 -2.9446 0.0000
11.1209 631 668 668 631 0.3902 -0.0000 0.1558 -0.0000 650.0000 6.2717 0.0000
11.1275 667 632 632 667 0.3494 -0.0000 0.1188 -0.0000 650.0000 -5.8743 0.0000
11.1341 659 640 640 659 0.3332 -0.0000 0.1513 -0.0000 650.0000 -3.2498 0.0000
11.1408 641 658 658 641 0.3611 -0.0000 0.1329 -0.0000 650.0000 2.9147 0.0000
11.1475 637 662 662 637 0.3939 -0.0000 0.0969 -0.0000 650.0000 4.3185 0.0000
11.1541 625 674 674 625 0.4295 -0.0000 0.2059 -0.0000 650.0000 8.1027 0.0000
11.1608 662 637 637 662 0.3790 -0.0000 0.1960 -0.0000 650.0000 -4.1043 0.0000
11.1674 666 633 633 666 0.3245 -0.0000 0.2091 -0.0000 650.0000 -5.5692 0.0000
11.1740 635 664 664 635 0.3512 -0.0000 0.2548 -0.0000 650.0000 4.8679 0.0000
11.1806 646 653 653 646 0.3537 -0.0000 0.1964 -0.0000 650.0000 1.1447 0.0000
11.1872 622 677 677 622 0.4084 -0.0000 0.2134 -0.0000 650.0000 9.0182 0.0000
11.1939 680 619 619 680 0.3419 -0.0000 0.2499 -0.0000 650.0000 -10.1468 0.0000
11.2006 643 656 656 643 0.3534 -0.0000 0.1610 -0.0000 650.0000 2.1823 0.0000
11.2072 636 663 663 636 0.3706 -0.0000 0.2741 -0.0000 650.0000 4.4406 0.0000
11.2139 672 627 627 672 0.3097 -0.0000 0.2091 -0.0000 650.0000 -7.5223 0.0000
11.2206 623 676 676 623 0.3627 -0.0000 0.0533 -0.0000 650.0000 8.8962 0.0000
11.2272 649 650 650 649 0.3606 -0.0000 0.2377 -0.0000 650.0000 0.2292 0.0000
11.2338 667 632 632 667 0.3210 -0.0000 0.1773 -0.0000 650.0000 -5.8133 0.0000
11.2405 643 656 656 643 0.3344 -0.0000 0.1211 -0.0000 650.0000 2.1213 0.0000
11.2472 649 650 650 649 0.3303 -0.0000 0.2235 -0.0000 650.0000 0.2292 0.0000
11.2539 644 655 655 644 0.3320 -0.0000 0.0664 -0.0000 650.0000 1.7551 0.0000
11.2606 642 657 657 642 0.3389 -0.0000 0.0823 -0.0000 650.0000 2.4265 0.0000
11.2672 665 634 634 665 0.3038 -0.0000 0.1450 -0.0000 650.0000 -5.2640 0.0000
11.2739 620 679 679 620 0.3668 -0.0000 0.0167 -0.0000 650.0000 9.8117 0.0000
11.2806 649 650 650 649 0.3618 -0.0000 0.0917 -0.0000 650.0000 0.2292 0.0000
11.2872 657 642 642 657 0.3371 -0.0000 0.1114 -0.0000 650.0000 -2.3343 0.0000
11.2939 605 694 694 605 0.4273 -0.0000 0.0753 -0.0000 650.0000 14.9387 0.0000
11.3006 648 651 651 648 0.4253 -0.0000 0.1623 -0.0000 650.0000 0.6564 0.0000
11.3072 642 657 657 642 0.4410 -0.0000 0.1025 -0.0000 650.0000 2.6096 0.0000
11.3138 628 671 671 628 0.4839 -0.0000 0.1720 -0.0000 650.0000 7.0651 0.0000
11.3205 671 628 628 671 0.4289 -0.0000 0.1713 -0.0000 650.0000 -7.0950 0.0000
11.3271 648 651 651 648 0.4187 -0.0000 0.0227 -0.0000 650.0000 0.5954 0.0000
11.3338 619 680 680 619 0.4728 -0.0000 0.0931 -0.0000 650.0000 10.1779 0.0000
11.3405 664 635 635 664 0.4314 -0.0000 0.0611 -0.0000 650.0000 -4.7147 0.0000
11.3471 648 651 651 648 0.4329 -0.0000 0.0812 -0.0000 650.0000 0.5344 0.0000
11.3538 607 692 692 607 0.5231 -0.0000 0.1225 -0.0000 650.0000 14.2062 0.0000
11.3605 664 635 635 664 0.4831 -0.0000 0.0814 -0.0000 650.0000 -4.9588 0.0000
11.3671 656 643 643 656 0.4540 -0.0000 0.1678 -0.0000 650.0000 -2.2122 0.0000
11.3738 602 697 697 602 0.5468 -0.0000 0.1065 -0.0000 650.0000 15.7321 0.0000
11.3805 674 625 625 674 0.4884 -0.0000 0.0447 -0.0000 650.0000 -8.0716 0.0000
11.3871 632 667 667 632 0.5189 -0.0000 0.1276 -0.0000 650.0000 5.8444 0.0000
11.3937 637 662 662 637 0.5370 -0.0000 0.0490 -0.0000 650.0000 4.2575 0.0000
11.4004 662 637 637 662 0.4995 -0.0000 0.0472 -0.0000 650.0000 -4.0433 0.0000
11.4071 621 678 678 621 0.5469 -0.0000 0.0229 -0.0000 650.0000 9.4455 0.0000
11.4137 627 672 672 627 0.5789 -0.0000 0.0045 -0.0000 650.0000 7.6144 0.0000
11.4204 656 643 643 656 0.5602 -0.0000 0.0690 -0.0000 650.0000 -2.1512 0.0000
11.4270 622 677 677 622 0.6211 -0.0000 -0.0241 -0.0000 650.0000 9.3234 0.0000
11.4337 679 620 620 679 0.5520 -0.0000 0.0325 -0.0000 650.0000 -9.9637 0.0000
11.4403 633 666 666 633 0.5712 -0.0000 0.0126 -0.0000 650.0000 5.3561 0.0000
11.4470 659 640 640 659 0.5365 -0.0000 -0.0263 -0.0000 650.0000 -3.0057 0.0000
11.4537 693 606 606 693 0.4289 -0.0000 0.0728 -0.0000 650.0000 -14.3582 0.0000
11.4604 605 694 694 605 0.5137 -0.0000 -0.0229 -0.0000 650.0000 14.8166 0.0000
11.4670 697 602 602 697 0.4014 -0.0000 0.0623 -0.0000 650.0000 -15.8231 0.0000
11.4737 686 613 613 686 0.3229 -0.0000 0.0477 -0.0000 650.0000 -12.2220 0.0000
11.4804 623 676 676 623 0.3780 -0.0000 -0.0458 -0.0000 650.0000 8.7741 0.0000
11.4871 674 625 625 674 0.3113 -0.0000 0.0566 -0.0000 650.0000 -8.2547 0.0000
11.4938 634 665 665 634 0.3305 -0.0000 0.1032 -0.0000 650.0000 5.2951 0.0000
11.5005 641 658 658 641 0.3388 -0.0000 0.0139 -0.0000 650.0000 2.9758 0.0000
11.5071 667 632 632 667 0.2915 -0.0000 0.0768 -0.0000 650.0000 -5.6912 0.0000
11.5137 626 673 673 626 0.3364 -0.0000 -0.0628 -0.0000 650.0000 7.7975 0.0000
11.5204 633 666 666 633 0.3800 -0.0000 -0.1027 -0.0000 650.0000 5.4782 0.0000
11.5271 665 634 634 665 0.3495 -0.0000 0.0471 -0.0000 650.0000 -5.3250 0.0000
11.5337 620 679 679 620 0.3985 -0.0000 -0.0065 -0.0000 650.0000 9.9338 0.0000
11.5404 692 607 607 692 0.2862 -0.0000 -0.0368 -0.0000 650.0000 -14.1751 0.0000
11.5470 631 668 668 631 0.3142 -0.0000 0.0206 -0.0000 650.0000 6.2717 0.0000
11.5537 640 659 659 640 0.3281 -0.0000 -0.0733 -0.0000 650.0000 3.0368 0.0000
11.5603 649 650 650 649 0.3237 -0.0000 0.0065 -0.0000 650.0000 0.0461 0.0000
11.5670 633 666 666 633 0.3595 -0.0000 0.0258 -0.0000 650.0000 5.4172 0.0000
11.5736 673 626 626 673 0.3110 -0.0000 0.0076 -0.0000 650.0000 -7.7664 0.0000
11.5803 634 665 665 634 0.3379 -0.0000 0.1003 -0.0000 650.0000 5.2341 0.0000
11.5869 647 652 652 647 0.3262 -0.0000 0.0218 -0.0000 650.0000 0.7175 0.0000
11.5936 643 656 656 643 0.3318 -0.0000 -0.0234 -0.0000 650.0000 2.2433 0.0000
11.6003 622 677 677 622 0.3875 -0.0000 0.0109 -0.0000 650.0000 9.0793 0.0000
11.6069 662 637 637 662 0.3529 -0.0000 -0.0061 -0.0000 650.0000 -4.1043 0.0000
11.6136 653 646 646 653 0.3374 -0.0000 -0.0016 -0.0000 650.0000 -1.1746 0.0000
11.6202 631 668 668 631 0.3771 -0.0000 0.0584 -0.0000 650.0000 6.2717 0.0000
11.6269 663 636 636 663 0.3261 -0.0000 0.0130 -0.0000 650.0000 -7.7054 -3.1250
11.6336 617 682 682 617 0.3654 -0.0000 -0.0222 -0.0000 650.0000 7.6144 -3.1250
11.6402 661 638 638 661 0.3093 -0.0000 0.0233 -0.0000 650.0000 -6.9119 -3.1250
11.6469 645 654 654 645 0.2900 -0.0000 -0.0165 -0.0000 650.0000 -1.7239 -3.1250
11.6535 599 700 700 599 0.3706 -0.0000 0.0257 -0.0000 650.0000 13.7180 -3.1250
11.6602 671 628 628 671 0.2908 -0.0000 0.0953 -0.0000 650.0000 -10.4520 -3.1250
11.6668 629 670 670 629 0.3095 -0.0000 0.0015 -0.0000 650.0000 3.7692 -3.1250
11.6735 637 662 662 637 0.3181 -0.0000 0.1390 -0.0000 650.0000 1.0226 -3.1250
11.6801 667 632 632 667 0.2575 -0.0000 0.0138 -0.0000 650.0000 -9.0482 -3.1250
11.6868 383 916 916 383 0.3035 -0.0000 -0.0291 -0.0000 650.0000 7.4924 -81.2500
11.6934 426 873 873 426 0.2521 -0.0000 0.0897 -0.0000 650.0000 -6.7899 -81.2500
11.7001 424 875 875 424 0.2056 -0.0000 -0.0294 -0.0000 650.0000 -5.9354 -81.2500
11.7067 411 888 888 411 0.1886 -0.0000 -0.1106 -0.0000 650.0000 -1.8460 -81.2500
11.7134 362 937 937 362 0.2814 -0.0000 0.0044 -0.0000 650.0000 14.4504 -81.2500
11.7200 418 881 881 418 0.2621 -0.0000 0.0424 -0.0000 650.0000 -4.2264 -81.2500
11.7267 344 955 955 344 0.4204 -0.0000 0.0262 -0.0000 650.0000 20.4929 -81.2500
11.7334 455 844 844 455 0.3488 -0.0000 -0.0171 -0.0000 650.0000 -16.4944 -81.2500
11.7401 453 846 846 453 0.2675 -0.0000 -0.1413 -0.0000 650.0000 -15.7010 -81.2500
11.7467 400 899 899 400 0.2672 -0.0000 -0.2919 -0.0000 650.0000 1.8771 -81.2500
11.7533 384 915 915 384 0.2746 -0.0000 -0.2870 -0.0000 650.0000 7.3703 -81.2500
11.7599 400 899 899 400 0.2291 -0.0000 -0.2201 -0.0000 650.0000 1.8771 -81.2500
11.7666 437 862 862 437 0.1082 -0.0000 -0.1568 -0.0000 650.0000 -10.3299 -81.2500
11.7732 407 892 892 407 0.0683 -0.0000 -0.2492 -0.0000 650.0000 -0.2591 -81.2500
11.7799 372 927 927 372 0.1420 -0.0000 -0.2453 -0.0000 650.0000 11.2155 -81.2500
11.7865 387 912 912 387 0.2145 -0.0000 -0.1905 -0.0000 650.0000 6.2717 -81.2500
11.7931 390 909 909 390 0.2617 -0.0000 -0.1059 -0.0000 650.0000 5.1120 -81.2500
11.7997 427 872 872 427 0.2405 -0.0000 -0.0563 -0.0000 650.0000 -6.9730 -81.2500
11.8064 479 820 820 479 0.0917 -0.0000 -0.0055 -0.0000 650.0000 -24.5511 -81.2500
11.8130 421 878 878 421 0.0625 -0.0000 -0.0590 -0.0000 650.0000 -4.9588 -81.2500
11.8197 390 909 909 390 0.1154 -0.0000 -0.1346 -0.0000 650.0000 5.3561 -81.2500
11.8263 364 935 935 364 0.2062 -0.0000 -0.1426 -0.0000 650.0000 13.9011 -81.2500
11.8330 404 895 895 404 0.1799 -0.0000 -0.1103 -0.0000 650.0000 0.6564 -81.2500
11.8396 375 924 924 375 0.2222 -0.0000 -0.0682 -0.0000 650.0000 10.1779 -81.2500
11.8462 432 867 867 432 0.1584 -0.0000 -0.0732 -0.0000 650.0000 -8.6209 -81.2500
11.8529 421 878 878 421 0.1124 -0.0000 -0.0744 -0.0000 650.0000 -5.2029 -81.2500
11.8595 439 860 860 439 0.0591 -0.0000 -0.1219 -0.0000 650.0000 -10.9402 -81.2500
11.8661 454 845 845 454 -0.0191 -0.0000 -0.1923 -0.0000 650.0000 -16.0672 -81.2500
11.8728 395 904 904 395 0.0166 -0.0000 -0.3169 -0.0000 650.0000 3.6472 -81.2500
11.8794 389 910 910 389 0.0737 -0.0000 -0.3774 -0.0000 650.0000 5.4782 -81.2500
11.8860 379 920 920 379 0.1263 -0.0000 -0.4009 -0.0000 650.0000 8.8351 -81.2500
11.8926 389 910 910 389 0.1325 -0.0000 -0.4196 -0.0000 650.0000 5.5392 -81.2500
11.8993 429 870 870 429 0.0623 -0.0000 -0.4244 -0.0000 650.0000 -7.7054 -81.2500
11.9059 414 885 885 414 0.0473 -0.0000 -0.4276 -0.0000 650.0000 -2.7615 -81.2500
11.9125 405 894 894 405 0.0519 -0.0000 -0.4623 -0.0000 650.0000 0.1682 -81.2500
11.9191 424 875 875 424 0.0288 -0.0000 -0.5395 -0.0000 650.0000 -5.9354 -81.2500
11.9258 401 898 898 401 0.0447 -0.0000 -0.5833 -0.0000 650.0000 1.5720 -81.2500
11.9324 347 952 952 347 0.0480 -0.0000 -0.6447 -0.0000 650.0000 0.7785 -100.0000
11.9392 333 966 966 333 0.0838 -0.0000 -0.7114 -0.0000 650.0000 5.4782 -100.0000
11.9458 304 995 995 304 0.1777 -0.0000 -0.6906 -0.0000 650.0000 15.1828 -100.0000
11.9524 318 981 981 318 0.2444 -0.0000 -0.5803 -0.0000 650.0000 10.4831 -100.0000
11.9591 311 988 988 311 0.3369 -0.0000 -0.3666 -0.0000 650.0000 12.8635 -100.0000
11.9658 321 978 978 321 0.3852 -0.0000 -0.1783 -0.0000 650.0000 9.4455 -100.0000
11.9725 348 951 951 348 0.3880 -0.0000 -0.0528 -0.0000 650.0000 0.4123 -100.0000
11.9791 357 942 942 357 0.3683 -0.0000 0.0263 -0.0000 650.0000 -2.3953 -100.0000
11.9858 335 964 964 335 0.3925 -0.0000 -0.0101 -0.0000 650.0000 4.8679 -100.0000
11.9925 334 965 965 334 0.4187 -0.0000 0.0623 -0.0000 650.0000 5.0510 -100.0000
11.9991 332 967 967 332 0.4425 -0.0000 0.1383 -0.0000 650.0000 5.7834 -100.0000
12.0057 324 975 975 324 0.4962 -0.0000 0.2752 -0.0000 650.0000 8.3469 -100.0000
12.0124 352 947 947 352 0.4749 -0.0000 0.4340 -0.0000 650.0000 -0.9915 -100.0000
12.0191 362 937 937 362 0.4400 -0.0000 0.5417 -0.0000 650.0000 -4.2264 -100.0000
12.0257 365 934 934 365 0.3920 -0.0000 0.4802 -0.0000 650.0000 -5.2029 -100.0000
12.0324 383 916 916 383 0.3305 -0.0000 0.3877 -0.0000 650.0000 -11.0623 -100.0000
12.0390 368 931 931 368 0.2948 -0.0000 0.2478 -0.0000 650.0000 -6.3016 -100.0000
12.0457 324 975 975 324 0.3517 -0.0000 0.1171 -0.0000 650.0000 8.4079 -100.0000
12.0523 312 987 987 312 0.4187 -0.0000 0.0413 -0.0000 650.0000 12.3752 -100.0000
12.0590 348 951 951 348 0.3987 -0.0000 0.0866 -0.0000 650.0000 0.5954 -100.0000
12.0656 360 939 939 360 0.3641 -0.0000 0.1126 -0.0000 650.0000 -3.6160 -100.0000
12.0723 378 921 921 378 0.2938 -0.0000 0.0573 -0.0000 650.0000 -9.5975 -100.0000
12.0789 373 926 926 373 0.2552 -0.0000 -0.0914 -0.0000 650.0000 -7.8885 -100.0000
12.0856 325 974 974 325 0.3055 -0.0000 -0.2065 -0.0000 650.0000 8.0417 -100.0000
12.0922 311 988 988 311 0.3833 -0.0000 -0.2501 -0.0000 650.0000 12.9245 -100.0000
12.0989 327 972 972 327 0.4202 -0.0000 -0.1601 -0.0000 650.0000 7.4924 -100.0000
12.1055 301 998 998 301 0.5125 -0.0000 -0.1312 -0.0000 650.0000 16.0983 -100.0000
12.1122 354 945 945 354 0.4943 -0.0000 -0.1091 -0.0000 650.0000 -1.6019 -100.0000
12.1189 364 935 935 364 0.4519 -0.0000 -0.2193 -0.0000 650.0000 -4.9588 -100.0000
12.1255 391 908 908 391 0.3629 -0.0000 -0.3314 -0.0000 650.0000 -13.8089 -100.0000
12.1321 337 962 962 337 0.3784 -0.0000 -0.5289 -0.0000 650.0000 4.1354 -100.0000
12.1388 343 956 956 343 0.3928 -0.0000 -0.6352 -0.0000 650.0000 2.1213 -100.0000
12.1455 332 967 967 332 0.4064 -0.0000 -0.7322 -0.0000 650.0000 5.8444 -100.0000
12.1522 335 964 964 335 0.4221 -0.0000 -0.7756 -0.0000 650.0000 4.9289 -100.0000
12.1588 343 956 956 343 0.4189 -0.0000 -0.8666 -0.0000 650.0000 2.1213 -100.0000
12.1655 371 928 928 371 0.3757 -0.0000 -1.0341 -0.0000 650.0000 -7.0950 -100.0000
12.1721 385 914 914 385 0.3053 -0.0000 -1.1385 -0.0000 650.0000 -11.9778 -100.0000
12.1788 363 936 936 363 0.2832 -0.0000 -1.1808 -0.0000 650.0000 -4.6536 -100.0000
12.1855 345 954 954 345 0.2786 -0.0000 -1.1986 -0.0000 650.0000 1.5109 -100.0000
12.1921 354 945 945 354 0.2450 -0.0000 -1.0655 -0.0000 650.0000 -1.6629 -100.0000
12.1988 349 950 950 349 0.2357 -0.0000 -0.8988 -0.0000 650.0000 0.2292 -100.0000
12.2054 367 932 932 367 0.1913 -0.0000 -0.7595 -0.0000 650.0000 -5.8743 -100.0000
12.2121 362 937 937 362 0.1801 -0.0000 -0.5928 -0.0000 650.0000 -4.2874 -100.0000
12.2188 364 935 935 364 0.1516 -0.0000 -0.5012 -0.0000 650.0000 -4.7757 -100.0000
12.2254 357 942 942 357 0.1433 -0.0000 -0.3489 -0.0000 650.0000 -2.3953 -100.0000
12.2321 320 979 979 320 0.1914 -0.0000 -0.2189 -0.0000 650.0000 9.7507 -100.0000
12.2388 319 980 980 319 0.2438 -0.0000 -0.0089 -0.0000 650.0000 10.2390 -100.0000
12.2454 327 972 972 327 0.2796 -0.0000 0.2513 -0.0000 650.0000 7.4924 -100.0000
12.2521 348 951 951 348 0.2934 -0.0000 0.5311 -0.0000 650.0000 0.6564 -100.0000
12.2588 347 952 952 347 0.3164 -0.0000 0.8125 -0.0000 650.0000 0.7175 -100.0000
12.2654 331 968 968 331 0.3477 -0.0000 0.9880 -0.0000 650.0000 6.2717 -100.0000
12.2721 318 981 981 318 0.3975 -0.0000 1.0723 -0.0000 650.0000 10.4831 -100.0000
12.2788 327 972 972 327 0.4118 -0.0000 1.1459 -0.0000 650.0000 7.4924 -100.0000
12.2854 316 983 983 316 0.4649 -0.0000 1.1225 -0.0000 650.0000 11.2766 -100.0000
12.2921 349 950 950 349 0.4591 -0.0000 1.0428 -0.0000 650.0000 0.2902 -100.0000
12.2987 395 904 904 395 0.3742 -0.0000 1.0335 -0.0000 650.0000 -15.0906 -100.0000
12.3054 360 939 939 360 0.3625 -0.0000 0.9475 -0.0000 650.0000 -3.4940 -100.0000
12.3120 356 943 943 356 0.3517 -0.0000 0.7186 -0.0000 650.0000 -2.0901 -100.0000
12.3187 337 962 962 337 0.3621 -0.0000 0.4427 -0.0000 650.0000 4.1354 -100.0000
12.3253 350 949 949 350 0.3364 -0.0000 0.2887 -0.0000 650.0000 -0.0760 -100.0000
12.3320 348 951 951 348 0.3269 -0.0000 0.1528 -0.0000 650.0000 0.4733 -100.0000
12.3387 376 923 923 376 0.2659 -0.0000 0.0855 -0.0000 650.0000 -8.7430 -100.0000
12.3453 350 949 949 350 0.2781 -0.0000 0.0813 -0.0000 650.0000 -0.0150 -100.0000
12.3520 362 937 937 362 0.2546 -0.0000 0.1437 -0.0000 650.0000 -4.1043 -100.0000
12.3586 373 926 926 373 0.1988 -0.0000 0.1160 -0.0000 650.0000 -7.8885 -100.0000
12.3653 344 955 955 344 0.1968 -0.0000 0.2091 -0.0000 650.0000 1.7551 -100.0000
12.3719 329 970 970 329 0.2305 -0.0000 0.2806 -0.0000 650.0000 6.8820 -100.0000
12.3785 349 950 950 349 0.2314 -0.0000 0.3647 -0.0000 650.0000 0.0461 -100.0000
12.3851 339 960 960 339 0.2699 -0.0000 0.4424 -0.0000 650.0000 3.4641 -100.0000
12.3918 329 970 970 329 0.3254 -0.0000 0.6230 -0.0000 650.0000 6.8820 -100.0000
12.3984 333 966 966 333 0.3595 -0.0000 0.8034 -0.0000 650.0000 5.3561 -100.0000
12.4051 347 952 952 347 0.3396 -0.0000 0.9661 -0.0000 650.0000 0.9006 -100.0000
12.4117 322 977 977 322 0.3739 -0.0000 1.1217 -0.0000 650.0000 9.0182 -100.0000
12.4184 335 964 964 335 0.3857 -0.0000 1.1733 -0.0000 650.0000 4.6848 -100.0000
12.4250 384 915 915 384 0.3119 -0.0000 1.1987 -0.0000 650.0000 -11.6116 -100.0000
12.4317 380 919 919 380 0.2542 -0.0000 1.2009 -0.0000 650.0000 -10.0247 -100.0000
12.4384 359 940 940 359 0.2311 -0.0000 1.1625 -0.0000 650.0000 -3.3109 -100.0000
12.4450 371 928 928 371 0.1810 -0.0000 1.2040 -0.0000 650.0000 -7.0950 -100.0000
12.4516 333 966 966 333 0.2056 -0.0000 1.2437 -0.0000 650.0000 5.6613 -100.0000
12.4584 332 967 967 332 0.2347 -0.0000 1.2202 -0.0000 650.0000 5.8444 -100.0000
12.4650 341 958 958 341 0.2412 -0.0000 1.2055 -0.0000 650.0000 2.8537 -100.0000
12.4716 345 954 954 345 0.2549 -0.0000 1.1195 -0.0000 650.0000 1.6330 -100.0000
12.4782 345 954 954 345 0.2721 -0.0000 1.0283 -0.0000 650.0000 1.4499 -100.0000
12.4848 336 963 963 336 0.3059 -0.0000 0.9375 -0.0000 650.0000 4.5627 -100.0000
12.4914 332 967 967 332 0.3351 -0.0000 0.8492 -0.0000 650.0000 5.7224 -100.0000
12.4980 343 956 956 343 0.3266 -0.0000 0.8514 -0.0000 650.0000 2.2433 -100.0000
12.5047 345 954 954 345 0.3209 -0.0000 0.8602 -0.0000 650.0000 1.5109 -100.0000
12.5113 354 945 945 354 0.2998 -0.0000 0.8855 -0.0000 650.0000 -1.6019 -100.0000
12.5179 329 970 970 329 0.3503 -0.0000 0.8062 -0.0000 650.0000 6.8820 -100.0000
12.5245 354 945 945 354 0.3399 -0.0000 0.6551 -0.0000 650.0000 -1.5408 -100.0000
12.5312 355 944 944 355 0.3327 -0.0000 0.4996 -0.0000 650.0000 -1.9070 -100.0000
12.5379 341 958 958 341 0.3361 -0.0000 0.3142 -0.0000 650.0000 2.7316 -100.0000
12.5445 350 949 949 350 0.3280 -0.0000 0.1185 -0.0000 650.0000 -0.0150 -100.0000
12.5512 372 927 927 372 0.2646 -0.0000 -0.0210 -0.0000 650.0000 -7.4612 -100.0000
12.5579 373 926 926 373 0.2141 -0.0000 -0.0631 -0.0000 650.0000 -7.7054 -100.0000
12.5645 359 940 940 359 0.1984 -0.0000 -0.1580 -0.0000 650.0000 -3.1277 -100.0000
12.5712 363 936 936 363 0.1712 -0.0000 -0.2906 -0.0000 650.0000 -4.4705 -100.0000
12.5779 376 923 923 376 0.1131 -0.0000 -0.4066 -0.0000 650.0000 -8.7430 -100.0000
12.5845 367 932 932 367 0.0637 -0.0000 -0.5616 -0.0000 650.0000 -5.9354 -100.0000
12.5912 360 939 939 360 0.0390 -0.0000 -0.5895 -0.0000 650.0000 -3.4329 -100.0000
12.5978 368 931 931 368 -0.0002 -0.0000 -0.5343 -0.0000 650.0000 -6.3016 -100.0000
12.6045 361 938 938 361 -0.0160 -0.0000 -0.3980 -0.0000 650.0000 -3.8602 -100.0000
12.6111 368 931 931 368 -0.0616 -0.0000 -0.2145 -0.0000 650.0000 -6.1185 -100.0000
12.6178 356 943 943 356 -0.0808 -0.0000 -0.0870 -0.0000 650.0000 -2.0291 -100.0000
12.6244 372 927 927 372 -0.1309 -0.0000 -0.1205 -0.0000 650.0000 -7.5223 -100.0000
12.6311 404 895 895 404 -0.2468 -0.0000 -0.0859 -0.0000 650.0000 -18.1424 -100.0000
12.6377 350 949 949 350 -0.2278 -0.0000 -0.0524 -0.0000 650.0000 -0.1370 -100.0000
12.6443 380 919 919 380 -0.2900 -0.0000 -0.0229 -0.0000 650.0000 -10.0247 -100.0000
12.6510 351 948 948 351 -0.2937 -0.0000 0.0649 -0.0000 650.0000 -0.3812 -100.0000
12.6577 326 973 973 326 -0.2395 -0.0000 0.1868 -0.0000 650.0000 7.9807 -100.0000
12.6643 365 934 934 365 -0.2721 -0.0000 0.3534 -0.0000 650.0000 -5.0809 -100.0000
12.6710 366 933 933 366 -0.2943 -0.0000 0.4830 -0.0000 650.0000 -5.5692 -100.0000
12.6776 363 936 936 363 -0.3193 -0.0000 0.5523 -0.0000 650.0000 -4.5316 -100.0000
12.6843 401 898 898 401 -0.4123 -0.0000 0.6527 -0.0000 650.0000 -17.2879 -100.0000
12.6909 385 914 914 385 -0.4758 -0.0000 0.6348 -0.0000 650.0000 -11.9778 -100.0000
12.6976 375 924 924 375 -0.5241 -0.0000 0.6484 -0.0000 650.0000 -8.4988 -100.0000
12.7043 355 944 944 355 -0.5350 -0.0000 0.6521 -0.0000 650.0000 -1.8460 -100.0000
12.7109 379 920 920 379 -0.6008 -0.0000 0.6876 -0.0000 650.0000 -9.7195 -100.0000
12.7176 348 951 951 348 -0.5789 -0.0000 0.7210 -0.0000 650.0000 0.5954 -100.0000
12.7243 342 957 957 342 -0.5538 -0.0000 0.7845 -0.0000 650.0000 2.6096 -100.0000
12.7309 365 934 934 365 -0.5677 -0.0000 0.8145 -0.0000 650.0000 -5.0198 -100.0000
12.7376 370 929 929 370 -0.5987 -0.0000 0.8416 -0.0000 650.0000 -6.9730 -100.0000
12.7443 346 953 953 346 -0.5665 -0.0000 0.8104 -0.0000 650.0000 1.2057 -100.0000
12.7509 358 941 941 358 -0.5658 -0.0000 0.6547 -0.0000 650.0000 -2.7005 -100.0000
12.7576 368 931 931 368 -0.6086 -0.0000 0.5265 -0.0000 650.0000 -6.3016 -100.0000
12.7643 360 939 939 360 -0.6187 -0.0000 0.4159 -0.0000 650.0000 -3.4329 -100.0000
12.7709 335 964 964 335 -0.5779 -0.0000 0.3817 -0.0000 650.0000 4.9899 -100.0000
12.7776 335 964 964 335 -0.5259 -0.0000 0.3587 -0.0000 650.0000 4.6848 -100.0000
12.7843 329 970 970 329 -0.4733 -0.0000 0.4129 -0.0000 650.0000 6.9431 -100.0000
12.7909 363 936 936 363 -0.4929 -0.0000 0.3972 -0.0000 650.0000 -4.6536 -100.0000
12.7976 374 925 925 374 -0.5256 -0.0000 0.4239 -0.0000 650.0000 -8.3157 -100.0000
12.8043 406 893 893 406 -0.6445 -0.0000 0.3029 -0.0000 650.0000 -18.6917 -100.0000
12.8109 354 945 945 354 -0.6423 -0.0000 0.1441 -0.0000 650.0000 -1.6019 -100.0000
12.8176 367 932 932 367 -0.6859 -0.0000 0.0741 -0.0000 650.0000 -5.6912 -100.0000
12.8243 343 956 956 343 -0.6698 -0.0000 0.0499 -0.0000 650.0000 2.3044 -100.0000
12.8309 349 950 950 349 -0.6523 -0.0000 0.1117 -0.0000 650.0000 0.0461 -100.0000
12.8376 359 940 940 359 -0.6514 -0.0000 0.1419 -0.0000 650.0000 -3.0667 -100.0000
12.8444 357 942 942 357 -0.6341 -0.0000 0.0994 -0.0000 650.0000 -2.5784 -100.0000
12.8511 375 924 924 375 -0.6801 -0.0000 0.0569 -0.0000 650.0000 -8.5599 -100.0000
12.8579 368 931 931 368 -0.6939 -0.0000 -0.0628 -0.0000 650.0000 -6.1185 -100.0000
12.8645 353 946 946 353 -0.6921 -0.0000 -0.1689 -0.0000 650.0000 -1.0526 -100.0000
12.8712 339 960 960 339 -0.6645 -0.0000 -0.2309 -0.0000 650.0000 3.4030 -100.0000
12.8779 328 971 971 328 -0.6203 -0.0000 -0.2472 -0.0000 650.0000 7.1262 -100.0000
12.8845 363 936 936 363 -0.6479 -0.0000 -0.2609 -0.0000 650.0000 -4.4095 -100.0000
12.8911 364 935 935 364 -0.6522 -0.0000 -0.2678 -0.0000 650.0000 -4.8367 -100.0000
12.8977 348 951 951 348 -0.6305 -0.0000 -0.3466 -0.0000 650.0000 0.6564 -100.0000
12.9043 343 956 956 343 -0.5912 -0.0000 -0.3771 -0.0000 650.0000 2.3044 -100.0000
12.9110 376 923 923 376 -0.6452 -0.0000 -0.4434 -0.0000 650.0000 -8.9261 -100.0000
12.9178 381 918 918 381 -0.7009 -0.0000 -0.6036 -0.0000 650.0000 -10.5130 -100.0000
12.9244 313 986 986 313 -0.6079 -0.0000 -0.7155 -0.0000 650.0000 12.3141 -100.0000
12.9313 312 987 987 312 -0.5155 -0.0000 -0.8037 -0.0000 650.0000 12.4362 -100.0000
12.9381 343 956 956 343 -0.4727 -0.0000 -0.8052 -0.0000 650.0000 2.0602 -100.0000
12.9448 384 915 915 384 -0.5338 -0.0000 -0.8045 -0.0000 650.0000 -11.4896 -100.0000
12.9515 370 929 929 370 -0.5507 -0.0000 -0.8507 -0.0000 650.0000 -6.6678 -100.0000
12.9582 354 945 945 354 -0.5583 -0.0000 -0.9702 -0.0000 650.0000 -1.6019 -100.0000
12.9648 369 930 930 369 -0.6058 -0.0000 -1.0957 -0.0000 650.0000 -6.6068 -100.0000
12.9715 321 978 978 321 -0.5540 -0.0000 -1.2197 -0.0000 650.0000 9.5065 -100.0000
12.9782 370 929 929 370 -0.5964 -0.0000 -1.2387 -0.0000 650.0000 -6.7899 -100.0000
12.9849 350 949 949 350 -0.5729 -0.0000 -1.1810 -0.0000 650.0000 -0.1981 -100.0000
12.9916 360 939 939 360 -0.5752 -0.0000 -1.2138 -0.0000 650.0000 -3.5550 -100.0000
12.9983 363 936 936 363 -0.5781 -0.0000 -1.2422 -0.0000 650.0000 -4.5926 -100.0000
13.0050 365 934 934 365 -0.6029 -0.0000 -1.2355 -0.0000 650.0000 -5.0198 -100.0000
13.0116 376 923 923 376 -0.6489 -0.0000 -1.3186 -0.0000 650.0000 -8.9261 -100.0000
13.0183 338 961 961 338 -0.6202 -0.0000 -1.3116 -0.0000 650.0000 3.8303 -100.0000
13.0250 338 961 961 338 -0.5946 -0.0000 -1.2583 -0.0000 650.0000 3.8913 -100.0000
13.0316 376 923 923 376 -0.6303 -0.0000 -1.1504 -0.0000 650.0000 -8.7430 -100.0000
13.0383 360 939 939 360 -0.6341 -0.0000 -0.9737 -0.0000 650.0000 -3.4329 -100.0000
13.0450 378 921 921 378 -0.6710 -0.0000 -0.7725 -0.0000 650.0000 -9.5364 -100.0000
13.0517 368 931 931 368 -0.6951 -0.0000 -0.6827 -0.0000 650.0000 -6.2405 -100.0000
13.0584 384 915 915 384 -0.7579 -0.0000 -0.5776 -0.0000 650.0000 -11.5506 -100.0000
13.0650 345 954 954 345 -0.7336 -0.0000 -0.6132 -0.0000 650.0000 1.5720 -100.0000
13.0717 362 937 937 362 -0.7500 -0.0000 -0.5561 -0.0000 650.0000 -4.2874 -100.0000
13.0784 324 975 975 324 -0.6816 -0.0000 -0.4745 -0.0000 650.0000 8.4079 -100.0000
13.0850 329 970 970 329 -0.6284 -0.0000 -0.4251 -0.0000 650.0000 6.9431 -100.0000
13.0917 339 960 960 339 -0.5879 -0.0000 -0.3049 -0.0000 650.0000 3.3420 -100.0000
13.0984 361 938 938 361 -0.5964 -0.0000 -0.1223 -0.0000 650.0000 -3.8602 -100.0000
13.1050 351 948 948 351 -0.5797 -0.0000 -0.0631 -0.0000 650.0000 -0.6253 -100.0000
13.1117 362 937 937 362 -0.5885 -0.0000 0.0684 -0.0000 650.0000 -4.0433 -100.0000
13.1184 363 936 936 363 -0.6069 -0.0000 0.2071 -0.0000 650.0000 -4.6536 -100.0000
13.1250 326 973 973 326 -0.5416 -0.0000 0.2809 -0.0000 650.0000 7.9807 -100.0000
13.1317 324 975 975 324 -0.4837 -0.0000 0.3859 -0.0000 650.0000 8.3469 -100.0000
13.1384 344 955 955 344 -0.4713 -0.0000 0.4893 -0.0000 650.0000 1.9992 -100.0000
13.1450 352 947 947 352 -0.4764 -0.0000 0.6084 -0.0000 650.0000 -0.9305 -100.0000
13.1517 350 949 949 350 -0.4684 -0.0000 0.7948 -0.0000 650.0000 -0.3201 -100.0000
13.1583 339 960 960 339 -0.4311 -0.0000 0.9312 -0.0000 650.0000 3.6472 -100.0000
13.1649 370 929 929 370 -0.4553 -0.0000 1.0414 -0.0000 650.0000 -6.6678 -100.0000
13.1716 344 955 955 344 -0.4283 -0.0000 1.0948 -0.0000 650.0000 1.8771 -100.0000
13.1783 359 940 940 359 -0.4334 -0.0000 1.0280 -0.0000 650.0000 -3.0057 -100.0000
13.1851 360 939 939 360 -0.4498 -0.0000 0.9835 -0.0000 650.0000 -3.6160 -100.0000
13.1918 334 965 965 334 -0.4090 -0.0000 0.8631 -0.0000 650.0000 5.1120 -100.0000
13.1985 365 934 934 365 -0.4427 -0.0000 0.8217 -0.0000 650.0000 -5.0198 -100.0000
13.2053 333 962 962 333 -0.4208 -0.0000 0.7523 -0.0000 647.6562 4.8068 -100.0000
13.2120 316 978 978 316 -0.3530 -0.0000 0.7846 -0.0000 647.6562 10.2390 -100.0000
13.2187 338 956 956 338 -0.3297 -0.0000 0.7263 -0.0000 647.6562 2.9758 -100.0000
13.2253 359 936 936 359 -0.3296 -0.0000 0.6120 -0.0000 647.6562 -3.8602 -100.0000
13.2320 359 936 936 359 -0.3309 -0.0000 0.5034 -0.0000 647.6562 -3.8602 -100.0000
13.2386 355 939 939 355 -0.3238 -0.0000 0.3311 -0.0000 647.6562 -2.6395 -100.0000
13.2452 338 956 956 338 -0.3040 -0.0000 0.2111 -0.0000 647.6562 3.0368 -100.0000
13.2519 343 952 952 343 -0.3037 -0.0000 0.1205 -0.0000 647.6562 1.4499 -100.0000
13.2587 324 961 961 324 -0.2781 -0.0000 0.0788 -0.0000 642.9688 6.2106 -100.0000
13.2654 332 953 953 332 -0.2604 -0.0000 0.0290 -0.0000 642.9688 3.4030 -100.0000
13.2721 342 943 943 342 -0.2432 -0.0000 -0.0531 -0.0000 642.9688 0.2292 -100.0000
13.2788 341 944 944 341 -0.2161 -0.0000 -0.1475 -0.0000 642.9688 0.5954 -100.0000
13.2854 358 927 927 358 -0.2285 -0.0000 -0.2554 -0.0000 642.9688 -5.1419 -100.0000
13.2921 338 947 947 338 -0.2105 -0.0000 -0.3584 -0.0000 642.9688 1.5720 -100.0000
13.2987 361 924 924 361 -0.2639 -0.0000 -0.4489 -0.0000 642.9688 -6.2405 -100.0000
13.3053 366 919 919 366 -0.3240 -0.0000 -0.5123 -0.0000 642.9688 -7.8885 -100.0000
13.3120 332 953 953 332 -0.3106 -0.0000 -0.5152 -0.0000 642.9688 3.4641 -100.0000
13.3187 379 906 906 379 -0.3785 -0.0000 -0.4564 -0.0000 642.9688 -12.0999 -100.0000
13.3253 360 925 925 360 -0.4049 -0.0000 -0.5669 -0.0000 642.9688 -5.9354 -100.0000
13.3320 367 918 918 367 -0.4324 -0.0000 -0.5949 -0.0000 642.9688 -8.1937 -100.0000
13.3387 371 914 914 371 -0.4760 -0.0000 -0.5877 -0.0000 642.9688 -9.4144 -100.0000
13.3454 344 941 941 344 -0.4718 -0.0000 -0.6173 -0.0000 642.9688 -0.4422 -100.0000
13.3520 365 920 920 365 -0.5216 -0.0000 -0.6328 -0.0000 642.9688 -7.6443 -100.0000
13.3587 342 943 943 342 -0.5177 -0.0000 -0.5538 -0.0000 642.9688 0.2292 -100.0000
13.3654 345 939 939 345 -0.5080 -0.0000 -0.3639 -0.0000 642.9688 -0.9915 -100.0000
13.3720 324 961 961 324 -0.4666 -0.0000 -0.1810 -0.0000 642.9688 6.0275 -100.0000
13.3787 350 935 935 350 -0.4789 -0.0000 0.0480 -0.0000 642.9688 -2.6395 -100.0000
13.3854 338 947 947 338 -0.4597 -0.0000 0.2610 -0.0000 642.9688 1.3889 -100.0000
13.3920 359 926 926 359 -0.4838 -0.0000 0.4643 -0.0000 642.9688 -5.4471 -100.0000
13.3987 350 935 935 350 -0.4769 -0.0000 0.6233 -0.0000 642.9688 -2.3953 -100.0000
13.4054 336 948 948 336 -0.4558 -0.0000 0.7145 -0.0000 642.9688 1.9992 -100.0000
13.4120 341 944 944 341 -0.4313 -0.0000 0.8461 -0.0000 642.9688 0.4733 -100.0000
13.4187 321 964 964 321 -0.3812 -0.0000 0.9965 -0.0000 642.9688 7.0651 -100.0000
13.4254 297 988 988 297 -0.2887 -0.0000 1.1255 -0.0000 642.9688 15.1218 -100.0000
13.4320 311 974 974 311 -0.2114 -0.0000 1.3195 -0.0000 642.9688 10.4831 -100.0000
13.4387 519 779 779 519 -0.1771 -0.0000 1.5993 -0.0000 649.2188 4.9899 -38.2812
13.4455 536 761 761 536 -0.1563 -0.0000 1.7341 -0.0000 649.2188 -0.7474 -38.2812
13.4522 537 761 761 537 -0.1514 -0.0000 1.7797 -0.0000 649.2188 -0.9305 -38.2812
13.4590 549 748 748 549 -0.1927 -0.0000 1.5519 -0.0000 649.2188 -5.0809 -38.2812
13.4656 540 758 758 540 -0.2124 -0.0000 1.3059 -0.0000 649.2188 -1.9681 -38.2812
13.4722 519 779 779 519 -0.1826 -0.0000 1.1136 -0.0000 649.2188 5.1120 -38.2812
13.4788 530 768 768 530 -0.1732 -0.0000 1.0422 -0.0000 649.2188 1.3278 -38.2812
13.4854 531 767 767 531 -0.1511 -0.0000 1.1087 -0.0000 649.2188 1.0226 -38.2812
13.4920 545 752 752 545 -0.1503 -0.0000 1.1013 -0.0000 649.2188 -3.8602 -38.2812
13.4987 574 724 724 574 -0.2243 -0.0000 1.1392 -0.0000 649.2188 -13.2596 -38.2812
13.5053 509 789 789 509 -0.1534 -0.0000 1.2157 -0.0000 649.2188 8.4079 -38.2812
13.5120 517 781 781 517 -0.1232 -0.0000 1.2376 -0.0000 649.2188 5.6613 -38.2812
13.5186 537 760 760 537 -0.1362 -0.0000 1.1742 -0.0000 649.2188 -1.1136 -38.2812
13.5253 554 744 744 554 -0.1845 -0.0000 1.1261 -0.0000 649.2188 -6.6068 -38.2812
13.5320 541 757 757 541 -0.1859 -0.0000 1.0583 -0.0000 649.2188 -2.2733 -38.2812
13.5387 566 731 731 566 -0.2389 -0.0000 0.9673 -0.0000 649.2188 -10.7571 -38.2812
13.5453 558 739 739 558 -0.2738 -0.0000 0.9163 -0.0000 649.2188 -8.0716 -38.2812
13.5520 521 776 776 521 -0.2419 -0.0000 1.0145 -0.0000 649.2188 4.1354 -38.2812
13.5587 538 759 759 538 -0.2542 -0.0000 1.0484 -0.0000 649.2188 -1.3577 -38.2812
13.5653 483 814 814 483 -0.1469 -0.0000 0.9452 -0.0000 649.2188 16.8307 -38.2812
13.5720 526 771 771 526 -0.1173 -0.0000 0.9236 -0.0000 649.2188 2.5485 -38.2812
13.5787 525 772 772 525 -0.0803 -0.0000 0.6651 -0.0000 649.2188 2.9147 -38.2812
13.5853 526 771 771 526 -0.0577 -0.0000 0.6615 -0.0000 649.2188 2.5485 -38.2812
13.5920 540 758 758 540 -0.0687 -0.0000 0.7360 -0.0000 649.2188 -1.9070 -38.2812
13.5987 507 790 790 507 -0.0142 -0.0000 0.6708 -0.0000 649.2188 8.8962 -38.2812
13.6054 574 724 724 574 -0.1058 -0.0000 0.8470 -0.0000 649.2188 -13.3206 -38.2812
13.6120 548 749 749 548 -0.1385 -0.0000 0.8724 -0.0000 649.2188 -4.8367 -38.2812
13.6187 481 816 816 481 -0.0209 -0.0000 0.8469 -0.0000 649.2188 17.6242 -38.2812
13.6254 565 733 733 565 -0.0880 -0.0000 0.9143 -0.0000 649.2188 -10.3299 -38.2812
13.6320 486 812 812 486 0.0128 -0.0000 0.9280 -0.0000 649.2188 16.0373 -38.2812
13.6387 491 807 807 491 0.1014 -0.0000 1.0046 -0.0000 649.2188 14.3893 -38.2812
13.6454 565 733 733 565 0.0225 -0.0000 0.9963 -0.0000 649.2188 -10.2689 -38.2812
13.6521 458 839 839 458 0.1828 -0.0000 0.8406 -0.0000 649.2188 25.1926 -38.2812
13.6587 564 733 733 564 0.1046 -0.0000 0.8121 -0.0000 649.2188 -10.2078 -38.2812
13.6653 534 763 763 534 0.0957 -0.0000 0.5921 -0.0000 649.2188 -0.1981 -38.2812
13.6720 530 768 768 530 0.0962 -0.0000 0.5933 -0.0000 649.2188 1.3889 -38.2812
13.6787 541 756 756 541 0.0775 -0.0000 0.5549 -0.0000 649.2188 -2.3953 -38.2812
13.6854 649 650 650 649 0.0789 -0.0000 0.5752 -0.0000 650.0000 0.2292 0.0000
13.6920 632 667 667 632 0.1224 -0.0000 0.6232 -0.0000 650.0000 5.7224 0.0000
13.6987 662 637 637 662 0.0947 -0.0000 0.5289 -0.0000 650.0000 -4.2874 0.0000
13.7053 665 634 634 665 0.0677 -0.0000 0.5140 -0.0000 650.0000 -5.2029 0.0000
13.7120 625 674 674 625 0.1199 -0.0000 0.4044 -0.0000 650.0000 8.2858 0.0000
13.7187 659 640 640 659 0.0951 -0.0000 0.5698 -0.0000 650.0000 -3.1888 0.0000
13.7253 629 670 670 629 0.1342 -0.0000 0.4103 -0.0000 650.0000 6.6989 0.0000
13.7321 678 621 621 678 0.0713 -0.0000 0.4858 -0.0000 650.0000 -9.5364 0.0000
13.7387 644 655 655 644 0.0909 -0.0000 0.4537 -0.0000 650.0000 1.8161 0.0000
13.7454 655 644 644 655 0.0875 -0.0000 0.3937 -0.0000 650.0000 -1.9070 0.0000
13.7521 600 699 699 600 0.2032 -0.0000 0.2503 -0.0000 650.0000 16.4645 0.0000
13.7588 681 618 618 681 0.1269 -0.0000 0.3994 -0.0000 650.0000 -10.5740 0.0000
13.7654 626 673 673 626 0.1651 -0.0000 0.3330 -0.0000 650.0000 7.7365 0.0000
13.7721 661 638 638 661 0.1254 -0.0000 0.3679 -0.0000 650.0000 -3.9822 0.0000
13.7788 672 627 627 672 0.0804 -0.0000 0.3517 -0.0000 650.0000 -7.3392 0.0000
13.7854 626 673 673 626 0.1461 -0.0000 0.1941 -0.0000 650.0000 7.9807 0.0000
13.7921 688 611 611 688 0.0739 -0.0000 0.3043 -0.0000 650.0000 -12.9544 0.0000
13.7988 635 664 664 635 0.1040 -0.0000 0.1566 -0.0000 650.0000 4.7458 0.0000
13.8054 685 614 614 685 0.0223 -0.0000 0.1456 -0.0000 650.0000 -11.7947 0.0000
13.8121 648 651 651 648 0.0240 -0.0000 0.1971 -0.0000 650.0000 0.4733 0.0000
13.8188 609 690 690 609 0.1107 -0.0000 0.1191 -0.0000 650.0000 13.6569 0.0000
13.8254 649 650 650 649 0.1006 -0.0000 0.2844 -0.0000 650.0000 0.1071 0.0000
13.8321 633 666 666 633 0.1239 -0.0000 0.1602 -0.0000 650.0000 5.6003 0.0000
13.8388 661 638 638 661 0.0953 -0.0000 0.2069 -0.0000 650.0000 -3.7381 0.0000
13.8454 670 629 629 670 0.0507 -0.0000 0.2538 -0.0000 650.0000 -6.6678 0.0000
13.8521 618 681 681 618 0.1229 -0.0000 0.1000 -0.0000 650.0000 10.6662 0.0000
13.8588 643 656 656 643 0.1395 -0.0000 0.2270 -0.0000 650.0000 2.1823 0.0000
13.8654 672 627 627 672 0.0932 -0.0000 0.2481 -0.0000 650.0000 -7.4612 0.0000
13.8721 646 653 653 646 0.0952 -0.0000 0.2154 -0.0000 650.0000 1.1447 0.0000
13.8788 662 637 637 662 0.0604 -0.0000 0.3584 -0.0000 650.0000 -4.1653 0.0000
13.8854 633 666 666 633 0.0903 -0.0000 0.2092 -0.0000 650.0000 5.6003 0.0000
13.8921 629 670 670 629 0.1319 -0.0000 0.3093 -0.0000 650.0000 6.8210 0.0000
13.8988 684 615 615 684 0.0561 -0.0000 0.3711 -0.0000 650.0000 -11.4285 0.0000
13.9055 625 674 674 625 0.1121 -0.0000 0.2715 -0.0000 650.0000 8.0417 0.0000
13.9121 658 641 641 658 0.0982 -0.0000 0.3565 -0.0000 650.0000 -2.9446 0.0000
13.9187 644 655 655 644 0.1116 -0.0000 0.3173 -0.0000 650.0000 1.8771 0.0000
13.9254 646 653 653 646 0.1165 -0.0000 0.2736 -0.0000 650.0000 1.2057 0.0000
13.9321 649 650 650 649 0.1105 -0.0000 0.2921 -0.0000 650.0000 0.2902 0.0000
13.9388 647 652 652 647 0.1099 -0.0000 0.2392 -0.0000 650.0000 0.9616 0.0000
13.9455 637 662 662 637 0.1345 -0.0000 0.3324 -0.0000 650.0000 4.2575 0.0000
13.9522 648 651 651 648 0.1400 -0.0000 0.2885 -0.0000 650.0000 0.4123 0.0000
13.9589 682 617 617 682 0.0731 -0.0000 0.2970 -0.0000 650.0000 -10.7571 0.0000
13.9656 649 650 650 649 0.0773 -0.0000 0.3384 -0.0000 650.0000 0.0461 0.0000
13.9722 651 648 648 651 0.0776 -0.0000 0.3107 -0.0000 650.0000 -0.3812 0.0000
13.9789 632 667 667 632 0.1186 -0.0000 0.3824 -0.0000 650.0000 5.7834 0.0000
13.9856 658 641 641 658 0.0994 -0.0000 0.3173 -0.0000 650.0000 -2.8226 0.0000
13.9922 641 658 658 641 0.1079 -0.0000 0.3170 -0.0000 650.0000 2.6706 0.0000
13.9989 633 666 666 633 0.1379 -0.0000 0.5043 -0.0000 650.0000 5.4782 0.0000
14.0056 617 682 682 617 0.1601 -0.0000 0.3251 -0.0000 650.0000 3.6472 -7.0312
14.0123 622 677 677 622 0.1754 -0.0000 0.2945 -0.0000 650.0000 2.2433 -7.0312
14.0190 647 652 652 647 0.1360 -0.0000 0.4401 -0.0000 650.0000 -6.2405 -7.0312
14.0256 621 678 678 621 0.1610 -0.0000 0.2558 -0.0000 650.0000 2.3654 -7.0312
14.0323 636 663 663 636 0.1532 -0.0000 0.3637 -0.0000 650.0000 -2.5174 -7.0312
14.0390 605 694 694 605 0.2054 -0.0000 0.3143 -0.0000 650.0000 7.8586 -7.0312
14.0456 623 676 676 623 0.2009 -0.0000 0.2572 -0.0000 650.0000 1.7551 -7.0312
14.0523 624 675 675 624 0.1895 -0.0000 0.4490 -0.0000 650.0000 1.3889 -7.0312
14.0589 626 673 673 626 0.1778 -0.0000 0.2572 -0.0000 650.0000 0.9616 -7.0312
14.0656 638 661 661 638 0.1605 -0.0000 0.3076 -0.0000 650.0000 -3.2498 -7.0312
14.0722 648 651 651 648 0.1324 -0.0000 0.4330 -0.0000 650.0000 -6.4847 -7.0312
14.0789 656 643 643 656 0.0858 -0.0000 0.2456 -0.0000 650.0000 -9.2923 -7.0312
14.0855 608 691 691 608 0.1281 -0.0000 0.3815 -0.0000 650.0000 6.7599 -7.0312
14.0922 610 689 689 610 0.1583 -0.0000 0.2891 -0.0000 650.0000 6.0886 -7.0312
14.0989 660 639 639 660 0.0726 -0.0000 0.2591 -0.0000 650.0000 -10.6961 -7.0312
14.1055 647 652 652 647 0.0184 -0.0000 0.3350 -0.0000 650.0000 -6.3016 -7.0312
14.1122 627 672 672 627 0.0216 -0.0000 0.2242 -0.0000 650.0000 0.5954 -7.0312
14.1188 673 626 626 673 -0.0627 -0.0000 0.2773 -0.0000 650.0000 -14.7855 -7.0312
14.1255 623 676 676 623 -0.0376 -0.0000 0.2154 -0.0000 650.0000 1.8161 -7.0312
14.1321 641 658 658 641 -0.0610 -0.0000 0.2940 -0.0000 650.0000 -4.1043 -7.0312
14.1388 627 672 672 627 -0.0572 -0.0000 0.2922 -0.0000 650.0000 0.5954 -7.0312
14.1455 615 684 684 615 -0.0325 -0.0000 0.2774 -0.0000 650.0000 4.3796 -7.0312
14.1521 652 647 647 652 -0.0893 -0.0000 0.2965 -0.0000 650.0000 -7.8885 -7.0312
14.1588 629 670 670 629 -0.0835 -0.0000 0.2566 -0.0000 650.0000 -0.0760 -7.0312
14.1655 623 676 676 623 -0.0607 -0.0000 0.2825 -0.0000 650.0000 1.9382 -7.0312
14.1722 624 675 675 624 -0.0401 -0.0000 0.2529 -0.0000 650.0000 1.5720 -7.0312
14.1788 631 668 668 631 -0.0463 -0.0000 0.2642 -0.0000 650.0000 -0.9915 -7.0312
14.1855 627 672 672 627 -0.0443 -0.0000 0.2480 -0.0000 650.0000 0.5954 -7.0312
14.1921 625 674 674 625 -0.0397 -0.0000 0.1961 -0.0000 650.0000 1.0226 -7.0312
14.1988 628 671 671 628 -0.0387 -0.0000 0.2929 -0.0000 650.0000 0.1682 -7.0312
14.2055 625 674 674 625 -0.0311 -0.0000 0.2344 -0.0000 650.0000 1.0226 -7.0312
14.2121 627 672 672 627 -0.0263 -0.0000 0.1999 -0.0000 650.0000 0.5954 -7.0312
14.2188 616 683 683 616 0.0059 -0.0000 0.2006 -0.0000 650.0000 4.1354 -7.0312
14.2255 614 685 685 614 0.0461 -0.0000 0.1660 -0.0000 650.0000 4.8068 -7.0312
14.2321 640 659 659 640 0.0297 -0.0000 0.1974 -0.0000 650.0000 -3.7991 -7.0312
14.2387 616 683 683 616 0.0492 -0.0000 0.1538 -0.0000 650.0000 4.2575 -7.0312
14.2453 650 649 649 650 -0.0092 -0.0000 0.1790 -0.0000 650.0000 -7.0950 -7.0312
14.2523 614 685 685 614 0.0171 -0.0000 0.0418 -0.0000 650.0000 4.8679 -7.0312
14.2591 345 954 954 345 0.0297 -0.0000 0.0483 -0.0000 650.0000 1.5109 -100.0000
14.2657 376 923 923 376 -0.0272 -0.0000 0.0965 -0.0000 650.0000 -8.9871 -100.0000
14.2724 320 979 979 320 0.0436 -0.0000 -0.0563 -0.0000 650.0000 9.8727 -100.0000
14.2791 353 946 946 353 0.0516 -0.0000 0.0130 -0.0000 650.0000 -1.1136 -100.0000
14.2857 322 977 977 322 0.1409 -0.0000 -0.1191 -0.0000 650.0000 9.2624 -100.0000
14.2924 346 953 953 346 0.1762 -0.0000 -0.0656 -0.0000 650.0000 1.0226 -100.0000
14.2991 356 943 943 356 0.1815 -0.0000 -0.0750 -0.0000 650.0000 -2.0291 -100.0000
14.3057 360 939 939 360 0.1672 -0.0000 -0.0740 -0.0000 650.0000 -3.4329 -100.0000
14.3124 344 955 955 344 0.1596 -0.0000 -0.1137 -0.0000 650.0000 1.8771 -100.0000
14.3190 346 953 953 346 0.1362 -0.0000 -0.1506 -0.0000 650.0000 1.0837 -100.0000
14.3256 334 965 965 334 0.1315 -0.0000 -0.1107 -0.0000 650.0000 5.0510 -100.0000
14.3323 340 959 959 340 0.1383 -0.0000 -0.0690 -0.0000 650.0000 3.1589 -100.0000
14.3390 391 908 908 391 0.0488 -0.0000 0.0799 -0.0000 650.0000 -13.8699 -100.0000
14.3456 353 946 946 353 0.0466 -0.0000 0.1690 -0.0000 650.0000 -1.2967 -100.0000
14.3523 348 951 951 348 0.0456 -0.0000 0.2430 -0.0000 650.0000 0.4733 -100.0000
14.3590 372 927 927 372 -0.0129 -0.0000 0.3160 -0.0000 650.0000 -7.3392 -100.0000
14.3656 363 936 936 363 -0.0596 -0.0000 0.3689 -0.0000 650.0000 -4.4705 -100.0000
14.3723 325 974 974 325 -0.0180 -0.0000 0.3664 -0.0000 650.0000 8.1638 -100.0000
14.3789 350 949 949 350 -0.0194 -0.0000 0.3560 -0.0000 650.0000 -0.0760 -100.0000
14.3856 325 974 974 325 0.0399 -0.0000 0.3682 -0.0000 650.0000 8.2858 -100.0000
14.3922 354 945 945 354 0.0450 -0.0000 0.3421 -0.0000 650.0000 -1.3577 -100.0000
14.3989 361 938 938 361 0.0307 -0.0000 0.2958 -0.0000 650.0000 -3.8602 -100.0000
14.4056 365 934 934 365 0.0028 -0.0000 0.2850 -0.0000 650.0000 -5.2029 -100.0000
14.4122 335 964 964 335 0.0292 -0.0000 0.2994 -0.0000 650.0000 4.8679 -100.0000
14.4188 371 928 928 371 -0.0266 -0.0000 0.2736 -0.0000 650.0000 -7.1561 -100.0000
14.4255 372 927 927 372 -0.0805 -0.0000 0.2929 -0.0000 650.0000 -7.5223 -100.0000
14.4321 363 936 936 363 -0.1054 -0.0000 0.3066 -0.0000 650.0000 -4.5926 -100.0000
14.4387 334 965 965 334 -0.0621 -0.0000 0.3821 -0.0000 650.0000 5.0510 -100.0000
14.4454 361 938 938 361 -0.0805 -0.0000 0.3862 -0.0000 650.0000 -3.9212 -100.0000
14.4521 362 937 937 362 -0.1036 -0.0000 0.3191 -0.0000 650.0000 -4.2874 -100.0000
14.4588 353 946 946 353 -0.1050 -0.0000 0.3087 -0.0000 650.0000 -1.0526 -100.0000
14.4655 364 935 935 364 -0.1354 -0.0000 0.3508 -0.0000 650.0000 -4.7147 -100.0000
14.4721 372 927 927 372 -0.1802 -0.0000 0.3567 -0.0000 650.0000 -7.3392 -100.0000
14.4787 341 958 958 341 -0.1623 -0.0000 0.3594 -0.0000 650.0000 2.9758 -100.0000
14.4853 349 950 950 349 -0.1582 -0.0000 0.4142 -0.0000 650.0000 0.2292 -100.0000
14.4919 381 918 918 381 -0.2184 -0.0000 0.4486 -0.0000 650.0000 -10.5740 -100.0000
14.4986 352 947 947 352 -0.2142 -0.0000 0.5210 -0.0000 650.0000 -0.8694 -100.0000
14.5054 360 939 939 360 -0.2280 -0.0000 0.4466 -0.0000 650.0000 -3.4940 -100.0000
14.5121 373 926 926 373 -0.2773 -0.0000 0.4502 -0.0000 650.0000 -7.8885 -100.0000
14.5189 362 937 937 362 -0.2998 -0.0000 0.4258 -0.0000 650.0000 -4.2874 -100.0000
14.5255 386 913 913 386 -0.3736 -0.0000 0.4428 -0.0000 650.0000 -12.2220 -100.0000
14.5322 353 946 946 353 -0.3760 -0.0000 0.4959 -0.0000 650.0000 -1.1746 -100.0000
14.5388 358 941 941 358 -0.3908 -0.0000 0.5307 -0.0000 650.0000 -2.8836 -100.0000
14.5454 366 933 933 366 -0.4191 -0.0000 0.5818 -0.0000 650.0000 -5.4471 -100.0000
14.5521 353 946 946 353 -0.4122 -0.0000 0.6666 -0.0000 650.0000 -1.2967 -100.0000
14.5588 371 928 928 371 -0.4488 -0.0000 0.7233 -0.0000 650.0000 -7.0340 -100.0000
14.5654 368 931 931 368 -0.4804 -0.0000 0.7449 -0.0000 650.0000 -6.1185 -100.0000
14.5721 364 935 935 364 -0.5045 -0.0000 0.7751 -0.0000 650.0000 -4.8367 -100.0000
14.5788 347 952 952 347 -0.4875 -0.0000 0.8040 -0.0000 650.0000 0.9616 -100.0000
14.5854 372 927 927 372 -0.5227 -0.0000 0.8415 -0.0000 650.0000 -7.4612 -100.0000
14.5921 350 949 949 350 -0.5185 -0.0000 0.9396 -0.0000 650.0000 -0.3201 -100.0000
14.5987 347 952 952 347 -0.5019 -0.0000 1.0192 -0.0000 650.0000 0.9616 -100.0000
14.6054 351 948 948 351 -0.4920 -0.0000 1.0800 -0.0000 650.0000 -0.3812 -100.0000
14.6120 355 944 944 355 -0.4935 -0.0000 1.1970 -0.0000 650.0000 -1.8460 -100.0000
14.6187 364 935 935 364 -0.5145 -0.0000 1.2713 -0.0000 650.0000 -4.7147 -100.0000
14.6253 355 944 944 355 -0.5225 -0.0000 1.3079 -0.0000 650.0000 -1.9681 -100.0000
14.6320 331 968 968 331 -0.4667 -0.0000 1.3906 -0.0000 650.0000 6.2717 -100.0000
14.6386 363 936 936 363 -0.4785 -0.0000 1.4507 -0.0000 650.0000 -4.5926 -100.0000
14.6453 331 968 968 331 -0.4260 -0.0000 1.5232 -0.0000 650.0000 6.2717 -100.0000
14.6520 342 957 957 342 -0.4049 -0.0000 1.6614 -0.0000 650.0000 2.4265 -100.0000
14.6586 357 942 942 357 -0.4205 -0.0000 1.8093 -0.0000 650.0000 -2.4564 -100.0000
14.6653 341 958 958 341 -0.3950 -0.0000 1.9876 -0.0000 650.0000 2.6706 -100.0000
14.6719 331 968 968 331 -0.3494 -0.0000 2.1697 -0.0000 650.0000 6.2106 -100.0000
14.6785 326 973 973 326 -0.2904 -0.0000 2.3420 -0.0000 650.0000 7.7975 -100.0000
14.6851 340 959 959 340 -0.2682 -0.0000 2.4632 -0.0000 650.0000 3.0368 -100.0000
14.6918 339 960 960 339 -0.2359 -0.0000 2.5363 -0.0000 650.0000 3.5861 -100.0000
14.6985 334 965 965 334 -0.1901 -0.0000 2.6187 -0.0000 650.0000 5.2341 -100.0000
14.7051 326 973 973 326 -0.1308 -0.0000 2.6021 -0.0000 650.0000 7.9196 -100.0000
14.7118 352 947 947 352 -0.1282 -0.0000 2.6920 -0.0000 650.0000 -0.9305 -100.0000
14.7185 325 974 974 325 -0.0815 -0.0000 2.7424 -0.0000 650.0000 8.1638 -100.0000
14.7251 344 955 955 344 -0.0707 -0.0000 2.6771 -0.0000 650.0000 1.7551 -100.0000
14.7317 364 935 935 364 -0.1071 -0.0000 2.5219 -0.0000 650.0000 -4.8978 -100.0000
14.7383 347 952 952 347 -0.0944 -0.0000 2.3170 -0.0000 650.0000 0.9006 -100.0000
14.7449 361 938 938 361 -0.1147 -0.0000 2.0626 -0.0000 650.0000 -3.8602 -100.0000
14.7517 365 934 934 365 -0.1363 -0.0000 1.8763 -0.0000 650.0000 -5.0809 -100.0000
14.7584 352 947 947 352 -0.1376 -0.0000 1.6676 -0.0000 650.0000 -0.8694 -100.0000
14.7651 361 938 938 361 -0.1613 -0.0000 1.5434 -0.0000 650.0000 -3.9212 -100.0000
14.7717 359 940 940 359 -0.1759 -0.0000 1.4136 -0.0000 650.0000 -3.0057 -100.0000
14.7783 360 939 939 360 -0.1994 -0.0000 1.2651 -0.0000 650.0000 -3.6160 -100.0000
14.7849 353 946 946 353 -0.1965 -0.0000 1.1501 -0.0000 650.0000 -1.2967 -100.0000
14.7916 357 942 942 357 -0.2044 -0.0000 1.0125 -0.0000 650.0000 -2.5174 -100.0000
14.7982 352 947 947 352 -0.2015 -0.0000 0.8831 -0.0000 650.0000 -0.9915 -100.0000
14.8048 354 945 945 354 -0.2096 -0.0000 0.8160 -0.0000 650.0000 -1.6629 -100.0000
14.8115 341 958 958 341 -0.1900 -0.0000 0.7371 -0.0000 650.0000 2.9758 -100.0000
14.8182 351 948 948 351 -0.1865 -0.0000 0.7755 -0.0000 650.0000 -0.4422 -100.0000
14.8248 378 921 921 378 -0.2466 -0.0000 0.7833 -0.0000 650.0000 -9.4144 -100.0000
14.8315 353 946 946 353 -0.2502 -0.0000 0.7571 -0.0000 650.0000 -1.2357 -100.0000
14.8381 360 939 939 360 -0.2730 -0.0000 0.6348 -0.0000 650.0000 -3.4940 -100.0000
14.8447 360 939 939 360 -0.2868 -0.0000 0.5105 -0.0000 650.0000 -3.3719 -100.0000
14.8514 354 945 945 354 -0.2869 -0.0000 0.4113 -0.0000 650.0000 -1.5408 -100.0000
14.8581 373 926 926 373 -0.3289 -0.0000 0.2750 -0.0000 650.0000 -7.7054 -100.0000
14.8647 339 960 960 339 -0.2934 -0.0000 0.1804 -0.0000 650.0000 3.4641 -100.0000
14.8714 347 952 952 347 -0.2767 -0.0000 0.1581 -0.0000 650.0000 0.9616 -100.0000
14.8780 340 959 959 340 -0.2437 -0.0000 0.1327 -0.0000 650.0000 3.0368 -100.0000
14.8847 344 955 955 344 -0.2342 -0.0000 0.0965 -0.0000 650.0000 1.9992 -100.0000
14.8913 356 943 943 356 -0.2502 -0.0000 0.0803 -0.0000 650.0000 -2.0901 -100.0000
14.8980 342 957 957 342 -0.2277 -0.0000 -0.0233 -0.0000 650.0000 2.5485 -100.0000
14.9047 356 943 943 356 -0.2281 -0.0000 -0.1392 -0.0000 650.0000 -2.2122 -100.0000
14.9113 370 929 929 370 -0.2472 -0.0000 -0.1488 -0.0000 650.0000 -6.7288 -100.0000
14.9180 362 937 937 362 -0.2632 -0.0000 -0.1512 -0.0000 650.0000 -4.2264 -100.0000
14.9247 333 966 966 333 -0.2164 -0.0000 -0.0652 -0.0000 650.0000 5.6003 -100.0000
14.9313 378 921 921 378 -0.2849 -0.0000 0.0575 -0.0000 650.0000 -9.5364 -100.0000
14.9380 349 950 950 349 -0.2883 -0.0000 0.1477 -0.0000 650.0000 0.2902 -100.0000
14.9447 340 959 959 340 -0.2603 -0.0000 0.3076 -0.0000 650.0000 3.0978 -100.0000
14.9514 362 937 937 362 -0.2818 -0.0000 0.4740 -0.0000 650.0000 -4.1043 -100.0000
14.9581 327 972 972 327 -0.2171 -0.0000 0.5869 -0.0000 650.0000 7.3703 -100.0000
14.9647 333 966 966 333 -0.1667 -0.0000 0.7016 -0.0000 650.0000 5.5392 -100.0000
14.9714 353 946 946 353 -0.1669 -0.0000 0.8110 -0.0000 650.0000 -1.1746 -100.0000
14.9781 333 966 966 333 -0.1306 -0.0000 0.9940 -0.0000 650.0000 5.4782 -100.0000
14.9847 343 956 956 343 -0.1207 -0.0000 1.1255 -0.0000 650.0000 2.1823 -100.0000
14.9914 342 957 957 342 -0.1064 -0.0000 1.2637 -0.0000 650.0000 2.4875 -100.0000
14.9981 337 962 962 337 -0.0793 -0.0000 1.3976 -0.0000 650.0000 4.2575 -100.0000
15.0049 339 960 960 339 -0.0598 -0.0000 1.4622 -0.0000 650.0000 3.5251 -100.0000
15.0117 341 958 958 341 -0.0487 -0.0000 1.5016 -0.0000 650.0000 2.7927 -100.0000
15.0184 359 940 940 359 -0.0663 -0.0000 1.4365 -0.0000 650.0000 -3.0667 -100.0000
15.0250 347 952 952 347 -0.0548 -0.0000 1.3886 -0.0000 650.0000 0.7175 -100.0000
15.0317 352 947 947 352 -0.0463 -0.0000 1.3212 -0.0000 650.0000 -0.8694 -100.0000
15.0384 344 955 955 344 -0.0225 -0.0000 1.1501 -0.0000 650.0000 1.9382 -100.0000
15.0451 348 951 951 348 -0.0204 -0.0000 0.9949 -0.0000 650.0000 0.4733 -100.0000
15.0518 330 969 969 330 0.0201 -0.0000 0.7699 -0.0000 650.0000 6.3937 -100.0000
15.0585 343 956 956 343 0.0229 -0.0000 0.5324 -0.0000 650.0000 2.1823 -100.0000
15.0651 367 932 932 367 -0.0154 -0.0000 0.3094 -0.0000 650.0000 -5.7523 -100.0000
15.0718 340 959 959 340 0.0064 -0.0000 0.1730 -0.0000 650.0000 3.0978 -100.0000
15.0785 377 922 922 377 -0.0443 -0.0000 0.0538 -0.0000 650.0000 -9.2313 -100.0000
15.0851 348 951 951 348 -0.0299 -0.0000 -0.0514 -0.0000 650.0000 0.5344 -100.0000
15.0918 346 953 953 346 -0.0216 -0.0000 -0.0907 -0.0000 650.0000 1.2057 -100.0000
15.0985 378 921 921 378 -0.0885 -0.0000 -0.2384 -0.0000 650.0000 -9.4144 -100.0000
15.1051 364 935 935 364 -0.1272 -0.0000 -0.2940 -0.0000 650.0000 -4.8978 -100.0000
15.1118 342 957 957 342 -0.1072 -0.0000 -0.3159 -0.0000 650.0000 2.6096 -100.0000
15.1184 336 963 963 336 -0.0723 -0.0000 -0.3233 -0.0000 650.0000 4.3796 -100.0000
15.1251 359 940 940 359 -0.0892 -0.0000 -0.2409 -0.0000 650.0000 -3.2498 -100.0000
15.1317 352 947 947 352 -0.0962 -0.0000 -0.1727 -0.0000 650.0000 -0.8084 -100.0000
15.1384 331 968 968 331 -0.0589 -0.0000 -0.1726 -0.0000 650.0000 6.2106 -100.0000
15.1450 367 932 932 367 -0.0913 -0.0000 -0.1677 -0.0000 650.0000 -5.9354 -100.0000
15.1517 365 934 934 365 -0.1214 -0.0000 -0.0866 -0.0000 650.0000 -5.2029 -100.0000
15.1584 341 958 958 341 -0.0930 -0.0000 -0.0462 -0.0000 650.0000 2.6706 -100.0000
15.1651 352 947 947 352 -0.0974 -0.0000 -0.0435 -0.0000 650.0000 -0.8694 -100.0000
15.1717 359 940 940 359 -0.1143 -0.0000 -0.0630 -0.0000 650.0000 -3.0667 -100.0000
15.1784 345 954 954 345 -0.1079 -0.0000 -0.0483 -0.0000 650.0000 1.5720 -100.0000
15.1851 373 926 926 373 -0.1691 -0.0000 -0.0130 -0.0000 650.0000 -7.8885 -100.0000
15.1918 336 963 963 336 -0.1399 -0.0000 0.0168 -0.0000 650.0000 4.5016 -100.0000
15.1985 371 928 928 371 -0.1738 -0.0000 0.1211 -0.0000 650.0000 -7.0340 -100.0000
15.2051 363 936 936 363 -0.1796 -0.0000 0.2274 -0.0000 650.0000 -4.3484 -100.0000
15.2118 351 948 948 351 -0.1718 -0.0000 0.2151 -0.0000 650.0000 -0.4422 -100.0000
15.2185 370 929 929 370 -0.2190 -0.0000 0.2145 -0.0000 650.0000 -6.6678 -100.0000
15.2251 370 929 929 370 -0.2689 -0.0000 0.2349 -0.0000 650.0000 -6.7288 -100.0000
15.2318 370 929 929 370 -0.3186 -0.0000 0.2363 -0.0000 650.0000 -6.9730 -100.0000
15.2384 340 959 959 340 -0.2883 -0.0000 0.3034 -0.0000 650.0000 3.2809 -100.0000
15.2451 359 940 940 359 -0.3075 -0.0000 0.4030 -0.0000 650.0000 -3.0667 -100.0000
15.2519 368 931 931 368 -0.3420 -0.0000 0.6065 -0.0000 650.0000 -6.0574 -100.0000
15.2587 357 942 942 357 -0.3454 -0.0000 0.7343 -0.0000 650.0000 -2.4564 -100.0000
15.2654 361 938 938 361 -0.3571 -0.0000 0.8296 -0.0000 650.0000 -3.6771 -100.0000
15.2720 365 934 934 365 -0.3763 -0.0000 0.9183 -0.0000 650.0000 -5.3250 -100.0000
15.2787 353 946 946 353 -0.3810 -0.0000 1.0131 -0.0000 650.0000 -1.1746 -100.0000
15.2853 362 937 937 362 -0.3966 -0.0000 1.0937 -0.0000 650.0000 -4.0433 -100.0000
15.2920 350 949 949 350 -0.3907 -0.0000 1.1484 -0.0000 650.0000 -0.1981 -100.0000
15.2986 364 935 935 364 -0.4226 -0.0000 1.2455 -0.0000 650.0000 -4.8978 -100.0000
15.3053 331 968 968 331 -0.3760 -0.0000 1.4053 -0.0000 650.0000 6.2717 -100.0000
15.3120 318 981 981 318 -0.2940 -0.0000 1.5804 -0.0000 650.0000 10.4831 -100.0000
15.3186 355 944 944 355 -0.2813 -0.0000 1.7902 -0.0000 650.0000 -1.7850 -100.0000
15.3253 360 939 939 360 -0.2879 -0.0000 1.9494 -0.0000 650.0000 -3.4329 -100.0000
15.3319 340 959 959 340 -0.2635 -0.0000 2.0961 -0.0000 650.0000 3.2199 -100.0000
15.3386 354 945 945 354 -0.2771 -0.0000 2.2378 -0.0000 650.0000 -1.6019 -100.0000
15.3453 322 977 977 322 -0.2272 -0.0000 2.3504 -0.0000 650.0000 9.1403 -100.0000
15.3519 338 961 961 338 -0.2046 -0.0000 2.4618 -0.0000 650.0000 3.7082 -100.0000
15.3586 333 966 966 333 -0.1708 -0.0000 2.5244 -0.0000 650.0000 5.4782 -100.0000
15.3653 345 954 954 345 -0.1514 -0.0000 2.6700 -0.0000 650.0000 1.5109 -100.0000
15.3719 308 991 991 308 -0.0510 -0.0000 2.7964 -0.0000 650.0000 13.7790 -100.0000
15.3786 314 985 985 314 0.0377 -0.0000 2.8457 -0.0000 650.0000 11.9479 -100.0000
15.3852 351 948 948 351 0.0298 -0.0000 2.7862 -0.0000 650.0000 -0.6253 -100.0000
15.3919 366 933 933 366 -0.0139 -0.0000 2.5171 -0.0000 650.0000 -5.4471 -100.0000
15.3986 353 946 946 353 -0.0192 -0.0000 2.2369 -0.0000 650.0000 -1.1746 -100.0000
15.4052 370 929 929 370 -0.0644 -0.0000 1.8828 -0.0000 650.0000 -6.6678 -100.0000
15.4119 340 959 959 340 -0.0321 -0.0000 1.6222 -0.0000 650.0000 3.0368 -100.0000
15.4186 349 950 950 349 -0.0341 -0.0000 1.4616 -0.0000 650.0000 0.0461 -100.0000
15.4252 357 942 942 357 -0.0444 -0.0000 1.2968 -0.0000 650.0000 -2.3343 -100.0000
15.4319 356 943 943 356 -0.0529 -0.0000 1.1787 -0.0000 650.0000 -2.2122 -100.0000
15.4386 378 921 921 378 -0.1088 -0.0000 1.1020 -0.0000 650.0000 -9.4754 -100.0000
15.4452 352 947 947 352 -0.1015 -0.0000 0.9754 -0.0000 650.0000 -0.8694 -100.0000
15.4519 367 932 932 367 -0.1453 -0.0000 0.9911 -0.0000 650.0000 -5.6912 -100.0000
15.4586 350 949 949 350 -0.1440 -0.0000 1.0454 -0.0000 650.0000 -0.1370 -100.0000
15.4653 314 985 985 314 -0.0706 -0.0000 1.2532 -0.0000 650.0000 11.8259 -100.0000
15.4720 363 936 936 363 -0.0950 -0.0000 1.4703 -0.0000 650.0000 -4.5926 -100.0000
15.4787 351 948 948 351 -0.0769 -0.0000 1.6305 -0.0000 650.0000 -0.4422 -100.0000
15.4853 361 938 938 361 -0.0960 -0.0000 1.7939 -0.0000 650.0000 -3.7381 -100.0000
15.4920 355 944 944 355 -0.0966 -0.0000 1.9615 -0.0000 650.0000 -1.7850 -100.0000
15.4987 346 953 953 346 -0.0971 -0.0000 2.0001 -0.0000 650.0000 1.3278 -100.0000
15.5055 343 956 956 343 -0.0880 -0.0000 2.0097 -0.0000 650.0000 2.2433 -100.0000
15.5122 329 970 970 329 -0.0604 -0.0000 2.1093 -0.0000 650.0000 6.8210 -100.0000
15.5189 343 956 956 343 -0.0493 -0.0000 2.2519 -0.0000 650.0000 2.1823 -100.0000
15.5256 333 966 966 333 -0.0007 -0.0000 2.3868 -0.0000 650.0000 5.6003 -100.0000
15.5323 357 942 942 357 -0.0023 -0.0000 2.5132 -0.0000 650.0000 -2.6395 -100.0000
15.5389 339 960 960 339 0.0389 -0.0000 2.5977 -0.0000 650.0000 3.5861 -100.0000
15.5456 366 933 933 366 -0.0048 -0.0000 2.5082 -0.0000 650.0000 -5.4471 -100.0000
15.5522 376 923 923 376 -0.0585 -0.0000 2.4259 -0.0000 650.0000 -8.6819 -100.0000
15.5589 325 974 974 325 -0.0142 -0.0000 2.3476 -0.0000 650.0000 8.0417 -100.0000
15.5656 332 967 967 332 0.0208 -0.0000 2.4187 -0.0000 650.0000 5.8444 -100.0000
15.5722 308 991 991 308 0.1026 -0.0000 2.4984 -0.0000 650.0000 13.7180 -100.0000
15.5789 356 943 943 356 0.0841 -0.0000 2.6820 -0.0000 650.0000 -2.0291 -100.0000
15.5856 354 945 945 354 0.0854 -0.0000 2.7506 -0.0000 650.0000 -1.4188 -100.0000
15.5922 345 954 954 345 0.0896 -0.0000 2.7483 -0.0000 650.0000 1.4499 -100.0000
15.5989 360 939 939 360 0.0677 -0.0000 2.7341 -0.0000 650.0000 -3.4329 -100.0000
15.6055 355 944 944 355 0.0427 -0.0000 2.7268 -0.0000 650.0000 -1.8460 -100.0000
15.6122 323 976 976 323 0.0926 -0.0000 2.7689 -0.0000 650.0000 8.7131 -100.0000
15.6189 308 991 991 308 0.1862 -0.0000 2.7093 -0.0000 650.0000 13.9621 -100.0000
15.6256 321 978 978 321 0.2465 -0.0000 2.8102 -0.0000 650.0000 9.6286 -100.0000
15.6322 357 942 942 357 0.2304 -0.0000 2.8402 -0.0000 650.0000 -2.3343 -100.0000
15.6389 380 919 919 380 0.1477 -0.0000 2.7619 -0.0000 650.0000 -10.3299 -100.0000
15.6456 393 906 906 393 0.0618 -0.0000 2.5643 -0.0000 650.0000 -14.3582 -100.0000
15.6523 368 931 931 368 0.0244 -0.0000 2.2759 -0.0000 650.0000 -6.1185 -100.0000
15.6590 351 948 948 351 0.0332 -0.0000 1.9554 -0.0000 650.0000 -0.6253 -100.0000
15.6656 348 951 951 348 0.0278 -0.0000 1.6587 -0.0000 650.0000 0.3513 -100.0000
15.6723 318 981 981 318 0.0765 -0.0000 1.5611 -0.0000 650.0000 10.3610 -100.0000
15.6789 335 964 964 335 0.0985 -0.0000 1.4029 -0.0000 650.0000 4.6848 -100.0000
15.6856 360 939 939 360 0.0643 -0.0000 1.2878 -0.0000 650.0000 -3.5550 -100.0000
15.6924 367 932 932 367 0.0453 -0.0000 0.9713 -0.0000 650.0000 -5.9964 -100.0000
15.6990 391 908 908 391 -0.0357 -0.0000 0.7722 -0.0000 650.0000 -13.9920 -100.0000
15.7067 348 951 951 348 -0.0215 -0.0000 0.5292 -0.0000 650.0000 0.6564 -100.0000
15.7139 320 979 979 320 0.0589 -0.0000 0.3562 -0.0000 650.0000 9.6896 -100.0000
15.7207 394 905 905 394 -0.0454 -0.0000 0.1254 -0.0000 650.0000 -14.9686 -100.0000
15.7274 371 928 928 371 -0.0931 -0.0000 -0.1616 -0.0000 650.0000 -7.1561 -100.0000
15.7340 366 933 933 366 -0.1467 -0.0000 -0.4071 -0.0000 650.0000 -5.5692 -100.0000
15.7408 333 966 966 333 -0.1280 -0.0000 -0.6398 -0.0000 650.0000 5.6003 -100.0000
15.7474 327 972 972 327 -0.0854 -0.0000 -0.6800 -0.0000 650.0000 7.4313 -100.0000
15.7542 352 947 947 352 -0.0985 -0.0000 -0.6933 -0.0000 650.0000 -0.9915 -100.0000
15.7609 363 936 936 363 -0.1084 -0.0000 -0.7010 -0.0000 650.0000 -4.4705 -100.0000
15.7676 406 893 893 406 -0.2226 -0.0000 -0.8109 -0.0000 650.0000 -18.8748 -100.0000
15.7743 384 915 915 384 -0.2636 -0.0000 -0.9053 -0.0000 650.0000 -11.4285 -100.0000
15.7811 388 911 911 388 -0.3204 -0.0000 -1.0814 -0.0000 650.0000 -12.8934 -100.0000
15.7878 366 933 933 366 -0.3473 -0.0000 -1.1770 -0.0000 650.0000 -5.3860 -100.0000
15.7944 367 932 932 367 -0.3882 -0.0000 -1.1665 -0.0000 650.0000 -5.9354 -100.0000
15.8010 359 940 940 359 -0.4328 -0.0000 -1.1397 -0.0000 650.0000 -3.0667 -100.0000
15.8077 327 972 972 327 -0.3922 -0.0000 -1.0673 -0.0000 650.0000 7.4924 -100.0000
15.8143 342 957 957 342 -0.3916 -0.0000 -0.9532 -0.0000 650.0000 2.4875 -100.0000
15.8210 347 952 952 347 -0.3688 -0.0000 -0.8855 -0.0000 650.0000 0.9616 -100.0000
15.8276 394 905 905 394 -0.4295 -0.0000 -0.7686 -0.0000 650.0000 -14.7855 -100.0000
15.8343 361 938 938 361 -0.4190 -0.0000 -0.7009 -0.0000 650.0000 -3.9212 -100.0000
15.8409 389 910 910 389 -0.4774 -0.0000 -0.7324 -0.0000 650.0000 -13.1985 -100.0000
15.8475 370 929 929 370 -0.5212 -0.0000 -0.8114 -0.0000 650.0000 -6.8509 -100.0000
15.8541 351 948 948 351 -0.5160 -0.0000 -0.8784 -0.0000 650.0000 -0.6253 -100.0000
15.8608 350 949 949 350 -0.5196 -0.0000 -0.9033 -0.0000 650.0000 -0.0760 -100.0000
15.8674 363 936 936 363 -0.5647 -0.0000 -0.9225 -0.0000 650.0000 -4.6536 -100.0000
15.8741 323 976 976 323 -0.4961 -0.0000 -0.9019 -0.0000 650.0000 8.7131 -100.0000
15.8807 336 963 963 336 -0.4564 -0.0000 -0.8545 -0.0000 650.0000 4.3796 -100.0000
15.8873 330 969 969 330 -0.3815 -0.0000 -0.7529 -0.0000 650.0000 6.3937 -100.0000
15.8940 334 965 965 334 -0.3108 -0.0000 -0.6406 -0.0000 650.0000 5.0510 -100.0000
15.9006 376 923 923 376 -0.3517 -0.0000 -0.5970 -0.0000 650.0000 -8.9871 -100.0000
15.9072 392 907 907 392 -0.4216 -0.0000 -0.7063 -0.0000 650.0000 -14.2361 -100.0000
15.9139 386 913 913 386 -0.5038 -0.0000 -0.7999 -0.0000 650.0000 -12.0389 -100.0000
15.9205 338 961 961 338 -0.4818 -0.0000 -0.8393 -0.0000 650.0000 3.8303 -100.0000
15.9272 315 984 984 315 -0.4287 -0.0000 -0.9287 -0.0000 650.0000 11.5207 -100.0000
15.9338 355 944 944 355 -0.4540 -0.0000 -0.9070 -0.0000 650.0000 -1.9070 -100.0000
15.9405 316 983 983 316 -0.3692 -0.0000 -0.8285 -0.0000 650.0000 11.0934 -100.0000
15.9471 335 964 964 335 -0.3212 -0.0000 -0.7825 -0.0000 650.0000 4.6848 -100.0000
15.9538 348 951 951 348 -0.2770 -0.0000 -0.7385 -0.0000 650.0000 0.5954 -100.0000
15.9604 350 949 949 350 -0.2529 -0.0000 -0.6870 -0.0000 650.0000 -0.1370 -100.0000
15.9670 388 911 911 388 -0.3062 -0.0000 -0.6641 -0.0000 650.0000 -12.7713 -100.0000
15.9737 369 930 930 369 -0.3498 -0.0000 -0.7655 -0.0000 650.0000 -6.3626 -100.0000
15.9804 363 936 936 363 -0.4001 -0.0000 -0.8728 -0.0000 650.0000 -4.5926 -100.0000
15.9870 337 962 962 337 -0.3946 -0.0000 -0.9041 -0.0000 650.0000 4.1354 -100.0000
15.9936 341 958 958 341 -0.3827 -0.0000 -0.8859 -0.0000 650.0000 2.9758 -100.0000
16.0002 326 973 973 326 -0.3172 -0.0000 -0.7088 -0.0000 650.0000 7.6755 -100.0000
16.0073 344 955 955 344 -0.2918 -0.0000 -0.5699 -0.0000 650.0000 1.8161 -100.0000
16.0140 359 940 940 359 -0.2848 -0.0000 -0.3729 -0.0000 650.0000 -3.0057 -100.0000
16.0207 376 923 923 376 -0.3247 -0.0000 -0.3653 -0.0000 650.0000 -8.8651 -100.0000
16.0273 377 922 922 377 -0.3856 -0.0000 -0.3215 -0.0000 650.0000 -9.1702 -100.0000
16.0340 354 945 945 354 -0.3924 -0.0000 -0.2947 -0.0000 650.0000 -1.4798 -100.0000
16.0407 334 965 965 334 -0.3723 -0.0000 -0.2177 -0.0000 650.0000 5.1730 -100.0000
16.0473 317 982 982 317 -0.3049 -0.0000 -0.0313 -0.0000 650.0000 10.7272 -100.0000
16.0539 338 961 961 338 -0.2784 -0.0000 0.1902 -0.0000 650.0000 3.7082 -100.0000
16.0607 319 980 980 319 -0.2035 -0.0000 0.4703 -0.0000 650.0000 10.0558 -100.0000
16.0673 341 958 958 341 -0.1665 -0.0000 0.7035 -0.0000 650.0000 2.9147 -100.0000
16.0740 372 927 927 372 -0.2093 -0.0000 0.9774 -0.0000 650.0000 -7.5223 -100.0000
16.0806 356 943 943 356 -0.2017 -0.0000 1.1293 -0.0000 650.0000 -2.0901 -100.0000
16.0873 349 950 950 349 -0.1907 -0.0000 1.1632 -0.0000 650.0000 0.2292 -100.0000
16.0939 319 980 980 319 -0.1202 -0.0000 1.1381 -0.0000 650.0000 10.1779 -100.0000
16.1007 342 957 957 342 -0.1093 -0.0000 1.1640 -0.0000 650.0000 2.4875 -100.0000
16.1073 333 966 966 333 -0.0882 -0.0000 1.1065 -0.0000 650.0000 5.4782 -100.0000
16.1140 339 960 960 339 -0.0666 -0.0000 1.0461 -0.0000 650.0000 3.4030 -100.0000
16.1207 354 945 945 354 -0.0784 -0.0000 0.9662 -0.0000 650.0000 -1.4188 -100.0000
16.1273 345 954 954 345 -0.0615 -0.0000 0.8486 -0.0000 650.0000 1.5720 -100.0000
16.1339 370 929 929 370 -0.1017 -0.0000 0.6162 -0.0000 650.0000 -6.6678 -100.0000
16.1406 385 914 914 385 -0.1640 -0.0000 0.2821 -0.0000 650.0000 -11.9778 -100.0000
16.1472 380 919 919 380 -0.2084 -0.0000 -0.0071 -0.0000 650.0000 -10.2078 -100.0000
16.1538 380 919 919 380 -0.2598 -0.0000 -0.1694 -0.0000 650.0000 -10.2078 -100.0000
16.1604 331 968 968 331 -0.2115 -0.0000 -0.2402 -0.0000 650.0000 6.2717 -100.0000
16.1671 329 970 970 329 -0.1817 -0.0000 -0.2442 -0.0000 650.0000 6.9431 -100.0000
16.1737 328 971 971 328 -0.1509 -0.0000 -0.1421 -0.0000 650.0000 7.0651 -100.0000
16.1804 359 940 940 359 -0.1932 -0.0000 0.0493 -0.0000 650.0000 -3.0667 -100.0000
16.1870 370 929 929 370 -0.2241 -0.0000 0.2115 -0.0000 650.0000 -6.6678 -100.0000
16.1936 355 944 944 355 -0.2147 -0.0000 0.3089 -0.0000 650.0000 -1.9070 -100.0000
16.2002 366 933 933 366 -0.2162 -0.0000 0.3815 -0.0000 650.0000 -5.4471 -100.0000
16.2068 354 945 945 354 -0.2040 -0.0000 0.4182 -0.0000 650.0000 -1.4188 -100.0000
16.2134 348 951 951 348 -0.2026 -0.0000 0.5522 -0.0000 650.0000 0.4733 -100.0000
16.2202 339 960 960 339 -0.1923 -0.0000 0.6869 -0.0000 650.0000 3.4641 -100.0000
16.2268 328 971 971 328 -0.1578 -0.0000 0.7945 -0.0000 650.0000 7.0041 -100.0000
16.2334 328 971 971 328 -0.1217 -0.0000 0.8703 -0.0000 650.0000 7.1872 -100.0000
16.2401 337 962 962 337 -0.0936 -0.0000 1.0495 -0.0000 650.0000 4.2575 -100.0000
16.2467 342 957 957 342 -0.0797 -0.0000 1.2462 -0.0000 650.0000 2.5485 -100.0000
16.2534 360 939 939 360 -0.0853 -0.0000 1.3922 -0.0000 650.0000 -3.4329 -100.0000
16.2602 322 977 977 322 -0.0056 -0.0000 1.4029 -0.0000 650.0000 9.1403 -100.0000
16.2668 331 968 968 331 0.0500 -0.0000 1.3434 -0.0000 650.0000 6.1496 -100.0000
16.2735 343 956 956 343 0.0672 -0.0000 1.3016 -0.0000 650.0000 2.1213 -100.0000
16.2801 337 962 962 337 0.0780 -0.0000 1.2582 -0.0000 650.0000 4.0134 -100.0000
16.2867 328 971 971 328 0.1132 -0.0000 1.1560 -0.0000 650.0000 7.1872 -100.0000
16.2933 356 943 943 356 0.0797 -0.0000 1.0439 -0.0000 650.0000 -2.0901 -100.0000
16.3001 366 933 933 366 0.0343 -0.0000 1.0085 -0.0000 650.0000 -5.5692 -100.0000
16.3069 372 927 927 372 -0.0186 -0.0000 0.9081 -0.0000 650.0000 -7.4612 -100.0000
16.3136 377 922 922 377 -0.0623 -0.0000 0.6971 -0.0000 650.0000 -9.1702 -100.0000
16.3203 362 937 937 362 -0.0643 -0.0000 0.5283 -0.0000 650.0000 -4.2874 -100.0000
16.3269 370 929 929 370 -0.0908 -0.0000 0.3849 -0.0000 650.0000 -6.9730 -100.0000
16.3335 347 952 952 347 -0.0764 -0.0000 0.3208 -0.0000 650.0000 0.8395 -100.0000
16.3402 348 951 951 348 -0.0871 -0.0000 0.2614 -0.0000 650.0000 0.4123 -100.0000
16.3469 315 984 984 315 -0.0233 -0.0000 0.2610 -0.0000 650.0000 11.5817 -100.0000
16.3536 366 933 933 366 -0.0641 -0.0000 0.2000 -0.0000 650.0000 -5.4471 -100.0000
16.3602 386 913 913 386 -0.1396 -0.0000 0.1333 -0.0000 650.0000 -12.2830 -100.0000
16.3668 360 939 939 360 -0.1531 -0.0000 0.0469 -0.0000 650.0000 -3.5550 -100.0000
16.3735 366 933 933 366 -0.1810 -0.0000 -0.1323 -0.0000 650.0000 -5.3860 -100.0000
16.3802 366 933 933 366 -0.2005 -0.0000 -0.3114 -0.0000 650.0000 -5.3860 -100.0000
16.3868 330 969 969 330 -0.1536 -0.0000 -0.4207 -0.0000 650.0000 6.6379 -100.0000
16.3935 351 948 948 351 -0.1574 -0.0000 -0.5194 -0.0000 650.0000 -0.3812 -100.0000
16.4001 350 949 949 350 -0.1588 -0.0000 -0.5867 -0.0000 650.0000 -0.1370 -100.0000
16.4068 344 955 955 344 -0.1449 -0.0000 -0.6319 -0.0000 650.0000 1.7551 -100.0000
16.4134 354 945 945 354 -0.1460 -0.0000 -0.6748 -0.0000 650.0000 -1.6019 -100.0000
16.4202 362 937 937 362 -0.1719 -0.0000 -0.7478 -0.0000 650.0000 -4.0433 -100.0000
16.4268 402 897 897 402 -0.2805 -0.0000 -0.7083 -0.0000 650.0000 -17.3489 -100.0000
16.4334 369 930 930 369 -0.3112 -0.0000 -0.8834 -0.0000 650.0000 -6.3626 -100.0000
16.4400 393 906 906 393 -0.3894 -0.0000 -0.9349 -0.0000 650.0000 -14.4193 -100.0000
16.4467 345 954 954 345 -0.3642 -0.0000 -0.9260 -0.0000 650.0000 1.4499 -100.0000
16.4535 328 971 971 328 -0.3126 -0.0000 -0.8389 -0.0000 650.0000 7.1872 -100.0000
16.4601 364 935 935 364 -0.3442 -0.0000 -0.7563 -0.0000 650.0000 -4.9588 -100.0000
16.4667 361 938 938 361 -0.3747 -0.0000 -0.6607 -0.0000 650.0000 -3.8602 -100.0000
16.4734 343 956 956 343 -0.3478 -0.0000 -0.6128 -0.0000 650.0000 2.3044 -100.0000
16.4801 350 949 949 350 -0.3339 -0.0000 -0.5761 -0.0000 650.0000 -0.1981 -100.0000
16.4868 346 953 953 346 -0.3030 -0.0000 -0.6305 -0.0000 650.0000 1.2057 -100.0000
16.4934 370 929 929 370 -0.3263 -0.0000 -0.6428 -0.0000 650.0000 -6.6678 -100.0000
16.5002 361 938 938 361 -0.3464 -0.0000 -0.5976 -0.0000 650.0000 -3.8602 -100.0000
16.5070 359 940 940 359 -0.3707 -0.0000 -0.6008 -0.0000 650.0000 -3.1888 -100.0000
16.5137 339 960 960 339 -0.3527 -0.0000 -0.5133 -0.0000 650.0000 3.4030 -100.0000
16.5203 323 976 976 323 -0.3019 -0.0000 -0.3925 -0.0000 650.0000 8.8351 -100.0000
16.5269 330 969 969 330 -0.2505 -0.0000 -0.1794 -0.0000 650.0000 6.3937 -100.0000
16.5336 363 936 936 363 -0.2713 -0.0000 -0.0074 -0.0000 650.0000 -4.3484 -100.0000
16.5403 380 919 919 380 -0.3195 -0.0000 0.1311 -0.0000 650.0000 -10.1468 -100.0000
16.5469 358 941 941 358 -0.3247 -0.0000 0.2138 -0.0000 650.0000 -2.8226 -100.0000
16.5535 350 949 949 350 -0.3191 -0.0000 0.3281 -0.0000 650.0000 -0.1981 -100.0000
16.5602 328 971 971 328 -0.2671 -0.0000 0.4473 -0.0000 650.0000 7.1872 -100.0000
16.5669 349 950 950 349 -0.2665 -0.0000 0.6127 -0.0000 650.0000 0.2902 -100.0000
16.5735 309 990 990 309 -0.1755 -0.0000 0.7169 -0.0000 650.0000 13.5959 -100.0000
16.5802 316 983 983 316 -0.1063 -0.0000 0.7602 -0.0000 650.0000 11.2155 -100.0000
16.5868 318 981 981 318 -0.0358 -0.0000 0.9510 -0.0000 650.0000 10.5441 -100.0000
16.5935 380 919 919 380 -0.0974 -0.0000 1.0700 -0.0000 650.0000 -10.0247 -100.0000
16.6001 346 953 953 346 -0.0736 -0.0000 1.1135 -0.0000 650.0000 1.0837 -100.0000
16.6067 372 927 927 372 -0.1156 -0.0000 1.0487 -0.0000 650.0000 -7.5223 -100.0000
16.6133 340 959 959 340 -0.0973 -0.0000 0.9317 -0.0000 650.0000 3.2199 -100.0000
16.6200 320 979 979 320 -0.0362 -0.0000 0.6784 -0.0000 650.0000 9.6896 -100.0000
16.6266 352 947 947 352 -0.0427 -0.0000 0.4330 -0.0000 650.0000 -0.7474 -100.0000
16.6333 369 930 930 369 -0.0749 -0.0000 0.3043 -0.0000 650.0000 -6.4847 -100.0000
16.6399 330 969 969 330 -0.0270 -0.0000 0.1858 -0.0000 650.0000 6.6379 -100.0000
16.6466 357 942 942 357 -0.0430 -0.0000 0.1161 -0.0000 650.0000 -2.3953 -100.0000
16.6532 360 939 939 360 -0.0741 -0.0000 0.0327 -0.0000 650.0000 -3.3719 -100.0000
16.6599 368 931 931 368 -0.1208 -0.0000 0.0163 -0.0000 650.0000 -6.3016 -100.0000
16.6665 364 935 935 364 -0.1401 -0.0000 -0.0346 -0.0000 650.0000 -4.8367 -100.0000
16.6732 349 950 950 349 -0.1292 -0.0000 -0.0543 -0.0000 650.0000 0.0461 -100.0000
16.6799 336 963 963 336 -0.0916 -0.0000 -0.0840 -0.0000 650.0000 4.5627 -100.0000
16.6866 326 973 973 326 -0.0430 -0.0000 0.0212 -0.0000 650.0000 7.7975 -100.0000
16.6933 331 968 968 331 -0.0083 -0.0000 0.1110 -0.0000 650.0000 6.1496 -100.0000
16.7000 357 942 942 357 -0.0229 -0.0000 0.2099 -0.0000 650.0000 -2.3953 -100.0000
16.7066 383 916 916 383 -0.0920 -0.0000 0.2319 -0.0000 650.0000 -11.1234 -100.0000
16.7132 357 942 942 357 -0.0957 -0.0000 0.2415 -0.0000 650.0000 -2.3953 -100.0000
16.7198 350 949 949 350 -0.0921 -0.0000 0.2766 -0.0000 650.0000 -0.2591 -100.0000
16.7265 342 957 957 342 -0.0725 -0.0000 0.2636 -0.0000 650.0000 2.3654 -100.0000
16.7331 363 936 936 363 -0.1065 -0.0000 0.3040 -0.0000 650.0000 -4.5316 -100.0000
16.7398 345 954 954 345 -0.1050 -0.0000 0.3315 -0.0000 650.0000 1.3889 -100.0000
16.7465 331 968 968 331 -0.0702 -0.0000 0.3816 -0.0000 650.0000 6.0275 -100.0000
16.7533 347 952 952 347 -0.0692 -0.0000 0.4551 -0.0000 650.0000 0.9006 -100.0000
16.7601 390 909 909 390 -0.1505 -0.0000 0.5224 -0.0000 650.0000 -13.4427 -100.0000
16.7667 350 949 949 350 -0.1478 -0.0000 0.5329 -0.0000 650.0000 -0.3201 -100.0000
16.7734 357 942 942 357 -0.1539 -0.0000 0.6120 -0.0000 650.0000 -2.4564 -100.0000
16.7800 351 948 948 351 -0.1553 -0.0000 0.6800 -0.0000 650.0000 -0.3812 -100.0000
16.7867 325 974 974 325 -0.1071 -0.0000 0.7671 -0.0000 650.0000 8.0417 -100.0000
16.7933 327 972 972 327 -0.0596 -0.0000 0.8728 -0.0000 650.0000 7.5534 -100.0000
16.8000 333 966 966 333 -0.0207 -0.0000 1.0357 -0.0000 650.0000 5.6613 -100.0000
16.8066 349 950 950 349 -0.0132 -0.0000 1.2660 -0.0000 650.0000 0.2292 -100.0000
16.8132 354 945 945 354 -0.0251 -0.0000 1.4647 -0.0000 650.0000 -1.6019 -100.0000
16.8198 348 951 951 348 -0.0258 -0.0000 1.5871 -0.0000 650.0000 0.6564 -100.0000
16.8265 340 959 959 340 -0.0068 -0.0000 1.6266 -0.0000 650.0000 3.0978 -100.0000
16.8331 345 954 954 345 0.0082 -0.0000 1.6179 -0.0000 650.0000 1.3889 -100.0000
16.8398 333 966 966 333 0.0574 -0.0000 1.5524 -0.0000 650.0000 5.4782 -100.0000
16.8464 295 1004 1004 295 0.1780 -0.0000 1.3616 -0.0000 650.0000 18.1125 -100.0000
16.8531 324 975 975 324 0.2197 -0.0000 1.2816 -0.0000 650.0000 8.3469 -100.0000
16.8597 354 945 945 354 0.1939 -0.0000 1.1626 -0.0000 650.0000 -1.6019 -100.0000
16.8663 363 936 936 363 0.1629 -0.0000 1.0317 -0.0000 650.0000 -4.3484 -100.0000
16.8730 371 928 928 371 0.1253 -0.0000 0.8014 -0.0000 650.0000 -7.0950 -100.0000
16.8796 368 931 931 368 0.0927 -0.0000 0.5283 -0.0000 650.0000 -6.3016 -100.0000
16.8863 386 913 913 386 0.0209 -0.0000 0.3418 -0.0000 650.0000 -12.1609 -100.0000
16.8929 356 943 943 356 0.0024 -0.0000 0.2341 -0.0000 650.0000 -2.2733 -100.0000
16.8995 357 942 942 357 -0.0184 -0.0000 0.2101 -0.0000 650.0000 -2.5784 -100.0000
16.9061 327 972 972 327 0.0145 -0.0000 0.2549 -0.0000 650.0000 7.6144 -100.0000
16.9128 339 960 960 339 0.0336 -0.0000 0.4424 -0.0000 650.0000 3.4641 -100.0000
16.9195 345 954 954 345 0.0456 -0.0000 0.6623 -0.0000 650.0000 1.3889 -100.0000
16.9261 336 963 963 336 0.0847 -0.0000 0.9034 -0.0000 650.0000 4.5016 -100.0000
16.9328 356 943 943 356 0.0837 -0.0000 1.1060 -0.0000 650.0000 -2.0901 -100.0000
16.9394 366 933 933 366 0.0415 -0.0000 1.2604 -0.0000 650.0000 -5.5692 -100.0000
16.9460 355 944 944 355 0.0359 -0.0000 1.3045 -0.0000 650.0000 -1.9681 -100.0000
16.9526 319 980 980 319 0.0974 -0.0000 1.3791 -0.0000 650.0000 10.0558 -100.0000
16.9593 334 965 965 334 0.1205 -0.0000 1.3865 -0.0000 650.0000 5.1120 -100.0000
16.9659 340 959 959 340 0.1316 -0.0000 1.3731 -0.0000 650.0000 3.2809 -100.0000
16.9726 316 983 983 316 0.1924 -0.0000 1.4100 -0.0000 650.0000 11.2155 -100.0000
16.9793 342 957 957 342 0.2146 -0.0000 1.4429 -0.0000 650.0000 2.5485 -100.0000
16.9860 349 950 950 349 0.2103 -0.0000 1.5006 -0.0000 650.0000 0.2292 -100.0000
16.9927 346 953 953 346 0.2201 -0.0000 1.4167 -0.0000 650.0000 1.3278 -100.0000
16.9994 369 930 930 369 0.1749 -0.0000 1.2324 -0.0000 650.0000 -6.4847 -100.0000
17.0061 381 918 918 381 0.0946 -0.0000 0.9474 -0.0000 650.0000 -10.5130 -100.0000
17.0128 341 958 958 341 0.1196 -0.0000 0.7253 -0.0000 650.0000 2.8537 -100.0000
17.0195 355 944 944 355 0.0970 -0.0000 0.5224 -0.0000 650.0000 -1.7239 -100.0000
17.0261 322 977 977 322 0.1480 -0.0000 0.4043 -0.0000 650.0000 9.1403 -100.0000
17.0328 346 953 953 346 0.1411 -0.0000 0.4238 -0.0000 650.0000 1.0226 -100.0000
17.0394 374 925 925 374 0.0888 -0.0000 0.4299 -0.0000 650.0000 -8.0716 -100.0000
17.0461 376 923 923 376 0.0489 -0.0000 0.4391 -0.0000 650.0000 -8.8040 -100.0000
17.0527 375 924 924 375 0.0021 -0.0000 0.4382 -0.0000 650.0000 -8.3768 -100.0000
17.0594 363 936 936 363 -0.0169 -0.0000 0.4494 -0.0000 650.0000 -4.6536 -100.0000
17.0661 365 934 934 365 -0.0567 -0.0000 0.4675 -0.0000 650.0000 -5.2029 -100.0000
17.0728 332 967 967 332 -0.0218 -0.0000 0.5162 -0.0000 650.0000 5.9665 -100.0000
17.0795 327 972 972 327 0.0128 -0.0000 0.5996 -0.0000 650.0000 7.4924 -100.0000
17.0861 359 940 940 359 -0.0100 -0.0000 0.6908 -0.0000 650.0000 -3.0667 -100.0000
17.0928 358 941 941 358 -0.0165 -0.0000 0.9031 -0.0000 650.0000 -2.9446 -100.0000
17.0994 350 949 949 350 -0.0094 -0.0000 1.0475 -0.0000 650.0000 -0.1981 -100.0000
17.1061 352 947 947 352 -0.0126 -0.0000 1.1370 -0.0000 650.0000 -0.9915 -100.0000
17.1127 385 914 914 385 -0.1051 -0.0000 1.1834 -0.0000 650.0000 -11.9778 -100.0000
17.1194 376 923 923 376 -0.1585 -0.0000 1.1624 -0.0000 650.0000 -8.7430 -100.0000
17.1261 370 929 929 370 -0.1894 -0.0000 1.1066 -0.0000 650.0000 -6.8509 -100.0000
17.1327 340 959 959 340 -0.1621 -0.0000 1.0046 -0.0000 650.0000 3.0368 -100.0000
17.1394 334 965 965 334 -0.1123 -0.0000 1.0383 -0.0000 650.0000 5.1120 -100.0000
17.1460 344 955 955 344 -0.0958 -0.0000 1.1226 -0.0000 650.0000 1.8161 -100.0000
17.1527 336 963 963 336 -0.0568 -0.0000 1.2302 -0.0000 650.0000 4.5016 -100.0000
17.1594 376 923 923 376 -0.1093 -0.0000 1.3888 -0.0000 650.0000 -8.6819 -100.0000
17.1660 366 933 933 366 -0.1523 -0.0000 1.5125 -0.0000 650.0000 -5.5692 -100.0000
17.1728 362 937 937 362 -0.1721 -0.0000 1.5417 -0.0000 650.0000 -4.2874 -100.0000
17.1794 356 943 943 356 -0.1763 -0.0000 1.5892 -0.0000 650.0000 -2.0901 -100.0000
17.1861 337 962 962 337 -0.1399 -0.0000 1.6305 -0.0000 650.0000 4.0134 -100.0000
17.1927 326 973 973 326 -0.0891 -0.0000 1.6624 -0.0000 650.0000 7.9807 -100.0000
17.1994 324 975 975 324 -0.0397 -0.0000 1.6969 -0.0000 650.0000 8.5910 -100.0000
17.2060 318 981 981 318 0.0307 -0.0000 1.7398 -0.0000 650.0000 10.4831 -100.0000
17.2126 326 973 973 326 0.0753 -0.0000 1.7615 -0.0000 650.0000 7.6755 -100.0000
17.2193 338 961 961 338 0.1053 -0.0000 1.9858 -0.0000 650.0000 3.8303 -100.0000
17.2260 344 955 955 344 0.1157 -0.0000 2.1247 -0.0000 650.0000 1.8771 -100.0000
17.2327 340 959 959 340 0.1491 -0.0000 2.2027 -0.0000 650.0000 3.1589 -100.0000
17.2394 346 953 953 346 0.1577 -0.0000 2.1132 -0.0000 650.0000 1.3278 -100.0000
17.2460 333 966 966 333 0.1836 -0.0000 1.8748 -0.0000 650.0000 5.4172 -100.0000
17.2529 337 962 962 337 0.2074 -0.0000 1.7609 -0.0000 650.0000 4.2575 -100.0000
17.2596 340 959 959 340 0.2198 -0.0000 1.5843 -0.0000 650.0000 3.0368 -100.0000
17.2663 348 951 951 348 0.2346 -0.0000 1.4867 -0.0000 650.0000 0.5344 -100.0000
17.2729 360 939 939 360 0.2132 -0.0000 1.3214 -0.0000 650.0000 -3.4940 -100.0000
17.2795 387 912 912 387 0.1305 -0.0000 1.1290 -0.0000 650.0000 -12.6492 -100.0000
17.2862 389 910 910 389 0.0387 -0.0000 0.7933 -0.0000 650.0000 -13.3206 -100.0000
17.2928 395 904 904 395 -0.0612 -0.0000 0.5568 -0.0000 650.0000 -15.1517 -100.0000
17.2994 388 911 911 388 -0.1286 -0.0000 0.4751 -0.0000 650.0000 -12.7103 -100.0000
17.3061 348 951 951 348 -0.1249 -0.0000 0.5131 -0.0000 650.0000 0.5954 -100.0000
17.3128 356 943 943 356 -0.1404 -0.0000 0.5798 -0.0000 650.0000 -2.2122 -100.0000
17.3194 345 954 954 345 -0.1354 -0.0000 0.7471 -0.0000 650.0000 1.5109 -100.0000
17.3261 333 966 966 333 -0.1033 -0.0000 0.8997 -0.0000 650.0000 5.3561 -100.0000
17.3327 365 934 934 365 -0.1239 -0.0000 1.0778 -0.0000 650.0000 -5.1419 -100.0000
17.3394 380 919 919 380 -0.1857 -0.0000 1.2025 -0.0000 650.0000 -10.3299 -100.0000
17.3460 368 931 931 368 -0.2011 -0.0000 1.3636 -0.0000 650.0000 -6.3016 -100.0000
17.3527 360 939 939 360 -0.2113 -0.0000 1.3935 -0.0000 650.0000 -3.5550 -100.0000
17.3593 389 910 910 389 -0.3054 -0.0000 1.4071 -0.0000 650.0000 -13.2596 -100.0000
17.3660 374 925 925 374 -0.3614 -0.0000 1.4770 -0.0000 650.0000 -8.3157 -100.0000
17.3727 365 934 934 365 -0.3963 -0.0000 1.5048 -0.0000 650.0000 -5.2640 -100.0000
17.3793 348 951 951 348 -0.3758 -0.0000 1.5723 -0.0000 650.0000 0.3513 -100.0000
17.3860 297 1002 1002 297 -0.2578 -0.0000 1.6305 -0.0000 650.0000 17.3801 -100.0000
17.3926 308 991 991 308 -0.1646 -0.0000 1.7596 -0.0000 650.0000 13.7790 -100.0000
17.3993 327 972 972 327 -0.1033 -0.0000 1.9354 -0.0000 650.0000 7.4313 -100.0000
17.4059 350 949 949 350 -0.1100 -0.0000 2.1109 -0.0000 650.0000 -0.0150 -100.0000
17.4126 359 940 940 359 -0.1339 -0.0000 2.1233 -0.0000 650.0000 -3.1888 -100.0000
17.4193 372 927 927 372 -0.1916 -0.0000 2.1677 -0.0000 650.0000 -7.5223 -100.0000
17.4259 364 935 935 364 -0.2081 -0.0000 2.1933 -0.0000 650.0000 -4.8978 -100.0000
17.4325 353 946 946 353 -0.2002 -0.0000 2.2159 -0.0000 650.0000 -1.2967 -100.0000
17.4392 352 947 947 352 -0.2099 -0.0000 2.2041 -0.0000 650.0000 -0.9915 -100.0000
17.4459 329 970 970 329 -0.1581 -0.0000 2.1558 -0.0000 650.0000 6.7599 -100.0000
17.4525 341 958 958 341 -0.1423 -0.0000 2.2002 -0.0000 650.0000 2.7927 -100.0000
17.4591 342 957 957 342 -0.1143 -0.0000 2.2608 -0.0000 650.0000 2.6096 -100.0000
17.4658 331 968 968 331 -0.0612 -0.0000 2.3105 -0.0000 650.0000 6.2717 -100.0000
17.4725 337 962 962 337 -0.0399 -0.0000 2.2776 -0.0000 650.0000 4.3185 -100.0000
17.4791 352 947 947 352 -0.0442 -0.0000 2.2040 -0.0000 650.0000 -0.9915 -100.0000
17.4858 367 932 932 367 -0.0890 -0.0000 2.0288 -0.0000 650.0000 -5.7523 -100.0000
17.4925 374 925 925 374 -0.1320 -0.0000 1.7916 -0.0000 650.0000 -8.3157 -100.0000
17.4991 375 924 924 375 -0.1871 -0.0000 1.6326 -0.0000 650.0000 -8.3768 -100.0000
17.5059 307 992 992 307 -0.0867 -0.0000 1.4981 -0.0000 650.0000 14.3283 -100.0000
17.5126 351 948 948 351 -0.0771 -0.0000 1.4887 -0.0000 650.0000 -0.5032 -100.0000
17.5193 347 952 952 347 -0.0743 -0.0000 1.4672 -0.0000 650.0000 0.7175 -100.0000
17.5259 358 941 941 358 -0.0968 -0.0000 1.4410 -0.0000 650.0000 -2.7615 -100.0000
17.5325 358 941 941 358 -0.1340 -0.0000 1.2531 -0.0000 650.0000 -2.8836 -100.0000
17.5392 379 920 920 379 -0.1901 -0.0000 1.0510 -0.0000 650.0000 -9.9026 -100.0000
17.5458 357 942 942 357 -0.1836 -0.0000 0.8968 -0.0000 650.0000 -2.3343 -100.0000
17.5525 362 937 937 362 -0.1923 -0.0000 0.6878 -0.0000 650.0000 -4.2874 -100.0000
17.5592 356 943 943 356 -0.1932 -0.0000 0.4976 -0.0000 650.0000 -2.2122 -100.0000
17.5658 340 959 959 340 -0.1847 -0.0000 0.3488 -0.0000 650.0000 3.0368 -100.0000
17.5725 333 966 966 333 -0.1461 -0.0000 0.2681 -0.0000 650.0000 5.5392 -100.0000
17.5791 331 968 968 331 -0.1214 -0.0000 0.1983 -0.0000 650.0000 6.0886 -100.0000
17.5858 366 933 933 366 -0.1515 -0.0000 0.1965 -0.0000 650.0000 -5.4471 -100.0000
17.5924 377 922 922 377 -0.1998 -0.0000 0.0712 -0.0000 650.0000 -9.1702 -100.0000
17.5991 397 902 902 397 -0.2909 -0.0000 -0.0411 -0.0000 650.0000 -15.8841 -100.0000
17.6057 402 897 897 402 -0.3881 -0.0000 -0.1596 -0.0000 650.0000 -17.5320 -100.0000
17.6124 359 940 940 359 -0.4118 -0.0000 -0.2831 -0.0000 650.0000 -3.3109 -100.0000
17.6190 386 913 913 386 -0.4884 -0.0000 -0.3690 -0.0000 650.0000 -12.2220 -100.0000
17.6257 357 942 942 357 -0.4862 -0.0000 -0.3375 -0.0000 650.0000 -2.5784 -100.0000
17.6323 324 975 975 324 -0.4205 -0.0000 -0.3245 -0.0000 650.0000 8.4079 -100.0000
17.6390 357 942 942 357 -0.4217 -0.0000 -0.2608 -0.0000 650.0000 -2.4564 -100.0000
17.6456 344 955 955 344 -0.4076 -0.0000 -0.1531 -0.0000 650.0000 1.8771 -100.0000
17.6522 364 935 935 364 -0.4251 -0.0000 -0.0093 -0.0000 650.0000 -4.8978 -100.0000
17.6589 385 914 914 385 -0.4851 -0.0000 -0.0823 -0.0000 650.0000 -11.8558 -100.0000
17.6656 359 940 940 359 -0.4985 -0.0000 -0.1230 -0.0000 650.0000 -3.1888 -100.0000
17.6722 371 928 928 371 -0.5235 -0.0000 -0.1180 -0.0000 650.0000 -7.0340 -100.0000
17.6789 392 907 907 392 -0.5993 -0.0000 -0.2217 -0.0000 650.0000 -14.1751 -100.0000
17.6856 385 914 914 385 -0.6578 -0.0000 -0.3013 -0.0000 650.0000 -11.9778 -100.0000
17.6922 351 948 948 351 -0.6527 -0.0000 -0.2648 -0.0000 650.0000 -0.3812 -100.0000
17.6989 341 958 958 341 -0.6364 -0.0000 -0.2560 -0.0000 650.0000 2.7927 -100.0000
17.7055 358 941 941 358 -0.6402 -0.0000 -0.2026 -0.0000 650.0000 -2.8226 -100.0000
17.7121 328 971 971 328 -0.5955 -0.0000 -0.1301 -0.0000 650.0000 7.0651 -100.0000
17.7188 359 940 940 359 -0.6024 -0.0000 -0.0209 -0.0000 650.0000 -3.0667 -100.0000
17.7254 347 952 952 347 -0.5781 -0.0000 0.1278 -0.0000 650.0000 0.9616 -100.0000
17.7321 368 931 931 368 -0.5979 -0.0000 0.2487 -0.0000 650.0000 -6.2405 -100.0000
17.7387 408 891 891 408 -0.6987 -0.0000 0.3622 -0.0000 650.0000 -19.3631 -100.0000
17.7454 369 930 930 369 -0.7357 -0.0000 0.2874 -0.0000 650.0000 -6.4847 -100.0000
17.7523 376 923 923 376 -0.7716 -0.0000 0.1723 -0.0000 650.0000 -8.8040 -100.0000
17.7590 354 945 945 354 -0.7596 -0.0000 0.1607 -0.0000 650.0000 -1.5408 -100.0000
17.7657 320 979 979 320 -0.6866 -0.0000 0.1353 -0.0000 650.0000 9.8727 -100.0000
17.7723 333 966 966 333 -0.6291 -0.0000 0.2116 -0.0000 650.0000 5.6613 -100.0000
17.7792 348 951 951 348 -0.5637 -0.0000 0.3074 -0.0000 650.0000 7.6755 -92.9688
17.7859 379 920 920 379 -0.5564 -0.0000 0.3796 -0.0000 650.0000 -2.9446 -92.9688
17.7925 379 920 920 379 -0.5506 -0.0000 0.4568 -0.0000 650.0000 -2.7005 -92.9688
17.7992 379 920 920 379 -0.5711 -0.0000 0.3944 -0.0000 650.0000 -2.9446 -92.9688
17.8059 374 925 925 374 -0.5665 -0.0000 0.3416 -0.0000 650.0000 -1.1746 -92.9688
17.8125 401 898 898 401 -0.6265 -0.0000 0.3458 -0.0000 650.0000 -10.2689 -92.9688
17.8191 359 940 940 359 -0.5889 -0.0000 0.3607 -0.0000 650.0000 4.0134 -92.9688
17.8258 363 936 936 363 -0.5613 -0.0000 0.3889 -0.0000 650.0000 2.3654 -92.9688
17.8324 375 924 924 375 -0.5566 -0.0000 0.4170 -0.0000 650.0000 -1.5408 -92.9688
17.8391 342 957 957 342 -0.4622 -0.0000 0.4921 -0.0000 650.0000 9.5676 -92.9688
17.8457 337 962 962 337 -0.3840 -0.0000 0.5748 -0.0000 650.0000 11.2155 -92.9688
17.8524 301 998 998 301 -0.2363 -0.0000 0.7038 -0.0000 650.0000 23.2394 -92.9688
17.8590 378 921 921 378 -0.2470 -0.0000 0.8264 -0.0000 650.0000 -2.3953 -92.9688
17.8656 385 914 914 385 -0.2783 -0.0000 0.9336 -0.0000 650.0000 -4.6536 -92.9688
17.8723 358 941 941 358 -0.2361 -0.0000 0.9608 -0.0000 650.0000 4.2575 -92.9688
17.8790 359 940 940 359 -0.2115 -0.0000 0.9226 -0.0000 650.0000 3.8303 -92.9688
17.8856 389 910 910 389 -0.2349 -0.0000 0.8244 -0.0000 650.0000 -5.9964 -92.9688
17.8923 395 904 904 395 -0.2776 -0.0000 0.6670 -0.0000 650.0000 -8.2547 -92.9688
17.8989 395 904 904 395 -0.3352 -0.0000 0.5450 -0.0000 650.0000 -8.1326 -92.9688
17.9055 357 942 942 357 -0.2963 -0.0000 0.4543 -0.0000 650.0000 4.5016 -92.9688
17.9122 388 911 911 388 -0.3284 -0.0000 0.4661 -0.0000 650.0000 -5.8133 -92.9688
17.9189 368 931 931 368 -0.3098 -0.0000 0.4789 -0.0000 650.0000 0.7785 -92.9688
17.9255 341 958 958 341 -0.2235 -0.0000 0.5058 -0.0000 650.0000 9.7507 -92.9688
17.9322 351 948 948 351 -0.1795 -0.0000 0.5551 -0.0000 650.0000 6.6379 -92.9688
17.9388 359 940 940 359 -0.1373 -0.0000 0.5921 -0.0000 650.0000 3.7082 -92.9688
17.9454 390 909 909 390 -0.1654 -0.0000 0.6080 -0.0000 650.0000 -6.4236 -92.9688
17.9520 391 908 908 391 -0.2120 -0.0000 0.5841 -0.0000 650.0000 -6.9119 -92.9688
17.9586 384 915 915 384 -0.2294 -0.0000 0.4542 -0.0000 650.0000 -4.5316 -92.9688
17.9653 414 885 885 414 -0.3222 -0.0000 0.3373 -0.0000 650.0000 -14.4803 -92.9688
17.9719 387 912 912 387 -0.3527 -0.0000 0.2162 -0.0000 650.0000 -5.5081 -92.9688
17.9785 401 898 898 401 -0.4214 -0.0000 0.1548 -0.0000 650.0000 -10.0858 -92.9688
17.9852 389 910 910 389 -0.4596 -0.0000 -0.0417 -0.0000 650.0000 -6.0574 -92.9688
17.9919 356 943 943 356 -0.4051 -0.0000 -0.2211 -0.0000 650.0000 4.7458 -92.9688
17.9985 363 936 936 363 -0.3810 -0.0000 -0.4178 -0.0000 650.0000 2.6096 -92.9688
18.0052 357 942 942 357 -0.3501 -0.0000 -0.5285 -0.0000 650.0000 4.3796 -92.9688
18.0119 325 974 974 325 -0.2358 -0.0000 -0.6036 -0.0000 650.0000 15.1218 -92.9688
18.0185 350 949 949 350 -0.1990 -0.0000 -0.6945 -0.0000 650.0000 6.6989 -92.9688
18.0251 360 939 939 360 -0.1810 -0.0000 -0.6395 -0.0000 650.0000 3.5251 -92.9688
18.0320 644 655 655 644 -0.1671 -0.0000 -0.5758 -0.0000 650.0000 1.8161 0.0000
18.0387 629 670 670 629 -0.1217 -0.0000 -0.5825 -0.0000 650.0000 6.6989 0.0000
18.0453 638 661 661 638 -0.0909 -0.0000 -0.6248 -0.0000 650.0000 3.8303 0.0000
18.0520 619 680 680 619 -0.0280 -0.0000 -0.6990 -0.0000 650.0000 10.0558 0.0000
18.0586 630 669 669 630 0.0108 -0.0000 -0.4959 -0.0000 650.0000 6.6379 0.0000
18.0653 638 661 661 638 0.0314 -0.0000 -0.3342 -0.0000 650.0000 3.8913 0.0000
18.0720 672 627 627 672 -0.0058 -0.0000 -0.3003 -0.0000 650.0000 -7.4612 0.0000
18.0787 613 686 686 613 0.0872 -0.0000 -0.2647 -0.0000 650.0000 12.0700 0.0000
18.0853 665 634 634 665 0.0795 -0.0000 -0.3600 -0.0000 650.0000 -5.0198 0.0000
18.0919 665 634 634 665 0.0569 -0.0000 -0.3608 -0.0000 650.0000 -5.0198 0.0000
18.0986 652 647 647 652 0.0379 -0.0000 -0.3065 -0.0000 650.0000 -0.9915 0.0000
18.1052 660 639 639 660 -0.0056 -0.0000 -0.2995 -0.0000 650.0000 -3.4329 0.0000
18.1119 650 649 649 650 -0.0303 -0.0000 -0.3397 -0.0000 650.0000 -0.1981 0.0000
18.1186 618 681 681 618 0.0231 -0.0000 -0.3155 -0.0000 650.0000 10.3610 0.0000
18.1252 638 661 661 638 0.0444 -0.0000 -0.3242 -0.0000 650.0000 3.7692 0.0000
18.1319 654 645 645 654 0.0451 -0.0000 -0.3886 -0.0000 650.0000 -1.4798 0.0000
18.1385 647 652 652 647 0.0723 -0.0000 -0.2875 -0.0000 650.0000 0.7785 0.0000
18.1452 647 652 652 647 0.0930 -0.0000 -0.3699 -0.0000 650.0000 0.9616 0.0000
18.1518 686 613 613 686 0.0158 -0.0000 -0.3073 -0.0000 650.0000 -12.2830 0.0000
18.1585 608 691 691 608 0.0910 -0.0000 -0.3958 -0.0000 650.0000 13.9621 0.0000
18.1652 704 595 595 704 -0.0394 -0.0000 -0.2391 -0.0000 650.0000 -18.2645 0.0000
18.1718 642 657 657 642 -0.0226 -0.0000 -0.3849 -0.0000 650.0000 2.4265 0.0000
18.1785 639 660 660 639 0.0082 -0.0000 -0.2614 -0.0000 650.0000 3.3420 0.0000
18.1851 665 634 634 665 -0.0259 -0.0000 -0.2885 -0.0000 650.0000 -5.3250 0.0000
18.1918 639 660 660 639 -0.0076 -0.0000 -0.2687 -0.0000 650.0000 3.5861 0.0000
18.1985 677 622 622 677 -0.0692 -0.0000 -0.2205 -0.0000 650.0000 -9.2313 0.0000
18.2051 648 651 651 648 -0.0600 -0.0000 -0.3850 -0.0000 650.0000 0.6564 0.0000
18.2117 665 634 634 665 -0.0860 -0.0000 -0.2542 -0.0000 650.0000 -5.0198 0.0000
18.2183 638 661 661 638 -0.0633 -0.0000 -0.2989 -0.0000 650.0000 3.7692 0.0000
18.2250 642 657 657 642 -0.0543 -0.0000 -0.2832 -0.0000 650.0000 2.5485 0.0000
18.2316 656 643 643 656 -0.0778 -0.0000 -0.2122 -0.0000 650.0000 -2.2122 0.0000
18.2383 661 638 638 661 -0.0971 -0.0000 -0.2400 -0.0000 650.0000 -3.7381 0.0000
18.2450 641 658 658 641 -0.0678 -0.0000 -0.2110 -0.0000 650.0000 2.6706 0.0000
18.2516 671 628 628 671 -0.1017 -0.0000 -0.2562 -0.0000 650.0000 -7.0950 0.0000
18.2583 644 655 655 644 -0.0861 -0.0000 -0.2835 -0.0000 650.0000 1.6940 0.0000
18.2649 640 659 659 640 -0.0674 -0.0000 -0.2691 -0.0000 650.0000 3.1589 0.0000
18.2716 632 667 667 632 -0.0433 -0.0000 -0.2341 -0.0000 650.0000 5.8444 0.0000
18.2785 626 673 673 626 0.0001 -0.0000 -0.1747 -0.0000 650.0000 7.8586 0.0000
18.2851 642 657 657 642 0.0182 -0.0000 -0.2365 -0.0000 650.0000 2.6096 0.0000
18.2918 655 644 644 655 0.0224 -0.0000 -0.1997 -0.0000 650.0000 -1.8460 0.0000
18.2985 632 667 667 632 0.0726 -0.0000 -0.2033 -0.0000 650.0000 5.9665 0.0000
18.3051 630 669 669 630 0.1161 -0.0000 -0.2370 -0.0000 650.0000 6.4548 0.0000
18.3118 683 616 616 683 0.0300 -0.0000 -0.1430 -0.0000 650.0000 -11.1234 0.0000
18.3185 617 682 682 617 0.0839 -0.0000 -0.2142 -0.0000 650.0000 10.7883 0.0000
18.3251 640 659 659 640 0.0883 -0.0000 -0.2076 -0.0000 650.0000 3.0978 0.0000
18.3318 657 642 642 657 0.0766 -0.0000 -0.1754 -0.0000 650.0000 -2.5174 0.0000
18.3384 633 666 666 633 0.1274 -0.0000 -0.3454 -0.0000 650.0000 5.4782 0.0000
18.3450 681 618 618 681 0.0750 -0.0000 -0.2197 -0.0000 650.0000 -10.4520 0.0000
18.3517 623 676 676 623 0.1309 -0.0000 -0.2966 -0.0000 650.0000 8.7131 0.0000
18.3584 659 640 640 659 0.1035 -0.0000 -0.2846 -0.0000 650.0000 -3.0057 0.0000
18.3650 656 643 643 656 0.0796 -0.0000 -0.1680 -0.0000 650.0000 -2.1512 0.0000
18.3717 612 687 687 612 0.1512 -0.0000 -0.2257 -0.0000 650.0000 12.4362 0.0000
18.3784 674 625 625 674 0.0863 -0.0000 -0.0823 -0.0000 650.0000 -8.3157 0.0000
18.3850 633 666 666 633 0.1191 -0.0000 -0.1311 -0.0000 650.0000 5.4782 0.0000
18.3917 635 664 664 635 0.1588 -0.0000 -0.1747 -0.0000 650.0000 4.6848 0.0000
18.3984 647 652 652 647 0.1691 -0.0000 -0.0554 -0.0000 650.0000 0.7175 0.0000
18.4050 645 654 654 645 0.1721 -0.0000 -0.2267 -0.0000 650.0000 1.3889 0.0000
18.4117 674 625 625 674 0.1169 -0.0000 -0.1472 -0.0000 650.0000 -8.0106 0.0000
18.4184 628 671 671 628 0.1687 -0.0000 -0.1197 -0.0000 650.0000 7.2482 0.0000
18.4251 642 657 657 642 0.1854 -0.0000 -0.1815 -0.0000 650.0000 2.6096 0.0000
18.4317 633 666 666 633 0.2152 -0.0000 -0.0469 -0.0000 650.0000 5.4782 0.0000
18.4384 634 665 665 634 0.2913 -0.0000 -0.0698 -0.0000 650.0000 12.8635 7.8125
18.4451 706 593 593 706 0.2078 -0.0000 -0.0662 -0.0000 650.0000 -11.1234 7.8125
18.4517 676 623 623 676 0.1908 -0.0000 0.0214 -0.0000 650.0000 -0.8694 7.8125
18.4583 669 630 630 669 0.1929 -0.0000 -0.0306 -0.0000 650.0000 1.4499 7.8125
18.4649 700 599 599 700 0.1480 -0.0000 -0.0165 -0.0000 650.0000 -8.8651 7.8125
18.4715 653 646 646 653 0.2078 -0.0000 -0.0250 -0.0000 650.0000 6.7599 7.8125
18.4781 677 622 622 677 0.2037 -0.0000 -0.1427 -0.0000 650.0000 -1.3577 7.8125
18.4847 657 642 642 657 0.2219 -0.0000 -0.0911 -0.0000 650.0000 5.4782 7.8125
18.4914 680 619 619 680 0.1917 -0.0000 -0.0566 -0.0000 650.0000 -2.2122 7.8125
18.4981 674 625 625 674 0.1812 -0.0000 -0.0920 -0.0000 650.0000 -0.4422 7.8125
18.5047 669 630 630 669 0.1935 -0.0000 -0.0212 -0.0000 650.0000 1.4499 7.8125
18.5114 689 610 610 689 0.1625 -0.0000 -0.0825 -0.0000 650.0000 -5.4471 7.8125
18.5181 654 645 645 654 0.2072 -0.0000 -0.0620 -0.0000 650.0000 6.2717 7.8125
18.5247 670 629 629 670 0.2087 -0.0000 -0.0161 -0.0000 650.0000 0.9616 7.8125
18.5314 669 630 630 669 0.2061 -0.0000 0.0553 -0.0000 650.0000 1.3278 7.8125
18.5381 674 625 625 674 0.1872 -0.0000 -0.0402 -0.0000 650.0000 -0.4422 7.8125
18.5447 694 605 605 694 0.1315 -0.0000 -0.1099 -0.0000 650.0000 -6.9119 7.8125
18.5514 669 630 630 669 0.1407 -0.0000 -0.0469 -0.0000 650.0000 1.2668 7.8125
18.5581 658 641 641 658 0.1816 -0.0000 -0.1241 -0.0000 650.0000 4.8679 7.8125
18.5647 657 642 642 657 0.2170 -0.0000 -0.1913 -0.0000 650.0000 5.2341 7.8125
18.5714 693 606 606 693 0.1666 -0.0000 -0.1977 -0.0000 650.0000 -6.7899 7.8125
18.5781 690 609 609 690 0.1297 -0.0000 -0.1050 -0.0000 650.0000 -5.8133 7.8125
18.5847 650 649 649 650 0.1876 -0.0000 -0.2182 -0.0000 650.0000 7.6755 7.8125
18.5914 644 655 655 644 0.2517 -0.0000 -0.1318 -0.0000 650.0000 9.5676 7.8125
18.5981 657 642 642 657 0.2709 -0.0000 -0.0635 -0.0000 650.0000 5.3561 7.8125
18.6047 638 661 661 638 0.3288 -0.0000 -0.2317 -0.0000 650.0000 11.5817 7.8125
18.6114 667 632 632 667 0.3319 -0.0000 -0.0829 -0.0000 650.0000 1.8161 7.8125
18.6180 680 619 619 680 0.3260 -0.0000 -0.1305 -0.0000 650.0000 -2.2122 7.8125
18.6247 661 638 638 661 0.3585 -0.0000 -0.2039 -0.0000 650.0000 3.8913 7.8125
18.6314 672 627 627 672 0.3585 -0.0000 -0.1458 -0.0000 650.0000 0.1682 7.8125
18.6381 667 632 632 667 0.3610 -0.0000 -0.0363 -0.0000 650.0000 2.1213 7.8125
18.6447 632 667 667 632 0.4364 -0.0000 -0.1004 -0.0000 650.0000 13.6569 7.8125
18.6514 688 611 611 688 0.3854 -0.0000 -0.0777 -0.0000 650.0000 -4.9588 7.8125
18.6580 651 648 648 651 0.4068 -0.0000 -0.0443 -0.0000 650.0000 7.2482 7.8125
18.6646 655 644 644 655 0.4318 -0.0000 -0.2287 -0.0000 650.0000 5.8444 7.8125
18.6712 660 639 639 660 0.4663 -0.0000 -0.0644 -0.0000 650.0000 4.4406 7.8125
18.6779 658 641 641 658 0.5143 -0.0000 -0.0840 -0.0000 650.0000 5.0510 7.8125
18.6847 960 339 339 960 0.4848 -0.0000 -0.1590 -0.0000 650.0000 -4.2264 99.2188
18.6914 935 364 364 935 0.4936 -0.0000 -0.0873 -0.0000 650.0000 3.9523 99.2188
18.6980 963 336 336 963 0.4327 -0.0000 -0.1537 -0.0000 650.0000 -5.4471 99.2188
18.7046 940 359 359 940 0.4234 -0.0000 -0.0715 -0.0000 650.0000 2.3044 99.2188
18.7112 909 390 390 909 0.4842 -0.0000 -0.2087 -0.0000 650.0000 12.7414 99.2188
18.7179 1038 261 261 1038 0.2914 -0.0000 -0.0742 -0.0000 650.0000 -30.3494 99.2188
18.7246 975 324 324 975 0.2476 -0.0000 0.0776 -0.0000 650.0000 -9.1702 99.2188
18.7316 974 330 330 974 0.2174 -0.0000 0.1228 -0.0000 652.3438 -8.0716 99.2188
18.7383 971 333 333 971 0.1693 -0.0000 0.0480 -0.0000 652.3438 -7.0340 99.2188
18.7450 980 323 323 980 0.0868 -0.0000 0.1051 -0.0000 652.3438 -10.3299 99.2188
18.7517 984 319 319 984 -0.0471 -0.0000 0.2502 -0.0000 652.3438 -11.6116 99.2188
18.7584 964 340 340 964 -0.1424 -0.0000 0.3216 -0.0000 652.3438 -4.8367 99.2188
18.7651 981 323 323 981 -0.2576 -0.0000 0.6157 -0.0000 652.3438 -10.4520 99.2188
18.7718 992 312 312 992 -0.3400 -0.0000 0.7691 -0.0000 652.3438 -14.0530 99.2188
18.7785 990 314 314 990 -0.3610 -0.0000 0.9149 -0.0000 652.3438 -13.4427 99.2188
18.7852 965 338 338 965 -0.3178 -0.0000 0.9837 -0.0000 652.3438 -5.2640 99.2188
18.7918 977 330 330 977 -0.3033 -0.0000 1.0399 -0.0000 653.9062 -8.6819 99.2188
18.7985 975 332 332 975 -0.3186 -0.0000 0.9364 -0.0000 653.9062 -7.8885 99.2188
18.8052 946 361 361 946 -0.3029 -0.0000 0.9268 -0.0000 653.9062 1.7551 99.2188
18.8119 944 362 362 944 -0.3188 -0.0000 0.9823 -0.0000 653.9062 2.2433 99.2188
18.8185 972 334 334 972 -0.3920 -0.0000 1.1919 -0.0000 653.9062 -7.0950 99.2188
18.8252 969 338 338 969 -0.4515 -0.0000 1.3259 -0.0000 653.9062 -5.9964 99.2188
18.8318 962 345 345 962 -0.4581 -0.0000 1.2818 -0.0000 653.9062 -3.5550 99.2188
18.8385 958 349 349 958 -0.4585 -0.0000 1.2226 -0.0000 653.9062 -2.3343 99.2188
18.8452 931 376 376 931 -0.3998 -0.0000 1.0928 -0.0000 653.9062 6.8210 99.2188
18.8521 921 386 386 921 -0.3201 -0.0000 0.9427 -0.0000 653.9062 9.9338 99.2188
18.8588 966 341 341 966 -0.3396 -0.0000 0.7118 -0.0000 653.9062 -5.0809 99.2188
18.8656 967 339 339 967 -0.3472 -0.0000 0.6413 -0.0000 653.9062 -5.4471 99.2188
18.8726 982 325 325 982 -0.3990 -0.0000 0.7312 -0.0000 653.9062 -10.3299 99.2188
18.8795 949 358 358 949 -0.3695 -0.0000 0.7315 -0.0000 653.9062 0.7175 99.2188
18.8865 940 367 367 940 -0.3517 -0.0000 0.6293 -0.0000 653.9062 3.5861 99.2188
18.8935 987 320 320 987 -0.4398 -0.0000 0.5458 -0.0000 653.9062 -11.9778 99.2188
18.9005 959 348 348 959 -0.4620 -0.0000 0.6124 -0.0000 653.9062 -2.6395 99.2188
18.9075 989 318 318 989 -0.5377 -0.0000 0.7064 -0.0000 653.9062 -12.5272 99.2188
18.9145 939 367 367 939 -0.4664 -0.0000 0.6541 -0.0000 653.9062 3.8913 99.2188
18.9215 961 346 346 961 -0.4561 -0.0000 0.4954 -0.0000 653.9062 -3.3109 99.2188
18.9286 958 349 349 958 -0.4475 -0.0000 0.6333 -0.0000 653.9062 -2.2122 99.2188
18.9356 968 339 339 968 -0.4923 -0.0000 0.7029 -0.0000 653.9062 -5.5081 99.2188
18.9426 974 333 333 974 -0.5494 -0.0000 0.5342 -0.0000 653.9062 -7.5223 99.2188
18.9496 939 367 367 939 -0.5262 -0.0000 0.3690 -0.0000 653.9062 3.8913 99.2188
18.9566 967 339 339 967 -0.5664 -0.0000 0.3460 -0.0000 653.9062 -5.4471 99.2188
18.9636 915 392 392 915 -0.4862 -0.0000 0.2220 -0.0000 653.9062 11.9479 99.2188
18.9706 908 399 399 908 -0.3863 -0.0000 0.0777 -0.0000 653.9062 14.2673 99.2188
18.9772 917 389 389 917 -0.3189 -0.0000 -0.1099 -0.0000 653.9062 11.2155 99.2188
18.9838 889 418 418 889 -0.1583 -0.0000 -0.3680 -0.0000 653.9062 20.7980 99.2188
18.9905 918 389 389 918 -0.0602 -0.0000 -0.6253 -0.0000 653.9062 11.1545 99.2188
18.9972 928 379 379 928 0.0254 -0.0000 -0.7312 -0.0000 653.9062 7.6144 99.2188
19.0038 918 388 388 918 0.1022 -0.0000 -0.7587 -0.0000 653.9062 10.9103 99.2188
19.0105 938 369 369 938 0.1057 -0.0000 -0.7961 -0.0000 653.9062 4.5016 99.2188
19.0171 906 401 401 906 0.1786 -0.0000 -0.8441 -0.0000 653.9062 15.1218 99.2188
19.0238 942 365 365 942 0.1778 -0.0000 -0.7531 -0.0000 653.9062 3.0368 99.2188
19.0306 918 388 388 918 0.2550 -0.0000 -0.6922 -0.0000 653.9062 10.9103 99.2188
19.0372 924 382 382 924 0.3185 -0.0000 -0.7690 -0.0000 653.9062 8.8962 99.2188
19.0443 932 375 375 932 0.3789 -0.0000 -0.8290 -0.0000 653.9062 6.2717 99.2188
19.0509 925 382 382 925 0.4570 -0.0000 -1.0788 -0.0000 653.9062 8.7131 99.2188
19.0577 986 321 321 986 0.3640 -0.0000 -1.3276 -0.0000 653.9062 -11.7337 99.2188
19.0644 925 382 382 925 0.4008 -0.0000 -1.4888 -0.0000 653.9062 8.6520 99.2188
19.0712 940 366 366 940 0.3915 -0.0000 -1.6545 -0.0000 653.9062 3.5251 99.2188
19.0778 912 395 395 912 0.4593 -0.0000 -1.6527 -0.0000 653.9062 13.0466 99.2188
19.0844 924 383 383 924 0.5047 -0.0000 -1.6891 -0.0000 653.9062 9.0793 99.2188
19.0912 954 353 353 954 0.4960 -0.0000 -1.7223 -0.0000 653.9062 -0.8694 99.2188
19.0981 970 337 337 970 0.4531 -0.0000 -1.8085 -0.0000 653.9062 -6.2405 99.2188
19.1048 931 379 379 931 0.4920 -0.0000 -1.9212 -0.0000 655.4688 7.3093 99.2188
19.1116 928 382 382 928 0.5347 -0.0000 -1.9826 -0.0000 655.4688 8.2248 99.2188
19.1182 916 394 394 916 0.5877 -0.0000 -2.1984 -0.0000 655.4688 12.1310 99.2188
19.1249 892 418 418 892 0.7119 -0.0000 -2.2872 -0.0000 655.4688 20.1877 99.2188
19.1316 938 372 372 938 0.7232 -0.0000 -2.3667 -0.0000 655.4688 4.7458 99.2188
19.1382 932 378 378 932 0.7612 -0.0000 -2.4989 -0.0000 655.4688 6.7599 99.2188
19.1448 942 368 368 942 0.7832 -0.0000 -2.5827 -0.0000 655.4688 3.6472 99.2188
19.1516 982 328 328 982 0.7086 -0.0000 -2.6772 -0.0000 655.4688 -9.7195 99.2188
19.1583 951 359 359 951 0.7149 -0.0000 -2.6051 -0.0000 655.4688 0.5954 99.2188
19.1649 982 328 328 982 0.6403 -0.0000 -2.4829 -0.0000 655.4688 -9.9026 99.2188
19.1716 958 352 352 958 0.6087 -0.0000 -2.3691 -0.0000 655.4688 -1.8460 99.2188
19.1782 955 355 355 955 0.5891 -0.0000 -2.2751 -0.0000 655.4688 -0.6863 99.2188
19.1849 931 379 379 931 0.6134 -0.0000 -2.1576 -0.0000 655.4688 7.0651 99.2188
19.1917 966 344 344 966 0.5710 -0.0000 -2.2278 -0.0000 655.4688 -4.4095 99.2188
19.1984 950 356 356 950 0.5535 -0.0000 -2.3513 -0.0000 653.9062 0.2292 99.2188
19.2051 954 352 352 954 0.5400 -0.0000 -2.3608 -0.0000 653.9062 -1.1136 99.2188
19.2118 965 341 341 965 0.4962 -0.0000 -2.4025 -0.0000 653.9062 -4.7757 99.2188
19.2185 946 361 361 946 0.4951 -0.0000 -2.3815 -0.0000 653.9062 1.7551 99.2188
19.2252 955 352 352 955 0.4669 -0.0000 -2.2991 -0.0000 653.9062 -1.2967 99.2188
19.2318 948 359 359 948 0.4549 -0.0000 -2.3287 -0.0000 653.9062 1.0226 99.2188
19.2385 945 362 362 945 0.4380 -0.0000 -2.3129 -0.0000 653.9062 1.9992 99.2188
19.2451 942 365 365 942 0.4458 -0.0000 -2.3523 -0.0000 653.9062 2.9758 99.2188
19.2518 932 377 377 932 0.4923 -0.0000 -2.4278 -0.0000 654.6875 6.7599 99.2188
19.2585 913 396 396 913 0.5940 -0.0000 -2.4918 -0.0000 654.6875 13.0466 99.2188
19.2652 888 421 421 888 0.7414 -0.0000 -2.6584 -0.0000 654.6875 21.3474 99.2188
19.2718 956 352 352 956 0.7088 -0.0000 -2.7517 -0.0000 654.6875 -1.3577 99.2188
19.2785 931 377 377 931 0.7289 -0.0000 -2.8138 -0.0000 654.6875 6.8210 99.2188
19.2853 983 326 326 983 0.6156 -0.0000 -2.7900 -0.0000 654.6875 -10.3299 99.2188
19.2920 918 391 391 918 0.6635 -0.0000 -2.6845 -0.0000 654.6875 11.3376 99.2188
19.2986 942 367 367 942 0.6631 -0.0000 -2.5165 -0.0000 654.6875 3.3420 99.2188
19.3052 936 372 372 936 0.7083 -0.0000 -2.3945 -0.0000 654.6875 5.2341 99.2188
19.3119 937 371 371 937 0.7656 -0.0000 -2.2115 -0.0000 654.6875 4.8679 99.2188
19.3186 937 372 372 937 0.8097 -0.0000 -2.2114 -0.0000 654.6875 5.0510 99.2188
19.3253 931 378 378 931 0.8395 -0.0000 -2.1332 -0.0000 654.6875 7.0041 99.2188
19.3321 938 370 370 938 0.8322 -0.0000 -2.2095 -0.0000 654.6875 4.5016 99.2188
19.3387 936 373 373 936 0.8357 -0.0000 -2.1870 -0.0000 654.6875 5.3561 99.2188
19.3455 951 357 357 951 0.8087 -0.0000 -2.0858 -0.0000 654.6875 0.2292 99.2188
19.3522 907 402 402 907 0.8877 -0.0000 -1.8643 -0.0000 654.6875 15.0607 99.2188
19.3588 922 386 386 922 0.9226 -0.0000 -1.6193 -0.0000 654.6875 9.8727 99.2188
19.3654 972 336 336 972 0.8560 -0.0000 -1.3283 -0.0000 654.6875 -6.7899 99.2188
19.3721 961 347 347 961 0.8143 -0.0000 -1.1206 -0.0000 654.6875 -3.1888 99.2188
19.3787 982 327 327 982 0.7498 -0.0000 -0.9282 -0.0000 654.6875 -9.9637 99.2188
19.3854 922 386 386 922 0.8202 -0.0000 -0.7885 -0.0000 654.6875 9.9338 99.2188
19.3921 953 355 355 953 0.8141 -0.0000 -0.7463 -0.0000 654.6875 -0.4422 99.2188
19.3990 921 387 387 921 0.8716 -0.0000 -0.7419 -0.0000 654.6875 10.3000 99.2188
19.4057 950 358 358 950 0.8392 -0.0000 -0.7580 -0.0000 654.6875 0.5954 99.2188
19.4123 958 350 350 958 0.7976 -0.0000 -0.7484 -0.0000 654.6875 -2.0291 99.2188
19.4190 945 363 363 945 0.7915 -0.0000 -0.6932 -0.0000 654.6875 2.1213 99.2188
19.4257 963 345 345 963 0.7589 -0.0000 -0.5301 -0.0000 654.6875 -3.8602 99.2188
19.4323 966 343 343 966 0.7334 -0.0000 -0.3658 -0.0000 654.6875 -4.5926 99.2188
19.4390 948 360 360 948 0.7550 -0.0000 -0.2221 -0.0000 654.6875 1.2057 99.2188
19.4458 950 359 359 950 0.7763 -0.0000 -0.0294 -0.0000 654.6875 0.7175 99.2188
19.4524 971 338 338 971 0.7276 -0.0000 0.0009 -0.0000 654.6875 -6.3016 99.2188
19.4591 953 355 355 953 0.6913 -0.0000 0.0163 -0.0000 654.6875 -0.5032 99.2188
19.4657 944 365 365 944 0.6616 -0.0000 -0.0690 -0.0000 654.6875 2.6706 99.2188
19.4724 947 361 361 947 0.6332 -0.0000 0.0623 -0.0000 654.6875 1.5720 99.2188
19.4791 923 385 385 923 0.6697 -0.0000 0.1734 -0.0000 654.6875 9.5065 99.2188
19.4857 947 362 362 947 0.6649 -0.0000 0.2974 -0.0000 654.6875 1.6940 99.2188
19.4923 962 346 346 962 0.6279 -0.0000 0.3321 -0.0000 654.6875 -3.4940 99.2188
19.4991 956 352 352 956 0.6129 -0.0000 0.3636 -0.0000 654.6875 -1.5408 99.2188
19.5058 975 333 333 975 0.5451 -0.0000 0.4930 -0.0000 654.6875 -7.8275 99.2188
19.5125 971 337 337 971 0.4970 -0.0000 0.4843 -0.0000 654.6875 -6.4236 99.2188
19.5191 948 361 361 948 0.4993 -0.0000 0.4451 -0.0000 654.6875 1.3889 99.2188
19.5257 943 365 365 943 0.5151 -0.0000 0.4276 -0.0000 654.6875 2.9758 99.2188
19.5323 964 344 344 964 0.4784 -0.0000 0.3665 -0.0000 654.6875 -4.1653 99.2188
19.5390 980 328 328 980 0.3933 -0.0000 0.2540 -0.0000 654.6875 -9.5364 99.2188
19.5457 983 325 325 983 0.3140 -0.0000 0.2107 -0.0000 654.6875 -10.5130 99.2188
19.5523 951 357 357 951 0.3144 -0.0000 0.2772 -0.0000 654.6875 0.2292 99.2188
19.5591 903 402 402 903 0.4356 -0.0000 0.3694 -0.0000 653.1250 15.6100 99.2188
19.5659 918 387 387 918 0.5085 -0.0000 0.2231 -0.0000 653.1250 10.7272 99.2188
19.5727 930 375 375 930 0.5455 -0.0000 0.0082 -0.0000 653.1250 6.7599 99.2188
19.5794 958 347 347 958 0.4997 -0.0000 -0.2543 -0.0000 653.1250 -2.6395 99.2188
19.5860 956 349 349 956 0.4666 -0.0000 -0.3445 -0.0000 653.1250 -1.9681 99.2188
19.5926 939 366 366 939 0.4673 -0.0000 -0.4121 -0.0000 653.1250 3.7692 99.2188
19.5993 943 363 363 943 0.4639 -0.0000 -0.3366 -0.0000 653.1250 2.5485 99.2188
19.6059 923 382 382 923 0.5044 -0.0000 -0.3268 -0.0000 653.1250 9.0182 99.2188
19.6126 934 371 371 934 0.5335 -0.0000 -0.2326 -0.0000 653.1250 5.4782 99.2188
19.6192 950 355 355 950 0.5281 -0.0000 -0.0603 -0.0000 653.1250 0.1071 99.2188
19.6259 965 340 340 965 0.4964 -0.0000 -0.0305 -0.0000 653.1250 -5.0198 99.2188
19.6325 956 349 349 956 0.4728 -0.0000 0.0426 -0.0000 653.1250 -1.9070 99.2188
19.6392 927 379 379 927 0.5155 -0.0000 0.1000 -0.0000 653.1250 7.9196 99.2188
19.6458 916 390 390 916 0.5866 -0.0000 0.0910 -0.0000 653.1250 11.5207 99.2188
19.6525 947 358 358 947 0.5727 -0.0000 0.1503 -0.0000 653.1250 1.0837 99.2188
19.6591 970 335 335 970 0.5242 -0.0000 0.2037 -0.0000 653.1250 -6.6678 99.2188
19.6657 1008 297 297 1008 0.3909 -0.0000 0.2955 -0.0000 653.1250 -19.3021 99.2188
19.6724 979 326 326 979 0.3316 -0.0000 0.3706 -0.0000 653.1250 -9.5364 99.2188
19.6791 979 326 326 979 0.2704 -0.0000 0.4748 -0.0000 653.1250 -9.5364 99.2188
19.6858 972 334 334 972 0.2306 -0.0000 0.6710 -0.0000 653.1250 -7.0950 99.2188
19.6924 958 348 348 958 0.2295 -0.0000 0.7656 -0.0000 653.1250 -2.4564 99.2188
19.6991 933 373 373 933 0.2731 -0.0000 0.8322 -0.0000 653.1250 5.8444 99.2188
19.7057 967 338 338 967 0.2327 -0.0000 0.7441 -0.0000 653.1250 -5.5081 99.2188
19.7123 963 343 343 963 0.1933 -0.0000 0.4977 -0.0000 653.1250 -4.1043 99.2188
19.7191 951 354 354 951 0.1808 -0.0000 0.2525 -0.0000 653.1250 -0.3812 99.2188
19.7258 934 372 372 934 0.2106 -0.0000 0.2371 -0.0000 653.1250 5.5392 99.2188
19.7325 956 349 349 956 0.1947 -0.0000 0.1978 -0.0000 653.1250 -1.8460 99.2188
19.7392 929 377 377 929 0.2412 -0.0000 0.0802 -0.0000 653.1250 7.1872 99.2188
19.7458 948 357 357 948 0.2365 -0.0000 0.1049 -0.0000 653.1250 0.8395 99.2188
19.7525 940 365 365 940 0.2340 -0.0000 0.1395 -0.0000 653.1250 3.3420 99.2188
19.7592 917 388 388 917 0.2783 -0.0000 0.0574 -0.0000 653.1250 11.1545 99.2188
19.7658 942 363 363 942 0.2741 -0.0000 0.0784 -0.0000 653.1250 2.7927 99.2188
19.7724 952 353 353 952 0.2798 -0.0000 0.1099 -0.0000 653.1250 -0.5032 99.2188
19.7791 975 330 330 975 0.2323 -0.0000 0.0523 -0.0000 653.1250 -8.1937 99.2188
19.7860 965 340 340 965 0.2237 -0.0000 -0.0411 -0.0000 653.1250 -4.8367 99.2188
19.7927 948 360 360 948 0.2475 -0.0000 -0.0015 -0.0000 654.6875 1.2057 99.2188
19.7994 956 352 352 956 0.2318 -0.0000 0.1404 -0.0000 654.6875 -1.4188 99.2188
19.8060 946 363 363 946 0.2415 -0.0000 0.3389 -0.0000 654.6875 2.0602 99.2188
19.8127 923 385 385 923 0.2831 -0.0000 0.4375 -0.0000 654.6875 9.5676 99.2188
19.8193 953 356 356 953 0.2586 -0.0000 0.4592 -0.0000 654.6875 -0.3201 99.2188
19.8259 951 357 357 951 0.2296 -0.0000 0.4097 -0.0000 654.6875 0.2292 99.2188
19.8326 971 337 337 971 0.1709 -0.0000 0.3502 -0.0000 654.6875 -6.4236 99.2188
19.8393 968 340 340 968 0.1236 -0.0000 0.3210 -0.0000 654.6875 -5.3860 99.2188
19.8459 966 342 342 966 0.0882 -0.0000 0.3823 -0.0000 654.6875 -4.7147 99.2188
19.8526 965 344 344 965 0.0623 -0.0000 0.6396 -0.0000 654.6875 -4.2264 99.2188
19.8592 976 332 332 976 0.0289 -0.0000 0.8733 -0.0000 654.6875 -8.1326 99.2188
19.8658 971 338 338 971 0.0142 -0.0000 1.0468 -0.0000 654.6875 -6.3016 99.2188
19.8725 968 341 341 968 0.0024 -0.0000 1.0772 -0.0000 654.6875 -5.2640 99.2188
19.8793 948 360 360 948 0.0108 -0.0000 0.9303 -0.0000 654.6875 1.1447 99.2188
19.8861 914 395 395 914 0.0790 -0.0000 0.7731 -0.0000 654.6875 12.6804 99.2188
19.8928 918 390 390 918 0.1189 -0.0000 0.5009 -0.0000 654.6875 11.1545 99.2188
19.8995 928 381 381 928 0.1437 -0.0000 0.2432 -0.0000 654.6875 8.1027 99.2188
19.9061 950 358 358 950 0.1412 -0.0000 0.0473 -0.0000 654.6875 0.5954 99.2188
19.9128 941 367 367 941 0.1822 -0.0000 -0.0385 -0.0000 654.6875 3.5861 99.2188
19.9194 957 352 352 957 0.2046 -0.0000 0.0089 -0.0000 654.6875 -1.6629 99.2188
19.9261 928 380 380 928 0.2714 -0.0000 0.0753 -0.0000 654.6875 7.9807 99.2188
19.9329 918 389 389 918 0.3417 -0.0000 0.2067 -0.0000 653.9062 11.0934 99.2188
19.9397 913 393 393 913 0.4152 -0.0000 0.0713 -0.0000 653.9062 12.5583 99.2188
19.9464 954 353 353 954 0.3917 -0.0000 0.0490 -0.0000 653.9062 -0.9915 99.2188
19.9530 946 361 361 946 0.3843 -0.0000 -0.0568 -0.0000 653.9062 1.8161 99.2188
19.9597 978 329 329 978 0.3019 -0.0000 -0.1128 -0.0000 653.9062 -8.8651 99.2188
19.9663 973 333 333 973 0.2568 -0.0000 -0.1638 -0.0000 653.9062 -7.4612 99.2188
19.9730 944 362 362 944 0.2783 -0.0000 -0.1126 -0.0000 653.9062 2.2433 99.2188
19.9797 937 370 370 937 0.3136 -0.0000 0.0421 -0.0000 653.9062 4.6848 99.2188
19.9863 940 367 367 940 0.3259 -0.0000 0.2376 -0.0000 653.9062 3.6472 99.2188
19.9930 966 341 341 966 0.2853 -0.0000 0.3961 -0.0000 653.9062 -4.8367 99.2188
19.9997 982 325 325 982 0.2227 -0.0000 0.5264 -0.0000 653.9062 -10.3299 99.2188
20.0063 956 351 351 956 0.2197 -0.0000 0.6226 -0.0000 653.9062 -1.6629 99.2188
20.0130 945 362 362 945 0.2251 -0.0000 0.6755 -0.0000 653.9062 2.0602 99.2188
20.0197 941 366 366 941 0.2228 -0.0000 0.7475 -0.0000 653.9062 3.4641 99.2188
20.0264 947 360 360 947 0.1944 -0.0000 0.7846 -0.0000 653.9062 1.3889 99.2188
20.0332 945 362 362 945 0.1843 -0.0000 0.8592 -0.0000 653.9062 2.1823 99.2188
20.0399 984 324 324 984 0.1106 -0.0000 0.9060 -0.0000 654.6875 -10.7571 99.2188
20.0467 990 318 318 990 0.0407 -0.0000 0.9805 -0.0000 654.6875 -12.7103 99.2188
20.0533 992 316 316 992 -0.0197 -0.0000 1.0634 -0.0000 654.6875 -13.3817 99.2188
20.0600 957 351 351 957 -0.0195 -0.0000 0.9899 -0.0000 654.6875 -1.7239 99.2188
20.0667 950 358 358 950 -0.0228 -0.0000 0.8532 -0.0000 654.6875 0.5344 99.2188
20.0733 913 395 395 913 0.0503 -0.0000 0.6785 -0.0000 654.6875 12.9855 99.2188
20.0800 955 354 354 955 0.0279 -0.0000 0.5016 -0.0000 654.6875 -0.9305 99.2188
20.0866 984 324 324 984 -0.0376 -0.0000 0.3545 -0.0000 654.6875 -10.8792 99.2188
20.0932 965 344 344 965 -0.0543 -0.0000 0.2905 -0.0000 654.6875 -4.2264 99.2188
20.0999 978 330 330 978 -0.0793 -0.0000 0.3664 -0.0000 654.6875 -8.6819 99.2188
20.1066 939 369 369 939 -0.0391 -0.0000 0.5147 -0.0000 654.6875 4.1354 99.2188
20.1134 931 377 377 931 0.0106 -0.0000 0.6251 -0.0000 654.6875 6.8210 99.2188
20.1200 921 387 387 921 0.0583 -0.0000 0.5696 -0.0000 654.6875 10.2390 99.2188
20.1269 973 335 335 973 -0.0116 -0.0000 0.4593 -0.0000 654.6875 -7.1561 99.2188
20.1336 970 338 338 970 -0.0665 -0.0000 0.3320 -0.0000 654.6875 -6.0574 99.2188
20.1403 943 365 365 943 -0.0487 -0.0000 0.3054 -0.0000 654.6875 2.9147 99.2188
20.1471 938 370 370 938 -0.0128 -0.0000 0.4945 -0.0000 654.6875 4.6237 99.2188
20.1539 961 347 347 961 -0.0331 -0.0000 0.6084 -0.0000 654.6875 -3.1277 99.2188
20.1606 950 359 359 950 -0.0357 -0.0000 0.6639 -0.0000 654.6875 0.6564 99.2188
20.1673 970 338 338 970 -0.0831 -0.0000 0.6123 -0.0000 654.6875 -6.1185 99.2188
20.1740 930 379 379 930 -0.0386 -0.0000 0.6560 -0.0000 654.6875 7.3703 99.2188
20.1810 922 387 387 922 0.0260 -0.0000 0.6825 -0.0000 654.6875 10.0558 99.2188
20.1877 963 346 346 963 0.0062 -0.0000 0.7884 -0.0000 654.6875 -3.6160 99.2188
20.1944 963 346 346 963 -0.0233 -0.0000 0.9439 -0.0000 654.6875 -3.6160 99.2188
20.2010 989 319 319 989 -0.0973 -0.0000 1.1296 -0.0000 654.6875 -12.3441 99.2188
20.2076 996 312 312 996 -0.1947 -0.0000 1.2341 -0.0000 654.6875 -14.7244 99.2188
20.2142 962 347 347 962 -0.2092 -0.0000 1.3172 -0.0000 654.6875 -3.3109 99.2188
20.2209 964 344 344 964 -0.2205 -0.0000 1.3127 -0.0000 654.6875 -4.1653 99.2188
20.2277 944 364 364 944 -0.1916 -0.0000 1.3230 -0.0000 654.6875 2.4875 99.2188
20.2343 940 368 368 940 -0.1516 -0.0000 1.0878 -0.0000 654.6875 3.9523 99.2188
20.2410 950 359 359 950 -0.1505 -0.0000 0.8102 -0.0000 654.6875 0.6564 99.2188
20.2476 978 330 330 978 -0.2016 -0.0000 0.5026 -0.0000 654.6875 -8.7430 99.2188
20.2543 953 356 356 953 -0.1947 -0.0000 0.3888 -0.0000 654.6875 -0.2591 99.2188
20.2609 930 378 378 930 -0.1299 -0.0000 0.4320 -0.0000 654.6875 7.2482 99.2188
20.2676 933 375 375 933 -0.0839 -0.0000 0.5373 -0.0000 654.6875 6.2106 99.2188
20.2743 927 381 381 927 -0.0337 -0.0000 0.4859 -0.0000 654.6875 8.2858 99.2188
20.2809 934 375 375 934 -0.0048 -0.0000 0.4645 -0.0000 654.6875 6.0886 99.2188
20.2875 932 377 377 932 0.0300 -0.0000 0.5339 -0.0000 654.6875 6.7599 99.2188
20.2941 930 378 378 930 0.0637 -0.0000 0.5579 -0.0000 654.6875 7.3093 99.2188
20.3008 940 369 369 940 0.0739 -0.0000 0.5879 -0.0000 654.6875 4.0134 99.2188
20.3074 928 380 380 928 0.1155 -0.0000 0.7311 -0.0000 654.6875 7.9807 99.2188
20.3143 961 347 347 961 0.0980 -0.0000 0.9793 -0.0000 654.6875 -3.1277 99.2188
20.3209 974 335 335 974 0.0633 -0.0000 1.2252 -0.0000 654.6875 -7.3392 99.2188
20.3277 975 333 333 975 0.0248 -0.0000 1.4204 -0.0000 654.6875 -7.7054 99.2188
20.3344 993 315 315 993 -0.0636 -0.0000 1.5388 -0.0000 654.6875 -13.8089 99.2188
20.3412 965 343 343 965 -0.1056 -0.0000 1.7082 -0.0000 654.6875 -4.3484 99.2188
20.3479 965 343 343 965 -0.1351 -0.0000 1.7395 -0.0000 654.6875 -4.3484 99.2188
20.3546 941 367 367 941 -0.1072 -0.0000 1.6935 -0.0000 654.6875 3.5861 99.2188
20.3613 954 355 355 954 -0.0965 -0.0000 1.6580 -0.0000 654.6875 -0.5643 99.2188
20.3681 993 316 316 993 -0.1729 -0.0000 1.4902 -0.0000 654.6875 -13.5648 99.2188
20.3749 976 332 332 976 -0.2294 -0.0000 1.4229 -0.0000 654.6875 -8.0716 99.2188
20.3816 986 322 322 986 -0.3014 -0.0000 1.3567 -0.0000 654.6875 -11.4896 99.2188
20.3884 976 333 333 976 -0.3422 -0.0000 1.3461 -0.0000 654.6875 -7.8885 99.2188
20.3950 939 369 369 939 -0.2806 -0.0000 1.3765 -0.0000 654.6875 4.1354 99.2188
20.4017 947 361 361 947 -0.2490 -0.0000 1.1435 -0.0000 654.6875 1.6330 99.2188
20.4083 941 367 367 941 -0.2073 -0.0000 0.9413 -0.0000 654.6875 3.6472 99.2188
20.4151 951 358 358 951 -0.2050 -0.0000 0.7376 -0.0000 654.6875 0.4123 99.2188
20.4217 934 374 374 934 -0.1609 -0.0000 0.7410 -0.0000 654.6875 5.7834 99.2188
20.4284 966 343 343 966 -0.1990 -0.0000 0.8397 -0.0000 654.6875 -4.6536 99.2188
20.4350 955 354 354 955 -0.2120 -0.0000 0.9941 -0.0000 654.6875 -0.9915 99.2188
20.4417 946 362 362 946 -0.2096 -0.0000 0.9687 -0.0000 654.6875 1.8161 99.2188
20.4484 952 357 357 952 -0.2152 -0.0000 0.9124 -0.0000 654.6875 0.1071 99.2188
20.4550 922 386 386 922 -0.1592 -0.0000 0.8520 -0.0000 654.6875 9.9338 99.2188
20.4617 914 394 394 914 -0.0797 -0.0000 0.7403 -0.0000 654.6875 12.5583 99.2188
20.4684 922 386 386 922 -0.0209 -0.0000 0.6973 -0.0000 654.6875 9.8117 99.2188
20.4750 939 369 369 939 0.0154 -0.0000 0.6771 -0.0000 654.6875 4.1354 99.2188
20.4817 999 309 309 999 -0.0679 -0.0000 0.6691 -0.0000 654.6875 -15.7620 99.2188
20.4883 963 345 345 963 -0.0855 -0.0000 0.7161 -0.0000 654.6875 -3.7991 99.2188
20.4949 949 359 359 949 -0.0654 -0.0000 0.8121 -0.0000 654.6875 0.9616 99.2188
20.5016 966 343 343 966 -0.1006 -0.0000 0.9344 -0.0000 654.6875 -4.6536 99.2188
20.5083 970 339 339 970 -0.1287 -0.0000 1.1559 -0.0000 654.6875 -5.9354 99.2188
20.5150 960 348 348 960 -0.1464 -0.0000 1.4242 -0.0000 654.6875 -2.8226 99.2188
20.5216 946 362 362 946 -0.1210 -0.0000 1.4073 -0.0000 654.6875 1.9382 99.2188
20.5283 941 368 368 941 -0.0808 -0.0000 1.2957 -0.0000 654.6875 3.7082 99.2188
20.5350 955 354 354 955 -0.0771 -0.0000 1.2090 -0.0000 654.6875 -0.9915 99.2188
20.5417 997 312 312 997 -0.1738 -0.0000 1.1946 -0.0000 654.6875 -14.9075 99.2188
20.5484 980 329 329 980 -0.2452 -0.0000 1.1866 -0.0000 654.6875 -9.2923 99.2188
20.5550 990 318 318 990 -0.3309 -0.0000 1.3913 -0.0000 654.6875 -12.8323 99.2188
20.5616 972 337 337 972 -0.3776 -0.0000 1.4778 -0.0000 654.6875 -6.6068 99.2188
20.5683 939 369 369 939 -0.3461 -0.0000 1.5178 -0.0000 654.6875 4.2575 99.2188
20.5750 928 380 380 928 -0.3021 -0.0000 1.2501 -0.0000 654.6875 7.9196 99.2188
20.5818 931 377 377 931 -0.2674 -0.0000 0.8767 -0.0000 654.6875 6.9431 99.2188
20.5886 943 366 366 943 -0.2614 -0.0000 0.5682 -0.0000 654.6875 3.0368 99.2188
20.5953 938 371 371 938 -0.2224 -0.0000 0.3868 -0.0000 654.6875 4.6848 99.2188
20.6020 959 350 350 959 -0.2241 -0.0000 0.3849 -0.0000 654.6875 -2.3343 99.2188
20.6087 960 348 348 960 -0.2067 -0.0000 0.4395 -0.0000 654.6875 -2.7005 99.2188
20.6154 926 382 382 926 -0.1257 -0.0000 0.6446 -0.0000 654.6875 8.4689 99.2188
20.6221 958 351 351 958 -0.1175 -0.0000 0.7512 -0.0000 654.6875 -1.9681 99.2188
20.6288 926 382 382 926 -0.0727 -0.0000 0.9273 -0.0000 654.6875 8.4689 99.2188
20.6355 931 377 377 931 -0.0669 -0.0000 0.9777 -0.0000 654.6875 6.9431 99.2188
20.6422 949 360 360 949 -0.0922 -0.0000 0.9378 -0.0000 654.6875 1.0226 99.2188
20.6488 958 350 350 958 -0.1272 -0.0000 0.9290 -0.0000 654.6875 -2.2122 99.2188
20.6554 997 311 311 997 -0.1991 -0.0000 0.8706 -0.0000 654.6875 -15.0296 99.2188
20.6621 972 337 337 972 -0.2125 -0.0000 0.9503 -0.0000 654.6875 -6.6678 99.2188
20.6688 972 337 337 972 -0.2037 -0.0000 1.0762 -0.0000 654.6875 -6.6068 99.2188
20.6754 964 345 345 964 -0.1993 -0.0000 1.2265 -0.0000 654.6875 -3.9212 99.2188
20.6823 961 347 347 961 -0.2028 -0.0000 1.3712 -0.0000 654.6875 -3.1277 99.2188
20.6890 938 370 370 938 -0.1867 -0.0000 1.3598 -0.0000 654.6875 4.5016 99.2188
20.6957 959 350 350 959 -0.2273 -0.0000 1.2582 -0.0000 654.6875 -2.2733 99.2188
20.7025 947 361 361 947 -0.2336 -0.0000 1.2930 -0.0000 654.6875 1.5109 99.2188
20.7091 969 340 340 969 -0.2658 -0.0000 1.2946 -0.0000 654.6875 -5.6302 99.2188
20.7157 978 330 330 978 -0.3062 -0.0000 1.3466 -0.0000 654.6875 -8.8651 99.2188
20.7224 927 381 381 927 -0.2341 -0.0000 1.3404 -0.0000 654.6875 8.1638 99.2188
20.7292 967 342 342 967 -0.2670 -0.0000 1.2583 -0.0000 654.6875 -4.8978 99.2188
20.7358 913 396 396 913 -0.1953 -0.0000 1.1244 -0.0000 654.6875 13.0466 99.2188
20.7425 941 367 367 941 -0.1996 -0.0000 0.8982 -0.0000 654.6875 3.5861 99.2188
20.7491 926 382 382 926 -0.1554 -0.0000 0.7714 -0.0000 654.6875 8.5300 99.2188
20.7557 940 368 368 940 -0.1104 -0.0000 0.6773 -0.0000 654.6875 3.8913 99.2188
20.7626 970 339 339 970 -0.1242 -0.0000 0.5894 -0.0000 654.6875 -5.9354 99.2188
20.7693 970 338 338 970 -0.1312 -0.0000 0.4572 -0.0000 654.6875 -6.1795 99.2188
20.7760 935 373 373 935 -0.0872 -0.0000 0.4810 -0.0000 654.6875 5.4782 99.2188
20.7826 961 348 348 961 -0.0956 -0.0000 0.5151 -0.0000 654.6875 -3.0057 99.2188
20.7894 928 380 380 928 -0.0498 -0.0000 0.5190 -0.0000 654.6875 7.9196 99.2188
20.7960 936 372 372 936 -0.0207 -0.0000 0.4990 -0.0000 654.6875 5.2951 99.2188
20.8026 932 376 376 932 0.0374 -0.0000 0.4991 -0.0000 654.6875 6.6379 99.2188
20.8094 961 347 347 961 0.0204 -0.0000 0.2912 -0.0000 654.6875 -3.1277 99.2188
20.8161 955 353 353 955 0.0317 -0.0000 0.1353 -0.0000 654.6875 -1.0526 99.2188
20.8232 915 392 392 915 0.1068 -0.0000 0.0392 -0.0000 653.9062 12.1310 99.2188
20.8298 954 353 353 954 0.0838 -0.0000 0.1214 -0.0000 653.9062 -0.8694 99.2188
20.8365 922 384 384 922 0.1159 -0.0000 0.1989 -0.0000 653.9062 9.5676 99.2188
20.8432 931 376 376 931 0.1494 -0.0000 0.3486 -0.0000 653.9062 6.7599 99.2188
20.8499 958 349 349 958 0.1409 -0.0000 0.3383 -0.0000 653.9062 -2.2122 99.2188
20.8565 963 343 343 963 0.1312 -0.0000 0.3767 -0.0000 653.9062 -4.1043 99.2188
20.8631 927 379 379 927 0.1822 -0.0000 0.4635 -0.0000 653.9062 7.8586 99.2188
20.8698 930 377 377 930 0.2156 -0.0000 0.4540 -0.0000 653.9062 6.9431 99.2188
20.8764 947 360 360 947 0.1972 -0.0000 0.5153 -0.0000 653.9062 1.3278 99.2188
20.8831 940 366 366 940 0.1964 -0.0000 0.6163 -0.0000 653.9062 3.5251 99.2188
20.8897 940 367 367 940 0.2232 -0.0000 0.6706 -0.0000 653.9062 3.5861 99.2188
20.8964 980 327 327 980 0.1621 -0.0000 0.7367 -0.0000 653.9062 -9.6585 99.2188
20.9030 986 320 320 986 0.1125 -0.0000 0.8292 -0.0000 653.9062 -11.7947 99.2188
20.9100 1002 305 305 1002 0.0154 -0.0000 0.8959 -0.0000 653.9062 -16.8607 99.2188
20.9167 984 323 323 984 -0.0596 -0.0000 1.0825 -0.0000 653.9062 -10.8182 99.2188
20.9238 921 388 388 921 0.0175 -0.0000 1.0950 -0.0000 654.6875 10.4221 99.2188
20.9305 964 345 345 964 -0.0227 -0.0000 1.1479 -0.0000 654.6875 -3.9212 99.2188
20.9371 968 340 340 968 -0.0565 -0.0000 1.0578 -0.0000 654.6875 -5.5081 99.2188
20.9438 1003 305 305 1003 -0.1696 -0.0000 0.9796 -0.0000 654.6875 -17.1658 99.2188
20.9504 999 309 309 999 -0.2505 -0.0000 0.8958 -0.0000 654.6875 -15.8231 99.2188
20.9571 956 352 352 956 -0.2415 -0.0000 0.8599 -0.0000 654.6875 -1.5408 99.2188
20.9637 952 356 356 952 -0.2275 -0.0000 0.9498 -0.0000 654.6875 -0.1981 99.2188
20.9705 953 356 356 953 -0.2308 -0.0000 0.8781 -0.0000 654.6875 -0.3201 99.2188
20.9772 946 362 362 946 -0.2284 -0.0000 0.6103 -0.0000 654.6875 1.8771 99.2188
20.9839 962 346 346 962 -0.2704 -0.0000 0.3918 -0.0000 654.6875 -3.3719 99.2188
20.9906 918 391 391 918 -0.2155 -0.0000 0.2634 -0.0000 654.6875 11.3986 99.2188
20.9975 959 349 349 959 -0.2522 -0.0000 0.3153 -0.0000 654.6875 -2.3953 99.2188
21.0042 956 352 352 956 -0.2579 -0.0000 0.4079 -0.0000 654.6875 -1.3577 99.2188
21.0111 952 357 357 952 -0.2300 -0.0000 0.5507 -0.0000 654.6875 0.0461 99.2188
21.0180 944 365 365 944 -0.1799 -0.0000 0.6233 -0.0000 654.6875 2.6706 99.2188
21.0248 923 385 385 923 -0.0942 -0.0000 0.5456 -0.0000 654.6875 9.5676 99.2188
21.0315 917 391 391 917 -0.0210 -0.0000 0.4817 -0.0000 654.6875 11.5207 99.2188
21.0384 955 353 353 955 -0.0258 -0.0000 0.3306 -0.0000 654.6875 -1.0526 99.2188
21.0451 946 362 362 946 -0.0196 -0.0000 0.2480 -0.0000 654.6875 1.9382 99.2188
21.0520 966 343 343 966 -0.0492 -0.0000 0.3254 -0.0000 654.6875 -4.6536 99.2188
21.0589 940 368 368 940 -0.0211 -0.0000 0.4378 -0.0000 654.6875 3.8303 99.2188
21.0657 916 392 392 916 0.0635 -0.0000 0.3588 -0.0000 654.6875 11.9479 99.2188
21.0724 946 362 362 946 0.0876 -0.0000 0.2846 -0.0000 654.6875 1.8161 99.2188
21.0793 926 383 383 926 0.1465 -0.0000 0.1156 -0.0000 654.6875 8.7131 99.2188
21.0862 987 321 321 987 0.0609 -0.0000 0.1240 -0.0000 654.6875 -11.7337 99.2188
21.0929 956 352 352 956 0.0412 -0.0000 0.2435 -0.0000 654.6875 -1.4188 99.2188
21.0998 942 367 367 942 0.0624 -0.0000 0.4499 -0.0000 654.6875 3.3420 99.2188
21.1066 952 356 356 952 0.0643 -0.0000 0.4916 -0.0000 654.6875 -0.1981 99.2188
21.1133 976 332 332 976 0.0108 -0.0000 0.4898 -0.0000 654.6875 -8.1326 99.2188
21.1201 959 350 350 959 -0.0129 -0.0000 0.6097 -0.0000 654.6875 -2.3343 99.2188
21.1269 935 373 373 935 0.0170 -0.0000 0.6297 -0.0000 654.6875 5.4782 99.2188
21.1339 957 348 348 957 0.0019 -0.0000 0.7739 -0.0000 653.1250 -2.3343 99.2188
21.1407 957 348 348 957 -0.0187 -0.0000 0.9457 -0.0000 653.1250 -2.2733 99.2188
21.1476 985 320 320 985 -0.0957 -0.0000 1.2481 -0.0000 653.1250 -11.5506 99.2188
21.1544 931 374 374 931 -0.0636 -0.0000 1.4467 -0.0000 653.1250 6.3327 99.2188
21.1611 972 333 333 972 -0.1071 -0.0000 1.5533 -0.0000 653.1250 -7.3392 99.2188
21.1680 949 357 357 949 -0.1060 -0.0000 1.6137 -0.0000 653.1250 0.5344 99.2188
21.1748 944 361 361 944 -0.0792 -0.0000 1.6680 -0.0000 653.1250 2.0602 99.2188
21.1815 1002 303 303 1002 -0.1748 -0.0000 1.7101 -0.0000 653.1250 -17.2879 99.2188
21.1884 977 329 329 977 -0.2345 -0.0000 1.7308 -0.0000 653.1250 -8.8040 99.2188
21.1953 985 321 321 985 -0.2998 -0.0000 1.8377 -0.0000 653.1250 -11.4285 99.2188
21.2020 933 373 373 933 -0.2640 -0.0000 1.8639 -0.0000 653.1250 5.8444 99.2188
21.2088 945 360 360 945 -0.2383 -0.0000 1.8103 -0.0000 653.1250 1.6330 99.2188
21.2157 983 323 323 983 -0.3029 -0.0000 1.5266 -0.0000 653.1250 -10.8182 99.2188
21.2225 973 332 332 973 -0.3341 -0.0000 1.4556 -0.0000 653.1250 -7.5223 99.2188
21.2294 953 355 355 953 -0.3309 -0.0000 1.4106 -0.0000 654.6875 -0.4422 99.2188
21.2361 935 373 373 935 -0.2969 -0.0000 1.4218 -0.0000 654.6875 5.5392 99.2188
21.2429 931 378 378 931 -0.2625 -0.0000 1.3333 -0.0000 654.6875 7.0041 99.2188
21.2498 957 351 351 957 -0.2919 -0.0000 0.9526 -0.0000 654.6875 -1.7239 99.2188
21.2565 963 345 345 963 -0.3210 -0.0000 0.7845 -0.0000 654.6875 -3.8602 99.2188
21.2632 939 369 369 939 -0.2766 -0.0000 0.7177 -0.0000 654.6875 4.1354 99.2188
21.2699 977 332 332 977 -0.3084 -0.0000 0.7589 -0.0000 654.6875 -8.3157 99.2188
21.2768 978 330 330 978 -0.3431 -0.0000 0.8547 -0.0000 654.6875 -8.8651 99.2188
21.2836 976 323 323 976 -0.3911 -0.0000 0.9128 -0.0000 650.0000 -9.7195 99.2188
21.2904 942 357 357 942 -0.3821 -0.0000 0.8141 -0.0000 650.0000 1.8771 99.2188
21.2973 889 410 410 889 -0.2596 -0.0000 0.7194 -0.0000 650.0000 19.3332 99.2188
21.3041 938 361 361 938 -0.2519 -0.0000 0.6030 -0.0000 650.0000 3.0368 99.2188
21.3110 933 366 366 933 -0.2124 -0.0000 0.6698 -0.0000 650.0000 4.5627 99.2188
21.3178 946 353 353 946 -0.1861 -0.0000 0.7204 -0.0000 650.0000 0.3513 99.2188
21.3245 952 347 347 952 -0.1823 -0.0000 0.7857 -0.0000 650.0000 -1.4798 99.2188
21.3314 930 369 369 930 -0.1255 -0.0000 0.8157 -0.0000 650.0000 5.8444 99.2188
21.3383 930 369 369 930 -0.0836 -0.0000 0.7517 -0.0000 650.0000 5.6003 99.2188
21.3451 945 354 354 945 -0.0636 -0.0000 0.6155 -0.0000 650.0000 0.5954 99.2188
21.3518 937 362 362 937 -0.0335 -0.0000 0.4752 -0.0000 650.0000 3.4641 99.2188
21.3587 649 650 650 649 -0.0327 -0.0000 0.5371 -0.0000 650.0000 0.2292 0.0000