21.235907 -18.621826 5.642978
21.242628 -17.767611 5.384124
21.249344 -17.767611 5.384124
21.255980 -17.767611 5.384124
21.262600 -17.767611 5.384124
21.269293 -17.767611 5.384124
21.276005 -19.931835 6.039950
21.282711 -19.931835 6.039950
21.289404 -19.931835 6.039950
21.296028 -19.931835 6.039950
21.302658 -19.931835 6.039950
21.309347 -20.341717 6.164156
21.316053 -20.341717 6.164156
21.322681 -20.341717 6.164156
21.329338 -20.341717 6.164156
21.335957 -20.341717 6.164156
21.342651 -16.764370 5.080112
21.349360 -16.764370 5.080112
21.356003 -16.764370 5.080112
21.362667 -16.764370 5.080112
21.369333 -16.764370 5.080112
21.376074 -17.577562 5.326534
21.382708 -17.577562 5.326534
21.389368 -17.577562 5.326534
21.396023 -17.577562 5.326534
21.402758 -17.577562 5.326534
21.409494 -16.924671 5.128688
21.416134 -16.924671 5.128688
21.422794 -16.924671 5.128688
21.429468 -16.924671 5.128688
21.436159 -16.924671 5.128688
21.442892 -16.452713 4.985671
21.449568 -16.452713 4.985671
21.456238 -16.452713 4.985671
21.462934 -16.452713 4.985671
21.469646 -16.452713 4.985671
21.476347 -16.452713 4.985671
21.483011 -16.452713 4.985671
21.489677 -16.452713 4.985671
21.496340 -16.452713 4.985671
21.503031 -16.452713 4.985671
21.509745 -16.709934 5.063617
21.516392 -16.709934 5.063617
21.523050 -16.709934 5.063617
21.529722 -16.709934 5.063617
21.536406 -15.798964 4.787565
21.543028 -15.798964 4.787565
21.549631 -15.798964 4.787565
21.556328 -15.798964 4.787565
21.563002 -15.798964 4.787565
21.569712 -15.798964 4.787565
21.576363 -15.798964 4.787565
21.583017 -15.798964 4.787565
21.589695 -15.798964 4.787565
21.596375 -15.798964 4.787565
21.603088 -16.709934 5.063617
21.609766 -16.709934 5.063617
21.616373 -16.709934 5.063617
21.622978 -16.709934 5.063617
21.629610 -16.709934 5.063617
21.636345 -17.767611 5.384124
21.642994 -17.767611 5.384124
21.649685 -17.767611 5.384124
21.656349 -17.767611 5.384124
21.663017 -17.767611 5.384124
21.669735 -18.621826 5.642978
21.676432 -18.621826 5.642978
21.683096 -18.621826 5.642978
21.689703 -18.621826 5.642978
21.696369 -18.621826 5.642978
21.703094 -17.767611 5.384124
21.709833 -17.767611 5.384124
21.716509 -17.767611 5.384124
21.723206 -17.767611 5.384124
21.729900 -17.767611 5.384124
21.736582 -16.709934 5.063617
21.743250 -16.709934 5.063617
21.749916 -16.709934 5.063617
21.756578 -16.709934 5.063617
21.763201 -16.709934 5.063617
21.769945 -16.236204 4.920062
21.776627 -16.236204 4.920062
21.783251 -16.236204 4.920062
21.789885 -16.236204 4.920062
21.796484 -16.236204 4.920062
21.803131 -17.600328 5.333433
21.809814 -17.600328 5.333433
21.816427 -17.600328 5.333433
21.823051 -17.600328 5.333433
21.829702 -17.600328 5.333433
21.836391 -16.709934 5.063617
21.843044 -16.709934 5.063617
21.849720 -16.709934 5.063617
21.856413 -16.709934 5.063617
21.863068 -16.709934 5.063617
21.869785 -20.341717 6.164156
21.876448 -20.341717 6.164156
21.883112 -20.341717 6.164156
21.889765 -20.341717 6.164156
21.896423 -20.341717 6.164156
21.903118 -16.709934 5.063617
21.909763 -16.709934 5.063617
21.916407 -16.709934 5.063617
21.923042 -16.709934 5.063617
21.929699 -16.709934 5.063617
21.936359 -16.709934 5.063617
21.943060 -16.709934 5.063617
21.949780 -16.202808 4.909942
21.956478 -16.202808 4.909942
21.963140 -16.202808 4.909942
21.969826 -18.125366 5.492535
21.976490 -18.125366 5.492535
21.983143 -18.125366 5.492535
21.989819 -18.125366 5.492535
21.996490 -18.125366 5.492535
22.003168 -20.252083 6.136995
22.009783 -20.252083 6.136995
22.016466 -20.252083 6.136995
22.023148 -20.252083 6.136995
22.029821 -20.252083 6.136995
22.036501 -18.215082 5.519722
22.043150 -18.215082 5.519722
22.049740 -18.215082 5.519722
22.056385 -18.215082 5.519722
22.063051 -18.215082 5.519722
22.069719 -18.215082 5.519722
22.076414 -16.709934 5.063617
22.083103 -16.709934 5.063617
22.089767 -16.709934 5.063617
22.096447 -16.709934 5.063617
22.103176 -16.709934 5.063617
22.109846 -16.709934 5.063617
22.116560 -16.709934 5.063617
22.123234 -16.709934 5.063617
22.129923 -18.396374 5.574659
22.136547 -18.396374 5.574659
22.143209 -18.396374 5.574659
22.149885 -18.396374 5.574659
22.156483 -18.396374 5.574659
22.163128 -18.396374 5.574659
22.169794 -18.396374 5.574659
22.176407 -18.396374 5.574659
22.183056 -18.396374 5.574659
22.189756 -18.396374 5.574659
22.196428 -17.131149 5.191257
22.203114 -17.131149 5.191257
22.209782 -17.131149 5.191257
22.216486 -17.131149 5.191257
22.223148 -17.131149 5.191257
22.229834 -17.131149 5.191257
22.236561 -17.801134 5.394283
22.243267 -17.801134 5.394283
22.249956 -17.801134 5.394283
22.256605 -17.801134 5.394283
22.263271 -17.801134 5.394283
22.269958 -17.459555 5.290774
22.276575 -17.459555 5.290774
22.283234 -17.459555 5.290774
22.289904 -17.459555 5.290774
22.296494 -14.427061 4.371837
22.303078 -14.427061 4.371837
22.309752 -14.427061 4.371837
22.316425 -14.427061 4.371837
22.323084 -14.427061 4.371837
22.329769 -14.332691 4.343240
22.336435 -14.332691 4.343240
22.343100 -14.332691 4.343240
22.349762 -14.332691 4.343240
22.356415 -14.332691 4.343240
22.363071 -14.332691 4.343240
22.369728 -14.332691 4.343240
22.376371 -14.332691 4.343240
22.383047 -12.572641 3.809891
22.389730 -12.572641 3.809891
22.396439 -12.572641 3.809891
22.403112 -12.572641 3.809891
22.409798 -12.572641 3.809891
22.416441 -12.572641 3.809891
22.423111 -12.572641 3.809891
22.429792 -12.572641 3.809891
22.436489 -12.572641 3.809891
22.443174 -12.572641 3.809891
22.449860 -12.572641 3.809891
22.456522 -12.572641 3.809891
22.463223 -12.572641 3.809891
22.469906 -12.572641 3.809891
22.476564 -12.572641 3.809891
22.483217 -12.572641 3.809891
22.489876 -12.572641 3.809891
22.496611 -11.950899 3.621485
22.503313 -11.950899 3.621485
22.509974 -11.950899 3.621485
22.516668 -11.950899 3.621485
22.523312 -11.950899 3.621485
22.529966 -11.950899 3.621485
22.536606 -11.950899 3.621485
22.543222 -11.950899 3.621485
22.549799 -11.950899 3.621485
22.556454 -11.950899 3.621485
22.563120 -12.636642 3.829286
22.569786 -12.636642 3.829286
22.576382 -12.636642 3.829286
22.583014 -12.636642 3.829286
22.589659 -12.636642 3.829286
22.596373 -7.154826 2.168129
22.603041 -7.154826 2.168129
22.609709 -7.154826 2.168129
22.616388 -7.154826 2.168129
22.623035 -7.154826 2.168129
22.629717 -9.610091 2.912149
22.636400 -9.610091 2.912149
22.643059 -9.610091 2.912149
22.649706 -9.610091 2.912149
22.656363 -9.610091 2.912149
22.663046 -7.176655 2.174744
22.669773 -7.176655 2.174744
22.676418 -7.176655 2.174744
22.683054 -7.176655 2.174744
22.689722 -7.176655 2.174744
22.696405 -7.176655 2.174744
22.703133 -7.176655 2.174744
22.709806 -7.176655 2.174744
22.716496 -7.176655 2.174744
22.723221 -7.176655 2.174744
22.729906 -7.176655 2.174744
22.736525 -7.176655 2.174744
22.743128 -7.176655 2.174744
22.749765 -7.176655 2.174744
22.756550 -7.176655 2.174744
22.763277 -7.176655 2.174744
22.769936 -7.176655 2.174744
22.776604 -7.176655 2.174744
22.783257 -7.176655 2.174744
22.789888 -7.176655 2.174744
22.796471 -2.948819 0.893582
22.803104 -2.948819 0.893582
22.809767 -2.948819 0.893582
22.816469 -2.948819 0.893582
22.823145 -2.948819 0.893582
22.829845 -6.496445 1.968620
22.836548 -6.496445 1.968620
22.843210 -6.496445 1.968620
22.849907 -6.496445 1.968620
22.856569 -3.864139 1.170951
22.863201 -3.864139 1.170951
22.869806 -3.864139 1.170951
22.876472 -3.864139 1.170951
22.883152 -3.864139 1.170951
22.889835 -3.864139 1.170951
22.896549 -3.042357 0.921926
22.903257 -3.042357 0.921926
22.909922 -3.042357 0.921926
22.916574 -3.042357 0.921926
22.923304 -0.065001 0.019697
22.929974 -0.065001 0.019697
22.936607 -0.065001 0.019697
22.943289 -0.065001 0.019697
22.949951 -0.065001 0.019697
22.956640 -0.065001 0.019697
22.963303 3.590967 -1.088172
22.969955 3.590967 -1.088172
22.976631 3.590967 -1.088172
22.983288 3.590967 -1.088172
22.989950 4.018841 -1.217831
22.996605 4.018841 -1.217831
23.003292 4.018841 -1.217831
23.009941 4.018841 -1.217831
23.016598 4.018841 -1.217831
23.023277 4.387481 -1.329540
23.029951 4.387481 -1.329540
23.036585 4.387481 -1.329540
23.043194 4.387481 -1.329540
23.049784 4.387481 -1.329540
23.056475 5.744324 -1.740704
23.063147 5.744324 -1.740704
23.069845 5.744324 -1.740704
23.076508 5.744324 -1.740704
23.083170 5.744324 -1.740704
23.089899 6.960180 -2.109145
23.096590 6.960180 -2.109145
23.103285 6.960180 -2.109145
23.109961 6.960180 -2.109145
23.116606 6.960180 -2.109145
23.123287 6.960180 -2.109145
23.129967 6.960180 -2.109145
23.136623 6.960180 -2.109145
23.143276 6.960180 -2.109145
23.149954 6.960180 -2.109145
23.156637 6.749338 -2.045254
23.163317 6.749338 -2.045254
23.169966 6.749338 -2.045254
23.176613 6.749338 -2.045254
23.183304 6.749338 -2.045254
23.190002 9.565303 -2.898577
23.196672 9.565303 -2.898577
23.203295 9.565303 -2.898577
23.209927 9.565303 -2.898577
23.216585 9.565303 -2.898577
23.223291 7.114095 -2.155787
23.229975 7.114095 -2.155787
23.236626 7.114095 -2.155787
23.243298 7.114095 -2.155787
23.249960 7.114095 -2.155787
23.256638 7.176655 -2.174744
23.263309 7.176655 -2.174744
23.269966 7.176655 -2.174744
23.276619 7.176655 -2.174744
23.283281 7.176655 -2.174744
23.289955 7.756147 -2.350348
23.296555 7.756147 -2.350348
23.303186 7.756147 -2.350348
23.309858 7.756147 -2.350348
23.316540 7.756147 -2.350348
23.323259 8.477900 -2.569061
23.329924 8.477900 -2.569061
23.336582 8.477900 -2.569061
23.343239 8.477900 -2.569061
23.349953 8.477900 -2.569061
23.356684 9.446404 -2.862547
23.363375 9.446404 -2.862547
23.370077 9.446404 -2.862547
23.376717 9.446404 -2.862547
23.383404 9.446404 -2.862547
23.390110 7.632645 -2.312923
23.396742 7.632645 -2.312923
23.403374 7.632645 -2.312923
23.410006 7.632645 -2.312923
23.416718 7.632645 -2.312923
23.423441 6.650267 -2.015233
23.430119 6.650267 -2.015233
23.436716 6.650267 -2.015233
23.443346 6.650267 -2.015233
23.450039 6.650267 -2.015233
23.456751 7.176655 -2.174744
23.463381 7.176655 -2.174744
23.470041 7.176655 -2.174744
23.476688 7.176655 -2.174744
23.483339 7.176655 -2.174744
23.490015 6.027561 -1.826534
23.496719 6.027561 -1.826534
23.503384 6.027561 -1.826534
23.510048 6.027561 -1.826534
23.516737 4.101982 -1.243025
23.523434 4.101982 -1.243025
23.530081 4.101982 -1.243025
23.536728 4.101982 -1.243025
23.543339 4.101982 -1.243025
23.549959 4.147230 -1.256736
23.556606 4.147230 -1.256736
23.563200 4.147230 -1.256736
23.569889 4.147230 -1.256736
23.576550 4.147230 -1.256736
23.583225 3.787862 -1.147837
23.589899 3.787862 -1.147837
23.596558 3.787862 -1.147837
23.603220 3.787862 -1.147837
23.609903 3.787862 -1.147837
23.616617 1.904744 -0.577195
23.623337 1.904744 -0.577195
23.630014 1.904744 -0.577195
23.636709 1.904744 -0.577195
23.643391 1.904744 -0.577195
23.650360 4.101982 -1.243025
23.657146 4.101982 -1.243025
23.664036 4.101982 -1.243025
23.670774 4.101982 -1.243025
23.677647 4.101982 -1.243025
23.684525 4.785714 -1.450216
23.691227 4.785714 -1.450216
23.698034 4.785714 -1.450216
23.704845 4.785714 -1.450216
23.711512 4.785714 -1.450216
23.718231 4.101982 -1.243025
23.725283 4.101982 -1.243025
23.732340 4.101982 -1.243025
23.739597 4.101982 -1.243025
23.746710 4.101982 -1.243025
23.754004 4.101982 -1.243025
23.761253 4.101982 -1.243025
23.768387 4.101982 -1.243025
23.775423 4.101982 -1.243025
23.782667 4.101982 -1.243025
23.789860 4.101982 -1.243025
23.796900 4.101982 -1.243025
23.804132 4.101982 -1.243025
23.811380 4.101982 -1.243025
23.818579 2.588568 -0.784414
23.825701 2.588568 -0.784414
23.832556 2.588568 -0.784414
23.839264 2.588568 -0.784414
23.846155 2.588568 -0.784414
23.853071 4.101982 -1.243025
23.859903 4.101982 -1.243025
23.866613 4.101982 -1.243025
23.873470 4.101982 -1.243025
23.880346 3.612925 -1.094826
23.887066 3.612925 -1.094826
23.893934 3.612925 -1.094826
23.900782 3.612925 -1.094826
23.907558 3.612925 -1.094826
23.914328 0.197217 -0.059763
23.921232 0.197217 -0.059763
23.928022 0.197217 -0.059763
23.934713 0.197217 -0.059763
23.941555 0.197217 -0.059763
23.948465 0.545296 -0.165241
23.955202 0.545296 -0.165241
23.961897 0.545296 -0.165241
23.968779 0.545296 -0.165241
23.975634 0.545296 -0.165241
23.982435 -0.455374 0.137992
23.989170 -0.455374 0.137992
23.995983 -0.455374 0.137992
24.002846 -0.455374 0.137992
24.009621 -0.455374 0.137992
24.016495 -0.455374 0.137992
24.023298 -0.455374 0.137992
24.029995 -0.455374 0.137992
24.036869 -0.455374 0.137992
24.043791 -0.455374 0.137992
24.050491 -0.455374 0.137992
24.057293 -0.455374 0.137992
24.064081 -0.455374 0.137992
24.070784 -0.455374 0.137992
24.077679 -0.316805 0.096002
24.084589 -0.316805 0.096002
24.091360 -0.316805 0.096002
24.098072 -0.316805 0.096002
24.104923 -0.316805 0.096002
24.111773 0.545296 -0.165241
24.118469 0.545296 -0.165241
24.125336 0.545296 -0.165241
24.132231 0.545296 -0.165241
24.138931 0.545296 -0.165241
24.145884 -2.338721 0.708703
24.152767 -2.338721 0.708703
24.159533 -2.338721 0.708703
24.166271 -2.338721 0.708703
24.173159 -2.338721 0.708703
24.180048 -5.224363 1.583140
24.186930 -5.224363 1.583140
24.193663 -5.224363 1.583140
24.200342 -5.224363 1.583140
24.207247 -5.224363 1.583140
24.214113 -9.565303 2.898577
24.220816 -9.565303 2.898577
24.227757 -9.565303 2.898577
24.234606 -9.565303 2.898577
24.241385 -12.382519 3.752278
24.248104 -12.382519 3.752278
24.254999 -12.382519 3.752278
24.261908 -12.382519 3.752278
24.268661 -12.382519 3.752278
24.275406 -15.421047 4.673045
24.282255 -15.421047 4.673045
24.289127 -15.421047 4.673045
24.295975 -15.421047 4.673045
24.302879 -15.421047 4.673045
24.309746 -14.332691 4.343240
24.316401 -14.332691 4.343240
24.323215 -14.332691 4.343240
24.330038 -14.332691 4.343240
24.336781 -14.332691 4.343240
24.343513 -14.301089 4.333663
24.350250 -14.301089 4.333663
24.356913 -14.301089 4.333663
24.363586 -14.301089 4.333663
24.370255 -14.301089 4.333663
24.376961 -14.301089 4.333663
24.383617 -14.301089 4.333663
24.390228 -14.301089 4.333663
24.396887 -14.301089 4.333663
24.403549 -14.301089 4.333663
24.410225 -14.301089 4.333663
24.416895 -15.254020 4.622430
24.423565 -15.254020 4.622430
24.430180 -15.254020 4.622430
24.436789 -15.254020 4.622430
24.443453 -14.301089 4.333663
24.450125 -14.301089 4.333663
24.456795 -14.301089 4.333663
24.463459 -14.301089 4.333663
24.470114 -14.301089 4.333663
24.476770 -14.301089 4.333663
24.483437 -14.301089 4.333663
24.490116 -14.301089 4.333663
24.496780 -14.301089 4.333663
24.503479 -14.301089 4.333663
24.510155 -13.312939 4.034224
24.516830 -13.312939 4.034224
24.523558 -13.312939 4.034224
24.530228 -13.312939 4.034224
24.536819 -13.312939 4.034224
24.543491 -11.950899 3.621485
24.550169 -11.950899 3.621485
24.556887 -11.950899 3.621485
24.563557 -11.950899 3.621485
24.570242 -11.950899 3.621485
24.576927 -15.254020 4.622430
24.583588 -15.254020 4.622430
24.590197 -15.254020 4.622430
24.596851 -15.254020 4.622430
24.603540 -15.254020 4.622430
24.610224 -14.332691 4.343240
24.616896 -14.332691 4.343240
24.623608 -14.332691 4.343240
24.630306 -14.332691 4.343240
24.637074 -14.332691 4.343240
24.643734 -13.727058 4.159715
24.650381 -13.727058 4.159715
24.657030 -13.727058 4.159715
24.663689 -13.727058 4.159715
24.670355 -14.332691 4.343240
24.677044 -14.332691 4.343240
24.683710 -14.332691 4.343240
24.690393 -14.332691 4.343240
24.697063 -14.332691 4.343240
24.703758 -14.332691 4.343240
24.710445 -14.160096 4.290938
24.717089 -14.160096 4.290938
24.723763 -14.160096 4.290938
24.730419 -14.160096 4.290938
24.737146 -14.074611 4.265034
24.743813 -14.074611 4.265034
24.750431 -14.074611 4.265034
24.757088 -14.074611 4.265034
24.763742 -14.074611 4.265034
24.770441 -14.074611 4.265034
24.777166 -14.074644 4.265044
24.783831 -14.074644 4.265044
24.790480 -14.074644 4.265044
24.797129 -14.074644 4.265044
24.803795 -16.196257 4.907957
24.810480 -16.196257 4.907957
24.817097 -16.196257 4.907957
24.823767 -16.196257 4.907957
24.830425 -16.196257 4.907957
24.837105 -16.617701 5.035667
24.843746 -16.617701 5.035667
24.850399 -16.617701 5.035667
24.857050 -16.617701 5.035667
24.863720 -16.617701 5.035667
24.870409 -16.617701 5.035667
24.877089 -16.709934 5.063617
24.883760 -16.709934 5.063617
24.890413 -16.709934 5.063617
24.897095 -16.709934 5.063617
24.903782 -18.739538 5.678648
24.910452 -18.739538 5.678648
24.917114 -18.739538 5.678648
24.923773 -18.739538 5.678648
24.930412 -18.739538 5.678648
24.937117 -20.236267 6.132202
24.943798 -20.236267 6.132202
24.950472 -20.236267 6.132202
24.957174 -20.236267 6.132202
24.963789 -20.236267 6.132202
24.970409 -19.312243 5.852195
24.977016 -19.312243 5.852195
24.983654 -19.312243 5.852195
24.990334 -19.312243 5.852195
24.996994 -19.312243 5.852195
25.003763 -21.418468 6.490445
25.010441 -21.418468 6.490445
25.017113 -21.418468 6.490445
25.023746 -21.418468 6.490445
25.030411 -21.418468 6.490445
25.037086 -20.238564 6.132898
25.043760 -20.238564 6.132898
25.050428 -20.238564 6.132898
25.057098 -20.238564 6.132898
25.063717 -20.238564 6.132898
25.070417 -20.238564 6.132898
25.077108 -18.756516 5.683793
25.083803 -18.756516 5.683793
25.090498 -18.756516 5.683793
25.097210 -18.756516 5.683793
25.103891 -19.081896 5.782393
25.110531 -19.081896 5.782393
25.117201 -19.081896 5.782393
25.123814 -19.081896 5.782393
25.130505 -19.081896 5.782393
25.137184 -19.081896 5.782393
25.143864 -23.597393 7.150725
25.150513 -23.597393 7.150725
25.157185 -23.597393 7.150725
25.163849 -23.597393 7.150725
25.170509 -23.597393 7.150725
25.177176 -23.597393 7.150725
25.183838 -23.597393 7.150725
25.190495 -23.597393 7.150725
25.197220 -23.597393 7.150725
25.203926 -22.603344 6.849498
25.210638 -22.603344 6.849498
25.217306 -22.603344 6.849498
25.223965 -22.603344 6.849498
25.230629 -22.603344 6.849498
25.237316 -24.782164 7.509747
25.243980 -24.782164 7.509747
25.250635 -24.782164 7.509747
25.257309 -24.782164 7.509747
25.264000 -26.173069 7.931233
25.270708 -26.173069 7.931233
25.277355 -26.173069 7.931233
25.283951 -26.173069 7.931233
25.290607 -26.173069 7.931233
25.297287 -26.173069 7.931233
25.303930 -26.173069 7.931233
25.310564 -26.173069 7.931233
25.317223 -26.173069 7.931233
25.323879 -26.173069 7.931233
25.330528 -26.173069 7.931233
25.337212 -27.205515 8.244096
25.343946 -27.205515 8.244096
25.350605 -27.205515 8.244096
25.357271 -27.205515 8.244096
25.363958 -27.205515 8.244096
25.370628 -28.255676 8.562326
25.377300 -28.255676 8.562326
25.383970 -28.255676 8.562326
25.390717 -28.255676 8.562326
25.397440 -31.531488 9.554996
25.404131 -31.531488 9.554996
25.410784 -31.531488 9.554996
25.417437 -31.531488 9.554996
25.424095 -31.531488 9.554996
25.430752 -33.579185 10.175510
25.437420 -33.579185 10.175510
25.444061 -33.579185 10.175510
25.450718 -33.579185 10.175510
25.457382 -33.579185 10.175510
25.464106 -33.579185 10.175510
25.470804 -33.579185 10.175510
25.477510 -33.579185 10.175510
25.484201 -33.579185 10.175510
25.490904 -33.579185 10.175510
25.497578 -35.922237 10.885527
25.504221 -35.922237 10.885527
25.510838 -35.922237 10.885527
25.517492 -35.922237 10.885527
25.524117 -35.922237 10.885527
25.530804 -35.922237 10.885527
25.537498 -36.926720 11.189916
25.544168 -36.926720 11.189916
25.550806 -36.926720 11.189916
25.557476 -36.926720 11.189916
25.564184 -38.702286 11.727965
25.570845 -38.702286 11.727965
25.577473 -38.702286 11.727965
25.584082 -38.702286 11.727965
25.590740 -38.702286 11.727965
25.597445 -39.395004 11.937881
25.604122 -39.395004 11.937881
25.610769 -39.395004 11.937881
25.617439 -39.395004 11.937881
25.624136 -39.395004 11.937881
25.630812 -39.474133 11.961859
25.637480 -39.474133 11.961859
25.644138 -39.474133 11.961859
25.650806 -39.474133 11.961859
25.657473 -39.474133 11.961859
25.664177 -42.168659 12.778382
25.670860 -42.168659 12.778382
25.677534 -42.168659 12.778382
25.684204 -42.168659 12.778382
25.690899 -42.168659 12.778382
25.697586 -43.392246 13.149165
25.704245 -43.392246 13.149165
25.710917 -43.392246 13.149165
25.717583 -43.392246 13.149165
25.724236 -43.392246 13.149165
25.731007 -44.081718 13.358096
25.737623 -44.081718 13.358096
25.744293 -44.081718 13.358096
25.750969 -44.081718 13.358096
25.757645 -44.081718 13.358096
25.764311 -44.081718 13.358096
25.771044 -43.392246 13.149165
25.777719 -43.392246 13.149165
25.784340 -43.392246 13.149165
25.790976 -43.392246 13.149165
25.797613 -43.243435 13.104072
25.804310 -43.243435 13.104072
25.810974 -43.243435 13.104072
25.817642 -43.243435 13.104072
25.824303 -43.243435 13.104072
25.831015 -42.105396 12.759212
25.837666 -42.105396 12.759212
25.844311 -42.105396 12.759212
25.850969 -42.105396 12.759212
25.857632 -42.105396 12.759212
25.864346 -42.760105 12.957607
25.871010 -42.760105 12.957607
25.877680 -42.760105 12.957607
25.884363 -42.760105 12.957607
25.891041 -42.760105 12.957607
25.897738 -41.703873 12.637537
25.904402 -41.703873 12.637537
25.911049 -41.703873 12.637537
25.917711 -41.703873 12.637537
25.924358 -41.703873 12.637537
25.931101 -43.981251 13.327652
25.937777 -43.981251 13.327652
25.944416 -43.981251 13.327652
25.951099 -43.981251 13.327652
25.957787 -43.981251 13.327652
25.964460 -43.981251 13.327652
25.971121 -43.981251 13.327652
25.977789 -43.981251 13.327652
25.984449 -43.981251 13.327652
25.991110 -43.981251 13.327652
25.997824 -43.981251 13.327652
26.004440 -43.981251 13.327652
26.011045 -43.981251 13.327652
26.017725 -43.981251 13.327652
26.024443 -43.981251 13.327652
26.031115 -47.051807 14.258123
26.037796 -47.051807 14.258123
26.044447 -47.051807 14.258123
26.051115 -47.051807 14.258123
26.057781 -47.051807 14.258123
26.064486 -45.741390 13.861028
26.071180 -45.741390 13.861028
26.077848 -45.741390 13.861028
26.084520 -45.741390 13.861028
26.091238 -45.741390 13.861028
26.097837 -45.741390 13.861028
26.104496 -45.741390 13.861028
26.111141 -45.741390 13.861028
26.117805 -45.741390 13.861028
26.124516 -45.741390 13.861028
26.131197 -47.244518 14.316521
26.137873 -47.244518 14.316521
26.144541 -47.244518 14.316521
26.151196 -47.244518 14.316521
26.157896 -49.363972 14.958779
26.164530 -49.363972 14.958779
26.171190 -49.363972 14.958779
26.177856 -49.363972 14.958779
26.184519 -49.363972 14.958779
26.191170 -47.244518 14.316521
26.197845 -47.244518 14.316521
26.204473 -47.244518 14.316521
26.211136 -47.244518 14.316521
26.217791 -47.244518 14.316521
26.224499 -48.048912 14.560276
26.231209 -48.048912 14.560276
26.237875 -48.048912 14.560276
26.244501 -48.048912 14.560276
26.251165 -48.048912 14.560276
26.257824 -48.048912 14.560276
26.264513 -48.048912 14.560276
26.271208 -48.048912 14.560276
26.277876 -48.048912 14.560276
26.284565 -48.048912 14.560276
26.291298 -48.157467 14.593172
26.297964 -48.157467 14.593172
26.304617 -48.157467 14.593172
26.311258 -48.157467 14.593172
26.317930 -48.157467 14.593172
26.324636 -48.157467 14.593172
26.331278 -48.157467 14.593172
26.337961 -48.157467 14.593172
26.344616 -48.157467 14.593172
26.351276 -48.157467 14.593172
26.357965 -44.221634 13.400496
26.364628 -44.221634 13.400496
26.371273 -44.221634 13.400496
26.377953 -44.221634 13.400496
26.384657 -44.221634 13.400496
26.391361 -43.980747 13.327499
26.398041 -43.980747 13.327499
26.404709 -43.980747 13.327499
26.411381 -43.980747 13.327499
26.418053 -43.980747 13.327499
26.424788 -45.505756 13.789623
26.431477 -45.505756 13.789623
26.438141 -45.505756 13.789623
26.444822 -45.505756 13.789623
26.451466 -45.505756 13.789623
26.458158 -45.696518 13.847430
26.464819 -45.696518 13.847430
26.471504 -45.696518 13.847430
26.478176 -45.696518 13.847430
26.484968 -45.696518 13.847430
26.491619 -45.741390 13.861028
26.498240 -45.741390 13.861028
26.504906 -45.741390 13.861028
26.511566 -45.741390 13.861028
26.518269 -45.741390 13.861028
26.524981 -45.741390 13.861028
26.531691 -45.741390 13.861028
26.538370 -45.741390 13.861028
26.545042 -45.741390 13.861028
26.551708 -45.741390 13.861028
26.558407 -45.741390 13.861028
26.565052 -45.741390 13.861028
26.571701 -45.741390 13.861028
26.578381 -45.741390 13.861028
26.585047 -45.741390 13.861028
26.591711 -45.741390 13.861028
26.598343 -45.741390 13.861028
26.605030 -45.741390 13.861028
26.611725 -45.741390 13.861028
26.618462 -44.977875 13.629659
26.625078 -44.977875 13.629659
26.631742 -44.977875 13.629659
26.638351 -44.977875 13.629659
26.644974 -44.977875 13.629659
26.651695 -44.977875 13.629659
26.658415 -43.337090 13.132452
26.665073 -43.337090 13.132452
26.671713 -43.337090 13.132452
26.678364 -43.337090 13.132452
26.685055 -43.419891 13.157543
26.691753 -43.419891 13.157543
26.698349 -43.419891 13.157543
26.704960 -43.419891 13.157543
26.711563 -43.419891 13.157543
26.718287 -43.337090 13.132452
26.724985 -43.337090 13.132452
26.731665 -43.337090 13.132452
26.738329 -43.337090 13.132452
26.745016 -43.337090 13.132452
26.751669 -43.337090 13.132452
26.758276 -43.337090 13.132452
26.764959 -43.337090 13.132452
26.771633 -43.337090 13.132452
26.778313 -43.337090 13.132452
26.785034 -41.014595 12.428665
26.791691 -41.014595 12.428665
26.798359 -41.014595 12.428665
26.805029 -41.014595 12.428665
26.811699 -41.014595 12.428665
26.818392 -41.014595 12.428665
26.825104 -41.014595 12.428665
26.831810 -41.014595 12.428665
26.838469 -41.014595 12.428665
26.845140 -41.014595 12.428665
26.851818 -43.036007 13.041214
26.858490 -43.036007 13.041214
26.865091 -43.036007 13.041214
26.871727 -43.036007 13.041214
26.878403 -43.036007 13.041214
26.885141 -41.014595 12.428665
26.891802 -41.014595 12.428665
26.898460 -41.014595 12.428665
26.905121 -41.014595 12.428665
26.911758 -41.014595 12.428665
26.918463 -43.637951 13.223621
26.925123 -43.637951 13.223621
26.931816 -43.637951 13.223621
26.938480 -43.637951 13.223621
26.945131 -43.637951 13.223621
26.951822 -41.363354 12.534349
26.958431 -41.363354 12.534349
26.965109 -41.363354 12.534349
26.971754 -41.363354 12.534349
26.978418 -41.363354 12.534349
26.985092 -41.363354 12.534349
26.991758 -41.891850 12.694500
26.998438 -41.891850 12.694500
27.005089 -41.891850 12.694500
27.011744 -41.891850 12.694500
27.018433 -45.741390 13.861028
27.025097 -45.741390 13.861028
27.031731 -45.741390 13.861028
27.038452 -45.741390 13.861028
27.045059 -45.741390 13.861028
27.051647 -45.548485 13.802571
27.058329 -45.548485 13.802571
27.064995 -45.548485 13.802571
27.071640 -45.548485 13.802571
27.078337 -45.548485 13.802571
27.085058 -44.134739 13.374164
27.091717 -44.134739 13.374164
27.098381 -44.134739 13.374164
27.105024 -44.134739 13.374164
27.111660 -44.134739 13.374164
27.118330 -43.232700 13.100819
27.124945 -43.232700 13.100819
27.131617 -43.232700 13.100819
27.138281 -43.232700 13.100819
27.144981 -43.232700 13.100819
27.151672 -44.205009 13.395457
27.158314 -44.205009 13.395457
27.164980 -44.205009 13.395457
27.171616 -44.205009 13.395457
27.178282 -44.205009 13.395457
27.184891 -44.205009 13.395457
27.191559 -44.318466 13.429838
27.198172 -44.318466 13.429838
27.204792 -44.318466 13.429838
27.211489 -44.318466 13.429838
27.218199 -45.548477 13.802569
27.224819 -45.548477 13.802569
27.231476 -45.548477 13.802569
27.238134 -45.548477 13.802569
27.244804 -45.548477 13.802569
27.251492 -45.741390 13.861028
27.258160 -45.741390 13.861028
27.264820 -45.741390 13.861028
27.271496 -45.741390 13.861028
27.278177 -45.741390 13.861028
27.284830 -45.548477 13.802569
27.291470 -45.548477 13.802569
27.298069 -45.548477 13.802569
27.304718 -45.548477 13.802569
27.311428 -45.548477 13.802569
27.318104 -49.282932 14.934222
27.324770 -49.282932 14.934222
27.331451 -49.282932 14.934222
27.338118 -49.282932 14.934222
27.344810 -49.282932 14.934222
27.351477 -49.282932 14.934222
27.358126 -49.282932 14.934222
27.364805 -49.282932 14.934222
27.371454 -49.282932 14.934222
27.378183 -50.812214 15.397641
27.384855 -50.812214 15.397641
27.391487 -50.812214 15.397641
27.398174 -50.812214 15.397641
27.404867 -50.812214 15.397641
27.411552 -50.812214 15.397641
27.418249 -50.410191 15.275816
27.424942 -50.410191 15.275816
27.431625 -50.410191 15.275816
27.438299 -50.410191 15.275816
27.444984 -50.812214 15.397641
27.451664 -50.812214 15.397641
27.458323 -50.812214 15.397641
27.464989 -50.812214 15.397641
27.471668 -50.812214 15.397641
27.478334 -50.812214 15.397641
27.485031 -51.971397 15.748909
27.491653 -51.971397 15.748909
27.498318 -51.971397 15.748909
27.504969 -51.971397 15.748909
27.511669 -51.622246 15.643106
27.518372 -51.622246 15.643106
27.524988 -51.622246 15.643106
27.531607 -51.622246 15.643106
27.538271 -51.622246 15.643106
27.544962 -50.812214 15.397641
27.551649 -50.812214 15.397641
27.558313 -50.812214 15.397641
27.564972 -50.812214 15.397641
27.571634 -50.812214 15.397641
27.578339 -50.812214 15.397641
27.585016 -50.812214 15.397641
27.591673 -50.812214 15.397641
27.598343 -50.812214 15.397641
27.604998 -50.812214 15.397641
27.611645 -50.410191 15.275816
27.618277 -50.410191 15.275816
27.624933 -50.410191 15.275816
27.631561 -50.410191 15.275816
27.638227 -50.410191 15.275816
27.644960 -50.755913 15.380580
27.651621 -50.755913 15.380580
27.658285 -50.755913 15.380580
27.664982 -50.755913 15.380580
27.671627 -50.755913 15.380580
27.678364 -51.580105 15.630335
27.685078 -51.580105 15.630335
27.691734 -51.580105 15.630335
27.698408 -51.580105 15.630335
27.705063 -51.580105 15.630335
27.711742 -50.519585 15.308965
27.718391 -50.519585 15.308965
27.725050 -50.519585 15.308965
27.731720 -50.519585 15.308965
27.738323 -50.519585 15.308965
27.745066 -50.519585 15.308965
27.751732 -50.519585 15.308965
27.758383 -50.519585 15.308965
27.765038 -50.519585 15.308965
27.771677 -50.519585 15.308965
27.778318 -50.799675 15.393841
27.784964 -50.799675 15.393841
27.791592 -50.799675 15.393841
27.798212 -50.799675 15.393841
27.804880 -50.799675 15.393841
27.811567 -51.342018 15.558187
27.818256 -51.342018 15.558187
27.824961 -51.342018 15.558187
27.831614 -51.342018 15.558187
27.838280 -51.342018 15.558187
27.844940 -51.342018 15.558187
27.851587 -51.342018 15.558187
27.858253 -51.342018 15.558187
27.864906 -51.342018 15.558187
27.871592 -51.342018 15.558187
27.878248 -53.411140 16.185194
27.884901 -53.411140 16.185194
27.891563 -53.411140 16.185194
27.898211 -53.411140 16.185194
27.904858 -53.411140 16.185194
27.911547 -50.336880 15.253600
27.918215 -50.336880 15.253600
27.924862 -50.336880 15.253600
27.931528 -50.336880 15.253600
27.938240 -50.336880 15.253600
27.945005 -49.044128 14.861857
27.951660 -49.044128 14.861857
27.958372 -49.044128 14.861857
27.965090 -49.044128 14.861857
27.971815 -50.489624 15.299886
27.978495 -50.489624 15.299886
27.985146 -50.489624 15.299886
27.991768 -50.489624 15.299886
27.998425 -50.489624 15.299886
28.005083 -50.360497 15.260756
28.011763 -50.360497 15.260756
28.018383 -50.360497 15.260756
28.024994 -50.360497 15.260756
28.031635 -50.360497 15.260756
28.038305 -50.360497 15.260756
28.045012 -49.641434 15.042859
28.051619 -49.641434 15.042859
28.058266 -49.641434 15.042859
28.064917 -49.641434 15.042859
28.071571 -50.489624 15.299886
28.078218 -50.489624 15.299886
28.084854 -50.489624 15.299886
28.091530 -50.489624 15.299886
28.098190 -50.489624 15.299886
28.104879 -50.489624 15.299886
28.111549 -50.489624 15.299886
28.118210 -50.489624 15.299886
28.124849 -50.489624 15.299886
28.131485 -50.489624 15.299886
28.138254 -51.099430 15.484676
28.144943 -51.099430 15.484676
28.151590 -51.099430 15.484676
28.158255 -51.099430 15.484676
28.164898 -51.099430 15.484676
28.171633 -50.787106 15.390032
28.178301 -50.787106 15.390032
28.184948 -50.787106 15.390032
28.191599 -50.787106 15.390032
28.198257 -50.787106 15.390032
28.205059 -50.787106 15.390032
28.211725 -50.787106 15.390032
28.218374 -50.787106 15.390032
28.225025 -50.787106 15.390032
28.231661 -50.787106 15.390032
28.238367 -50.787106 15.390032
28.245028 -50.787106 15.390032
28.251682 -50.787106 15.390032
28.258333 -50.787106 15.390032
28.264969 -50.787106 15.390032
28.271645 -50.781441 15.388316
28.278320 -50.781441 15.388316
28.284986 -50.781441 15.388316
28.291733 -50.781441 15.388316
28.298328 -50.781441 15.388316
28.304979 -49.036110 14.859427
28.311615 -49.036110 14.859427
28.318201 -49.036110 14.859427
28.324780 -49.036110 14.859427
28.331367 -49.036110 14.859427
28.337978 -49.036110 14.859427
28.344687 -50.781441 15.388316
28.351419 -50.781441 15.388316
28.358135 -50.781441 15.388316
28.364815 -50.781441 15.388316
28.371525 -51.204021 15.516371
28.378195 -51.204021 15.516371
28.384855 -51.204021 15.516371
28.391504 -51.204021 15.516371
28.398138 -51.204021 15.516371
28.404869 -50.787106 15.390032
28.411520 -50.787106 15.390032
28.418194 -50.787106 15.390032
28.424845 -50.787106 15.390032
28.431515 -50.787106 15.390032
28.438246 -48.898941 14.817862
28.444904 -48.898941 14.817862
28.451550 -48.898941 14.817862
28.458248 -48.898941 14.817862
28.464931 -48.898941 14.817862
28.471588 -51.099430 15.484676
28.478256 -51.099430 15.484676
28.484919 -51.099430 15.484676
28.491611 -51.099430 15.484676
28.498289 -51.099430 15.484676
28.504965 -51.099430 15.484676
28.511635 -51.099430 15.484676
28.518328 -51.099430 15.484676
28.524982 -51.099430 15.484676
28.531691 -51.099430 15.484676
28.538395 -51.543495 15.619242
28.545053 -51.543495 15.619242
28.551739 -51.543495 15.619242
28.558411 -51.543495 15.619242
28.565090 -53.702179 16.273388
28.571806 -53.702179 16.273388
28.578493 -53.702179 16.273388
28.585155 -53.702179 16.273388
28.591803 -53.702179 16.273388
28.598501 -53.276318 16.144339
28.605145 -53.276318 16.144339
28.611788 -53.276318 16.144339
28.618465 -53.276318 16.144339
28.625120 -53.276318 16.144339
28.631800 -55.563660 16.837473
28.638515 -55.563660 16.837473
28.645170 -55.563660 16.837473
28.651836 -55.563660 16.837473
28.658524 -55.563660 16.837473
28.665182 -55.563660 16.837473
28.671822 -55.563660 16.837473
28.678499 -55.563660 16.837473
28.685158 -55.563660 16.837473
28.691799 -55.563660 16.837473
28.698513 -55.563660 16.837473
28.705158 -55.563660 16.837473
28.711872 -55.563660 16.837473
28.718550 -55.563660 16.837473
28.725197 -55.563660 16.837473
28.731865 -55.563660 16.837473
28.738583 -53.276318 16.144339
28.745249 -53.276318 16.144339
28.751919 -53.276318 16.144339
28.758585 -53.276318 16.144339
28.765263 -53.276318 16.144339
28.771915 -53.276318 16.144339
28.778584 -53.276318 16.144339
28.785248 -53.276318 16.144339
28.791897 -53.276318 16.144339
28.798628 -53.702179 16.273388
28.805244 -53.702179 16.273388
28.811918 -53.702179 16.273388
28.818577 -53.702179 16.273388
28.825220 -53.702179 16.273388
28.831932 -53.702179 16.273388
28.838636 -53.702179 16.273388
28.845289 -53.702179 16.273388
28.851925 -53.702179 16.273388
28.858582 -53.702179 16.273388
28.865288 -55.563660 16.837473
28.871939 -55.563660 16.837473
28.878620 -55.563660 16.837473
28.885271 -55.563660 16.837473
28.891912 -55.563660 16.837473
28.898663 -55.563660 16.837473
28.905308 -55.563660 16.837473
28.911982 -55.563660 16.837473
28.918653 -55.563660 16.837473
28.925287 -55.563660 16.837473
28.931978 -55.563660 16.837473
28.938715 -55.563660 16.837473
28.945370 -55.563660 16.837473
28.952044 -55.563660 16.837473
28.958708 -55.563660 16.837473
28.965403 -55.862053 16.927895
28.972061 -55.862053 16.927895
28.978745 -55.862053 16.927895
28.985415 -55.862053 16.927895
28.992090 -55.862053 16.927895
28.998791 -57.891361 17.542837
29.005400 -57.891361 17.542837
29.012033 -57.891361 17.542837
29.018700 -57.891361 17.542837
29.025364 -57.891361 17.542837
29.032028 -58.053822 17.592068
29.038742 -58.053822 17.592068
29.045351 -58.053822 17.592068
29.051983 -58.053822 17.592068
29.058643 -58.053822 17.592068
29.065371 -59.105270 17.910688
29.072056 -59.105270 17.910688
29.078743 -59.105270 17.910688
29.085463 -59.105270 17.910688
29.092165 -59.105270 17.910688
29.098871 -55.563660 16.837473
29.105576 -55.563660 16.837473
29.112259 -55.563660 16.837473
29.118931 -55.563660 16.837473
29.125534 -55.563660 16.837473
29.132250 -55.439606 16.799881
29.138958 -55.439606 16.799881
29.145617 -55.439606 16.799881
29.152252 -55.439606 16.799881
29.158951 -55.439606 16.799881
29.165634 -56.467609 17.111397
29.172287 -56.467609 17.111397
29.178871 -56.467609 17.111397
29.185558 -56.467609 17.111397
29.192194 -56.467609 17.111397
29.199022 -56.700169 17.181870
29.205927 -56.700169 17.181870
29.212774 -56.700169 17.181870
29.219559 -56.700169 17.181870
29.226357 -56.700169 17.181870
29.233242 -55.447865 16.802383
29.240192 -55.447865 16.802383
29.246899 -55.447865 16.802383
29.253796 -55.447865 16.802383
29.260521 -57.909035 17.548193
29.267406 -57.909035 17.548193
29.274302 -57.909035 17.548193
29.281042 -57.909035 17.548193
29.287762 -57.909035 17.548193
29.294691 -57.909035 17.548193
29.301588 -57.909035 17.548193
29.308315 -57.909035 17.548193
29.315220 -57.909035 17.548193
29.322155 -57.909035 17.548193
29.328905 -57.909035 17.548193
29.335617 -57.909035 17.548193
29.342501 -57.909035 17.548193
29.349373 -57.909035 17.548193
29.356092 -57.909035 17.548193
29.362780 -57.909035 17.548193
29.369715 -57.909035 17.548193
29.376442 -57.909035 17.548193
29.383333 -57.909035 17.548193
29.390238 -58.643677 17.770811
29.396963 -58.643677 17.770811
29.403856 -58.643677 17.770811
29.410719 -58.643677 17.770811
29.417490 -58.643677 17.770811
29.424206 -58.643677 17.770811
29.431221 -58.643677 17.770811
29.438148 -58.643677 17.770811
29.444870 -58.643677 17.770811
29.451761 -58.643677 17.770811
29.458710 -58.304146 17.667923
29.465425 -58.304146 17.667923
29.472279 -58.304146 17.667923
29.479156 -58.304146 17.667923
29.485905 -58.304146 17.667923
33.478729 -191.128784 57.917812
33.485493 -191.128784 57.917812
33.492210 -191.128784 57.917812
33.499084 -191.128784 57.917812
33.505867 -191.128784 57.917812
33.512596 -191.128784 57.917812
33.519512 -190.102509 57.606823
33.526482 -190.102509 57.606823
33.533283 -190.102509 57.606823
33.540012 -190.102509 57.606823
33.546909 -190.102509 57.606823
33.553799 -189.471634 57.415646
33.560539 -189.471634 57.415646
33.567413 -189.471634 57.415646
33.574295 -189.471634 57.415646
33.581097 -188.017776 56.975082
33.587994 -188.017776 56.975082
33.594879 -188.017776 56.975082
33.601597 -188.017776 56.975082
33.608494 -188.017776 56.975082
33.615402 -185.518173 56.217628
33.622158 -185.518173 56.217628
33.628830 -185.518173 56.217628
33.635605 -185.518173 56.217628
33.642452 -185.518173 56.217628
33.649364 -173.896973 52.696053
33.656071 -173.896973 52.696053
33.662880 -173.896973 52.696053
33.669727 -173.896973 52.696053
33.676449 -173.896973 52.696053
33.683376 -170.297440 51.605286
33.690266 -170.297440 51.605286
33.696991 -170.297440 51.605286
33.703861 -170.297440 51.605286
33.710735 -170.297440 51.605286
33.717468 -162.848190 49.347939
33.724339 -162.848190 49.347939
33.731190 -162.848190 49.347939
33.737904 -162.848190 49.347939
33.744820 -162.848190 49.347939
33.751690 -155.312714 47.064461
33.758465 -155.312714 47.064461
33.765285 -155.312714 47.064461
33.772194 -155.312714 47.064461
33.778908 -155.312714 47.064461
33.785625 -146.494446 44.392258
33.792248 -146.494446 44.392258
33.799095 -146.494446 44.392258
33.805775 -146.494446 44.392258
33.812710 -146.494446 44.392258
33.819717 -140.678787 42.629936
33.826519 -140.678787 42.629936
33.833248 -140.678787 42.629936
33.840130 -140.678787 42.629936
33.847019 -135.770676 41.142628
33.853760 -135.770676 41.142628
33.860722 -135.770676 41.142628
33.867573 -135.770676 41.142628
33.874355 -135.770676 41.142628
33.881065 -134.135818 40.647217
33.887959 -134.135818 40.647217
33.894825 -134.135818 40.647217
33.901539 -134.135818 40.647217
33.908348 -134.135818 40.647217
33.915291 -126.456375 38.320114
33.922085 -126.456375 38.320114
33.928802 -126.456375 38.320114
33.935669 -126.456375 38.320114
33.942524 -126.456375 38.320114
33.949387 -123.949448 37.560440
33.956158 -123.949448 37.560440
33.963047 -123.949448 37.560440
33.969929 -123.949448 37.560440
33.976643 -123.949448 37.560440
33.983532 -117.284447 35.540741
33.990318 -117.284447 35.540741
33.997208 -117.284447 35.540741
34.004082 -117.284447 35.540741
34.010849 -117.284447 35.540741
34.017639 -114.494003 34.695152
34.024521 -114.494003 34.695152
34.031368 -114.494003 34.695152
34.038113 -114.494003 34.695152
34.044983 -114.494003 34.695152
34.051746 -110.944511 33.619549
34.058506 -110.944511 33.619549
34.065228 -110.944511 33.619549
34.071922 -110.944511 33.619549
34.078594 -110.944511 33.619549
34.085266 -104.880562 31.781988
34.091942 -104.880562 31.781988
34.098614 -104.880562 31.781988
34.105320 -104.880562 31.781988
34.112072 -102.588768 31.087505
34.118690 -102.588768 31.087505
34.125347 -102.588768 31.087505
34.131985 -102.588768 31.087505
34.138641 -102.588768 31.087505
34.145298 -98.041138 29.709436
34.151936 -98.041138 29.709436
34.158596 -98.041138 29.709436
34.165234 -98.041138 29.709436
34.171871 -98.041138 29.709436
34.178604 -94.563591 28.655634
34.185280 -94.563591 28.655634
34.191917 -94.563591 28.655634
34.198578 -94.563591 28.655634
34.205200 -94.563591 28.655634
34.211926 -92.595680 28.059298
34.218597 -92.595680 28.059298
34.225243 -92.595680 28.059298
34.231892 -92.595680 28.059298
34.238556 -92.595680 28.059298
34.245258 -87.788605 26.602608
34.251904 -87.788605 26.602608
34.258610 -87.788605 26.602608
34.265259 -87.788605 26.602608
34.271904 -87.788605 26.602608
34.278610 -86.596451 26.241350
34.285263 -86.596451 26.241350
34.291935 -86.596451 26.241350
34.298592 -86.596451 26.241350
34.305248 -86.596451 26.241350
34.311947 -83.891106 25.421547
34.318653 -83.891106 25.421547
34.325268 -83.891106 25.421547
34.331924 -83.891106 25.421547
34.338650 -83.891106 25.421547
34.345310 -79.671303 24.142820
34.351925 -79.671303 24.142820
34.358616 -79.671303 24.142820
34.365246 -79.671303 24.142820
34.371883 -79.671303 24.142820
34.378601 -79.170120 23.990946
34.385269 -79.170120 23.990946
34.391926 -79.170120 23.990946
34.398590 -79.170120 23.990946
34.405193 -79.170120 23.990946
34.411922 -74.216301 22.489788
34.418594 -74.216301 22.489788
34.425262 -74.216301 22.489788
34.431946 -74.216301 22.489788
34.438614 -74.216301 22.489788
34.445316 -70.628227 21.402494
34.452015 -70.628227 21.402494
34.458687 -70.628227 21.402494
34.465405 -70.628227 21.402494
34.472153 -70.628227 21.402494
34.478878 -68.211510 20.670155
34.485584 -68.211510 20.670155
34.492237 -68.211510 20.670155
34.498905 -68.211510 20.670155
34.505665 -63.570595 19.263817
34.512329 -63.570595 19.263817
34.519032 -63.570595 19.263817
34.525684 -63.570595 19.263817
34.532330 -63.570595 19.263817
34.539009 -61.329037 18.584557
34.545689 -61.329037 18.584557
34.552387 -61.329037 18.584557
34.559097 -61.329037 18.584557
34.565777 -61.329037 18.584557
34.572563 -58.811340 17.821619
34.579266 -58.811340 17.821619
34.585945 -58.811340 17.821619
34.592583 -58.811340 17.821619
34.599258 -58.811340 17.821619
34.605942 -55.406429 16.789827
34.612652 -55.406429 16.789827
34.619324 -55.406429 16.789827
34.625969 -55.406429 16.789827
34.632607 -55.406429 16.789827
34.639343 -54.171093 16.415483
34.646030 -54.171093 16.415483
34.652699 -54.171093 16.415483
34.659367 -54.171093 16.415483
34.665997 -54.171093 16.415483
34.672699 -53.276318 16.144339
34.679390 -53.276318 16.144339
34.686058 -53.276318 16.144339
34.692734 -53.276318 16.144339
34.699402 -53.276318 16.144339
34.706108 -50.615276 15.337963
34.712791 -50.615276 15.337963
34.719395 -50.615276 15.337963
34.726044 -50.615276 15.337963
34.732704 -50.615276 15.337963
34.739414 -50.615276 15.337963
34.746037 -48.310196 14.639454
34.752678 -48.310196 14.639454
34.759380 -48.310196 14.639454
34.766041 -48.310196 14.639454
34.772755 -46.659122 14.139129
34.779434 -46.659122 14.139129
34.786060 -46.659122 14.139129
34.792702 -46.659122 14.139129
34.799362 -46.659122 14.139129
34.806030 -45.987446 13.935590
34.812695 -45.987446 13.935590
34.819355 -45.987446 13.935590
34.825996 -45.987446 13.935590
34.832672 -45.987446 13.935590
34.839386 -43.215927 13.095736
34.846066 -43.215927 13.095736
34.852718 -43.215927 13.095736
34.859394 -43.215927 13.095736
34.866070 -43.215927 13.095736
34.872746 -43.215927 13.095736
34.879372 -43.215927 13.095736
34.885986 -43.215927 13.095736
34.892590 -43.215927 13.095736
34.899311 -43.215927 13.095736
34.906040 -40.046494 12.135302
34.912792 -40.046494 12.135302
34.919460 -40.046494 12.135302
34.926140 -40.046494 12.135302
34.932823 -40.046494 12.135302
34.939507 -37.122417 11.249218
34.946178 -37.122417 11.249218
34.952847 -37.122417 11.249218
34.959549 -37.122417 11.249218
34.966213 -37.122417 11.249218
34.972939 -34.901306 10.576154
34.979664 -34.901306 10.576154
34.986370 -34.901306 10.576154
34.993050 -34.901306 10.576154
34.999760 -34.901306 10.576154
35.006470 -33.439350 10.133137
35.013145 -33.439350 10.133137
35.019764 -33.439350 10.133137
35.026371 -33.439350 10.133137
35.032990 -28.612551 8.670470
35.039593 -28.612551 8.670470
35.046261 -28.612551 8.670470
35.052937 -28.612551 8.670470
35.059570 -28.612551 8.670470
35.066265 -26.267654 7.959895
35.072945 -26.267654 7.959895
35.079662 -26.267654 7.959895
35.086357 -26.267654 7.959895
35.092987 -26.267654 7.959895
35.099705 -26.267654 7.959895
35.106392 -23.970770 7.263870
35.113064 -23.970770 7.263870
35.119732 -23.970770 7.263870
35.126404 -23.970770 7.263870
35.133114 -25.423416 7.704065
35.139809 -25.423416 7.704065
35.146473 -25.423416 7.704065
35.153133 -25.423416 7.704065
35.159794 -25.423416 7.704065
35.166508 -23.527201 7.129455
35.173187 -23.527201 7.129455
35.179905 -23.527201 7.129455
35.186577 -23.527201 7.129455
35.193249 -23.527201 7.129455
35.199936 -24.815683 7.519904
35.206547 -24.815683 7.519904
35.213192 -24.815683 7.519904
35.219788 -24.815683 7.519904
35.226444 -24.815683 7.519904
35.233166 -23.961109 7.260942
35.239861 -23.961109 7.260942
35.246525 -23.961109 7.260942
35.253174 -23.961109 7.260942
35.259762 -23.961109 7.260942
35.266483 -23.961109 7.260942
35.273129 -23.961109 7.260942
35.279804 -23.961109 7.260942
35.286472 -23.961109 7.260942
35.293167 -23.961109 7.260942
35.299900 -23.527201 7.129455
35.306580 -23.527201 7.129455
35.313255 -23.527201 7.129455
35.319920 -23.527201 7.129455
35.326576 -23.527201 7.129455
35.333263 -23.527201 7.129455
35.339951 -19.081896 5.782393
35.346634 -19.081896 5.782393
35.353298 -19.081896 5.782393
35.359989 -19.081896 5.782393
35.366600 -20.379791 6.175694
35.373295 -20.379791 6.175694
35.379990 -20.379791 6.175694
35.386642 -20.379791 6.175694
35.393299 -20.379791 6.175694
35.400021 -18.012745 5.458408
35.406727 -18.012745 5.458408
35.413391 -18.012745 5.458408
35.420105 -18.012745 5.458408
35.426804 -18.012745 5.458408
35.433483 -16.709934 5.063617
35.440163 -16.709934 5.063617
35.446819 -16.709934 5.063617
35.453480 -16.709934 5.063617
35.460136 -16.709934 5.063617
35.466831 -18.518438 5.611648
35.473530 -18.518438 5.611648
35.480194 -18.518438 5.611648
35.486858 -18.518438 5.611648
35.493526 -18.518438 5.611648
35.500244 -18.012745 5.458408
35.506943 -18.012745 5.458408
35.513657 -18.012745 5.458408
35.520321 -18.012745 5.458408
35.527039 -18.012745 5.458408
35.533749 -18.986219 5.753400
35.540413 -18.986219 5.753400
35.547100 -18.986219 5.753400
35.553795 -18.986219 5.753400
35.560570 -18.986219 5.753400
35.567242 -20.689463 6.269534
35.573875 -20.689463 6.269534
35.580494 -20.689463 6.269534
35.587074 -20.689463 6.269534
35.593651 -20.689463 6.269534
35.600235 -20.689463 6.269534
35.606880 -17.517954 5.308471
35.613544 -17.517954 5.308471
35.620213 -17.517954 5.308471
35.626919 -17.517954 5.308471
35.633572 -17.517954 5.308471
35.640244 -17.517954 5.308471
35.646912 -17.517954 5.308471
35.653576 -17.517954 5.308471
35.660282 -17.517954 5.308471
35.666988 -18.012745 5.458408
35.673622 -18.012745 5.458408
35.680218 -18.012745 5.458408
35.686863 -18.012745 5.458408
35.693565 -17.011564 5.155020
35.700253 -17.011564 5.155020
35.706951 -17.011564 5.155020
35.713608 -17.011564 5.155020
35.720257 -17.011564 5.155020
35.726986 -17.011564 5.155020
35.733677 -17.011564 5.155020
35.740391 -17.011564 5.155020
35.747040 -17.011564 5.155020
35.753693 -17.011564 5.155020
35.760372 -17.011564 5.155020
35.767036 -17.011564 5.155020
35.773674 -17.011564 5.155020
35.780331 -17.011564 5.155020
35.786934 -17.011564 5.155020
35.793587 -17.011564 5.155020
35.800255 -14.332691 4.343240
35.806896 -14.332691 4.343240
35.813541 -14.332691 4.343240
35.820179 -14.332691 4.343240
35.826855 -14.332691 4.343240
35.833492 -14.332691 4.343240
35.840115 -14.332691 4.343240
35.846722 -14.332691 4.343240
35.853355 -14.332691 4.343240
35.860004 -14.332691 4.343240
35.866699 -14.332691 4.343240
35.873341 -14.332691 4.343240
35.879997 -14.332691 4.343240
35.886658 -14.332691 4.343240
35.893299 -14.332691 4.343240
35.899960 -14.332691 4.343240
35.906570 -14.332691 4.343240
35.913189 -14.332691 4.343240
35.919830 -14.332691 4.343240
35.926525 -14.229514 4.311974
35.933189 -14.229514 4.311974
35.939884 -14.229514 4.311974
35.946541 -14.229514 4.311974
35.953213 -14.229514 4.311974
35.959900 -11.950899 3.621485
35.966614 -11.950899 3.621485
35.973286 -11.950899 3.621485
35.979942 -11.950899 3.621485
35.986591 -11.950899 3.621485
35.993259 -11.950899 3.621485
35.999916 -11.950899 3.621485
36.006565 -11.950899 3.621485
36.013195 -11.950899 3.621485
36.019855 -11.950899 3.621485
36.026562 -11.950899 3.621485
36.033291 -11.950899 3.621485
36.039986 -11.950899 3.621485
36.046635 -11.950899 3.621485
36.053284 -11.950899 3.621485
36.059963 -11.950899 3.621485
36.066620 -11.950899 3.621485
36.073261 -11.950899 3.621485
36.079918 -11.950899 3.621485
36.086594 -11.950899 3.621485
36.093285 -11.848488 3.590451
36.099949 -11.848488 3.590451
36.106609 -11.848488 3.590451
36.113258 -11.848488 3.590451
36.119919 -11.848488 3.590451
36.126579 -11.950899 3.621485
36.133232 -11.950899 3.621485
36.139889 -11.950899 3.621485
36.146542 -11.950899 3.621485
36.153206 -11.950899 3.621485
36.159939 -13.245851 4.013894
36.166622 -13.245851 4.013894
36.173283 -13.245851 4.013894
36.179955 -13.245851 4.013894
36.186665 -14.016706 4.247487
36.193344 -14.016706 4.247487
36.200005 -14.016706 4.247487
36.206661 -14.016706 4.247487
36.213310 -14.016706 4.247487
36.219975 -15.279436 4.630132
36.226650 -15.279436 4.630132
36.233280 -15.279436 4.630132
36.239910 -15.279436 4.630132
36.246582 -15.279436 4.630132
36.253281 -15.279436 4.630132
36.259964 -12.784834 3.874192
36.266644 -12.784834 3.874192
36.273304 -12.784834 3.874192
36.279957 -12.784834 3.874192
36.286648 -12.784834 3.874192
36.293430 -11.950899 3.621485
36.300037 -11.950899 3.621485
36.306633 -11.950899 3.621485
36.313225 -11.950899 3.621485
36.319855 -11.950899 3.621485
36.326469 -9.565303 2.898577
36.333092 -9.565303 2.898577
36.339722 -9.565303 2.898577
36.346317 -9.565303 2.898577
36.353024 -8.405171 2.547022
36.359692 -8.405171 2.547022
36.366337 -8.405171 2.547022
36.372986 -8.405171 2.547022
36.379692 -8.405171 2.547022
36.386372 -7.111174 2.154901
36.393055 -7.111174 2.154901
36.399719 -7.111174 2.154901
36.406292 -7.111174 2.154901
36.413101 -7.111174 2.154901
36.419838 -4.747378 1.438599
36.426449 -4.747378 1.438599
36.433060 -4.747378 1.438599
36.439697 -4.747378 1.438599
36.446304 -4.747378 1.438599
36.452969 -4.785714 1.450216
36.459686 -4.785714 1.450216
36.466324 -4.785714 1.450216
36.472939 -4.785714 1.450216
36.479610 -4.785714 1.450216
36.486286 -4.785714 1.450216
36.492958 -4.785714 1.450216
36.499573 -4.785714 1.450216
36.506241 -4.785714 1.450216
36.512924 -4.785714 1.450216
36.519623 -4.703258 1.425230
36.526325 -4.703258 1.425230
36.532940 -4.703258 1.425230
36.539585 -4.703258 1.425230
36.546261 -4.703258 1.425230
36.552917 -4.703258 1.425230
36.559578 -4.703258 1.425230
36.566273 -4.703258 1.425230
36.572933 -4.703258 1.425230
36.579605 -4.703258 1.425230
36.586308 -4.487855 1.359956
36.592957 -4.487855 1.359956
36.599628 -4.487855 1.359956
36.606316 -4.487855 1.359956
36.612976 -4.487855 1.359956
36.619713 -4.061726 1.230826
36.626373 -4.061726 1.230826
36.633034 -4.061726 1.230826
36.639694 -4.061726 1.230826
36.646351 -4.061726 1.230826
36.653072 -6.073275 1.840386
36.659786 -6.073275 1.840386
36.666485 -6.073275 1.840386
36.673153 -6.073275 1.840386
36.679821 -6.073275 1.840386
36.686607 -4.785714 1.450216
36.693264 -4.785714 1.450216
36.699924 -4.785714 1.450216
36.706573 -4.785714 1.450216
36.713223 -4.785714 1.450216
36.719913 -2.294994 0.695453
36.726574 -2.294994 0.695453
36.733231 -2.294994 0.695453
36.739910 -2.294994 0.695453
36.746593 -2.294994 0.695453
36.753319 4.785714 -1.450216
36.759998 4.785714 -1.450216
36.766708 4.785714 -1.450216
36.773411 4.785714 -1.450216
36.780079 4.785714 -1.450216
36.786777 4.785714 -1.450216
36.793446 4.785714 -1.450216
36.800095 4.785714 -1.450216
36.806747 4.785714 -1.450216
36.813412 4.785714 -1.450216
36.820099 5.724760 -1.734776
36.826809 5.724760 -1.734776
36.833519 5.724760 -1.734776
36.840183 5.724760 -1.734776
36.846893 5.724760 -1.734776
36.853577 5.064776 -1.534781
36.860188 5.064776 -1.534781
36.866837 5.064776 -1.534781
36.873501 5.064776 -1.534781
36.880203 5.064776 -1.534781
36.886879 8.366620 -2.535340
36.893543 8.366620 -2.535340
36.900196 8.366620 -2.535340
36.906849 8.366620 -2.535340
36.913593 8.366620 -2.535340
36.920273 9.565303 -2.898577
36.926861 9.565303 -2.898577
36.933537 9.565303 -2.898577
36.940193 9.565303 -2.898577
36.946903 7.244250 -2.195227
36.953590 7.244250 -2.195227
36.960255 7.244250 -2.195227
36.966904 7.244250 -2.195227
36.973541 7.244250 -2.195227
36.980217 8.340886 -2.527541
36.986889 8.340886 -2.527541
36.993553 8.340886 -2.527541
37.000290 8.340886 -2.527541
37.006950 8.340886 -2.527541
37.013657 8.340886 -2.527541
37.020367 8.340886 -2.527541
37.027073 8.340886 -2.527541
37.033741 8.340886 -2.527541
37.040417 8.340886 -2.527541
37.047123 8.340886 -2.527541
37.053753 7.160900 -2.169970
37.060341 7.160900 -2.169970
37.067036 7.160900 -2.169970
37.073647 7.160900 -2.169970
37.080303 7.160900 -2.169970
37.086979 7.160900 -2.169970
37.093658 8.395736 -2.544162
37.100330 8.395736 -2.544162
37.106995 8.395736 -2.544162
37.113674 8.395736 -2.544162
37.120342 9.565303 -2.898577
37.127014 9.565303 -2.898577
37.133690 9.565303 -2.898577
37.140392 9.565303 -2.898577
37.147118 9.571743 -2.900528
37.153824 9.571743 -2.900528
37.160503 9.571743 -2.900528
37.167171 9.571743 -2.900528
37.173836 9.571743 -2.900528
37.180538 8.340886 -2.527541
37.187160 8.340886 -2.527541
37.193787 8.340886 -2.527541
37.200439 8.340886 -2.527541
37.207092 8.340886 -2.527541
37.213806 8.113183 -2.458540
37.220501 8.113183 -2.458540
37.227104 8.113183 -2.458540
37.233704 8.113183 -2.458540
37.240303 8.113183 -2.458540
37.246967 5.912761 -1.791746
37.253632 5.912761 -1.791746
37.260281 5.912761 -1.791746
37.266930 5.912761 -1.791746
37.273586 5.912761 -1.791746
37.280293 3.596583 -1.089874
37.286880 3.596583 -1.089874
37.293488 3.596583 -1.089874
37.300156 3.596583 -1.089874
37.306805 3.596583 -1.089874
37.313492 2.482532 -0.752282
37.320164 2.482532 -0.752282
37.326759 2.482532 -0.752282
37.333351 2.482532 -0.752282
37.339985 2.482532 -0.752282
37.346653 3.352592 -1.015937
37.353317 3.352592 -1.015937
37.359970 3.352592 -1.015937
37.366623 3.352592 -1.015937
37.373341 3.352592 -1.015937
37.380032 3.352592 -1.015937
37.386696 3.352592 -1.015937
37.393322 3.352592 -1.015937
37.399948 3.352592 -1.015937
37.406643 3.352592 -1.015937
37.413292 3.352592 -1.015937
37.419964 3.352592 -1.015937
37.426640 3.352592 -1.015937
37.433346 3.352592 -1.015937
37.440033 3.352592 -1.015937
37.446644 3.596583 -1.089874
37.453278 3.596583 -1.089874
37.459988 3.596583 -1.089874
37.466652 3.596583 -1.089874
37.473377 3.596583 -1.089874
37.480091 2.482532 -0.752282
37.486759 2.482532 -0.752282
37.493439 2.482532 -0.752282
37.500111 2.482532 -0.752282
37.506767 2.482532 -0.752282
37.513493 2.296193 -0.695816
37.520161 2.296193 -0.695816
37.526775 2.296193 -0.695816
37.533367 2.296193 -0.695816
37.540051 2.296193 -0.695816
37.546730 2.389036 -0.723950
37.553406 2.389036 -0.723950
37.560047 2.389036 -0.723950
37.566658 2.389036 -0.723950
37.573322 2.389036 -0.723950
37.580021 2.389036 -0.723950
37.586735 2.389036 -0.723950
37.593449 2.389036 -0.723950
37.600147 2.389036 -0.723950
37.607071 0.969719 -0.293854
37.613811 0.969719 -0.293854
37.620522 0.969719 -0.293854
37.627232 0.969719 -0.293854
37.633892 0.969719 -0.293854
37.640636 -2.484106 0.752759
37.647362 -2.484106 0.752759
37.654068 -2.484106 0.752759
37.660755 -2.484106 0.752759
37.667458 -2.484106 0.752759
37.674107 -4.890981 1.482116
37.680771 -4.890981 1.482116
37.687481 -4.890981 1.482116
37.694191 -4.890981 1.482116
37.700890 -4.890981 1.482116
37.707569 -6.005544 1.819862
37.714291 -6.005544 1.819862
37.720982 -6.005544 1.819862
37.727688 -6.005544 1.819862
37.734364 -6.005544 1.819862
37.741272 -4.832882 1.464510
37.748013 -4.832882 1.464510
37.754677 -4.832882 1.464510
37.761318 -4.832882 1.464510
37.768009 -4.832882 1.464510
37.774769 -7.029140 2.130043
37.781460 -7.029140 2.130043
37.788113 -7.029140 2.130043
37.794758 -7.029140 2.130043
37.801445 -7.029140 2.130043
37.808163 -8.448426 2.560129
37.814835 -8.448426 2.560129
37.821480 -8.448426 2.560129
37.828182 -8.448426 2.560129
37.834843 -8.448426 2.560129
37.841545 -5.640629 1.709282
37.848270 -5.640629 1.709282
37.854973 -5.640629 1.709282
37.861649 -5.640629 1.709282
37.868340 -5.640629 1.709282
37.875019 -4.636690 1.405058
37.881721 -4.636690 1.405058
37.888428 -4.636690 1.405058
37.895142 -4.636690 1.405058
37.901844 -4.636690 1.405058
37.908562 -3.355286 1.016753
37.915268 -3.355286 1.016753
37.921982 -3.355286 1.016753
37.928642 -3.355286 1.016753
37.935341 -3.355286 1.016753
37.942020 -2.401901 0.727849
37.948689 -2.401901 0.727849
37.955376 -2.401901 0.727849
37.962090 -2.401901 0.727849
37.968891 -2.401901 0.727849
37.975594 -1.395404 0.422850
37.982285 -1.395404 0.422850
37.988922 -1.395404 0.422850
37.995628 -1.395404 0.422850
38.002483 -1.395404 0.422850
38.096512 -4.785714 1.450216
38.103252 -7.157073 2.168810
38.109989 -7.157073 2.168810
38.116676 -7.157073 2.168810
38.123341 -7.157073 2.168810
38.129997 -7.157073 2.168810
38.136776 -4.677053 1.417289
38.143478 -4.677053 1.417289
38.150154 -4.677053 1.417289
38.156826 -4.677053 1.417289
38.163567 -4.677053 1.417289
38.170254 -4.623328 1.401008
38.176987 -4.623328 1.401008
38.183697 -4.623328 1.401008
38.190403 -4.623328 1.401008
38.197121 -4.623328 1.401008
38.203972 -4.623328 1.401008
38.210754 -4.623328 1.401008
38.217461 -4.623328 1.401008
38.224075 -4.623328 1.401008
38.230732 -4.623328 1.401008
38.237522 -3.777297 1.144635
38.244274 -3.777297 1.144635
38.250904 -3.777297 1.144635
38.257576 -3.777297 1.144635
38.264214 -3.777297 1.144635
38.270985 -4.785714 1.450216
38.277641 -4.785714 1.450216
38.284286 -4.785714 1.450216
38.290939 -4.785714 1.450216
38.297596 -4.785714 1.450216
38.304337 -3.777297 1.144635
38.311184 -3.777297 1.144635
38.318077 -3.777297 1.144635
38.324795 -3.777297 1.144635
38.331650 -3.777297 1.144635
38.338547 -4.785714 1.450216
38.345196 -4.785714 1.450216
38.352047 -4.785714 1.450216
38.358917 -4.785714 1.450216
38.365582 -4.785714 1.450216
38.372448 -4.785714 1.450216
38.379353 -4.785714 1.450216
38.386074 -4.785714 1.450216
38.392933 -4.785714 1.450216
38.399822 -6.030943 1.827559
38.406689 -6.030943 1.827559
38.413574 -6.030943 1.827559
38.420471 -6.030943 1.827559
38.427254 -6.030943 1.827559
38.433979 -6.030943 1.827559
38.440838 -7.272058 2.203654
38.447742 -7.272058 2.203654
38.454449 -7.272058 2.203654
38.461269 -7.272058 2.203654
38.468159 -9.565303 2.898577
38.474934 -9.565303 2.898577
38.481594 -9.565303 2.898577
38.488449 -9.565303 2.898577
38.495255 -9.565303 2.898577
38.501980 -9.565303 2.898577
38.508694 -9.565303 2.898577
38.515556 -9.565303 2.898577
38.522388 -9.565303 2.898577
38.529160 -9.565303 2.898577
38.535885 -9.506994 2.880907
38.542728 -9.506994 2.880907
38.549511 -9.506994 2.880907
38.556248 -9.506994 2.880907
38.563065 -9.506994 2.880907
38.569935 -9.506994 2.880907
38.576672 -9.506994 2.880907
38.583366 -9.506994 2.880907
38.590256 -9.506994 2.880907
38.597160 -9.506994 2.880907
38.603848 -9.506994 2.880907
38.610680 -9.506994 2.880907
38.617542 -9.506994 2.880907
38.624252 -9.506994 2.880907
38.631111 -9.490030 2.875767
38.637920 -9.490030 2.875767
38.644669 -9.490030 2.875767
38.651337 -9.490030 2.875767
38.658215 -9.490030 2.875767
38.665043 -11.251044 3.409407
38.671700 -11.251044 3.409407
38.678425 -11.251044 3.409407
38.685059 -11.251044 3.409407
38.691746 -11.251044 3.409407
38.698421 -12.121669 3.673233
38.705093 -12.121669 3.673233
38.711750 -12.121669 3.673233
38.718418 -12.121669 3.673233
38.725056 -12.121669 3.673233
38.731728 -10.796457 3.271654
38.738365 -10.796457 3.271654
38.744995 -10.796457 3.271654
38.751659 -10.796457 3.271654
38.758320 -10.796457 3.271654
43.444912 117.832085 -35.706692
43.451626 114.494003 -34.695152
43.458363 114.494003 -34.695152
43.465046 114.494003 -34.695152
43.471786 114.494003 -34.695152
43.478542 114.494003 -34.695152
43.485214 112.824265 -34.189171
43.492023 112.824265 -34.189171
43.498745 112.824265 -34.189171
43.505394 112.824265 -34.189171
43.512062 112.824265 -34.189171
43.518791 108.224197 -32.795212
43.525463 108.224197 -32.795212
43.532093 108.224197 -32.795212
43.538700 108.224197 -32.795212
43.545303 108.224197 -32.795212
43.551910 106.418060 -32.247898
43.558582 106.418060 -32.247898
43.565254 106.418060 -32.247898
43.571945 106.418060 -32.247898
43.578648 106.418060 -32.247898
43.585320 101.547943 -30.772104
43.591972 101.547943 -30.772104
43.598648 101.547943 -30.772104
43.605289 101.547943 -30.772104
43.611938 101.547943 -30.772104
43.618546 90.655266 -27.471292
43.625225 90.655266 -27.471292
43.631886 90.655266 -27.471292
43.638584 90.655266 -27.471292
43.645290 90.655266 -27.471292
43.651989 82.764503 -25.080153
43.658646 82.764503 -25.080153
43.665310 82.764503 -25.080153
43.671963 82.764503 -25.080153
43.678604 82.764503 -25.080153
43.685188 82.764503 -25.080153
43.691833 75.253456 -22.804077
43.698509 75.253456 -22.804077
43.705162 75.253456 -22.804077
43.711811 75.253456 -22.804077
43.718491 63.879681 -19.357479
43.725136 63.879681 -19.357479
43.731758 63.879681 -19.357479
43.738449 63.879681 -19.357479
43.745140 63.879681 -19.357479
43.751797 56.899456 -17.242260
43.758419 56.899456 -17.242260
43.765041 56.899456 -17.242260
43.771706 56.899456 -17.242260
43.778381 56.899456 -17.242260
43.785076 48.236813 -14.617216
43.791702 48.236813 -14.617216
43.798279 48.236813 -14.617216
43.804970 48.236813 -14.617216
43.811619 48.236813 -14.617216
43.818287 40.744801 -12.346910
43.824936 40.744801 -12.346910
43.831573 40.744801 -12.346910
43.838234 40.744801 -12.346910
43.844868 40.744801 -12.346910
43.851528 40.744801 -12.346910
43.858196 40.744801 -12.346910
43.864822 40.744801 -12.346910
43.871471 40.744801 -12.346910
43.878139 40.744801 -12.346910
43.884804 34.110901 -10.336637
43.891514 34.110901 -10.336637
43.898216 34.110901 -10.336637
43.904816 34.110901 -10.336637
43.911510 28.862335 -8.746162
43.918182 28.862335 -8.746162
43.924843 28.862335 -8.746162
43.931530 28.862335 -8.746162
43.938202 28.862335 -8.746162
43.944859 23.132698 -7.009909
43.951515 23.132698 -7.009909
43.958160 23.132698 -7.009909
43.964794 23.132698 -7.009909
43.971439 23.132698 -7.009909
43.978138 23.132698 -7.009909
43.984848 17.722477 -5.370448
43.991520 17.722477 -5.370448
43.998192 17.722477 -5.370448
44.004829 17.722477 -5.370448
44.011486 11.950899 -3.621485
44.018223 11.950899 -3.621485
44.024918 11.950899 -3.621485
44.031559 11.950899 -3.621485
44.038223 11.950899 -3.621485
44.044907 8.255985 -2.501814
44.051529 8.255985 -2.501814
44.058121 8.255985 -2.501814
44.064728 8.255985 -2.501814
44.071392 8.255985 -2.501814
44.078117 7.301850 -2.212682
44.084774 7.301850 -2.212682
44.091434 7.301850 -2.212682
44.098095 7.301850 -2.212682
44.104706 7.301850 -2.212682
44.111370 2.346680 -0.711115
44.118027 2.346680 -0.711115
44.124691 2.346680 -0.711115
44.131336 2.346680 -0.711115
44.137989 2.346680 -0.711115
44.144650 -2.265761 0.686594
44.151279 -2.265761 0.686594
44.157883 -2.265761 0.686594
44.164536 -2.265761 0.686594
44.171181 -2.265761 0.686594
44.177879 -4.939496 1.496817
44.184544 -4.939496 1.496817
44.191174 -4.939496 1.496817
44.197830 -4.939496 1.496817
44.204517 -4.939496 1.496817
44.211277 -7.176655 2.174744
44.217953 -7.176655 2.174744
44.224602 -7.176655 2.174744
44.231270 -7.176655 2.174744
44.237930 -7.176655 2.174744
44.244663 -7.146345 2.165559
44.251328 -7.146345 2.165559
44.257988 -7.146345 2.165559
44.264610 -7.146345 2.165559
44.271252 -7.146345 2.165559
44.277962 -8.019514 2.430156
44.284611 -8.019514 2.430156
44.291431 -8.019514 2.430156
44.298012 -8.019514 2.430156
44.304642 -8.019514 2.430156
44.311275 -13.231260 4.009473
44.317863 -13.231260 4.009473
44.324444 -13.231260 4.009473
44.331051 -13.231260 4.009473
44.337727 -14.421196 4.370059
44.344398 -14.421196 4.370059
44.351067 -14.421196 4.370059
44.357761 -14.421196 4.370059
44.364433 -14.421196 4.370059
44.371075 -14.421196 4.370059
44.377750 -14.421196 4.370059
44.384430 -14.421196 4.370059
44.391083 -14.421196 4.370059
44.397762 -14.421196 4.370059
44.404469 -14.421196 4.370059
44.411144 -15.658491 4.744998
44.417805 -15.658491 4.744998
44.424450 -15.658491 4.744998
44.431129 -15.658491 4.744998
44.437836 -15.658491 4.744998
44.444515 -18.425621 5.583521
44.451183 -18.425621 5.583521
44.457863 -18.425621 5.583521
44.464531 -18.425621 5.583521
44.471203 -18.425621 5.583521
44.477871 -20.347910 6.166033
44.484547 -20.347910 6.166033
44.491207 -20.347910 6.166033
44.497871 -20.347910 6.166033
44.504578 -23.999599 7.272606
44.511227 -23.999599 7.272606
44.517902 -23.999599 7.272606
44.524548 -23.999599 7.272606
44.531200 -23.999599 7.272606
44.537888 -26.489885 8.027238
44.544506 -26.489885 8.027238
44.551098 -26.489885 8.027238
44.557735 -26.489885 8.027238
44.564369 -26.489885 8.027238
44.571075 -28.609165 8.669444
44.577744 -28.609165 8.669444
44.584400 -28.609165 8.669444
44.591061 -28.609165 8.669444
44.597736 -28.609165 8.669444
44.604511 -29.603716 8.970823
44.611160 -29.603716 8.970823
44.617821 -29.603716 8.970823
44.624485 -29.603716 8.970823
44.631142 -29.603716 8.970823
44.637848 -33.846466 10.256505
44.644550 -33.846466 10.256505
44.651211 -33.846466 10.256505
44.657898 -33.846466 10.256505
44.664589 -33.846466 10.256505
44.671284 -33.657585 10.199268
44.677959 -33.657585 10.199268
44.684608 -33.657585 10.199268
44.691265 -33.657585 10.199268
44.697937 -33.657585 10.199268
44.704628 -37.050282 11.227358
44.711273 -37.050282 11.227358
44.717915 -37.050282 11.227358
44.724525 -37.050282 11.227358
44.731117 -37.050282 11.227358
44.737869 -39.398994 11.939089
44.744541 -39.398994 11.939089
44.751163 -39.398994 11.939089
44.757839 -39.398994 11.939089
44.764500 -39.398994 11.939089
44.771175 -41.922138 12.703678
44.777798 -41.922138 12.703678
44.784405 -41.922138 12.703678
44.791016 -41.922138 12.703678
44.797604 -41.922138 12.703678
44.804302 -46.961372 14.230719
44.810917 -46.961372 14.230719
44.817570 -46.961372 14.230719
44.824215 -46.961372 14.230719
44.830864 -46.961372 14.230719
44.837608 -49.260418 14.927400
44.844269 -49.260418 14.927400
44.850899 -49.260418 14.927400
44.857586 -49.260418 14.927400
44.864239 -49.260418 14.927400
44.870907 -51.766048 15.686682
44.877541 -51.766048 15.686682
44.884155 -51.766048 15.686682
44.890800 -51.766048 15.686682
44.897480 -51.766048 15.686682
44.904171 -55.601280 16.848873
44.910843 -55.601280 16.848873
44.917439 -55.601280 16.848873
44.924076 -55.601280 16.848873
44.930782 -55.601280 16.848873
44.937504 -60.493752 18.331440
44.944153 -60.493752 18.331440
44.950832 -60.493752 18.331440
44.957508 -60.493752 18.331440
44.964108 -60.493752 18.331440
44.970776 -64.278732 19.478403
44.977425 -64.278732 19.478403
44.984123 -64.278732 19.478403
44.990776 -64.278732 19.478403
44.997456 -64.278732 19.478403
45.004185 -65.024826 19.704493
45.010849 -65.024826 19.704493
45.017513 -65.024826 19.704493
45.024162 -65.024826 19.704493
45.030827 -65.024826 19.704493
45.037518 -65.831039 19.948801
45.044163 -65.831039 19.948801
45.050747 -65.831039 19.948801
45.057396 -65.831039 19.948801
45.064098 -65.831039 19.948801
45.070770 -68.032547 20.615923
45.077412 -68.032547 20.615923
45.084049 -68.032547 20.615923
45.090668 -68.032547 20.615923
45.097359 -68.394348 20.725559
45.104053 -68.394348 20.725559
45.110863 -68.394348 20.725559
45.117504 -68.394348 20.725559
45.124157 -68.394348 20.725559
45.130867 -71.292786 21.603874
45.137539 -71.292786 21.603874
45.144207 -71.292786 21.603874
45.150887 -71.292786 21.603874
45.157558 -71.292786 21.603874
45.164234 -71.292786 21.603874
45.170914 -71.718224 21.732796
45.177574 -71.718224 21.732796
45.184227 -71.718224 21.732796
45.190880 -71.718224 21.732796
45.197590 -72.764961 22.049988
45.204235 -72.764961 22.049988
45.210938 -72.764961 22.049988
45.217556 -72.764961 22.049988
45.224232 -72.764961 22.049988
45.230999 -72.764961 22.049988
45.237690 -71.472061 21.658201
45.244347 -71.472061 21.658201
45.250992 -71.472061 21.658201
45.257637 -71.472061 21.658201
45.264317 -71.472061 21.658201
45.270996 -71.472061 21.658201
45.277672 -71.472061 21.658201
45.284363 -71.472061 21.658201
45.291019 -71.472061 21.658201
45.297634 -71.472061 21.658201
45.304363 -73.525459 22.280443
45.311066 -73.525459 22.280443
45.317741 -73.525459 22.280443
45.324444 -73.525459 22.280443
45.331100 -73.525459 22.280443
45.337780 -74.814049 22.670923
45.344414 -74.814049 22.670923
45.351055 -74.814049 22.670923
45.357712 -74.814049 22.670923
45.364433 -73.714340 22.337679
45.371094 -73.714340 22.337679
45.377743 -73.714340 22.337679
45.384411 -73.714340 22.337679
45.391079 -73.714340 22.337679
45.397762 -73.714340 22.337679
45.404427 -75.929268 23.008869
45.411118 -75.929268 23.008869
45.417774 -75.929268 23.008869
45.424431 -75.929268 23.008869
45.431091 -74.746010 22.650307
45.437756 -74.746010 22.650307
45.444408 -74.746010 22.650307
45.451073 -74.746010 22.650307
45.457726 -74.746010 22.650307
45.464394 -76.595253 23.210684
45.471043 -76.595253 23.210684
45.477707 -76.595253 23.210684
45.484394 -76.595253 23.210684
45.491032 -76.595253 23.210684
45.497681 -76.595253 23.210684
45.504383 -74.202286 22.485540
45.511086 -74.202286 22.485540
45.517712 -74.202286 22.485540
45.524384 -74.202286 22.485540
45.531063 -76.000420 23.030430
45.537704 -76.000420 23.030430
45.544319 -76.000420 23.030430
45.550903 -76.000420 23.030430
45.557568 -76.000420 23.030430
45.564289 -74.202286 22.485540
45.570946 -74.202286 22.485540
45.577614 -74.202286 22.485540
45.584240 -74.202286 22.485540
45.590874 -74.202286 22.485540
45.597584 -75.553688 22.895058
45.604252 -75.553688 22.895058
45.610939 -75.553688 22.895058
45.617596 -75.553688 22.895058
45.624256 -75.553688 22.895058
45.630943 -75.553688 22.895058
45.637665 -75.553688 22.895058
45.644314 -75.553688 22.895058
45.650997 -75.553688 22.895058
45.657654 -75.553688 22.895058
45.664364 -75.553688 22.895058
45.671024 -75.553688 22.895058
45.677723 -75.553688 22.895058
45.684406 -75.553688 22.895058
45.691055 -75.553688 22.895058
45.697742 -75.929268 23.008869
45.704395 -75.929268 23.008869
45.711082 -75.929268 23.008869
45.717747 -75.929268 23.008869
45.724434 -75.929268 23.008869
45.731110 -76.796265 23.271595
45.737751 -76.796265 23.271595
45.744419 -76.796265 23.271595
45.751060 -76.796265 23.271595
45.757687 -76.796265 23.271595
45.764305 -76.796265 23.271595
45.770908 -76.796265 23.271595
45.777554 -76.796265 23.271595
45.784214 -76.796265 23.271595
45.790833 -76.796265 23.271595
45.797424 -76.796265 23.271595
45.804150 -76.796265 23.271595
45.810787 -76.796265 23.271595
45.817471 -76.796265 23.271595
45.824249 -76.796265 23.271595
45.830948 -76.606079 23.213964
45.837643 -76.606079 23.213964
45.844311 -76.606079 23.213964
45.850952 -76.606079 23.213964
45.857616 -76.606079 23.213964
51.364292 -246.216873 74.611176
51.371338 -246.027145 74.553680
51.378418 -246.027145 74.553680
51.385406 -246.027145 74.553680
51.392456 -246.027145 74.553680
51.399498 -246.027145 74.553680
51.406555 -246.515228 74.701584
51.413628 -246.515228 74.701584
51.420647 -246.515228 74.701584
51.427658 -246.515228 74.701584
51.434776 -247.715286 75.065239
51.441479 -247.715286 75.065239
51.448162 -247.715286 75.065239
51.454815 -247.715286 75.065239
51.461460 -247.715286 75.065239
51.468159 -247.715286 75.065239
51.474838 -246.471786 74.688423
51.481441 -246.471786 74.688423
51.488094 -246.471786 74.688423
51.494778 -246.471786 74.688423
51.501495 -246.188171 74.602478
51.508171 -246.188171 74.602478
51.514832 -246.188171 74.602478
51.521477 -246.188171 74.602478
51.528149 -246.188171 74.602478
51.534817 -241.320175 73.127327
51.541439 -241.320175 73.127327
51.548073 -241.320175 73.127327
51.554718 -241.320175 73.127327
51.561382 -241.320175 73.127327
51.568089 -237.197723 71.878098
51.574764 -237.197723 71.878098
51.581409 -237.197723 71.878098
51.588032 -237.197723 71.878098
51.594669 -237.197723 71.878098
51.601353 -233.484009 70.752731
51.607960 -233.484009 70.752731
51.614594 -233.484009 70.752731
51.621243 -233.484009 70.752731
51.627926 -233.484009 70.752731
51.634670 -231.884308 70.267975
51.641331 -231.884308 70.267975
51.648003 -231.884308 70.267975
51.654648 -231.884308 70.267975
51.661282 -231.884308 70.267975
51.667984 -229.120865 69.430565
51.674633 -229.120865 69.430565
51.681274 -229.120865 69.430565
51.687958 -229.120865 69.430565
51.694592 -229.120865 69.430565
51.701275 -228.605667 69.274445
51.707901 -228.605667 69.274445
51.714500 -228.605667 69.274445
51.721085 -228.605667 69.274445
51.727795 -228.605667 69.274445
51.734478 -228.178467 69.144989
51.741184 -228.178467 69.144989
51.747768 -228.178467 69.144989
51.754429 -228.178467 69.144989
51.761086 -228.178467 69.144989
51.767746 -227.225510 68.856216
51.774387 -227.225510 68.856216
51.781040 -227.225510 68.856216
51.787643 -227.225510 68.856216
51.794247 -227.225510 68.856216
51.800880 -225.540894 68.345726
51.807529 -225.540894 68.345726
51.814129 -225.540894 68.345726
51.820736 -225.540894 68.345726
51.827400 -225.540894 68.345726
51.834053 -225.540894 68.345726
51.840710 -225.540894 68.345726
51.847404 -225.540894 68.345726
51.854065 -225.540894 68.345726
51.860718 -225.540894 68.345726
51.867382 -225.957092 68.471848
51.874031 -225.957092 68.471848
51.880692 -225.957092 68.471848
51.887283 -225.957092 68.471848
51.893929 -225.957092 68.471848
51.900661 -223.666870 67.777840
51.907314 -223.666870 67.777840
51.913975 -223.666870 67.777840
51.920616 -223.666870 67.777840
51.927292 -223.666870 67.777840
51.933956 -220.143219 66.710068
51.940628 -220.143219 66.710068
51.947300 -220.143219 66.710068
51.953938 -220.143219 66.710068
51.960629 -220.143219 66.710068
51.967350 -220.449753 66.802956
51.974030 -220.449753 66.802956
51.980629 -220.449753 66.802956
51.987293 -220.449753 66.802956
51.993919 -220.449753 66.802956
52.000576 -218.958588 66.351089
52.007175 -218.958588 66.351089
52.013844 -218.958588 66.351089
52.020508 -218.958588 66.351089
52.027184 -218.958588 66.351089
52.033863 -218.958588 66.351089
52.040512 -218.958588 66.351089
52.047100 -218.958588 66.351089
52.053734 -218.958588 66.351089
52.060398 -218.958588 66.351089
52.067089 -215.742233 65.376434
52.073711 -215.742233 65.376434
52.080387 -215.742233 65.376434
52.087059 -215.742233 65.376434
52.093731 -215.742233 65.376434
52.100464 -215.742233 65.376434
52.107086 -215.742233 65.376434
52.113686 -215.742233 65.376434
52.120327 -215.742233 65.376434
52.126995 -215.742233 65.376434
52.133713 -215.310349 65.245560
52.140369 -215.310349 65.245560
52.147045 -215.310349 65.245560
52.153706 -215.310349 65.245560
52.160362 -215.310349 65.245560
52.167034 -215.310349 65.245560
52.173653 -215.310349 65.245560
52.180305 -215.310349 65.245560
52.186943 -215.310349 65.245560
52.193661 -215.310349 65.245560
52.200390 -213.759293 64.775543
52.207024 -213.759293 64.775543
52.213699 -213.759293 64.775543
52.220387 -213.759293 64.775543
52.226982 -213.759293 64.775543
52.233631 -212.839645 64.496864
52.240322 -212.839645 64.496864
52.246967 -212.839645 64.496864
52.253605 -212.839645 64.496864
52.260300 -212.839645 64.496864
52.266956 -212.839645 64.496864
52.273613 -212.839645 64.496864
52.280281 -212.839645 64.496864
52.286884 -212.839645 64.496864
52.293720 -210.403549 63.758652
52.300320 -210.403549 63.758652
52.306908 -210.403549 63.758652
52.313484 -210.403549 63.758652
52.320091 -210.403549 63.758652
52.326694 -210.403549 63.758652
52.333340 -210.403549 63.758652
52.340084 -210.403549 63.758652
52.346752 -210.403549 63.758652
52.353367 -210.403549 63.758652
52.360043 -210.403549 63.758652
52.366741 -210.403549 63.758652
52.373409 -210.403549 63.758652
52.380005 -210.403549 63.758652
52.386684 -210.403549 63.758652
52.393433 -210.061783 63.655087
52.400112 -210.061783 63.655087
52.406715 -210.061783 63.655087
52.413361 -210.061783 63.655087
52.420025 -210.061783 63.655087
52.426735 -207.222000 62.794548
52.433407 -207.222000 62.794548
52.440105 -207.222000 62.794548
52.446800 -207.222000 62.794548
52.453484 -207.222000 62.794548
52.460182 -207.504120 62.880039
52.466900 -207.504120 62.880039
52.473648 -207.504120 62.880039
52.480354 -207.504120 62.880039
52.487015 -207.504120 62.880039
52.493729 -207.186829 62.783890
52.500408 -207.186829 62.783890
52.507065 -207.186829 62.783890
52.513718 -207.186829 62.783890
52.520370 -207.186829 62.783890
52.527061 -207.416458 62.853474
52.533680 -207.416458 62.853474
52.540306 -207.416458 62.853474
52.546883 -207.416458 62.853474
52.553520 -207.416458 62.853474
52.560219 -204.713242 62.034317
52.566925 -204.713242 62.034317
52.573597 -204.713242 62.034317
52.580273 -204.713242 62.034317
52.586937 -204.713242 62.034317
52.593609 -204.713242 62.034317
52.600281 -204.713242 62.034317
52.606949 -204.713242 62.034317
52.613609 -204.713242 62.034317
52.620342 -204.713242 62.034317
52.627022 -204.713242 62.034317
52.633648 -204.713242 62.034317
52.640347 -204.713242 62.034317
52.647003 -204.713242 62.034317
52.653687 -204.713242 62.034317
52.660381 -204.713242 62.034317
52.666981 -204.713242 62.034317
52.673561 -204.713242 62.034317
52.680229 -204.713242 62.034317
52.686901 -204.713242 62.034317
52.693581 -204.713242 62.034317
52.700211 -204.713242 62.034317
52.706882 -204.713242 62.034317
52.713551 -204.713242 62.034317
52.720230 -204.713242 62.034317
52.726891 -202.385437 61.328922
52.733498 -202.385437 61.328922
52.740112 -202.385437 61.328922
52.746765 -202.385437 61.328922
52.753445 -202.123672 61.249599
52.760113 -202.123672 61.249599
52.766750 -202.123672 61.249599
52.773403 -202.123672 61.249599
52.780045 -202.123672 61.249599
52.786674 -202.123672 61.249599
52.793304 -202.123672 61.249599
52.799896 -202.123672 61.249599
52.806526 -202.123672 61.249599
52.813198 -202.123672 61.249599
52.819881 -201.558090 61.078209
52.826542 -201.558090 61.078209
52.833187 -201.558090 61.078209
52.839886 -201.558090 61.078209
52.846588 -201.558090 61.078209
52.853310 -202.123672 61.249599
52.859985 -202.123672 61.249599
52.866661 -202.123672 61.249599
52.873276 -202.123672 61.249599
52.879902 -202.123672 61.249599
52.886639 -202.123672 61.249599
52.893318 -200.768631 60.838978
52.899971 -200.768631 60.838978
52.906689 -200.768631 60.838978
52.913364 -200.768631 60.838978
52.920097 -199.924713 60.583248
52.926746 -199.924713 60.583248
52.933384 -199.924713 60.583248
52.939999 -199.924713 60.583248
52.946697 -199.924713 60.583248
52.953377 -198.744492 60.225605
52.960052 -198.744492 60.225605
52.966633 -198.744492 60.225605
52.973221 -198.744492 60.225605
52.979809 -198.744492 60.225605
52.986485 -198.744492 60.225605
52.993099 -198.744492 60.225605
52.999767 -198.744492 60.225605
53.006413 -198.744492 60.225605
53.013081 -198.744492 60.225605
53.019806 -198.744492 60.225605
53.026489 -198.744492 60.225605
53.033154 -198.744492 60.225605
53.039825 -198.744492 60.225605
53.046440 -198.744492 60.225605
53.053116 -199.303253 60.394928
53.059807 -199.303253 60.394928
53.066452 -199.303253 60.394928
53.073093 -199.303253 60.394928
53.079758 -199.303253 60.394928
53.086445 -199.742691 60.528088
53.093124 -199.742691 60.528088
53.099773 -199.742691 60.528088
53.106449 -199.742691 60.528088
53.113125 -199.742691 60.528088
53.119884 -198.789093 60.239120
53.126560 -198.789093 60.239120
53.133224 -198.789093 60.239120
53.139919 -198.789093 60.239120
53.146614 -198.789093 60.239120
53.153313 -198.866180 60.262478
53.159988 -198.866180 60.262478
53.166683 -198.866180 60.262478
53.173389 -198.866180 60.262478
53.180115 -198.866180 60.262478
53.186813 -196.881729 59.661133
53.193474 -196.881729 59.661133
53.200092 -196.881729 59.661133
53.206730 -196.881729 59.661133
53.213425 -196.881729 59.661133
53.220112 -196.463699 59.534454
53.226730 -196.463699 59.534454
53.233368 -196.463699 59.534454
53.239975 -196.463699 59.534454
53.246601 -196.463699 59.534454
53.253223 -196.463699 59.534454
53.259892 -196.463699 59.534454
53.266563 -196.463699 59.534454
53.273228 -196.463699 59.534454
53.279892 -196.463699 59.534454
53.286572 -196.463699 59.534454
53.293228 -196.463699 59.534454
53.299820 -196.463699 59.534454
53.306465 -196.463699 59.534454
53.313133 -196.463699 59.534454
53.319881 -195.139694 59.133244
53.326546 -195.139694 59.133244
53.333199 -195.139694 59.133244
53.339825 -195.139694 59.133244
53.346485 -195.139694 59.133244
53.353153 -194.508911 58.942097
53.359802 -194.508911 58.942097
53.366383 -194.508911 58.942097
53.373016 -194.508911 58.942097
53.379700 -194.508911 58.942097
53.386349 -194.596405 58.968609
53.393021 -194.596405 58.968609
53.399689 -194.596405 58.968609
53.406353 -194.596405 58.968609
53.413071 -194.596405 58.968609
53.419746 -193.380325 58.600101
53.426407 -193.380325 58.600101
53.433056 -193.380325 58.600101
53.439716 -193.380325 58.600101
53.446465 -193.380325 58.600101
53.453175 -192.793472 58.422264
53.459885 -192.793472 58.422264
53.466557 -192.793472 58.422264
53.473270 -192.793472 58.422264
53.480007 -192.793472 58.422264
53.486668 -193.380325 58.600101
53.493336 -193.380325 58.600101
53.499977 -193.380325 58.600101
53.506630 -193.380325 58.600101
53.513287 -193.478668 58.629898
53.519981 -193.478668 58.629898
53.526619 -193.478668 58.629898
53.533245 -193.478668 58.629898
53.539886 -193.478668 58.629898
53.546482 -193.478668 58.629898
53.553108 -193.478668 58.629898
53.559746 -193.478668 58.629898
53.566444 -193.478668 58.629898
53.573120 -193.478668 58.629898
53.579834 -193.478668 58.629898
53.586536 -192.522156 58.340046
53.593258 -192.522156 58.340046
53.599922 -192.522156 58.340046
53.606579 -192.522156 58.340046
53.613277 -192.522156 58.340046
53.619953 -190.783600 57.813213
53.626625 -190.783600 57.813213
53.633293 -190.783600 57.813213
53.639927 -190.783600 57.813213
53.646660 -190.783600 57.813213
53.653324 -190.226151 57.644291
53.659946 -190.226151 57.644291
53.666595 -190.226151 57.644291
53.673267 -190.226151 57.644291
53.679989 -190.226151 57.644291
53.686653 -188.882965 57.237263
53.693256 -188.882965 57.237263
53.699894 -188.882965 57.237263
53.706570 -188.882965 57.237263
53.713253 -186.832504 56.615913
53.719967 -186.832504 56.615913
53.726643 -186.832504 56.615913
53.733318 -186.832504 56.615913
53.739975 -186.832504 56.615913
53.746677 -187.819977 56.915146
53.753288 -187.819977 56.915146
53.759922 -187.819977 56.915146
53.766537 -187.819977 56.915146
53.773197 -187.819977 56.915146
53.779865 -186.776947 56.599075
53.786522 -186.776947 56.599075
53.793171 -186.776947 56.599075
53.799767 -186.776947 56.599075
53.806431 -186.776947 56.599075
53.813152 -185.799881 56.302994
53.819832 -185.799881 56.302994
53.826488 -185.799881 56.302994
53.833153 -185.799881 56.302994
53.839813 -185.799881 56.302994
53.846531 -185.470718 56.203251
53.853184 -185.470718 56.203251
53.859821 -185.470718 56.203251
53.866478 -185.470718 56.203251
53.873135 -185.470718 56.203251
53.879822 -185.470718 56.203251
53.886501 -183.567413 55.626492
53.893188 -183.567413 55.626492
53.899883 -183.567413 55.626492
53.906548 -183.567413 55.626492
53.913235 -182.505997 55.304848
53.919907 -182.505997 55.304848
53.926571 -182.505997 55.304848
53.933231 -182.505997 55.304848
53.939926 -182.505997 55.304848
53.946682 -182.505997 55.304848
53.953354 -182.505997 55.304848
53.959961 -182.505997 55.304848
53.966557 -182.505997 55.304848
53.973198 -182.505997 55.304848
53.979946 -181.211212 54.912487
53.986568 -181.211212 54.912487
53.993179 -181.211212 54.912487
53.999783 -181.211212 54.912487
54.006458 -181.211212 54.912487
54.013222 -180.516937 54.702103
54.020107 -180.516937 54.702103
54.026966 -180.516937 54.702103
54.033661 -180.516937 54.702103
54.040520 -180.516937 54.702103
54.047176 -180.231628 54.615646
54.054031 -180.231628 54.615646
54.060905 -180.231628 54.615646
54.067608 -180.231628 54.615646
54.074471 -180.231628 54.615646
54.081360 -178.962082 54.230934
54.088005 -178.962082 54.230934
54.094898 -178.962082 54.230934
54.101780 -178.962082 54.230934
54.108524 -178.962082 54.230934
54.115231 -177.840393 53.891029
54.121929 -177.840393 53.891029
54.128658 -177.840393 53.891029
54.135334 -177.840393 53.891029
54.142063 -177.189835 53.693890
54.148743 -177.189835 53.693890
54.155388 -177.189835 53.693890
54.162056 -177.189835 53.693890
54.168732 -177.189835 53.693890
54.175415 -174.952225 53.015827
54.182056 -174.952225 53.015827
54.188725 -174.952225 53.015827
54.195374 -174.952225 53.015827
54.202007 -174.952225 53.015827
54.208679 -174.952225 53.015827
54.215355 -174.952225 53.015827
54.222000 -174.952225 53.015827
54.228676 -174.952225 53.015827
54.235336 -174.952225 53.015827
54.242016 -173.896973 52.696053
54.248703 -173.896973 52.696053
54.255390 -173.896973 52.696053
54.262035 -173.896973 52.696053
54.268608 -173.896973 52.696053
54.275253 -173.896973 52.696053
54.281956 -173.896973 52.696053
54.288586 -173.896973 52.696053
54.295185 -173.896973 52.696053
54.301773 -173.896973 52.696053
54.308422 -173.064804 52.443882
54.315063 -173.064804 52.443882
54.321690 -173.064804 52.443882
54.328354 -173.064804 52.443882
54.335052 -173.064804 52.443882
54.341728 -172.603256 52.304020
54.348442 -172.603256 52.304020
54.355061 -172.603256 52.304020
54.361660 -172.603256 52.304020
54.368336 -172.603256 52.304020
54.375046 -172.168854 52.172379
54.381695 -172.168854 52.172379
54.388348 -172.168854 52.172379
54.395016 -172.168854 52.172379
54.401646 -172.168854 52.172379
54.408264 -172.168854 52.172379
54.414932 -172.603256 52.304020
54.421551 -172.603256 52.304020
54.428146 -172.603256 52.304020
54.434734 -172.603256 52.304020
54.441452 -171.153473 51.864689
54.448124 -171.153473 51.864689
54.454788 -171.153473 51.864689
54.461475 -171.153473 51.864689
54.468140 -171.153473 51.864689
54.474823 -171.153473 51.864689
54.481472 -171.153473 51.864689
54.488136 -171.153473 51.864689
54.494785 -171.153473 51.864689
54.501450 -171.153473 51.864689
54.508106 -171.153473 51.864689
54.514782 -171.153473 51.864689
54.521450 -171.153473 51.864689
54.528137 -171.153473 51.864689
54.534740 -171.153473 51.864689
54.541447 -170.260941 51.594227
54.548046 -170.260941 51.594227
54.554653 -170.260941 51.594227
54.561268 -170.260941 51.594227
54.567966 -169.478729 51.357193
54.574623 -169.478729 51.357193
54.581264 -169.478729 51.357193
54.587921 -169.478729 51.357193
54.594608 -169.478729 51.357193
54.601330 -169.598923 51.393616
54.608028 -169.598923 51.393616
54.614693 -169.598923 51.393616
54.621288 -169.598923 51.393616
54.627884 -169.598923 51.393616
54.634602 -167.785599 50.844120
54.641262 -167.785599 50.844120
54.647884 -167.785599 50.844120
54.654560 -167.785599 50.844120
54.661194 -167.785599 50.844120
54.667870 -168.012939 50.913013
54.674503 -168.012939 50.913013
54.681099 -168.012939 50.913013
54.687771 -168.012939 50.913013
54.694435 -168.012939 50.913013
54.701141 -166.381927 50.418766
54.707794 -166.381927 50.418766
54.714451 -166.381927 50.418766
54.721096 -166.381927 50.418766
54.727753 -166.381927 50.418766
54.734425 -165.337143 50.102165
54.741108 -165.337143 50.102165
54.747768 -165.337143 50.102165
54.754387 -165.337143 50.102165
54.761028 -165.337143 50.102165
54.767666 -165.337143 50.102165
54.774269 -165.337143 50.102165
54.780899 -165.337143 50.102165
54.787624 -165.337143 50.102165
54.794258 -165.337143 50.102165
54.800907 -165.265533 50.080467
54.807587 -165.265533 50.080467
54.814236 -165.265533 50.080467
54.820854 -165.265533 50.080467
54.827507 -165.265533 50.080467
54.834164 -165.265533 50.080467
54.840839 -164.026276 49.704933
54.847485 -164.026276 49.704933
54.854126 -164.026276 49.704933
54.860744 -164.026276 49.704933
54.867439 -164.026276 49.704933
54.874119 -164.026276 49.704933
54.880795 -164.026276 49.704933
54.887436 -164.026276 49.704933
54.894096 -164.026276 49.704933
54.900787 -161.588196 48.966122
54.907394 -161.588196 48.966122
54.914043 -161.588196 48.966122
54.920689 -161.588196 48.966122
54.927288 -161.588196 48.966122
54.933987 -161.588196 48.966122
54.940701 -161.588196 48.966122
54.947334 -161.588196 48.966122
54.953987 -161.588196 48.966122
54.960651 -161.588196 48.966122
54.967400 -160.906677 48.759602
54.974087 -160.906677 48.759602
54.980743 -160.906677 48.759602
54.987408 -160.906677 48.759602
54.994072 -160.906677 48.759602
55.000736 -160.906677 48.759602
55.007412 -160.906677 48.759602
55.014080 -160.906677 48.759602
55.020737 -160.906677 48.759602
55.027393 -160.906677 48.759602
55.034081 -160.307861 48.578140
55.040730 -160.307861 48.578140
55.047321 -160.307861 48.578140
55.053974 -160.307861 48.578140
55.060631 -160.307861 48.578140
55.067375 -158.619400 48.066486
55.074024 -158.619400 48.066486
55.080639 -158.619400 48.066486
55.087334 -158.619400 48.066486
55.093994 -158.619400 48.066486
55.100689 -158.213715 47.943550
55.107315 -158.213715 47.943550
55.114048 -158.213715 47.943550
55.120693 -158.213715 47.943550
55.127270 -158.213715 47.943550
55.133984 -157.537766 47.738716
55.140690 -157.537766 47.738716
55.147400 -157.537766 47.738716
55.154068 -157.537766 47.738716
55.160721 -157.537766 47.738716
55.167385 -157.537766 47.738716
55.174007 -157.537766 47.738716
55.180634 -157.537766 47.738716
55.187294 -157.537766 47.738716
55.193958 -157.537766 47.738716
55.200653 -158.227325 47.947674
55.207317 -158.227325 47.947674
55.213921 -158.227325 47.947674
55.220596 -158.227325 47.947674
55.227261 -158.227325 47.947674
55.234005 -158.536148 48.041256
55.240677 -158.536148 48.041256
55.247334 -158.536148 48.041256
55.253967 -158.536148 48.041256
55.260628 -158.536148 48.041256
55.267303 -158.536148 48.041256
55.273941 -158.536148 48.041256
55.280594 -158.536148 48.041256
55.287178 -158.536148 48.041256
55.293777 -158.536148 48.041256
55.300411 -158.536148 48.041256
55.307148 -158.536148 48.041256
55.313786 -158.536148 48.041256
55.320488 -158.536148 48.041256
55.327206 -158.536148 48.041256
55.333935 -157.956573 47.865627
55.340595 -157.956573 47.865627
55.347256 -157.956573 47.865627
55.353916 -157.956573 47.865627
55.360584 -155.805893 47.213909
55.367260 -155.805893 47.213909
55.373913 -155.805893 47.213909
55.380558 -155.805893 47.213909
55.387218 -155.805893 47.213909
55.393875 -155.805893 47.213909
55.400574 -153.453110 46.500942
55.407265 -153.453110 46.500942
55.413960 -153.453110 46.500942
55.420658 -153.453110 46.500942
55.427387 -153.453110 46.500942
55.434071 -153.320633 46.460796
55.440735 -153.320633 46.460796
55.447353 -153.320633 46.460796
55.453972 -153.320633 46.460796
55.460636 -153.320633 46.460796
55.467384 -153.453110 46.500942
55.474056 -153.453110 46.500942
55.480747 -153.453110 46.500942
55.487385 -153.453110 46.500942
55.494057 -153.453110 46.500942
55.500786 -152.923889 46.340572
55.507454 -152.923889 46.340572
55.514072 -152.923889 46.340572
55.520679 -152.923889 46.340572
55.527363 -152.923889 46.340572
55.534061 -151.584000 45.934547
55.540710 -151.584000 45.934547
55.547295 -151.584000 45.934547
55.553959 -151.584000 45.934547
55.560699 -153.608917 46.548157
55.567387 -153.608917 46.548157
55.574055 -153.608917 46.548157
55.580730 -153.608917 46.548157
55.587391 -153.608917 46.548157
55.594109 -153.608917 46.548157
55.600777 -153.608917 46.548157
55.607380 -153.608917 46.548157
55.614002 -153.608917 46.548157
55.620632 -153.608917 46.548157
55.627338 -150.781189 45.691269
55.634029 -150.781189 45.691269
55.640678 -150.781189 45.691269
55.647327 -150.781189 45.691269
55.654011 -150.781189 45.691269
55.660721 -150.781189 45.691269
55.667423 -149.548691 45.317787
55.674103 -149.548691 45.317787
55.680756 -149.548691 45.317787
55.687412 -149.548691 45.317787
55.694080 -146.407883 44.366024
55.700741 -146.407883 44.366024
55.707405 -146.407883 44.366024
55.714020 -146.407883 44.366024
55.720703 -146.407883 44.366024
55.727436 -146.407883 44.366024
55.734146 -145.298874 44.029964
55.740799 -145.298874 44.029964
55.747456 -145.298874 44.029964
55.754135 -145.298874 44.029964
55.760883 -143.010071 43.336388
55.767555 -143.010071 43.336388
55.774216 -143.010071 43.336388
55.780922 -143.010071 43.336388
55.787586 -143.010071 43.336388
55.794220 -141.199219 42.787643
55.800823 -141.199219 42.787643
55.807507 -141.199219 42.787643
55.814167 -141.199219 42.787643
55.820919 -141.199219 42.787643
55.827602 -139.675629 42.325947
55.834274 -139.675629 42.325947
55.840893 -139.675629 42.325947
55.847553 -139.675629 42.325947
55.854198 -139.675629 42.325947
55.860928 -138.127274 41.856750
55.867607 -138.127274 41.856750
55.874313 -138.127274 41.856750
55.881001 -138.127274 41.856750
55.887672 -138.127274 41.856750
55.894386 -136.212433 41.276497
55.901062 -136.212433 41.276497
55.907726 -136.212433 41.276497
55.914406 -136.212433 41.276497
55.921139 -136.212433 41.276497
55.927822 -133.662323 40.503735
55.934479 -133.662323 40.503735
55.941124 -133.662323 40.503735
55.947792 -133.662323 40.503735
55.954475 -133.662323 40.503735
55.961208 -132.923798 40.279938
55.967884 -132.923798 40.279938
55.974541 -132.923798 40.279938
55.981209 -132.923798 40.279938
55.987926 -132.923798 40.279938
55.994617 -129.256744 39.168713
56.001266 -129.256744 39.168713
56.007931 -129.256744 39.168713
56.014591 -129.256744 39.168713
56.021267 -129.571426 39.264069
56.027946 -129.571426 39.264069
56.034611 -129.571426 39.264069
56.041199 -129.571426 39.264069
56.047783 -129.571426 39.264069
56.054424 -129.571426 39.264069
56.061138 -125.890915 38.148762
56.067814 -125.890915 38.148762
56.074436 -125.890915 38.148762
56.081047 -125.890915 38.148762
56.087746 -126.486855 38.329350
56.094425 -126.486855 38.329350
56.101055 -126.486855 38.329350
56.107727 -126.486855 38.329350
56.114388 -126.486855 38.329350
56.121086 -124.333572 37.676842
56.127769 -124.333572 37.676842
56.134426 -124.333572 37.676842
56.141083 -124.333572 37.676842
56.147758 -124.333572 37.676842
56.154469 -123.166611 37.323215
56.161133 -123.166611 37.323215
56.167713 -123.166611 37.323215
56.174347 -123.166611 37.323215
56.180984 -123.166611 37.323215
56.187710 -121.189545 36.724106
56.194405 -121.189545 36.724106
56.201054 -121.189545 36.724106
56.207706 -121.189545 36.724106
56.214367 -121.189545 36.724106
56.221100 -119.055191 36.077332
56.227776 -119.055191 36.077332
56.234440 -119.055191 36.077332
56.241131 -119.055191 36.077332
56.247803 -119.055191 36.077332
56.254417 -119.055191 36.077332
56.261086 -117.968796 35.748119
56.267761 -117.968796 35.748119
56.274399 -117.968796 35.748119
56.281048 -117.968796 35.748119
56.287727 -116.368935 35.263313
56.294529 -116.368935 35.263313
56.301113 -116.368935 35.263313
56.307682 -116.368935 35.263313
56.314274 -116.368935 35.263313
56.320866 -114.494003 34.695152
56.327469 -114.494003 34.695152
56.334084 -114.494003 34.695152
56.340744 -114.494003 34.695152
56.347424 -114.494003 34.695152
56.354164 -113.858192 34.502483
56.360859 -113.858192 34.502483
56.367489 -113.858192 34.502483
56.374126 -113.858192 34.502483
56.380764 -113.858192 34.502483
56.387486 -113.086906 34.268761
56.394157 -113.086906 34.268761
56.400799 -113.086906 34.268761
56.407501 -113.086906 34.268761
56.414162 -113.086906 34.268761
56.420849 -111.177223 33.690067
56.427517 -111.177223 33.690067
56.434208 -111.177223 33.690067
56.440880 -111.177223 33.690067
56.447540 -111.177223 33.690067
56.454285 -109.969337 33.324043
56.460960 -109.969337 33.324043
56.467651 -109.969337 33.324043
56.474266 -109.969337 33.324043
56.480911 -109.969337 33.324043
56.487492 -109.969337 33.324043
56.494102 -108.852112 32.985489
56.500767 -108.852112 32.985489
56.507431 -108.852112 32.985489
56.514084 -108.852112 32.985489
56.520782 -106.691307 32.330700
56.527447 -106.691307 32.330700
56.534119 -106.691307 32.330700
56.540771 -106.691307 32.330700
56.547367 -106.691307 32.330700
56.553982 -106.691307 32.330700
56.560719 -106.691307 32.330700
56.567390 -106.691307 32.330700
56.574005 -106.691307 32.330700
56.580696 -106.691307 32.330700
56.587383 -105.871216 32.082188
56.594070 -105.871216 32.082188
56.600727 -105.871216 32.082188
56.607388 -105.871216 32.082188
56.614082 -105.871216 32.082188
56.620770 -105.185905 31.874517
56.627441 -105.185905 31.874517
56.634106 -105.185905 31.874517
56.640774 -105.185905 31.874517
56.647511 -105.185905 31.874517
56.654228 -105.185905 31.874517
56.660946 -105.185905 31.874517
56.667652 -105.185905 31.874517
56.674339 -105.185905 31.874517
56.680984 -105.185905 31.874517
56.687717 -103.774429 31.446798
56.694374 -103.774429 31.446798
56.701031 -103.774429 31.446798
56.707695 -103.774429 31.446798
56.714439 -103.774429 31.446798
56.721107 -103.774429 31.446798
56.727695 -103.774429 31.446798
56.734413 -103.774429 31.446798
56.741093 -103.774429 31.446798
56.747814 -103.774429 31.446798
56.754475 -103.789780 31.451448
56.761162 -103.789780 31.451448
56.767815 -103.789780 31.451448
56.774464 -103.789780 31.451448
56.781155 -103.789780 31.451448
56.787766 -103.789780 31.451448
56.794380 -103.789780 31.451448
56.800999 -103.789780 31.451448
56.807690 -103.789780 31.451448
56.814312 -103.789780 31.451448
56.820957 -103.510422 31.366795
56.827625 -103.510422 31.366795
56.834293 -103.510422 31.366795
56.840946 -103.510422 31.366795
56.847626 -101.309303 30.699789
56.854271 -101.309303 30.699789
56.860912 -101.309303 30.699789
56.867558 -101.309303 30.699789
56.874226 -101.309303 30.699789
56.880920 -101.309303 30.699789
56.887672 -101.309303 30.699789
56.894352 -101.309303 30.699789
56.901047 -101.309303 30.699789
56.907719 -101.309303 30.699789
56.914452 -101.309303 30.699789
56.921181 -101.309303 30.699789
56.927841 -101.309303 30.699789
56.934494 -101.309303 30.699789
56.941162 -101.309303 30.699789
56.947884 -99.366035 30.110920
56.954510 -99.366035 30.110920
56.961136 -99.366035 30.110920
56.967728 -99.366035 30.110920
56.974392 -99.366035 30.110920
56.981079 -100.174767 30.355989
56.987759 -100.174767 30.355989
56.994427 -100.174767 30.355989
57.001099 -100.174767 30.355989
57.007767 -100.174767 30.355989
57.014500 -99.085121 30.025795
57.021152 -99.085121 30.025795
57.027794 -99.085121 30.025795
57.034420 -99.085121 30.025795
57.041027 -99.085121 30.025795
57.047646 -97.292183 29.482481
57.054317 -97.292183 29.482481
57.060970 -97.292183 29.482481
57.067623 -97.292183 29.482481
57.074268 -97.292183 29.482481
57.080948 -97.766701 29.626274
57.087597 -97.766701 29.626274
57.094215 -97.766701 29.626274
57.100861 -97.766701 29.626274
57.107460 -97.766701 29.626274
57.114155 -96.650482 29.288025
57.120815 -96.650482 29.288025
57.127502 -96.650482 29.288025
57.134171 -96.650482 29.288025
57.140820 -96.650482 29.288025
57.147495 -95.435013 28.919701
57.154152 -95.435013 28.919701
57.160782 -95.435013 28.919701
57.167477 -95.435013 28.919701
57.174129 -95.435013 28.919701
57.180794 -95.435013 28.919701
57.187454 -95.435013 28.919701
57.194065 -95.435013 28.919701
57.200661 -95.435013 28.919701
57.207237 -95.435013 28.919701
57.213879 -95.006332 28.789799
57.220535 -95.006332 28.789799
57.227188 -95.006332 28.789799
57.233852 -95.006332 28.789799
57.240498 -95.006332 28.789799
57.247231 -95.006332 28.789799
57.253914 -95.006332 28.789799
57.260632 -95.006332 28.789799
57.267307 -95.006332 28.789799
57.273979 -95.006332 28.789799
57.280659 -94.318222 28.581280
57.287254 -94.318222 28.581280
57.293842 -94.318222 28.581280
57.300430 -94.318222 28.581280
57.307098 -94.318222 28.581280
57.313797 -94.318222 28.581280
57.320530 -95.230423 28.857704
57.327114 -95.230423 28.857704
57.333782 -95.230423 28.857704
57.340477 -95.230423 28.857704
57.347157 -94.420975 28.612417
57.353779 -94.420975 28.612417
57.360462 -94.420975 28.612417
57.367088 -94.420975 28.612417
57.373779 -94.420975 28.612417
57.380444 -92.645401 28.074364
57.387123 -92.645401 28.074364
57.393826 -92.645401 28.074364
57.400517 -92.645401 28.074364
57.407234 -89.453430 27.107101
57.413898 -89.453430 27.107101
57.420536 -89.453430 27.107101
57.427147 -89.453430 27.107101
57.433804 -89.453430 27.107101
57.440540 -89.453430 27.107101
57.447227 -86.577568 26.235626
57.453903 -86.577568 26.235626
57.460552 -86.577568 26.235626
57.467216 -86.577568 26.235626
57.473900 -86.577568 26.235626
57.480621 -85.951790 26.045998
57.487286 -85.951790 26.045998
57.493954 -85.951790 26.045998
57.500622 -85.951790 26.045998
57.507313 -84.442093 25.588512
57.513943 -84.442093 25.588512
57.520584 -84.442093 25.588512
57.527164 -84.442093 25.588512
57.533783 -84.442093 25.588512
57.540478 -84.596405 25.635275
57.547112 -84.596405 25.635275
57.553761 -84.596405 25.635275
57.560459 -84.596405 25.635275
57.567158 -84.596405 25.635275
57.573849 -82.431244 24.979164
57.580513 -82.431244 24.979164
57.587181 -82.431244 24.979164
57.593815 -82.431244 24.979164
57.600456 -82.431244 24.979164
57.607174 -81.228287 24.614632
57.613888 -81.228287 24.614632
57.620537 -81.228287 24.614632
57.627213 -81.228287 24.614632
57.633869 -81.228287 24.614632
57.640560 -79.341263 24.042807
57.647263 -79.341263 24.042807
57.653934 -79.341263 24.042807
57.660679 -79.341263 24.042807
57.667347 -79.341263 24.042807
57.674095 -75.870674 22.991114
57.680771 -75.870674 22.991114
57.687431 -75.870674 22.991114
57.694103 -75.870674 22.991114
57.700771 -75.870674 22.991114
57.707493 -75.870674 22.991114
57.714108 -75.870674 22.991114
57.720715 -75.870674 22.991114
57.727325 -75.870674 22.991114
57.733974 -75.870674 22.991114
57.740719 -73.724136 22.340649
57.747360 -73.724136 22.340649
57.753994 -73.724136 22.340649
57.760654 -73.724136 22.340649
57.767338 -73.724136 22.340649
57.773979 -70.910446 21.488014
57.780571 -70.910446 21.488014
57.787228 -70.910446 21.488014
57.793854 -70.910446 21.488014
57.800457 -70.910446 21.488014
57.807117 -70.910446 21.488014
57.813892 -69.391800 21.027819
57.820557 -69.391800 21.027819
57.827160 -69.391800 21.027819
57.833771 -69.391800 21.027819
57.840443 -66.149323 20.045250
57.847122 -66.149323 20.045250
57.853794 -66.149323 20.045250
57.860519 -66.149323 20.045250
57.867191 -66.149323 20.045250
57.873886 -62.992638 19.088678
57.880524 -62.992638 19.088678
57.887192 -62.992638 19.088678
57.893833 -62.992638 19.088678
57.900509 -62.992638 19.088678
57.907188 -61.351231 18.591282
57.913841 -61.351231 18.591282
57.920498 -61.351231 18.591282
57.927155 -61.351231 18.591282
57.933861 -61.351231 18.591282
57.940552 -59.368408 17.990427
57.947266 -59.368408 17.990427
57.953922 -59.368408 17.990427
57.960583 -59.368408 17.990427
57.967293 -59.368408 17.990427
57.974037 -58.557411 17.744671
57.980656 -58.557411 17.744671
57.987320 -58.557411 17.744671
57.994003 -58.557411 17.744671
58.000774 -58.557411 17.744671
58.007454 -53.276318 16.144339
58.014118 -53.276318 16.144339
58.020832 -53.276318 16.144339
58.027515 -53.276318 16.144339
58.034191 -53.276318 16.144339
58.040848 -53.276318 16.144339
58.047482 -53.276318 16.144339
58.054111 -53.276318 16.144339
58.060791 -53.276318 16.144339
58.067478 -53.276318 16.144339
58.074150 -50.109768 15.184778
58.080807 -50.109768 15.184778
58.087528 -50.109768 15.184778
58.094173 -50.109768 15.184778
58.100876 -48.644066 14.740626
58.107552 -48.644066 14.740626
58.114250 -48.644066 14.740626
58.120853 -48.644066 14.740626
58.127522 -48.644066 14.740626
58.134262 -45.041420 13.648915
58.140934 -45.041420 13.648915
58.147591 -45.041420 13.648915
58.154274 -45.041420 13.648915
58.160915 -45.041420 13.648915
58.167595 -43.419891 13.157543
58.174347 -43.419891 13.157543
58.181026 -43.419891 13.157543
58.187695 -43.419891 13.157543
58.194389 -43.419891 13.157543
58.201065 -43.419891 13.157543
58.207726 -42.553406 12.894972
58.214382 -42.553406 12.894972
58.221024 -42.553406 12.894972
58.227676 -42.553406 12.894972
58.234364 -40.225384 12.189510
58.241013 -40.225384 12.189510
58.247597 -40.225384 12.189510
58.254246 -40.225384 12.189510
58.260887 -40.225384 12.189510
58.267593 -41.369705 12.536274
58.274319 -41.369705 12.536274
58.281002 -41.369705 12.536274
58.287659 -41.369705 12.536274
58.294273 -41.369705 12.536274
58.300892 -38.065052 11.534864
58.307579 -38.065052 11.534864
58.314285 -38.065052 11.534864
58.320980 -38.065052 11.534864
58.327690 -38.065052 11.534864
58.334404 -38.022270 11.521900
58.341053 -38.022270 11.521900
58.347633 -38.022270 11.521900
58.354286 -38.022270 11.521900
58.360928 -38.022270 11.521900
58.367619 -35.724579 10.825630
58.374252 -35.724579 10.825630
58.380936 -35.724579 10.825630
58.387608 -35.724579 10.825630
58.394329 -35.724579 10.825630
58.401024 -34.086067 10.329111
58.407696 -34.086067 10.329111
58.414341 -34.086067 10.329111
58.421001 -34.086067 10.329111
58.427658 -34.086067 10.329111
58.434326 -34.086067 10.329111
58.440983 -34.086067 10.329111
58.447647 -34.086067 10.329111
58.454300 -34.086067 10.329111
58.460960 -34.086067 10.329111
58.467617 -31.933414 9.676792
58.474304 -31.933414 9.676792
58.480949 -31.933414 9.676792
58.487583 -31.933414 9.676792
58.494255 -31.933414 9.676792
58.500973 -29.354918 8.895430
58.507641 -29.354918 8.895430
58.514305 -29.354918 8.895430
58.520943 -29.354918 8.895430
58.527603 -29.354918 8.895430
58.534328 -28.862335 8.746162
58.540997 -28.862335 8.746162
58.547588 -28.862335 8.746162
58.554249 -28.862335 8.746162
58.560913 -28.862335 8.746162
58.567535 -28.862335 8.746162
58.574226 -28.862335 8.746162
58.580872 -28.862335 8.746162
58.587521 -28.862335 8.746162
58.594173 -28.862335 8.746162
58.600864 -26.983564 8.176838
58.607548 -26.983564 8.176838
58.614204 -26.983564 8.176838
58.620838 -26.983564 8.176838
58.627522 -26.983564 8.176838
58.634197 -26.983564 8.176838
58.640877 -26.983564 8.176838
58.647526 -26.983564 8.176838
58.654182 -26.983564 8.176838
58.660912 -26.983564 8.176838
58.667610 -25.159847 7.624197
58.674297 -25.159847 7.624197
58.680943 -25.159847 7.624197
58.687592 -25.159847 7.624197
58.694256 -24.532164 7.433989
58.700924 -24.532164 7.433989
58.707592 -24.532164 7.433989
58.714272 -24.532164 7.433989
58.720917 -24.532164 7.433989
58.727592 -24.532164 7.433989
58.734276 -24.851265 7.530686
58.740940 -24.851265 7.530686
58.747597 -24.851265 7.530686
58.754292 -24.851265 7.530686
58.761021 -24.851265 7.530686
58.767738 -24.851265 7.530686
58.774445 -24.851265 7.530686
58.781113 -24.851265 7.530686
58.787781 -24.851265 7.530686
58.794395 -25.652830 7.773585
58.800999 -25.652830 7.773585
58.807667 -25.652830 7.773585
58.814316 -25.652830 7.773585
58.820969 -25.652830 7.773585
58.827679 -25.652830 7.773585
58.834396 -25.652830 7.773585
58.841072 -25.652830 7.773585
58.847698 -25.652830 7.773585
58.854305 -25.652830 7.773585
58.860916 -25.652830 7.773585
58.867584 -25.652830 7.773585
58.874275 -25.652830 7.773585
58.880947 -25.652830 7.773585
58.887611 -25.652830 7.773585
58.894398 -25.652830 7.773585
58.901138 -28.167419 8.535582
58.907841 -28.167419 8.535582
58.914524 -28.167419 8.535582
58.921192 -28.167419 8.535582
58.927868 -29.737328 9.011312
58.934521 -29.737328 9.011312
58.941177 -29.737328 9.011312
58.947815 -29.737328 9.011312
58.954456 -29.737328 9.011312
58.961143 -29.075720 8.810824
58.967770 -29.075720 8.810824
58.974403 -29.075720 8.810824
58.981094 -29.075720 8.810824
58.987747 -29.075720 8.810824
58.994457 -28.862335 8.746162
59.001110 -28.862335 8.746162
59.007763 -28.862335 8.746162
59.014420 -28.862335 8.746162
59.021065 -28.862335 8.746162
59.027779 -29.354918 8.895430
59.034405 -29.354918 8.895430
59.040993 -29.354918 8.895430
59.047577 -29.354918 8.895430
59.054226 -29.354918 8.895430
59.060902 -30.412638 9.215951
59.067566 -30.412638 9.215951
59.074223 -30.412638 9.215951
59.080891 -30.412638 9.215951
59.087566 -30.412638 9.215951
59.094284 -31.459293 9.533119
59.100948 -31.459293 9.533119
59.107613 -31.459293 9.533119
59.114273 -31.459293 9.533119
59.120945 -31.459293 9.533119
59.127628 -34.086067 10.329111
59.134258 -34.086067 10.329111
59.140896 -34.086067 10.329111
59.147537 -34.086067 10.329111
59.154205 -34.086067 10.329111
59.160896 -34.086067 10.329111
59.167606 -34.086067 10.329111
59.174274 -34.086067 10.329111
59.180950 -34.086067 10.329111
59.187618 -34.086067 10.329111
59.194283 -34.086067 10.329111
59.200932 -34.086067 10.329111
59.207596 -34.086067 10.329111
59.214310 -34.086067 10.329111
59.221046 -34.086067 10.329111
59.227757 -35.724579 10.825630
59.234482 -35.724579 10.825630
59.241131 -35.724579 10.825630
59.247795 -35.724579 10.825630
59.254494 -35.724579 10.825630
59.261215 -35.724579 10.825630
59.267883 -35.724579 10.825630
59.274525 -35.724579 10.825630
59.281162 -35.724579 10.825630
59.287762 -35.724579 10.825630
59.294384 -36.251503 10.985304
59.300999 -36.251503 10.985304
59.307655 -36.251503 10.985304
59.314312 -36.251503 10.985304
59.321007 -38.434078 11.646690
59.327648 -38.434078 11.646690
59.334297 -38.434078 11.646690
59.340904 -38.434078 11.646690
59.347580 -38.434078 11.646690
59.354290 -36.969810 11.202973
59.360985 -36.969810 11.202973
59.367622 -36.969810 11.202973
59.374310 -36.969810 11.202973
59.380966 -36.969810 11.202973
59.387646 -39.574783 11.992359
59.394318 -39.574783 11.992359
59.400970 -39.574783 11.992359
59.407616 -39.574783 11.992359
59.414299 -39.574783 11.992359
59.421024 -41.084988 12.449997
59.427753 -41.084988 12.449997
59.434422 -41.084988 12.449997
59.441074 -41.084988 12.449997
59.447731 -41.084988 12.449997
59.454418 -41.084988 12.449997
59.461079 -41.084988 12.449997
59.467781 -41.084988 12.449997
59.474438 -41.084988 12.449997
59.481098 -41.084988 12.449997
59.487789 -41.084988 12.449997
59.494484 -40.682209 12.327942
59.501144 -40.682209 12.327942
59.507809 -40.682209 12.327942
59.514469 -40.682209 12.327942
59.521175 -41.084988 12.449997
59.527843 -41.084988 12.449997
59.534462 -41.084988 12.449997
59.541100 -41.084988 12.449997
59.547672 -41.084988 12.449997
59.554348 -41.084988 12.449997
59.561031 -43.419891 13.157543
59.567734 -43.419891 13.157543
59.574398 -43.419891 13.157543
59.581039 -43.419891 13.157543
59.587730 -41.598438 12.605587
59.594353 -41.598438 12.605587
59.600979 -41.598438 12.605587
59.607563 -41.598438 12.605587
59.614262 -41.598438 12.605587
59.620949 -42.689095 12.936090
59.627598 -42.689095 12.936090
59.634205 -42.689095 12.936090
59.640839 -42.689095 12.936090
59.647511 -42.689095 12.936090
59.654194 -41.084988 12.449997
59.660843 -41.084988 12.449997
59.667553 -41.084988 12.449997
59.674210 -41.084988 12.449997
59.680901 -41.084988 12.449997
59.687622 -38.537945 11.678165
59.694290 -38.537945 11.678165
59.700954 -38.537945 11.678165
59.707623 -38.537945 11.678165
59.714256 -38.537945 11.678165
59.720970 -38.580639 11.691103
59.727623 -38.580639 11.691103
59.734287 -38.580639 11.691103
59.740932 -38.580639 11.691103
59.747604 -38.580639 11.691103
59.754330 -37.879635 11.478678
59.760979 -37.879635 11.478678
59.767574 -37.879635 11.478678
59.774227 -37.879635 11.478678
59.780907 -37.879635 11.478678
59.787533 -37.879635 11.478678
59.794304 -38.745064 11.740929
59.800957 -38.745064 11.740929
59.807632 -38.745064 11.740929
59.814297 -38.745064 11.740929
59.820953 -37.333427 11.313160
59.827560 -37.333427 11.313160
59.834213 -37.333427 11.313160
59.840858 -37.333427 11.313160
59.847515 -37.333427 11.313160
59.854198 -37.333427 11.313160
59.860893 -37.333427 11.313160
59.867477 -37.333427 11.313160
59.874073 -37.333427 11.313160
59.880661 -37.333427 11.313160
59.887344 -38.611908 11.700579
59.894016 -38.611908 11.700579
59.900700 -38.611908 11.700579
59.907295 -38.611908 11.700579
59.913944 -38.611908 11.700579
59.920616 -38.055069 11.531839
59.927277 -38.055069 11.531839
59.933945 -38.055069 11.531839
59.940598 -38.055069 11.531839
59.947311 -38.055069 11.531839
59.954098 -38.055069 11.531839
59.960773 -38.055069 11.531839
59.967445 -38.055069 11.531839
59.974102 -38.055069 11.531839
59.980759 -38.055069 11.531839
59.987446 -38.055069 11.531839
59.994080 -38.055069 11.531839
60.000721 -38.055069 11.531839
60.007317 -38.055069 11.531839
60.013988 -38.416531 11.641373
60.020653 -38.416531 11.641373
60.027313 -38.416531 11.641373
60.033939 -38.416531 11.641373
60.040581 -38.416531 11.641373
60.047203 -38.416531 11.641373
60.053867 -38.787964 11.753929
60.060528 -38.787964 11.753929
60.067162 -38.787964 11.753929
60.073849 -38.787964 11.753929
60.080513 -38.055069 11.531839
60.087173 -38.055069 11.531839
60.093864 -38.055069 11.531839
60.100517 -38.055069 11.531839
60.107170 -38.055069 11.531839
60.113918 -38.055069 11.531839
60.120583 -38.055069 11.531839
60.127247 -38.055069 11.531839
60.133915 -38.055069 11.531839
60.140572 -38.055069 11.531839
60.147255 -38.055069 11.531839
60.153904 -41.084988 12.449997
60.160549 -41.084988 12.449997
60.167229 -41.084988 12.449997
60.173912 -41.084988 12.449997
60.180641 -41.084988 12.449997
60.187336 -40.847065 12.377898
60.193993 -40.847065 12.377898
60.200649 -40.847065 12.377898
60.207291 -40.847065 12.377898
60.213932 -40.847065 12.377898
60.220581 -40.847065 12.377898
60.227211 -40.847065 12.377898
60.233868 -40.847065 12.377898
60.240520 -40.847065 12.377898
60.247173 -43.419891 13.157543
60.253841 -43.419891 13.157543
60.260506 -43.419891 13.157543
60.267197 -43.419891 13.157543
60.273888 -43.419891 13.157543
60.280575 -42.521442 12.885285
60.287197 -42.521442 12.885285
60.293999 -42.521442 12.885285
60.300594 -42.521442 12.885285
60.307190 -42.521442 12.885285
60.313847 -41.084988 12.449997
60.320435 -41.084988 12.449997
60.327007 -41.084988 12.449997
60.333694 -41.084988 12.449997
60.340363 -41.084988 12.449997
60.347042 -41.636372 12.617083
60.353729 -41.636372 12.617083
60.360409 -41.636372 12.617083
60.367077 -41.636372 12.617083
60.373745 -41.636372 12.617083
60.380451 -42.689095 12.936090
60.387035 -42.689095 12.936090
60.393661 -42.689095 12.936090
60.400314 -42.689095 12.936090
60.406982 -42.689095 12.936090
60.413700 -43.419891 13.157543
60.420368 -43.419891 13.157543
60.426991 -43.419891 13.157543
60.433643 -43.419891 13.157543
60.440300 -43.419891 13.157543
60.447006 -43.419891 13.157543
60.453659 -43.419891 13.157543
60.460331 -43.419891 13.157543
60.466991 -43.419891 13.157543
60.473671 -43.419891 13.157543
60.480400 -42.865181 12.989449
60.487072 -42.865181 12.989449
60.493713 -42.865181 12.989449
60.500374 -42.865181 12.989449
60.507034 -42.865181 12.989449
60.513756 -41.908554 12.699562
60.520351 -41.908554 12.699562
60.527153 -41.908554 12.699562
60.533863 -41.908554 12.699562
60.540520 -41.908554 12.699562
60.547150 -41.084988 12.449997
60.553795 -41.084988 12.449997
60.560535 -41.084988 12.449997
60.567219 -41.084988 12.449997
60.573925 -41.084988 12.449997
60.580643 -38.611908 11.700579
60.587318 -38.611908 11.700579
60.593945 -38.611908 11.700579
60.600624 -38.611908 11.700579
60.607330 -38.611908 11.700579
60.614063 -40.184238 12.177042
60.620743 -40.184238 12.177042
60.627407 -40.184238 12.177042
60.634056 -40.184238 12.177042
60.640697 -40.184238 12.177042
60.647346 -42.027294 12.735544
60.653973 -42.027294 12.735544
60.660641 -42.027294 12.735544
60.667309 -42.027294 12.735544
60.674023 -42.027294 12.735544
60.680748 -41.897980 12.696358
60.687420 -41.897980 12.696358
60.694099 -41.897980 12.696358
60.700817 -41.897980 12.696358
60.707489 -41.897980 12.696358
60.714161 -41.897980 12.696358
60.720821 -41.897980 12.696358
60.727493 -41.897980 12.696358
60.734158 -41.897980 12.696358
60.740898 -41.897980 12.696358
60.747566 -40.173374 12.173750
60.754189 -40.173374 12.173750
60.760826 -40.173374 12.173750
60.767479 -40.173374 12.173750
60.774223 -40.173374 12.173750
60.780914 -38.540043 11.678801
60.787579 -38.540043 11.678801
60.794197 -38.540043 11.678801
60.800785 -38.540043 11.678801
60.807495 -38.053265 11.531292
60.814121 -38.053265 11.531292
60.820805 -38.053265 11.531292
60.827469 -38.053265 11.531292
60.834114 -38.053265 11.531292
60.840820 -38.627007 11.705153
60.847492 -38.627007 11.705153
60.854156 -38.627007 11.705153
60.860798 -38.627007 11.705153
60.867455 -38.627007 11.705153
60.874142 -40.156242 12.168558
60.880844 -40.156242 12.168558
60.887512 -40.156242 12.168558
60.894115 -40.156242 12.168558
60.900764 -40.156242 12.168558
60.907455 -41.981201 12.721576
60.914146 -41.981201 12.721576
60.920856 -41.981201 12.721576
60.927509 -41.981201 12.721576
60.934223 -41.981201 12.721576
60.940945 -42.650726 12.924462
60.947613 -42.650726 12.924462
60.954224 -42.650726 12.924462
60.960815 -42.650726 12.924462
60.967487 -42.650726 12.924462
60.974201 -44.082233 13.358253
60.980850 -44.082233 13.358253
60.987450 -44.082233 13.358253
60.994061 -44.082233 13.358253
61.000706 -44.082233 13.358253
61.007404 -43.419891 13.157543
61.014091 -43.419891 13.157543
61.020744 -43.419891 13.157543
61.027416 -43.419891 13.157543
61.034084 -43.419891 13.157543
61.040791 -43.419891 13.157543
61.047382 -43.419891 13.157543
61.053989 -43.419891 13.157543
61.060593 -43.419891 13.157543
61.067249 -43.419891 13.157543
61.073906 -38.759308 11.745245
61.080547 -38.759308 11.745245
61.087212 -38.759308 11.745245
61.093891 -38.759308 11.745245
61.100540 -38.759308 11.745245
61.107258 -37.797523 11.453795
61.113926 -37.797523 11.453795
61.120594 -37.797523 11.453795
61.127254 -37.797523 11.453795
61.133907 -37.797523 11.453795
61.140629 -36.932865 11.191777
61.147278 -36.932865 11.191777
61.153931 -36.932865 11.191777
61.160580 -36.932865 11.191777
61.167240 -36.932865 11.191777
61.173969 -37.101238 11.242800
61.180660 -37.101238 11.242800
61.187317 -37.101238 11.242800
61.193981 -37.101238 11.242800
61.200668 -37.101238 11.242800
61.207363 -33.579185 10.175510
61.214001 -33.579185 10.175510
61.220634 -33.579185 10.175510
61.227287 -33.579185 10.175510
61.233994 -33.579185 10.175510
61.240658 -30.570837 9.263890
61.247314 -30.570837 9.263890
61.253983 -30.570837 9.263890
61.260643 -30.570837 9.263890
61.267311 -30.570837 9.263890
61.274055 -31.225662 9.462322
61.280724 -31.225662 9.462322
61.287361 -31.225662 9.462322
61.293980 -31.225662 9.462322
61.300571 -29.767168 9.020354
61.307236 -29.767168 9.020354
61.313896 -29.767168 9.020354
61.320545 -29.767168 9.020354
61.327194 -29.767168 9.020354
61.333881 -32.245441 9.771346
61.340542 -32.245441 9.771346
61.347221 -32.245441 9.771346
61.353905 -32.245441 9.771346
61.360561 -32.245441 9.771346
61.367165 -32.245441 9.771346
61.373848 -32.245441 9.771346
61.380516 -32.245441 9.771346
61.387192 -32.245441 9.771346
61.393894 -32.245441 9.771346
61.400581 -32.245441 9.771346
61.407326 -32.648788 9.893572
61.413990 -32.648788 9.893572
61.420593 -32.648788 9.893572
61.427277 -32.648788 9.893572
61.433941 -31.831158 9.645805
61.440594 -31.831158 9.645805
61.447239 -31.831158 9.645805
61.453888 -31.831158 9.645805
61.460560 -31.831158 9.645805
61.467308 -31.653912 9.592094
61.474010 -31.653912 9.592094
61.480759 -31.653912 9.592094
61.487453 -31.653912 9.592094
61.494102 -31.653912 9.592094
61.500793 -29.701010 9.000306
61.507465 -29.701010 9.000306
61.514137 -29.701010 9.000306
61.520786 -29.701010 9.000306
61.527451 -29.701010 9.000306
61.534142 -26.211384 7.942844
61.540806 -26.211384 7.942844
61.547382 -26.211384 7.942844
61.554016 -26.211384 7.942844
61.560677 -26.211384 7.942844
61.567352 -24.756128 7.501857
61.574017 -24.756128 7.501857
61.580666 -24.756128 7.501857
61.587334 -24.756128 7.501857
61.593990 -24.756128 7.501857
61.600651 -22.724432 6.886192
61.607315 -22.724432 6.886192
61.613918 -22.724432 6.886192
61.620586 -22.724432 6.886192
61.627277 -22.724432 6.886192
61.633942 -18.817842 5.702376
61.640587 -18.817842 5.702376
61.647243 -18.817842 5.702376
61.653934 -18.817842 5.702376
61.660580 -18.817842 5.702376
61.667316 -17.093180 5.179751
61.674046 -17.093180 5.179751
61.680786 -17.093180 5.179751
61.687374 -17.093180 5.179751
61.694027 -17.093180 5.179751
61.700745 -17.703636 5.364738
61.707336 -17.703636 5.364738
61.713985 -17.703636 5.364738
61.720596 -17.703636 5.364738
61.727242 -17.703636 5.364738
61.733959 -16.441177 4.982175
61.740623 -16.441177 4.982175
61.747292 -16.441177 4.982175
61.753948 -16.441177 4.982175
61.760609 -16.441177 4.982175
61.767319 -14.732678 4.464448
61.773949 -14.732678 4.464448
61.780605 -14.732678 4.464448
61.787270 -14.732678 4.464448
61.793865 -14.732678 4.464448
61.800552 -15.381841 4.661164
61.807167 -15.381841 4.661164
61.813873 -15.381841 4.661164
61.820583 -15.381841 4.661164
61.827259 -15.381841 4.661164
61.833954 -15.381841 4.661164
61.840637 -15.381841 4.661164
61.847309 -15.381841 4.661164
61.853954 -15.381841 4.661164
61.860611 -15.381841 4.661164
61.867290 -14.716516 4.459550
61.873955 -14.716516 4.459550
61.880638 -14.716516 4.459550
61.887329 -14.716516 4.459550
61.893970 -14.716516 4.459550
61.900681 -13.291359 4.027685
61.907322 -13.291359 4.027685
61.913994 -13.291359 4.027685
61.920700 -13.291359 4.027685
61.927368 -13.291359 4.027685
61.934082 -12.350032 3.742434
61.940727 -12.350032 3.742434
61.947399 -12.350032 3.742434
61.954014 -12.350032 3.742434
61.960648 -12.350032 3.742434
61.967319 -13.306596 4.032302
61.973991 -13.306596 4.032302
61.980698 -13.306596 4.032302
61.987370 -13.306596 4.032302
61.994064 -13.306596 4.032302
62.000763 -12.017756 3.641744
62.007427 -12.017756 3.641744
62.014114 -12.017756 3.641744
62.020760 -12.017756 3.641744
62.027409 -12.017756 3.641744
62.034100 -12.017756 3.641744
62.040733 -12.017756 3.641744
62.047314 -12.017756 3.641744
62.053959 -12.017756 3.641744
62.060642 -12.017756 3.641744
62.067326 -12.846084 3.892753
62.074032 -12.846084 3.892753
62.080715 -12.846084 3.892753
62.087383 -12.846084 3.892753
62.094055 -12.846084 3.892753
62.100792 -16.313583 4.943510
62.107475 -16.313583 4.943510
62.114140 -16.313583 4.943510
62.120808 -16.313583 4.943510
62.127464 -16.313583 4.943510
62.134136 -16.724697 5.068090
62.140785 -16.724697 5.068090
62.147434 -16.724697 5.068090
62.154087 -16.724697 5.068090
62.160793 -16.724697 5.068090
62.167492 -18.826241 5.704921
62.174152 -18.826241 5.704921
62.180790 -18.826241 5.704921
62.187439 -18.826241 5.704921
62.194115 -17.808893 5.396634
62.200779 -17.808893 5.396634
62.207401 -17.808893 5.396634
62.214058 -17.808893 5.396634
62.220715 -17.808893 5.396634
62.227367 -17.808893 5.396634
62.234055 -21.199671 6.424143
62.240723 -21.199671 6.424143
62.247379 -21.199671 6.424143
62.253986 -21.199671 6.424143
62.260674 -21.199671 6.424143
62.267387 -21.199671 6.424143
62.274052 -21.199671 6.424143
62.280781 -21.199671 6.424143
62.287437 -21.199671 6.424143
62.294052 -21.199671 6.424143
62.300690 -21.199671 6.424143
62.307362 -21.199671 6.424143
62.314060 -21.199671 6.424143
62.320747 -21.199671 6.424143
62.327442 -18.829029 5.705766
62.334106 -18.829029 5.705766
62.340786 -18.829029 5.705766
62.347443 -18.829029 5.705766
62.354103 -18.829029 5.705766
62.360794 -17.714235 5.367950
62.367466 -17.714235 5.367950
62.374142 -17.714235 5.367950
62.380795 -17.714235 5.367950
62.387455 -17.714235 5.367950
62.394146 -15.985481 4.844085
62.400818 -15.985481 4.844085
62.407429 -15.985481 4.844085
62.414120 -15.985481 4.844085
62.420761 -15.985481 4.844085
62.427437 -16.315863 4.944201
62.434055 -16.315863 4.944201
62.440659 -16.315863 4.944201
62.447285 -16.315863 4.944201
62.453884 -16.315863 4.944201
62.460587 -18.775797 5.689636
62.467220 -18.775797 5.689636
62.473873 -18.775797 5.689636
62.480553 -18.775797 5.689636
62.487209 -18.775797 5.689636
62.493938 -17.121744 5.188407
62.503193 -17.121744 5.188407
62.511787 -17.121744 5.188407
62.518425 -17.121744 5.188407
62.525021 -17.121744 5.188407
62.531590 -17.121744 5.188407
62.538208 -17.121744 5.188407
62.544788 -17.121744 5.188407
62.551376 -17.121744 5.188407
62.557964 -17.121744 5.188407
62.564663 -16.583231 5.025222
62.571373 -16.583231 5.025222
62.578053 -16.583231 5.025222
62.584717 -16.583231 5.025222
62.591381 -16.583231 5.025222
62.598045 -16.583231 5.025222
62.604679 -16.583231 5.025222
62.611328 -16.583231 5.025222
62.617992 -16.583231 5.025222
62.624664 -11.950899 3.621485
62.631325 -11.950899 3.621485
62.637989 -11.950899 3.621485
62.644661 -11.950899 3.621485
62.651344 -11.950899 3.621485
62.658028 -10.544905 3.195426
62.664700 -10.544905 3.195426
62.671371 -10.544905 3.195426
62.678036 -10.544905 3.195426
62.684700 -10.544905 3.195426
62.691357 -8.847879 2.681176
62.698025 -8.847879 2.681176
62.704636 -8.847879 2.681176
62.711277 -8.847879 2.681176
62.717949 -8.847879 2.681176
62.724598 -8.847879 2.681176
62.731236 -8.847879 2.681176
62.737900 -8.847879 2.681176
62.744591 -8.847879 2.681176
62.751335 -8.847879 2.681176
62.758011 -7.561899 2.291485
62.764668 -7.561899 2.291485
62.771339 -7.561899 2.291485
62.778000 -7.561899 2.291485
62.784641 -7.561899 2.291485
62.791363 -5.534458 1.677108
62.798046 -5.534458 1.677108
62.804714 -5.534458 1.677108
62.811363 -5.534458 1.677108
62.818043 -5.534458 1.677108
62.824715 -4.785714 1.450216
62.831379 -4.785714 1.450216
62.838051 -4.785714 1.450216
62.844677 -4.785714 1.450216
62.851315 -4.785714 1.450216
62.857994 -4.491594 1.361089
62.864677 -4.491594 1.361089
62.871342 -4.491594 1.361089
62.877991 -4.491594 1.361089
62.884666 -4.491594 1.361089
62.891323 -5.160142 1.563679
62.897976 -5.160142 1.563679
62.904579 -5.160142 1.563679
62.911251 -5.160142 1.563679
62.917946 -5.160142 1.563679
62.924595 -4.785714 1.450216
62.931210 -4.785714 1.450216
62.937786 -4.785714 1.450216
62.944412 -4.785714 1.450216
62.951111 -4.785714 1.450216
62.957798 -2.756968 0.835445
62.964443 -2.756968 0.835445
62.971100 -2.756968 0.835445
62.977711 -2.756968 0.835445
62.984406 -2.756968 0.835445
62.991089 -2.756968 0.835445
62.997746 -2.756968 0.835445
63.004402 -2.756968 0.835445
63.011082 -2.756968 0.835445
63.017750 2.073793 -0.628422
63.024452 2.073793 -0.628422
63.031124 2.073793 -0.628422
63.037788 2.073793 -0.628422
63.044445 2.073793 -0.628422
63.051121 1.764863 -0.534807
63.057796 1.764863 -0.534807
63.064457 1.764863 -0.534807
63.071121 1.764863 -0.534807
63.077782 1.764863 -0.534807
63.084488 4.450219 -1.348551
63.091141 4.450219 -1.348551
63.097801 4.450219 -1.348551
63.104462 4.450219 -1.348551
63.111103 4.450219 -1.348551
63.117821 4.785714 -1.450216
63.124485 4.785714 -1.450216
63.131130 4.785714 -1.450216
63.137791 4.785714 -1.450216
63.144463 4.785714 -1.450216
63.151157 4.785714 -1.450216
63.157825 9.370978 -2.839690
63.164494 9.370978 -2.839690
63.171146 9.370978 -2.839690
63.177811 9.370978 -2.839690
63.184509 8.602674 -2.606871
63.191170 8.602674 -2.606871
63.197834 8.602674 -2.606871
63.204514 8.602674 -2.606871
63.211212 8.602674 -2.606871
63.217907 12.213428 -3.701039
63.224583 12.213428 -3.701039
63.231277 12.213428 -3.701039
63.237942 12.213428 -3.701039
63.244602 12.213428 -3.701039
63.251274 11.475542 -3.477437
63.257957 11.475542 -3.477437
63.264610 11.475542 -3.477437
63.271248 11.475542 -3.477437
63.277828 11.475542 -3.477437
63.284550 11.646323 -3.529189
63.291206 11.646323 -3.529189
63.297817 11.646323 -3.529189
63.304478 11.646323 -3.529189
63.311157 11.646323 -3.529189
63.317867 13.088669 -3.966263
63.324554 13.088669 -3.966263
63.331203 13.088669 -3.966263
63.337898 13.088669 -3.966263
63.344566 13.088669 -3.966263
63.351254 15.036875 -4.556629
63.357933 15.036875 -4.556629
63.364590 15.036875 -4.556629
63.371254 15.036875 -4.556629
63.377926 15.036875 -4.556629
63.384647 15.866067 -4.807899
63.391335 15.866067 -4.807899
63.398037 15.866067 -4.807899
63.404709 15.866067 -4.807899
63.411388 15.866067 -4.807899
63.418083 18.017862 -5.459958
63.424728 18.017862 -5.459958
63.431400 18.017862 -5.459958
63.438057 18.017862 -5.459958
63.444660 18.017862 -5.459958
63.451305 19.779902 -5.993910
63.457973 19.779902 -5.993910
63.464657 19.779902 -5.993910
63.471294 19.779902 -5.993910
63.477962 19.779902 -5.993910
63.484581 21.820883 -6.612389
63.491169 21.820883 -6.612389
63.497833 21.820883 -6.612389
63.504498 21.820883 -6.612389
63.511177 21.820883 -6.612389
63.517857 24.813324 -7.519189
63.524498 24.813324 -7.519189
63.531147 24.813324 -7.519189
63.537807 24.813324 -7.519189
63.544441 24.813324 -7.519189
63.551117 24.004936 -7.274223
63.557777 24.004936 -7.274223
63.564426 24.004936 -7.274223
63.571087 24.004936 -7.274223
63.577740 24.004936 -7.274223
63.584442 27.849730 -8.439312
63.591103 27.849730 -8.439312
63.597767 27.849730 -8.439312
63.604427 27.849730 -8.439312
63.611107 27.849730 -8.439312
63.617790 30.208223 -9.154007
63.624435 30.208223 -9.154007
63.631073 30.208223 -9.154007
63.637730 30.208223 -9.154007
63.644409 30.208223 -9.154007
63.651070 32.166595 -9.747454
63.657749 32.166595 -9.747454
63.664406 32.166595 -9.747454
63.671070 32.166595 -9.747454
63.677765 32.166595 -9.747454