0.0272 104 95 104 95 100.0000 -0.0000 -1.7543
0.0288 95 104 95 104 100.0000 -0.0000 -1.6687
0.0302 100 99 100 99 100.0000 -0.0000 -1.6618
0.0317 101 98 101 98 100.0000 -0.0000 -1.6691
0.0332 99 100 99 100 100.0000 -0.0000 -1.6406
0.0347 89 110 89 110 100.0000 -0.0000 -1.4701
0.0361 98 101 98 101 100.0000 -0.0000 -1.4365
0.0376 96 103 96 103 100.0000 -0.0000 -1.3656
0.0391 100 99 100 99 100.0000 -0.0000 -1.3489
0.0405 95 104 95 104 100.0000 -0.0000 -1.2697
0.0420 105 94 105 94 100.0000 -0.0000 -1.3373
0.0435 91 108 91 108 100.0000 -0.0000 -1.2040
0.0449 103 96 103 96 100.0000 -0.0000 -1.2519
0.0464 94 105 94 105 100.0000 -0.0000 -1.1688
0.0478 100 99 100 99 100.0000 -0.0000 -1.1648
0.0493 102 97 102 97 100.0000 -0.0000 -1.1905
0.0508 101 98 101 98 100.0000 -0.0000 -1.2219
0.0522 92 107 92 107 100.0000 -0.0000 -1.1170
0.0537 94 105 94 105 100.0000 -0.0000 -1.0324
0.0552 103 96 103 96 100.0000 -0.0000 -1.0974
0.0566 96 103 96 103 100.0000 -0.0000 -1.0538
0.0581 97 102 97 102 100.0000 -0.0000 -1.0181
0.0596 103 96 103 96 100.0000 -0.0000 -1.0795
0.0610 94 105 94 105 100.0000 -0.0000 -1.0030
0.0625 97 102 97 102 100.0000 -0.0000 -0.9799
0.0640 97 102 97 102 100.0000 -0.0000 -0.9527
0.0654 96 103 96 103 100.0000 -0.0000 -0.9059
0.0669 92 107 92 107 100.0000 -0.0000 -0.7895
0.0684 95 104 95 104 100.0000 -0.0000 -0.7300
0.0699 99 100 99 100 100.0000 -0.0000 -0.7107
0.0713 102 97 102 97 100.0000 -0.0000 -0.7381
0.0728 97 102 97 102 100.0000 -0.0000 -0.6950
0.0743 95 104 95 104 100.0000 -0.0000 -0.6193
0.0757 103 96 103 96 100.0000 -0.0000 -0.6547
0.0772 102 97 102 97 100.0000 -0.0000 -0.6707
0.0787 101 98 101 98 100.0000 -0.0000 -0.6653
0.0801 109 90 109 90 100.0000 -0.0000 -0.7688
0.0816 91 108 91 108 100.0000 -0.0000 -0.6027
0.0831 98 101 98 101 100.0000 -0.0000 -0.5523
0.0846 105 94 105 94 100.0000 -0.0000 -0.5960
0.0861 99 100 99 100 100.0000 -0.0000 -0.5528
0.0876 94 105 94 105 100.0000 -0.0000 -0.4422
0.0891 95 104 95 104 100.0000 -0.0000 -0.3451
0.0905 103 96 103 96 100.0000 -0.0000 -0.3679
0.0920 98 101 98 101 100.0000 -0.0000 -0.3145
0.0935 93 106 93 106 100.0000 -0.0000 -0.1909
0.0950 98 101 98 101 100.0000 -0.0000 -0.1586
0.0964 96 103 96 103 100.0000 -0.0000 -0.0881
0.0979 103 96 103 96 100.0000 -0.0000 -0.1231
0.0994 108 91 108 91 100.0000 -0.0000 -0.2278
0.1008 110 89 110 89 100.0000 -0.0000 -0.3766
0.1023 105 94 105 94 100.0000 -0.0000 -0.4496
0.1038 91 108 91 108 100.0000 -0.0000 -0.3183
0.1053 106 93 106 93 100.0000 -0.0000 -0.4005
0.1067 101 98 101 98 100.0000 -0.0000 -0.4117
0.1082 99 100 99 100 100.0000 -0.0000 -0.3917
0.1097 100 99 100 99 100.0000 -0.0000 -0.3885
0.1110 97 102 97 102 100.0000 -0.0000 -0.3413
0.1123 95 104 95 104 100.0000 -0.0000 -0.2682
0.1135 102 97 102 97 100.0000 -0.0000 -0.2875
0.1148 95 104 95 104 100.0000 -0.0000 -0.2148
0.1161 93 106 93 106 100.0000 -0.0000 -0.1216
0.1174 97 102 97 102 100.0000 -0.0000 -0.0729
0.1187 97 102 97 102 100.0000 -0.0000 -0.0309
0.1199 86 113 86 113 100.0000 -0.0000 0.1371
0.1212 96 103 96 103 100.0000 -0.0000 0.1783
0.1225 101 98 101 98 100.0000 -0.0000 0.1565
0.1237 95 104 95 104 100.0000 -0.0000 0.2178
0.1250 102 97 102 97 100.0000 -0.0000 0.1739
0.1263 100 99 100 99 100.0000 -0.0000 0.1579
0.1276 95 104 95 104 100.0000 -0.0000 0.2125
0.1288 96 103 96 103 100.0000 -0.0000 0.2440
0.1301 102 97 102 97 100.0000 -0.0000 0.1996
0.1313 92 107 92 107 100.0000 -0.0000 0.2887
0.1326 95 104 95 104 100.0000 -0.0000 0.3321
0.1339 94 105 94 105 100.0000 -0.0000 0.3962
0.1351 93 106 93 106 100.0000 -0.0000 0.4747
0.1364 104 95 104 95 100.0000 -0.0000 0.4101
0.1377 104 95 104 95 100.0000 -0.0000 0.3467
0.1390 101 98 101 98 100.0000 -0.0000 0.3314
0.1403 100 99 100 99 100.0000 -0.0000 0.3218
0.1415 101 98 101 98 100.0000 -0.0000 0.2998
0.1428 100 99 100 99 100.0000 -0.0000 0.2971
0.1440 97 102 97 102 100.0000 -0.0000 0.3388
0.1453 104 95 104 95 100.0000 -0.0000 0.2998
0.1466 108 91 108 91 100.0000 -0.0000 0.2114
0.1479 101 98 101 98 100.0000 -0.0000 0.2050
0.1491 104 95 104 95 100.0000 -0.0000 0.1670
0.1504 101 98 101 98 100.0000 -0.0000 0.1610
0.1517 102 97 102 97 100.0000 -0.0000 0.1466
0.1529 99 100 99 100 100.0000 -0.0000 0.1748
0.1541 99 100 99 100 100.0000 -0.0000 0.2017
0.1553 103 96 103 96 100.0000 -0.0000 0.1751
0.1566 99 100 99 100 100.0000 -0.0000 0.1976
0.1578 98 101 98 101 100.0000 -0.0000 0.2269
0.1591 102 97 102 97 100.0000 -0.0000 0.2104
0.1603 99 100 99 100 100.0000 -0.0000 0.2335
0.1616 99 100 99 100 100.0000 -0.0000 0.2516
0.1628 103 96 103 96 100.0000 -0.0000 0.2183
0.1641 104 95 104 95 100.0000 -0.0000 0.1724
0.1653 102 97 102 97 100.0000 -0.0000 0.1528
0.1666 96 103 96 103 100.0000 -0.0000 0.2103
0.1679 98 101 98 101 100.0000 -0.0000 0.2412
0.1691 95 104 95 104 100.0000 -0.0000 0.3089
0.1704 105 94 105 94 100.0000 -0.0000 0.2558
0.1716 99 100 99 100 100.0000 -0.0000 0.2744
0.1729 98 101 98 101 100.0000 -0.0000 0.3053
0.1741 97 102 97 102 100.0000 -0.0000 0.3533
0.1754 100 99 100 99 100.0000 -0.0000 0.3583
0.1767 107 92 107 92 100.0000 -0.0000 0.2835
0.1779 101 98 101 98 100.0000 -0.0000 0.2771
0.1792 99 100 99 100 100.0000 -0.0000 0.2998
0.1804 98 101 98 101 100.0000 -0.0000 0.3299
0.1816 106 93 106 93 100.0000 -0.0000 0.2697
0.1829 100 99 100 99 100.0000 -0.0000 0.2791
0.1841 96 103 96 103 100.0000 -0.0000 0.3388
0.1854 104 95 104 95 100.0000 -0.0000 0.3023
0.1867 92 107 92 107 100.0000 -0.0000 0.4181
0.1880 102 97 102 97 100.0000 -0.0000 0.3990
0.1892 101 98 101 98 100.0000 -0.0000 0.4002
0.1905 112 87 112 87 100.0000 -0.0000 0.2572
0.1918 107 92 107 92 100.0000 -0.0000 0.1853
0.1930 101 98 101 98 100.0000 -0.0000 0.1850
0.1943 112 87 112 87 100.0000 -0.0000 0.0361
0.1956 103 96 103 96 100.0000 -0.0000 0.0069
0.1969 97 102 97 102 100.0000 -0.0000 0.0543
0.1982 105 94 105 94 100.0000 -0.0000 0.0041
0.1995 88 111 88 111 100.0000 -0.0000 0.1687
0.2008 95 104 95 104 100.0000 -0.0000 0.2312
0.2021 98 101 98 101 100.0000 -0.0000 0.2515
0.2034 101 98 101 98 100.0000 -0.0000 0.2296
0.2046 96 103 96 103 100.0000 -0.0000 0.2699
0.2059 108 91 108 91 100.0000 -0.0000 0.1532
0.2072 99 100 99 100 100.0000 -0.0000 0.1556
0.2085 96 103 96 103 100.0000 -0.0000 0.1820
0.2097 109 90 109 90 100.0000 -0.0000 0.0522
0.2110 99 100 99 100 100.0000 -0.0000 0.0427
0.2123 100 99 100 99 100.0000 -0.0000 0.0164
0.2136 106 93 106 93 100.0000 -0.0000 -0.0838
0.2149 106 93 106 93 100.0000 -0.0000 -0.1843
0.2162 99 100 99 100 100.0000 -0.0000 -0.1960
0.2174 100 99 100 99 100.0000 -0.0000 -0.2229
0.2187 101 98 101 98 100.0000 -0.0000 -0.2581
0.2200 94 105 94 105 100.0000 -0.0000 -0.2130
0.2212 98 101 98 101 100.0000 -0.0000 -0.2090
0.2225 99 100 99 100 100.0000 -0.0000 -0.2202
0.2238 100 99 100 99 100.0000 -0.0000 -0.2482
0.2251 104 95 104 95 100.0000 -0.0000 -0.3198
0.2263 102 97 102 97 100.0000 -0.0000 -0.3677
0.2276 95 104 95 104 100.0000 -0.0000 -0.3267
0.2289 103 96 103 96 100.0000 -0.0000 -0.3928
0.2301 93 106 93 106 100.0000 -0.0000 -0.3368
0.2314 97 102 97 102 100.0000 -0.0000 -0.3247
0.2326 99 100 99 100 100.0000 -0.0000 -0.3377
0.2339 99 100 99 100 100.0000 -0.0000 -0.3568
0.2352 100 99 100 99 100.0000 -0.0000 -0.3871
0.2365 112 87 112 87 100.0000 -0.0000 -0.5777
0.2377 101 98 101 98 100.0000 -0.0000 -0.6200
0.2390 103 96 103 96 100.0000 -0.0000 -0.6972
0.2403 102 97 102 97 100.0000 -0.0000 -0.7600
0.2416 101 98 101 98 100.0000 -0.0000 -0.8076
0.2429 94 105 94 105 100.0000 -0.0000 -0.7670
0.2442 97 102 97 102 100.0000 -0.0000 -0.7666
0.2455 102 97 102 97 100.0000 -0.0000 -0.8221
0.2468 99 100 99 100 100.0000 -0.0000 -0.8454
0.2480 100 99 100 99 100.0000 -0.0000 -0.8775
0.2493 106 93 106 93 100.0000 -0.0000 -0.9750
0.2506 99 100 99 100 100.0000 -0.0000 -0.9839
0.2519 102 97 102 97 100.0000 -0.0000 -1.0347
0.2531 104 95 104 95 100.0000 -0.0000 -1.0962
0.2544 99 100 99 100 100.0000 -0.0000 -1.0976
0.2557 101 98 101 98 100.0000 -0.0000 -1.1240
0.2569 96 103 96 103 100.0000 -0.0000 -1.0879
0.2582 99 100 99 100 100.0000 -0.0000 -1.0737
0.2594 110 89 110 89 100.0000 -0.0000 -1.2019
0.2607 96 103 96 103 100.0000 -0.0000 -1.1592
0.2620 102 97 102 97 100.0000 -0.0000 -1.1826
0.2632 91 108 91 108 100.0000 -0.0000 -1.0667
0.2645 92 107 92 107 100.0000 -0.0000 -0.9640
0.2657 95 104 95 104 100.0000 -0.0000 -0.8990
0.2670 98 101 98 101 100.0000 -0.0000 -0.8730
0.2683 108 91 108 91 100.0000 -0.0000 -0.9694
0.2695 92 107 92 107 100.0000 -0.0000 -0.8664
0.2709 96 103 96 103 100.0000 -0.0000 -0.8181
0.2721 97 102 97 102 100.0000 -0.0000 -0.7793
0.2734 97 102 97 102 100.0000 -0.0000 -0.7421
0.2747 101 98 101 98 100.0000 -0.0000 -0.7617
0.2759 89 110 89 110 100.0000 -0.0000 -0.6237
0.2772 105 94 105 94 100.0000 -0.0000 -0.6826
0.2784 92 107 92 107 100.0000 -0.0000 -0.5785
0.2797 93 106 93 106 100.0000 -0.0000 -0.4928
0.2809 107 92 107 92 100.0000 -0.0000 -0.5806
0.2822 102 97 102 97 100.0000 -0.0000 -0.6056
0.2835 100 99 100 99 100.0000 -0.0000 -0.6040
0.2847 96 103 96 103 100.0000 -0.0000 -0.5546
0.2860 94 105 94 105 100.0000 -0.0000 -0.4783
0.2873 104 95 104 95 100.0000 -0.0000 -0.5277
0.2886 95 104 95 104 100.0000 -0.0000 -0.4525
0.2899 103 96 103 96 100.0000 -0.0000 -0.4767
0.2911 105 94 105 94 100.0000 -0.0000 -0.5355
0.2924 95 104 95 104 100.0000 -0.0000 -0.4708
0.2937 97 102 97 102 100.0000 -0.0000 -0.4188
0.2950 96 103 96 103 100.0000 -0.0000 -0.3623
0.2962 93 106 93 106 100.0000 -0.0000 -0.2692
0.2975 103 96 103 96 100.0000 -0.0000 -0.2945
0.2987 103 96 103 96 100.0000 -0.0000 -0.3280
0.3000 104 95 104 95 100.0000 -0.0000 -0.3747
0.3012 96 103 96 103 100.0000 -0.0000 -0.3196
0.3025 103 96 103 96 100.0000 -0.0000 -0.3451
0.3038 97 102 97 102 100.0000 -0.0000 -0.3022
0.3050 104 95 104 95 100.0000 -0.0000 -0.3486
0.3063 100 99 100 99 100.0000 -0.0000 -0.3450
0.3076 98 101 98 101 100.0000 -0.0000 -0.3152
0.3089 94 105 94 105 100.0000 -0.0000 -0.2290
0.3102 98 101 98 101 100.0000 -0.0000 -0.1945
0.3114 93 106 93 106 100.0000 -0.0000 -0.0991
0.3127 93 106 93 106 100.0000 -0.0000 -0.0162
0.3140 94 105 94 105 100.0000 -0.0000 0.0582
0.3153 89 110 89 110 100.0000 -0.0000 0.1969
0.3165 106 93 106 93 100.0000 -0.0000 0.1160
0.3178 102 97 102 97 100.0000 -0.0000 0.0911
0.3191 97 102 97 102 100.0000 -0.0000 0.1215
0.3204 97 102 97 102 100.0000 -0.0000 0.1554
0.3216 104 95 104 95 100.0000 -0.0000 0.0981
0.3229 103 96 103 96 100.0000 -0.0000 0.0518
0.3242 99 100 99 100 100.0000 -0.0000 0.0573
0.3254 100 99 100 99 100.0000 -0.0000 0.0483
0.3267 104 95 104 95 100.0000 -0.0000 -0.0131
0.3280 98 101 98 101 100.0000 -0.0000 -0.0041
0.3292 93 106 93 106 100.0000 -0.0000 0.0602
0.3305 105 94 105 94 100.0000 -0.0000 -0.0254
0.3318 95 104 95 104 100.0000 -0.0000 0.0221
0.3331 100 99 100 99 100.0000 -0.0000 -0.0150
0.3344 91 108 91 108 100.0000 -0.0000 0.0679
0.3356 96 103 96 103 100.0000 -0.0000 0.0918
0.3369 99 100 99 100 100.0000 -0.0000 0.0683
0.3382 101 98 101 98 100.0000 -0.0000 0.0112
0.3395 106 93 106 93 100.0000 -0.0000 -0.1093
0.3407 102 97 102 97 100.0000 -0.0000 -0.1769
0.3420 99 100 99 100 100.0000 -0.0000 -0.2081
0.3433 103 96 103 96 100.0000 -0.0000 -0.2807
0.3446 102 97 102 97 100.0000 -0.0000 -0.3488
0.3459 94 105 94 105 100.0000 -0.0000 -0.3138
0.3472 99 100 99 100 100.0000 -0.0000 -0.3416
0.3485 101 98 101 98 100.0000 -0.0000 -0.3975
0.3498 103 96 103 96 100.0000 -0.0000 -0.4749
0.3510 100 99 100 99 100.0000 -0.0000 -0.5086
0.3523 95 104 95 104 100.0000 -0.0000 -0.4762
0.3536 95 104 95 104 100.0000 -0.0000 -0.4395
0.3549 104 95 104 95 100.0000 -0.0000 -0.5159
0.3562 96 103 96 103 100.0000 -0.0000 -0.4949
0.3575 95 104 95 104 100.0000 -0.0000 -0.4581
0.3588 96 103 96 103 100.0000 -0.0000 -0.4297
0.3600 94 105 94 105 100.0000 -0.0000 -0.3776
0.3613 104 95 104 95 100.0000 -0.0000 -0.4568
0.3626 97 102 97 102 100.0000 -0.0000 -0.4360
0.3639 105 94 105 94 100.0000 -0.0000 -0.5250
0.3652 100 99 100 99 100.0000 -0.0000 -0.5490
0.3665 106 93 106 93 100.0000 -0.0000 -0.6544
0.3677 101 98 101 98 100.0000 -0.0000 -0.6941
0.3690 96 103 96 103 100.0000 -0.0000 -0.6626
0.3703 102 97 102 97 100.0000 -0.0000 -0.7054
0.3716 97 102 97 102 100.0000 -0.0000 -0.6855
0.3728 89 110 89 110 100.0000 -0.0000 -0.5578
0.3741 108 91 108 91 100.0000 -0.0000 -0.6773
0.3754 93 106 93 106 100.0000 -0.0000 -0.6084
0.3767 99 100 99 100 100.0000 -0.0000 -0.6165
0.3779 101 98 101 98 100.0000 -0.0000 -0.6279
0.3792 102 97 102 97 100.0000 -0.0000 -0.6589
0.3805 100 99 100 99 100.0000 -0.0000 -0.6587
0.3817 106 93 106 93 100.0000 -0.0000 -0.7335
0.3830 106 93 106 93 100.0000 -0.0000 -0.8067
0.3843 99 100 99 100 100.0000 -0.0000 -0.7880
0.3855 95 104 95 104 100.0000 -0.0000 -0.7265
0.3868 96 103 96 103 100.0000 -0.0000 -0.6634
0.3881 99 100 99 100 100.0000 -0.0000 -0.6447
0.3894 102 97 102 97 100.0000 -0.0000 -0.6653
0.3907 100 99 100 99 100.0000 -0.0000 -0.6532
0.3919 95 104 95 104 100.0000 -0.0000 -0.5833
0.3932 104 95 104 95 100.0000 -0.0000 -0.6283
0.3945 98 101 98 101 100.0000 -0.0000 -0.5945
0.3958 98 101 98 101 100.0000 -0.0000 -0.5623
0.3971 101 98 101 98 100.0000 -0.0000 -0.5669
0.3983 97 102 97 102 100.0000 -0.0000 -0.5225
0.3996 97 102 97 102 100.0000 -0.0000 -0.4797
0.4009 92 107 92 107 100.0000 -0.0000 -0.3723
0.4021 98 101 98 101 100.0000 -0.0000 -0.3506
0.4034 99 100 99 100 100.0000 -0.0000 -0.3376
0.4046 104 95 104 95 100.0000 -0.0000 -0.3871
0.4059 100 99 100 99 100.0000 -0.0000 -0.3794
0.4071 103 96 103 96 100.0000 -0.0000 -0.4070
0.4084 102 97 102 97 100.0000 -0.0000 -0.4182
0.4097 104 95 104 95 100.0000 -0.0000 -0.4571
0.4109 100 99 100 99 100.0000 -0.0000 -0.4433
0.4122 99 100 99 100 100.0000 -0.0000 -0.4221
0.4135 103 96 103 96 100.0000 -0.0000 -0.4529
0.4147 109 90 109 90 100.0000 -0.0000 -0.5571
0.4160 84 115 84 115 100.0000 -0.0000 -0.3418
0.4172 102 97 102 97 100.0000 -0.0000 -0.3538
0.4185 93 106 93 106 100.0000 -0.0000 -0.2459
0.4198 100 99 100 99 100.0000 -0.0000 -0.2347
0.4211 97 102 97 102 100.0000 -0.0000 -0.1828
0.4223 96 103 96 103 100.0000 -0.0000 -0.1235
0.4236 96 103 96 103 100.0000 -0.0000 -0.0675
0.4249 102 97 102 97 100.0000 -0.0000 -0.0907
0.4261 102 97 102 97 100.0000 -0.0000 -0.1135
0.4274 104 95 104 95 100.0000 -0.0000 -0.1599
0.4287 102 97 102 97 100.0000 -0.0000 -0.1821
0.4299 101 98 101 98 100.0000 -0.0000 -0.1903
0.4312 103 96 103 96 100.0000 -0.0000 -0.2280
0.4325 97 102 97 102 100.0000 -0.0000 -0.1961
0.4337 105 94 105 94 100.0000 -0.0000 -0.2764
0.4350 99 100 99 100 100.0000 -0.0000 -0.2759
0.4363 102 97 102 97 100.0000 -0.0000 -0.3073
0.4376 96 103 96 103 100.0000 -0.0000 -0.2823
0.4388 103 96 103 96 100.0000 -0.0000 -0.3349
0.4401 101 98 101 98 100.0000 -0.0000 -0.3703
0.4414 97 102 97 102 100.0000 -0.0000 -0.3640
0.4426 92 107 92 107 100.0000 -0.0000 -0.2866
0.4439 106 93 106 93 100.0000 -0.0000 -0.3851
0.4451 97 102 97 102 100.0000 -0.0000 -0.3727
0.4464 106 93 106 93 100.0000 -0.0000 -0.4711
0.4476 101 98 101 98 100.0000 -0.0000 -0.5069
0.4489 102 97 102 97 100.0000 -0.0000 -0.5552
0.4501 103 96 103 96 100.0000 -0.0000 -0.6231
0.4514 98 101 98 101 100.0000 -0.0000 -0.6146
0.4527 91 108 91 108 100.0000 -0.0000 -0.5209
0.4539 107 92 107 92 100.0000 -0.0000 -0.6211
0.4552 109 90 109 90 100.0000 -0.0000 -0.7476
0.4564 93 106 93 106 100.0000 -0.0000 -0.6587
0.4577 95 104 95 104 100.0000 -0.0000 -0.5904
0.4589 104 95 104 95 100.0000 -0.0000 -0.6422
0.4601 100 99 100 99 100.0000 -0.0000 -0.6347
0.4614 93 106 93 106 100.0000 -0.0000 -0.5289
0.4626 96 103 96 103 100.0000 -0.0000 -0.4614
0.4638 92 107 92 107 100.0000 -0.0000 -0.3548
0.4651 95 104 95 104 100.0000 -0.0000 -0.2746
0.4663 100 99 100 99 100.0000 -0.0000 -0.2475
0.4675 95 104 95 104 100.0000 -0.0000 -0.1630
0.4688 93 106 93 106 100.0000 -0.0000 -0.0588
0.4701 100 99 100 99 100.0000 -0.0000 -0.0370
0.4713 99 100 99 100 100.0000 -0.0000 0.0058
0.4726 101 98 101 98 100.0000 -0.0000 0.0220
0.4739 96 103 96 103 100.0000 -0.0000 0.0997
0.4751 103 96 103 96 100.0000 -0.0000 0.0879
0.4764 101 98 101 98 100.0000 -0.0000 0.0938
0.4776 97 102 97 102 100.0000 -0.0000 0.1599
0.4789 92 107 92 107 100.0000 -0.0000 0.2868
0.4802 98 101 98 101 100.0000 -0.0000 0.3334
0.4815 102 97 102 97 100.0000 -0.0000 0.3332
0.4827 97 102 97 102 100.0000 -0.0000 0.3855
0.4840 109 90 109 90 100.0000 -0.0000 0.2904
0.4853 89 110 89 110 100.0000 -0.0000 0.4524
0.4865 98 101 98 101 100.0000 -0.0000 0.4932
0.4878 92 107 92 107 100.0000 -0.0000 0.6057
0.4891 96 103 96 103 100.0000 -0.0000 0.6679
0.4903 101 98 101 98 100.0000 -0.0000 0.6645
0.4916 99 100 99 100 100.0000 -0.0000 0.6906
0.4929 101 98 101 98 100.0000 -0.0000 0.6956
0.4941 94 105 94 105 100.0000 -0.0000 0.7858
0.4954 96 103 96 103 100.0000 -0.0000 0.8480
0.4967 104 95 104 95 100.0000 -0.0000 0.8022
0.4979 98 101 98 101 100.0000 -0.0000 0.8328
0.4992 101 98 101 98 100.0000 -0.0000 0.8320
0.5005 100 99 100 99 100.0000 -0.0000 0.8433
0.5017 106 93 106 93 100.0000 -0.0000 0.7760
0.5030 101 98 101 98 100.0000 -0.0000 0.7658
0.5043 108 91 108 91 100.0000 -0.0000 0.6773
0.5055 100 99 100 99 100.0000 -0.0000 0.6919
0.5068 106 93 106 93 100.0000 -0.0000 0.6150
0.5081 108 91 108 91 100.0000 -0.0000 0.5199
0.5093 95 104 95 104 100.0000 -0.0000 0.5909
0.5106 100 99 100 99 100.0000 -0.0000 0.5909
0.5119 101 98 101 98 100.0000 -0.0000 0.5853
0.5132 103 96 103 96 100.0000 -0.0000 0.5426
0.5145 101 98 101 98 100.0000 -0.0000 0.5331
0.5158 100 99 100 99 100.0000 -0.0000 0.5296
0.5170 99 100 99 100 100.0000 -0.0000 0.5474
0.5183 100 99 100 99 100.0000 -0.0000 0.5466
0.5196 102 97 102 97 100.0000 -0.0000 0.5180
0.5209 103 96 103 96 100.0000 -0.0000 0.4800
0.5221 99 100 99 100 100.0000 -0.0000 0.4903
0.5234 103 96 103 96 100.0000 -0.0000 0.4557
0.5247 106 93 106 93 100.0000 -0.0000 0.3841
0.5260 90 109 90 109 100.0000 -0.0000 0.5155
0.5273 98 101 98 101 100.0000 -0.0000 0.5540
0.5286 98 101 98 101 100.0000 -0.0000 0.5864
0.5298 94 105 94 105 100.0000 -0.0000 0.6630
0.5311 99 100 99 100 100.0000 -0.0000 0.6754
0.5323 103 96 103 96 100.0000 -0.0000 0.6439
0.5336 103 96 103 96 100.0000 -0.0000 0.6143
0.5349 99 100 99 100 100.0000 -0.0000 0.6354
0.5361 90 109 90 109 100.0000 -0.0000 0.7771
0.5374 99 100 99 100 100.0000 -0.0000 0.8046
0.5387 96 103 96 103 100.0000 -0.0000 0.8701
0.5399 106 93 106 93 100.0000 -0.0000 0.8028
0.5412 101 98 101 98 100.0000 -0.0000 0.7969
0.5425 100 99 100 99 100.0000 -0.0000 0.8066
0.5438 101 98 101 98 100.0000 -0.0000 0.8008
0.5450 104 95 104 95 100.0000 -0.0000 0.7645
0.5463 102 97 102 97 100.0000 -0.0000 0.7553
0.5476 117 82 117 82 100.0000 -0.0000 0.5493
0.5489 102 97 102 97 100.0000 -0.0000 0.5419
0.5502 95 104 95 104 100.0000 -0.0000 0.6218
0.5515 109 90 109 90 100.0000 -0.0000 0.5084
0.5528 109 90 109 90 100.0000 -0.0000 0.3947
0.5540 99 100 99 100 100.0000 -0.0000 0.4096
0.5553 97 102 97 102 100.0000 -0.0000 0.4473
0.5566 102 97 102 97 100.0000 -0.0000 0.4165
0.5579 100 99 100 99 100.0000 -0.0000 0.4118
0.5592 100 99 100 99 100.0000 -0.0000 0.4157
0.5605 102 97 102 97 100.0000 -0.0000 0.3836
0.5617 106 93 106 93 100.0000 -0.0000 0.3090
0.5630 98 101 98 101 100.0000 -0.0000 0.3256
0.5643 100 99 100 99 100.0000 -0.0000 0.3235
0.5656 106 93 106 93 100.0000 -0.0000 0.2469
0.5668 103 96 103 96 100.0000 -0.0000 0.2095
0.5681 100 99 100 99 100.0000 -0.0000 0.2086
0.5694 102 97 102 97 100.0000 -0.0000 0.1896
0.5706 96 103 96 103 100.0000 -0.0000 0.2349
0.5719 104 95 104 95 100.0000 -0.0000 0.1839
0.5732 96 103 96 103 100.0000 -0.0000 0.2276
0.5745 104 95 104 95 100.0000 -0.0000 0.1771
0.5757 101 98 101 98 100.0000 -0.0000 0.1640
0.5770 98 101 98 101 100.0000 -0.0000 0.1918
0.5783 103 96 103 96 100.0000 -0.0000 0.1514
0.5796 101 98 101 98 100.0000 -0.0000 0.1344
0.5808 97 102 97 102 100.0000 -0.0000 0.1543
0.5821 105 94 105 94 100.0000 -0.0000 0.0728
0.5834 91 108 91 108 100.0000 -0.0000 0.1667
0.5846 98 101 98 101 100.0000 -0.0000 0.1768
0.5859 97 102 97 102 100.0000 -0.0000 0.1843
0.5871 91 108 91 108 100.0000 -0.0000 0.2710
0.5883 98 101 98 101 100.0000 -0.0000 0.2770
0.5896 100 99 100 99 100.0000 -0.0000 0.2543
0.5909 96 103 96 103 100.0000 -0.0000 0.2759
0.5921 101 98 101 98 100.0000 -0.0000 0.2271
0.5934 99 100 99 100 100.0000 -0.0000 0.2130
0.5947 97 102 97 102 100.0000 -0.0000 0.2150
0.5960 99 100 99 100 100.0000 -0.0000 0.1951
0.5973 102 97 102 97 100.0000 -0.0000 0.1337
0.5986 97 102 97 102 100.0000 -0.0000 0.1291
0.5999 106 93 106 93 100.0000 -0.0000 0.0145
0.6012 97 102 97 102 100.0000 -0.0000 0.0182
0.6025 97 102 97 102 100.0000 -0.0000 0.0131
0.6037 97 102 97 102 100.0000 -0.0000 0.0110
0.6050 100 99 100 99 100.0000 -0.0000 -0.0187
0.6063 102 97 102 97 100.0000 -0.0000 -0.0849
0.6076 100 99 100 99 100.0000 -0.0000 -0.1186
0.6089 99 100 99 100 100.0000 -0.0000 -0.1409
0.6102 99 100 99 100 100.0000 -0.0000 -0.1600
0.6115 97 102 97 102 100.0000 -0.0000 -0.1507
0.6128 100 99 100 99 100.0000 -0.0000 -0.1803
0.6140 96 103 96 103 100.0000 -0.0000 -0.1640
0.6153 104 95 104 95 100.0000 -0.0000 -0.2257
0.6166 109 90 109 90 100.0000 -0.0000 -0.3625
0.6179 96 103 96 103 100.0000 -0.0000 -0.3202
0.6191 95 104 95 104 100.0000 -0.0000 -0.2722
0.6205 95 104 95 104 100.0000 -0.0000 -0.2031
0.6218 97 102 97 102 100.0000 -0.0000 -0.1704
0.6230 102 97 102 97 100.0000 -0.0000 -0.1945
0.6243 96 103 96 103 100.0000 -0.0000 -0.1471
0.6256 99 100 99 100 100.0000 -0.0000 -0.1394
0.6269 92 107 92 107 100.0000 -0.0000 -0.0407
0.6281 96 103 96 103 100.0000 -0.0000 0.0103
0.6294 99 100 99 100 100.0000 -0.0000 0.0255
0.6307 105 94 105 94 100.0000 -0.0000 -0.0383
0.6320 98 101 98 101 100.0000 -0.0000 -0.0099
0.6332 100 99 100 99 100.0000 -0.0000 -0.0020
0.6345 104 95 104 95 100.0000 -0.0000 -0.0468
0.6358 90 109 90 109 100.0000 -0.0000 0.0748
0.6371 97 102 97 102 100.0000 -0.0000 0.1080
0.6384 95 104 95 104 100.0000 -0.0000 0.1734
0.6397 96 103 96 103 100.0000 -0.0000 0.2256
0.6410 100 99 100 99 100.0000 -0.0000 0.2275
0.6422 98 101 98 101 100.0000 -0.0000 0.2641
0.6435 94 105 94 105 100.0000 -0.0000 0.3438
0.6448 96 103 96 103 100.0000 -0.0000 0.4013
0.6461 101 98 101 98 100.0000 -0.0000 0.3909
0.6473 98 101 98 101 100.0000 -0.0000 0.4262
0.6486 93 106 93 106 100.0000 -0.0000 0.5236
0.6499 91 108 91 108 100.0000 -0.0000 0.6442
0.6511 102 97 102 97 100.0000 -0.0000 0.6288
0.6524 99 100 99 100 100.0000 -0.0000 0.6474
0.6536 99 100 99 100 100.0000 -0.0000 0.6741
0.6549 97 102 97 102 100.0000 -0.0000 0.7211
0.6562 97 102 97 102 100.0000 -0.0000 0.7692
0.6574 101 98 101 98 100.0000 -0.0000 0.7675
0.6587 90 109 90 109 100.0000 -0.0000 0.9004
0.6600 100 99 100 99 100.0000 -0.0000 0.9140
0.6612 94 105 94 105 100.0000 -0.0000 1.0013
0.6625 95 104 95 104 100.0000 -0.0000 1.0706
0.6637 101 98 101 98 100.0000 -0.0000 1.0740
0.6650 104 95 104 95 100.0000 -0.0000 1.0277
0.6663 100 99 100 99 100.0000 -0.0000 1.0400
0.6676 108 91 108 91 100.0000 -0.0000 0.9498
0.6689 96 103 96 103 100.0000 -0.0000 1.0007
0.6701 99 100 99 100 100.0000 -0.0000 1.0163
0.6714 101 98 101 98 100.0000 -0.0000 0.9987
0.6726 95 104 95 104 100.0000 -0.0000 1.0566
0.6739 103 96 103 96 100.0000 -0.0000 1.0223
0.6752 108 91 108 91 100.0000 -0.0000 0.9172
0.6764 107 92 107 92 100.0000 -0.0000 0.8187
0.6777 105 94 105 94 100.0000 -0.0000 0.7455
0.6790 104 95 104 95 100.0000 -0.0000 0.6912
0.6802 99 100 99 100 100.0000 -0.0000 0.6964
0.6815 105 94 105 94 100.0000 -0.0000 0.6222
0.6827 97 102 97 102 100.0000 -0.0000 0.6469
0.6840 96 103 96 103 100.0000 -0.0000 0.6871
0.6853 94 105 94 105 100.0000 -0.0000 0.7363
0.6866 104 95 104 95 100.0000 -0.0000 0.6658
0.6878 103 96 103 96 100.0000 -0.0000 0.6048
0.6891 102 97 102 97 100.0000 -0.0000 0.5618
0.6903 99 100 99 100 100.0000 -0.0000 0.5486
0.6916 98 101 98 101 100.0000 -0.0000 0.5455
0.6928 100 99 100 99 100.0000 -0.0000 0.5170
0.6941 99 100 99 100 100.0000 -0.0000 0.5062
0.6953 101 98 101 98 100.0000 -0.0000 0.4659
0.6966 98 101 98 101 100.0000 -0.0000 0.4542
0.6979 98 101 98 101 100.0000 -0.0000 0.4530
0.6992 102 97 102 97 100.0000 -0.0000 0.3977
0.7005 112 87 112 87 100.0000 -0.0000 0.2159
0.7017 95 104 95 104 100.0000 -0.0000 0.2524
0.7030 106 93 106 93 100.0000 -0.0000 0.1468
0.7043 99 100 99 100 100.0000 -0.0000 0.1280
0.7056 106 93 106 93 100.0000 -0.0000 0.0277
0.7069 106 93 106 93 100.0000 -0.0000 -0.0757
0.7082 93 106 93 106 100.0000 -0.0000 -0.0178
0.7095 102 97 102 97 100.0000 -0.0000 -0.0703
0.7108 102 97 102 97 100.0000 -0.0000 -0.1182
0.7120 96 103 96 103 100.0000 -0.0000 -0.0886
0.7133 98 101 98 101 100.0000 -0.0000 -0.0907
0.7146 100 99 100 99 100.0000 -0.0000 -0.1079
0.7159 104 95 104 95 100.0000 -0.0000 -0.1743
0.7172 100 99 100 99 100.0000 -0.0000 -0.1868
0.7185 106 93 106 93 100.0000 -0.0000 -0.2725
0.7198 104 95 104 95 100.0000 -0.0000 -0.3308
0.7210 93 106 93 106 100.0000 -0.0000 -0.2513
0.7223 103 96 103 96 100.0000 -0.0000 -0.2936
0.7236 96 103 96 103 100.0000 -0.0000 -0.2528
0.7249 105 94 105 94 100.0000 -0.0000 -0.3215
0.7262 101 98 101 98 100.0000 -0.0000 -0.3427
0.7274 105 94 105 94 100.0000 -0.0000 -0.4116
0.7287 96 103 96 103 100.0000 -0.0000 -0.3658
0.7300 101 98 101 98 100.0000 -0.0000 -0.3818
0.7313 97 102 97 102 100.0000 -0.0000 -0.3376
0.7326 103 96 103 96 100.0000 -0.0000 -0.3741
0.7338 100 99 100 99 100.0000 -0.0000 -0.3703
0.7351 102 97 102 97 100.0000 -0.0000 -0.4082
0.7364 98 101 98 101 100.0000 -0.0000 -0.3917
0.7376 104 95 104 95 100.0000 -0.0000 -0.4532
0.7389 96 103 96 103 100.0000 -0.0000 -0.4028
0.7402 105 94 105 94 100.0000 -0.0000 -0.4738
0.7415 96 103 96 103 100.0000 -0.0000 -0.4340
0.7427 102 97 102 97 100.0000 -0.0000 -0.4624
0.7440 100 99 100 99 100.0000 -0.0000 -0.4689
0.7453 104 95 104 95 100.0000 -0.0000 -0.5229
0.7465 96 103 96 103 100.0000 -0.0000 -0.4857
0.7478 101 98 101 98 100.0000 -0.0000 -0.5135
0.7491 101 98 101 98 100.0000 -0.0000 -0.5331
0.7503 100 99 100 99 100.0000 -0.0000 -0.5313
0.7516 94 105 94 105 100.0000 -0.0000 -0.4547
0.7529 101 98 101 98 100.0000 -0.0000 -0.4751
0.7542 97 102 97 102 100.0000 -0.0000 -0.4362
0.7554 94 105 94 105 100.0000 -0.0000 -0.3628
0.7567 108 91 108 91 100.0000 -0.0000 -0.4715
0.7579 101 98 101 98 100.0000 -0.0000 -0.4845
0.7592 105 94 105 94 100.0000 -0.0000 -0.5500
0.7605 99 100 99 100 100.0000 -0.0000 -0.5440
0.7617 98 101 98 101 100.0000 -0.0000 -0.5231
0.7630 93 106 93 106 100.0000 -0.0000 -0.4372
0.7642 101 98 101 98 100.0000 -0.0000 -0.5099
0.7655 94 105 94 105 100.0000 -0.0000 -0.4923
0.7667 102 97 102 97 100.0000 -0.0000 -0.5789
0.7680 92 107 92 107 100.0000 -0.0000 -0.5367
0.7693 105 94 105 94 100.0000 -0.0000 -0.8267
0.7705 104 95 104 95 100.0000 -0.0000 -1.0996
0.7717 95 104 95 104 100.0000 -0.0000 -1.2611
0.7730 94 105 94 105 100.0000 -0.0000 -1.4151
0.7742 101 98 101 98 100.0000 -0.0000 -1.8788
0.7754 101 98 101 98 100.0000 -0.0000 -2.3288
0.7766 99 100 99 100 100.0000 -0.0000 -2.7521
0.7779 103 96 103 96 100.0000 -0.0000 -3.2249
0.7791 90 109 90 109 100.0000 -0.0000 -3.8029
0.7804 87 112 87 112 100.0000 -0.0000 -4.3304
0.7817 103 96 103 96 100.0000 -0.0000 -5.0617
0.7830 96 103 96 103 100.0000 -0.0000 -5.7026
0.7843 101 98 101 98 100.0000 -0.0000 -6.5750
0.7856 92 107 92 107 100.0000 -0.0000 -7.3326
0.7869 102 97 102 97 100.0000 -0.0000 -8.2000
0.7882 89 110 89 110 100.0000 -0.0000 -8.9038
0.7895 93 106 93 106 100.0000 -0.0000 -9.6647
0.7908 95 104 95 104 100.0000 -0.0000 -10.4392
0.7921 89 110 89 110 100.0000 -0.0000 -11.1381
0.7933 89 110 89 110 100.0000 -0.0000 -11.6888
0.7946 86 113 86 113 100.0000 -0.0000 -12.1988
0.7959 92 107 92 107 100.0000 -0.0000 -12.7775
0.7972 89 110 89 110 100.0000 -0.0000 -13.3149
0.7984 92 107 92 107 100.0000 -0.0000 -13.6469
0.7997 89 110 89 110 100.0000 -0.0000 -13.9388
0.8010 77 122 77 122 100.0000 -0.0000 -14.0767
0.8023 85 114 85 114 100.0000 -0.0000 -14.3190
0.8035 83 116 83 116 100.0000 -0.0000 -14.2926
0.8047 90 109 90 109 100.0000 -0.0000 -14.3553
0.8060 95 104 95 104 100.0000 -0.0000 -14.4758
0.8072 87 112 87 112 100.0000 -0.0000 -14.5035
0.8085 85 114 85 114 100.0000 -0.0000 -14.3092
0.8098 83 116 83 116 100.0000 -0.0000 -14.0938
0.8110 85 114 85 114 100.0000 -0.0000 -13.9099
0.8123 85 114 85 114 100.0000 -0.0000 -13.7183
0.8136 76 123 76 123 100.0000 -0.0000 -13.3352
0.8149 87 112 87 112 100.0000 -0.0000 -13.0903
0.8161 88 111 88 111 100.0000 -0.0000 -12.8700
0.8174 94 105 94 105 100.0000 -0.0000 -12.7254
0.8187 95 104 95 104 100.0000 -0.0000 -12.6242
0.8200 93 106 93 106 100.0000 -0.0000 -12.4926
0.8213 86 113 86 113 100.0000 -0.0000 -12.2724
0.8226 89 110 89 110 100.0000 -0.0000 -12.0998
0.8239 81 118 81 118 100.0000 -0.0000 -11.9252
0.8251 83 116 83 116 100.0000 -0.0000 -11.7858
0.8264 93 106 93 106 100.0000 -0.0000 -11.7746
0.8277 90 109 90 109 100.0000 -0.0000 -11.7258
0.8290 90 109 90 109 100.0000 -0.0000 -11.8524
0.8303 91 108 91 108 100.0000 -0.0000 -11.9894
0.8315 89 110 89 110 100.0000 -0.0000 -12.0962
0.8328 85 114 85 114 100.0000 -0.0000 -12.1513
0.8341 86 113 86 113 100.0000 -0.0000 -12.4138
0.8354 82 117 82 117 100.0000 -0.0000 -12.6233
0.8366 83 116 83 116 100.0000 -0.0000 -12.8421
0.8379 89 110 89 110 100.0000 -0.0000 -13.1410
0.8391 84 115 84 115 100.0000 -0.0000 -13.5681
0.8404 90 109 90 109 100.0000 -0.0000 -14.0708
0.8417 93 106 93 106 100.0000 -0.0000 -14.6079
0.8430 83 116 83 116 100.0000 -0.0000 -15.2547
0.8443 85 114 85 114 100.0000 -0.0000 -15.9167
0.8455 82 117 82 117 100.0000 -0.0000 -16.5407
0.8468 84 115 84 115 100.0000 -0.0000 -17.1904
0.8481 91 108 91 108 100.0000 -0.0000 -18.1353
0.8494 84 115 84 115 100.0000 -0.0000 -18.9908
0.8507 76 123 76 123 100.0000 -0.0000 -19.7399
0.8519 79 120 79 120 100.0000 -0.0000 -20.5121
0.8532 83 116 83 116 100.0000 -0.0000 -21.5305
0.8545 74 125 74 125 100.0000 -0.0000 -22.4255
0.8558 80 119 80 119 100.0000 -0.0000 -23.3925
0.8570 70 129 70 129 100.0000 -0.0000 -24.2302
0.8583 79 120 79 120 100.0000 -0.0000 -25.2747
0.8596 73 126 73 126 100.0000 -0.0000 -26.2407
0.8608 80 119 80 119 100.0000 -0.0000 -27.2772
0.8621 69 130 69 130 100.0000 -0.0000 -28.1751
0.8634 71 128 71 128 100.0000 -0.0000 -29.0370
0.8646 73 126 73 126 100.0000 -0.0000 -29.9236
0.8659 75 124 75 124 100.0000 -0.0000 -30.8190
0.8672 65 134 65 134 100.0000 -0.0000 -31.5826
0.8684 60 139 60 139 100.0000 -0.0000 -32.0624
0.8697 69 130 69 130 100.0000 -0.0000 -32.6574
0.8710 62 137 62 137 100.0000 -0.0000 -33.1505
0.8722 68 131 68 131 100.0000 -0.0000 -33.7158
0.8734 67 132 67 132 100.0000 -0.0000 -33.8514
0.8747 68 131 68 131 100.0000 -0.0000 -34.0000
0.8759 65 134 65 134 100.0000 -0.0000 -34.1113
0.8772 63 136 63 136 100.0000 -0.0000 -34.1941
0.8785 72 127 72 127 100.0000 -0.0000 -33.7764
0.8797 70 129 70 129 100.0000 -0.0000 -33.3417
0.8810 65 134 65 134 100.0000 -0.0000 -32.8408
0.8822 62 137 62 137 100.0000 -0.0000 -32.3108
0.8835 71 128 71 128 100.0000 -0.0000 -31.1026
0.8847 69 130 69 130 100.0000 -0.0000 -29.8800
0.8859 74 125 74 125 100.0000 -0.0000 -28.7320
0.8872 74 125 74 125 100.0000 -0.0000 -27.5952
0.8884 82 117 82 117 100.0000 -0.0000 -25.6331
0.8897 82 117 82 117 100.0000 -0.0000 -23.6912
0.8909 77 122 77 122 100.0000 -0.0000 -21.6989
0.8922 78 121 78 121 100.0000 -0.0000 -19.7418
0.8935 85 114 85 114 100.0000 -0.0000 -16.9726
0.8948 90 109 90 109 100.0000 -0.0000 -14.2875
0.8960 91 108 91 108 100.0000 -0.0000 -11.6419
0.8973 96 103 96 103 100.0000 -0.0000 -9.0801
0.8986 95 104 95 104 100.0000 -0.0000 -5.8202
0.8998 89 110 89 110 100.0000 -0.0000 -2.5145
0.9011 102 97 102 97 100.0000 -0.0000 0.5974
0.9025 101 98 101 98 100.0000 -0.0000 3.7516
0.9037 105 94 105 94 100.0000 -0.0000 6.8345
0.9050 106 93 106 93 100.0000 -0.0000 9.8750
0.9063 117 82 117 82 100.0000 -0.0000 12.7576
0.9075 110 89 110 89 100.0000 -0.0000 15.3402
0.9088 113 86 113 86 100.0000 -0.0000 17.8681
0.9101 125 74 125 74 100.0000 -0.0000 20.2325
0.9114 126 73 126 73 100.0000 -0.0000 22.5597
0.9127 122 77 122 77 100.0000 -0.0000 24.0225
0.9139 120 79 120 79 100.0000 -0.0000 25.5044
0.9152 124 75 124 75 100.0000 -0.0000 26.9224
0.9165 126 73 126 73 100.0000 -0.0000 28.3089
0.9177 132 67 132 67 100.0000 -0.0000 28.6259
0.9190 130 69 130 69 100.0000 -0.0000 28.9655
0.9203 129 70 129 70 100.0000 -0.0000 29.3159
0.9216 134 65 134 65 100.0000 -0.0000 29.6074
0.9228 129 70 129 70 100.0000 -0.0000 29.2007
0.9241 125 74 125 74 100.0000 -0.0000 28.8451
0.9254 131 68 131 68 100.0000 -0.0000 28.4220
0.9266 125 74 125 74 100.0000 -0.0000 28.0717
0.9278 124 75 124 75 100.0000 -0.0000 27.2929
0.9291 129 70 129 70 100.0000 -0.0000 26.4563
0.9304 129 70 129 70 100.0000 -0.0000 25.6238
0.9316 125 74 125 74 100.0000 -0.0000 24.8552
0.9329 122 77 122 77 100.0000 -0.0000 23.9546
0.9342 125 74 125 74 100.0000 -0.0000 23.0195
0.9355 121 78 121 78 100.0000 -0.0000 22.1428
0.9367 122 77 122 77 100.0000 -0.0000 21.2660
0.9380 119 80 119 80 100.0000 -0.0000 20.4484
0.9393 116 83 116 83 100.0000 -0.0000 19.6806
0.9406 115 84 115 84 100.0000 -0.0000 18.9238
0.9418 115 84 115 84 100.0000 -0.0000 18.1728
0.9431 122 77 122 77 100.0000 -0.0000 17.4567
0.9444 118 81 118 81 100.0000 -0.0000 16.7993
0.9457 115 84 115 84 100.0000 -0.0000 16.1855
0.9469 112 87 112 87 100.0000 -0.0000 15.6055
0.9482 119 80 119 80 100.0000 -0.0000 15.0816
0.9495 113 86 113 86 100.0000 -0.0000 14.6316
0.9508 114 85 114 85 100.0000 -0.0000 14.1714
0.9520 117 82 117 82 100.0000 -0.0000 13.8025
0.9533 115 84 115 84 100.0000 -0.0000 13.4546
0.9546 114 85 114 85 100.0000 -0.0000 13.1258
0.9559 107 92 107 92 100.0000 -0.0000 12.8805
0.9571 118 81 118 81 100.0000 -0.0000 12.5908
0.9584 122 77 122 77 100.0000 -0.0000 12.2621
0.9596 111 88 111 88 100.0000 -0.0000 12.0739
0.9609 108 91 108 91 100.0000 -0.0000 11.9260
0.9622 109 90 109 90 100.0000 -0.0000 11.8333
0.9634 105 94 105 94 100.0000 -0.0000 11.7888
0.9647 110 89 110 89 100.0000 -0.0000 11.6794
0.9660 113 86 113 86 100.0000 -0.0000 11.5365
0.9673 117 82 117 82 100.0000 -0.0000 11.3882
0.9685 114 85 114 85 100.0000 -0.0000 11.2839
0.9698 110 89 110 89 100.0000 -0.0000 11.2260
0.9710 109 90 109 90 100.0000 -0.0000 11.1849
0.9723 109 90 109 90 100.0000 -0.0000 11.1525
0.9736 109 90 109 90 100.0000 -0.0000 11.1169
0.9748 108 91 108 91 100.0000 -0.0000 11.0949
0.9761 111 88 111 88 100.0000 -0.0000 11.0382
0.9773 111 88 111 88 100.0000 -0.0000 10.9426
0.9786 107 92 107 92 100.0000 -0.0000 10.9003
0.9799 112 87 112 87 100.0000 -0.0000 10.7943
0.9811 112 87 112 87 100.0000 -0.0000 10.6934
0.9825 108 91 108 91 100.0000 -0.0000 10.5639
0.9837 105 94 105 94 100.0000 -0.0000 10.4665
0.9850 111 88 111 88 100.0000 -0.0000 10.2905
0.9863 114 85 114 85 100.0000 -0.0000 10.0890
0.9875 111 88 111 88 100.0000 -0.0000 9.8258
0.9888 114 85 114 85 100.0000 -0.0000 9.5250
0.9900 111 88 111 88 100.0000 -0.0000 9.2659
0.9914 113 86 113 86 100.0000 -0.0000 8.9774
0.9927 115 84 115 84 100.0000 -0.0000 8.5966
0.9940 105 94 105 94 100.0000 -0.0000 8.3482
0.9953 114 85 114 85 100.0000 -0.0000 7.9809
0.9965 112 87 112 87 100.0000 -0.0000 7.6394
0.9978 107 92 107 92 100.0000 -0.0000 7.3341
0.9991 104 95 104 95 100.0000 -0.0000 7.0655
1.0003 103 96 103 96 100.0000 -0.0000 6.8194
1.0016 100 99 100 99 100.0000 -0.0000 6.6228
1.0029 104 95 104 95 100.0000 -0.0000 6.3744
1.0041 103 96 103 96 100.0000 -0.0000 6.1412
1.0054 110 89 110 89 100.0000 -0.0000 5.8162
1.0067 110 89 110 89 100.0000 -0.0000 5.5370
1.0080 107 92 107 92 100.0000 -0.0000 5.2962
1.0093 107 92 107 92 100.0000 -0.0000 5.0535
1.0106 104 95 104 95 100.0000 -0.0000 4.8508
1.0118 107 92 107 92 100.0000 -0.0000 4.6701
1.0131 104 95 104 95 100.0000 -0.0000 4.5230
1.0144 107 92 107 92 100.0000 -0.0000 4.3427
1.0156 109 90 109 90 100.0000 -0.0000 4.1413
1.0169 95 104 95 104 100.0000 -0.0000 4.1574
1.0182 92 107 92 107 100.0000 -0.0000 4.2167
1.0195 103 96 103 96 100.0000 -0.0000 4.1284
1.0208 112 87 112 87 100.0000 -0.0000 3.9358
1.0220 103 96 103 96 100.0000 -0.0000 3.8847
1.0233 104 95 104 95 100.0000 -0.0000 3.8256
1.0245 98 101 98 101 100.0000 -0.0000 3.8415
1.0258 103 96 103 96 100.0000 -0.0000 3.8013
1.0270 103 96 103 96 100.0000 -0.0000 3.8155
1.0283 104 95 104 95 100.0000 -0.0000 3.8098
1.0296 107 92 107 92 100.0000 -0.0000 3.7631
1.0308 99 100 99 100 100.0000 -0.0000 3.8181
1.0321 105 94 105 94 100.0000 -0.0000 3.8763
1.0334 97 102 97 102 100.0000 -0.0000 4.0325
1.0346 106 93 106 93 100.0000 -0.0000 4.0760
1.0359 101 98 101 98 100.0000 -0.0000 4.1793
1.0372 104 95 104 95 100.0000 -0.0000 4.3118
1.0385 103 96 103 96 100.0000 -0.0000 4.4663
1.0397 103 96 103 96 100.0000 -0.0000 4.6155
1.0409 96 103 96 103 100.0000 -0.0000 4.8524
1.0422 108 91 108 91 100.0000 -0.0000 4.9795
1.0435 102 97 102 97 100.0000 -0.0000 5.1818
1.0447 91 108 91 108 100.0000 -0.0000 5.5212
1.0460 103 96 103 96 100.0000 -0.0000 5.7120
1.0473 100 99 100 99 100.0000 -0.0000 5.9242
1.0485 110 89 110 89 100.0000 -0.0000 6.0156
1.0498 108 91 108 91 100.0000 -0.0000 6.1317
1.0510 104 95 104 95 100.0000 -0.0000 6.2942
1.0523 103 96 103 96 100.0000 -0.0000 6.4143
1.0535 101 98 101 98 100.0000 -0.0000 6.5591
1.0548 116 83 116 83 100.0000 -0.0000 6.5136
1.0560 109 90 109 90 100.0000 -0.0000 6.5538
1.0573 105 94 105 94 100.0000 -0.0000 6.5504
1.0585 105 94 105 94 100.0000 -0.0000 6.5546
1.0598 96 103 96 103 100.0000 -0.0000 6.6670
1.0610 104 95 104 95 100.0000 -0.0000 6.6855
1.0624 105 94 105 94 100.0000 -0.0000 6.6314
1.0636 103 96 103 96 100.0000 -0.0000 6.6133
1.0649 103 96 103 96 100.0000 -0.0000 6.5936
1.0661 114 85 114 85 100.0000 -0.0000 6.4180
1.0674 102 97 102 97 100.0000 -0.0000 6.3893
1.0686 106 93 106 93 100.0000 -0.0000 6.3056
1.0699 101 98 101 98 100.0000 -0.0000 6.2946
1.0711 102 97 102 97 100.0000 -0.0000 6.3191
1.0724 109 90 109 90 100.0000 -0.0000 6.2478
1.0736 104 95 104 95 100.0000 -0.0000 6.2409
1.0749 109 90 109 90 100.0000 -0.0000 6.1750
1.0762 104 95 104 95 100.0000 -0.0000 6.2542
1.0774 105 94 105 94 100.0000 -0.0000 6.3182
1.0787 110 89 110 89 100.0000 -0.0000 6.3219
1.0801 111 88 111 88 100.0000 -0.0000 6.3171
1.0813 112 87 112 87 100.0000 -0.0000 6.4122
1.0826 112 87 112 87 100.0000 -0.0000 6.5058
1.0839 104 95 104 95 100.0000 -0.0000 6.6995
1.0851 102 97 102 97 100.0000 -0.0000 6.9204
1.0864 106 93 106 93 100.0000 -0.0000 7.1564
1.0877 99 100 99 100 100.0000 -0.0000 7.4761
1.0890 113 86 113 86 100.0000 -0.0000 7.6217
1.0903 113 86 113 86 100.0000 -0.0000 7.7623
1.0915 104 95 104 95 100.0000 -0.0000 8.0284
1.0928 111 88 111 88 100.0000 -0.0000 8.2122
1.0941 104 95 104 95 100.0000 -0.0000 8.4769
1.0953 116 83 116 83 100.0000 -0.0000 8.5912
1.0966 110 89 110 89 100.0000 -0.0000 8.7125
1.0978 108 91 108 91 100.0000 -0.0000 8.8556
1.0991 108 91 108 91 100.0000 -0.0000 9.0019
1.1004 106 93 106 93 100.0000 -0.0000 9.1665
1.1016 109 90 109 90 100.0000 -0.0000 9.1765
1.1029 107 92 107 92 100.0000 -0.0000 9.2096
1.1042 110 89 110 89 100.0000 -0.0000 9.2071
1.1055 109 90 109 90 100.0000 -0.0000 9.2169
1.1067 105 94 105 94 100.0000 -0.0000 9.1281
1.1080 107 92 107 92 100.0000 -0.0000 9.0067
1.1093 109 90 109 90 100.0000 -0.0000 8.8660
1.1106 102 97 102 97 100.0000 -0.0000 8.8147
1.1119 105 94 105 94 100.0000 -0.0000 8.5934
1.1132 109 90 109 90 100.0000 -0.0000 8.3203
1.1145 107 92 107 92 100.0000 -0.0000 8.0765
1.1158 102 97 102 97 100.0000 -0.0000 7.7905
1.1170 101 98 101 98 100.0000 -0.0000 7.5267
1.1183 99 100 99 100 100.0000 -0.0000 7.2825
1.1196 106 93 106 93 100.0000 -0.0000 6.9559
1.1208 99 100 99 100 100.0000 -0.0000 6.6804
1.1221 98 101 98 101 100.0000 -0.0000 6.4239
1.1234 97 102 97 102 100.0000 -0.0000 6.1791
1.1247 91 108 91 108 100.0000 -0.0000 6.0055
1.1259 104 95 104 95 100.0000 -0.0000 5.6865
1.1272 92 107 92 107 100.0000 -0.0000 5.5204
1.1285 96 103 96 103 100.0000 -0.0000 5.3008
1.1297 99 100 99 100 100.0000 -0.0000 5.0388
1.1310 90 109 90 109 100.0000 -0.0000 4.9599
1.1323 90 109 90 109 100.0000 -0.0000 4.8817
1.1335 107 92 107 92 100.0000 -0.0000 4.5881
1.1348 98 101 98 101 100.0000 -0.0000 4.4106
1.1361 86 113 86 113 100.0000 -0.0000 4.4929
1.1373 84 115 84 115 100.0000 -0.0000 4.6040
1.1386 90 109 90 109 100.0000 -0.0000 4.6414
1.1398 87 112 87 112 100.0000 -0.0000 4.7079
1.1411 91 108 91 108 100.0000 -0.0000 4.8398
1.1424 85 114 85 114 100.0000 -0.0000 5.0578
1.1437 91 108 91 108 100.0000 -0.0000 5.1898
1.1449 86 113 86 113 100.0000 -0.0000 5.3845
1.1462 78 121 78 121 100.0000 -0.0000 5.7777
1.1474 89 110 89 110 100.0000 -0.0000 6.0402
1.1487 86 113 86 113 100.0000 -0.0000 6.3402
1.1499 80 119 80 119 100.0000 -0.0000 6.7082
1.1512 83 116 83 116 100.0000 -0.0000 7.0913
1.1525 84 115 84 115 100.0000 -0.0000 7.4598
1.1537 87 112 87 112 100.0000 -0.0000 7.7853
1.1550 82 117 82 117 100.0000 -0.0000 8.1683
1.1562 89 110 89 110 100.0000 -0.0000 8.4452
1.1575 87 112 87 112 100.0000 -0.0000 8.7423
1.1588 87 112 87 112 100.0000 -0.0000 9.0391
1.1600 79 120 79 120 100.0000 -0.0000 9.4324
1.1613 89 110 89 110 100.0000 -0.0000 9.6230
1.1626 92 107 92 107 100.0000 -0.0000 9.7755
1.1639 96 103 96 103 100.0000 -0.0000 9.8834
1.1652 95 104 95 104 100.0000 -0.0000 9.8901
1.1665 91 108 91 108 100.0000 -0.0000 9.9405
1.1678 83 116 83 116 100.0000 -0.0000 10.0937
1.1690 80 119 80 119 100.0000 -0.0000 10.2774
1.1703 88 111 88 111 100.0000 -0.0000 10.2601
1.1716 79 120 79 120 100.0000 -0.0000 10.3498
1.1729 82 117 82 117 100.0000 -0.0000 10.4159
1.1741 82 117 82 117 100.0000 -0.0000 10.4724
1.1754 79 120 79 120 100.0000 -0.0000 10.5091
1.1767 77 122 77 122 100.0000 -0.0000 10.5676
1.1780 78 121 78 121 100.0000 -0.0000 10.6193
1.1793 84 115 84 115 100.0000 -0.0000 10.6028
1.1806 81 118 81 118 100.0000 -0.0000 10.6206
1.1819 77 122 77 122 100.0000 -0.0000 10.6881
1.1831 84 115 84 115 100.0000 -0.0000 10.6640
1.1844 93 106 93 106 100.0000 -0.0000 10.5164
1.1857 89 110 89 110 100.0000 -0.0000 10.4690
1.1870 88 111 88 111 100.0000 -0.0000 10.4309
1.1883 75 124 75 124 100.0000 -0.0000 10.5556
1.1896 82 117 82 117 100.0000 -0.0000 10.5891
1.1909 76 123 76 123 100.0000 -0.0000 10.7594
1.1922 77 122 77 122 100.0000 -0.0000 10.9189
1.1935 81 118 81 118 100.0000 -0.0000 11.0179
1.1947 78 121 78 121 100.0000 -0.0000 11.1501
1.1960 82 117 82 117 100.0000 -0.0000 11.3218
1.1973 86 113 86 113 100.0000 -0.0000 11.4419
1.1986 88 111 88 111 100.0000 -0.0000 11.5254
1.1999 89 110 89 110 100.0000 -0.0000 11.5930
1.2011 93 106 93 106 100.0000 -0.0000 11.6987
1.2024 83 116 83 116 100.0000 -0.0000 11.9289
1.2037 87 112 87 112 100.0000 -0.0000 12.1078
1.2049 89 110 89 110 100.0000 -0.0000 12.3776
1.2062 86 113 86 113 100.0000 -0.0000 12.6818
1.2074 91 108 91 108 100.0000 -0.0000 12.9195
1.2088 88 111 88 111 100.0000 -0.0000 13.2080
1.2101 91 108 91 108 100.0000 -0.0000 13.5594
1.2113 97 102 97 102 100.0000 -0.0000 13.8201
1.2126 88 111 88 111 100.0000 -0.0000 14.2012
1.2139 88 111 88 111 100.0000 -0.0000 14.5727
1.2152 90 109 90 109 100.0000 -0.0000 15.0004
1.2165 96 103 96 103 100.0000 -0.0000 15.3454
1.2177 96 103 96 103 100.0000 -0.0000 15.6932
1.2190 94 105 94 105 100.0000 -0.0000 16.0612
1.2203 100 99 100 99 100.0000 -0.0000 16.3838
1.2215 91 108 91 108 100.0000 -0.0000 16.8073
1.2228 95 104 95 104 100.0000 -0.0000 17.1800
1.2241 99 100 99 100 100.0000 -0.0000 17.5080
1.2254 96 103 96 103 100.0000 -0.0000 17.8166
1.2267 91 108 91 108 100.0000 -0.0000 18.1863
1.2279 99 100 99 100 100.0000 -0.0000 18.4586
1.2292 101 98 101 98 100.0000 -0.0000 18.6942
1.2304 102 97 102 97 100.0000 -0.0000 18.8292
1.2317 105 94 105 94 100.0000 -0.0000 18.9182
1.2329 98 101 98 101 100.0000 -0.0000 19.0923
1.2342 93 106 93 106 100.0000 -0.0000 19.3373
1.2355 94 105 94 105 100.0000 -0.0000 19.4470
1.2368 100 99 100 99 100.0000 -0.0000 19.4887
1.2380 99 100 99 100 100.0000 -0.0000 19.5400
1.2393 103 96 103 96 100.0000 -0.0000 19.5280
1.2405 101 98 101 98 100.0000 -0.0000 19.4518
1.2418 89 110 89 110 100.0000 -0.0000 19.5209
1.2431 90 109 90 109 100.0000 -0.0000 19.5806
1.2443 103 96 103 96 100.0000 -0.0000 19.4789
1.2456 95 104 95 104 100.0000 -0.0000 19.4316
1.2468 100 99 100 99 100.0000 -0.0000 19.3277
1.2481 93 106 93 106 100.0000 -0.0000 19.3127
1.2494 95 104 95 104 100.0000 -0.0000 19.2763
1.2506 98 101 98 101 100.0000 -0.0000 19.2082
1.2519 104 95 104 95 100.0000 -0.0000 19.0672
1.2531 101 98 101 98 100.0000 -0.0000 18.9687
1.2544 94 105 94 105 100.0000 -0.0000 18.9642
1.2557 102 97 102 97 100.0000 -0.0000 18.9494
1.2570 105 94 105 94 100.0000 -0.0000 18.9087
1.2583 100 99 100 99 100.0000 -0.0000 18.9294
1.2595 105 94 105 94 100.0000 -0.0000 19.0561
1.2608 103 96 103 96 100.0000 -0.0000 19.2137
1.2621 104 95 104 95 100.0000 -0.0000 19.3603
1.2634 110 89 110 89 100.0000 -0.0000 19.4244
1.2647 103 96 103 96 100.0000 -0.0000 19.8302
1.2660 114 85 114 85 100.0000 -0.0000 20.0849
1.2672 114 85 114 85 100.0000 -0.0000 20.3432
1.2685 114 85 114 85 100.0000 -0.0000 20.5949
1.2698 113 86 113 86 100.0000 -0.0000 21.1165
1.2711 118 81 118 81 100.0000 -0.0000 21.5680
1.2723 119 80 119 80 100.0000 -0.0000 22.0051
1.2736 125 74 125 74 100.0000 -0.0000 22.3668
1.2749 118 81 118 81 100.0000 -0.0000 23.0213
1.2762 119 80 119 80 100.0000 -0.0000 23.6577
1.2775 117 82 117 82 100.0000 -0.0000 24.3123
1.2788 129 70 129 70 100.0000 -0.0000 24.8150
1.2801 122 77 122 77 100.0000 -0.0000 25.5271
1.2814 126 73 126 73 100.0000 -0.0000 26.1930
1.2826 116 83 116 83 100.0000 -0.0000 26.9737
1.2839 122 77 122 77 100.0000 -0.0000 27.6763
1.2852 118 81 118 81 100.0000 -0.0000 28.4256
1.2865 125 74 125 74 100.0000 -0.0000 29.0826
1.2878 120 79 120 79 100.0000 -0.0000 29.8011
1.2891 121 78 121 78 100.0000 -0.0000 30.5018
1.2904 126 73 126 73 100.0000 -0.0000 31.0615
1.2917 128 71 128 71 100.0000 -0.0000 31.5905
1.2930 128 71 128 71 100.0000 -0.0000 32.1135
1.2942 128 71 128 71 100.0000 -0.0000 32.4874
1.2955 119 80 119 80 100.0000 -0.0000 32.9613
1.2968 125 74 125 74 100.0000 -0.0000 33.3550
1.2981 129 70 129 70 100.0000 -0.0000 33.6984
1.2994 121 78 121 78 100.0000 -0.0000 33.9730
1.3006 120 79 120 79 100.0000 -0.0000 34.2528
1.3019 121 78 121 78 100.0000 -0.0000 34.5187
1.3032 123 76 123 76 100.0000 -0.0000 34.7604
1.3045 124 75 124 75 100.0000 -0.0000 34.8288
1.3057 122 77 122 77 100.0000 -0.0000 34.9248
1.3070 116 83 116 83 100.0000 -0.0000 35.0913
1.3083 113 86 113 86 100.0000 -0.0000 35.2895
1.3095 113 86 113 86 100.0000 -0.0000 35.3481
1.3108 118 81 118 81 100.0000 -0.0000 35.3495
1.3121 109 90 109 90 100.0000 -0.0000 35.4693
1.3134 112 87 112 87 100.0000 -0.0000 35.5441
1.3147 107 92 107 92 100.0000 -0.0000 35.5997
1.3159 108 91 108 91 100.0000 -0.0000 35.6433
1.3172 112 87 112 87 100.0000 -0.0000 35.6383
1.3185 105 94 105 94 100.0000 -0.0000 35.7194
1.3198 109 90 109 90 100.0000 -0.0000 35.7049
1.3210 95 104 95 104 100.0000 -0.0000 35.8602
1.3223 107 92 107 92 100.0000 -0.0000 35.8574
1.3236 105 94 105 94 100.0000 -0.0000 35.8764
1.3248 98 101 98 101 100.0000 -0.0000 35.9782
1.3260 102 97 102 97 100.0000 -0.0000 36.0257
1.3273 98 101 98 101 100.0000 -0.0000 36.1354
1.3286 95 104 95 104 100.0000 -0.0000 36.2799
1.3299 98 101 98 101 100.0000 -0.0000 36.4216
1.3311 101 98 101 98 100.0000 -0.0000 36.5235
1.3324 93 106 93 106 100.0000 -0.0000 36.7308
1.3337 100 99 100 99 100.0000 -0.0000 36.8466
1.3350 98 101 98 101 100.0000 -0.0000 37.0439
1.3363 96 103 96 103 100.0000 -0.0000 37.2530
1.3376 102 97 102 97 100.0000 -0.0000 37.3963
1.3388 97 102 97 102 100.0000 -0.0000 37.6557
1.3401 94 105 94 105 100.0000 -0.0000 37.9608
1.3414 95 104 95 104 100.0000 -0.0000 38.2426
1.3427 106 93 106 93 100.0000 -0.0000 38.3872
1.3440 103 96 103 96 100.0000 -0.0000 38.6115
1.3452 105 94 105 94 100.0000 -0.0000 38.8010
1.3465 101 98 101 98 100.0000 -0.0000 39.0340
1.3478 106 93 106 93 100.0000 -0.0000 39.2131
1.3490 107 92 107 92 100.0000 -0.0000 39.4170
1.3503 106 93 106 93 100.0000 -0.0000 39.6311
1.3516 103 96 103 96 100.0000 -0.0000 39.8779
1.3528 105 94 105 94 100.0000 -0.0000 40.1043
1.3541 102 97 102 97 100.0000 -0.0000 40.3673
1.3554 99 100 99 100 100.0000 -0.0000 40.6749
1.3566 107 92 107 92 100.0000 -0.0000 40.8854
1.3579 107 92 107 92 100.0000 -0.0000 41.0888
1.3592 108 91 108 91 100.0000 -0.0000 41.3037
1.3604 112 87 112 87 100.0000 -0.0000 41.4620
1.3617 113 86 113 86 100.0000 -0.0000 41.6154
1.3630 111 88 111 88 100.0000 -0.0000 41.7914
1.3642 105 94 105 94 100.0000 -0.0000 42.0775
1.3655 109 90 109 90 100.0000 -0.0000 42.3198
1.3668 111 88 111 88 100.0000 -0.0000 42.5368
1.3680 116 83 116 83 100.0000 -0.0000 42.6848
1.3693 116 83 116 83 100.0000 -0.0000 42.9296
1.3706 115 84 115 84 100.0000 -0.0000 43.1774
1.3718 117 82 117 82 100.0000 -0.0000 43.4045
1.3731 119 80 119 80 100.0000 -0.0000 43.6026
1.3744 122 77 122 77 100.0000 -0.0000 43.9065
1.3756 125 74 125 74 100.0000 -0.0000 44.1652
1.3769 121 78 121 78 100.0000 -0.0000 44.4770
1.3781 126 73 126 73 100.0000 -0.0000 44.7245
1.3794 124 75 124 75 100.0000 -0.0000 45.1869
1.3807 122 77 122 77 100.0000 -0.0000 45.6586
1.3820 120 79 120 79 100.0000 -0.0000 46.1630
1.3832 123 76 123 76 100.0000 -0.0000 46.6248
1.3845 115 84 115 84 100.0000 -0.0000 47.3249
1.3858 124 75 124 75 100.0000 -0.0000 47.9099
1.3871 126 73 126 73 100.0000 -0.0000 48.4668
1.3884 125 74 125 74 100.0000 -0.0000 49.1136
1.3896 126 73 126 73 100.0000 -0.0000 49.7265
1.3909 133 66 133 66 100.0000 -0.0000 50.2506
1.3922 125 74 125 74 100.0000 -0.0000 50.8762
1.3935 139 60 139 60 100.0000 -0.0000 51.3152
1.3948 124 75 124 75 100.0000 -0.0000 51.9324
1.3960 139 60 139 60 100.0000 -0.0000 52.3631
1.3973 132 67 132 67 100.0000 -0.0000 52.8721
1.3986 131 68 131 68 100.0000 -0.0000 53.3253
1.3999 149 50 149 50 100.0000 -0.0000 53.5498
1.4011 132 67 132 67 100.0000 -0.0000 53.9909
1.4024 137 62 137 62 100.0000 -0.0000 54.3614
1.4037 129 70 129 70 100.0000 -0.0000 54.7708
1.4050 142 57 142 57 100.0000 -0.0000 55.0087
1.4062 138 61 138 61 100.0000 -0.0000 55.3032
1.4075 146 53 146 53 100.0000 -0.0000 55.4845
1.4088 144 55 144 55 100.0000 -0.0000 55.6633
1.4100 135 64 135 64 100.0000 -0.0000 55.9565
1.4113 149 50 149 50 100.0000 -0.0000 56.0792
1.4126 141 58 141 58 100.0000 -0.0000 56.3024
1.4138 141 58 141 58 100.0000 -0.0000 56.5336
1.4151 144 55 144 55 100.0000 -0.0000 56.7343
1.4164 148 51 148 51 100.0000 -0.0000 56.8805
1.4177 154 45 154 45 100.0000 -0.0000 56.9514
1.4189 152 47 152 47 100.0000 -0.0000 57.1057
1.4202 153 46 153 46 100.0000 -0.0000 57.2436
1.4215 152 47 152 47 100.0000 -0.0000 57.3929
1.4227 153 46 153 46 100.0000 -0.0000 57.5212
1.4240 152 47 152 47 100.0000 -0.0000 57.7346
1.4253 151 48 151 48 100.0000 -0.0000 57.9588
1.4265 159 40 159 40 100.0000 -0.0000 58.0780
1.4278 145 54 145 54 100.0000 -0.0000 58.3675
1.4291 148 51 148 51 100.0000 -0.0000 58.6928
1.4303 156 43 156 43 100.0000 -0.0000 58.9219
1.4316 156 43 156 43 100.0000 -0.0000 59.1520
1.4329 163 36 163 36 100.0000 -0.0000 59.2916
1.4341 156 43 156 43 100.0000 -0.0000 59.5600
1.4354 154 45 154 45 100.0000 -0.0000 59.8618
1.4367 157 42 157 42 100.0000 -0.0000 60.1152
1.4380 159 40 159 40 100.0000 -0.0000 60.3911
1.4392 159 40 159 40 100.0000 -0.0000 60.6542
1.4405 160 39 160 39 100.0000 -0.0000 60.8999
1.4418 157 42 157 42 100.0000 -0.0000 61.1808
1.4431 147 52 147 52 100.0000 -0.0000 61.6022
1.4443 164 35 164 35 100.0000 -0.0000 61.8058
1.4456 151 48 151 48 100.0000 -0.0000 62.1730
1.4469 154 45 154 45 100.0000 -0.0000 62.5041
1.4482 156 43 156 43 100.0000 -0.0000 62.8324
1.4494 153 46 153 46 100.0000 -0.0000 63.2006
1.4507 156 43 156 43 100.0000 -0.0000 63.5255
1.4519 155 44 155 44 100.0000 -0.0000 63.8532
1.4532 154 45 154 45 100.0000 -0.0000 64.2169
1.4544 154 45 154 45 100.0000 -0.0000 64.5886
1.4557 159 40 159 40 100.0000 -0.0000 64.8889
1.4570 154 45 154 45 100.0000 -0.0000 65.2533
1.4583 153 46 153 46 100.0000 -0.0000 65.6723
1.4595 161 38 161 38 100.0000 -0.0000 65.9864
1.4608 159 40 159 40 100.0000 -0.0000 66.3261
1.4621 157 42 157 42 100.0000 -0.0000 66.6914
1.4634 153 46 153 46 100.0000 -0.0000 67.1188
1.4647 160 39 160 39 100.0000 -0.0000 67.4462
1.4660 164 35 164 35 100.0000 -0.0000 67.7179
1.4672 160 39 160 39 100.0000 -0.0000 68.0376
1.4685 161 38 161 38 100.0000 -0.0000 68.3102
1.4698 159 40 159 40 100.0000 -0.0000 68.6073
1.4711 158 41 158 41 100.0000 -0.0000 68.9177
1.4724 158 41 158 41 100.0000 -0.0000 69.2262
1.4736 153 46 153 46 100.0000 -0.0000 69.5066
1.4749 165 34 165 34 100.0000 -0.0000 69.6303
1.4762 153 46 153 46 100.0000 -0.0000 69.9113
1.4775 153 46 153 46 100.0000 -0.0000 70.1785
1.4787 158 41 158 41 100.0000 -0.0000 70.2456
1.4800 158 41 158 41 100.0000 -0.0000 70.3104
1.4813 156 43 156 43 100.0000 -0.0000 70.4086
1.4825 163 36 163 36 100.0000 -0.0000 70.2902
1.4838 157 42 157 42 100.0000 -0.0000 70.2430
1.4850 161 38 161 38 100.0000 -0.0000 70.1378
1.4863 160 39 160 39 100.0000 -0.0000 70.0535
1.4875 160 39 160 39 100.0000 -0.0000 69.8642
1.4888 167 32 167 32 100.0000 -0.0000 69.5938
1.4901 159 40 159 40 100.0000 -0.0000 69.4252
1.4914 155 44 155 44 100.0000 -0.0000 69.3119
1.4926 162 37 162 37 100.0000 -0.0000 69.0599
1.4939 159 40 159 40 100.0000 -0.0000 68.8500
1.4952 157 42 157 42 100.0000 -0.0000 68.6560
1.4965 154 45 154 45 100.0000 -0.0000 68.5037
1.4977 152 47 152 47 100.0000 -0.0000 68.3928
1.4990 153 46 153 46 100.0000 -0.0000 68.2673
1.5003 148 51 148 51 100.0000 -0.0000 68.2150
1.5016 151 48 151 48 100.0000 -0.0000 68.1213
1.5029 156 43 156 43 100.0000 -0.0000 68.0048
1.5042 156 43 156 43 100.0000 -0.0000 67.8886
1.5055 154 45 154 45 100.0000 -0.0000 67.7973
1.5067 150 49 150 49 100.0000 -0.0000 67.7596
1.5080 152 47 152 47 100.0000 -0.0000 67.7494
1.5093 148 51 148 51 100.0000 -0.0000 67.7922
1.5105 149 50 149 50 100.0000 -0.0000 67.8277
1.5118 146 53 146 53 100.0000 -0.0000 67.9014
1.5131 158 41 158 41 100.0000 -0.0000 67.8695
1.5144 150 49 150 49 100.0000 -0.0000 67.9394
1.5157 155 44 155 44 100.0000 -0.0000 67.9442
1.5170 149 50 149 50 100.0000 -0.0000 68.0306
1.5183 152 47 152 47 100.0000 -0.0000 68.1055
1.5195 146 53 146 53 100.0000 -0.0000 68.2539
1.5208 147 52 147 52 100.0000 -0.0000 68.3855
1.5221 154 45 154 45 100.0000 -0.0000 68.4357
1.5233 145 54 145 54 100.0000 -0.0000 68.6427
1.5246 143 56 143 56 100.0000 -0.0000 68.8692
1.5259 145 54 145 54 100.0000 -0.0000 69.0710
1.5272 150 49 150 49 100.0000 -0.0000 69.2708
1.5284 144 55 144 55 100.0000 -0.0000 69.5319
1.5297 143 56 143 56 100.0000 -0.0000 69.8056
1.5309 150 49 150 49 100.0000 -0.0000 69.9933
1.5322 147 52 147 52 100.0000 -0.0000 70.2766
1.5335 149 50 149 50 100.0000 -0.0000 70.5188
1.5347 148 51 148 51 100.0000 -0.0000 70.7740
1.5360 141 58 141 58 100.0000 -0.0000 71.1212
1.5373 146 53 146 53 100.0000 -0.0000 71.4173
1.5385 156 43 156 43 100.0000 -0.0000 71.5791
1.5398 145 54 145 54 100.0000 -0.0000 71.8772
1.5411 148 51 148 51 100.0000 -0.0000 72.1471
1.5423 147 52 147 52 100.0000 -0.0000 72.4183
1.5436 149 50 149 50 100.0000 -0.0000 72.6612
1.5449 159 40 159 40 100.0000 -0.0000 72.7739
1.5461 154 45 154 45 100.0000 -0.0000 72.9459
1.5474 152 47 152 47 100.0000 -0.0000 73.0957
1.5487 151 48 151 48 100.0000 -0.0000 73.2605
1.5500 159 40 159 40 100.0000 -0.0000 73.3189
1.5512 149 50 149 50 100.0000 -0.0000 73.4892
1.5525 149 50 149 50 100.0000 -0.0000 73.6220
1.5537 160 39 160 39 100.0000 -0.0000 73.6174
1.5550 156 43 156 43 100.0000 -0.0000 73.6675
1.5563 154 45 154 45 100.0000 -0.0000 73.7428
1.5576 159 40 159 40 100.0000 -0.0000 73.7254
1.5589 160 39 160 39 100.0000 -0.0000 73.6997
1.5602 156 43 156 43 100.0000 -0.0000 73.7264
1.5614 152 47 152 47 100.0000 -0.0000 73.7878
1.5627 153 46 153 46 100.0000 -0.0000 73.8500
1.5640 155 44 155 44 100.0000 -0.0000 73.9019
1.5653 158 41 158 41 100.0000 -0.0000 73.9109
1.5666 150 49 150 49 100.0000 -0.0000 74.0076
1.5679 158 41 158 41 100.0000 -0.0000 74.0383
1.5691 151 48 151 48 100.0000 -0.0000 74.1456
1.5704 151 48 151 48 100.0000 -0.0000 74.2562
1.5717 161 38 161 38 100.0000 -0.0000 74.2477
1.5730 160 39 160 39 100.0000 -0.0000 74.2953
1.5742 152 47 152 47 100.0000 -0.0000 74.4445
1.5755 165 34 165 34 100.0000 -0.0000 74.4373
1.5768 161 38 161 38 100.0000 -0.0000 74.5418
1.5781 155 44 155 44 100.0000 -0.0000 74.7177
1.5793 158 41 158 41 100.0000 -0.0000 74.8532
1.5806 162 37 162 37 100.0000 -0.0000 74.9393
1.5819 159 40 159 40 100.0000 -0.0000 75.1479
1.5832 160 39 160 39 100.0000 -0.0000 75.3360
1.5844 160 39 160 39 100.0000 -0.0000 75.5244
1.5857 162 37 162 37 100.0000 -0.0000 75.6895
1.5870 164 35 164 35 100.0000 -0.0000 75.9194
1.5882 171 28 171 28 100.0000 -0.0000 76.0579
1.5895 164 35 164 35 100.0000 -0.0000 76.2772
1.5908 172 27 172 27 100.0000 -0.0000 76.4023
1.5920 176 23 176 23 100.0000 -0.0000 76.5647
1.5933 176 23 176 23 100.0000 -0.0000 76.7339
1.5946 161 38 161 38 100.0000 -0.0000 77.0794
1.5959 172 27 172 27 100.0000 -0.0000 77.2849
1.5971 173 26 173 26 100.0000 -0.0000 77.5425
1.5984 181 18 181 18 100.0000 -0.0000 77.7000
1.5997 181 18 181 18 100.0000 -0.0000 77.8556
1.6009 186 13 186 13 100.0000 -0.0000 77.9561
1.6022 178 21 178 21 100.0000 -0.0000 78.1939
1.6035 177 22 177 22 100.0000 -0.0000 78.4331
1.6048 183 16 183 16 100.0000 -0.0000 78.5918
1.6060 180 19 180 19 100.0000 -0.0000 78.7933
1.6073 178 21 178 21 100.0000 -0.0000 79.0339
1.6086 180 19 180 19 100.0000 -0.0000 79.2483
1.6098 174 25 174 25 100.0000 -0.0000 79.5371
1.6111 178 21 178 21 100.0000 -0.0000 79.7663
1.6123 181 18 181 18 100.0000 -0.0000 79.9599
1.6136 173 26 173 26 100.0000 -0.0000 80.2531
1.6148 179 20 179 20 100.0000 -0.0000 80.4775
1.6161 178 21 178 21 100.0000 -0.0000 80.7104
1.6174 186 13 186 13 100.0000 -0.0000 80.8341
1.6187 183 16 183 16 100.0000 -0.0000 80.9951
1.6199 182 17 182 17 100.0000 -0.0000 81.1688
1.6212 177 22 177 22 100.0000 -0.0000 81.4019
1.6225 177 22 177 22 100.0000 -0.0000 81.6449
1.6238 179 20 179 20 100.0000 -0.0000 81.8561
1.6251 187 12 187 12 100.0000 -0.0000 81.9622
1.6263 186 13 186 13 100.0000 -0.0000 82.0894
1.6276 186 13 186 13 100.0000 -0.0000 82.2154
1.6289 179 20 179 20 100.0000 -0.0000 82.4348
1.6302 178 21 178 21 100.0000 -0.0000 82.6581
1.6315 178 21 178 21 100.0000 -0.0000 82.8896
1.6328 178 21 178 21 100.0000 -0.0000 83.1221
1.6341 177 22 177 22 100.0000 -0.0000 83.3610
1.6354 177 22 177 22 100.0000 -0.0000 83.5963
1.6367 178 21 178 21 100.0000 -0.0000 83.8349
1.6380 175 24 175 24 100.0000 -0.0000 84.1169
1.6393 181 18 181 18 100.0000 -0.0000 84.3113
1.6406 172 27 172 27 100.0000 -0.0000 84.6263
1.6419 172 27 172 27 100.0000 -0.0000 84.9472
1.6431 171 28 171 28 100.0000 -0.0000 85.2703
1.6444 177 22 177 22 100.0000 -0.0000 85.5119
1.6457 169 30 169 30 100.0000 -0.0000 85.8560
1.6470 174 25 174 25 100.0000 -0.0000 86.1139
1.6483 172 27 172 27 100.0000 -0.0000 86.3951
1.6495 167 32 167 32 100.0000 -0.0000 86.7299
1.6508 166 33 166 33 100.0000 -0.0000 87.0729
1.6521 172 27 172 27 100.0000 -0.0000 87.3071
1.6533 168 31 168 31 100.0000 -0.0000 87.5969
1.6546 170 29 170 29 100.0000 -0.0000 87.8606
1.6558 168 31 168 31 100.0000 -0.0000 88.1420
1.6571 174 25 174 25 100.0000 -0.0000 88.2868
1.6583 170 29 170 29 100.0000 -0.0000 88.4877
1.6596 172 27 172 27 100.0000 -0.0000 88.6547
1.6608 172 27 172 27 100.0000 -0.0000 88.8296
1.6621 168 31 168 31 100.0000 -0.0000 89.0050
1.6634 181 18 181 18 100.0000 -0.0000 89.0219
1.6646 175 24 175 24 100.0000 -0.0000 89.1061
1.6659 176 23 176 23 100.0000 -0.0000 89.1840
1.6671 175 24 175 24 100.0000 -0.0000 89.2300
1.6684 169 30 169 30 100.0000 -0.0000 89.3561
1.6697 177 22 177 22 100.0000 -0.0000 89.3843
1.6709 186 13 186 13 100.0000 -0.0000 89.3013
1.6722 168 31 168 31 100.0000 -0.0000 89.4325
1.6734 166 33 166 33 100.0000 -0.0000 89.5883
1.6747 174 25 174 25 100.0000 -0.0000 89.6481
1.6759 177 22 177 22 100.0000 -0.0000 89.6898
1.6772 171 28 171 28 100.0000 -0.0000 89.8250
1.6785 171 28 171 28 100.0000 -0.0000 89.9596
1.6799 177 22 177 22 100.0000 -0.0000 90.0223
1.6811 175 24 175 24 100.0000 -0.0000 90.1695
1.6824 170 29 170 29 100.0000 -0.0000 90.3783
1.6837 179 20 179 20 100.0000 -0.0000 90.4745
1.6849 180 19 180 19 100.0000 -0.0000 90.5630
1.6862 175 24 175 24 100.0000 -0.0000 90.8394
1.6875 172 27 172 27 100.0000 -0.0000 91.1430
1.6888 186 13 186 13 100.0000 -0.0000 91.2699
1.6900 186 13 186 13 100.0000 -0.0000 91.3950
1.6913 182 17 182 17 100.0000 -0.0000 91.7066
1.6926 187 12 187 12 100.0000 -0.0000 91.9571
1.6939 189 10 189 10 100.0000 -0.0000 92.1781
1.6951 185 14 185 14 100.0000 -0.0000 92.4450
1.6964 184 15 184 15 100.0000 -0.0000 92.8526
1.6977 189 10 189 10 100.0000 -0.0000 93.1882
1.6989 185 14 185 14 100.0000 -0.0000 93.5708
1.7002 192 7 192 7 100.0000 -0.0000 93.8706
1.7014 191 8 191 8 100.0000 -0.0000 94.2653
1.7027 190 9 190 9 100.0000 -0.0000 94.6667
1.7040 185 14 185 14 100.0000 -0.0000 95.1277
1.7052 188 11 188 11 100.0000 -0.0000 95.5416
1.7065 188 11 188 11 100.0000 -0.0000 95.9656
1.7078 187 12 187 12 100.0000 -0.0000 96.3996
1.7090 192 7 192 7 100.0000 -0.0000 96.7700
1.7103 177 22 177 22 100.0000 -0.0000 97.3287
1.7116 193 6 193 6 100.0000 -0.0000 97.6423
1.7129 182 17 182 17 100.0000 -0.0000 98.0905
1.7141 185 14 185 14 100.0000 -0.0000 98.5001
1.7154 182 17 182 17 100.0000 -0.0000 98.9416
1.7167 188 11 188 11 100.0000 -0.0000 99.2175
1.7179 190 9 190 9 100.0000 -0.0000 99.4567
1.7192 184 15 184 15 100.0000 -0.0000 99.7756
1.7205 190 9 190 9 100.0000 -0.0000 100.0121
1.7218 189 10 189 10 100.0000 -0.0000 100.1600
1.7230 184 15 184 15 100.0000 -0.0000 100.3775
1.7243 192 7 192 7 100.0000 -0.0000 100.4901
1.7256 183 16 183 16 100.0000 -0.0000 100.6204
1.7269 181 18 181 18 100.0000 -0.0000 100.7759
1.7282 189 10 189 10 100.0000 -0.0000 100.8363
1.7294 184 15 184 15 100.0000 -0.0000 100.9550
1.7307 184 15 184 15 100.0000 -0.0000 101.0219
1.7320 183 16 183 16 100.0000 -0.0000 101.0985
1.7333 190 9 190 9 100.0000 -0.0000 101.0862
1.7345 184 15 184 15 100.0000 -0.0000 101.1549
1.7358 195 4 195 4 100.0000 -0.0000 101.0865
1.7371 185 14 185 14 100.0000 -0.0000 101.1456
1.7384 188 11 188 11 100.0000 -0.0000 101.1726
1.7397 183 16 183 16 100.0000 -0.0000 101.2519
1.7410 192 7 192 7 100.0000 -0.0000 101.2681
1.7423 180 19 180 19 100.0000 -0.0000 101.4280
1.7436 192 7 192 7 100.0000 -0.0000 101.4362
1.7448 189 10 189 10 100.0000 -0.0000 101.4860
1.7461 182 17 182 17 100.0000 -0.0000 101.6910
1.7474 188 11 188 11 100.0000 -0.0000 101.8133
1.7487 201 -1 201 -1 100.0000 -0.0000 101.7802
1.7500 193 6 193 6 100.0000 -0.0000 101.8403
1.7513 200 0 200 0 100.0000 -0.0000 101.8457
1.7526 191 8 191 8 100.0000 -0.0000 101.9640
1.7538 196 3 196 3 100.0000 -0.0000 102.0247
1.7551 193 6 193 6 100.0000 -0.0000 102.1155
1.7564 196 3 196 3 100.0000 -0.0000 102.2136
1.7577 192 7 192 7 100.0000 -0.0000 102.3631
1.7590 197 2 197 2 100.0000 -0.0000 102.4435
1.7602 177 22 177 22 100.0000 -0.0000 102.7849
1.7615 194 5 194 5 100.0000 -0.0000 102.8817
1.7628 189 10 189 10 100.0000 -0.0000 103.0385
1.7641 189 10 189 10 100.0000 -0.0000 103.1949
1.7653 196 3 196 3 100.0000 -0.0000 103.2419
1.7666 193 6 193 6 100.0000 -0.0000 103.3335
1.7679 194 5 194 5 100.0000 -0.0000 103.4024
1.7691 190 9 190 9 100.0000 -0.0000 103.5262
1.7704 197 2 197 2 100.0000 -0.0000 103.5076
1.7716 188 11 188 11 100.0000 -0.0000 103.6074
1.7729 196 3 196 3 100.0000 -0.0000 103.6014
1.7741 192 7 192 7 100.0000 -0.0000 103.6455
1.7753 198 1 198 1 100.0000 -0.0000 103.5823
1.7766 192 7 192 7 100.0000 -0.0000 103.5942
1.7778 194 5 194 5 100.0000 -0.0000 103.5816
1.7791 200 0 200 0 100.0000 -0.0000 103.4989
1.7804 196 3 196 3 100.0000 -0.0000 103.4199
1.7817 192 7 192 7 100.0000 -0.0000 103.3962
1.7830 198 1 198 1 100.0000 -0.0000 103.2894
1.7842 198 1 198 1 100.0000 -0.0000 103.1873
1.7855 191 8 191 8 100.0000 -0.0000 103.1397
1.7868 202 -2 202 -2 100.0000 -0.0000 102.9509
1.7881 191 8 191 8 100.0000 -0.0000 102.9025
1.7894 199 0 199 0 100.0000 -0.0000 102.7527
1.7906 192 7 192 7 100.0000 -0.0000 102.6768
1.7919 189 10 189 10 100.0000 -0.0000 102.6375
1.7931 201 -1 201 -1 100.0000 -0.0000 102.4501
1.7944 203 -3 203 -3 100.0000 -0.0000 102.2402
1.7956 205 -5 205 -5 100.0000 -0.0000 102.0024
1.7969 199 0 199 0 100.0000 -0.0000 101.8361
1.7982 198 1 198 1 100.0000 -0.0000 101.6857
1.7994 203 -3 203 -3 100.0000 -0.0000 101.4797
1.8007 204 -4 204 -4 100.0000 -0.0000 101.2710
1.8020 194 5 194 5 100.0000 -0.0000 101.1941
1.8032 191 8 191 8 100.0000 -0.0000 101.1505
1.8045 198 1 198 1 100.0000 -0.0000 101.0225
1.8058 208 -8 208 -8 100.0000 -0.0000 100.8087
1.8070 201 -1 201 -1 100.0000 -0.0000 100.6817
1.8083 207 -7 207 -7 100.0000 -0.0000 100.4830
1.8095 204 -4 204 -4 100.0000 -0.0000 100.3202
1.8108 194 5 194 5 100.0000 -0.0000 100.3454
1.8121 200 0 200 0 100.0000 -0.0000 100.2942
1.8134 195 4 195 4 100.0000 -0.0000 100.3049
1.8147 195 4 195 4 100.0000 -0.0000 100.3763
1.8160 189 10 189 10 100.0000 -0.0000 100.5237
1.8173 192 7 192 7 100.0000 -0.0000 100.6362
1.8185 197 2 197 2 100.0000 -0.0000 100.6914
1.8198 196 3 196 3 100.0000 -0.0000 100.8112
1.8210 188 11 188 11 100.0000 -0.0000 101.0408
1.8223 186 13 186 13 100.0000 -0.0000 101.2935
1.8235 182 17 182 17 100.0000 -0.0000 101.5903
1.8248 184 15 184 15 100.0000 -0.0000 101.9057
1.8261 179 20 179 20 100.0000 -0.0000 102.2995
1.8275 187 12 187 12 100.0000 -0.0000 102.5809
1.8287 184 15 184 15 100.0000 -0.0000 102.8971
1.8300 191 8 191 8 100.0000 -0.0000 103.1361
1.8313 184 15 184 15 100.0000 -0.0000 103.4578
1.8326 184 15 184 15 100.0000 -0.0000 103.7789
1.8338 182 17 182 17 100.0000 -0.0000 104.1177
1.8351 191 8 191 8 100.0000 -0.0000 104.3228
1.8363 179 20 179 20 100.0000 -0.0000 104.6692
1.8376 184 15 184 15 100.0000 -0.0000 104.9516
1.8389 194 5 194 5 100.0000 -0.0000 105.1203
1.8402 192 7 192 7 100.0000 -0.0000 105.2706
1.8414 181 18 181 18 100.0000 -0.0000 105.5586
1.8427 188 11 188 11 100.0000 -0.0000 105.7569
1.8440 188 11 188 11 100.0000 -0.0000 105.9505
1.8453 191 8 191 8 100.0000 -0.0000 106.0832
1.8466 195 4 195 4 100.0000 -0.0000 106.1592
1.8478 193 6 193 6 100.0000 -0.0000 106.2669
1.8491 201 -1 201 -1 100.0000 -0.0000 106.2658
1.8504 197 2 197 2 100.0000 -0.0000 106.3022
1.8517 193 6 193 6 100.0000 -0.0000 106.3907
1.8529 191 8 191 8 100.0000 -0.0000 106.5102
1.8542 197 2 197 2 100.0000 -0.0000 106.5462
1.8555 193 6 193 6 100.0000 -0.0000 106.6597
1.8567 194 5 194 5 100.0000 -0.0000 106.7670
1.8580 213 -13 213 -13 100.0000 -0.0000 106.6353
1.8593 203 -3 203 -3 100.0000 -0.0000 106.6934
1.8606 199 0 199 0 100.0000 -0.0000 106.7796
1.8619 200 0 200 0 100.0000 -0.0000 106.8521
1.8631 207 -7 207 -7 100.0000 -0.0000 106.8363
1.8644 204 -4 204 -4 100.0000 -0.0000 106.9393
1.8657 211 -11 211 -11 100.0000 -0.0000 106.9521
1.8669 199 0 199 0 100.0000 -0.0000 107.1060
1.8682 196 3 196 3 100.0000 -0.0000 107.3057
1.8694 201 -1 201 -1 100.0000 -0.0000 107.5053
1.8707 204 -4 204 -4 100.0000 -0.0000 107.6576
1.8720 215 -15 215 -15 100.0000 -0.0000 107.6819
1.8732 202 -2 202 -2 100.0000 -0.0000 107.8600
1.8745 209 -9 209 -9 100.0000 -0.0000 108.0239
1.8758 214 -14 214 -14 100.0000 -0.0000 108.1294
1.8771 205 -5 205 -5 100.0000 -0.0000 108.3480
1.8783 204 -4 204 -4 100.0000 -0.0000 108.5734
1.8796 206 -6 206 -6 100.0000 -0.0000 108.8257
1.8809 211 -11 211 -11 100.0000 -0.0000 109.0206
1.8821 208 -8 208 -8 100.0000 -0.0000 109.2517
1.8834 208 -8 208 -8 100.0000 -0.0000 109.4782
1.8847 216 -16 216 -16 100.0000 -0.0000 109.6447
1.8859 207 -7 207 -7 100.0000 -0.0000 109.9289
1.8872 203 -3 203 -3 100.0000 -0.0000 110.2638
1.8885 209 -9 209 -9 100.0000 -0.0000 110.5137
1.8897 215 -15 215 -15 100.0000 -0.0000 110.7208
1.8910 210 -10 210 -10 100.0000 -0.0000 110.9800
1.8923 217 -17 217 -17 100.0000 -0.0000 111.1573
1.8935 217 -17 217 -17 100.0000 -0.0000 111.3311
1.8948 211 -11 211 -11 100.0000 -0.0000 111.5893
1.8961 214 -14 214 -14 100.0000 -0.0000 111.8026
1.8974 210 -10 210 -10 100.0000 -0.0000 112.0748
1.8987 209 -9 209 -9 100.0000 -0.0000 112.3479
1.9000 205 -5 205 -5 100.0000 -0.0000 112.6681
1.9012 215 -15 215 -15 100.0000 -0.0000 112.8618
1.9025 213 -13 213 -13 100.0000 -0.0000 113.0805
1.9038 203 -3 203 -3 100.0000 -0.0000 113.4285
1.9051 203 -3 203 -3 100.0000 -0.0000 113.7419
1.9064 211 -11 211 -11 100.0000 -0.0000 113.9458
1.9077 215 -15 215 -15 100.0000 -0.0000 114.0953
1.9089 208 -8 208 -8 100.0000 -0.0000 114.2917
1.9102 210 -10 210 -10 100.0000 -0.0000 114.4474
1.9115 208 -8 208 -8 100.0000 -0.0000 114.6278
1.9128 213 -13 213 -13 100.0000 -0.0000 114.7507
1.9141 215 -15 215 -15 100.0000 -0.0000 114.7795
1.9153 207 -7 207 -7 100.0000 -0.0000 114.9035
1.9166 216 -16 216 -16 100.0000 -0.0000 114.9157
1.9179 219 -19 219 -19 100.0000 -0.0000 114.8933
1.9191 205 -5 205 -5 100.0000 -0.0000 114.9871
1.9204 215 -15 215 -15 100.0000 -0.0000 114.9624
1.9216 211 -11 211 -11 100.0000 -0.0000 114.9815
1.9229 212 -12 212 -12 100.0000 -0.0000 114.9883
1.9242 212 -12 212 -12 100.0000 -0.0000 114.9559
1.9255 216 -16 216 -16 100.0000 -0.0000 114.8731
1.9267 203 -3 203 -3 100.0000 -0.0000 114.9534
1.9280 214 -14 214 -14 100.0000 -0.0000 114.9034
1.9292 215 -15 215 -15 100.0000 -0.0000 114.8194
1.9305 219 -19 219 -19 100.0000 -0.0000 114.6911
1.9318 218 -18 218 -18 100.0000 -0.0000 114.5786
1.9331 225 -25 225 -25 100.0000 -0.0000 114.3755
1.9344 223 -23 223 -23 100.0000 -0.0000 114.1797
1.9357 220 -20 220 -20 100.0000 -0.0000 114.0243
1.9369 219 -19 219 -19 100.0000 -0.0000 113.8844
1.9382 220 -20 220 -20 100.0000 -0.0000 113.7251
1.9395 226 -26 226 -26 100.0000 -0.0000 113.4884
1.9408 229 -29 229 -29 100.0000 -0.0000 113.2169
1.9421 221 -21 221 -21 100.0000 -0.0000 113.0396
1.9433 229 -29 229 -29 100.0000 -0.0000 112.7683
1.9446 221 -21 221 -21 100.0000 -0.0000 112.5760
1.9459 216 -16 216 -16 100.0000 -0.0000 112.4437
1.9472 222 -22 222 -22 100.0000 -0.0000 112.2446
1.9484 221 -21 221 -21 100.0000 -0.0000 112.0485
1.9497 225 -25 225 -25 100.0000 -0.0000 111.7906
1.9509 227 -27 227 -27 100.0000 -0.0000 111.5142
1.9522 227 -27 227 -27 100.0000 -0.0000 111.2383
1.9534 223 -23 223 -23 100.0000 -0.0000 111.0145
1.9547 216 -16 216 -16 100.0000 -0.0000 110.8582
1.9559 220 -20 220 -20 100.0000 -0.0000 110.6544
1.9572 227 -27 227 -27 100.0000 -0.0000 110.3639
1.9585 226 -26 226 -26 100.0000 -0.0000 110.0811
1.9597 221 -21 221 -21 100.0000 -0.0000 109.8750
1.9610 225 -25 225 -25 100.0000 -0.0000 109.6209
1.9622 221 -21 221 -21 100.0000 -0.0000 109.4209
1.9635 218 -18 218 -18 100.0000 -0.0000 109.2473
1.9647 217 -17 217 -17 100.0000 -0.0000 109.0952
1.9660 223 -23 223 -23 100.0000 -0.0000 108.8667
1.9672 215 -15 215 -15 100.0000 -0.0000 108.7403
1.9685 218 -18 218 -18 100.0000 -0.0000 108.5742
1.9697 222 -22 222 -22 100.0000 -0.0000 108.3730
1.9710 211 -11 211 -11 100.0000 -0.0000 108.3090
1.9722 209 -9 209 -9 100.0000 -0.0000 108.2696
1.9735 221 -21 221 -21 100.0000 -0.0000 108.0654
1.9748 214 -14 214 -14 100.0000 -0.0000 107.9641
1.9760 213 -13 213 -13 100.0000 -0.0000 107.8707
1.9773 218 -18 218 -18 100.0000 -0.0000 107.7126
1.9785 218 -18 218 -18 100.0000 -0.0000 107.5394
1.9799 208 -8 208 -8 100.0000 -0.0000 107.4933
1.9812 214 -14 214 -14 100.0000 -0.0000 107.3649
1.9824 206 -6 206 -6 100.0000 -0.0000 107.3373
1.9837 213 -13 213 -13 100.0000 -0.0000 107.1862
1.9850 220 -20 220 -20 100.0000 -0.0000 106.9501
1.9862 218 -18 218 -18 100.0000 -0.0000 106.7322
1.9875 217 -17 217 -17 100.0000 -0.0000 106.5385
1.9888 214 -14 214 -14 100.0000 -0.0000 106.3426
1.9901 214 -14 214 -14 100.0000 -0.0000 106.1507
1.9913 214 -14 214 -14 100.0000 -0.0000 105.9662
1.9926 205 -5 205 -5 100.0000 -0.0000 105.8854
1.9938 208 -8 208 -8 100.0000 -0.0000 105.7403
1.9951 201 -1 201 -1 100.0000 -0.0000 105.6847
1.9963 213 -13 213 -13 100.0000 -0.0000 105.4742
1.9976 206 -6 206 -6 100.0000 -0.0000 105.3582
1.9989 204 -4 204 -4 100.0000 -0.0000 105.2533
2.0002 204 -4 204 -4 100.0000 -0.0000 105.1562
2.0014 211 -11 211 -11 100.0000 -0.0000 104.9694
2.0027 216 -16 216 -16 100.0000 -0.0000 104.7185
2.0040 209 -9 209 -9 100.0000 -0.0000 104.5550
2.0053 215 -15 215 -15 100.0000 -0.0000 104.3209
2.0066 209 -9 209 -9 100.0000 -0.0000 104.1707
2.0079 221 -21 221 -21 100.0000 -0.0000 103.8619
2.0091 206 -6 206 -6 100.0000 -0.0000 103.7430
2.0104 201 -1 201 -1 100.0000 -0.0000 103.6903
2.0117 205 -5 205 -5 100.0000 -0.0000 103.5912
2.0130 206 -6 206 -6 100.0000 -0.0000 103.4777
2.0143 203 -3 203 -3 100.0000 -0.0000 103.4040
2.0156 205 -5 205 -5 100.0000 -0.0000 103.3144
2.0168 201 -1 201 -1 100.0000 -0.0000 103.2676
2.0181 206 -6 206 -6 100.0000 -0.0000 103.1698
2.0193 209 -9 209 -9 100.0000 -0.0000 103.0447
2.0206 214 -14 214 -14 100.0000 -0.0000 102.8598
2.0219 199 0 199 0 100.0000 -0.0000 102.8566
2.0231 206 -6 206 -6 100.0000 -0.0000 102.7877
2.0244 197 2 197 2 100.0000 -0.0000 102.8243
2.0256 214 -14 214 -14 100.0000 -0.0000 102.6575
2.0269 208 -8 208 -8 100.0000 -0.0000 102.5667
2.0281 214 -14 214 -14 100.0000 -0.0000 102.4350
2.0294 206 -6 206 -6 100.0000 -0.0000 102.4062
2.0307 203 -3 203 -3 100.0000 -0.0000 102.4045
2.0319 203 -3 203 -3 100.0000 -0.0000 102.4059
2.0332 208 -8 208 -8 100.0000 -0.0000 102.3800
2.0345 212 -12 212 -12 100.0000 -0.0000 102.3073
2.0358 200 0 200 0 100.0000 -0.0000 102.3826
2.0371 206 -6 206 -6 100.0000 -0.0000 102.3785
2.0383 203 -3 203 -3 100.0000 -0.0000 102.4382
2.0396 204 -4 204 -4 100.0000 -0.0000 102.4778
2.0409 210 -10 210 -10 100.0000 -0.0000 102.4390
2.0422 212 -12 212 -12 100.0000 -0.0000 102.3812
2.0434 205 -5 205 -5 100.0000 -0.0000 102.4077
2.0447 206 -6 206 -6 100.0000 -0.0000 102.4234
2.0460 214 -14 214 -14 100.0000 -0.0000 102.3345
2.0473 205 -5 205 -5 100.0000 -0.0000 102.3544
2.0486 205 -5 205 -5 100.0000 -0.0000 102.3518
2.0499 203 -3 203 -3 100.0000 -0.0000 102.3775
2.0511 203 -3 203 -3 100.0000 -0.0000 102.3958
2.0524 206 -6 206 -6 100.0000 -0.0000 102.3841
2.0537 203 -3 203 -3 100.0000 -0.0000 102.3588
2.0550 208 -8 208 -8 100.0000 -0.0000 102.2736
2.0562 198 1 198 1 100.0000 -0.0000 102.3186
2.0575 207 -7 207 -7 100.0000 -0.0000 102.2423
2.0588 212 -12 212 -12 100.0000 -0.0000 102.0680
2.0601 204 -4 204 -4 100.0000 -0.0000 101.9987
2.0614 204 -4 204 -4 100.0000 -0.0000 101.9297
2.0627 205 -5 205 -5 100.0000 -0.0000 101.8280
2.0639 208 -8 208 -8 100.0000 -0.0000 101.6801
2.0652 213 -13 213 -13 100.0000 -0.0000 101.4611
2.0665 206 -6 206 -6 100.0000 -0.0000 101.3466
2.0678 203 -3 203 -3 100.0000 -0.0000 101.2592
2.0691 204 -4 204 -4 100.0000 -0.0000 101.1545
2.0703 212 -12 212 -12 100.0000 -0.0000 100.9471
2.0716 196 3 196 3 100.0000 -0.0000 100.9454
2.0728 199 0 199 0 100.0000 -0.0000 100.9159
2.0741 201 -1 201 -1 100.0000 -0.0000 100.8565
2.0754 198 1 198 1 100.0000 -0.0000 100.8357
2.0767 204 -4 204 -4 100.0000 -0.0000 100.7393
2.0779 201 -1 201 -1 100.0000 -0.0000 100.6913
2.0792 199 0 199 0 100.0000 -0.0000 100.6681
2.0805 212 -12 212 -12 100.0000 -0.0000 100.4921
2.0818 207 -7 207 -7 100.0000 -0.0000 100.3709
2.0830 212 -12 212 -12 100.0000 -0.0000 100.2196
2.0843 203 -3 203 -3 100.0000 -0.0000 100.1759
2.0856 201 -1 201 -1 100.0000 -0.0000 100.1526
2.0869 204 -4 204 -4 100.0000 -0.0000 100.0972
2.0882 201 -1 201 -1 100.0000 -0.0000 100.1089
2.0894 208 -8 208 -8 100.0000 -0.0000 100.0344
2.0907 208 -8 208 -8 100.0000 -0.0000 99.9639
2.0919 202 -2 202 -2 100.0000 -0.0000 99.9672
2.0932 214 -14 214 -14 100.0000 -0.0000 99.8598
2.0944 206 -6 206 -6 100.0000 -0.0000 99.8497
2.0956 209 -9 209 -9 100.0000 -0.0000 99.7967
2.0969 207 -7 207 -7 100.0000 -0.0000 99.7658
2.0981 209 -9 209 -9 100.0000 -0.0000 99.7527
2.0994 204 -4 204 -4 100.0000 -0.0000 99.7968
2.1007 203 -3 203 -3 100.0000 -0.0000 99.8582
2.1019 210 -10 210 -10 100.0000 -0.0000 99.8285
2.1032 217 -17 217 -17 100.0000 -0.0000 99.7205
2.1045 211 -11 211 -11 100.0000 -0.0000 99.6806
2.1058 216 -16 216 -16 100.0000 -0.0000 99.5733
2.1071 200 0 200 0 100.0000 -0.0000 99.6818
2.1084 213 -13 213 -13 100.0000 -0.0000 99.6216
2.1096 215 -15 215 -15 100.0000 -0.0000 99.5364
2.1109 210 -10 210 -10 100.0000 -0.0000 99.5147
2.1122 210 -10 210 -10 100.0000 -0.0000 99.4814
2.1134 204 -4 204 -4 100.0000 -0.0000 99.5178
2.1147 212 -12 212 -12 100.0000 -0.0000 99.4574
2.1160 205 -5 205 -5 100.0000 -0.0000 99.4772
2.1172 214 -14 214 -14 100.0000 -0.0000 99.3672
2.1185 212 -12 212 -12 100.0000 -0.0000 99.2762
2.1198 203 -3 203 -3 100.0000 -0.0000 99.3054
2.1211 204 -4 204 -4 100.0000 -0.0000 99.3170
2.1223 203 -3 203 -3 100.0000 -0.0000 99.3260
2.1236 208 -8 208 -8 100.0000 -0.0000 99.2684
2.1248 209 -9 209 -9 100.0000 -0.0000 99.1991
2.1261 197 2 197 2 100.0000 -0.0000 99.2820
2.1274 208 -8 208 -8 100.0000 -0.0000 99.2138
2.1286 197 2 197 2 100.0000 -0.0000 99.2838
2.1299 205 -5 205 -5 100.0000 -0.0000 99.2473
2.1312 205 -5 205 -5 100.0000 -0.0000 99.2118
2.1325 197 2 197 2 100.0000 -0.0000 99.2682
2.1338 212 -12 212 -12 100.0000 -0.0000 99.1289
2.1351 198 1 198 1 100.0000 -0.0000 99.1689
2.1364 193 6 193 6 100.0000 -0.0000 99.2797
2.1377 199 0 199 0 100.0000 -0.0000 99.3134
2.1390 200 0 200 0 100.0000 -0.0000 99.3326
2.1403 196 3 196 3 100.0000 -0.0000 99.4067
2.1415 192 7 192 7 100.0000 -0.0000 99.5298
2.1428 204 -4 204 -4 100.0000 -0.0000 99.5025
2.1441 194 5 194 5 100.0000 -0.0000 99.5959
2.1454 203 -3 203 -3 100.0000 -0.0000 99.5852
2.1466 206 -6 206 -6 100.0000 -0.0000 99.5254
2.1479 202 -2 202 -2 100.0000 -0.0000 99.5300
2.1492 206 -6 206 -6 100.0000 -0.0000 99.4812
2.1505 203 -3 203 -3 100.0000 -0.0000 99.4689
2.1518 205 -5 205 -5 100.0000 -0.0000 99.4320
2.1531 194 5 194 5 100.0000 -0.0000 99.5470
2.1544 194 5 194 5 100.0000 -0.0000 99.6673
2.1556 184 15 184 15 100.0000 -0.0000 99.9030
2.1569 199 0 199 0 100.0000 -0.0000 99.9598
2.1582 196 3 196 3 100.0000 -0.0000 100.0356
2.1595 202 -2 202 -2 100.0000 -0.0000 100.0412
2.1608 208 -8 208 -8 100.0000 -0.0000 99.9730
2.1621 213 -13 213 -13 100.0000 -0.0000 99.8188
2.1634 213 -13 213 -13 100.0000 -0.0000 99.6702
2.1647 208 -8 208 -8 100.0000 -0.0000 99.5782
2.1660 210 -10 210 -10 100.0000 -0.0000 99.4702
2.1672 205 -5 205 -5 100.0000 -0.0000 99.3914
2.1685 201 -1 201 -1 100.0000 -0.0000 99.3630
2.1698 209 -9 209 -9 100.0000 -0.0000 99.2367
2.1710 212 -12 212 -12 100.0000 -0.0000 99.0753
2.1723 207 -7 207 -7 100.0000 -0.0000 98.9363
2.1736 205 -5 205 -5 100.0000 -0.0000 98.8312
2.1749 208 -8 208 -8 100.0000 -0.0000 98.6904
2.1761 208 -8 208 -8 100.0000 -0.0000 98.5555
2.1774 215 -15 215 -15 100.0000 -0.0000 98.3050
2.1787 210 -10 210 -10 100.0000 -0.0000 98.1220
2.1799 208 -8 208 -8 100.0000 -0.0000 97.9678
2.1812 203 -3 203 -3 100.0000 -0.0000 97.8694
2.1825 218 -18 218 -18 100.0000 -0.0000 97.5823
2.1838 210 -10 210 -10 100.0000 -0.0000 97.4003
2.1851 217 -17 217 -17 100.0000 -0.0000 97.1362
2.1863 212 -12 212 -12 100.0000 -0.0000 96.9353
2.1876 206 -6 206 -6 100.0000 -0.0000 96.8230
2.1889 208 -8 208 -8 100.0000 -0.0000 96.6869
2.1902 205 -5 205 -5 100.0000 -0.0000 96.5912
2.1914 214 -14 214 -14 100.0000 -0.0000 96.3848
2.1927 209 -9 209 -9 100.0000 -0.0000 96.2708
2.1940 206 -6 206 -6 100.0000 -0.0000 96.1878
2.1953 200 0 200 0 100.0000 -0.0000 96.1827
2.1966 208 -8 208 -8 100.0000 -0.0000 96.0769
2.1979 210 -10 210 -10 100.0000 -0.0000 95.9579
2.1992 209 -9 209 -9 100.0000 -0.0000 95.8580
2.2004 209 -9 209 -9 100.0000 -0.0000 95.7601
2.2017 211 -11 211 -11 100.0000 -0.0000 95.6436
2.2030 207 -7 207 -7 100.0000 -0.0000 95.5739
2.2043 208 -8 208 -8 100.0000 -0.0000 95.4904
2.2056 204 -4 204 -4 100.0000 -0.0000 95.4571
2.2068 216 -16 216 -16 100.0000 -0.0000 95.2641
2.2081 215 -15 215 -15 100.0000 -0.0000 95.0842
2.2094 212 -12 212 -12 100.0000 -0.0000 94.9373
2.2106 206 -6 206 -6 100.0000 -0.0000 94.8742
2.2119 213 -13 213 -13 100.0000 -0.0000 94.6803
2.2132 204 -4 204 -4 100.0000 -0.0000 94.6072
2.2145 215 -15 215 -15 100.0000 -0.0000 94.3907
2.2158 216 -16 216 -16 100.0000 -0.0000 94.1608
2.2171 213 -13 213 -13 100.0000 -0.0000 93.9247
2.2183 204 -4 204 -4 100.0000 -0.0000 93.8154
2.2196 209 -9 209 -9 100.0000 -0.0000 93.6388
2.2209 207 -7 207 -7 100.0000 -0.0000 93.4896
2.2222 213 -13 213 -13 100.0000 -0.0000 93.2128
2.2234 215 -15 215 -15 100.0000 -0.0000 92.9086
2.2247 211 -11 211 -11 100.0000 -0.0000 92.6647
2.2260 210 -10 210 -10 100.0000 -0.0000 92.4280
2.2273 221 -21 221 -21 100.0000 -0.0000 91.9868
2.2285 213 -13 213 -13 100.0000 -0.0000 91.6625
2.2298 212 -12 212 -12 100.0000 -0.0000 91.3510
2.2310 214 -14 214 -14 100.0000 -0.0000 91.0139
2.2323 209 -9 209 -9 100.0000 -0.0000 90.6949
2.2336 210 -10 210 -10 100.0000 -0.0000 90.3695
2.2349 208 -8 208 -8 100.0000 -0.0000 90.0645
2.2362 204 -4 204 -4 100.0000 -0.0000 89.7755
2.2375 200 0 200 0 100.0000 -0.0000 89.5358
2.2387 200 0 200 0 100.0000 -0.0000 89.3010
2.2400 207 -7 207 -7 100.0000 -0.0000 88.9794
2.2413 206 -6 206 -6 100.0000 -0.0000 88.6560
2.2425 201 -1 201 -1 100.0000 -0.0000 88.3991
2.2438 199 0 199 0 100.0000 -0.0000 88.1688
2.2451 204 -4 204 -4 100.0000 -0.0000 87.8808
2.2464 196 3 196 3 100.0000 -0.0000 87.7102
2.2476 200 0 200 0 100.0000 -0.0000 87.4962
2.2489 199 0 199 0 100.0000 -0.0000 87.2933
2.2502 203 -3 203 -3 100.0000 -0.0000 87.0375
2.2515 204 -4 204 -4 100.0000 -0.0000 86.8269
2.2528 196 3 196 3 100.0000 -0.0000 86.7213
2.2540 191 8 191 8 100.0000 -0.0000 86.6703
2.2553 194 5 194 5 100.0000 -0.0000 86.5794
2.2566 203 -3 203 -3 100.0000 -0.0000 86.4496
2.2578 201 -1 201 -1 100.0000 -0.0000 86.3424
2.2591 196 3 196 3 100.0000 -0.0000 86.2949
2.2604 199 0 199 0 100.0000 -0.0000 86.2207
2.2616 202 -2 202 -2 100.0000 -0.0000 86.1593
2.2629 200 0 200 0 100.0000 -0.0000 86.1177
2.2642 194 5 194 5 100.0000 -0.0000 86.1542
2.2654 191 8 191 8 100.0000 -0.0000 86.2313
2.2667 193 6 193 6 100.0000 -0.0000 86.3010
2.2679 201 -1 201 -1 100.0000 -0.0000 86.2714
2.2692 201 -1 201 -1 100.0000 -0.0000 86.2414
2.2705 193 6 193 6 100.0000 -0.0000 86.3086
2.2717 202 -2 202 -2 100.0000 -0.0000 86.2550
2.2730 196 3 196 3 100.0000 -0.0000 86.2778
2.2742 195 4 195 4 100.0000 -0.0000 86.3169
2.2755 200 0 200 0 100.0000 -0.0000 86.2850
2.2767 195 4 195 4 100.0000 -0.0000 86.2783
2.2780 202 -2 202 -2 100.0000 -0.0000 86.1907
2.2793 206 -6 206 -6 100.0000 -0.0000 86.0474
2.2805 200 0 200 0 100.0000 -0.0000 85.9751
2.2818 205 -5 205 -5 100.0000 -0.0000 85.7879
2.2831 199 0 199 0 100.0000 -0.0000 85.6726
2.2844 199 0 199 0 100.0000 -0.0000 85.5691
2.2857 201 -1 201 -1 100.0000 -0.0000 85.4382
2.2869 198 1 198 1 100.0000 -0.0000 85.2916
2.2882 206 -6 206 -6 100.0000 -0.0000 85.0489
2.2895 202 -2 202 -2 100.0000 -0.0000 84.8416
2.2908 205 -5 205 -5 100.0000 -0.0000 84.5709
2.2921 206 -6 206 -6 100.0000 -0.0000 84.2763
2.2933 207 -7 207 -7 100.0000 -0.0000 83.9763
2.2946 204 -4 204 -4 100.0000 -0.0000 83.7105
2.2959 205 -5 205 -5 100.0000 -0.0000 83.4188
2.2972 204 -4 204 -4 100.0000 -0.0000 83.1382
2.2984 199 0 199 0 100.0000 -0.0000 82.9273
2.2997 205 -5 205 -5 100.0000 -0.0000 82.6458
2.3010 203 -3 203 -3 100.0000 -0.0000 82.3952
2.3022 200 0 200 0 100.0000 -0.0000 82.1823
2.3035 201 -1 201 -1 100.0000 -0.0000 81.9540
2.3048 199 0 199 0 100.0000 -0.0000 81.7547
2.3061 197 2 197 2 100.0000 -0.0000 81.6182
2.3073 202 -2 202 -2 100.0000 -0.0000 81.4123
2.3086 204 -4 204 -4 100.0000 -0.0000 81.1822
2.3099 201 -1 201 -1 100.0000 -0.0000 80.9885
2.3112 202 -2 202 -2 100.0000 -0.0000 80.8664
2.3125 194 5 194 5 100.0000 -0.0000 80.8413
2.3138 191 8 191 8 100.0000 -0.0000 80.8521
2.3151 197 2 197 2 100.0000 -0.0000 80.7817
2.3164 200 0 200 0 100.0000 -0.0000 80.7459
2.3177 200 0 200 0 100.0000 -0.0000 80.7117
2.3190 188 11 188 11 100.0000 -0.0000 80.8217
2.3202 196 3 196 3 100.0000 -0.0000 80.8382
2.3215 193 6 193 6 100.0000 -0.0000 80.9378
2.3228 193 6 193 6 100.0000 -0.0000 81.0424
2.3241 194 5 194 5 100.0000 -0.0000 81.1276
2.3253 190 9 190 9 100.0000 -0.0000 81.2595
2.3266 200 0 200 0 100.0000 -0.0000 81.2546
2.3279 201 -1 201 -1 100.0000 -0.0000 81.2464
2.3291 196 3 196 3 100.0000 -0.0000 81.2959
2.3304 196 3 196 3 100.0000 -0.0000 81.2914
2.3317 205 -5 205 -5 100.0000 -0.0000 81.1671
2.3329 205 -5 205 -5 100.0000 -0.0000 81.0394
2.3342 202 -2 202 -2 100.0000 -0.0000 80.9414
2.3355 199 0 199 0 100.0000 -0.0000 80.8071
2.3368 198 1 198 1 100.0000 -0.0000 80.6558
2.3381 202 -2 202 -2 100.0000 -0.0000 80.4579
2.3393 202 -2 202 -2 100.0000 -0.0000 80.2692
2.3406 199 0 199 0 100.0000 -0.0000 79.9989
2.3418 206 -6 206 -6 100.0000 -0.0000 79.6464
2.3431 201 -1 201 -1 100.0000 -0.0000 79.3531
2.3444 199 0 199 0 100.0000 -0.0000 79.0858
2.3457 206 -6 206 -6 100.0000 -0.0000 78.6281
2.3470 203 -3 203 -3 100.0000 -0.0000 78.2118
2.3483 207 -7 207 -7 100.0000 -0.0000 77.7375
2.3496 197 2 197 2 100.0000 -0.0000 77.3998
2.3508 200 0 200 0 100.0000 -0.0000 76.9666
2.3521 204 -4 204 -4 100.0000 -0.0000 76.4865
2.3533 199 0 199 0 100.0000 -0.0000 76.0624
2.3546 191 8 191 8 100.0000 -0.0000 75.7420
2.3558 198 1 198 1 100.0000 -0.0000 75.2954
2.3571 193 6 193 6 100.0000 -0.0000 74.9062
2.3584 207 -7 207 -7 100.0000 -0.0000 74.3533
2.3596 192 7 192 7 100.0000 -0.0000 73.9827
2.3609 198 1 198 1 100.0000 -0.0000 73.5184
2.3622 197 2 197 2 100.0000 -0.0000 73.0561
2.3635 196 3 196 3 100.0000 -0.0000 72.6092
2.3648 198 1 198 1 100.0000 -0.0000 72.1426
2.3661 198 1 198 1 100.0000 -0.0000 71.6545
2.3674 192 7 192 7 100.0000 -0.0000 71.2498
2.3686 192 7 192 7 100.0000 -0.0000 70.8447
2.3699 197 2 197 2 100.0000 -0.0000 70.3817
2.3712 196 3 196 3 100.0000 -0.0000 69.9083
2.3725 188 11 188 11 100.0000 -0.0000 69.5412
2.3737 192 7 192 7 100.0000 -0.0000 69.1248
2.3750 198 1 198 1 100.0000 -0.0000 68.5975
2.3763 194 5 194 5 100.0000 -0.0000 68.1220
2.3775 195 4 195 4 100.0000 -0.0000 67.6279
2.3788 190 9 190 9 100.0000 -0.0000 67.2085
2.3801 199 0 199 0 100.0000 -0.0000 66.6524
2.3813 188 11 188 11 100.0000 -0.0000 66.2402
2.3826 191 8 191 8 100.0000 -0.0000 65.7835
2.3839 193 6 193 6 100.0000 -0.0000 65.2958
2.3852 189 10 189 10 100.0000 -0.0000 64.8446
2.3864 183 16 183 16 100.0000 -0.0000 64.4767
2.3877 186 13 186 13 100.0000 -0.0000 64.0747
2.3890 185 14 185 14 100.0000 -0.0000 63.6855
2.3902 190 9 190 9 100.0000 -0.0000 63.2280
2.3915 184 15 184 15 100.0000 -0.0000 62.8461
2.3927 189 10 189 10 100.0000 -0.0000 62.4032
2.3940 186 13 186 13 100.0000 -0.0000 61.9968
2.3953 183 16 183 16 100.0000 -0.0000 61.6419
2.3965 183 16 183 16 100.0000 -0.0000 61.2800
2.3978 183 16 183 16 100.0000 -0.0000 60.9254
2.3991 180 19 180 19 100.0000 -0.0000 60.6028
2.4003 181 18 181 18 100.0000 -0.0000 60.2802
2.4017 184 15 184 15 100.0000 -0.0000 59.9131
2.4029 183 16 183 16 100.0000 -0.0000 59.5769
2.4042 184 15 184 15 100.0000 -0.0000 59.2266
2.4055 188 11 188 11 100.0000 -0.0000 58.8272
2.4068 180 19 180 19 100.0000 -0.0000 58.5157
2.4081 177 22 177 22 100.0000 -0.0000 58.2468
2.4093 184 15 184 15 100.0000 -0.0000 57.8994
2.4106 182 17 182 17 100.0000 -0.0000 57.5490
2.4119 181 18 181 18 100.0000 -0.0000 57.2090
2.4131 182 17 182 17 100.0000 -0.0000 56.8736
2.4144 189 10 189 10 100.0000 -0.0000 56.4328
2.4157 190 9 190 9 100.0000 -0.0000 55.9460
2.4170 175 24 175 24 100.0000 -0.0000 55.6571
2.4183 172 27 172 27 100.0000 -0.0000 55.4048
2.4195 176 23 176 23 100.0000 -0.0000 55.0988
2.4208 182 17 182 17 100.0000 -0.0000 54.6725
2.4221 177 22 177 22 100.0000 -0.0000 54.3108
2.4234 184 15 184 15 100.0000 -0.0000 53.8615
2.4246 174 25 174 25 100.0000 -0.0000 53.5007
2.4259 172 27 172 27 100.0000 -0.0000 53.1682
2.4272 184 15 184 15 100.0000 -0.0000 52.6928
2.4284 174 25 174 25 100.0000 -0.0000 52.3412
2.4297 182 17 182 17 100.0000 -0.0000 51.8747
2.4310 186 13 186 13 100.0000 -0.0000 51.3714
2.4322 173 26 173 26 100.0000 -0.0000 51.0255
2.4335 179 20 179 20 100.0000 -0.0000 50.6110
2.4348 185 14 185 14 100.0000 -0.0000 50.1326
2.4360 177 22 177 22 100.0000 -0.0000 49.7770
2.4373 177 22 177 22 100.0000 -0.0000 49.4133
2.4386 178 21 178 21 100.0000 -0.0000 49.0422
2.4398 179 20 179 20 100.0000 -0.0000 48.7147
2.4411 177 22 177 22 100.0000 -0.0000 48.4061
2.4424 175 24 175 24 100.0000 -0.0000 48.1136
2.4437 183 16 183 16 100.0000 -0.0000 47.7248
2.4450 179 20 179 20 100.0000 -0.0000 47.4015
2.4463 180 19 180 19 100.0000 -0.0000 47.0995
2.4475 179 20 179 20 100.0000 -0.0000 46.8153
2.4488 188 11 188 11 100.0000 -0.0000 46.4161
2.4500 175 24 175 24 100.0000 -0.0000 46.2165
2.4513 184 15 184 15 100.0000 -0.0000 45.8998
2.4526 181 18 181 18 100.0000 -0.0000 45.6235
2.4538 182 17 182 17 100.0000 -0.0000 45.3368
2.4551 179 20 179 20 100.0000 -0.0000 45.0980
2.4564 175 24 175 24 100.0000 -0.0000 44.8983
2.4576 183 16 183 16 100.0000 -0.0000 44.6033
2.4589 173 26 173 26 100.0000 -0.0000 44.4484
2.4602 176 23 176 23 100.0000 -0.0000 44.2396
2.4615 173 26 173 26 100.0000 -0.0000 44.0551
2.4627 180 19 180 19 100.0000 -0.0000 43.7979
2.4640 177 22 177 22 100.0000 -0.0000 43.5742
2.4653 168 31 168 31 100.0000 -0.0000 43.4397
2.4666 178 21 178 21 100.0000 -0.0000 43.1686
2.4678 178 21 178 21 100.0000 -0.0000 42.9101
2.4691 171 28 171 28 100.0000 -0.0000 42.7314
2.4704 175 24 175 24 100.0000 -0.0000 42.4700
2.4717 175 24 175 24 100.0000 -0.0000 42.2127
2.4730 180 19 180 19 100.0000 -0.0000 41.9022
2.4742 161 38 161 38 100.0000 -0.0000 41.7849
2.4755 173 26 173 26 100.0000 -0.0000 41.5371
2.4768 165 34 165 34 100.0000 -0.0000 41.3852
2.4780 168 31 168 31 100.0000 -0.0000 41.2018
2.4793 171 28 171 28 100.0000 -0.0000 40.9633
2.4806 166 33 166 33 100.0000 -0.0000 40.7891
2.4819 151 48 151 48 100.0000 -0.0000 40.8163
2.4831 163 36 163 36 100.0000 -0.0000 40.6935
2.4844 166 33 166 33 100.0000 -0.0000 40.5368
2.4856 163 36 163 36 100.0000 -0.0000 40.4229
2.4869 163 36 163 36 100.0000 -0.0000 40.2995
2.4881 157 42 157 42 100.0000 -0.0000 40.2640
2.4894 153 46 153 46 100.0000 -0.0000 40.2958
2.4906 159 40 159 40 100.0000 -0.0000 40.2513
2.4919 164 35 164 35 100.0000 -0.0000 40.1414
2.4932 153 46 153 46 100.0000 -0.0000 40.1726
2.4944 162 37 162 37 100.0000 -0.0000 40.1017
2.4957 154 45 154 45 100.0000 -0.0000 40.1340
2.4970 153 46 153 46 100.0000 -0.0000 40.1852
2.4983 155 44 155 44 100.0000 -0.0000 40.2022
2.4995 153 46 153 46 100.0000 -0.0000 40.2275
2.5008 153 46 153 46 100.0000 -0.0000 40.2597
2.5020 155 44 155 44 100.0000 -0.0000 40.2719
2.5033 156 43 156 43 100.0000 -0.0000 40.2672
2.5045 154 45 154 45 100.0000 -0.0000 40.2409
2.5057 150 49 150 49 100.0000 -0.0000 40.2674
2.5070 148 51 148 51 100.0000 -0.0000 40.3166
2.5083 154 45 154 45 100.0000 -0.0000 40.2894
2.5095 154 45 154 45 100.0000 -0.0000 40.1947
2.5108 142 57 142 57 100.0000 -0.0000 40.2522
2.5120 149 50 149 50 100.0000 -0.0000 40.2223
2.5133 159 40 159 40 100.0000 -0.0000 40.0733
2.5146 156 43 156 43 100.0000 -0.0000 39.8840
2.5158 152 47 152 47 100.0000 -0.0000 39.7532
2.5171 151 48 151 48 100.0000 -0.0000 39.6336
2.5184 144 55 144 55 100.0000 -0.0000 39.6075
2.5196 150 49 150 49 100.0000 -0.0000 39.4582
2.5209 155 44 155 44 100.0000 -0.0000 39.2464
2.5221 152 47 152 47 100.0000 -0.0000 39.0735
2.5234 155 44 155 44 100.0000 -0.0000 38.8702
2.5246 148 51 148 51 100.0000 -0.0000 38.7183
2.5258 149 50 149 50 100.0000 -0.0000 38.5592
2.5271 154 45 154 45 100.0000 -0.0000 38.3353
2.5283 153 46 153 46 100.0000 -0.0000 38.1214
2.5296 148 51 148 51 100.0000 -0.0000 37.9570
2.5309 158 41 158 41 100.0000 -0.0000 37.6564
2.5322 152 47 152 47 100.0000 -0.0000 37.4491
2.5335 156 43 156 43 100.0000 -0.0000 37.1859
2.5347 155 44 155 44 100.0000 -0.0000 36.9212
2.5360 157 42 157 42 100.0000 -0.0000 36.6316
2.5372 151 48 151 48 100.0000 -0.0000 36.4160
2.5390 154 45 154 45 100.0000 -0.0000 36.0913
2.5403 152 47 152 47 100.0000 -0.0000 35.8322
2.5415 156 43 156 43 100.0000 -0.0000 35.5314
2.5428 163 36 163 36 100.0000 -0.0000 35.1425
2.5441 146 53 146 53 100.0000 -0.0000 34.9395
2.5454 154 45 154 45 100.0000 -0.0000 34.6262
2.5466 152 47 152 47 100.0000 -0.0000 34.3463
2.5479 145 54 145 54 100.0000 -0.0000 34.1570
2.5492 151 48 151 48 100.0000 -0.0000 33.8506
2.5504 148 51 148 51 100.0000 -0.0000 33.5819
2.5517 150 49 150 49 100.0000 -0.0000 33.2848
2.5530 149 50 149 50 100.0000 -0.0000 33.0127
2.5542 148 51 148 51 100.0000 -0.0000 32.7160
2.5555 147 52 147 52 100.0000 -0.0000 32.4398
2.5568 158 41 158 41 100.0000 -0.0000 32.0289
2.5580 156 43 156 43 100.0000 -0.0000 31.6415
2.5593 158 41 158 41 100.0000 -0.0000 31.2305
2.5605 149 50 149 50 100.0000 -0.0000 30.9386
2.5617 145 54 145 54 100.0000 -0.0000 30.6923
2.5630 155 44 155 44 100.0000 -0.0000 30.3265
2.5642 151 48 151 48 100.0000 -0.0000 30.0195
2.5654 141 58 141 58 100.0000 -0.0000 29.8322
2.5666 150 49 150 49 100.0000 -0.0000 29.5374
2.5679 149 50 149 50 100.0000 -0.0000 29.2598
2.5691 163 36 163 36 100.0000 -0.0000 28.8257
2.5704 149 50 149 50 100.0000 -0.0000 28.5613
2.5716 146 53 146 53 100.0000 -0.0000 28.3391
2.5729 145 54 145 54 100.0000 -0.0000 28.1296
2.5741 144 55 144 55 100.0000 -0.0000 27.9446
2.5754 146 53 146 53 100.0000 -0.0000 27.7273
2.5767 153 46 153 46 100.0000 -0.0000 27.4257
2.5779 155 44 155 44 100.0000 -0.0000 27.1021
2.5792 151 48 151 48 100.0000 -0.0000 26.8286
2.5805 150 49 150 49 100.0000 -0.0000 26.5752
2.5817 150 49 150 49 100.0000 -0.0000 26.3180
2.5830 148 51 148 51 100.0000 -0.0000 26.0899
2.5843 147 52 147 52 100.0000 -0.0000 25.8552
2.5855 155 44 155 44 100.0000 -0.0000 25.5285
2.5868 145 54 145 54 100.0000 -0.0000 25.3218
2.5881 151 48 151 48 100.0000 -0.0000 25.0408
2.5894 144 55 144 55 100.0000 -0.0000 24.8036
2.5907 150 49 150 49 100.0000 -0.0000 24.4977
2.5919 146 53 146 53 100.0000 -0.0000 24.2520
2.5933 146 53 146 53 100.0000 -0.0000 23.9364
2.5945 149 50 149 50 100.0000 -0.0000 23.5849
2.5958 146 53 146 53 100.0000 -0.0000 23.2711
2.5971 149 50 149 50 100.0000 -0.0000 22.9291
2.5984 139 60 139 60 100.0000 -0.0000 22.6257
2.5997 139 60 139 60 100.0000 -0.0000 22.3254
2.6010 136 63 136 63 100.0000 -0.0000 22.0646
2.6022 146 53 146 53 100.0000 -0.0000 21.6760
2.6035 150 49 150 49 100.0000 -0.0000 21.1417
2.6048 139 60 139 60 100.0000 -0.0000 20.7563
2.6061 144 55 144 55 100.0000 -0.0000 20.3076
2.6073 146 53 146 53 100.0000 -0.0000 19.8414
2.6087 140 59 140 59 100.0000 -0.0000 19.3564
2.6100 143 56 143 56 100.0000 -0.0000 18.8489
2.6112 141 58 141 58 100.0000 -0.0000 18.3611
2.6125 136 63 136 63 100.0000 -0.0000 17.9408
2.6138 142 57 142 57 100.0000 -0.0000 17.3794
2.6151 140 59 140 59 100.0000 -0.0000 16.8535
2.6164 142 57 142 57 100.0000 -0.0000 16.3143
2.6177 137 62 137 62 100.0000 -0.0000 15.8301
2.6189 136 63 136 63 100.0000 -0.0000 15.3319
2.6202 146 53 146 53 100.0000 -0.0000 14.7057
2.6215 142 57 142 57 100.0000 -0.0000 14.1283
2.6227 133 66 133 66 100.0000 -0.0000 13.6804
2.6240 141 58 141 58 100.0000 -0.0000 13.1428
2.6252 132 67 132 67 100.0000 -0.0000 12.7188
2.6265 135 64 135 64 100.0000 -0.0000 12.2652
2.6278 132 67 132 67 100.0000 -0.0000 11.8474
2.6290 137 62 137 62 100.0000 -0.0000 11.3955
2.6303 134 65 134 65 100.0000 -0.0000 10.9906
2.6316 132 67 132 67 100.0000 -0.0000 10.6020
2.6329 136 63 136 63 100.0000 -0.0000 10.2350
2.6341 129 70 129 70 100.0000 -0.0000 9.9683
2.6354 125 74 125 74 100.0000 -0.0000 9.7459
2.6366 127 72 127 72 100.0000 -0.0000 9.5033
2.6379 140 59 140 59 100.0000 -0.0000 9.1726
2.6391 134 65 134 65 100.0000 -0.0000 8.9191
2.6404 127 72 127 72 100.0000 -0.0000 8.7549
2.6417 125 74 125 74 100.0000 -0.0000 8.6138
2.6429 123 76 123 76 100.0000 -0.0000 8.5759
2.6442 128 71 128 71 100.0000 -0.0000 8.4731
2.6454 129 70 129 70 100.0000 -0.0000 8.3575
2.6467 128 71 128 71 100.0000 -0.0000 8.2497
2.6480 132 67 132 67 100.0000 -0.0000 8.1366
2.6493 123 76 123 76 100.0000 -0.0000 8.1277
2.6506 128 71 128 71 100.0000 -0.0000 8.0690
2.6518 124 75 124 75 100.0000 -0.0000 8.0574
2.6531 131 68 131 68 100.0000 -0.0000 7.9736
2.6543 136 63 136 63 100.0000 -0.0000 7.8293
2.6556 125 74 125 74 100.0000 -0.0000 7.8147
2.6568 118 81 118 81 100.0000 -0.0000 7.8926
2.6581 114 85 114 85 100.0000 -0.0000 7.9826
2.6593 130 69 130 69 100.0000 -0.0000 7.8624
2.6606 118 81 118 81 100.0000 -0.0000 7.8906
2.6619 128 71 128 71 100.0000 -0.0000 7.7969
2.6632 128 71 128 71 100.0000 -0.0000 7.6324
2.6644 123 76 123 76 100.0000 -0.0000 7.5471
2.6657 125 74 125 74 100.0000 -0.0000 7.4392
2.6670 122 77 122 77 100.0000 -0.0000 7.3688
2.6682 123 76 123 76 100.0000 -0.0000 7.2156
2.6695 126 73 126 73 100.0000 -0.0000 7.0214
2.6708 119 80 119 80 100.0000 -0.0000 6.9110
2.6721 124 75 124 75 100.0000 -0.0000 6.7404
2.6733 129 70 129 70 100.0000 -0.0000 6.4502
2.6746 128 71 128 71 100.0000 -0.0000 6.1787
2.6759 126 73 126 73 100.0000 -0.0000 5.9356
2.6772 122 77 122 77 100.0000 -0.0000 5.7413
2.6785 125 74 125 74 100.0000 -0.0000 5.4739
2.6797 126 73 126 73 100.0000 -0.0000 5.1914
2.6810 122 77 122 77 100.0000 -0.0000 4.9607
2.6822 120 79 120 79 100.0000 -0.0000 4.7558
2.6835 123 76 123 76 100.0000 -0.0000 4.5052
2.6847 121 78 121 78 100.0000 -0.0000 4.2829
2.6860 126 73 126 73 100.0000 -0.0000 3.9972
2.6872 121 78 121 78 100.0000 -0.0000 3.7725
2.6885 122 77 122 77 100.0000 -0.0000 3.5197
2.6898 123 76 123 76 100.0000 -0.0000 3.2582
2.6911 122 77 122 77 100.0000 -0.0000 3.0057
2.6924 119 80 119 80 100.0000 -0.0000 2.7894
2.6936 127 72 127 72 100.0000 -0.0000 2.4693
2.6949 132 67 132 67 100.0000 -0.0000 2.0890
2.6962 137 62 137 62 100.0000 -0.0000 1.6532
2.6974 123 76 123 76 100.0000 -0.0000 1.4014
2.6987 123 76 123 76 100.0000 -0.0000 1.1347
2.7000 122 77 122 77 100.0000 -0.0000 0.8977
2.7013 124 75 124 75 100.0000 -0.0000 0.6222
2.7026 126 73 126 73 100.0000 -0.0000 0.3170
2.7039 127 72 127 72 100.0000 -0.0000 0.0134
2.7051 125 74 125 74 100.0000 -0.0000 -0.2701
2.7064 119 80 119 80 100.0000 -0.0000 -0.4707
2.7077 124 75 124 75 100.0000 -0.0000 -0.7286
2.7090 118 81 118 81 100.0000 -0.0000 -0.9177
2.7103 124 75 124 75 100.0000 -0.0000 -1.1860
2.7116 126 73 126 73 100.0000 -0.0000 -1.4789
2.7128 128 71 128 71 100.0000 -0.0000 -1.7946
2.7141 122 77 122 77 100.0000 -0.0000 -2.0267
2.7154 117 82 117 82 100.0000 -0.0000 -2.1932
2.7167 118 81 118 81 100.0000 -0.0000 -2.3791
2.7180 125 74 125 74 100.0000 -0.0000 -2.6343
2.7193 124 75 124 75 100.0000 -0.0000 -2.8822
2.7206 128 71 128 71 100.0000 -0.0000 -3.1684
2.7219 123 76 123 76 100.0000 -0.0000 -3.3945
2.7231 116 83 116 83 100.0000 -0.0000 -3.5094
2.7244 119 80 119 80 100.0000 -0.0000 -3.6682
2.7257 128 71 128 71 100.0000 -0.0000 -3.9355
2.7269 122 77 122 77 100.0000 -0.0000 -4.1192
2.7282 119 80 119 80 100.0000 -0.0000 -4.2648
2.7295 117 82 117 82 100.0000 -0.0000 -4.3880
2.7308 116 83 116 83 100.0000 -0.0000 -4.5028
2.7321 123 76 123 76 100.0000 -0.0000 -4.6993
2.7334 118 81 118 81 100.0000 -0.0000 -4.8384
2.7346 128 71 128 71 100.0000 -0.0000 -5.0936
2.7359 112 87 112 87 100.0000 -0.0000 -5.1515
2.7371 120 79 120 79 100.0000 -0.0000 -5.3257
2.7384 121 78 121 78 100.0000 -0.0000 -5.5149
2.7397 124 75 124 75 100.0000 -0.0000 -5.7291
2.7409 116 83 116 83 100.0000 -0.0000 -5.8391
2.7421 116 83 116 83 100.0000 -0.0000 -5.9705
2.7434 120 79 120 79 100.0000 -0.0000 -6.1636
2.7447 116 83 116 83 100.0000 -0.0000 -6.3020
2.7459 121 78 121 78 100.0000 -0.0000 -6.4966
2.7472 116 83 116 83 100.0000 -0.0000 -6.6564
2.7485 120 79 120 79 100.0000 -0.0000 -6.8637
2.7498 122 77 122 77 100.0000 -0.0000 -7.0998
2.7510 118 81 118 81 100.0000 -0.0000 -7.2788
2.7523 118 81 118 81 100.0000 -0.0000 -7.4802
2.7536 119 80 119 80 100.0000 -0.0000 -7.6932
2.7548 111 88 111 88 100.0000 -0.0000 -7.8037
2.7561 119 80 119 80 100.0000 -0.0000 -8.0088
2.7573 116 83 116 83 100.0000 -0.0000 -8.2086
2.7586 117 82 117 82 100.0000 -0.0000 -8.4230
2.7599 121 78 121 78 100.0000 -0.0000 -8.6866
2.7611 117 82 117 82 100.0000 -0.0000 -8.9006
2.7624 125 74 125 74 100.0000 -0.0000 -9.2478
2.7637 122 77 122 77 100.0000 -0.0000 -9.5542
2.7649 104 95 104 95 100.0000 -0.0000 -9.6405
2.7662 114 85 114 85 100.0000 -0.0000 -9.8494
2.7675 107 92 107 92 100.0000 -0.0000 -10.0282
2.7688 115 84 115 84 100.0000 -0.0000 -10.3110
2.7700 116 83 116 83 100.0000 -0.0000 -10.5984
2.7713 107 92 107 92 100.0000 -0.0000 -10.7788
2.7725 102 97 102 97 100.0000 -0.0000 -10.9579
2.7738 113 86 113 86 100.0000 -0.0000 -11.2713
2.7750 106 93 106 93 100.0000 -0.0000 -11.5007
2.7763 105 94 105 94 100.0000 -0.0000 -11.7139
2.7776 103 96 103 96 100.0000 -0.0000 -11.9633
2.7788 118 81 118 81 100.0000 -0.0000 -12.4037
2.7801 100 99 100 99 100.0000 -0.0000 -12.6103
2.7814 105 94 105 94 100.0000 -0.0000 -12.8784
2.7826 104 95 104 95 100.0000 -0.0000 -13.1725
2.7839 91 108 91 108 100.0000 -0.0000 -13.2997
2.7852 100 99 100 99 100.0000 -0.0000 -13.5323
2.7864 95 104 95 104 100.0000 -0.0000 -13.7086
2.7877 98 101 98 101 100.0000 -0.0000 -13.9271
2.7890 90 109 90 109 100.0000 -0.0000 -14.0500
2.7902 98 101 98 101 100.0000 -0.0000 -14.2658
2.7915 98 101 98 101 100.0000 -0.0000 -14.4809
2.7928 100 99 100 99 100.0000 -0.0000 -14.7291
2.7941 92 107 92 107 100.0000 -0.0000 -14.8810
2.7954 91 108 91 108 100.0000 -0.0000 -15.0123
2.7966 86 113 86 113 100.0000 -0.0000 -15.1217
2.7979 93 106 93 106 100.0000 -0.0000 -15.3152
2.7992 101 98 101 98 100.0000 -0.0000 -15.6141
2.8004 96 103 96 103 100.0000 -0.0000 -15.8379
2.8017 101 98 101 98 100.0000 -0.0000 -16.2133
2.8030 100 99 100 99 100.0000 -0.0000 -16.5682
2.8042 94 105 94 105 100.0000 -0.0000 -16.8438
2.8055 95 104 95 104 100.0000 -0.0000 -17.1391
2.8068 93 106 93 106 100.0000 -0.0000 -17.5293
2.8080 89 110 89 110 100.0000 -0.0000 -17.8595
2.8093 97 102 97 102 100.0000 -0.0000 -18.2858
2.8106 92 107 92 107 100.0000 -0.0000 -18.6508
2.8119 88 111 88 111 100.0000 -0.0000 -19.0834
2.8131 90 109 90 109 100.0000 -0.0000 -19.5455
2.8144 92 107 92 107 100.0000 -0.0000 -20.0247
2.8157 85 114 85 114 100.0000 -0.0000 -20.4103
2.8170 87 112 87 112 100.0000 -0.0000 -20.9128
2.8182 86 113 86 113 100.0000 -0.0000 -21.4035
2.8195 82 117 82 117 100.0000 -0.0000 -21.8339
2.8208 86 113 86 113 100.0000 -0.0000 -22.3176
2.8220 93 106 93 106 100.0000 -0.0000 -22.9239
2.8233 88 111 88 111 100.0000 -0.0000 -23.4677
2.8246 91 108 91 108 100.0000 -0.0000 -24.0433
2.8258 86 113 86 113 100.0000 -0.0000 -24.5536
2.8271 83 116 83 116 100.0000 -0.0000 -25.0233
2.8284 83 116 83 116 100.0000 -0.0000 -25.4897
2.8297 83 116 83 116 100.0000 -0.0000 -25.9507
2.8309 83 116 83 116 100.0000 -0.0000 -26.4121
2.8322 90 109 90 109 100.0000 -0.0000 -26.9156
2.8335 85 114 85 114 100.0000 -0.0000 -27.3583
2.8348 87 112 87 112 100.0000 -0.0000 -27.8161
2.8360 82 117 82 117 100.0000 -0.0000 -28.2024
2.8373 85 114 85 114 100.0000 -0.0000 -28.5464
2.8386 83 116 83 116 100.0000 -0.0000 -28.8675
2.8398 84 115 84 115 100.0000 -0.0000 -29.1922
2.8411 86 113 86 113 100.0000 -0.0000 -29.4566
2.8423 80 119 80 119 100.0000 -0.0000 -29.6464
2.8436 86 113 86 113 100.0000 -0.0000 -29.9153
2.8449 80 119 80 119 100.0000 -0.0000 -30.1023
2.8461 87 112 87 112 100.0000 -0.0000 -30.2907
2.8474 86 113 86 113 100.0000 -0.0000 -30.4756
2.8487 83 116 83 116 100.0000 -0.0000 -30.6115
2.8499 88 111 88 111 100.0000 -0.0000 -30.8059
2.8512 83 116 83 116 100.0000 -0.0000 -30.8753
2.8524 89 110 89 110 100.0000 -0.0000 -31.0267
2.8537 87 112 87 112 100.0000 -0.0000 -31.1480
2.8549 90 109 90 109 100.0000 -0.0000 -31.3077
2.8562 85 114 85 114 100.0000 -0.0000 -31.3806
2.8575 90 109 90 109 100.0000 -0.0000 -31.5055
2.8587 82 117 82 117 100.0000 -0.0000 -31.5406
2.8600 82 117 82 117 100.0000 -0.0000 -31.5701
2.8612 88 111 88 111 100.0000 -0.0000 -31.6801
2.8625 83 116 83 116 100.0000 -0.0000 -31.7268
2.8638 87 112 87 112 100.0000 -0.0000 -31.8266
2.8651 95 104 95 104 100.0000 -0.0000 -32.0211
2.8663 96 103 96 103 100.0000 -0.0000 -32.2457
2.8676 87 112 87 112 100.0000 -0.0000 -32.3660
2.8689 91 108 91 108 100.0000 -0.0000 -32.5329
2.8701 83 116 83 116 100.0000 -0.0000 -32.5941
2.8714 89 110 89 110 100.0000 -0.0000 -32.7558
2.8726 92 107 92 107 100.0000 -0.0000 -32.9664
2.8739 99 100 99 100 100.0000 -0.0000 -33.2530
2.8751 87 112 87 112 100.0000 -0.0000 -33.3817
2.8764 91 108 91 108 100.0000 -0.0000 -33.6000
2.8776 88 111 88 111 100.0000 -0.0000 -33.7765
2.8789 94 105 94 105 100.0000 -0.0000 -34.0429
2.8803 84 115 84 115 100.0000 -0.0000 -34.1839
2.8816 97 102 97 102 100.0000 -0.0000 -34.5215
2.8828 89 110 89 110 100.0000 -0.0000 -34.7608
2.8841 90 109 90 109 100.0000 -0.0000 -35.0124
2.8854 93 106 93 106 100.0000 -0.0000 -35.2923
2.8866 96 103 96 103 100.0000 -0.0000 -35.6600
2.8879 96 103 96 103 100.0000 -0.0000 -36.0207
2.8891 82 117 82 117 100.0000 -0.0000 -36.2060
2.8904 82 117 82 117 100.0000 -0.0000 -36.3991
2.8917 84 115 84 115 100.0000 -0.0000 -36.6918
2.8930 88 111 88 111 100.0000 -0.0000 -37.0277
2.8942 89 110 89 110 100.0000 -0.0000 -37.3805
2.8955 88 111 88 111 100.0000 -0.0000 -37.7144
2.8968 85 114 85 114 100.0000 -0.0000 -38.1058
2.8981 93 106 93 106 100.0000 -0.0000 -38.5885
2.8993 91 108 91 108 100.0000 -0.0000 -39.0415
2.9006 90 109 90 109 100.0000 -0.0000 -39.5715
2.9019 88 111 88 111 100.0000 -0.0000 -40.0859
2.9031 91 108 91 108 100.0000 -0.0000 -40.6352
2.9044 96 103 96 103 100.0000 -0.0000 -41.2498
2.9057 87 112 87 112 100.0000 -0.0000 -41.7891
2.9070 87 112 87 112 100.0000 -0.0000 -42.3435
2.9083 95 104 95 104 100.0000 -0.0000 -42.9837
2.9095 95 104 95 104 100.0000 -0.0000 -43.6189
2.9108 80 119 80 119 100.0000 -0.0000 -44.0641
2.9121 99 100 99 100 100.0000 -0.0000 -44.7334
2.9133 101 98 101 98 100.0000 -0.0000 -45.4225
2.9146 91 108 91 108 100.0000 -0.0000 -45.9824
2.9159 92 107 92 107 100.0000 -0.0000 -46.4776
2.9172 85 114 85 114 100.0000 -0.0000 -46.8818
2.9184 86 113 86 113 100.0000 -0.0000 -47.3001
2.9197 88 111 88 111 100.0000 -0.0000 -47.7353
2.9209 87 112 87 112 100.0000 -0.0000 -48.0289
2.9222 77 122 77 122 100.0000 -0.0000 -48.1978
2.9235 89 110 89 110 100.0000 -0.0000 -48.5132
2.9247 89 110 89 110 100.0000 -0.0000 -48.8185
2.9260 80 119 80 119 100.0000 -0.0000 -48.8996
2.9272 77 122 77 122 100.0000 -0.0000 -48.9383
2.9285 81 118 81 118 100.0000 -0.0000 -49.0327
2.9298 75 124 75 124 100.0000 -0.0000 -49.0543
2.9310 76 123 76 123 100.0000 -0.0000 -49.0054
2.9323 86 113 86 113 100.0000 -0.0000 -49.0756
2.9336 84 115 84 115 100.0000 -0.0000 -49.1245
2.9348 77 122 77 122 100.0000 -0.0000 -49.0803
2.9361 83 116 83 116 100.0000 -0.0000 -49.0895
2.9374 83 116 83 116 100.0000 -0.0000 -49.0935
2.9387 81 118 81 118 100.0000 -0.0000 -49.0816
2.9399 77 122 77 122 100.0000 -0.0000 -49.0166
2.9412 79 120 79 120 100.0000 -0.0000 -48.9924
2.9425 74 125 74 125 100.0000 -0.0000 -48.9154
2.9437 84 115 84 115 100.0000 -0.0000 -48.9606
2.9450 77 122 77 122 100.0000 -0.0000 -48.9156
2.9463 83 116 83 116 100.0000 -0.0000 -48.9997
2.9475 76 123 76 123 100.0000 -0.0000 -48.9943
2.9488 76 123 76 123 100.0000 -0.0000 -48.9956
2.9500 79 120 79 120 100.0000 -0.0000 -49.0327
2.9513 72 127 72 127 100.0000 -0.0000 -49.0592
2.9526 70 129 70 129 100.0000 -0.0000 -49.0709
2.9539 79 120 79 120 100.0000 -0.0000 -49.1963
2.9551 76 123 76 123 100.0000 -0.0000 -49.3611
2.9564 77 122 77 122 100.0000 -0.0000 -49.5480
2.9577 72 127 72 127 100.0000 -0.0000 -49.6608
2.9590 77 122 77 122 100.0000 -0.0000 -49.8376
2.9603 81 118 81 118 100.0000 -0.0000 -50.1501
2.9615 78 121 78 121 100.0000 -0.0000 -50.4247
2.9628 75 124 75 124 100.0000 -0.0000 -50.6586
2.9641 79 120 79 120 100.0000 -0.0000 -50.9427
2.9654 82 117 82 117 100.0000 -0.0000 -51.3242
2.9667 78 121 78 121 100.0000 -0.0000 -51.6611
2.9679 70 129 70 129 100.0000 -0.0000 -51.8888
2.9692 70 129 70 129 100.0000 -0.0000 -52.1130
2.9705 69 130 69 130 100.0000 -0.0000 -52.3542
2.9718 66 133 66 133 100.0000 -0.0000 -52.5536
2.9730 68 131 68 131 100.0000 -0.0000 -52.7821
2.9743 75 124 75 124 100.0000 -0.0000 -53.0852
2.9755 71 128 71 128 100.0000 -0.0000 -53.3312
2.9768 70 129 70 129 100.0000 -0.0000 -53.5729
2.9781 61 138 61 138 100.0000 -0.0000 -53.6937
2.9793 70 129 70 129 100.0000 -0.0000 -53.9263
2.9806 71 128 71 128 100.0000 -0.0000 -54.1462
2.9819 59 140 59 140 100.0000 -0.0000 -54.2077
2.9832 60 139 60 139 100.0000 -0.0000 -54.2821
2.9844 60 139 60 139 100.0000 -0.0000 -54.3565
2.9857 65 134 65 134 100.0000 -0.0000 -54.4544
2.9870 71 128 71 128 100.0000 -0.0000 -54.6367
2.9883 65 134 65 134 100.0000 -0.0000 -54.7277
2.9895 78 121 78 121 100.0000 -0.0000 -54.9856
2.9908 58 141 58 141 100.0000 -0.0000 -54.9728
2.9920 69 130 69 130 100.0000 -0.0000 -55.0915
2.9933 60 139 60 139 100.0000 -0.0000 -55.0998
2.9946 63 136 63 136 100.0000 -0.0000 -55.1430
2.9959 68 131 68 131 100.0000 -0.0000 -55.2631
2.9971 75 124 75 124 100.0000 -0.0000 -55.4705
2.9984 69 130 69 130 100.0000 -0.0000 -55.6059
2.9997 65 134 65 134 100.0000 -0.0000 -55.6840
3.0009 65 134 65 134 100.0000 -0.0000 -55.8054
3.0022 65 134 65 134 100.0000 -0.0000 -55.9429
3.0035 65 134 65 134 100.0000 -0.0000 -56.0664
3.0048 61 138 61 138 100.0000 -0.0000 -56.2207
3.0061 64 135 64 135 100.0000 -0.0000 -56.4155
3.0073 64 135 64 135 100.0000 -0.0000 -56.6077
3.0086 64 135 64 135 100.0000 -0.0000 -56.8099
3.0099 59 140 59 140 100.0000 -0.0000 -57.0619
3.0112 72 127 72 127 100.0000 -0.0000 -57.4869
3.0124 64 135 64 135 100.0000 -0.0000 -57.7971
3.0137 55 144 55 144 100.0000 -0.0000 -57.9938
3.0149 62 137 62 137 100.0000 -0.0000 -58.4395
3.0162 65 134 65 134 100.0000 -0.0000 -58.9279
3.0175 56 143 56 143 100.0000 -0.0000 -59.2914
3.0187 60 139 60 139 100.0000 -0.0000 -59.7035
3.0200 67 132 67 132 100.0000 -0.0000 -60.4368
3.0213 65 134 65 134 100.0000 -0.0000 -61.1412
3.0226 63 136 63 136 100.0000 -0.0000 -61.8252
3.0238 68 131 68 131 100.0000 -0.0000 -62.5559
3.0251 64 135 64 135 100.0000 -0.0000 -63.4972
3.0264 64 135 64 135 100.0000 -0.0000 -64.4415
3.0277 62 137 62 137 100.0000 -0.0000 -65.3511
3.0290 67 132 67 132 100.0000 -0.0000 -66.3199
3.0302 60 139 60 139 100.0000 -0.0000 -67.4562
3.0315 71 128 71 128 100.0000 -0.0000 -68.7241
3.0328 73 126 73 126 100.0000 -0.0000 -69.9957
3.0341 66 133 66 133 100.0000 -0.0000 -71.1778
3.0354 67 132 67 132 100.0000 -0.0000 -72.5358
3.0366 62 137 62 137 100.0000 -0.0000 -73.8312
3.0379 70 129 70 129 100.0000 -0.0000 -75.2008
3.0392 64 135 64 135 100.0000 -0.0000 -76.4999
3.0405 75 124 75 124 100.0000 -0.0000 -77.9601
3.0417 62 137 62 137 100.0000 -0.0000 -79.2410
3.0430 66 133 66 133 100.0000 -0.0000 -80.5651
3.0443 61 138 61 138 100.0000 -0.0000 -81.8160
3.0455 64 135 64 135 100.0000 -0.0000 -82.9895
3.0468 66 133 66 133 100.0000 -0.0000 -84.1759
3.0481 63 136 63 136 100.0000 -0.0000 -85.3026
3.0493 62 137 62 137 100.0000 -0.0000 -86.2517
3.0506 60 139 60 139 100.0000 -0.0000 -87.1458
3.0519 63 136 63 136 100.0000 -0.0000 -88.0904
3.0532 55 144 55 144 100.0000 -0.0000 -88.9050
3.0545 56 143 56 143 100.0000 -0.0000 -89.5371
3.0557 62 137 62 137 100.0000 -0.0000 -90.2218
3.0570 60 139 60 139 100.0000 -0.0000 -90.8770
3.0583 51 148 51 148 100.0000 -0.0000 -91.4079
3.0596 58 141 58 141 100.0000 -0.0000 -91.8470
3.0609 50 149 50 149 100.0000 -0.0000 -92.1762
3.0622 45 154 45 154 100.0000 -0.0000 -92.4385
3.0634 56 143 56 143 100.0000 -0.0000 -92.8370
3.0647 50 149 50 149 100.0000 -0.0000 -93.0317
3.0660 51 148 51 148 100.0000 -0.0000 -93.2158
3.0673 55 144 55 144 100.0000 -0.0000 -93.4642
3.0685 42 157 42 157 100.0000 -0.0000 -93.5385
3.0698 36 163 36 163 100.0000 -0.0000 -93.4509
3.0711 44 155 44 155 100.0000 -0.0000 -93.4620
3.0724 45 154 45 154 100.0000 -0.0000 -93.4854
3.0737 44 155 44 155 100.0000 -0.0000 -93.5046
3.0750 37 162 37 162 100.0000 -0.0000 -93.3993
3.0763 46 153 46 153 100.0000 -0.0000 -93.4096
3.0776 48 151 48 151 100.0000 -0.0000 -93.4391
3.0788 40 159 40 159 100.0000 -0.0000 -93.3707
3.0801 41 158 41 158 100.0000 -0.0000 -93.3051
3.0814 39 160 39 160 100.0000 -0.0000 -93.2104
3.0826 46 153 46 153 100.0000 -0.0000 -93.2021
3.0839 44 155 44 155 100.0000 -0.0000 -93.1658
3.0852 27 172 27 172 100.0000 -0.0000 -92.9582
3.0865 35 164 35 164 100.0000 -0.0000 -92.8605
3.0878 37 162 37 162 100.0000 -0.0000 -92.7796
3.0890 42 157 42 157 100.0000 -0.0000 -92.8060
3.0903 38 161 38 161 100.0000 -0.0000 -92.7915
3.0916 37 162 37 162 100.0000 -0.0000 -92.7598
3.0928 33 166 33 166 100.0000 -0.0000 -92.6869
3.0941 39 160 39 160 100.0000 -0.0000 -92.7331
3.0954 35 164 35 164 100.0000 -0.0000 -92.7507
3.0966 34 165 34 165 100.0000 -0.0000 -92.7458
3.0979 33 166 33 166 100.0000 -0.0000 -92.7333
3.0992 27 172 27 172 100.0000 -0.0000 -92.7433
3.1004 35 164 35 164 100.0000 -0.0000 -92.8502
3.1017 34 165 34 165 100.0000 -0.0000 -92.9509
3.1030 29 170 29 170 100.0000 -0.0000 -92.9829
3.1042 34 165 34 165 100.0000 -0.0000 -93.1671
3.1055 32 167 32 167 100.0000 -0.0000 -93.3194
3.1067 26 173 26 173 100.0000 -0.0000 -93.4008
3.1080 27 172 27 172 100.0000 -0.0000 -93.4942
3.1093 31 168 31 168 100.0000 -0.0000 -93.7403
3.1105 31 168 31 168 100.0000 -0.0000 -93.9793
3.1118 26 173 26 173 100.0000 -0.0000 -94.1629
3.1131 24 175 24 175 100.0000 -0.0000 -94.3186
3.1144 21 178 21 178 100.0000 -0.0000 -94.5181
3.1156 28 171 28 171 100.0000 -0.0000 -94.8044
3.1169 19 180 19 180 100.0000 -0.0000 -94.9777
3.1182 22 177 22 177 100.0000 -0.0000 -95.1892
3.1194 18 181 18 181 100.0000 -0.0000 -95.4048
3.1207 21 178 21 178 100.0000 -0.0000 -95.6516
3.1220 22 177 22 177 100.0000 -0.0000 -95.9094
3.1232 16 183 16 183 100.0000 -0.0000 -96.0968
3.1245 15 184 15 184 100.0000 -0.0000 -96.3076
3.1258 25 174 25 174 100.0000 -0.0000 -96.6382
3.1271 18 181 18 181 100.0000 -0.0000 -96.8790
3.1283 19 180 19 180 100.0000 -0.0000 -97.1328
3.1296 20 179 20 179 100.0000 -0.0000 -97.4170
3.1309 15 184 15 184 100.0000 -0.0000 -97.6424
3.1321 12 187 12 187 100.0000 -0.0000 -97.8265
3.1334 17 182 17 182 100.0000 -0.0000 -98.0688
3.1346 12 187 12 187 100.0000 -0.0000 -98.2666
3.1359 13 186 13 186 100.0000 -0.0000 -98.4766
3.1371 21 178 21 178 100.0000 -0.0000 -98.7846
3.1384 16 183 16 183 100.0000 -0.0000 -99.0201
3.1396 12 187 12 187 100.0000 -0.0000 -99.2183
3.1409 11 188 11 188 100.0000 -0.0000 -99.4090
3.1421 17 182 17 182 100.0000 -0.0000 -99.6667
3.1434 18 181 18 181 100.0000 -0.0000 -99.9404
3.1447 18 181 18 181 100.0000 -0.0000 -100.2219
3.1459 19 180 19 180 100.0000 -0.0000 -100.5117
3.1472 17 182 17 182 100.0000 -0.0000 -100.7765
3.1485 17 182 17 182 100.0000 -0.0000 -101.0379
3.1497 18 181 18 181 100.0000 -0.0000 -101.3049
3.1510 23 176 23 176 100.0000 -0.0000 -101.6369
3.1522 15 184 15 184 100.0000 -0.0000 -101.8713
3.1535 12 187 12 187 100.0000 -0.0000 -102.0748
3.1548 22 177 22 177 100.0000 -0.0000 -102.4028
3.1561 26 173 26 173 100.0000 -0.0000 -102.7763
3.1573 26 173 26 173 100.0000 -0.0000 -103.1471
3.1586 21 178 21 178 100.0000 -0.0000 -103.4600
3.1598 18 181 18 181 100.0000 -0.0000 -103.7256
3.1611 16 183 16 183 100.0000 -0.0000 -103.9635
3.1623 26 173 26 173 100.0000 -0.0000 -104.3190
3.1635 21 178 21 178 100.0000 -0.0000 -104.6200
3.1648 15 184 15 184 100.0000 -0.0000 -104.8390
3.1660 16 183 16 183 100.0000 -0.0000 -105.0697
3.1672 14 185 14 185 100.0000 -0.0000 -105.2761
3.1685 17 182 17 182 100.0000 -0.0000 -105.5120
3.1697 16 183 16 183 100.0000 -0.0000 -105.7376
3.1710 19 180 19 180 100.0000 -0.0000 -105.9955
3.1723 23 176 23 176 100.0000 -0.0000 -106.3005
3.1735 20 179 20 179 100.0000 -0.0000 -106.5603
3.1748 9 190 9 190 100.0000 -0.0000 -106.6764
3.1760 13 186 13 186 100.0000 -0.0000 -106.8390
3.1773 8 191 8 191 100.0000 -0.0000 -106.9352
3.1786 10 189 10 189 100.0000 -0.0000 -107.0544
3.1799 12 187 12 187 100.0000 -0.0000 -107.1909
3.1812 9 190 9 190 100.0000 -0.0000 -107.3006
3.1824 8 191 8 191 100.0000 -0.0000 -107.3859
3.1837 3 196 3 196 100.0000 -0.0000 -107.4101
3.1850 8 191 8 191 100.0000 -0.0000 -107.5122
3.1863 4 195 4 195 100.0000 -0.0000 -107.5491
3.1876 2 197 2 197 100.0000 -0.0000 -107.5622
3.1889 3 196 3 196 100.0000 -0.0000 -107.6409
3.1901 -2 202 -2 202 100.0000 -0.0000 -107.6390
3.1914 5 194 5 194 100.0000 -0.0000 -107.7348
3.1927 0 199 0 199 100.0000 -0.0000 -107.7670
3.1940 -1 201 -1 201 100.0000 -0.0000 -107.8413
3.1952 2 197 2 197 100.0000 -0.0000 -107.9677
3.1965 -2 202 -2 202 100.0000 -0.0000 -108.0255
3.1978 -3 203 -3 203 100.0000 -0.0000 -108.0698
3.1991 4 195 4 195 100.0000 -0.0000 -108.3159
3.2004 -5 205 -5 205 100.0000 -0.0000 -108.4320
3.2016 -1 201 -1 201 100.0000 -0.0000 -108.5963
3.2029 3 196 3 196 100.0000 -0.0000 -108.8366
3.2042 -6 206 -6 206 100.0000 -0.0000 -109.0497
3.2055 -3 203 -3 203 100.0000 -0.0000 -109.3003
3.2068 -8 208 -8 208 100.0000 -0.0000 -109.4947
3.2080 -13 213 -13 213 100.0000 -0.0000 -109.7206
3.2093 -8 208 -8 208 100.0000 -0.0000 -110.0176
3.2106 -14 214 -14 214 100.0000 -0.0000 -110.2306
3.2119 -11 211 -11 211 100.0000 -0.0000 -110.4831
3.2131 -5 205 -5 205 100.0000 -0.0000 -110.8881
3.2144 -7 207 -7 207 100.0000 -0.0000 -111.2671
3.2157 -3 203 -3 203 100.0000 -0.0000 -111.6934
3.2170 -19 219 -19 219 100.0000 -0.0000 -111.9030
3.2183 -5 205 -5 205 100.0000 -0.0000 -112.3343
3.2195 -4 204 -4 204 100.0000 -0.0000 -112.7775
3.2208 -2 202 -2 202 100.0000 -0.0000 -113.2368
3.2221 -7 207 -7 207 100.0000 -0.0000 -113.6271
3.2233 -3 203 -3 203 100.0000 -0.0000 -114.0627
3.2246 -5 205 -5 205 100.0000 -0.0000 -114.4814
3.2259 -5 205 -5 205 100.0000 -0.0000 -114.8928
3.2272 -10 210 -10 210 100.0000 -0.0000 -115.2445
3.2285 0 200 0 200 100.0000 -0.0000 -115.6682
3.2297 -8 208 -8 208 100.0000 -0.0000 -115.9840
3.2310 0 199 0 199 100.0000 -0.0000 -116.4188
3.2323 -7 207 -7 207 100.0000 -0.0000 -116.7491
3.2335 -7 207 -7 207 100.0000 -0.0000 -117.0192
3.2348 3 196 3 196 100.0000 -0.0000 -117.4282
3.2360 -6 206 -6 206 100.0000 -0.0000 -117.7058
3.2373 -11 211 -11 211 100.0000 -0.0000 -117.9132
3.2386 -1 201 -1 201 100.0000 -0.0000 -118.1910
3.2398 -4 204 -4 204 100.0000 -0.0000 -118.4316
3.2411 -11 211 -11 211 100.0000 -0.0000 -118.5845
3.2424 -14 214 -14 214 100.0000 -0.0000 -118.6877
3.2437 -10 210 -10 210 100.0000 -0.0000 -118.7945
3.2449 -10 210 -10 210 100.0000 -0.0000 -118.9038
3.2462 -8 208 -8 208 100.0000 -0.0000 -119.0415
3.2475 -1 201 -1 201 100.0000 -0.0000 -119.2606
3.2487 -5 205 -5 205 100.0000 -0.0000 -119.3861
3.2500 -3 203 -3 203 100.0000 -0.0000 -119.5390
3.2513 -6 206 -6 206 100.0000 -0.0000 -119.6503
3.2525 -6 206 -6 206 100.0000 -0.0000 -119.7640
3.2538 -14 214 -14 214 100.0000 -0.0000 -119.7650
3.2551 -12 212 -12 212 100.0000 -0.0000 -119.7841
3.2563 -13 213 -13 213 100.0000 -0.0000 -119.7923
3.2576 -7 207 -7 207 100.0000 -0.0000 -119.8664
3.2589 -12 212 -12 212 100.0000 -0.0000 -119.8861
3.2602 -14 214 -14 214 100.0000 -0.0000 -119.8865
3.2615 -11 211 -11 211 100.0000 -0.0000 -119.9221
3.2628 -14 214 -14 214 100.0000 -0.0000 -119.9090
3.2640 0 200 0 200 100.0000 -0.0000 -120.0931
3.2653 -7 207 -7 207 100.0000 -0.0000 -120.1793
3.2666 -7 207 -7 207 100.0000 -0.0000 -120.2687
3.2679 -7 207 -7 207 100.0000 -0.0000 -120.3764
3.2692 -13 213 -13 213 100.0000 -0.0000 -120.4155
3.2704 -13 213 -13 213 100.0000 -0.0000 -120.4546
3.2717 -11 211 -11 211 100.0000 -0.0000 -120.5208
3.2730 -6 206 -6 206 100.0000 -0.0000 -120.6701
3.2742 -6 206 -6 206 100.0000 -0.0000 -120.8105
3.2755 -9 209 -9 209 100.0000 -0.0000 -120.9236
3.2768 -13 213 -13 213 100.0000 -0.0000 -120.9783
3.2780 -8 208 -8 208 100.0000 -0.0000 -121.1214
3.2793 -21 221 -21 221 100.0000 -0.0000 -121.0947
3.2806 0 199 0 199 100.0000 -0.0000 -121.3524
3.2819 -18 218 -18 218 100.0000 -0.0000 -121.3648
3.2832 -13 213 -13 213 100.0000 -0.0000 -121.4555
3.2844 -11 211 -11 211 100.0000 -0.0000 -121.5761
3.2857 -16 216 -16 216 100.0000 -0.0000 -121.6330
3.2870 -7 207 -7 207 100.0000 -0.0000 -121.7966
3.2883 -14 214 -14 214 100.0000 -0.0000 -121.8738
3.2896 -14 214 -14 214 100.0000 -0.0000 -121.9575
3.2908 -27 227 -27 227 100.0000 -0.0000 -121.8791
3.2921 -16 216 -16 216 100.0000 -0.0000 -121.9378
3.2934 -4 204 -4 204 100.0000 -0.0000 -122.1475
3.2946 -10 210 -10 210 100.0000 -0.0000 -122.2765
3.2959 -18 218 -18 218 100.0000 -0.0000 -122.3017
3.2971 -16 216 -16 216 100.0000 -0.0000 -122.3491
3.2984 -16 216 -16 216 100.0000 -0.0000 -122.3915
3.2997 -16 216 -16 216 100.0000 -0.0000 -122.4300
3.3009 -23 223 -23 223 100.0000 -0.0000 -122.3819
3.3022 -13 213 -13 213 100.0000 -0.0000 -122.4585
3.3034 -14 214 -14 214 100.0000 -0.0000 -122.5091
3.3047 -21 221 -21 221 100.0000 -0.0000 -122.4675
3.3060 -13 213 -13 213 100.0000 -0.0000 -122.5230
3.3073 -21 221 -21 221 100.0000 -0.0000 -122.4610
3.3086 -14 214 -14 214 100.0000 -0.0000 -122.4977
3.3098 -31 231 -31 231 100.0000 -0.0000 -122.3169
3.3111 -15 215 -15 215 100.0000 -0.0000 -122.3343
3.3124 -16 216 -16 216 100.0000 -0.0000 -122.3264
3.3137 -15 215 -15 215 100.0000 -0.0000 -122.3338
3.3150 -20 220 -20 220 100.0000 -0.0000 -122.2696
3.3163 -7 207 -7 207 100.0000 -0.0000 -122.3784
3.3176 -8 208 -8 208 100.0000 -0.0000 -122.4647
3.3189 -7 207 -7 207 100.0000 -0.0000 -122.5713
3.3201 -20 220 -20 220 100.0000 -0.0000 -122.5101
3.3214 -10 210 -10 210 100.0000 -0.0000 -122.5814
3.3227 -10 210 -10 210 100.0000 -0.0000 -122.6697
3.3240 -21 221 -21 221 100.0000 -0.0000 -122.6099
3.3252 -11 211 -11 211 100.0000 -0.0000 -122.6777
3.3265 -21 221 -21 221 100.0000 -0.0000 -122.6248
3.3278 -13 213 -13 213 100.0000 -0.0000 -122.6982
3.3291 -13 213 -13 213 100.0000 -0.0000 -122.7811
3.3304 -11 211 -11 211 100.0000 -0.0000 -122.8779
3.3317 -10 210 -10 210 100.0000 -0.0000 -122.9844
3.3330 -13 213 -13 213 100.0000 -0.0000 -123.0877
3.3342 -7 207 -7 207 100.0000 -0.0000 -123.2700
3.3355 -10 210 -10 210 100.0000 -0.0000 -123.4139
3.3368 -7 207 -7 207 100.0000 -0.0000 -123.5871
3.3381 -13 213 -13 213 100.0000 -0.0000 -123.7252
3.3394 -10 210 -10 210 100.0000 -0.0000 -123.9013
3.3406 -18 218 -18 218 100.0000 -0.0000 -123.9666
3.3419 -13 213 -13 213 100.0000 -0.0000 -124.1307
3.3432 -16 216 -16 216 100.0000 -0.0000 -124.2522
3.3445 -16 216 -16 216 100.0000 -0.0000 -124.3766
3.3458 -8 208 -8 208 100.0000 -0.0000 -124.5888
3.3470 -13 213 -13 213 100.0000 -0.0000 -124.7588
3.3483 -13 213 -13 213 100.0000 -0.0000 -124.9221
3.3496 -8 208 -8 208 100.0000 -0.0000 -125.1521
3.3509 -8 208 -8 208 100.0000 -0.0000 -125.3728
3.3521 -22 222 -22 222 100.0000 -0.0000 -125.4135
3.3534 -9 209 -9 209 100.0000 -0.0000 -125.6168
3.3546 -7 207 -7 207 100.0000 -0.0000 -125.8356
3.3559 -21 221 -21 221 100.0000 -0.0000 -125.8867
3.3572 -6 206 -6 206 100.0000 -0.0000 -126.1080
3.3585 -15 215 -15 215 100.0000 -0.0000 -126.2172
3.3598 -14 214 -14 214 100.0000 -0.0000 -126.3391
3.3611 -15 215 -15 215 100.0000 -0.0000 -126.4505
3.3623 -12 212 -12 212 100.0000 -0.0000 -126.5871
3.3636 -12 212 -12 212 100.0000 -0.0000 -126.7132
3.3649 -17 217 -17 217 100.0000 -0.0000 -126.7854
3.3662 -19 219 -19 219 100.0000 -0.0000 -126.8231
3.3675 -14 214 -14 214 100.0000 -0.0000 -126.9339
3.3687 -24 224 -24 224 100.0000 -0.0000 -126.9172
3.3700 -20 220 -20 220 100.0000 -0.0000 -126.9439
3.3713 -15 215 -15 215 100.0000 -0.0000 -127.0301
3.3725 -20 220 -20 220 100.0000 -0.0000 -127.0518
3.3738 -26 226 -26 226 100.0000 -0.0000 -127.0051
3.3751 -17 217 -17 217 100.0000 -0.0000 -127.0760
3.3764 -16 216 -16 216 100.0000 -0.0000 -127.1587
3.3776 -11 211 -11 211 100.0000 -0.0000 -127.3098
3.3790 -24 224 -24 224 100.0000 -0.0000 -127.2876
3.3802 -15 215 -15 215 100.0000 -0.0000 -127.3853
3.3815 -27 227 -27 227 100.0000 -0.0000 -127.3234
3.3828 -18 218 -18 218 100.0000 -0.0000 -127.3832
3.3841 -18 218 -18 218 100.0000 -0.0000 -127.4463
3.3854 -14 214 -14 214 100.0000 -0.0000 -127.5582
3.3867 -10 210 -10 210 100.0000 -0.0000 -127.7320
3.3881 -12 212 -12 212 100.0000 -0.0000 -127.9063
3.3893 -21 221 -21 221 100.0000 -0.0000 -127.9463
3.3906 -6 206 -6 206 100.0000 -0.0000 -128.1679
3.3919 -19 219 -19 219 100.0000 -0.0000 -128.2684
3.3931 -11 211 -11 211 100.0000 -0.0000 -128.4669
3.3944 -14 214 -14 214 100.0000 -0.0000 -128.6297
3.3957 -8 208 -8 208 100.0000 -0.0000 -128.8640
3.3970 -16 216 -16 216 100.0000 -0.0000 -129.0499
3.3983 -16 216 -16 216 100.0000 -0.0000 -129.2357
3.3996 -13 213 -13 213 100.0000 -0.0000 -129.4602
3.4008 -15 215 -15 215 100.0000 -0.0000 -129.6529
3.4022 -10 210 -10 210 100.0000 -0.0000 -129.9588
3.4035 -5 205 -5 205 100.0000 -0.0000 -130.3148
3.4048 -16 216 -16 216 100.0000 -0.0000 -130.5264
3.4061 -20 220 -20 220 100.0000 -0.0000 -130.6764
3.4073 -11 211 -11 211 100.0000 -0.0000 -130.9649
3.4086 -16 216 -16 216 100.0000 -0.0000 -131.1816
3.4099 -8 208 -8 208 100.0000 -0.0000 -131.5080
3.4112 -10 210 -10 210 100.0000 -0.0000 -131.7994
3.4125 -14 214 -14 214 100.0000 -0.0000 -132.0251
3.4137 -1 201 -1 201 100.0000 -0.0000 -132.4178
3.4150 -11 211 -11 211 100.0000 -0.0000 -132.6806
3.4163 -11 211 -11 211 100.0000 -0.0000 -132.9086
3.4176 -10 210 -10 210 100.0000 -0.0000 -133.1413
3.4189 -14 214 -14 214 100.0000 -0.0000 -133.3232
3.4201 -26 226 -26 226 100.0000 -0.0000 -133.3517
3.4214 -18 218 -18 218 100.0000 -0.0000 -133.4485
3.4227 -9 209 -9 209 100.0000 -0.0000 -133.6683
3.4240 -19 219 -19 219 100.0000 -0.0000 -133.7617
3.4252 -16 216 -16 216 100.0000 -0.0000 -133.8914
3.4265 -21 221 -21 221 100.0000 -0.0000 -133.9531
3.4278 -19 219 -19 219 100.0000 -0.0000 -134.0360
3.4291 -12 212 -12 212 100.0000 -0.0000 -134.2211
3.4303 -11 211 -11 211 100.0000 -0.0000 -134.4066
3.4316 -16 216 -16 216 100.0000 -0.0000 -134.5594
3.4329 -19 219 -19 219 100.0000 -0.0000 -134.6667
3.4342 -21 221 -21 221 100.0000 -0.0000 -134.7584
3.4354 -30 230 -30 230 100.0000 -0.0000 -134.7338
3.4367 -24 224 -24 224 100.0000 -0.0000 -134.8445
3.4380 -31 231 -31 231 100.0000 -0.0000 -134.8659
3.4392 -29 229 -29 229 100.0000 -0.0000 -134.9162
3.4405 -28 228 -28 228 100.0000 -0.0000 -134.9685
3.4418 -23 223 -23 223 100.0000 -0.0000 -135.1746
3.4430 -22 222 -22 222 100.0000 -0.0000 -135.3979
3.4443 -25 225 -25 225 100.0000 -0.0000 -135.5760
3.4455 -23 223 -23 223 100.0000 -0.0000 -135.7827
3.4468 -21 221 -21 221 100.0000 -0.0000 -136.1077
3.4480 -20 220 -20 220 100.0000 -0.0000 -136.4398
3.4493 -24 224 -24 224 100.0000 -0.0000 -136.7289
3.4505 -20 220 -20 220 100.0000 -0.0000 -137.0603
3.4518 -29 229 -29 229 100.0000 -0.0000 -137.3541
3.4531 -28 228 -28 228 100.0000 -0.0000 -137.6574
3.4543 -31 231 -31 231 100.0000 -0.0000 -137.9186
3.4556 -25 225 -25 225 100.0000 -0.0000 -138.2555
3.4568 -17 217 -17 217 100.0000 -0.0000 -138.7192
3.4581 -29 229 -29 229 100.0000 -0.0000 -139.0340
3.4593 -24 224 -24 224 100.0000 -0.0000 -139.4099
3.4606 -25 225 -25 225 100.0000 -0.0000 -139.7662
3.4618 -31 231 -31 231 100.0000 -0.0000 -140.0440
3.4631 -27 227 -27 227 100.0000 -0.0000 -140.3706
3.4644 -30 230 -30 230 100.0000 -0.0000 -140.6559
3.4656 -23 223 -23 223 100.0000 -0.0000 -141.0337
3.4669 -27 227 -27 227 100.0000 -0.0000 -141.3076
3.4681 -28 228 -28 228 100.0000 -0.0000 -141.5639
3.4694 -29 229 -29 229 100.0000 -0.0000 -141.8138
3.4707 -28 228 -28 228 100.0000 -0.0000 -142.0753
3.4719 -29 229 -29 229 100.0000 -0.0000 -142.2901
3.4732 -22 222 -22 222 100.0000 -0.0000 -142.5905
3.4744 -29 229 -29 229 100.0000 -0.0000 -142.7976
3.4757 -27 227 -27 227 100.0000 -0.0000 -143.0230
3.4770 -27 227 -27 227 100.0000 -0.0000 -143.2217
3.4782 -24 224 -24 224 100.0000 -0.0000 -143.4548
3.4795 -24 224 -24 224 100.0000 -0.0000 -143.6945
3.4808 -25 225 -25 225 100.0000 -0.0000 -143.9185
3.4820 -29 229 -29 229 100.0000 -0.0000 -144.0965
3.4833 -28 228 -28 228 100.0000 -0.0000 -144.2910
3.4845 -34 234 -34 234 100.0000 -0.0000 -144.4092
3.4858 -32 232 -32 232 100.0000 -0.0000 -144.5677
3.4871 -26 226 -26 226 100.0000 -0.0000 -144.8130
3.4884 -26 226 -26 226 100.0000 -0.0000 -145.0517
3.4897 -32 232 -32 232 100.0000 -0.0000 -145.2129
3.4909 -30 230 -30 230 100.0000 -0.0000 -145.4098
3.4922 -24 224 -24 224 100.0000 -0.0000 -145.6930
3.4935 -30 230 -30 230 100.0000 -0.0000 -145.8953
3.4948 -27 227 -27 227 100.0000 -0.0000 -146.1388
3.4960 -33 233 -33 233 100.0000 -0.0000 -146.3199
3.4973 -33 233 -33 233 100.0000 -0.0000 -146.5043
3.4986 -39 239 -39 239 100.0000 -0.0000 -146.6067
3.4999 -27 227 -27 227 100.0000 -0.0000 -146.8637
3.5011 -27 227 -27 227 100.0000 -0.0000 -147.1385
3.5024 -32 232 -32 232 100.0000 -0.0000 -147.3523
3.5036 -41 241 -41 241 100.0000 -0.0000 -147.4533
3.5049 -32 232 -32 232 100.0000 -0.0000 -147.6638
3.5062 -33 233 -33 233 100.0000 -0.0000 -147.8838
3.5074 -32 232 -32 232 100.0000 -0.0000 -148.1126
3.5087 -34 234 -34 234 100.0000 -0.0000 -148.3138
3.5100 -31 231 -31 231 100.0000 -0.0000 -148.5438
3.5112 -31 231 -31 231 100.0000 -0.0000 -148.7819
3.5125 -39 239 -39 239 100.0000 -0.0000 -148.9181
3.5137 -42 242 -42 242 100.0000 -0.0000 -149.0123
3.5150 -43 243 -43 243 100.0000 -0.0000 -149.0962
3.5163 -38 238 -38 238 100.0000 -0.0000 -149.2298
3.5176 -47 247 -47 247 100.0000 -0.0000 -149.2475
3.5188 -44 244 -44 244 100.0000 -0.0000 -149.3004
3.5201 -46 246 -46 246 100.0000 -0.0000 -149.3318
3.5213 -41 241 -41 241 100.0000 -0.0000 -149.3852
3.5225 -33 233 -33 233 100.0000 -0.0000 -149.5381
3.5238 -35 235 -35 235 100.0000 -0.0000 -149.6691
3.5250 -43 243 -43 243 100.0000 -0.0000 -149.6947
3.5263 -38 238 -38 238 100.0000 -0.0000 -149.7394
3.5275 -41 241 -41 241 100.0000 -0.0000 -149.7473
3.5288 -34 234 -34 234 100.0000 -0.0000 -149.8426
3.5301 -35 235 -35 235 100.0000 -0.0000 -149.9272
3.5313 -36 236 -36 236 100.0000 -0.0000 -149.9545
3.5326 -27 227 -27 227 100.0000 -0.0000 -150.0986
3.5339 -31 231 -31 231 100.0000 -0.0000 -150.1957
3.5352 -41 241 -41 241 100.0000 -0.0000 -150.1655
3.5364 -26 226 -26 226 100.0000 -0.0000 -150.2942
3.5377 -26 226 -26 226 100.0000 -0.0000 -150.4142
3.5390 -30 230 -30 230 100.0000 -0.0000 -150.4869
3.5402 -27 227 -27 227 100.0000 -0.0000 -150.6065
3.5415 -29 229 -29 229 100.0000 -0.0000 -150.6776
3.5428 -32 232 -32 232 100.0000 -0.0000 -150.7091
3.5440 -35 235 -35 235 100.0000 -0.0000 -150.6954
3.5453 -29 229 -29 229 100.0000 -0.0000 -150.8010
3.5466 -31 231 -31 231 100.0000 -0.0000 -150.8450
3.5478 -34 234 -34 234 100.0000 -0.0000 -150.8627
3.5491 -26 226 -26 226 100.0000 -0.0000 -150.9696
3.5504 -32 232 -32 232 100.0000 -0.0000 -151.0055
3.5516 -33 233 -33 233 100.0000 -0.0000 -151.0299
3.5529 -29 229 -29 229 100.0000 -0.0000 -151.1063
3.5541 -24 224 -24 224 100.0000 -0.0000 -151.2449
3.5554 -28 228 -28 228 100.0000 -0.0000 -151.3541
3.5566 -31 231 -31 231 100.0000 -0.0000 -151.4179
3.5579 -33 233 -33 233 100.0000 -0.0000 -151.4674
3.5592 -28 228 -28 228 100.0000 -0.0000 -151.5743
3.5604 -27 227 -27 227 100.0000 -0.0000 -151.7109
3.5616 -33 233 -33 233 100.0000 -0.0000 -151.7688
3.5629 -36 236 -36 236 100.0000 -0.0000 -151.7928
3.5641 -35 235 -35 235 100.0000 -0.0000 -151.8269
3.5654 -37 237 -37 237 100.0000 -0.0000 -151.8716
3.5667 -33 233 -33 233 100.0000 -0.0000 -151.9736
3.5680 -36 236 -36 236 100.0000 -0.0000 -152.0321
3.5692 -36 236 -36 236 100.0000 -0.0000 -152.0925
3.5705 -35 235 -35 235 100.0000 -0.0000 -152.1976
3.5718 -48 248 -48 248 100.0000 -0.0000 -152.1449
3.5731 -37 237 -37 237 100.0000 -0.0000 -152.2252
3.5743 -42 242 -42 242 100.0000 -0.0000 -152.2513
3.5756 -39 239 -39 239 100.0000 -0.0000 -152.3440
3.5769 -49 249 -49 249 100.0000 -0.0000 -152.3128
3.5781 -39 239 -39 239 100.0000 -0.0000 -152.4085
3.5795 -41 241 -41 241 100.0000 -0.0000 -152.4792
3.5807 -49 249 -49 249 100.0000 -0.0000 -152.4864
3.5820 -41 241 -41 241 100.0000 -0.0000 -152.6047
3.5833 -49 249 -49 249 100.0000 -0.0000 -152.6205
3.5845 -41 241 -41 241 100.0000 -0.0000 -152.7328
3.5858 -45 245 -45 245 100.0000 -0.0000 -152.8372
3.5871 -53 253 -53 253 100.0000 -0.0000 -152.8374
3.5883 -33 233 -33 233 100.0000 -0.0000 -153.0850
3.5896 -44 244 -44 244 100.0000 -0.0000 -153.2062
3.5909 -40 240 -40 240 100.0000 -0.0000 -153.4102
3.5921 -44 244 -44 244 100.0000 -0.0000 -153.5611
3.5934 -44 244 -44 244 100.0000 -0.0000 -153.7146
3.5947 -49 249 -49 249 100.0000 -0.0000 -153.7965
3.5960 -45 245 -45 245 100.0000 -0.0000 -153.9918
3.5973 -48 248 -48 248 100.0000 -0.0000 -154.1466
3.5986 -44 244 -44 244 100.0000 -0.0000 -154.3489
3.5998 -51 251 -51 251 100.0000 -0.0000 -154.4935
3.6011 -45 245 -45 245 100.0000 -0.0000 -154.7094
3.6024 -50 250 -50 250 100.0000 -0.0000 -154.8612
3.6036 -50 250 -50 250 100.0000 -0.0000 -155.0126
3.6049 -47 247 -47 247 100.0000 -0.0000 -155.2262
3.6062 -44 244 -44 244 100.0000 -0.0000 -155.4860
3.6075 -47 247 -47 247 100.0000 -0.0000 -155.6988
3.6087 -50 250 -50 250 100.0000 -0.0000 -155.8790
3.6100 -56 256 -56 256 100.0000 -0.0000 -155.9899
3.6112 -57 257 -57 257 100.0000 -0.0000 -156.0833
3.6125 -48 248 -48 248 100.0000 -0.0000 -156.2927
3.6138 -52 252 -52 252 100.0000 -0.0000 -156.4500
3.6151 -43 243 -43 243 100.0000 -0.0000 -156.7175
3.6163 -54 254 -54 254 100.0000 -0.0000 -156.8426
3.6176 -51 251 -51 251 100.0000 -0.0000 -157.0136
3.6189 -45 245 -45 245 100.0000 -0.0000 -157.2536
3.6202 -46 246 -46 246 100.0000 -0.0000 -157.4748
3.6214 -55 255 -55 255 100.0000 -0.0000 -157.5707
3.6227 -53 253 -53 253 100.0000 -0.0000 -157.6963
3.6240 -46 246 -46 246 100.0000 -0.0000 -157.9142
3.6253 -54 254 -54 254 100.0000 -0.0000 -158.0037
3.6266 -64 264 -64 264 100.0000 -0.0000 -157.9662
3.6278 -47 247 -47 247 100.0000 -0.0000 -158.1528
3.6291 -49 249 -49 249 100.0000 -0.0000 -158.3051
3.6304 -52 252 -52 252 100.0000 -0.0000 -158.4016
3.6316 -62 262 -62 262 100.0000 -0.0000 -158.3667
3.6329 -65 265 -65 265 100.0000 -0.0000 -158.2951
3.6342 -60 260 -60 260 100.0000 -0.0000 -158.2876
3.6355 -55 255 -55 255 100.0000 -0.0000 -158.3216
3.6367 -62 262 -62 262 100.0000 -0.0000 -158.2731
3.6380 -59 259 -59 259 100.0000 -0.0000 -158.2622
3.6393 -51 251 -51 251 100.0000 -0.0000 -158.3514
3.6406 -54 254 -54 254 100.0000 -0.0000 -158.3834
3.6418 -56 256 -56 256 100.0000 -0.0000 -158.3904
3.6431 -52 252 -52 252 100.0000 -0.0000 -158.4490
3.6444 -53 253 -53 253 100.0000 -0.0000 -158.4943
3.6456 -57 257 -57 257 100.0000 -0.0000 -158.4870
3.6469 -52 252 -52 252 100.0000 -0.0000 -158.5424
3.6481 -56 256 -56 256 100.0000 -0.0000 -158.5488
3.6494 -62 262 -62 262 100.0000 -0.0000 -158.4889
3.6507 -52 252 -52 252 100.0000 -0.0000 -158.5424
3.6520 -53 253 -53 253 100.0000 -0.0000 -158.5789
3.6532 -56 256 -56 256 100.0000 -0.0000 -158.5736
3.6545 -54 254 -54 254 100.0000 -0.0000 -158.6059
3.6558 -57 257 -57 257 100.0000 -0.0000 -158.6028
3.6571 -54 254 -54 254 100.0000 -0.0000 -158.6413
3.6584 -53 253 -53 253 100.0000 -0.0000 -158.6811
3.6596 -48 248 -48 248 100.0000 -0.0000 -158.8021
3.6609 -56 256 -56 256 100.0000 -0.0000 -158.8262
3.6622 -50 250 -50 250 100.0000 -0.0000 -158.9216
3.6634 -48 248 -48 248 100.0000 -0.0000 -159.0483
3.6647 -49 249 -49 249 100.0000 -0.0000 -159.1963
3.6659 -50 250 -50 250 100.0000 -0.0000 -159.3265
3.6672 -40 240 -40 240 100.0000 -0.0000 -159.5911
3.6686 -46 246 -46 246 100.0000 -0.0000 -159.7734
3.6699 -48 248 -48 248 100.0000 -0.0000 -159.9565
3.6711 -53 253 -53 253 100.0000 -0.0000 -160.0669
3.6724 -50 250 -50 250 100.0000 -0.0000 -160.2153
3.6737 -53 253 -53 253 100.0000 -0.0000 -160.3316
3.6750 -50 250 -50 250 100.0000 -0.0000 -160.5002
3.6762 -59 259 -59 259 100.0000 -0.0000 -160.5580
3.6775 -61 261 -61 261 100.0000 -0.0000 -160.5855
3.6788 -56 256 -56 256 100.0000 -0.0000 -160.6815
3.6800 -54 254 -54 254 100.0000 -0.0000 -160.8196
3.6813 -60 260 -60 260 100.0000 -0.0000 -160.8791
3.6826 -65 265 -65 265 100.0000 -0.0000 -160.8761
3.6839 -63 263 -63 263 100.0000 -0.0000 -160.8918
3.6851 -55 255 -55 255 100.0000 -0.0000 -160.9955
3.6864 -58 258 -58 258 100.0000 -0.0000 -161.0617
3.6877 -52 252 -52 252 100.0000 -0.0000 -161.2051
3.6890 -56 256 -56 256 100.0000 -0.0000 -161.2994
3.6903 -59 259 -59 259 100.0000 -0.0000 -161.3240
3.6915 -57 257 -57 257 100.0000 -0.0000 -161.3755
3.6928 -64 264 -64 264 100.0000 -0.0000 -161.3361
3.6941 -60 260 -60 260 100.0000 -0.0000 -161.3062
3.6954 -54 254 -54 254 100.0000 -0.0000 -161.3551
3.6966 -58 258 -58 258 100.0000 -0.0000 -161.3558
3.6979 -60 260 -60 260 100.0000 -0.0000 -161.3276
3.6992 -63 263 -63 263 100.0000 -0.0000 -161.2437
3.7005 -64 264 -64 264 100.0000 -0.0000 -161.1387
3.7018 -67 267 -67 267 100.0000 -0.0000 -161.0011
3.7031 -66 266 -66 266 100.0000 -0.0000 -160.8740
3.7043 -54 254 -54 254 100.0000 -0.0000 -160.9066
3.7056 -63 263 -63 263 100.0000 -0.0000 -160.8227
3.7069 -55 255 -55 255 100.0000 -0.0000 -160.8440
3.7082 -58 258 -58 258 100.0000 -0.0000 -160.8199
3.7095 -60 260 -60 260 100.0000 -0.0000 -160.8156
3.7107 -53 253 -53 253 100.0000 -0.0000 -160.8919
3.7120 -53 253 -53 253 100.0000 -0.0000 -160.9684
3.7133 -57 257 -57 257 100.0000 -0.0000 -160.9920
3.7146 -62 262 -62 262 100.0000 -0.0000 -161.0110
3.7158 -50 250 -50 250 100.0000 -0.0000 -161.1861
3.7171 -58 258 -58 258 100.0000 -0.0000 -161.2510
3.7184 -61 261 -61 261 100.0000 -0.0000 -161.2765
3.7197 -60 260 -60 260 100.0000 -0.0000 -161.3671
3.7210 -54 254 -54 254 100.0000 -0.0000 -161.5402
3.7222 -56 256 -56 256 100.0000 -0.0000 -161.6745
3.7235 -57 257 -57 257 100.0000 -0.0000 -161.7983
3.7248 -61 261 -61 261 100.0000 -0.0000 -161.8839
3.7261 -57 257 -57 257 100.0000 -0.0000 -162.0226
3.7273 -52 252 -52 252 100.0000 -0.0000 -162.2280
3.7286 -63 263 -63 263 100.0000 -0.0000 -162.2972
3.7299 -60 260 -60 260 100.0000 -0.0000 -162.3797
3.7312 -54 254 -54 254 100.0000 -0.0000 -162.5465
3.7325 -55 255 -55 255 100.0000 -0.0000 -162.6995
3.7338 -54 254 -54 254 100.0000 -0.0000 -162.8279
3.7350 -53 253 -53 253 100.0000 -0.0000 -162.9624
3.7363 -62 262 -62 262 100.0000 -0.0000 -162.9876
3.7376 -59 259 -59 259 100.0000 -0.0000 -163.0514
3.7389 -58 258 -58 258 100.0000 -0.0000 -163.0902
3.7401 -72 272 -72 272 100.0000 -0.0000 -162.9527
3.7414 -60 260 -60 260 100.0000 -0.0000 -162.9554
3.7427 -54 254 -54 254 100.0000 -0.0000 -163.0366
3.7439 -59 259 -59 259 100.0000 -0.0000 -163.0325
3.7452 -52 252 -52 252 100.0000 -0.0000 -163.1137
3.7465 -64 264 -64 264 100.0000 -0.0000 -163.0459
3.7477 -62 262 -62 262 100.0000 -0.0000 -162.9949
3.7490 -52 252 -52 252 100.0000 -0.0000 -163.0598
3.7502 -60 260 -60 260 100.0000 -0.0000 -163.0217
3.7515 -59 259 -59 259 100.0000 -0.0000 -163.0006
3.7527 -57 257 -57 257 100.0000 -0.0000 -163.0048
3.7539 -59 259 -59 259 100.0000 -0.0000 -163.0040
3.7552 -63 263 -63 263 100.0000 -0.0000 -162.9523
3.7564 -65 265 -65 265 100.0000 -0.0000 -162.8712
3.7576 -59 259 -59 259 100.0000 -0.0000 -162.8730
3.7589 -66 266 -66 266 100.0000 -0.0000 -162.8179
3.7601 -57 257 -57 257 100.0000 -0.0000 -162.8695
3.7614 -62 262 -62 262 100.0000 -0.0000 -162.8605
3.7627 -66 266 -66 266 100.0000 -0.0000 -162.8012
3.7639 -60 260 -60 260 100.0000 -0.0000 -162.8586
3.7652 -60 260 -60 260 100.0000 -0.0000 -162.9193
3.7664 -70 270 -70 270 100.0000 -0.0000 -162.8552
3.7677 -55 255 -55 255 100.0000 -0.0000 -162.9746
3.7689 -56 256 -56 256 100.0000 -0.0000 -163.1128
3.7702 -71 271 -71 271 100.0000 -0.0000 -163.0552
3.7715 -64 264 -64 264 100.0000 -0.0000 -163.0886
3.7727 -62 262 -62 262 100.0000 -0.0000 -163.1514
3.7740 -71 271 -71 271 100.0000 -0.0000 -163.1105
3.7752 -65 265 -65 265 100.0000 -0.0000 -163.1427
3.7765 -63 263 -63 263 100.0000 -0.0000 -163.2103
3.7778 -55 255 -55 255 100.0000 -0.0000 -163.3684
3.7791 -63 263 -63 263 100.0000 -0.0000 -163.4401
3.7803 -71 271 -71 271 100.0000 -0.0000 -163.4101
3.7816 -61 261 -61 261 100.0000 -0.0000 -163.5059
3.7829 -79 279 -79 279 100.0000 -0.0000 -163.3750
3.7842 -71 271 -71 271 100.0000 -0.0000 -163.3425
3.7855 -66 266 -66 266 100.0000 -0.0000 -163.3687
3.7867 -71 271 -71 271 100.0000 -0.0000 -163.3349
3.7880 -64 264 -64 264 100.0000 -0.0000 -163.3902
3.7893 -62 262 -62 262 100.0000 -0.0000 -163.4585
3.7906 -61 261 -61 261 100.0000 -0.0000 -163.5455
3.7919 -53 253 -53 253 100.0000 -0.0000 -163.7289
3.7931 -58 258 -58 258 100.0000 -0.0000 -163.8469
3.7944 -56 256 -56 256 100.0000 -0.0000 -163.9663
3.7956 -60 260 -60 260 100.0000 -0.0000 -164.0361
3.7969 -61 261 -61 261 100.0000 -0.0000 -164.0993
3.7982 -63 263 -63 263 100.0000 -0.0000 -164.1084
3.7994 -69 269 -69 269 100.0000 -0.0000 -164.0336
3.8007 -73 273 -73 273 100.0000 -0.0000 -163.9034
3.8019 -58 258 -58 258 100.0000 -0.0000 -163.9685
3.8032 -71 271 -71 271 100.0000 -0.0000 -163.8256
3.8045 -65 265 -65 265 100.0000 -0.0000 -163.7439
3.8057 -62 262 -62 262 100.0000 -0.0000 -163.6977
3.8070 -63 263 -63 263 100.0000 -0.0000 -163.6441
3.8082 -65 265 -65 265 100.0000 -0.0000 -163.5093
3.8095 -59 259 -59 259 100.0000 -0.0000 -163.4438
3.8108 -66 266 -66 266 100.0000 -0.0000 -163.2965
3.8120 -59 259 -59 259 100.0000 -0.0000 -163.2325
3.8133 -65 265 -65 265 100.0000 -0.0000 -163.0382
3.8146 -59 259 -59 259 100.0000 -0.0000 -162.9301
3.8159 -68 268 -68 268 100.0000 -0.0000 -162.7110
3.8172 -69 269 -69 269 100.0000 -0.0000 -162.4694
3.8185 -61 261 -61 261 100.0000 -0.0000 -162.3195
3.8198 -72 272 -72 272 100.0000 -0.0000 -162.0261
3.8210 -68 268 -68 268 100.0000 -0.0000 -161.7928
3.8223 -65 265 -65 265 100.0000 -0.0000 -161.5999
3.8236 -72 272 -72 272 100.0000 -0.0000 -161.3259
3.8249 -70 270 -70 270 100.0000 -0.0000 -161.0790
3.8262 -68 268 -68 268 100.0000 -0.0000 -160.8605
3.8275 -66 266 -66 266 100.0000 -0.0000 -160.6608
3.8288 -63 263 -63 263 100.0000 -0.0000 -160.5450
3.8300 -62 262 -62 262 100.0000 -0.0000 -160.4417
3.8313 -64 264 -64 264 100.0000 -0.0000 -160.3164
3.8326 -68 268 -68 268 100.0000 -0.0000 -160.1451
3.8339 -76 276 -76 276 100.0000 -0.0000 -159.9134
3.8352 -63 263 -63 263 100.0000 -0.0000 -159.8483
3.8364 -71 271 -71 271 100.0000 -0.0000 -159.6892
3.8377 -68 268 -68 268 100.0000 -0.0000 -159.5723
3.8390 -64 264 -64 264 100.0000 -0.0000 -159.5674
3.8403 -68 268 -68 268 100.0000 -0.0000 -159.5115
3.8416 -78 278 -78 278 100.0000 -0.0000 -159.3335
3.8428 -77 277 -77 277 100.0000 -0.0000 -159.2218
3.8441 -69 269 -69 269 100.0000 -0.0000 -159.2026
3.8454 -59 259 -59 259 100.0000 -0.0000 -159.3121
3.8467 -78 278 -78 278 100.0000 -0.0000 -159.1777
3.8480 -68 268 -68 268 100.0000 -0.0000 -159.2163
3.8492 -71 271 -71 271 100.0000 -0.0000 -159.2249
3.8504 -68 268 -68 268 100.0000 -0.0000 -159.2704
3.8517 -62 262 -62 262 100.0000 -0.0000 -159.3820
3.8530 -70 270 -70 270 100.0000 -0.0000 -159.4194
3.8543 -66 266 -66 266 100.0000 -0.0000 -159.4998
3.8556 -62 262 -62 262 100.0000 -0.0000 -159.6302
3.8569 -67 267 -67 267 100.0000 -0.0000 -159.6996
3.8581 -60 260 -60 260 100.0000 -0.0000 -159.8593
3.8594 -65 265 -65 265 100.0000 -0.0000 -159.9640
3.8606 -72 272 -72 272 100.0000 -0.0000 -159.9711
3.8619 -66 266 -66 266 100.0000 -0.0000 -160.0590
3.8632 -62 262 -62 262 100.0000 -0.0000 -160.1821
3.8644 -71 271 -71 271 100.0000 -0.0000 -160.1933
3.8657 -58 258 -58 258 100.0000 -0.0000 -160.3668
3.8670 -63 263 -63 263 100.0000 -0.0000 -160.4722
3.8682 -70 270 -70 270 100.0000 -0.0000 -160.4663
3.8695 -71 271 -71 271 100.0000 -0.0000 -160.4359
3.8708 -59 259 -59 259 100.0000 -0.0000 -160.5729
3.8721 -58 258 -58 258 100.0000 -0.0000 -160.7111
3.8733 -62 262 -62 262 100.0000 -0.0000 -160.7615
3.8746 -62 262 -62 262 100.0000 -0.0000 -160.8159
3.8759 -70 270 -70 270 100.0000 -0.0000 -160.7660
3.8772 -61 261 -61 261 100.0000 -0.0000 -160.8343
3.8785 -61 261 -61 261 100.0000 -0.0000 -160.8392
3.8798 -66 266 -66 266 100.0000 -0.0000 -160.7798
3.8811 -73 273 -73 273 100.0000 -0.0000 -160.6390
3.8823 -67 267 -67 267 100.0000 -0.0000 -160.5721
3.8836 -62 262 -62 262 100.0000 -0.0000 -160.5250
3.8849 -62 262 -62 262 100.0000 -0.0000 -160.4784
3.8862 -64 264 -64 264 100.0000 -0.0000 -160.4101
3.8874 -65 265 -65 265 100.0000 -0.0000 -160.3082
3.8887 -67 267 -67 267 100.0000 -0.0000 -160.1686
3.8900 -72 272 -72 272 100.0000 -0.0000 -159.9719
3.8913 -59 259 -59 259 100.0000 -0.0000 -159.9370
3.8925 -64 264 -64 264 100.0000 -0.0000 -159.8253
3.8938 -65 265 -65 265 100.0000 -0.0000 -159.6985
3.8951 -67 267 -67 267 100.0000 -0.0000 -159.5486
3.8964 -69 269 -69 269 100.0000 -0.0000 -159.3734
3.8977 -67 267 -67 267 100.0000 -0.0000 -159.2206
3.8990 -72 272 -72 272 100.0000 -0.0000 -159.0029
3.9003 -64 264 -64 264 100.0000 -0.0000 -158.8935
3.9015 -68 268 -68 268 100.0000 -0.0000 -158.7347
3.9028 -55 255 -55 255 100.0000 -0.0000 -158.7550
3.9041 -65 265 -65 265 100.0000 -0.0000 -158.6425
3.9054 -64 264 -64 264 100.0000 -0.0000 -158.5508
3.9067 -66 266 -66 266 100.0000 -0.0000 -158.4270
3.9079 -69 269 -69 269 100.0000 -0.0000 -158.2838
3.9092 -64 264 -64 264 100.0000 -0.0000 -158.2090
3.9105 -60 260 -60 260 100.0000 -0.0000 -158.1868
3.9117 -62 262 -62 262 100.0000 -0.0000 -158.1379
3.9130 -65 265 -65 265 100.0000 -0.0000 -158.0755
3.9143 -63 263 -63 263 100.0000 -0.0000 -158.0271
3.9156 -66 266 -66 266 100.0000 -0.0000 -157.9433
3.9168 -65 265 -65 265 100.0000 -0.0000 -157.8718
3.9181 -55 255 -55 255 100.0000 -0.0000 -157.9469
3.9194 -60 260 -60 260 100.0000 -0.0000 -157.9568
3.9207 -63 263 -63 263 100.0000 -0.0000 -157.9239
3.9220 -61 261 -61 261 100.0000 -0.0000 -157.9187
3.9233 -68 268 -68 268 100.0000 -0.0000 -157.8328
3.9245 -62 262 -62 262 100.0000 -0.0000 -157.8260
3.9258 -64 264 -64 264 100.0000 -0.0000 -157.7854
3.9271 -61 261 -61 261 100.0000 -0.0000 -157.7683
3.9283 -69 269 -69 269 100.0000 -0.0000 -157.6646
3.9296 -65 265 -65 265 100.0000 -0.0000 -157.6165
3.9309 -67 267 -67 267 100.0000 -0.0000 -157.5406
3.9321 -63 263 -63 263 100.0000 -0.0000 -157.4927
3.9334 -62 262 -62 262 100.0000 -0.0000 -157.4598
3.9346 -63 263 -63 263 100.0000 -0.0000 -157.4184
3.9359 -60 260 -60 260 100.0000 -0.0000 -157.4172
3.9372 -62 262 -62 262 100.0000 -0.0000 -157.3594
3.9384 -68 268 -68 268 100.0000 -0.0000 -157.2286
3.9397 -66 266 -66 266 100.0000 -0.0000 -157.1317
3.9410 -69 269 -69 269 100.0000 -0.0000 -156.9920
3.9422 -76 276 -76 276 100.0000 -0.0000 -156.7217
3.9435 -72 272 -72 272 100.0000 -0.0000 -156.5088
3.9448 -64 264 -64 264 100.0000 -0.0000 -156.3915
3.9460 -72 272 -72 272 100.0000 -0.0000 -156.1716
3.9473 -77 277 -77 277 100.0000 -0.0000 -155.8574
3.9485 -69 269 -69 269 100.0000 -0.0000 -155.6447
3.9498 -75 275 -75 275 100.0000 -0.0000 -155.3655
3.9511 -73 273 -73 273 100.0000 -0.0000 -155.1087
3.9523 -71 271 -71 271 100.0000 -0.0000 -154.8398
3.9536 -69 269 -69 269 100.0000 -0.0000 -154.5986
3.9549 -69 269 -69 269 100.0000 -0.0000 -154.3527
3.9562 -67 267 -67 267 100.0000 -0.0000 -154.1404
3.9574 -61 261 -61 261 100.0000 -0.0000 -153.9752
3.9587 -68 268 -68 268 100.0000 -0.0000 -153.7273
3.9600 -56 256 -56 256 100.0000 -0.0000 -153.6337
3.9612 -70 270 -70 270 100.0000 -0.0000 -153.3703
3.9625 -62 262 -62 262 100.0000 -0.0000 -153.1980
3.9638 -67 267 -67 267 100.0000 -0.0000 -152.9562
3.9650 -59 259 -59 259 100.0000 -0.0000 -152.8178
3.9663 -59 259 -59 259 100.0000 -0.0000 -152.6861
3.9675 -66 266 -66 266 100.0000 -0.0000 -152.4586
3.9688 -63 263 -63 263 100.0000 -0.0000 -152.2642
3.9700 -62 262 -62 262 100.0000 -0.0000 -152.0820
3.9713 -65 265 -65 265 100.0000 -0.0000 -151.8710
3.9726 -63 263 -63 263 100.0000 -0.0000 -151.6914
3.9738 -60 260 -60 260 100.0000 -0.0000 -151.5491
3.9751 -65 265 -65 265 100.0000 -0.0000 -151.3375
3.9764 -64 264 -64 264 100.0000 -0.0000 -151.1370
3.9777 -61 261 -61 261 100.0000 -0.0000 -150.9875
3.9790 -57 257 -57 257 100.0000 -0.0000 -150.8898
3.9802 -60 260 -60 260 100.0000 -0.0000 -150.7555
3.9815 -59 259 -59 259 100.0000 -0.0000 -150.6384
3.9827 -65 265 -65 265 100.0000 -0.0000 -150.4514
3.9840 -67 267 -67 267 100.0000 -0.0000 -150.2360
3.9853 -70 270 -70 270 100.0000 -0.0000 -149.9788
3.9866 -58 258 -58 258 100.0000 -0.0000 -149.8812
3.9878 -64 264 -64 264 100.0000 -0.0000 -149.7035
3.9891 -58 258 -58 258 100.0000 -0.0000 -149.6033
3.9904 -60 260 -60 260 100.0000 -0.0000 -149.4690
3.9916 -59 259 -59 259 100.0000 -0.0000 -149.3319
3.9929 -57 257 -57 257 100.0000 -0.0000 -149.2210
3.9941 -56 256 -56 256 100.0000 -0.0000 -149.1207
3.9954 -60 260 -60 260 100.0000 -0.0000 -148.9699
3.9967 -56 256 -56 256 100.0000 -0.0000 -148.8447
3.9979 -53 253 -53 253 100.0000 -0.0000 -148.7504
3.9992 -60 260 -60 260 100.0000 -0.0000 -148.5686
4.0005 -61 261 -61 261 100.0000 -0.0000 -148.3841
4.0017 -58 258 -58 258 100.0000 -0.0000 -148.1932
4.0030 -56 256 -56 256 100.0000 -0.0000 -148.0348
4.0043 -59 259 -59 259 100.0000 -0.0000 -147.8456
4.0056 -60 260 -60 260 100.0000 -0.0000 -147.6320
4.0068 -66 266 -66 266 100.0000 -0.0000 -147.3185
4.0081 -59 259 -59 259 100.0000 -0.0000 -147.0935
4.0093 -52 252 -52 252 100.0000 -0.0000 -146.9573
4.0106 -54 254 -54 254 100.0000 -0.0000 -146.7962
4.0118 -57 257 -57 257 100.0000 -0.0000 -146.5833
4.0131 -57 257 -57 257 100.0000 -0.0000 -146.3671
4.0143 -51 251 -51 251 100.0000 -0.0000 -146.2300
4.0156 -62 262 -62 262 100.0000 -0.0000 -145.9615
4.0169 -59 259 -59 259 100.0000 -0.0000 -145.7101
4.0182 -59 259 -59 259 100.0000 -0.0000 -145.4681
4.0195 -66 266 -66 266 100.0000 -0.0000 -145.1287
4.0208 -62 262 -62 262 100.0000 -0.0000 -144.8522
4.0221 -59 259 -59 259 100.0000 -0.0000 -144.6139
4.0233 -54 254 -54 254 100.0000 -0.0000 -144.4416
4.0246 -60 260 -60 260 100.0000 -0.0000 -144.2009
4.0259 -58 258 -58 258 100.0000 -0.0000 -143.9781
4.0271 -62 262 -62 262 100.0000 -0.0000 -143.7161
4.0284 -61 261 -61 261 100.0000 -0.0000 -143.4604
4.0296 -63 263 -63 263 100.0000 -0.0000 -143.1968
4.0309 -59 259 -59 259 100.0000 -0.0000 -142.9762
4.0321 -58 258 -58 258 100.0000 -0.0000 -142.7789
4.0334 -60 260 -60 260 100.0000 -0.0000 -142.5532
4.0347 -62 262 -62 262 100.0000 -0.0000 -142.3008
4.0359 -63 263 -63 263 100.0000 -0.0000 -142.0420
4.0372 -58 258 -58 258 100.0000 -0.0000 -141.8316
4.0385 -56 256 -56 256 100.0000 -0.0000 -141.6486
4.0398 -66 266 -66 266 100.0000 -0.0000 -141.3383
4.0410 -59 259 -59 259 100.0000 -0.0000 -141.1229
4.0423 -56 256 -56 256 100.0000 -0.0000 -140.9180
4.0436 -71 271 -71 271 100.0000 -0.0000 -140.5294
4.0449 -62 262 -62 262 100.0000 -0.0000 -140.2639
4.0461 -61 261 -61 261 100.0000 -0.0000 -139.9864
4.0474 -55 255 -55 255 100.0000 -0.0000 -139.7595
4.0487 -59 259 -59 259 100.0000 -0.0000 -139.4863
4.0499 -61 261 -61 261 100.0000 -0.0000 -139.1860
4.0512 -61 261 -61 261 100.0000 -0.0000 -138.8359
4.0524 -64 264 -64 264 100.0000 -0.0000 -138.4574
4.0536 -62 262 -62 262 100.0000 -0.0000 -138.1045
4.0549 -64 264 -64 264 100.0000 -0.0000 -137.7180
4.0562 -68 268 -68 268 100.0000 -0.0000 -137.2403
4.0574 -57 257 -57 257 100.0000 -0.0000 -136.9131
4.0587 -57 257 -57 257 100.0000 -0.0000 -136.5747
4.0599 -59 259 -59 259 100.0000 -0.0000 -136.2154
4.0612 -64 264 -64 264 100.0000 -0.0000 -135.7627
4.0624 -60 260 -60 260 100.0000 -0.0000 -135.3568
4.0637 -61 261 -61 261 100.0000 -0.0000 -134.9501
4.0649 -58 258 -58 258 100.0000 -0.0000 -134.5784
4.0662 -62 262 -62 262 100.0000 -0.0000 -134.1540
4.0674 -52 252 -52 252 100.0000 -0.0000 -133.8563
4.0687 -64 264 -64 264 100.0000 -0.0000 -133.4191
4.0700 -65 265 -65 265 100.0000 -0.0000 -132.9646
4.0712 -55 255 -55 255 100.0000 -0.0000 -132.6656
4.0725 -58 258 -58 258 100.0000 -0.0000 -132.3346
4.0737 -48 248 -48 248 100.0000 -0.0000 -132.1298
4.0750 -62 262 -62 262 100.0000 -0.0000 -131.7561
4.0762 -62 262 -62 262 100.0000 -0.0000 -131.4441
4.0775 -53 253 -53 253 100.0000 -0.0000 -131.2397
4.0788 -55 255 -55 255 100.0000 -0.0000 -131.0145
4.0800 -58 258 -58 258 100.0000 -0.0000 -130.7616
4.0813 -50 250 -50 250 100.0000 -0.0000 -130.6837
4.0826 -57 257 -57 257 100.0000 -0.0000 -130.5171
4.0839 -49 249 -49 249 100.0000 -0.0000 -130.4495
4.0851 -59 259 -59 259 100.0000 -0.0000 -130.2652
4.0864 -48 248 -48 248 100.0000 -0.0000 -130.3112
4.0877 -59 259 -59 259 100.0000 -0.0000 -130.2125
4.0890 -52 252 -52 252 100.0000 -0.0000 -130.2135
4.0903 -60 260 -60 260 100.0000 -0.0000 -130.1076
4.0916 -56 256 -56 256 100.0000 -0.0000 -130.1178
4.0929 -52 252 -52 252 100.0000 -0.0000 -130.1939
4.0942 -59 259 -59 259 100.0000 -0.0000 -130.1713
4.0954 -51 251 -51 251 100.0000 -0.0000 -130.2640
4.0967 -52 252 -52 252 100.0000 -0.0000 -130.3783
4.0980 -56 256 -56 256 100.0000 -0.0000 -130.4456
4.0992 -46 246 -46 246 100.0000 -0.0000 -130.6369
4.1005 -51 251 -51 251 100.0000 -0.0000 -130.7646
4.1018 -48 248 -48 248 100.0000 -0.0000 -130.9392
4.1031 -53 253 -53 253 100.0000 -0.0000 -131.0464
4.1043 -59 259 -59 259 100.0000 -0.0000 -131.0804
4.1056 -54 254 -54 254 100.0000 -0.0000 -131.1333
4.1069 -51 251 -51 251 100.0000 -0.0000 -131.2217
4.1082 -54 254 -54 254 100.0000 -0.0000 -131.2736
4.1094 -50 250 -50 250 100.0000 -0.0000 -131.3824
4.1107 -49 249 -49 249 100.0000 -0.0000 -131.4406
4.1120 -50 250 -50 250 100.0000 -0.0000 -131.4768
4.1132 -48 248 -48 248 100.0000 -0.0000 -131.5399
4.1145 -49 249 -49 249 100.0000 -0.0000 -131.5831
4.1157 -39 239 -39 239 100.0000 -0.0000 -131.6712
4.1170 -46 246 -46 246 100.0000 -0.0000 -131.6694
4.1183 -42 242 -42 242 100.0000 -0.0000 -131.7107
4.1195 -52 252 -52 252 100.0000 -0.0000 -131.6280
4.1208 -53 253 -53 253 100.0000 -0.0000 -131.4368
4.1221 -41 241 -41 241 100.0000 -0.0000 -131.3946
4.1233 -39 239 -39 239 100.0000 -0.0000 -131.3759
4.1246 -46 246 -46 246 100.0000 -0.0000 -131.2677
4.1258 -39 239 -39 239 100.0000 -0.0000 -131.1503
4.1271 -45 245 -45 245 100.0000 -0.0000 -130.9551
4.1284 -48 248 -48 248 100.0000 -0.0000 -130.7165
4.1296 -39 239 -39 239 100.0000 -0.0000 -130.5934
4.1309 -40 240 -40 240 100.0000 -0.0000 -130.3753
4.1321 -42 242 -42 242 100.0000 -0.0000 -130.1273
4.1334 -44 244 -44 244 100.0000 -0.0000 -129.8639
4.1347 -46 246 -46 246 100.0000 -0.0000 -129.5723
4.1359 -39 239 -39 239 100.0000 -0.0000 -129.3013
4.1372 -47 247 -47 247 100.0000 -0.0000 -128.9392
4.1385 -35 235 -35 235 100.0000 -0.0000 -128.7295
4.1397 -41 241 -41 241 100.0000 -0.0000 -128.4416
4.1410 -41 241 -41 241 100.0000 -0.0000 -128.1223
4.1423 -39 239 -39 239 100.0000 -0.0000 -127.8371
4.1435 -44 244 -44 244 100.0000 -0.0000 -127.4873
4.1448 -43 243 -43 243 100.0000 -0.0000 -127.1494
4.1461 -32 232 -32 232 100.0000 -0.0000 -126.9484
4.1473 -40 240 -40 240 100.0000 -0.0000 -126.6440
4.1486 -35 235 -35 235 100.0000 -0.0000 -126.4008
4.1499 -34 234 -34 234 100.0000 -0.0000 -126.1814
4.1512 -41 241 -41 241 100.0000 -0.0000 -125.8884
4.1524 -44 244 -44 244 100.0000 -0.0000 -125.5547
4.1537 -43 243 -43 243 100.0000 -0.0000 -125.2388
4.1550 -36 236 -36 236 100.0000 -0.0000 -125.0167
4.1562 -43 243 -43 243 100.0000 -0.0000 -124.7331
4.1575 -26 226 -26 226 100.0000 -0.0000 -124.6640
4.1588 -37 237 -37 237 100.0000 -0.0000 -124.4492
4.1600 -34 234 -34 234 100.0000 -0.0000 -124.2824
4.1613 -37 237 -37 237 100.0000 -0.0000 -124.1119
4.1625 -37 237 -37 237 100.0000 -0.0000 -123.9363
4.1637 -30 230 -30 230 100.0000 -0.0000 -123.8473
4.1650 -27 227 -27 227 100.0000 -0.0000 -123.7991
4.1662 -28 228 -28 228 100.0000 -0.0000 -123.7810
4.1674 -34 234 -34 234 100.0000 -0.0000 -123.6897
4.1687 -27 227 -27 227 100.0000 -0.0000 -123.6734
4.1700 -36 236 -36 236 100.0000 -0.0000 -123.5512
4.1712 -24 224 -24 224 100.0000 -0.0000 -123.6170
4.1725 -34 234 -34 234 100.0000 -0.0000 -123.5522
4.1738 -28 228 -28 228 100.0000 -0.0000 -123.5596
4.1750 -22 222 -22 222 100.0000 -0.0000 -123.6570
4.1763 -36 236 -36 236 100.0000 -0.0000 -123.5708
4.1776 -35 235 -35 235 100.0000 -0.0000 -123.5122
4.1789 -30 230 -30 230 100.0000 -0.0000 -123.5163
4.1802 -32 232 -32 232 100.0000 -0.0000 -123.4881
4.1814 -28 228 -28 228 100.0000 -0.0000 -123.5124
4.1827 -35 235 -35 235 100.0000 -0.0000 -123.4464
4.1840 -33 233 -33 233 100.0000 -0.0000 -123.4124
4.1852 -35 235 -35 235 100.0000 -0.0000 -123.3180
4.1865 -27 227 -27 227 100.0000 -0.0000 -123.3236
4.1878 -33 233 -33 233 100.0000 -0.0000 -123.2582
4.1890 -34 234 -34 234 100.0000 -0.0000 -123.1742
4.1903 -29 229 -29 229 100.0000 -0.0000 -123.1082
4.1916 -27 227 -27 227 100.0000 -0.0000 -123.0711
4.1928 -37 237 -37 237 100.0000 -0.0000 -122.9081
4.1941 -35 235 -35 235 100.0000 -0.0000 -122.7667
4.1954 -41 241 -41 241 100.0000 -0.0000 -122.4971
4.1967 -27 227 -27 227 100.0000 -0.0000 -122.4034
4.1979 -30 230 -30 230 100.0000 -0.0000 -122.2719
4.1992 -36 236 -36 236 100.0000 -0.0000 -122.0619
4.2005 -41 241 -41 241 100.0000 -0.0000 -121.7446
4.2018 -34 234 -34 234 100.0000 -0.0000 -121.5264
4.2030 -41 241 -41 241 100.0000 -0.0000 -121.2121
4.2043 -27 227 -27 227 100.0000 -0.0000 -121.0839
4.2057 -31 231 -31 231 100.0000 -0.0000 -120.8562
4.2069 -38 238 -38 238 100.0000 -0.0000 -120.5391
4.2082 -24 224 -24 224 100.0000 -0.0000 -120.4081
4.2095 -34 234 -34 234 100.0000 -0.0000 -120.1484
4.2108 -40 240 -40 240 100.0000 -0.0000 -119.7853
4.2120 -36 236 -36 236 100.0000 -0.0000 -119.4768
4.2133 -30 230 -30 230 100.0000 -0.0000 -119.2470
4.2146 -27 227 -27 227 100.0000 -0.0000 -119.0454
4.2158 -33 233 -33 233 100.0000 -0.0000 -118.7322
4.2171 -47 247 -47 247 100.0000 -0.0000 -118.2511
4.2184 -41 241 -41 241 100.0000 -0.0000 -117.8421
4.2197 -30 230 -30 230 100.0000 -0.0000 -117.5601
4.2210 -32 232 -32 232 100.0000 -0.0000 -117.2187
4.2222 -36 236 -36 236 100.0000 -0.0000 -116.8400
4.2235 -32 232 -32 232 100.0000 -0.0000 -116.5075
4.2248 -30 230 -30 230 100.0000 -0.0000 -116.1568
4.2261 -34 234 -34 234 100.0000 -0.0000 -115.7683
4.2273 -32 232 -32 232 100.0000 -0.0000 -115.4059
4.2286 -33 233 -33 233 100.0000 -0.0000 -115.0288
4.2299 -26 226 -26 226 100.0000 -0.0000 -114.7108
4.2312 -31 231 -31 231 100.0000 -0.0000 -114.3270
4.2324 -31 231 -31 231 100.0000 -0.0000 -113.9581
4.2337 -33 233 -33 233 100.0000 -0.0000 -113.5669
4.2350 -32 232 -32 232 100.0000 -0.0000 -113.1821
4.2362 -33 233 -33 233 100.0000 -0.0000 -112.7826
4.2375 -37 237 -37 237 100.0000 -0.0000 -112.3348
4.2388 -33 233 -33 233 100.0000 -0.0000 -111.9456
4.2401 -24 224 -24 224 100.0000 -0.0000 -111.6846
4.2413 -25 225 -25 225 100.0000 -0.0000 -111.4168
4.2426 -28 228 -28 228 100.0000 -0.0000 -111.1094
4.2439 -24 224 -24 224 100.0000 -0.0000 -110.8589
4.2451 -30 230 -30 230 100.0000 -0.0000 -110.5741
4.2464 -27 227 -27 227 100.0000 -0.0000 -110.3320
4.2476 -36 236 -36 236 100.0000 -0.0000 -109.9789
4.2489 -22 222 -22 222 100.0000 -0.0000 -109.7944
4.2502 -34 234 -34 234 100.0000 -0.0000 -109.5022
4.2515 -23 223 -23 223 100.0000 -0.0000 -109.3453
4.2527 -29 229 -29 229 100.0000 -0.0000 -109.1146
4.2540 -32 232 -32 232 100.0000 -0.0000 -108.8550
4.2552 -32 232 -32 232 100.0000 -0.0000 -108.6273
4.2565 -26 226 -26 226 100.0000 -0.0000 -108.4693
4.2578 -30 230 -30 230 100.0000 -0.0000 -108.2732
4.2590 -28 228 -28 228 100.0000 -0.0000 -108.1040
4.2603 -31 231 -31 231 100.0000 -0.0000 -107.9114
4.2616 -30 230 -30 230 100.0000 -0.0000 -107.7297
4.2629 -22 222 -22 222 100.0000 -0.0000 -107.6451
4.2641 -27 227 -27 227 100.0000 -0.0000 -107.5080
4.2654 -31 231 -31 231 100.0000 -0.0000 -107.3324
4.2667 -30 230 -30 230 100.0000 -0.0000 -107.1632
4.2679 -22 222 -22 222 100.0000 -0.0000 -107.0982
4.2692 -25 225 -25 225 100.0000 -0.0000 -107.0094
4.2704 -22 222 -22 222 100.0000 -0.0000 -106.9559
4.2717 -24 224 -24 224 100.0000 -0.0000 -106.8801
4.2729 -21 221 -21 221 100.0000 -0.0000 -106.8403
4.2742 -23 223 -23 223 100.0000 -0.0000 -106.7880
4.2754 -21 221 -21 221 100.0000 -0.0000 -106.7528
4.2767 -25 225 -25 225 100.0000 -0.0000 -106.6689
4.2780 -12 212 -12 212 100.0000 -0.0000 -106.7417
4.2792 -22 222 -22 222 100.0000 -0.0000 -106.7342
4.2805 -27 227 -27 227 100.0000 -0.0000 -106.6557
4.2818 -26 226 -26 226 100.0000 -0.0000 -106.5792
4.2831 -18 218 -18 218 100.0000 -0.0000 -106.6141
4.2844 -24 224 -24 224 100.0000 -0.0000 -106.5889
4.2856 -14 214 -14 214 100.0000 -0.0000 -106.7038
4.2869 -20 220 -20 220 100.0000 -0.0000 -106.7323
4.2882 -24 224 -24 224 100.0000 -0.0000 -106.7087
4.2895 -18 218 -18 218 100.0000 -0.0000 -106.7961
4.2908 -23 223 -23 223 100.0000 -0.0000 -106.8287
4.2921 -17 217 -17 217 100.0000 -0.0000 -106.9298
4.2933 -11 211 -11 211 100.0000 -0.0000 -107.1116
4.2946 -10 210 -10 210 100.0000 -0.0000 -107.3363
4.2959 -20 220 -20 220 100.0000 -0.0000 -107.4240
4.2972 -18 218 -18 218 100.0000 -0.0000 -107.5407
4.2985 -22 222 -22 222 100.0000 -0.0000 -107.6075
4.2997 -26 226 -26 226 100.0000 -0.0000 -107.6237
4.3010 -23 223 -23 223 100.0000 -0.0000 -107.6709
4.3023 -18 218 -18 218 100.0000 -0.0000 -107.7843
4.3036 -23 223 -23 223 100.0000 -0.0000 -107.8416
4.3048 -11 211 -11 211 100.0000 -0.0000 -108.0068
4.3061 -26 226 -26 226 100.0000 -0.0000 -107.9888
4.3074 -14 214 -14 214 100.0000 -0.0000 -108.1182
4.3087 -19 219 -19 219 100.0000 -0.0000 -108.1814
4.3099 -19 219 -19 219 100.0000 -0.0000 -108.1788
4.3112 -20 220 -20 220 100.0000 -0.0000 -108.1593
4.3125 -28 228 -28 228 100.0000 -0.0000 -108.0449
4.3138 -24 224 -24 224 100.0000 -0.0000 -107.9756
4.3151 -29 229 -29 229 100.0000 -0.0000 -107.7437
4.3163 -26 226 -26 226 100.0000 -0.0000 -107.5514
4.3176 -25 225 -25 225 100.0000 -0.0000 -107.3674
4.3189 -21 221 -21 221 100.0000 -0.0000 -107.1195
4.3201 -13 213 -13 213 100.0000 -0.0000 -106.9848
4.3214 -27 227 -27 227 100.0000 -0.0000 -106.6791
4.3226 -26 226 -26 226 100.0000 -0.0000 -106.3821
4.3239 -20 220 -20 220 100.0000 -0.0000 -106.0692
4.3252 -29 229 -29 229 100.0000 -0.0000 -105.6418
4.3264 -31 231 -31 231 100.0000 -0.0000 -105.1986
4.3277 -23 223 -23 223 100.0000 -0.0000 -104.8545
4.3289 -34 234 -34 234 100.0000 -0.0000 -104.3148
4.3302 -27 227 -27 227 100.0000 -0.0000 -103.8598
4.3315 -27 227 -27 227 100.0000 -0.0000 -103.4176
4.3327 -33 233 -33 233 100.0000 -0.0000 -102.8939
4.3340 -23 223 -23 223 100.0000 -0.0000 -102.4658
4.3353 -18 218 -18 218 100.0000 -0.0000 -102.0965
4.3365 -27 227 -27 227 100.0000 -0.0000 -101.6165
4.3378 -24 224 -24 224 100.0000 -0.0000 -101.1819
4.3391 -22 222 -22 222 100.0000 -0.0000 -100.7514
4.3403 -26 226 -26 226 100.0000 -0.0000 -100.2798
4.3417 -13 213 -13 213 100.0000 -0.0000 -99.9712
4.3429 -24 224 -24 224 100.0000 -0.0000 -99.5325
4.3442 -25 225 -25 225 100.0000 -0.0000 -99.0811
4.3455 -20 220 -20 220 100.0000 -0.0000 -98.6970
4.3467 -22 222 -22 222 100.0000 -0.0000 -98.2899
4.3480 -24 224 -24 224 100.0000 -0.0000 -97.8652
4.3492 -19 219 -19 219 100.0000 -0.0000 -97.5176
4.3505 -15 215 -15 215 100.0000 -0.0000 -97.2216
4.3517 -15 215 -15 215 100.0000 -0.0000 -96.9220
4.3530 -23 223 -23 223 100.0000 -0.0000 -96.5197
4.3543 -20 220 -20 220 100.0000 -0.0000 -96.1751
4.3555 -20 220 -20 220 100.0000 -0.0000 -95.8346
4.3568 -24 224 -24 224 100.0000 -0.0000 -95.4430
4.3580 -21 221 -21 221 100.0000 -0.0000 -95.1003
4.3593 -17 217 -17 217 100.0000 -0.0000 -94.8359
4.3605 -24 224 -24 224 100.0000 -0.0000 -94.4883
4.3618 -19 219 -19 219 100.0000 -0.0000 -94.1893
4.3630 -24 224 -24 224 100.0000 -0.0000 -93.8359
4.3643 -14 214 -14 214 100.0000 -0.0000 -93.6303
4.3656 -22 222 -22 222 100.0000 -0.0000 -93.3234
4.3668 -11 211 -11 211 100.0000 -0.0000 -93.1606
4.3681 -20 220 -20 220 100.0000 -0.0000 -92.8924
4.3693 -21 221 -21 221 100.0000 -0.0000 -92.6210
4.3706 -9 209 -9 209 100.0000 -0.0000 -92.4982
4.3718 -16 216 -16 216 100.0000 -0.0000 -92.2815
4.3731 -13 213 -13 213 100.0000 -0.0000 -92.1148
4.3743 -19 219 -19 219 100.0000 -0.0000 -91.8583
4.3756 -16 216 -16 216 100.0000 -0.0000 -91.6403
4.3768 -14 214 -14 214 100.0000 -0.0000 -91.4457
4.3781 -11 211 -11 211 100.0000 -0.0000 -91.2998
4.3793 -18 218 -18 218 100.0000 -0.0000 -91.0273
4.3806 -14 214 -14 214 100.0000 -0.0000 -90.8089
4.3818 -20 220 -20 220 100.0000 -0.0000 -90.5145
4.3831 -12 212 -12 212 100.0000 -0.0000 -90.3129
4.3844 -14 214 -14 214 100.0000 -0.0000 -90.0460
4.3856 -13 213 -13 213 100.0000 -0.0000 -89.7938
4.3869 -9 209 -9 209 100.0000 -0.0000 -89.5911
4.3882 -10 210 -10 210 100.0000 -0.0000 -89.3327
4.3895 -20 220 -20 220 100.0000 -0.0000 -88.9090
4.3908 -14 214 -14 214 100.0000 -0.0000 -88.5736
4.3923 -8 208 -8 208 100.0000 -0.0000 -88.2984
4.3936 -11 211 -11 211 100.0000 -0.0000 -87.9278
4.3949 -5 205 -5 205 100.0000 -0.0000 -87.6288
4.3963 -11 211 -11 211 100.0000 -0.0000 -87.2250
4.3976 -8 208 -8 208 100.0000 -0.0000 -86.9027
4.3989 -7 207 -7 207 100.0000 -0.0000 -86.4831
4.4004 -9 209 -9 209 100.0000 -0.0000 -86.0012
4.4017 -13 213 -13 213 100.0000 -0.0000 -85.5137
4.4030 -14 214 -14 214 100.0000 -0.0000 -85.0072
4.4045 -10 210 -10 210 100.0000 -0.0000 -84.4086
4.4057 -7 207 -7 207 100.0000 -0.0000 -83.8935
4.4070 -10 210 -10 210 100.0000 -0.0000 -83.3389
4.4085 -13 213 -13 213 100.0000 -0.0000 -82.5779
4.4098 -4 204 -4 204 100.0000 -0.0000 -81.9840
4.4111 6 193 6 193 100.0000 -0.0000 -81.5271
4.4124 -2 202 -2 202 100.0000 -0.0000 -80.9559
4.4139 -2 202 -2 202 100.0000 -0.0000 -80.2556
4.4151 9 190 9 190 100.0000 -0.0000 -79.7465
4.4166 -2 202 -2 202 100.0000 -0.0000 -79.0469
4.4179 -1 201 -1 201 100.0000 -0.0000 -78.3473
4.4192 2 197 2 197 100.0000 -0.0000 -77.7026
4.4206 0 199 0 199 100.0000 -0.0000 -76.9952
4.4219 8 191 8 191 100.0000 -0.0000 -76.4357
4.4232 7 192 7 192 100.0000 -0.0000 -75.8523
4.4246 13 186 13 186 100.0000 -0.0000 -75.3250
4.4259 13 186 13 186 100.0000 -0.0000 -74.8180
4.4272 0 199 0 199 100.0000 -0.0000 -74.1460
4.4286 7 192 7 192 100.0000 -0.0000 -73.5739
4.4299 15 184 15 184 100.0000 -0.0000 -73.1321
4.4314 6 193 6 193 100.0000 -0.0000 -72.5334
4.4326 20 179 20 179 100.0000 -0.0000 -72.1702
4.4341 7 192 7 192 100.0000 -0.0000 -71.6616
4.4354 12 187 12 187 100.0000 -0.0000 -71.2417
4.4367 5 194 5 194 100.0000 -0.0000 -70.7335
4.4380 9 190 9 190 100.0000 -0.0000 -70.3469
4.4393 17 182 17 182 100.0000 -0.0000 -70.0724
4.4406 15 184 15 184 100.0000 -0.0000 -69.7730
4.4421 18 181 18 181 100.0000 -0.0000 -69.5066
4.4435 0 199 0 199 100.0000 -0.0000 -69.0237
4.4448 7 192 7 192 100.0000 -0.0000 -68.6738
4.4463 12 187 12 187 100.0000 -0.0000 -68.3646
4.4476 11 188 11 188 100.0000 -0.0000 -68.0748
4.4489 10 189 10 189 100.0000 -0.0000 -67.7907
4.4502 11 188 11 188 100.0000 -0.0000 -67.5290
4.4515 6 193 6 193 100.0000 -0.0000 -67.1963
4.4528 13 186 13 186 100.0000 -0.0000 -66.9517
4.4540 8 191 8 191 100.0000 -0.0000 -66.6684
4.4553 15 184 15 184 100.0000 -0.0000 -66.4692
4.4565 17 182 17 182 100.0000 -0.0000 -66.2874
4.4578 10 189 10 189 100.0000 -0.0000 -65.9942
4.4591 14 185 14 185 100.0000 -0.0000 -65.7550
4.4603 14 185 14 185 100.0000 -0.0000 -65.5159
4.4616 17 182 17 182 100.0000 -0.0000 -65.3269
4.4628 9 190 9 190 100.0000 -0.0000 -65.0096
4.4641 4 195 4 195 100.0000 -0.0000 -64.6356
4.4654 15 184 15 184 100.0000 -0.0000 -64.3910
4.4666 17 182 17 182 100.0000 -0.0000 -64.1791
4.4679 2 197 2 197 100.0000 -0.0000 -63.7557
4.4692 15 184 15 184 100.0000 -0.0000 -63.4981
4.4704 15 184 15 184 100.0000 -0.0000 -63.2387
4.4717 13 186 13 186 100.0000 -0.0000 -62.9622
4.4730 25 174 25 174 100.0000 -0.0000 -62.8208
4.4742 19 180 19 180 100.0000 -0.0000 -62.6056
4.4755 19 180 19 180 100.0000 -0.0000 -62.3972
4.4767 19 180 19 180 100.0000 -0.0000 -62.1820
4.4780 12 187 12 187 100.0000 -0.0000 -61.8763
4.4793 13 186 13 186 100.0000 -0.0000 -61.5825
4.4805 24 175 24 175 100.0000 -0.0000 -61.4227
4.4818 26 173 26 173 100.0000 -0.0000 -61.2913
4.4831 19 180 19 180 100.0000 -0.0000 -61.0607
4.4844 23 176 23 176 100.0000 -0.0000 -60.8783
4.4856 29 170 29 170 100.0000 -0.0000 -60.7826
4.4869 18 181 18 181 100.0000 -0.0000 -60.5455
4.4882 19 180 19 180 100.0000 -0.0000 -60.3124
4.4895 26 173 26 173 100.0000 -0.0000 -60.1740
4.4907 33 166 33 166 100.0000 -0.0000 -60.1247
4.4920 26 173 26 173 100.0000 -0.0000 -59.9882
4.4933 28 171 28 171 100.0000 -0.0000 -59.8655
4.4946 31 168 31 168 100.0000 -0.0000 -59.7828
4.4959 25 174 25 174 100.0000 -0.0000 -59.6217
4.4971 26 173 26 173 100.0000 -0.0000 -59.4779
4.4984 36 163 36 163 100.0000 -0.0000 -59.4305
4.4996 28 171 28 171 100.0000 -0.0000 -59.2879
4.5009 29 170 29 170 100.0000 -0.0000 -59.1583
4.5022 24 175 24 175 100.0000 -0.0000 -58.9512
4.5035 32 167 32 167 100.0000 -0.0000 -58.8246
4.5047 35 164 35 164 100.0000 -0.0000 -58.7384
4.5060 32 167 32 167 100.0000 -0.0000 -58.6200
4.5072 31 168 31 168 100.0000 -0.0000 -58.4729
4.5085 38 161 38 161 100.0000 -0.0000 -58.4089
4.5098 37 162 37 162 100.0000 -0.0000 -58.3281
4.5110 37 162 37 162 100.0000 -0.0000 -58.2554
4.5123 30 169 30 169 100.0000 -0.0000 -58.1013
4.5136 36 163 36 163 100.0000 -0.0000 -58.0148
4.5148 30 169 30 169 100.0000 -0.0000 -57.8566
4.5161 32 167 32 167 100.0000 -0.0000 -57.7278
4.5173 26 173 26 173 100.0000 -0.0000 -57.5561
4.5186 35 164 35 164 100.0000 -0.0000 -57.4929
4.5198 28 171 28 171 100.0000 -0.0000 -57.3463
4.5210 26 173 26 173 100.0000 -0.0000 -57.1763
4.5223 31 168 31 168 100.0000 -0.0000 -57.1066
4.5235 39 160 39 160 100.0000 -0.0000 -57.1374
4.5247 29 170 29 170 100.0000 -0.0000 -57.0435
4.5260 29 170 29 170 100.0000 -0.0000 -56.9524
4.5272 33 166 33 166 100.0000 -0.0000 -56.9729
4.5284 36 163 36 163 100.0000 -0.0000 -57.0246
4.5297 34 165 34 165 100.0000 -0.0000 -57.0453
4.5309 29 170 29 170 100.0000 -0.0000 -57.0137
4.5322 33 166 33 166 100.0000 -0.0000 -57.0725
4.5334 34 165 34 165 100.0000 -0.0000 -57.1407
4.5347 35 164 35 164 100.0000 -0.0000 -57.2206
4.5361 30 169 30 169 100.0000 -0.0000 -57.2399
4.5374 24 175 24 175 100.0000 -0.0000 -57.2257
4.5387 21 178 21 178 100.0000 -0.0000 -57.1722
4.5399 29 170 29 170 100.0000 -0.0000 -57.2318
4.5412 25 174 25 174 100.0000 -0.0000 -57.2331
4.5424 29 170 29 170 100.0000 -0.0000 -57.3204
4.5437 26 173 26 173 100.0000 -0.0000 -57.3710
4.5449 23 176 23 176 100.0000 -0.0000 -57.3791
4.5462 26 173 26 173 100.0000 -0.0000 -57.4279
4.5474 35 164 35 164 100.0000 -0.0000 -57.5850
4.5487 28 171 28 171 100.0000 -0.0000 -57.6396
4.5500 24 175 24 175 100.0000 -0.0000 -57.6581
4.5513 34 165 34 165 100.0000 -0.0000 -57.8032
4.5525 31 168 31 168 100.0000 -0.0000 -57.8560
4.5538 28 171 28 171 100.0000 -0.0000 -57.8660
4.5551 19 180 19 180 100.0000 -0.0000 -57.7584
4.5564 22 177 22 177 100.0000 -0.0000 -57.6964
4.5577 21 178 21 178 100.0000 -0.0000 -57.5324
4.5589 33 166 33 166 100.0000 -0.0000 -57.5184
4.5602 20 179 20 179 100.0000 -0.0000 -57.3421
4.5615 24 175 24 175 100.0000 -0.0000 -57.2190
4.5627 16 183 16 183 100.0000 -0.0000 -56.8974
4.5640 20 179 20 179 100.0000 -0.0000 -56.6248
4.5652 25 174 25 174 100.0000 -0.0000 -56.4088
4.5665 21 178 21 178 100.0000 -0.0000 -56.1433
4.5678 23 176 23 176 100.0000 -0.0000 -55.8058
4.5691 19 180 19 180 100.0000 -0.0000 -55.4141
4.5704 20 179 20 179 100.0000 -0.0000 -55.0355
4.5717 18 181 18 181 100.0000 -0.0000 -54.5705
4.5730 22 177 22 177 100.0000 -0.0000 -54.1577
4.5743 20 179 20 179 100.0000 -0.0000 -53.7198
4.5755 26 173 26 173 100.0000 -0.0000 -53.3646
4.5768 28 171 28 171 100.0000 -0.0000 -52.9940
4.5780 30 169 30 169 100.0000 -0.0000 -52.6543
4.5793 27 172 27 172 100.0000 -0.0000 -52.2799
4.5806 20 179 20 179 100.0000 -0.0000 -51.8198
4.5818 27 172 27 172 100.0000 -0.0000 -51.4462
4.5831 24 175 24 175 100.0000 -0.0000 -51.0430
4.5843 19 180 19 180 100.0000 -0.0000 -50.5735
4.5856 29 170 29 170 100.0000 -0.0000 -50.2299
4.5868 27 172 27 172 100.0000 -0.0000 -49.8947
4.5881 31 168 31 168 100.0000 -0.0000 -49.6102
4.5893 26 173 26 173 100.0000 -0.0000 -49.2588
4.5906 25 174 25 174 100.0000 -0.0000 -48.9017
4.5919 28 171 28 171 100.0000 -0.0000 -48.6219
4.5932 27 172 27 172 100.0000 -0.0000 -48.3294
4.5944 30 169 30 169 100.0000 -0.0000 -48.0867
4.5957 35 164 35 164 100.0000 -0.0000 -47.9044
4.5970 32 167 32 167 100.0000 -0.0000 -47.7245
4.5983 34 165 34 165 100.0000 -0.0000 -47.5883
4.5995 32 167 32 167 100.0000 -0.0000 -47.4288
4.6008 38 161 38 161 100.0000 -0.0000 -47.3371
4.6021 23 176 23 176 100.0000 -0.0000 -47.1083
4.6033 32 167 32 167 100.0000 -0.0000 -46.9924
4.6046 28 171 28 171 100.0000 -0.0000 -46.8315
4.6058 33 166 33 166 100.0000 -0.0000 -46.7406
4.6071 35 164 35 164 100.0000 -0.0000 -46.7065
4.6084 31 168 31 168 100.0000 -0.0000 -46.6296
4.6097 32 167 32 167 100.0000 -0.0000 -46.5530
4.6109 29 170 29 170 100.0000 -0.0000 -46.4476
4.6122 39 160 39 160 100.0000 -0.0000 -46.4762
4.6135 37 162 37 162 100.0000 -0.0000 -46.4928
4.6148 29 170 29 170 100.0000 -0.0000 -46.3958
4.6160 39 160 39 160 100.0000 -0.0000 -46.4292
4.6173 36 163 36 163 100.0000 -0.0000 -46.4153
4.6186 35 164 35 164 100.0000 -0.0000 -46.3944
4.6198 38 161 38 161 100.0000 -0.0000 -46.4125
4.6211 39 160 39 160 100.0000 -0.0000 -46.4465
4.6224 44 155 44 155 100.0000 -0.0000 -46.5065
4.6236 36 163 36 163 100.0000 -0.0000 -46.4664
4.6249 33 166 33 166 100.0000 -0.0000 -46.3838
4.6262 37 162 37 162 100.0000 -0.0000 -46.2999
4.6274 26 173 26 173 100.0000 -0.0000 -46.0774
4.6287 32 167 32 167 100.0000 -0.0000 -45.9297
4.6299 33 166 33 166 100.0000 -0.0000 -45.7905
4.6312 34 165 34 165 100.0000 -0.0000 -45.5989
4.6325 32 167 32 167 100.0000 -0.0000 -45.3691
4.6338 29 170 29 170 100.0000 -0.0000 -45.1088
4.6350 33 166 33 166 100.0000 -0.0000 -44.9088
4.6363 38 161 38 161 100.0000 -0.0000 -44.6840
4.6376 30 169 30 169 100.0000 -0.0000 -44.3538
4.6388 42 157 42 157 100.0000 -0.0000 -44.1746
4.6401 37 162 37 162 100.0000 -0.0000 -43.9395
4.6414 40 159 40 159 100.0000 -0.0000 -43.6529
4.6426 41 158 41 158 100.0000 -0.0000 -43.3697
4.6439 39 160 39 160 100.0000 -0.0000 -43.0748
4.6452 38 161 38 161 100.0000 -0.0000 -42.7551
4.6464 36 163 36 163 100.0000 -0.0000 -42.3225
4.6477 40 159 40 159 100.0000 -0.0000 -41.9475
4.6490 31 168 31 168 100.0000 -0.0000 -41.4550
4.6503 32 167 32 167 100.0000 -0.0000 -40.9838
4.6515 33 166 33 166 100.0000 -0.0000 -40.4621
4.6528 34 165 34 165 100.0000 -0.0000 -39.9539
4.6541 31 168 31 168 100.0000 -0.0000 -39.4098
4.6554 36 163 36 163 100.0000 -0.0000 -38.9319
4.6566 37 162 37 162 100.0000 -0.0000 -38.4098
4.6579 36 163 36 163 100.0000 -0.0000 -37.8791
4.6592 38 161 38 161 100.0000 -0.0000 -37.3708
4.6605 35 164 35 164 100.0000 -0.0000 -36.8323
4.6618 45 154 45 154 100.0000 -0.0000 -36.3990
4.6630 36 163 36 163 100.0000 -0.0000 -35.8603
4.6643 36 163 36 163 100.0000 -0.0000 -35.3246
4.6656 42 157 42 157 100.0000 -0.0000 -34.8688
4.6669 43 156 43 156 100.0000 -0.0000 -34.4212
4.6682 37 162 37 162 100.0000 -0.0000 -33.9059
4.6694 41 158 41 158 100.0000 -0.0000 -33.4546
4.6707 45 154 45 154 100.0000 -0.0000 -33.0415
4.6720 48 151 48 151 100.0000 -0.0000 -32.6917
4.6732 45 154 45 154 100.0000 -0.0000 -32.3044
4.6745 45 154 45 154 100.0000 -0.0000 -31.9276
4.6758 52 147 52 147 100.0000 -0.0000 -31.6714
4.6771 49 150 49 150 100.0000 -0.0000 -31.3703
4.6784 49 150 49 150 100.0000 -0.0000 -31.0851
4.6797 51 148 51 148 100.0000 -0.0000 -30.8269
4.6809 51 148 51 148 100.0000 -0.0000 -30.5979
4.6822 42 157 42 157 100.0000 -0.0000 -30.2695
4.6834 47 152 47 152 100.0000 -0.0000 -30.0016
4.6847 56 143 56 143 100.0000 -0.0000 -29.8520
4.6860 57 142 57 142 100.0000 -0.0000 -29.7557
4.6872 56 143 56 143 100.0000 -0.0000 -29.6462
4.6885 52 147 52 147 100.0000 -0.0000 -29.4893
4.6898 47 152 47 152 100.0000 -0.0000 -29.2636
4.6911 47 152 47 152 100.0000 -0.0000 -29.0751
4.6924 56 143 56 143 100.0000 -0.0000 -29.0004
4.6937 64 135 64 135 100.0000 -0.0000 -29.0323
4.6949 56 143 56 143 100.0000 -0.0000 -28.9640
4.6962 55 144 55 144 100.0000 -0.0000 -28.9301
4.6974 55 144 55 144 100.0000 -0.0000 -28.9003
4.6987 55 144 55 144 100.0000 -0.0000 -28.8613
4.7000 52 147 52 147 100.0000 -0.0000 -28.7838
4.7013 53 146 53 146 100.0000 -0.0000 -28.7543
4.7025 52 147 52 147 100.0000 -0.0000 -28.7169
4.7038 54 145 54 145 100.0000 -0.0000 -28.6955
4.7051 54 145 54 145 100.0000 -0.0000 -28.6728
4.7064 57 142 57 142 100.0000 -0.0000 -28.7255
4.7077 53 146 53 146 100.0000 -0.0000 -28.7271
4.7090 55 144 55 144 100.0000 -0.0000 -28.7497
4.7102 50 149 50 149 100.0000 -0.0000 -28.7173
4.7115 45 154 45 154 100.0000 -0.0000 -28.6198
4.7127 54 145 54 145 100.0000 -0.0000 -28.6411
4.7140 49 150 49 150 100.0000 -0.0000 -28.5927
4.7153 59 140 59 140 100.0000 -0.0000 -28.6805
4.7166 53 146 53 146 100.0000 -0.0000 -28.6637
4.7178 49 150 49 150 100.0000 -0.0000 -28.5910
4.7191 52 147 52 147 100.0000 -0.0000 -28.5583
4.7204 52 147 52 147 100.0000 -0.0000 -28.4853
4.7217 57 142 57 142 100.0000 -0.0000 -28.4776
4.7229 49 150 49 150 100.0000 -0.0000 -28.3790
4.7242 47 152 47 152 100.0000 -0.0000 -28.2467
4.7255 50 149 50 149 100.0000 -0.0000 -28.0945
4.7268 46 153 46 153 100.0000 -0.0000 -27.8955
4.7281 54 145 54 145 100.0000 -0.0000 -27.7950
4.7293 46 153 46 153 100.0000 -0.0000 -27.6077
4.7306 49 150 49 150 100.0000 -0.0000 -27.3856
4.7319 57 142 57 142 100.0000 -0.0000 -27.2646
4.7332 49 150 49 150 100.0000 -0.0000 -27.0335
4.7344 47 152 47 152 100.0000 -0.0000 -26.7873
4.7357 54 145 54 145 100.0000 -0.0000 -26.5723
4.7370 46 153 46 153 100.0000 -0.0000 -26.2511
4.7383 52 147 52 147 100.0000 -0.0000 -26.0109
4.7396 48 151 48 151 100.0000 -0.0000 -25.7229
4.7408 45 154 45 154 100.0000 -0.0000 -25.3481
4.7421 47 152 47 152 100.0000 -0.0000 -24.9989
4.7434 49 150 49 150 100.0000 -0.0000 -24.6786
4.7447 39 160 39 160 100.0000 -0.0000 -24.2337
4.7459 56 143 56 143 100.0000 -0.0000 -23.9540
4.7472 42 157 42 157 100.0000 -0.0000 -23.5035
4.7485 49 150 49 150 100.0000 -0.0000 -23.1534
4.7497 48 151 48 151 100.0000 -0.0000 -22.7879
4.7510 57 142 57 142 100.0000 -0.0000 -22.4902
4.7523 56 143 56 143 100.0000 -0.0000 -22.1800
4.7536 57 142 57 142 100.0000 -0.0000 -21.8907
4.7549 52 147 52 147 100.0000 -0.0000 -21.5225
4.7562 53 146 53 146 100.0000 -0.0000 -21.1219
4.7574 53 146 53 146 100.0000 -0.0000 -20.7349
4.7587 52 147 52 147 100.0000 -0.0000 -20.3198
4.7600 56 143 56 143 100.0000 -0.0000 -19.9688
4.7613 57 142 57 142 100.0000 -0.0000 -19.5835
4.7626 61 138 61 138 100.0000 -0.0000 -19.2489
4.7638 59 140 59 140 100.0000 -0.0000 -18.8895
4.7651 61 138 61 138 100.0000 -0.0000 -18.5145
4.7664 59 140 59 140 100.0000 -0.0000 -18.1180
4.7677 58 141 58 141 100.0000 -0.0000 -17.7043
4.7690 61 138 61 138 100.0000 -0.0000 -17.3345
4.7702 65 134 65 134 100.0000 -0.0000 -16.9959
4.7715 57 142 57 142 100.0000 -0.0000 -16.5532
4.7728 55 144 55 144 100.0000 -0.0000 -16.0958
4.7740 63 136 63 136 100.0000 -0.0000 -15.7415
4.7753 63 136 63 136 100.0000 -0.0000 -15.3800
4.7765 63 136 63 136 100.0000 -0.0000 -15.0222
4.7778 67 132 67 132 100.0000 -0.0000 -14.7127
4.7791 61 138 61 138 100.0000 -0.0000 -14.3314
4.7804 61 138 61 138 100.0000 -0.0000 -13.9549
4.7816 69 130 69 130 100.0000 -0.0000 -13.6829
4.7829 68 131 68 131 100.0000 -0.0000 -13.4021
4.7842 69 130 69 130 100.0000 -0.0000 -13.1305
4.7854 62 137 62 137 100.0000 -0.0000 -12.7844
4.7867 64 135 64 135 100.0000 -0.0000 -12.4681
4.7880 65 134 65 134 100.0000 -0.0000 -12.1576
4.7892 70 129 70 129 100.0000 -0.0000 -11.9214
4.7905 69 130 69 130 100.0000 -0.0000 -11.6952
4.7918 69 130 69 130 100.0000 -0.0000 -11.4576
4.7931 67 132 67 132 100.0000 -0.0000 -11.2006
4.7944 58 141 58 141 100.0000 -0.0000 -10.8335
4.7957 79 120 79 120 100.0000 -0.0000 -10.7630
4.7970 69 130 69 130 100.0000 -0.0000 -10.5581
4.7983 69 130 69 130 100.0000 -0.0000 -10.3521
4.7996 81 118 81 118 100.0000 -0.0000 -10.3102
4.8009 74 125 74 125 100.0000 -0.0000 -10.1999
4.8021 72 127 72 127 100.0000 -0.0000 -10.0566
4.8034 73 126 73 126 100.0000 -0.0000 -9.9384
4.8047 75 124 75 124 100.0000 -0.0000 -9.8481
4.8059 74 125 74 125 100.0000 -0.0000 -9.7453
4.8072 78 121 78 121 100.0000 -0.0000 -9.6947
4.8085 70 129 70 129 100.0000 -0.0000 -9.5538
4.8097 72 127 72 127 100.0000 -0.0000 -9.4330
4.8109 71 128 71 128 100.0000 -0.0000 -9.3015
4.8122 77 122 77 122 100.0000 -0.0000 -9.2442
4.8135 67 132 67 132 100.0000 -0.0000 -9.0643
4.8147 72 127 72 127 100.0000 -0.0000 -8.9314
4.8160 69 130 69 130 100.0000 -0.0000 -8.7562
4.8172 70 129 70 129 100.0000 -0.0000 -8.5913
4.8185 64 135 64 135 100.0000 -0.0000 -8.3535
4.8198 64 135 64 135 100.0000 -0.0000 -8.0774
4.8210 67 132 67 132 100.0000 -0.0000 -7.8441
4.8223 73 126 73 126 100.0000 -0.0000 -7.6843
4.8235 67 132 67 132 100.0000 -0.0000 -7.4528
4.8248 76 123 76 123 100.0000 -0.0000 -7.2720
4.8260 70 129 70 129 100.0000 -0.0000 -7.0276
4.8273 71 128 71 128 100.0000 -0.0000 -6.7929
4.8285 77 122 77 122 100.0000 -0.0000 -6.6393
4.8298 73 126 73 126 100.0000 -0.0000 -6.3387
4.8310 75 124 75 124 100.0000 -0.0000 -6.0762
4.8323 65 134 65 134 100.0000 -0.0000 -5.6885
4.8335 70 129 70 129 100.0000 -0.0000 -5.3653
4.8348 74 125 74 125 100.0000 -0.0000 -4.9888
4.8360 71 128 71 128 100.0000 -0.0000 -4.5746
4.8373 77 122 77 122 100.0000 -0.0000 -4.2340
4.8385 75 124 75 124 100.0000 -0.0000 -3.8729
4.8398 80 119 80 119 100.0000 -0.0000 -3.4617
4.8411 75 124 75 124 100.0000 -0.0000 -2.9816
4.8424 79 120 79 120 100.0000 -0.0000 -2.5578
4.8437 67 132 67 132 100.0000 -0.0000 -1.9993
4.8450 71 128 71 128 100.0000 -0.0000 -1.3792
4.8462 83 116 83 116 100.0000 -0.0000 -0.9102
4.8475 78 121 78 121 100.0000 -0.0000 -0.3873
4.8488 68 131 68 131 100.0000 -0.0000 0.2663
4.8501 73 126 73 126 100.0000 -0.0000 0.9451
4.8513 72 127 72 127 100.0000 -0.0000 1.6275
4.8526 76 123 76 123 100.0000 -0.0000 2.2636
4.8539 71 128 71 128 100.0000 -0.0000 2.9524
4.8552 73 126 73 126 100.0000 -0.0000 3.6867
4.8565 81 118 81 118 100.0000 -0.0000 4.3173
4.8577 77 122 77 122 100.0000 -0.0000 4.9878
4.8590 73 126 73 126 100.0000 -0.0000 5.7087
4.8603 67 132 67 132 100.0000 -0.0000 6.5441
4.8616 73 126 73 126 100.0000 -0.0000 7.2939
4.8629 80 119 80 119 100.0000 -0.0000 7.9616
4.8642 79 120 79 120 100.0000 -0.0000 8.6328
4.8655 73 126 73 126 100.0000 -0.0000 9.3786
4.8667 73 126 73 126 100.0000 -0.0000 10.1113
4.8680 81 118 81 118 100.0000 -0.0000 10.7347
4.8693 75 124 75 124 100.0000 -0.0000 11.4073
4.8706 84 115 84 115 100.0000 -0.0000 11.9564
4.8719 87 112 87 112 100.0000 -0.0000 12.4623
4.8732 77 122 77 122 100.0000 -0.0000 13.0781
4.8745 78 121 78 121 100.0000 -0.0000 13.6131
4.8757 79 120 79 120 100.0000 -0.0000 14.1322
4.8770 78 121 78 121 100.0000 -0.0000 14.6654
4.8783 80 119 80 119 100.0000 -0.0000 15.1704
4.8796 89 110 89 110 100.0000 -0.0000 15.4635
4.8808 83 116 83 116 100.0000 -0.0000 15.8301
4.8821 87 112 87 112 100.0000 -0.0000 16.1541
4.8834 81 118 81 118 100.0000 -0.0000 16.5532
4.8847 84 115 84 115 100.0000 -0.0000 16.8232
4.8860 90 109 90 109 100.0000 -0.0000 17.0387
4.8873 79 120 79 120 100.0000 -0.0000 17.3781
4.8885 81 118 81 118 100.0000 -0.0000 17.6920
4.8898 87 112 87 112 100.0000 -0.0000 17.8903
4.8911 90 109 90 109 100.0000 -0.0000 18.0318
4.8923 83 116 83 116 100.0000 -0.0000 18.2576
4.8936 93 106 93 106 100.0000 -0.0000 18.3592
4.8949 101 98 101 98 100.0000 -0.0000 18.3713
4.8961 87 112 87 112 100.0000 -0.0000 18.5585
4.8974 89 110 89 110 100.0000 -0.0000 18.7211
4.8987 98 101 98 101 100.0000 -0.0000 18.7597
4.9000 88 111 88 111 100.0000 -0.0000 18.9928
4.9013 85 114 85 114 100.0000 -0.0000 19.2473
4.9026 89 110 89 110 100.0000 -0.0000 19.4413
4.9039 95 104 95 104 100.0000 -0.0000 19.6521
4.9051 95 104 95 104 100.0000 -0.0000 19.8584
4.9064 101 98 101 98 100.0000 -0.0000 19.9797
4.9077 103 96 103 96 100.0000 -0.0000 20.0792
4.9089 96 103 96 103 100.0000 -0.0000 20.3707
4.9102 97 102 97 102 100.0000 -0.0000 20.6526
4.9114 96 103 96 103 100.0000 -0.0000 20.9385
4.9127 103 96 103 96 100.0000 -0.0000 21.1393
4.9140 92 107 92 107 100.0000 -0.0000 21.5961
4.9153 99 100 99 100 100.0000 -0.0000 21.9639
4.9165 100 99 100 99 100.0000 -0.0000 22.3112
4.9178 104 95 104 95 100.0000 -0.0000 22.6070
4.9191 103 96 103 96 100.0000 -0.0000 23.0093
4.9204 98 101 98 101 100.0000 -0.0000 23.4806
4.9217 102 97 102 97 100.0000 -0.0000 23.8901
4.9230 110 89 110 89 100.0000 -0.0000 24.1942
4.9243 103 96 103 96 100.0000 -0.0000 24.6401
4.9255 111 88 111 88 100.0000 -0.0000 24.9720
4.9268 112 87 112 87 100.0000 -0.0000 25.2887
4.9281 109 90 109 90 100.0000 -0.0000 25.6385
4.9294 110 89 110 89 100.0000 -0.0000 25.9766
4.9307 113 86 113 86 100.0000 -0.0000 26.2754
4.9319 116 83 116 83 100.0000 -0.0000 26.5331
4.9332 105 94 105 94 100.0000 -0.0000 26.9248
4.9345 110 89 110 89 100.0000 -0.0000 27.1711
4.9358 117 82 117 82 100.0000 -0.0000 27.3320
4.9370 120 79 120 79 100.0000 -0.0000 27.4579
4.9383 114 85 114 85 100.0000 -0.0000 27.6576
4.9396 109 90 109 90 100.0000 -0.0000 27.8041
4.9409 101 98 101 98 100.0000 -0.0000 28.0599
4.9421 101 98 101 98 100.0000 -0.0000 28.3038
4.9434 108 91 108 91 100.0000 -0.0000 28.4498
4.9447 109 90 109 90 100.0000 -0.0000 28.4748
4.9459 107 92 107 92 100.0000 -0.0000 28.5159
4.9472 108 91 108 91 100.0000 -0.0000 28.5519
4.9485 101 98 101 98 100.0000 -0.0000 28.6832
4.9498 110 89 110 89 100.0000 -0.0000 28.5947
4.9510 99 100 99 100 100.0000 -0.0000 28.6447
4.9523 104 95 104 95 100.0000 -0.0000 28.6370
4.9536 104 95 104 95 100.0000 -0.0000 28.5576
4.9549 103 96 103 96 100.0000 -0.0000 28.4963
4.9562 104 95 104 95 100.0000 -0.0000 28.4207
4.9574 106 93 106 93 100.0000 -0.0000 28.3189
4.9587 98 101 98 101 100.0000 -0.0000 28.2833
4.9600 98 101 98 101 100.0000 -0.0000 28.2559
4.9613 103 96 103 96 100.0000 -0.0000 28.1622
4.9625 109 90 109 90 100.0000 -0.0000 27.9928
4.9638 104 95 104 95 100.0000 -0.0000 27.8926
4.9651 105 94 105 94 100.0000 -0.0000 27.7883
4.9664 103 96 103 96 100.0000 -0.0000 27.7026
4.9677 103 96 103 96 100.0000 -0.0000 27.6144
4.9690 101 98 101 98 100.0000 -0.0000 27.5860
4.9702 96 103 96 103 100.0000 -0.0000 27.6111
4.9715 99 100 99 100 100.0000 -0.0000 27.5945
4.9728 95 104 95 104 100.0000 -0.0000 27.6263
4.9741 104 95 104 95 100.0000 -0.0000 27.5721
4.9754 99 100 99 100 100.0000 -0.0000 27.5841
4.9767 98 101 98 101 100.0000 -0.0000 27.6055
4.9779 101 98 101 98 100.0000 -0.0000 27.5969
4.9792 96 103 96 103 100.0000 -0.0000 27.6902
4.9805 106 93 106 93 100.0000 -0.0000 27.6461
4.9817 100 99 100 99 100.0000 -0.0000 27.6779
4.9830 96 103 96 103 100.0000 -0.0000 27.7711
4.9843 101 98 101 98 100.0000 -0.0000 27.8539
4.9856 101 98 101 98 100.0000 -0.0000 27.9328
4.9869 92 107 92 107 100.0000 -0.0000 28.1283
4.9881 105 94 105 94 100.0000 -0.0000 28.2519
4.9894 111 88 111 88 100.0000 -0.0000 28.2875
4.9906 108 91 108 91 100.0000 -0.0000 28.3698
4.9919 107 92 107 92 100.0000 -0.0000 28.4692
4.9932 105 94 105 94 100.0000 -0.0000 28.7090
4.9944 109 90 109 90 100.0000 -0.0000 28.9028
4.9957 103 96 103 96 100.0000 -0.0000 29.1632
4.9970 105 94 105 94 100.0000 -0.0000 29.3945
4.9983 102 97 102 97 100.0000 -0.0000 29.8215
4.9995 113 86 113 86 100.0000 -0.0000 30.0972
5.0008 108 91 108 91 100.0000 -0.0000 30.4350
5.0021 103 96 103 96 100.0000 -0.0000 30.8334
5.0033 104 95 104 95 100.0000 -0.0000 31.3509
5.0047 103 96 103 96 100.0000 -0.0000 31.8927
5.0059 108 91 108 91 100.0000 -0.0000 32.3557
5.0073 108 91 108 91 100.0000 -0.0000 32.8335
5.0086 112 87 112 87 100.0000 -0.0000 33.3559
5.0099 121 78 121 78 100.0000 -0.0000 33.7524
5.0111 107 92 107 92 100.0000 -0.0000 34.3318
5.0124 115 84 115 84 100.0000 -0.0000 34.8019
5.0137 115 84 115 84 100.0000 -0.0000 35.3355
5.0149 125 74 125 74 100.0000 -0.0000 35.7385
5.0162 121 78 121 78 100.0000 -0.0000 36.2003
5.0175 116 83 116 83 100.0000 -0.0000 36.7167
5.0188 127 72 127 72 100.0000 -0.0000 37.1307
5.0201 122 77 122 77 100.0000 -0.0000 37.6029
5.0214 120 79 120 79 100.0000 -0.0000 38.0922
5.0227 121 78 121 78 100.0000 -0.0000 38.5696
5.0240 125 74 125 74 100.0000 -0.0000 38.9893
5.0252 129 70 129 70 100.0000 -0.0000 39.3571
5.0266 121 78 121 78 100.0000 -0.0000 39.8394
5.0279 124 75 124 75 100.0000 -0.0000 40.2650
5.0292 126 73 126 73 100.0000 -0.0000 40.6606
5.0305 129 70 129 70 100.0000 -0.0000 41.0041
5.0317 128 71 128 71 100.0000 -0.0000 41.3590
5.0330 128 71 128 71 100.0000 -0.0000 41.6952
5.0343 126 73 126 73 100.0000 -0.0000 42.0613
5.0356 117 82 117 82 100.0000 -0.0000 42.5275
5.0368 123 76 123 76 100.0000 -0.0000 42.9216
5.0381 125 74 125 74 100.0000 -0.0000 43.2654
5.0393 122 77 122 77 100.0000 -0.0000 43.6362
5.0406 119 80 119 80 100.0000 -0.0000 44.0467
5.0419 119 80 119 80 100.0000 -0.0000 44.4607
5.0431 123 76 123 76 100.0000 -0.0000 44.8050
5.0444 114 85 114 85 100.0000 -0.0000 45.2577
5.0457 110 89 110 89 100.0000 -0.0000 45.7638
5.0469 118 81 118 81 100.0000 -0.0000 46.1601
5.0482 129 70 129 70 100.0000 -0.0000 46.4085
5.0495 124 75 124 75 100.0000 -0.0000 46.7189
5.0508 125 74 125 74 100.0000 -0.0000 47.0145
5.0520 123 76 123 76 100.0000 -0.0000 47.3206
5.0533 123 76 123 76 100.0000 -0.0000 47.6193
5.0545 124 75 124 75 100.0000 -0.0000 47.9090
5.0558 123 76 123 76 100.0000 -0.0000 48.2034
5.0570 124 75 124 75 100.0000 -0.0000 48.4911
5.0583 134 65 134 65 100.0000 -0.0000 48.6512
5.0595 115 84 115 84 100.0000 -0.0000 49.0368
5.0608 118 81 118 81 100.0000 -0.0000 49.3906
5.0621 115 84 115 84 100.0000 -0.0000 49.7738
5.0633 128 71 128 71 100.0000 -0.0000 49.9873
5.0646 121 78 121 78 100.0000 -0.0000 50.2880
5.0659 124 75 124 75 100.0000 -0.0000 50.5600
5.0672 124 75 124 75 100.0000 -0.0000 50.8276
5.0684 115 84 115 84 100.0000 -0.0000 51.1975
5.0697 125 74 125 74 100.0000 -0.0000 51.4334
5.0709 125 74 125 74 100.0000 -0.0000 51.6643
5.0722 117 82 117 82 100.0000 -0.0000 52.0065
5.0735 125 74 125 74 100.0000 -0.0000 52.2329
5.0747 128 71 128 71 100.0000 -0.0000 52.4163
5.0760 119 80 119 80 100.0000 -0.0000 52.7170
5.0773 128 71 128 71 100.0000 -0.0000 52.8954
5.0785 128 71 128 71 100.0000 -0.0000 53.0761
5.0798 127 72 127 72 100.0000 -0.0000 53.2657
5.0811 122 77 122 77 100.0000 -0.0000 53.5138
5.0823 141 58 141 58 100.0000 -0.0000 53.5242
5.0836 129 70 129 70 100.0000 -0.0000 53.6953
5.0848 133 66 133 66 100.0000 -0.0000 53.8152
5.0861 129 70 129 70 100.0000 -0.0000 53.9845
5.0873 129 70 129 70 100.0000 -0.0000 54.1989
5.0886 132 67 132 67 100.0000 -0.0000 54.3750
5.0899 131 68 131 68 100.0000 -0.0000 54.5633
5.0912 128 71 128 71 100.0000 -0.0000 54.7821
5.0924 129 70 129 70 100.0000 -0.0000 55.0430
5.0937 137 62 137 62 100.0000 -0.0000 55.2116
5.0950 128 71 128 71 100.0000 -0.0000 55.4822
5.0962 129 70 129 70 100.0000 -0.0000 55.7445
5.0975 129 70 129 70 100.0000 -0.0000 56.0902
5.0988 129 70 129 70 100.0000 -0.0000 56.4387
5.1001 130 69 130 69 100.0000 -0.0000 56.7739
5.1014 134 65 134 65 100.0000 -0.0000 57.0499
5.1027 125 74 125 74 100.0000 -0.0000 57.5315
5.1039 130 69 130 69 100.0000 -0.0000 57.9383
5.1052 130 69 130 69 100.0000 -0.0000 58.3395
5.1065 130 69 130 69 100.0000 -0.0000 58.7359
5.1077 131 68 131 68 100.0000 -0.0000 59.2006
5.1090 136 63 136 63 100.0000 -0.0000 59.5985
5.1102 137 62 137 62 100.0000 -0.0000 59.9804
5.1115 142 57 142 57 100.0000 -0.0000 60.3066
5.1128 134 65 134 65 100.0000 -0.0000 60.7720
5.1141 141 58 141 58 100.0000 -0.0000 61.1386
5.1153 139 60 139 60 100.0000 -0.0000 61.5284
5.1166 142 57 142 57 100.0000 -0.0000 61.8892
5.1179 145 54 145 54 100.0000 -0.0000 62.2258
5.1191 149 50 149 50 100.0000 -0.0000 62.5098
5.1204 147 52 147 52 100.0000 -0.0000 62.8146
5.1216 146 53 146 53 100.0000 -0.0000 63.1259
5.1229 141 58 141 58 100.0000 -0.0000 63.4847
5.1241 136 63 136 63 100.0000 -0.0000 63.9041
5.1253 149 50 149 50 100.0000 -0.0000 64.1641
5.1266 141 58 141 58 100.0000 -0.0000 64.5116
5.1278 149 50 149 50 100.0000 -0.0000 64.7421
5.1290 154 45 154 45 100.0000 -0.0000 64.9102
5.1303 149 50 149 50 100.0000 -0.0000 65.1421
5.1315 152 47 152 47 100.0000 -0.0000 65.3303
5.1328 143 56 143 56 100.0000 -0.0000 65.5962
5.1341 151 48 151 48 100.0000 -0.0000 65.7544
5.1353 141 58 141 58 100.0000 -0.0000 66.0446
5.1367 149 50 149 50 100.0000 -0.0000 66.2368
5.1379 149 50 149 50 100.0000 -0.0000 66.3884
5.1392 151 48 151 48 100.0000 -0.0000 66.5127
5.1405 154 45 154 45 100.0000 -0.0000 66.5974
5.1417 157 42 157 42 100.0000 -0.0000 66.6425
5.1430 155 44 155 44 100.0000 -0.0000 66.6732
5.1443 153 46 153 46 100.0000 -0.0000 66.7212
5.1455 148 51 148 51 100.0000 -0.0000 66.8334
5.1468 158 41 158 41 100.0000 -0.0000 66.8219
5.1481 146 53 146 53 100.0000 -0.0000 66.9329
5.1494 155 44 155 44 100.0000 -0.0000 66.9256
5.1507 148 51 148 51 100.0000 -0.0000 67.0057
5.1520 151 48 151 48 100.0000 -0.0000 67.0163
5.1533 155 44 155 44 100.0000 -0.0000 66.9545
5.1546 155 44 155 44 100.0000 -0.0000 66.9054
5.1559 155 44 155 44 100.0000 -0.0000 66.8478
5.1571 155 44 155 44 100.0000 -0.0000 66.7551
5.1584 154 45 154 45 100.0000 -0.0000 66.6756
5.1597 152 47 152 47 100.0000 -0.0000 66.6149
5.1610 155 44 155 44 100.0000 -0.0000 66.5198
5.1623 157 42 157 42 100.0000 -0.0000 66.3714
5.1635 159 40 159 40 100.0000 -0.0000 66.1984
5.1648 147 52 147 52 100.0000 -0.0000 66.1736
5.1661 148 51 148 51 100.0000 -0.0000 66.1402
5.1674 155 44 155 44 100.0000 -0.0000 66.0099
5.1686 155 44 155 44 100.0000 -0.0000 65.8755
5.1699 150 49 150 49 100.0000 -0.0000 65.8004
5.1712 147 52 147 52 100.0000 -0.0000 65.7661
5.1725 148 51 148 51 100.0000 -0.0000 65.7426
5.1737 143 56 143 56 100.0000 -0.0000 65.7874
5.1750 156 43 156 43 100.0000 -0.0000 65.6669
5.1763 146 53 146 53 100.0000 -0.0000 65.6716
5.1775 142 57 142 57 100.0000 -0.0000 65.7801
5.1788 148 51 148 51 100.0000 -0.0000 65.8096
5.1801 150 49 150 49 100.0000 -0.0000 65.8150
5.1813 144 55 144 55 100.0000 -0.0000 65.8988
5.1826 146 53 146 53 100.0000 -0.0000 66.0396
5.1839 138 61 138 61 100.0000 -0.0000 66.2865
5.1852 147 52 147 52 100.0000 -0.0000 66.4164
5.1865 148 51 148 51 100.0000 -0.0000 66.5361
5.1878 142 57 142 57 100.0000 -0.0000 66.8282
5.1890 140 59 140 59 100.0000 -0.0000 67.1379
5.1903 147 52 147 52 100.0000 -0.0000 67.3640
5.1916 147 52 147 52 100.0000 -0.0000 67.6866
5.1928 149 50 149 50 100.0000 -0.0000 67.9825
5.1941 140 59 140 59 100.0000 -0.0000 68.3905
5.1953 147 52 147 52 100.0000 -0.0000 68.7058
5.1966 149 50 149 50 100.0000 -0.0000 69.0719
5.1978 149 50 149 50 100.0000 -0.0000 69.4257
5.1991 147 52 147 52 100.0000 -0.0000 69.8055
5.2004 150 49 150 49 100.0000 -0.0000 70.1492
5.2016 153 46 153 46 100.0000 -0.0000 70.5064
5.2029 141 58 141 58 100.0000 -0.0000 71.0112
5.2042 148 51 148 51 100.0000 -0.0000 71.4278
5.2054 154 45 154 45 100.0000 -0.0000 71.7588
5.2066 153 46 153 46 100.0000 -0.0000 72.1248
5.2079 155 44 155 44 100.0000 -0.0000 72.4629
5.2092 147 52 147 52 100.0000 -0.0000 72.8984
5.2105 145 54 145 54 100.0000 -0.0000 73.3694
5.2118 141 58 141 58 100.0000 -0.0000 73.8659
5.2131 152 47 152 47 100.0000 -0.0000 74.2260
5.2144 157 42 157 42 100.0000 -0.0000 74.5213
5.2156 153 46 153 46 100.0000 -0.0000 74.8497
5.2169 154 45 154 45 100.0000 -0.0000 75.1365
5.2182 153 46 153 46 100.0000 -0.0000 75.4413
5.2195 164 35 164 35 100.0000 -0.0000 75.5974
5.2207 154 45 154 45 100.0000 -0.0000 75.8854
5.2220 160 39 160 39 100.0000 -0.0000 76.0312
5.2233 153 46 153 46 100.0000 -0.0000 76.2737
5.2246 156 43 156 43 100.0000 -0.0000 76.4693
5.2258 163 36 163 36 100.0000 -0.0000 76.5842
5.2271 167 32 167 32 100.0000 -0.0000 76.5905
5.2285 162 37 162 37 100.0000 -0.0000 76.6699
5.2297 161 38 161 38 100.0000 -0.0000 76.7483
5.2310 160 39 160 39 100.0000 -0.0000 76.8303
5.2322 165 34 165 34 100.0000 -0.0000 76.8120
5.2335 161 38 161 38 100.0000 -0.0000 76.8522
5.2347 169 30 169 30 100.0000 -0.0000 76.7861
5.2360 161 38 161 38 100.0000 -0.0000 76.8242
5.2372 163 36 163 36 100.0000 -0.0000 76.8245
5.2385 162 37 162 37 100.0000 -0.0000 76.8293
5.2398 160 39 160 39 100.0000 -0.0000 76.8695
5.2410 161 38 161 38 100.0000 -0.0000 76.9124
5.2423 166 33 166 33 100.0000 -0.0000 76.9002
5.2436 167 32 167 32 100.0000 -0.0000 76.8657
5.2448 170 29 170 29 100.0000 -0.0000 76.7982
5.2461 156 43 156 43 100.0000 -0.0000 76.9579
5.2474 160 39 160 39 100.0000 -0.0000 77.0605
5.2487 164 35 164 35 100.0000 -0.0000 77.1160
5.2500 164 35 164 35 100.0000 -0.0000 77.1804
5.2513 159 40 159 40 100.0000 -0.0000 77.3834
5.2526 155 44 155 44 100.0000 -0.0000 77.6387
5.2539 161 38 161 38 100.0000 -0.0000 77.8107
5.2551 161 38 161 38 100.0000 -0.0000 77.9740
5.2564 171 28 171 28 100.0000 -0.0000 78.1044
5.2577 157 42 157 42 100.0000 -0.0000 78.3995
5.2589 160 39 160 39 100.0000 -0.0000 78.6513
5.2602 166 33 166 33 100.0000 -0.0000 78.8309
5.2615 156 43 156 43 100.0000 -0.0000 79.2173
5.2628 156 43 156 43 100.0000 -0.0000 79.6048
5.2641 164 35 164 35 100.0000 -0.0000 79.8882
5.2654 158 41 158 41 100.0000 -0.0000 80.2524
5.2667 163 36 163 36 100.0000 -0.0000 80.5991
5.2680 161 38 161 38 100.0000 -0.0000 80.9590
5.2692 166 33 166 33 100.0000 -0.0000 81.2572
5.2705 172 27 172 27 100.0000 -0.0000 81.4722
5.2717 165 34 165 34 100.0000 -0.0000 81.8143
5.2730 171 28 171 28 100.0000 -0.0000 82.0790
5.2743 161 38 161 38 100.0000 -0.0000 82.4759
5.2755 166 33 166 33 100.0000 -0.0000 82.8088
5.2768 172 27 172 27 100.0000 -0.0000 83.1058
5.2781 170 29 170 29 100.0000 -0.0000 83.4189
5.2794 170 29 170 29 100.0000 -0.0000 83.7248
5.2806 164 35 164 35 100.0000 -0.0000 84.1054
5.2819 170 29 170 29 100.0000 -0.0000 84.4638
5.2831 176 23 176 23 100.0000 -0.0000 84.7441
5.2844 175 24 175 24 100.0000 -0.0000 85.0351
5.2856 168 31 168 31 100.0000 -0.0000 85.4855
5.2869 167 32 167 32 100.0000 -0.0000 85.9483
5.2882 173 26 173 26 100.0000 -0.0000 86.3367
5.2894 178 21 178 21 100.0000 -0.0000 86.6574
5.2907 176 23 176 23 100.0000 -0.0000 87.0726
5.2920 178 21 178 21 100.0000 -0.0000 87.4602
5.2933 176 23 176 23 100.0000 -0.0000 87.8775
5.2945 179 20 179 20 100.0000 -0.0000 88.2570
5.2958 169 30 169 30 100.0000 -0.0000 88.8103
5.2970 173 26 173 26 100.0000 -0.0000 89.3185
5.2983 186 13 186 13 100.0000 -0.0000 89.6550
5.2996 174 25 174 25 100.0000 -0.0000 90.1418
5.3008 175 24 175 24 100.0000 -0.0000 90.6441
5.3021 187 12 187 12 100.0000 -0.0000 90.9960
5.3034 181 18 181 18 100.0000 -0.0000 91.4265
5.3046 179 20 179 20 100.0000 -0.0000 91.8777
5.3060 181 18 181 18 100.0000 -0.0000 92.3021
5.3072 183 16 183 16 100.0000 -0.0000 92.6978
5.3085 181 18 181 18 100.0000 -0.0000 93.1152
5.3098 184 15 184 15 100.0000 -0.0000 93.4998
5.3111 180 19 180 19 100.0000 -0.0000 93.8896
5.3123 183 16 183 16 100.0000 -0.0000 94.2367
5.3136 189 10 189 10 100.0000 -0.0000 94.5155
5.3149 189 10 189 10 100.0000 -0.0000 94.7894
5.3162 180 19 180 19 100.0000 -0.0000 95.1205
5.3174 182 17 182 17 100.0000 -0.0000 95.4318
5.3188 175 24 175 24 100.0000 -0.0000 95.8367
5.3200 184 15 184 15 100.0000 -0.0000 96.1107
5.3213 188 11 188 11 100.0000 -0.0000 96.2719
5.3226 181 18 181 18 100.0000 -0.0000 96.5254
5.3239 186 13 186 13 100.0000 -0.0000 96.7148
5.3251 183 16 183 16 100.0000 -0.0000 96.9439
5.3264 178 21 178 21 100.0000 -0.0000 97.1951
5.3277 181 18 181 18 100.0000 -0.0000 97.3989
5.3290 183 16 183 16 100.0000 -0.0000 97.5839
5.3302 183 16 183 16 100.0000 -0.0000 97.7682
5.3315 185 14 185 14 100.0000 -0.0000 97.8917
5.3328 175 24 175 24 100.0000 -0.0000 98.1341
5.3341 186 13 186 13 100.0000 -0.0000 98.2407
5.3354 180 19 180 19 100.0000 -0.0000 98.3827
5.3366 184 15 184 15 100.0000 -0.0000 98.4836
5.3379 179 20 179 20 100.0000 -0.0000 98.6414
5.3392 169 30 169 30 100.0000 -0.0000 98.9196
5.3405 169 30 169 30 100.0000 -0.0000 99.1530
5.3417 168 31 168 31 100.0000 -0.0000 99.3861
5.3430 169 30 169 30 100.0000 -0.0000 99.6159
5.3443 172 27 172 27 100.0000 -0.0000 99.7917
5.3455 174 25 174 25 100.0000 -0.0000 99.8815
5.3468 172 27 172 27 100.0000 -0.0000 99.9845
5.3481 174 25 174 25 100.0000 -0.0000 100.0703
5.3493 163 36 163 36 100.0000 -0.0000 100.2871
5.3506 168 31 168 31 100.0000 -0.0000 100.3756
5.3519 163 36 163 36 100.0000 -0.0000 100.5333
5.3532 162 37 162 37 100.0000 -0.0000 100.7035
5.3544 163 36 163 36 100.0000 -0.0000 100.8575
5.3557 164 35 164 35 100.0000 -0.0000 100.9874
5.3570 163 36 163 36 100.0000 -0.0000 101.1170
5.3583 158 41 158 41 100.0000 -0.0000 101.3122
5.3595 169 30 169 30 100.0000 -0.0000 101.3678
5.3608 160 39 160 39 100.0000 -0.0000 101.5943
5.3621 159 40 159 40 100.0000 -0.0000 101.8323
5.3634 164 35 164 35 100.0000 -0.0000 102.0079
5.3647 157 42 157 42 100.0000 -0.0000 102.2768
5.3659 159 40 159 40 100.0000 -0.0000 102.6143
5.3672 166 33 166 33 100.0000 -0.0000 102.8681
5.3685 173 26 173 26 100.0000 -0.0000 103.0253
5.3698 161 38 161 38 100.0000 -0.0000 103.3340
5.3711 176 23 176 23 100.0000 -0.0000 103.5672
5.3723 160 39 160 39 100.0000 -0.0000 103.9935
5.3736 163 36 163 36 100.0000 -0.0000 104.3835
5.3749 161 38 161 38 100.0000 -0.0000 104.7919
5.3762 164 35 164 35 100.0000 -0.0000 105.2602
5.3775 164 35 164 35 100.0000 -0.0000 105.7332
5.3787 171 28 171 28 100.0000 -0.0000 106.1132
5.3800 165 34 165 34 100.0000 -0.0000 106.6762
5.3813 177 22 177 22 100.0000 -0.0000 107.0577
5.3826 175 24 175 24 100.0000 -0.0000 107.4513
5.3839 177 22 177 22 100.0000 -0.0000 107.8143
5.3852 181 18 181 18 100.0000 -0.0000 108.1982
5.3864 183 16 183 16 100.0000 -0.0000 108.5484
5.3877 179 20 179 20 100.0000 -0.0000 108.9427
5.3890 185 14 185 14 100.0000 -0.0000 109.2550
5.3903 180 19 180 19 100.0000 -0.0000 109.6977
5.3916 189 10 189 10 100.0000 -0.0000 110.0323
5.3928 188 11 188 11 100.0000 -0.0000 110.3693
5.3941 189 10 189 10 100.0000 -0.0000 110.6969
5.3954 196 3 196 3 100.0000 -0.0000 110.9951
5.3967 185 14 185 14 100.0000 -0.0000 111.4210
5.3979 202 -2 202 -2 100.0000 -0.0000 111.6406
5.3992 197 2 197 2 100.0000 -0.0000 111.9211
5.4005 191 8 191 8 100.0000 -0.0000 112.3306
5.4017 195 4 195 4 100.0000 -0.0000 112.6923
5.4030 196 3 196 3 100.0000 -0.0000 113.0349
5.4043 214 -14 214 -14 100.0000 -0.0000 113.1461
5.4055 203 -3 203 -3 100.0000 -0.0000 113.4269
5.4068 204 -4 204 -4 100.0000 -0.0000 113.6988
5.4080 219 -19 219 -19 100.0000 -0.0000 113.7817
5.4093 210 -10 210 -10 100.0000 -0.0000 113.9740
5.4106 211 -11 211 -11 100.0000 -0.0000 114.1538
5.4119 211 -11 211 -11 100.0000 -0.0000 114.3306
5.4131 210 -10 210 -10 100.0000 -0.0000 114.5251
5.4144 208 -8 208 -8 100.0000 -0.0000 114.7436
5.4157 217 -17 217 -17 100.0000 -0.0000 114.8227
5.4169 216 -16 216 -16 100.0000 -0.0000 114.9053
5.4182 215 -15 215 -15 100.0000 -0.0000 115.0015
5.4194 215 -15 215 -15 100.0000 -0.0000 115.1048
5.4207 220 -20 220 -20 100.0000 -0.0000 115.0904
5.4220 212 -12 212 -12 100.0000 -0.0000 115.1781
5.4232 222 -22 222 -22 100.0000 -0.0000 115.1403
5.4245 229 -29 229 -29 100.0000 -0.0000 115.0154
5.4257 219 -19 219 -19 100.0000 -0.0000 114.9656
5.4270 219 -19 219 -19 100.0000 -0.0000 114.9084
5.4283 212 -12 212 -12 100.0000 -0.0000 114.9414
5.4295 217 -17 217 -17 100.0000 -0.0000 114.8663
5.4308 212 -12 212 -12 100.0000 -0.0000 114.8712
5.4320 218 -18 218 -18 100.0000 -0.0000 114.8037
5.4333 210 -10 210 -10 100.0000 -0.0000 114.8392
5.4346 214 -14 214 -14 100.0000 -0.0000 114.8229
5.4359 207 -7 207 -7 100.0000 -0.0000 114.9066
5.4372 213 -13 213 -13 100.0000 -0.0000 114.9133
5.4384 206 -6 206 -6 100.0000 -0.0000 115.0137
5.4397 211 -11 211 -11 100.0000 -0.0000 115.0847
5.4410 216 -16 216 -16 100.0000 -0.0000 115.0861
5.4422 215 -15 215 -15 100.0000 -0.0000 115.1017
5.4435 208 -8 208 -8 100.0000 -0.0000 115.2064
5.4448 209 -9 209 -9 100.0000 -0.0000 115.3389
5.4461 211 -11 211 -11 100.0000 -0.0000 115.4554
5.4473 209 -9 209 -9 100.0000 -0.0000 115.5848
5.4486 211 -11 211 -11 100.0000 -0.0000 115.6967
5.4499 209 -9 209 -9 100.0000 -0.0000 115.8576
5.4512 211 -11 211 -11 100.0000 -0.0000 115.9881
5.4524 211 -11 211 -11 100.0000 -0.0000 116.1171
5.4537 211 -11 211 -11 100.0000 -0.0000 116.2393
5.4550 216 -16 216 -16 100.0000 -0.0000 116.3042
5.4562 204 -4 204 -4 100.0000 -0.0000 116.5206
5.4575 211 -11 211 -11 100.0000 -0.0000 116.6351
5.4588 212 -12 212 -12 100.0000 -0.0000 116.7437
5.4601 207 -7 207 -7 100.0000 -0.0000 116.8929
5.4614 212 -12 212 -12 100.0000 -0.0000 116.9763
5.4626 217 -17 217 -17 100.0000 -0.0000 116.9920
5.4639 213 -13 213 -13 100.0000 -0.0000 117.0547
5.4652 211 -11 211 -11 100.0000 -0.0000 117.1124
5.4664 214 -14 214 -14 100.0000 -0.0000 117.1271
5.4676 207 -7 207 -7 100.0000 -0.0000 117.2259
5.4689 219 -19 219 -19 100.0000 -0.0000 117.1760
5.4702 216 -16 216 -16 100.0000 -0.0000 117.1326
5.4715 209 -9 209 -9 100.0000 -0.0000 117.1814
5.4727 211 -11 211 -11 100.0000 -0.0000 117.2049
5.4740 220 -20 220 -20 100.0000 -0.0000 117.1184
5.4753 220 -20 220 -20 100.0000 -0.0000 116.9928
5.4766 214 -14 214 -14 100.0000 -0.0000 116.9553
5.4779 213 -13 213 -13 100.0000 -0.0000 116.9290
5.4792 209 -9 209 -9 100.0000 -0.0000 116.9279
5.4804 218 -18 218 -18 100.0000 -0.0000 116.8034
5.4817 208 -8 208 -8 100.0000 -0.0000 116.8058
5.4830 207 -7 207 -7 100.0000 -0.0000 116.8205
5.4843 216 -16 216 -16 100.0000 -0.0000 116.7015
5.4855 207 -7 207 -7 100.0000 -0.0000 116.6892
5.4868 214 -14 214 -14 100.0000 -0.0000 116.5953
5.4881 216 -16 216 -16 100.0000 -0.0000 116.4769
5.4894 207 -7 207 -7 100.0000 -0.0000 116.4471
5.4907 211 -11 211 -11 100.0000 -0.0000 116.3592
5.4920 215 -15 215 -15 100.0000 -0.0000 116.2208
5.4933 220 -20 220 -20 100.0000 -0.0000 116.0234
5.4945 214 -14 214 -14 100.0000 -0.0000 115.8910
5.4958 215 -15 215 -15 100.0000 -0.0000 115.7544
5.4971 215 -15 215 -15 100.0000 -0.0000 115.6089
5.4984 212 -12 212 -12 100.0000 -0.0000 115.5056
5.4997 213 -13 213 -13 100.0000 -0.0000 115.4024
5.5009 219 -19 219 -19 100.0000 -0.0000 115.2228
5.5022 216 -16 216 -16 100.0000 -0.0000 115.0817
5.5035 216 -16 216 -16 100.0000 -0.0000 114.9470
5.5047 211 -11 211 -11 100.0000 -0.0000 114.9037
5.5060 214 -14 214 -14 100.0000 -0.0000 114.8190
5.5073 206 -6 206 -6 100.0000 -0.0000 114.8372
5.5086 212 -12 212 -12 100.0000 -0.0000 114.7862
5.5098 208 -8 208 -8 100.0000 -0.0000 114.8263
5.5111 219 -19 219 -19 100.0000 -0.0000 114.7306
5.5124 217 -17 217 -17 100.0000 -0.0000 114.6636
5.5137 213 -13 213 -13 100.0000 -0.0000 114.6431
5.5149 212 -12 212 -12 100.0000 -0.0000 114.6875
5.5162 217 -17 217 -17 100.0000 -0.0000 114.6670
5.5175 215 -15 215 -15 100.0000 -0.0000 114.6731
5.5187 214 -14 214 -14 100.0000 -0.0000 114.7345
5.5200 223 -23 223 -23 100.0000 -0.0000 114.6814
5.5213 211 -11 211 -11 100.0000 -0.0000 114.7907
5.5225 215 -15 215 -15 100.0000 -0.0000 114.8393
5.5238 225 -25 225 -25 100.0000 -0.0000 114.8083
5.5250 218 -18 218 -18 100.0000 -0.0000 114.8686
5.5263 212 -12 212 -12 100.0000 -0.0000 114.9939
5.5275 211 -11 211 -11 100.0000 -0.0000 115.1340
5.5288 213 -13 213 -13 100.0000 -0.0000 115.2934
5.5301 221 -21 221 -21 100.0000 -0.0000 115.3440
5.5313 215 -15 215 -15 100.0000 -0.0000 115.4728
5.5326 220 -20 220 -20 100.0000 -0.0000 115.5359
5.5339 220 -20 220 -20 100.0000 -0.0000 115.6347
5.5352 216 -16 216 -16 100.0000 -0.0000 115.7900
5.5364 222 -22 222 -22 100.0000 -0.0000 115.8713
5.5377 221 -21 221 -21 100.0000 -0.0000 115.9589
5.5390 218 -18 218 -18 100.0000 -0.0000 116.1175
5.5402 217 -17 217 -17 100.0000 -0.0000 116.2907
5.5415 209 -9 209 -9 100.0000 -0.0000 116.5590
5.5428 214 -14 214 -14 100.0000 -0.0000 116.7612
5.5440 215 -15 215 -15 100.0000 -0.0000 116.9818
5.5453 212 -12 212 -12 100.0000 -0.0000 117.2358
5.5466 219 -19 219 -19 100.0000 -0.0000 117.4006
5.5478 215 -15 215 -15 100.0000 -0.0000 117.6244
5.5491 207 -7 207 -7 100.0000 -0.0000 117.9506
5.5504 215 -15 215 -15 100.0000 -0.0000 118.1768
5.5516 203 -3 203 -3 100.0000 -0.0000 118.5489
5.5529 213 -13 213 -13 100.0000 -0.0000 118.8041
5.5542 217 -17 217 -17 100.0000 -0.0000 118.9954
5.5555 225 -25 225 -25 100.0000 -0.0000 119.0872
5.5568 216 -16 216 -16 100.0000 -0.0000 119.2830
5.5580 216 -16 216 -16 100.0000 -0.0000 119.4881
5.5593 218 -18 218 -18 100.0000 -0.0000 119.6333
5.5605 219 -19 219 -19 100.0000 -0.0000 119.7733
5.5618 215 -15 215 -15 100.0000 -0.0000 119.9555
5.5630 227 -27 227 -27 100.0000 -0.0000 119.9879
5.5643 213 -13 213 -13 100.0000 -0.0000 120.1588
5.5655 223 -23 223 -23 100.0000 -0.0000 120.2058
5.5668 216 -16 216 -16 100.0000 -0.0000 120.3394
5.5681 228 -28 228 -28 100.0000 -0.0000 120.3139
5.5694 217 -17 217 -17 100.0000 -0.0000 120.3713
5.5706 219 -19 219 -19 100.0000 -0.0000 120.4035
5.5719 219 -19 219 -19 100.0000 -0.0000 120.4365
5.5732 214 -14 214 -14 100.0000 -0.0000 120.5255
5.5745 225 -25 225 -25 100.0000 -0.0000 120.4243
5.5758 222 -22 222 -22 100.0000 -0.0000 120.3546
5.5770 213 -13 213 -13 100.0000 -0.0000 120.4041
5.5783 223 -23 223 -23 100.0000 -0.0000 120.2796
5.5796 219 -19 219 -19 100.0000 -0.0000 120.2068
5.5808 220 -20 220 -20 100.0000 -0.0000 120.1281
5.5821 219 -19 219 -19 100.0000 -0.0000 120.0615
5.5833 220 -20 220 -20 100.0000 -0.0000 119.9533
5.5846 224 -24 224 -24 100.0000 -0.0000 119.8001
5.5859 222 -22 222 -22 100.0000 -0.0000 119.6735
5.5872 228 -28 228 -28 100.0000 -0.0000 119.4679
5.5885 224 -24 224 -24 100.0000 -0.0000 119.3177
5.5898 224 -24 224 -24 100.0000 -0.0000 119.1672
5.5910 219 -19 219 -19 100.0000 -0.0000 119.0867
5.5923 224 -24 224 -24 100.0000 -0.0000 118.9433
5.5936 215 -15 215 -15 100.0000 -0.0000 118.9417
5.5949 222 -22 222 -22 100.0000 -0.0000 118.8403
5.5962 220 -20 220 -20 100.0000 -0.0000 118.7690
5.5974 228 -28 228 -28 100.0000 -0.0000 118.6026
5.5987 229 -29 229 -29 100.0000 -0.0000 118.4476
5.6000 222 -22 222 -22 100.0000 -0.0000 118.3765
5.6013 224 -24 224 -24 100.0000 -0.0000 118.2859
5.6026 223 -23 223 -23 100.0000 -0.0000 118.1976
5.6038 219 -19 219 -19 100.0000 -0.0000 118.1846
5.6051 221 -21 221 -21 100.0000 -0.0000 118.1494
5.6064 221 -21 221 -21 100.0000 -0.0000 118.1131
5.6076 229 -29 229 -29 100.0000 -0.0000 117.9727
5.6089 224 -24 224 -24 100.0000 -0.0000 117.8976
5.6101 229 -29 229 -29 100.0000 -0.0000 117.7654
5.6114 219 -19 219 -19 100.0000 -0.0000 117.7543
5.6127 234 -34 234 -34 100.0000 -0.0000 117.5612
5.6139 225 -25 225 -25 100.0000 -0.0000 117.4595
5.6152 224 -24 224 -24 100.0000 -0.0000 117.3711
5.6165 226 -26 226 -26 100.0000 -0.0000 117.2600
5.6177 221 -21 221 -21 100.0000 -0.0000 117.2049
5.6190 226 -26 226 -26 100.0000 -0.0000 117.0377
5.6202 215 -15 215 -15 100.0000 -0.0000 117.0119
5.6215 219 -19 219 -19 100.0000 -0.0000 116.9336
5.6228 220 -20 220 -20 100.0000 -0.0000 116.8448
5.6240 227 -27 227 -27 100.0000 -0.0000 116.5998
5.6253 225 -25 225 -25 100.0000 -0.0000 116.3809
5.6265 218 -18 218 -18 100.0000 -0.0000 116.2516
5.6279 221 -21 221 -21 100.0000 -0.0000 116.0939
5.6291 221 -21 221 -21 100.0000 -0.0000 115.8787
5.6304 218 -18 218 -18 100.0000 -0.0000 115.6959
5.6317 227 -27 227 -27 100.0000 -0.0000 115.4042
5.6330 220 -20 220 -20 100.0000 -0.0000 115.1691
5.6342 221 -21 221 -21 100.0000 -0.0000 114.9170
5.6355 215 -15 215 -15 100.0000 -0.0000 114.7389
5.6367 220 -20 220 -20 100.0000 -0.0000 114.4991
5.6380 223 -23 223 -23 100.0000 -0.0000 114.2094
5.6393 219 -19 219 -19 100.0000 -0.0000 113.9718
5.6406 222 -22 222 -22 100.0000 -0.0000 113.7032
5.6418 220 -20 220 -20 100.0000 -0.0000 113.4624
5.6431 221 -21 221 -21 100.0000 -0.0000 113.2180
5.6444 222 -22 222 -22 100.0000 -0.0000 112.9634
5.6457 221 -21 221 -21 100.0000 -0.0000 112.7175
5.6469 233 -33 233 -33 100.0000 -0.0000 112.3248
5.6482 224 -24 224 -24 100.0000 -0.0000 112.0557
5.6495 226 -26 226 -26 100.0000 -0.0000 111.7610
5.6508 219 -19 219 -19 100.0000 -0.0000 111.5541
5.6520 227 -27 227 -27 100.0000 -0.0000 111.2510
5.6533 224 -24 224 -24 100.0000 -0.0000 110.9941
5.6545 235 -35 235 -35 100.0000 -0.0000 110.5970
5.6558 237 -37 237 -37 100.0000 -0.0000 110.1739
5.6571 230 -30 230 -30 100.0000 -0.0000 109.8486
5.6584 232 -32 232 -32 100.0000 -0.0000 109.5059
5.6597 224 -24 224 -24 100.0000 -0.0000 109.2727
5.6610 224 -24 224 -24 100.0000 -0.0000 109.0324
5.6623 225 -25 225 -25 100.0000 -0.0000 108.7789
5.6635 228 -28 228 -28 100.0000 -0.0000 108.4927
5.6648 223 -23 223 -23 100.0000 -0.0000 108.2773
5.6661 230 -30 230 -30 100.0000 -0.0000 107.9784
5.6673 222 -22 222 -22 100.0000 -0.0000 107.7840
5.6686 235 -35 235 -35 100.0000 -0.0000 107.4340
5.6699 235 -35 235 -35 100.0000 -0.0000 107.0767
5.6711 222 -22 222 -22 100.0000 -0.0000 106.8853
5.6724 225 -25 225 -25 100.0000 -0.0000 106.6617
5.6737 238 -38 238 -38 100.0000 -0.0000 106.2625
5.6750 232 -32 232 -32 100.0000 -0.0000 105.9467
5.6762 228 -28 228 -28 100.0000 -0.0000 105.6840
5.6775 218 -18 218 -18 100.0000 -0.0000 105.5634
5.6788 225 -25 225 -25 100.0000 -0.0000 105.3385
5.6800 228 -28 228 -28 100.0000 -0.0000 105.0817
5.6813 219 -19 219 -19 100.0000 -0.0000 104.9436
5.6825 221 -21 221 -21 100.0000 -0.0000 104.7756
5.6838 215 -15 215 -15 100.0000 -0.0000 104.6780
5.6851 223 -23 223 -23 100.0000 -0.0000 104.4823
5.6863 222 -22 222 -22 100.0000 -0.0000 104.3012
5.6876 215 -15 215 -15 100.0000 -0.0000 104.2138
5.6889 214 -14 214 -14 100.0000 -0.0000 104.1272
5.6901 225 -25 225 -25 100.0000 -0.0000 103.9038
5.6914 218 -18 218 -18 100.0000 -0.0000 103.7785
5.6926 213 -13 213 -13 100.0000 -0.0000 103.7124
5.6939 208 -8 208 -8 100.0000 -0.0000 103.6998
5.6951 214 -14 214 -14 100.0000 -0.0000 103.6128
5.6964 220 -20 220 -20 100.0000 -0.0000 103.4583
5.6977 216 -16 216 -16 100.0000 -0.0000 103.3339
5.6989 222 -22 222 -22 100.0000 -0.0000 103.1377
5.7002 227 -27 227 -27 100.0000 -0.0000 102.8888
5.7014 206 -6 206 -6 100.0000 -0.0000 102.8944
5.7027 226 -26 226 -26 100.0000 -0.0000 102.6299
5.7039 217 -17 217 -17 100.0000 -0.0000 102.4835
5.7052 216 -16 216 -16 100.0000 -0.0000 102.3430
5.7065 218 -18 218 -18 100.0000 -0.0000 102.1772
5.7077 217 -17 217 -17 100.0000 -0.0000 101.9903
5.7090 222 -22 222 -22 100.0000 -0.0000 101.7409
5.7102 223 -23 223 -23 100.0000 -0.0000 101.4751
5.7115 223 -23 223 -23 100.0000 -0.0000 101.2212
5.7127 221 -21 221 -21 100.0000 -0.0000 100.9513
5.7140 214 -14 214 -14 100.0000 -0.0000 100.7695
5.7152 222 -22 222 -22 100.0000 -0.0000 100.4820
5.7164 220 -20 220 -20 100.0000 -0.0000 100.2252
5.7177 223 -23 223 -23 100.0000 -0.0000 99.8919
5.7189 224 -24 224 -24 100.0000 -0.0000 99.5391
5.7202 221 -21 221 -21 100.0000 -0.0000 99.2294
5.7215 225 -25 225 -25 100.0000 -0.0000 98.8646
5.7227 228 -28 228 -28 100.0000 -0.0000 98.4264
5.7240 223 -23 223 -23 100.0000 -0.0000 98.0579
5.7253 228 -28 228 -28 100.0000 -0.0000 97.6298
5.7265 226 -26 226 -26 100.0000 -0.0000 97.2345
5.7277 220 -20 220 -20 100.0000 -0.0000 96.8980
5.7290 226 -26 226 -26 100.0000 -0.0000 96.4865
5.7302 219 -19 219 -19 100.0000 -0.0000 96.1702
5.7315 226 -26 226 -26 100.0000 -0.0000 95.7723
5.7327 214 -14 214 -14 100.0000 -0.0000 95.5126
5.7340 218 -18 218 -18 100.0000 -0.0000 95.2081
5.7353 213 -13 213 -13 100.0000 -0.0000 94.9695
5.7366 218 -18 218 -18 100.0000 -0.0000 94.6605
5.7379 208 -8 208 -8 100.0000 -0.0000 94.5144
5.7391 223 -23 223 -23 100.0000 -0.0000 94.1878
5.7404 219 -19 219 -19 100.0000 -0.0000 93.9074
5.7417 217 -17 217 -17 100.0000 -0.0000 93.6505
5.7430 205 -5 205 -5 100.0000 -0.0000 93.5951
5.7443 207 -7 207 -7 100.0000 -0.0000 93.5249
5.7456 215 -15 215 -15 100.0000 -0.0000 93.3455
5.7468 208 -8 208 -8 100.0000 -0.0000 93.2650
5.7481 207 -7 207 -7 100.0000 -0.0000 93.2482
5.7494 209 -9 209 -9 100.0000 -0.0000 93.2120
5.7506 213 -13 213 -13 100.0000 -0.0000 93.1149
5.7519 216 -16 216 -16 100.0000 -0.0000 93.0152
5.7532 208 -8 208 -8 100.0000 -0.0000 93.0045
5.7545 207 -7 207 -7 100.0000 -0.0000 93.0123
5.7557 207 -7 207 -7 100.0000 -0.0000 93.0185
5.7570 213 -13 213 -13 100.0000 -0.0000 92.9498
5.7583 210 -10 210 -10 100.0000 -0.0000 92.9179
5.7595 216 -16 216 -16 100.0000 -0.0000 92.8134
5.7608 216 -16 216 -16 100.0000 -0.0000 92.6952
5.7621 205 -5 205 -5 100.0000 -0.0000 92.6878
5.7634 214 -14 214 -14 100.0000 -0.0000 92.5551
5.7647 215 -15 215 -15 100.0000 -0.0000 92.4183
5.7660 209 -9 209 -9 100.0000 -0.0000 92.3626
5.7673 218 -18 218 -18 100.0000 -0.0000 92.1256
5.7686 211 -11 211 -11 100.0000 -0.0000 91.9822
5.7698 212 -12 212 -12 100.0000 -0.0000 91.8348
5.7711 218 -18 218 -18 100.0000 -0.0000 91.6124
5.7724 207 -7 207 -7 100.0000 -0.0000 91.4761
5.7736 207 -7 207 -7 100.0000 -0.0000 91.3332
5.7749 202 -2 202 -2 100.0000 -0.0000 91.2637
5.7762 205 -5 205 -5 100.0000 -0.0000 91.1504
5.7774 201 -1 201 -1 100.0000 -0.0000 91.0643
5.7788 215 -15 215 -15 100.0000 -0.0000 90.7785
5.7800 208 -8 208 -8 100.0000 -0.0000 90.5978
5.7813 207 -7 207 -7 100.0000 -0.0000 90.4344
5.7826 216 -16 216 -16 100.0000 -0.0000 90.1431
5.7838 212 -12 212 -12 100.0000 -0.0000 89.9032
5.7851 216 -16 216 -16 100.0000 -0.0000 89.6102
5.7864 199 0 199 0 100.0000 -0.0000 89.5402
5.7876 208 -8 208 -8 100.0000 -0.0000 89.3139
5.7889 210 -10 210 -10 100.0000 -0.0000 89.0652
5.7901 201 -1 201 -1 100.0000 -0.0000 88.9367
5.7914 209 -9 209 -9 100.0000 -0.0000 88.7147
5.7926 202 -2 202 -2 100.0000 -0.0000 88.5011
5.7938 202 -2 202 -2 100.0000 -0.0000 88.2860
5.7951 208 -8 208 -8 100.0000 -0.0000 87.9987
5.7963 215 -15 215 -15 100.0000 -0.0000 87.6326
5.7976 203 -3 203 -3 100.0000 -0.0000 87.3205
5.7989 195 4 195 4 100.0000 -0.0000 87.1007
5.8002 203 -3 203 -3 100.0000 -0.0000 86.7857
5.8014 202 -2 202 -2 100.0000 -0.0000 86.4054
5.8027 204 -4 204 -4 100.0000 -0.0000 85.9999
5.8040 199 0 199 0 100.0000 -0.0000 85.6644
5.8052 194 5 194 5 100.0000 -0.0000 85.3852
5.8065 206 -6 206 -6 100.0000 -0.0000 84.9196
5.8077 201 -1 201 -1 100.0000 -0.0000 84.5115
5.8090 205 -5 205 -5 100.0000 -0.0000 84.0633
5.8102 200 0 200 0 100.0000 -0.0000 83.6765
5.8115 199 0 199 0 100.0000 -0.0000 83.3111
5.8128 192 7 192 7 100.0000 -0.0000 83.0361
5.8140 198 1 198 1 100.0000 -0.0000 82.6974
5.8153 198 1 198 1 100.0000 -0.0000 82.3584
5.8165 203 -3 203 -3 100.0000 -0.0000 81.9764
5.8178 200 0 200 0 100.0000 -0.0000 81.6285
5.8191 198 1 198 1 100.0000 -0.0000 81.3125
5.8204 201 -1 201 -1 100.0000 -0.0000 80.9520
5.8218 197 2 197 2 100.0000 -0.0000 80.6638
5.8230 200 0 200 0 100.0000 -0.0000 80.3558
5.8243 198 1 198 1 100.0000 -0.0000 80.0777
5.8256 202 -2 202 -2 100.0000 -0.0000 79.7487
5.8269 194 5 194 5 100.0000 -0.0000 79.5269
5.8281 196 3 196 3 100.0000 -0.0000 79.2869
5.8294 203 -3 203 -3 100.0000 -0.0000 78.9646
5.8306 198 1 198 1 100.0000 -0.0000 78.7084
5.8319 189 10 189 10 100.0000 -0.0000 78.5631
5.8332 193 6 193 6 100.0000 -0.0000 78.3669
5.8345 197 2 197 2 100.0000 -0.0000 78.1194
5.8358 194 5 194 5 100.0000 -0.0000 77.9155
5.8370 203 -3 203 -3 100.0000 -0.0000 77.5930
5.8383 192 7 192 7 100.0000 -0.0000 77.4143
5.8396 206 -6 206 -6 100.0000 -0.0000 77.0713
5.8409 200 0 200 0 100.0000 -0.0000 76.8014
5.8422 199 0 199 0 100.0000 -0.0000 76.5566
5.8435 194 5 194 5 100.0000 -0.0000 76.3668
5.8448 195 4 195 4 100.0000 -0.0000 76.1716
5.8460 201 -1 201 -1 100.0000 -0.0000 75.8979
5.8473 198 1 198 1 100.0000 -0.0000 75.6482
5.8486 201 -1 201 -1 100.0000 -0.0000 75.3632
5.8499 194 5 194 5 100.0000 -0.0000 75.1774
5.8512 199 0 199 0 100.0000 -0.0000 74.8985
5.8525 208 -8 208 -8 100.0000 -0.0000 74.5016
5.8537 195 4 195 4 100.0000 -0.0000 74.2670
5.8550 194 5 194 5 100.0000 -0.0000 74.0448
5.8563 201 -1 201 -1 100.0000 -0.0000 73.6885
5.8576 202 -2 202 -2 100.0000 -0.0000 73.3204
5.8588 196 3 196 3 100.0000 -0.0000 73.0248
5.8601 196 3 196 3 100.0000 -0.0000 72.7295
5.8614 207 -7 207 -7 100.0000 -0.0000 72.2477
5.8626 208 -8 208 -8 100.0000 -0.0000 71.7549
5.8639 198 1 198 1 100.0000 -0.0000 71.3843
5.8651 204 -4 204 -4 100.0000 -0.0000 70.9398
5.8664 203 -3 203 -3 100.0000 -0.0000 70.4625
5.8677 204 -4 204 -4 100.0000 -0.0000 69.9684
5.8689 201 -1 201 -1 100.0000 -0.0000 69.5126
5.8702 208 -8 208 -8 100.0000 -0.0000 68.9884
5.8715 205 -5 205 -5 100.0000 -0.0000 68.4590
5.8727 190 9 190 9 100.0000 -0.0000 68.1303
5.8740 203 -3 203 -3 100.0000 -0.0000 67.6384
5.8752 208 -8 208 -8 100.0000 -0.0000 67.0886
5.8765 195 4 195 4 100.0000 -0.0000 66.6914
5.8777 193 6 193 6 100.0000 -0.0000 66.3360
5.8790 191 8 191 8 100.0000 -0.0000 65.9963
5.8803 193 6 193 6 100.0000 -0.0000 65.6370
5.8815 198 1 198 1 100.0000 -0.0000 65.2330
5.8828 203 -3 203 -3 100.0000 -0.0000 64.7711
5.8841 204 -4 204 -4 100.0000 -0.0000 64.2949
5.8854 201 -1 201 -1 100.0000 -0.0000 63.8575
5.8866 193 6 193 6 100.0000 -0.0000 63.5477
5.8879 195 4 195 4 100.0000 -0.0000 63.2112
5.8892 193 6 193 6 100.0000 -0.0000 62.9073
5.8904 192 7 192 7 100.0000 -0.0000 62.6230
5.8917 200 0 200 0 100.0000 -0.0000 62.2640
5.8930 196 3 196 3 100.0000 -0.0000 61.9578
5.8942 188 11 188 11 100.0000 -0.0000 61.7491
5.8955 191 8 191 8 100.0000 -0.0000 61.5002
5.8968 186 13 186 13 100.0000 -0.0000 61.3045
5.8980 192 7 192 7 100.0000 -0.0000 61.0294
5.8993 187 12 187 12 100.0000 -0.0000 60.8291
5.9006 192 7 192 7 100.0000 -0.0000 60.5298
5.9018 194 5 194 5 100.0000 -0.0000 60.2030
5.9031 182 17 182 17 100.0000 -0.0000 60.0198
5.9044 184 15 184 15 100.0000 -0.0000 59.8278
5.9056 183 16 183 16 100.0000 -0.0000 59.5791
5.9069 173 26 173 26 100.0000 -0.0000 59.4504
5.9081 183 16 183 16 100.0000 -0.0000 59.2050
5.9094 187 12 187 12 100.0000 -0.0000 58.9088
5.9107 183 16 183 16 100.0000 -0.0000 58.6097
5.9119 186 13 186 13 100.0000 -0.0000 58.2604
5.9132 179 20 179 20 100.0000 -0.0000 58.0058
5.9144 176 23 176 23 100.0000 -0.0000 57.7942
5.9157 175 24 175 24 100.0000 -0.0000 57.5560
5.9170 183 16 183 16 100.0000 -0.0000 57.2226
5.9183 173 26 173 26 100.0000 -0.0000 57.0089
5.9195 181 18 181 18 100.0000 -0.0000 56.6925
5.9208 174 25 174 25 100.0000 -0.0000 56.4721
5.9221 176 23 176 23 100.0000 -0.0000 56.2253
5.9233 187 12 187 12 100.0000 -0.0000 55.8405
5.9246 180 19 180 19 100.0000 -0.0000 55.5402
5.9258 167 32 167 32 100.0000 -0.0000 55.4419
5.9271 177 22 177 22 100.0000 -0.0000 55.2193
5.9284 176 23 176 23 100.0000 -0.0000 55.0090
5.9296 172 27 172 27 100.0000 -0.0000 54.8477
5.9309 169 30 169 30 100.0000 -0.0000 54.7780
5.9322 173 26 173 26 100.0000 -0.0000 54.6623
5.9334 167 32 167 32 100.0000 -0.0000 54.6302
5.9347 176 23 176 23 100.0000 -0.0000 54.4846
5.9359 171 28 171 28 100.0000 -0.0000 54.4373
5.9372 172 27 172 27 100.0000 -0.0000 54.3940
5.9385 171 28 171 28 100.0000 -0.0000 54.3575
5.9397 181 18 181 18 100.0000 -0.0000 54.2004
5.9410 169 30 169 30 100.0000 -0.0000 54.2190
5.9423 174 25 174 25 100.0000 -0.0000 54.1707
5.9435 179 20 179 20 100.0000 -0.0000 54.0602
5.9448 175 24 175 24 100.0000 -0.0000 54.0013
5.9461 178 21 178 21 100.0000 -0.0000 53.8925
5.9473 182 17 182 17 100.0000 -0.0000 53.7389
5.9486 174 25 174 25 100.0000 -0.0000 53.6734
5.9499 172 27 172 27 100.0000 -0.0000 53.6463
5.9511 174 25 174 25 100.0000 -0.0000 53.5393
5.9524 179 20 179 20 100.0000 -0.0000 53.3599
5.9537 178 21 178 21 100.0000 -0.0000 53.2061
5.9550 171 28 171 28 100.0000 -0.0000 53.1372
5.9562 179 20 179 20 100.0000 -0.0000 52.8875
5.9575 183 16 183 16 100.0000 -0.0000 52.5969
5.9588 168 31 168 31 100.0000 -0.0000 52.5008
5.9600 176 23 176 23 100.0000 -0.0000 52.3028
5.9613 183 16 183 16 100.0000 -0.0000 51.9331
5.9626 185 14 185 14 100.0000 -0.0000 51.5253
5.9638 175 24 175 24 100.0000 -0.0000 51.2496
5.9651 177 22 177 22 100.0000 -0.0000 50.8793
5.9663 180 19 180 19 100.0000 -0.0000 50.4686
5.9676 180 19 180 19 100.0000 -0.0000 50.0568
5.9689 182 17 182 17 100.0000 -0.0000 49.6168
5.9702 179 20 179 20 100.0000 -0.0000 49.1373
5.9715 180 19 180 19 100.0000 -0.0000 48.6546
5.9728 179 20 179 20 100.0000 -0.0000 48.1887
5.9740 169 30 169 30 100.0000 -0.0000 47.8540
5.9753 179 20 179 20 100.0000 -0.0000 47.3338
5.9766 172 27 172 27 100.0000 -0.0000 46.9105
5.9779 179 20 179 20 100.0000 -0.0000 46.4016
5.9792 186 13 186 13 100.0000 -0.0000 45.7976
5.9805 176 23 176 23 100.0000 -0.0000 45.3014
5.9818 175 24 175 24 100.0000 -0.0000 44.8210
5.9830 175 24 175 24 100.0000 -0.0000 44.3536
5.9843 177 22 177 22 100.0000 -0.0000 43.8504
5.9856 184 15 184 15 100.0000 -0.0000 43.2743
5.9869 181 18 181 18 100.0000 -0.0000 42.7429
5.9882 174 25 174 25 100.0000 -0.0000 42.2953
5.9894 183 16 183 16 100.0000 -0.0000 41.7491
5.9907 180 19 180 19 100.0000 -0.0000 41.2616
5.9920 180 19 180 19 100.0000 -0.0000 40.7766
5.9933 173 26 173 26 100.0000 -0.0000 40.3897
5.9945 180 19 180 19 100.0000 -0.0000 39.9160
5.9958 184 15 184 15 100.0000 -0.0000 39.4137
5.9971 173 26 173 26 100.0000 -0.0000 39.0564
5.9984 174 25 174 25 100.0000 -0.0000 38.6870
5.9997 180 19 180 19 100.0000 -0.0000 38.2467
6.0010 172 27 172 27 100.0000 -0.0000 37.9106
6.0022 173 26 173 26 100.0000 -0.0000 37.5696
6.0035 181 18 181 18 100.0000 -0.0000 37.1245
6.0047 177 22 177 22 100.0000 -0.0000 36.7060
6.0060 175 24 175 24 100.0000 -0.0000 36.2990
6.0073 183 16 183 16 100.0000 -0.0000 35.8089
6.0086 174 25 174 25 100.0000 -0.0000 35.4327
6.0098 170 29 170 29 100.0000 -0.0000 35.0299
6.0111 174 25 174 25 100.0000 -0.0000 34.5752
6.0124 174 25 174 25 100.0000 -0.0000 34.1154
6.0136 176 23 176 23 100.0000 -0.0000 33.6474
6.0149 169 30 169 30 100.0000 -0.0000 33.1617
6.0162 173 26 173 26 100.0000 -0.0000 32.6154
6.0174 167 32 167 32 100.0000 -0.0000 32.1590
6.0187 173 26 173 26 100.0000 -0.0000 31.6271
6.0200 169 30 169 30 100.0000 -0.0000 31.0334
6.0212 171 28 171 28 100.0000 -0.0000 30.4181
6.0225 165 34 165 34 100.0000 -0.0000 29.8815
6.0238 163 36 163 36 100.0000 -0.0000 29.3836
6.0250 160 39 160 39 100.0000 -0.0000 28.8141
6.0263 164 35 164 35 100.0000 -0.0000 28.2046
6.0275 169 30 169 30 100.0000 -0.0000 27.5394
6.0288 164 35 164 35 100.0000 -0.0000 26.9367
6.0300 163 36 163 36 100.0000 -0.0000 26.2558
6.0312 165 34 165 34 100.0000 -0.0000 25.5671
6.0325 162 37 162 37 100.0000 -0.0000 24.9117
6.0338 164 35 164 35 100.0000 -0.0000 24.2251
6.0351 161 38 161 38 100.0000 -0.0000 23.4876
6.0364 161 38 161 38 100.0000 -0.0000 22.7816
6.0376 170 29 170 29 100.0000 -0.0000 21.9683
6.0389 158 41 158 41 100.0000 -0.0000 21.3103
6.0401 154 45 154 45 100.0000 -0.0000 20.6481
6.0414 154 45 154 45 100.0000 -0.0000 19.9882
6.0427 158 41 158 41 100.0000 -0.0000 19.2828
6.0440 145 54 145 54 100.0000 -0.0000 18.7354
6.0453 154 45 154 45 100.0000 -0.0000 18.0510
6.0465 154 45 154 45 100.0000 -0.0000 17.3895
6.0478 143 56 143 56 100.0000 -0.0000 16.8650
6.0491 150 49 150 49 100.0000 -0.0000 16.2433
6.0504 149 50 149 50 100.0000 -0.0000 15.6522
6.0517 139 60 139 60 100.0000 -0.0000 15.1933
6.0530 143 56 143 56 100.0000 -0.0000 14.6982
6.0543 139 60 139 60 100.0000 -0.0000 14.2460
6.0556 143 56 143 56 100.0000 -0.0000 13.7805
6.0568 134 65 134 65 100.0000 -0.0000 13.4382
6.0581 140 59 140 59 100.0000 -0.0000 13.0221
6.0593 125 74 125 74 100.0000 -0.0000 12.8328
6.0606 133 66 133 66 100.0000 -0.0000 12.5438
6.0619 143 56 143 56 100.0000 -0.0000 12.1187
6.0632 132 67 132 67 100.0000 -0.0000 11.8467
6.0645 132 67 132 67 100.0000 -0.0000 11.5881
6.0657 131 68 131 68 100.0000 -0.0000 11.3449
6.0670 134 65 134 65 100.0000 -0.0000 11.0770
6.0683 133 66 133 66 100.0000 -0.0000 10.8169
6.0695 135 64 135 64 100.0000 -0.0000 10.5457
6.0708 129 70 129 70 100.0000 -0.0000 10.3610
6.0720 133 66 133 66 100.0000 -0.0000 10.1210
6.0733 130 69 130 69 100.0000 -0.0000 9.9212
6.0745 131 68 131 68 100.0000 -0.0000 9.7094
6.0758 126 73 126 73 100.0000 -0.0000 9.5557
6.0770 126 73 126 73 100.0000 -0.0000 9.3938
6.0783 120 79 120 79 100.0000 -0.0000 9.3055
6.0795 124 75 124 75 100.0000 -0.0000 9.1351
6.0808 142 57 142 57 100.0000 -0.0000 8.7365
6.0821 127 72 127 72 100.0000 -0.0000 8.5260
6.0834 132 67 132 67 100.0000 -0.0000 8.2680
6.0847 134 65 134 65 100.0000 -0.0000 7.9361
6.0859 120 79 120 79 100.0000 -0.0000 7.7803
6.0872 123 76 123 76 100.0000 -0.0000 7.5822
6.0885 124 75 124 75 100.0000 -0.0000 7.3787
6.0898 128 71 128 71 100.0000 -0.0000 7.0784
6.0910 124 75 124 75 100.0000 -0.0000 6.8271
6.0923 131 68 131 68 100.0000 -0.0000 6.4903
6.0936 129 70 129 70 100.0000 -0.0000 6.1773
6.0949 134 65 134 65 100.0000 -0.0000 5.7694
6.0961 123 76 123 76 100.0000 -0.0000 5.5097
6.0974 126 73 126 73 100.0000 -0.0000 5.2102
6.0987 133 66 133 66 100.0000 -0.0000 4.8193
6.1000 130 69 130 69 100.0000 -0.0000 4.4389
6.1013 126 73 126 73 100.0000 -0.0000 4.1199
6.1025 127 72 127 72 100.0000 -0.0000 3.7875
6.1038 124 75 124 75 100.0000 -0.0000 3.4943
6.1051 127 72 127 72 100.0000 -0.0000 3.1496
6.1064 135 64 135 64 100.0000 -0.0000 2.6983
6.1076 125 74 125 74 100.0000 -0.0000 2.3805
6.1089 135 64 135 64 100.0000 -0.0000 1.9160
6.1102 131 68 131 68 100.0000 -0.0000 1.5094
6.1115 134 65 134 65 100.0000 -0.0000 1.0488
6.1128 134 65 134 65 100.0000 -0.0000 0.6043
6.1140 132 67 132 67 100.0000 -0.0000 0.1572
6.1153 123 76 123 76 100.0000 -0.0000 -0.1689
6.1166 133 66 133 66 100.0000 -0.0000 -0.6155
6.1178 129 70 129 70 100.0000 -0.0000 -1.0084
6.1191 120 79 120 79 100.0000 -0.0000 -1.3062
6.1203 133 66 133 66 100.0000 -0.0000 -1.7577
6.1216 133 66 133 66 100.0000 -0.0000 -2.2099
6.1229 127 72 127 72 100.0000 -0.0000 -2.5887
6.1242 137 62 137 62 100.0000 -0.0000 -3.1116
6.1254 137 62 137 62 100.0000 -0.0000 -3.6237
6.1267 136 63 136 63 100.0000 -0.0000 -4.1183
6.1280 131 68 131 68 100.0000 -0.0000 -4.5409
6.1293 133 66 133 66 100.0000 -0.0000 -4.9986
6.1305 137 62 137 62 100.0000 -0.0000 -5.5030
6.1318 138 61 138 61 100.0000 -0.0000 -6.0145
6.1330 136 63 136 63 100.0000 -0.0000 -6.4958
6.1343 134 65 134 65 100.0000 -0.0000 -6.9772
6.1356 134 65 134 65 100.0000 -0.0000 -7.4427
6.1368 132 67 132 67 100.0000 -0.0000 -7.8767
6.1381 125 74 125 74 100.0000 -0.0000 -8.2252
6.1393 130 69 130 69 100.0000 -0.0000 -8.6432
6.1406 126 73 126 73 100.0000 -0.0000 -9.0214
6.1419 136 63 136 63 100.0000 -0.0000 -9.5160
6.1432 130 69 130 69 100.0000 -0.0000 -9.9315
6.1444 132 67 132 67 100.0000 -0.0000 -10.3789
6.1457 126 73 126 73 100.0000 -0.0000 -10.7533
6.1470 125 74 125 74 100.0000 -0.0000 -11.1066
6.1482 130 69 130 69 100.0000 -0.0000 -11.5195
6.1495 137 62 137 62 100.0000 -0.0000 -12.0712
6.1508 121 78 121 78 100.0000 -0.0000 -12.4027
6.1521 129 70 129 70 100.0000 -0.0000 -12.8190
6.1533 118 81 118 81 100.0000 -0.0000 -13.0939
6.1546 132 67 132 67 100.0000 -0.0000 -13.5695
6.1559 126 73 126 73 100.0000 -0.0000 -13.9602
6.1571 114 85 114 85 100.0000 -0.0000 -14.2002
6.1584 117 82 117 82 100.0000 -0.0000 -14.5319
6.1597 116 83 116 83 100.0000 -0.0000 -14.8379
6.1609 119 80 119 80 100.0000 -0.0000 -15.1851
6.1622 114 85 114 85 100.0000 -0.0000 -15.4600
6.1634 109 90 109 90 100.0000 -0.0000 -15.7155
6.1647 108 91 108 91 100.0000 -0.0000 -15.9578
6.1659 120 79 120 79 100.0000 -0.0000 -16.3450
6.1672 116 83 116 83 100.0000 -0.0000 -16.6850
6.1685 107 92 107 92 100.0000 -0.0000 -16.9535
6.1697 105 94 105 94 100.0000 -0.0000 -17.1844
6.1710 107 92 107 92 100.0000 -0.0000 -17.4406
6.1723 106 93 106 93 100.0000 -0.0000 -17.6809
6.1735 102 97 102 97 100.0000 -0.0000 -17.9062
6.1748 111 88 111 88 100.0000 -0.0000 -18.2466
6.1761 106 93 106 93 100.0000 -0.0000 -18.5251
6.1774 99 100 99 100 100.0000 -0.0000 -18.7032
6.1786 104 95 104 95 100.0000 -0.0000 -18.9682
6.1799 103 96 103 96 100.0000 -0.0000 -19.2119
6.1811 102 97 102 97 100.0000 -0.0000 -19.4409
6.1824 101 98 101 98 100.0000 -0.0000 -19.6588
6.1837 107 92 107 92 100.0000 -0.0000 -19.9661
6.1850 96 103 96 103 100.0000 -0.0000 -20.1262
6.1862 104 95 104 95 100.0000 -0.0000 -20.3889
6.1875 106 93 106 93 100.0000 -0.0000 -20.6816
6.1888 96 103 96 103 100.0000 -0.0000 -20.8830
6.1900 101 98 101 98 100.0000 -0.0000 -21.1373
6.1913 99 100 99 100 100.0000 -0.0000 -21.3684
6.1926 103 96 103 96 100.0000 -0.0000 -21.6463
6.1938 105 94 105 94 100.0000 -0.0000 -22.0043
6.1951 114 85 114 85 100.0000 -0.0000 -22.4767
6.1964 101 98 101 98 100.0000 -0.0000 -22.7781
6.1976 104 95 104 95 100.0000 -0.0000 -23.1170
6.1989 96 103 96 103 100.0000 -0.0000 -23.4263
6.2002 97 102 97 102 100.0000 -0.0000 -23.7524
6.2014 107 92 107 92 100.0000 -0.0000 -24.1960
6.2027 100 99 100 99 100.0000 -0.0000 -24.5540
6.2039 102 97 102 97 100.0000 -0.0000 -25.0081
6.2052 96 103 96 103 100.0000 -0.0000 -25.3856
6.2065 101 98 101 98 100.0000 -0.0000 -25.8165
6.2078 105 94 105 94 100.0000 -0.0000 -26.2951
6.2090 96 103 96 103 100.0000 -0.0000 -26.7267
6.2103 106 93 106 93 100.0000 -0.0000 -27.2782
6.2116 100 99 100 99 100.0000 -0.0000 -27.7479
6.2128 94 105 94 105 100.0000 -0.0000 -28.1447
6.2141 108 91 108 91 100.0000 -0.0000 -28.7421
6.2154 95 104 95 104 100.0000 -0.0000 -29.1672
6.2166 103 96 103 96 100.0000 -0.0000 -29.6927
6.2179 105 94 105 94 100.0000 -0.0000 -30.2350
6.2191 102 97 102 97 100.0000 -0.0000 -30.7436
6.2204 101 98 101 98 100.0000 -0.0000 -31.2276
6.2217 92 107 92 107 100.0000 -0.0000 -31.6014
6.2229 92 107 92 107 100.0000 -0.0000 -31.9531
6.2242 100 99 100 99 100.0000 -0.0000 -32.3967
6.2254 98 101 98 101 100.0000 -0.0000 -32.8118
6.2268 94 105 94 105 100.0000 -0.0000 -33.1932
6.2280 96 103 96 103 100.0000 -0.0000 -33.5627
6.2293 96 103 96 103 100.0000 -0.0000 -33.9275
6.2306 95 104 95 104 100.0000 -0.0000 -34.2748
6.2319 88 111 88 111 100.0000 -0.0000 -34.5383
6.2331 91 108 91 108 100.0000 -0.0000 -34.8262
6.2344 88 111 88 111 100.0000 -0.0000 -35.0635
6.2357 96 103 96 103 100.0000 -0.0000 -35.4114
6.2370 88 111 88 111 100.0000 -0.0000 -35.6614
6.2383 87 112 87 112 100.0000 -0.0000 -35.9127
6.2396 81 118 81 118 100.0000 -0.0000 -36.0797
6.2408 87 112 87 112 100.0000 -0.0000 -36.3254
6.2421 92 107 92 107 100.0000 -0.0000 -36.6314
6.2434 88 111 88 111 100.0000 -0.0000 -36.9301
6.2447 91 108 91 108 100.0000 -0.0000 -37.2628
6.2460 89 110 89 110 100.0000 -0.0000 -37.5651
6.2473 94 105 94 105 100.0000 -0.0000 -37.9335
6.2486 87 112 87 112 100.0000 -0.0000 -38.2880
6.2498 96 103 96 103 100.0000 -0.0000 -38.7505
6.2511 86 113 86 113 100.0000 -0.0000 -39.0731
6.2523 88 111 88 111 100.0000 -0.0000 -39.4264
6.2536 87 112 87 112 100.0000 -0.0000 -39.8598
6.2549 94 105 94 105 100.0000 -0.0000 -40.3787
6.2562 85 114 85 114 100.0000 -0.0000 -40.7850
6.2575 83 116 83 116 100.0000 -0.0000 -41.1563
6.2588 89 110 89 110 100.0000 -0.0000 -41.7017
6.2600 86 113 86 113 100.0000 -0.0000 -42.1966
6.2613 92 107 92 107 100.0000 -0.0000 -42.7562
6.2626 84 115 84 115 100.0000 -0.0000 -43.2324
6.2638 85 114 85 114 100.0000 -0.0000 -43.7920
6.2651 89 110 89 110 100.0000 -0.0000 -44.3894
6.2663 76 123 76 123 100.0000 -0.0000 -44.8207
6.2676 81 118 81 118 100.0000 -0.0000 -45.3573
6.2689 80 119 80 119 100.0000 -0.0000 -45.8862
6.2702 77 122 77 122 100.0000 -0.0000 -46.3806
6.2714 80 119 80 119 100.0000 -0.0000 -46.9035
6.2727 72 127 72 127 100.0000 -0.0000 -47.3411
6.2740 81 118 81 118 100.0000 -0.0000 -47.8858
6.2752 74 125 74 125 100.0000 -0.0000 -48.3331
6.2765 83 116 83 116 100.0000 -0.0000 -48.8959
6.2778 77 122 77 122 100.0000 -0.0000 -49.3774
6.2791 73 126 73 126 100.0000 -0.0000 -49.8103
6.2803 79 120 79 120 100.0000 -0.0000 -50.3102
6.2816 75 124 75 124 100.0000 -0.0000 -50.7488
6.2829 71 128 71 128 100.0000 -0.0000 -51.1231
6.2842 81 118 81 118 100.0000 -0.0000 -51.6143
6.2854 75 124 75 124 100.0000 -0.0000 -52.0305
6.2867 74 125 74 125 100.0000 -0.0000 -52.4315
6.2880 69 130 69 130 100.0000 -0.0000 -52.7532
6.2893 71 128 71 128 100.0000 -0.0000 -53.1059
6.2906 74 125 74 125 100.0000 -0.0000 -53.4744
6.2919 71 128 71 128 100.0000 -0.0000 -53.8047
6.2931 60 139 60 139 100.0000 -0.0000 -53.9838
6.2944 66 133 66 133 100.0000 -0.0000 -54.2333
6.2957 66 133 66 133 100.0000 -0.0000 -54.4857
6.2970 79 120 79 120 100.0000 -0.0000 -54.8999
6.2983 65 134 65 134 100.0000 -0.0000 -55.1071
6.2996 64 135 64 135 100.0000 -0.0000 -55.3087
6.3008 60 139 60 139 100.0000 -0.0000 -55.4478
6.3021 55 144 55 144 100.0000 -0.0000 -55.5279
6.3034 66 133 66 133 100.0000 -0.0000 -55.7259
6.3046 64 135 64 135 100.0000 -0.0000 -55.9097
6.3059 54 145 54 145 100.0000 -0.0000 -55.9662
6.3072 66 133 66 133 100.0000 -0.0000 -56.1621
6.3084 62 137 62 137 100.0000 -0.0000 -56.3077
6.3097 64 135 64 135 100.0000 -0.0000 -56.4732
6.3109 60 139 60 139 100.0000 -0.0000 -56.5864
6.3122 62 137 62 137 100.0000 -0.0000 -56.7355
6.3134 59 140 59 140 100.0000 -0.0000 -56.8528
6.3146 60 139 60 139 100.0000 -0.0000 -56.9729
6.3159 50 149 50 149 100.0000 -0.0000 -56.9725
6.3172 60 139 60 139 100.0000 -0.0000 -57.1377
6.3185 47 152 47 152 100.0000 -0.0000 -57.1408
6.3197 54 145 54 145 100.0000 -0.0000 -57.2211
6.3210 60 139 60 139 100.0000 -0.0000 -57.3798
6.3222 48 151 48 151 100.0000 -0.0000 -57.4539
6.3235 55 144 55 144 100.0000 -0.0000 -57.6255
6.3248 54 145 54 145 100.0000 -0.0000 -57.7750
6.3260 49 150 49 150 100.0000 -0.0000 -57.8660
6.3273 51 148 51 148 100.0000 -0.0000 -58.0548
6.3285 50 149 50 149 100.0000 -0.0000 -58.2303
6.3298 51 148 51 148 100.0000 -0.0000 -58.4192
6.3310 50 149 50 149 100.0000 -0.0000 -58.5979
6.3323 51 148 51 148 100.0000 -0.0000 -58.8761
6.3336 49 150 49 150 100.0000 -0.0000 -59.1204
6.3349 53 146 53 146 100.0000 -0.0000 -59.4144
6.3361 45 154 45 154 100.0000 -0.0000 -59.6075
6.3374 50 149 50 149 100.0000 -0.0000 -59.9190
6.3387 54 145 54 145 100.0000 -0.0000 -60.2850
6.3400 49 150 49 150 100.0000 -0.0000 -60.5785
6.3413 48 151 48 151 100.0000 -0.0000 -60.8690
6.3426 53 146 53 146 100.0000 -0.0000 -61.2259
6.3439 46 153 46 153 100.0000 -0.0000 -61.5000
6.3451 47 152 47 152 100.0000 -0.0000 -61.7789
6.3464 50 149 50 149 100.0000 -0.0000 -62.0880
6.3477 46 153 46 153 100.0000 -0.0000 -62.3361
6.3490 49 150 49 150 100.0000 -0.0000 -62.6145
6.3502 43 156 43 156 100.0000 -0.0000 -62.8178
6.3515 46 153 46 153 100.0000 -0.0000 -63.0495
6.3528 54 145 54 145 100.0000 -0.0000 -63.3272
6.3540 42 157 42 157 100.0000 -0.0000 -63.4501
6.3553 53 146 53 146 100.0000 -0.0000 -63.7069
6.3566 52 147 52 147 100.0000 -0.0000 -63.9498
6.3579 49 150 49 150 100.0000 -0.0000 -64.1033
6.3591 45 154 45 154 100.0000 -0.0000 -64.1862
6.3604 50 149 50 149 100.0000 -0.0000 -64.3354
6.3617 47 152 47 152 100.0000 -0.0000 -64.4482
6.3629 47 152 47 152 100.0000 -0.0000 -64.4880
6.3642 49 150 49 150 100.0000 -0.0000 -64.5522
6.3654 44 155 44 155 100.0000 -0.0000 -64.5501
6.3667 45 154 45 154 100.0000 -0.0000 -64.5281
6.3679 51 148 51 148 100.0000 -0.0000 -64.5856
6.3692 47 152 47 152 100.0000 -0.0000 -64.5936
6.3704 56 143 56 143 100.0000 -0.0000 -64.7145
6.3716 44 155 44 155 100.0000 -0.0000 -64.6906
6.3729 48 151 48 151 100.0000 -0.0000 -64.7236
6.3742 56 143 56 143 100.0000 -0.0000 -64.8492
6.3754 48 151 48 151 100.0000 -0.0000 -64.8841
6.3767 48 151 48 151 100.0000 -0.0000 -64.9561
6.3780 48 151 48 151 100.0000 -0.0000 -65.0251
6.3793 49 150 49 150 100.0000 -0.0000 -65.1116
6.3806 49 150 49 150 100.0000 -0.0000 -65.1935
6.3819 44 155 44 155 100.0000 -0.0000 -65.2722
6.3831 41 158 41 158 100.0000 -0.0000 -65.3124
6.3844 57 142 57 142 100.0000 -0.0000 -65.5603
6.3857 46 153 46 153 100.0000 -0.0000 -65.6663
6.3869 47 152 47 152 100.0000 -0.0000 -65.8401
6.3882 48 151 48 151 100.0000 -0.0000 -66.0247
6.3895 58 141 58 141 100.0000 -0.0000 -66.3437
6.3907 51 148 51 148 100.0000 -0.0000 -66.5602
6.3920 58 141 58 141 100.0000 -0.0000 -66.9141
6.3933 59 140 59 140 100.0000 -0.0000 -67.2816
6.3945 58 141 58 141 100.0000 -0.0000 -67.6236
6.3958 55 144 55 144 100.0000 -0.0000 -67.9252
6.3971 51 148 51 148 100.0000 -0.0000 -68.2025
6.3983 47 152 47 152 100.0000 -0.0000 -68.4322
6.3996 59 140 59 140 100.0000 -0.0000 -68.8096
6.4009 48 151 48 151 100.0000 -0.0000 -69.0515
6.4021 53 146 53 146 100.0000 -0.0000 -69.3580
6.4034 52 147 52 147 100.0000 -0.0000 -69.6534
6.4047 58 141 58 141 100.0000 -0.0000 -70.0126
6.4060 52 147 52 147 100.0000 -0.0000 -70.3012
6.4072 54 145 54 145 100.0000 -0.0000 -70.5993
6.4085 52 147 52 147 100.0000 -0.0000 -70.8766
6.4098 56 143 56 143 100.0000 -0.0000 -71.1975
6.4111 56 143 56 143 100.0000 -0.0000 -71.5095
6.4123 52 147 52 147 100.0000 -0.0000 -71.7451
6.4136 51 148 51 148 100.0000 -0.0000 -71.9618
6.4149 56 143 56 143 100.0000 -0.0000 -72.2516
6.4161 48 151 48 151 100.0000 -0.0000 -72.4439
6.4174 52 147 52 147 100.0000 -0.0000 -72.6672
6.4187 49 150 49 150 100.0000 -0.0000 -72.8498
6.4199 49 150 49 150 100.0000 -0.0000 -73.0257
6.4212 51 148 51 148 100.0000 -0.0000 -73.2439
6.4225 57 142 57 142 100.0000 -0.0000 -73.5203
6.4237 50 149 50 149 100.0000 -0.0000 -73.7067
6.4250 47 152 47 152 100.0000 -0.0000 -73.8628
6.4263 48 151 48 151 100.0000 -0.0000 -74.0291
6.4275 46 153 46 153 100.0000 -0.0000 -74.1747
6.4288 43 156 43 156 100.0000 -0.0000 -74.2781
6.4300 52 147 52 147 100.0000 -0.0000 -74.4928
6.4313 47 152 47 152 100.0000 -0.0000 -74.6693
6.4326 46 153 46 153 100.0000 -0.0000 -74.8372
6.4339 51 148 51 148 100.0000 -0.0000 -75.0606
6.4352 45 154 45 154 100.0000 -0.0000 -75.2102
6.4364 46 153 46 153 100.0000 -0.0000 -75.3878
6.4377 47 152 47 152 100.0000 -0.0000 -75.5866
6.4389 48 151 48 151 100.0000 -0.0000 -75.7900
6.4402 49 150 49 150 100.0000 -0.0000 -75.9999
6.4415 40 159 40 159 100.0000 -0.0000 -76.1417
6.4427 37 162 37 162 100.0000 -0.0000 -76.2506
6.4440 51 148 51 148 100.0000 -0.0000 -76.5214
6.4452 39 160 39 160 100.0000 -0.0000 -76.6386
6.4465 45 154 45 154 100.0000 -0.0000 -76.8962
6.4477 45 154 45 154 100.0000 -0.0000 -77.1416
6.4490 33 166 33 166 100.0000 -0.0000 -77.2371
6.4503 39 160 39 160 100.0000 -0.0000 -77.4137
6.4515 47 152 47 152 100.0000 -0.0000 -77.7571
6.4528 38 161 38 161 100.0000 -0.0000 -77.9776
6.4541 30 169 30 169 100.0000 -0.0000 -78.1052
6.4553 40 159 40 159 100.0000 -0.0000 -78.3514
6.4566 35 164 35 164 100.0000 -0.0000 -78.6125
6.4579 29 170 29 170 100.0000 -0.0000 -78.7877
6.4591 31 168 31 168 100.0000 -0.0000 -78.9931
6.4604 36 163 36 163 100.0000 -0.0000 -79.2536
6.4617 38 161 38 161 100.0000 -0.0000 -79.6146
6.4629 29 170 29 170 100.0000 -0.0000 -79.8591
6.4642 29 170 29 170 100.0000 -0.0000 -80.1063
6.4655 37 162 37 162 100.0000 -0.0000 -80.4479
6.4667 37 162 37 162 100.0000 -0.0000 -80.8484
6.4680 39 160 39 160 100.0000 -0.0000 -81.2675
6.4693 37 162 37 162 100.0000 -0.0000 -81.6776
6.4706 37 162 37 162 100.0000 -0.0000 -82.0620
6.4718 36 163 36 163 100.0000 -0.0000 -82.4825
6.4731 37 162 37 162 100.0000 -0.0000 -82.9144
6.4744 38 161 38 161 100.0000 -0.0000 -83.3730
6.4757 30 169 30 169 100.0000 -0.0000 -83.7186
6.4770 29 170 29 170 100.0000 -0.0000 -84.0904
6.4782 41 158 41 158 100.0000 -0.0000 -84.6001
6.4795 40 159 40 159 100.0000 -0.0000 -85.0943
6.4807 27 172 27 172 100.0000 -0.0000 -85.4657
6.4820 33 166 33 166 100.0000 -0.0000 -85.8972
6.4832 36 163 36 163 100.0000 -0.0000 -86.3642
6.4845 38 161 38 161 100.0000 -0.0000 -86.8553
6.4857 34 165 34 165 100.0000 -0.0000 -87.3274
6.4869 37 162 37 162 100.0000 -0.0000 -87.8307
6.4882 28 171 28 171 100.0000 -0.0000 -88.2116
6.4894 38 161 38 161 100.0000 -0.0000 -88.7250
6.4907 27 172 27 172 100.0000 -0.0000 -89.1320
6.4920 43 156 43 156 100.0000 -0.0000 -89.7303
6.4933 25 174 25 174 100.0000 -0.0000 -90.1003
6.4945 30 169 30 169 100.0000 -0.0000 -90.5289
6.4958 31 168 31 168 100.0000 -0.0000 -90.9955
6.4971 41 158 41 158 100.0000 -0.0000 -91.5890
6.4983 32 167 32 167 100.0000 -0.0000 -92.0652
6.4996 33 166 33 166 100.0000 -0.0000 -92.5475
6.5009 38 161 38 161 100.0000 -0.0000 -93.1094
6.5021 33 166 33 166 100.0000 -0.0000 -93.6101
6.5034 32 167 32 167 100.0000 -0.0000 -94.0828
6.5047 34 165 34 165 100.0000 -0.0000 -94.5828
6.5059 20 179 20 179 100.0000 -0.0000 -94.9072
6.5072 30 169 30 169 100.0000 -0.0000 -95.3522
6.5085 35 164 35 164 100.0000 -0.0000 -95.8598
6.5097 39 160 39 160 100.0000 -0.0000 -96.4112
6.5110 38 161 38 161 100.0000 -0.0000 -96.9288
6.5123 34 165 34 165 100.0000 -0.0000 -97.3896
6.5136 34 165 34 165 100.0000 -0.0000 -97.8464
6.5148 29 170 29 170 100.0000 -0.0000 -98.2396
6.5161 31 168 31 168 100.0000 -0.0000 -98.6230
6.5174 26 173 26 173 100.0000 -0.0000 -98.9492
6.5187 32 167 32 167 100.0000 -0.0000 -99.3422
6.5199 25 174 25 174 100.0000 -0.0000 -99.6406
6.5212 29 170 29 170 100.0000 -0.0000 -99.9532
6.5224 28 171 28 171 100.0000 -0.0000 -100.2527
6.5237 24 175 24 175 100.0000 -0.0000 -100.4954
6.5250 22 177 22 177 100.0000 -0.0000 -100.7209
6.5262 29 170 29 170 100.0000 -0.0000 -100.9976
6.5275 28 171 28 171 100.0000 -0.0000 -101.2529
6.5287 25 174 25 174 100.0000 -0.0000 -101.4677
6.5300 27 172 27 172 100.0000 -0.0000 -101.7145
6.5312 16 183 16 183 100.0000 -0.0000 -101.7966
6.5325 26 173 26 173 100.0000 -0.0000 -102.0004
6.5338 24 175 24 175 100.0000 -0.0000 -102.1870
6.5350 33 166 33 166 100.0000 -0.0000 -102.4817
6.5364 22 177 22 177 100.0000 -0.0000 -102.6329
6.5376 28 171 28 171 100.0000 -0.0000 -102.8448
6.5389 30 169 30 169 100.0000 -0.0000 -103.0922
6.5402 24 175 24 175 100.0000 -0.0000 -103.2417
6.5415 25 174 25 174 100.0000 -0.0000 -103.3977
6.5427 22 177 22 177 100.0000 -0.0000 -103.5183
6.5440 24 175 24 175 100.0000 -0.0000 -103.6623
6.5453 30 169 30 169 100.0000 -0.0000 -103.8873
6.5466 22 177 22 177 100.0000 -0.0000 -103.9899
6.5479 25 174 25 174 100.0000 -0.0000 -104.1330
6.5491 22 177 22 177 100.0000 -0.0000 -104.2446
6.5504 16 183 16 183 100.0000 -0.0000 -104.2751
6.5517 23 176 23 176 100.0000 -0.0000 -104.3936
6.5530 21 178 21 178 100.0000 -0.0000 -104.4797
6.5543 24 175 24 175 100.0000 -0.0000 -104.6087
6.5556 21 178 21 178 100.0000 -0.0000 -104.7036
6.5568 19 180 19 180 100.0000 -0.0000 -104.7580
6.5581 21 178 21 178 100.0000 -0.0000 -104.8493
6.5594 29 170 29 170 100.0000 -0.0000 -105.0296
6.5606 24 175 24 175 100.0000 -0.0000 -105.1585
6.5619 15 184 15 184 100.0000 -0.0000 -105.1560
6.5632 19 180 19 180 100.0000 -0.0000 -105.2136
6.5645 17 182 17 182 100.0000 -0.0000 -105.2546
6.5657 11 188 11 188 100.0000 -0.0000 -105.1981
6.5670 15 184 15 184 100.0000 -0.0000 -105.2061
6.5684 20 179 20 179 100.0000 -0.0000 -105.2847
6.5696 11 188 11 188 100.0000 -0.0000 -105.2295
6.5709 13 186 13 186 100.0000 -0.0000 -105.2168
6.5721 16 183 16 183 100.0000 -0.0000 -105.2475
6.5734 18 181 18 181 100.0000 -0.0000 -105.3035
6.5747 8 191 8 191 100.0000 -0.0000 -105.2286
6.5759 1 198 1 198 100.0000 -0.0000 -105.1092
6.5772 14 185 14 185 100.0000 -0.0000 -105.1465
6.5785 26 173 26 173 100.0000 -0.0000 -105.3441
6.5797 17 182 17 182 100.0000 -0.0000 -105.4132
6.5810 10 189 10 189 100.0000 -0.0000 -105.4723
6.5822 8 191 8 191 100.0000 -0.0000 -105.5026
6.5835 12 187 12 187 100.0000 -0.0000 -105.5804
6.5848 10 189 10 189 100.0000 -0.0000 -105.6359
6.5860 23 176 23 176 100.0000 -0.0000 -105.9124
6.5873 16 183 16 183 100.0000 -0.0000 -106.1055
6.5886 19 180 19 180 100.0000 -0.0000 -106.3349
6.5899 10 189 10 189 100.0000 -0.0000 -106.4942
6.5911 11 188 11 188 100.0000 -0.0000 -106.6821
6.5924 9 190 9 190 100.0000 -0.0000 -106.8435
6.5937 10 189 10 189 100.0000 -0.0000 -107.0121
6.5950 19 180 19 180 100.0000 -0.0000 -107.3420
6.5963 16 183 16 183 100.0000 -0.0000 -107.6286
6.5976 10 189 10 189 100.0000 -0.0000 -107.8418
6.5988 12 187 12 187 100.0000 -0.0000 -108.0711
6.6001 11 188 11 188 100.0000 -0.0000 -108.3276
6.6014 11 188 11 188 100.0000 -0.0000 -108.5777
6.6026 4 195 4 195 100.0000 -0.0000 -108.7356
6.6039 2 197 2 197 100.0000 -0.0000 -108.8742
6.6052 1 198 1 198 100.0000 -0.0000 -109.0627
6.6064 6 193 6 193 100.0000 -0.0000 -109.3166
6.6077 1 198 1 198 100.0000 -0.0000 -109.4961
6.6090 -1 201 -1 201 100.0000 -0.0000 -109.6338
6.6102 -5 205 -5 205 100.0000 -0.0000 -109.7901
6.6115 -2 202 -2 202 100.0000 -0.0000 -109.9869
6.6128 -6 206 -6 206 100.0000 -0.0000 -110.1255
6.6140 2 197 2 197 100.0000 -0.0000 -110.3808
6.6153 1 198 1 198 100.0000 -0.0000 -110.6946
6.6165 5 194 5 194 100.0000 -0.0000 -111.0465
6.6178 0 199 0 199 100.0000 -0.0000 -111.3417
6.6190 -2 202 -2 202 100.0000 -0.0000 -111.5929
6.6203 -5 205 -5 205 100.0000 -0.0000 -111.8647
6.6216 -9 209 -9 209 100.0000 -0.0000 -112.0783
6.6228 -6 206 -6 206 100.0000 -0.0000 -112.3294
6.6241 -2 202 -2 202 100.0000 -0.0000 -112.6302
6.6254 -6 206 -6 206 100.0000 -0.0000 -112.9185
6.6266 -12 212 -12 212 100.0000 -0.0000 -113.1321
6.6279 -7 207 -7 207 100.0000 -0.0000 -113.4085
6.6292 3 196 3 196 100.0000 -0.0000 -113.8156
6.6304 -9 209 -9 209 100.0000 -0.0000 -114.0861
6.6317 -15 215 -15 215 100.0000 -0.0000 -114.2819
6.6330 -9 209 -9 209 100.0000 -0.0000 -114.5581
6.6342 -15 215 -15 215 100.0000 -0.0000 -114.7505
6.6355 -6 206 -6 206 100.0000 -0.0000 -115.0949
6.6368 -9 209 -9 209 100.0000 -0.0000 -115.3959
6.6381 -12 212 -12 212 100.0000 -0.0000 -115.6501
6.6393 -10 210 -10 210 100.0000 -0.0000 -115.9301
6.6406 -9 209 -9 209 100.0000 -0.0000 -116.2434
6.6419 -9 209 -9 209 100.0000 -0.0000 -116.5550
6.6431 -9 209 -9 209 100.0000 -0.0000 -116.8641
6.6444 -10 210 -10 210 100.0000 -0.0000 -117.2003
6.6457 -6 206 -6 206 100.0000 -0.0000 -117.5689
6.6470 -11 211 -11 211 100.0000 -0.0000 -117.8664
6.6483 -9 209 -9 209 100.0000 -0.0000 -118.1863
6.6496 -8 208 -8 208 100.0000 -0.0000 -118.5366
6.6509 -13 213 -13 213 100.0000 -0.0000 -118.8170
6.6522 -4 204 -4 204 100.0000 -0.0000 -119.2158
6.6534 -15 215 -15 215 100.0000 -0.0000 -119.4675
6.6547 -9 209 -9 209 100.0000 -0.0000 -119.7994
6.6560 -9 209 -9 209 100.0000 -0.0000 -120.1213
6.6573 -9 209 -9 209 100.0000 -0.0000 -120.4414
6.6586 -13 213 -13 213 100.0000 -0.0000 -120.7111
6.6599 -11 211 -11 211 100.0000 -0.0000 -120.9931
6.6611 -11 211 -11 211 100.0000 -0.0000 -121.2772
6.6624 -17 217 -17 217 100.0000 -0.0000 -121.4768
6.6637 -14 214 -14 214 100.0000 -0.0000 -121.7163
6.6650 -16 216 -16 216 100.0000 -0.0000 -121.8980
6.6663 -11 211 -11 211 100.0000 -0.0000 -122.1525
6.6676 -15 215 -15 215 100.0000 -0.0000 -122.3518
6.6688 -11 211 -11 211 100.0000 -0.0000 -122.6003
6.6701 -17 217 -17 217 100.0000 -0.0000 -122.7462
6.6714 -3 203 -3 203 100.0000 -0.0000 -123.0629
6.6727 -5 205 -5 205 100.0000 -0.0000 -123.3604
6.6740 -13 213 -13 213 100.0000 -0.0000 -123.5462
6.6752 -7 207 -7 207 100.0000 -0.0000 -123.7914
6.6765 -6 206 -6 206 100.0000 -0.0000 -124.0491
6.6778 -8 208 -8 208 100.0000 -0.0000 -124.2689
6.6791 -13 213 -13 213 100.0000 -0.0000 -124.4246
6.6803 -12 212 -12 212 100.0000 -0.0000 -124.5878
6.6816 -12 212 -12 212 100.0000 -0.0000 -124.7451
6.6828 -11 211 -11 211 100.0000 -0.0000 -124.9136
6.6841 -16 216 -16 216 100.0000 -0.0000 -125.0214
6.6854 -6 206 -6 206 100.0000 -0.0000 -125.2485
6.6866 -21 221 -21 221 100.0000 -0.0000 -125.2872
6.6879 -15 215 -15 215 100.0000 -0.0000 -125.4093
6.6892 -13 213 -13 213 100.0000 -0.0000 -125.5723
6.6904 -15 215 -15 215 100.0000 -0.0000 -125.6970
6.6917 -22 222 -22 222 100.0000 -0.0000 -125.7440
6.6930 -18 218 -18 218 100.0000 -0.0000 -125.8391
6.6943 -17 217 -17 217 100.0000 -0.0000 -125.9685
6.6955 -14 214 -14 214 100.0000 -0.0000 -126.1338
6.6968 -10 210 -10 210 100.0000 -0.0000 -126.3550
6.6981 -21 221 -21 221 100.0000 -0.0000 -126.4247
6.6994 -22 222 -22 222 100.0000 -0.0000 -126.5201
6.7007 -12 212 -12 212 100.0000 -0.0000 -126.7443
6.7020 -20 220 -20 220 100.0000 -0.0000 -126.8707
6.7032 -10 210 -10 210 100.0000 -0.0000 -127.1148
6.7045 -14 214 -14 214 100.0000 -0.0000 -127.3566
6.7057 -10 210 -10 210 100.0000 -0.0000 -127.6472
6.7070 -13 213 -13 213 100.0000 -0.0000 -127.9066
6.7083 -13 213 -13 213 100.0000 -0.0000 -128.1545
6.7096 -12 212 -12 212 100.0000 -0.0000 -128.4671
6.7108 -16 216 -16 216 100.0000 -0.0000 -128.7258
6.7121 -15 215 -15 215 100.0000 -0.0000 -128.9908
6.7134 -16 216 -16 216 100.0000 -0.0000 -129.2455
6.7147 -14 214 -14 214 100.0000 -0.0000 -129.5625
6.7160 -15 215 -15 215 100.0000 -0.0000 -129.8631
6.7172 -13 213 -13 213 100.0000 -0.0000 -130.1912
6.7185 -9 209 -9 209 100.0000 -0.0000 -130.5682
6.7198 -11 211 -11 211 100.0000 -0.0000 -130.9295
6.7210 -9 209 -9 209 100.0000 -0.0000 -131.3066
6.7223 -4 204 -4 204 100.0000 -0.0000 -131.7441
6.7236 -13 213 -13 213 100.0000 -0.0000 -132.0656
6.7248 -16 216 -16 216 100.0000 -0.0000 -132.3523
6.7261 -8 208 -8 208 100.0000 -0.0000 -132.7328
6.7274 -9 209 -9 209 100.0000 -0.0000 -133.0963
6.7287 -17 217 -17 217 100.0000 -0.0000 -133.3399
6.7300 -18 218 -18 218 100.0000 -0.0000 -133.5654
6.7312 -13 213 -13 213 100.0000 -0.0000 -133.8493
6.7325 -7 207 -7 207 100.0000 -0.0000 -134.2154
6.7337 0 200 0 200 100.0000 -0.0000 -134.6381
6.7350 -11 211 -11 211 100.0000 -0.0000 -134.9200
6.7363 -17 217 -17 217 100.0000 -0.0000 -135.1263
6.7376 -8 208 -8 208 100.0000 -0.0000 -135.4586
6.7389 -6 206 -6 206 100.0000 -0.0000 -135.7814
6.7401 -8 208 -8 208 100.0000 -0.0000 -136.0712
6.7414 -10 210 -10 210 100.0000 -0.0000 -136.3283
6.7426 -20 220 -20 220 100.0000 -0.0000 -136.4538
6.7439 -2 202 -2 202 100.0000 -0.0000 -136.7738
6.7451 -3 203 -3 203 100.0000 -0.0000 -137.0827
6.7464 -9 209 -9 209 100.0000 -0.0000 -137.3130
6.7476 -9 209 -9 209 100.0000 -0.0000 -137.5446
6.7489 -10 210 -10 210 100.0000 -0.0000 -137.7450
6.7502 -19 219 -19 219 100.0000 -0.0000 -137.8354
6.7515 -15 215 -15 215 100.0000 -0.0000 -137.9646
6.7527 -14 214 -14 214 100.0000 -0.0000 -138.1026
6.7540 -19 219 -19 219 100.0000 -0.0000 -138.1551
6.7553 -23 223 -23 223 100.0000 -0.0000 -138.1646
6.7566 -22 222 -22 222 100.0000 -0.0000 -138.1960
6.7579 -13 213 -13 213 100.0000 -0.0000 -138.3348
6.7592 -22 222 -22 222 100.0000 -0.0000 -138.3477
6.7604 -21 221 -21 221 100.0000 -0.0000 -138.3777
6.7617 -17 217 -17 217 100.0000 -0.0000 -138.4522
6.7630 -18 218 -18 218 100.0000 -0.0000 -138.5164
6.7642 -16 216 -16 216 100.0000 -0.0000 -138.6077
6.7655 -21 221 -21 221 100.0000 -0.0000 -138.6486
6.7668 -27 227 -27 227 100.0000 -0.0000 -138.6046
6.7680 -32 232 -32 232 100.0000 -0.0000 -138.5021
6.7693 -23 223 -23 223 100.0000 -0.0000 -138.5324
6.7706 -23 223 -23 223 100.0000 -0.0000 -138.5653
6.7719 -25 225 -25 225 100.0000 -0.0000 -138.5756
6.7731 -21 221 -21 221 100.0000 -0.0000 -138.6331
6.7744 -33 233 -33 233 100.0000 -0.0000 -138.5567
6.7757 -26 226 -26 226 100.0000 -0.0000 -138.5631
6.7770 -31 231 -31 231 100.0000 -0.0000 -138.5032
6.7783 -25 225 -25 225 100.0000 -0.0000 -138.5460
6.7795 -17 217 -17 217 100.0000 -0.0000 -138.6923
6.7808 -32 232 -32 232 100.0000 -0.0000 -138.6461
6.7821 -26 226 -26 226 100.0000 -0.0000 -138.6730
6.7833 -22 222 -22 222 100.0000 -0.0000 -138.7676
6.7846 -31 231 -31 231 100.0000 -0.0000 -138.7533
6.7859 -28 228 -28 228 100.0000 -0.0000 -138.7850
6.7872 -16 216 -16 216 100.0000 -0.0000 -138.9670
6.7885 -27 227 -27 227 100.0000 -0.0000 -139.0433
6.7897 -29 229 -29 229 100.0000 -0.0000 -139.1027
6.7910 -27 227 -27 227 100.0000 -0.0000 -139.1814
6.7923 -20 220 -20 220 100.0000 -0.0000 -139.3503
6.7936 -21 221 -21 221 100.0000 -0.0000 -139.5548
6.7948 -25 225 -25 225 100.0000 -0.0000 -139.7053
6.7961 -30 230 -30 230 100.0000 -0.0000 -139.7955
6.7974 -23 223 -23 223 100.0000 -0.0000 -139.9685
6.7987 -19 219 -19 219 100.0000 -0.0000 -140.2390
6.8000 -23 223 -23 223 100.0000 -0.0000 -140.4416
6.8012 -21 221 -21 221 100.0000 -0.0000 -140.6743
6.8025 -25 225 -25 225 100.0000 -0.0000 -140.8584
6.8038 -25 225 -25 225 100.0000 -0.0000 -141.0635
6.8051 -26 226 -26 226 100.0000 -0.0000 -141.2539
6.8063 -25 225 -25 225 100.0000 -0.0000 -141.4569
6.8076 -23 223 -23 223 100.0000 -0.0000 -141.6787
6.8089 -27 227 -27 227 100.0000 -0.0000 -141.8619
6.8101 -16 216 -16 216 100.0000 -0.0000 -142.1709
6.8114 -23 223 -23 223 100.0000 -0.0000 -142.3991
6.8127 -24 224 -24 224 100.0000 -0.0000 -142.6040
6.8139 -26 226 -26 226 100.0000 -0.0000 -142.7914
6.8152 -22 222 -22 222 100.0000 -0.0000 -143.0190
6.8165 -19 219 -19 219 100.0000 -0.0000 -143.2845
6.8178 -30 230 -30 230 100.0000 -0.0000 -143.4214
6.8191 -24 224 -24 224 100.0000 -0.0000 -143.6349
6.8204 -29 229 -29 229 100.0000 -0.0000 -143.7737
6.8217 -33 233 -33 233 100.0000 -0.0000 -143.8590
6.8229 -29 229 -29 229 100.0000 -0.0000 -144.0015
6.8242 -24 224 -24 224 100.0000 -0.0000 -144.1921
6.8255 -25 225 -25 225 100.0000 -0.0000 -144.3780
6.8268 -29 229 -29 229 100.0000 -0.0000 -144.5078
6.8281 -20 220 -20 220 100.0000 -0.0000 -144.7502
6.8294 -27 227 -27 227 100.0000 -0.0000 -144.9057
6.8306 -25 225 -25 225 100.0000 -0.0000 -145.0855
6.8319 -25 225 -25 225 100.0000 -0.0000 -145.2583
6.8332 -25 225 -25 225 100.0000 -0.0000 -145.4548
6.8344 -22 222 -22 222 100.0000 -0.0000 -145.6875
6.8357 -34 234 -34 234 100.0000 -0.0000 -145.7710
6.8370 -23 223 -23 223 100.0000 -0.0000 -145.9825
6.8383 -17 217 -17 217 100.0000 -0.0000 -146.3317
6.8395 -25 225 -25 225 100.0000 -0.0000 -146.5814
6.8409 -17 217 -17 217 100.0000 -0.0000 -146.9443
6.8422 -23 223 -23 223 100.0000 -0.0000 -147.2284
6.8435 -29 229 -29 229 100.0000 -0.0000 -147.5134
6.8448 -24 224 -24 224 100.0000 -0.0000 -147.8646
6.8460 -25 225 -25 225 100.0000 -0.0000 -148.1887
6.8473 -22 222 -22 222 100.0000 -0.0000 -148.5545
6.8486 -22 222 -22 222 100.0000 -0.0000 -149.0343
6.8499 -19 219 -19 219 100.0000 -0.0000 -149.5371
6.8511 -29 229 -29 229 100.0000 -0.0000 -149.9103
6.8524 -27 227 -27 227 100.0000 -0.0000 -150.3060
6.8537 -24 224 -24 224 100.0000 -0.0000 -150.8469
6.8550 -34 234 -34 234 100.0000 -0.0000 -151.2595
6.8563 -34 234 -34 234 100.0000 -0.0000 -151.6710
6.8575 -24 224 -24 224 100.0000 -0.0000 -152.2034
6.8588 -31 231 -31 231 100.0000 -0.0000 -152.7064
6.8601 -32 232 -32 232 100.0000 -0.0000 -153.1981
6.8614 -30 230 -30 230 100.0000 -0.0000 -153.7024
6.8626 -33 233 -33 233 100.0000 -0.0000 -154.1733
6.8639 -36 236 -36 236 100.0000 -0.0000 -154.6289
6.8652 -29 229 -29 229 100.0000 -0.0000 -155.1648
6.8664 -35 235 -35 235 100.0000 -0.0000 -155.6187
6.8677 -33 233 -33 233 100.0000 -0.0000 -156.0898
6.8690 -30 230 -30 230 100.0000 -0.0000 -156.5925
6.8703 -47 247 -47 247 100.0000 -0.0000 -156.8817
6.8716 -40 240 -40 240 100.0000 -0.0000 -157.2473
6.8728 -39 239 -39 239 100.0000 -0.0000 -157.5818
6.8741 -44 244 -44 244 100.0000 -0.0000 -157.8604
6.8754 -44 244 -44 244 100.0000 -0.0000 -158.1286
6.8767 -41 241 -41 241 100.0000 -0.0000 -158.4357
6.8779 -44 244 -44 244 100.0000 -0.0000 -158.6597
6.8792 -46 246 -46 246 100.0000 -0.0000 -158.8469
6.8805 -39 239 -39 239 100.0000 -0.0000 -159.1243
6.8817 -47 247 -47 247 100.0000 -0.0000 -159.3061
6.8830 -42 242 -42 242 100.0000 -0.0000 -159.5085
6.8843 -46 246 -46 246 100.0000 -0.0000 -159.6581
6.8856 -42 242 -42 242 100.0000 -0.0000 -159.8603
6.8868 -43 243 -43 243 100.0000 -0.0000 -160.0377
6.8881 -48 248 -48 248 100.0000 -0.0000 -160.1405
6.8894 -46 246 -46 246 100.0000 -0.0000 -160.2558
6.8907 -48 248 -48 248 100.0000 -0.0000 -160.3523
6.8920 -44 244 -44 244 100.0000 -0.0000 -160.4973
6.8932 -39 239 -39 239 100.0000 -0.0000 -160.7197
6.8945 -40 240 -40 240 100.0000 -0.0000 -160.9292
6.8958 -47 247 -47 247 100.0000 -0.0000 -161.0548
6.8971 -45 245 -45 245 100.0000 -0.0000 -161.2025
6.8984 -44 244 -44 244 100.0000 -0.0000 -161.4283
6.8997 -41 241 -41 241 100.0000 -0.0000 -161.6871
6.9009 -52 252 -52 252 100.0000 -0.0000 -161.8068
6.9022 -50 250 -50 250 100.0000 -0.0000 -162.0285
6.9035 -53 253 -53 253 100.0000 -0.0000 -162.2093
6.9047 -49 249 -49 249 100.0000 -0.0000 -162.4505
6.9060 -54 254 -54 254 100.0000 -0.0000 -162.6214
6.9073 -44 244 -44 244 100.0000 -0.0000 -162.9837
6.9086 -56 256 -56 256 100.0000 -0.0000 -163.2194
6.9098 -54 254 -54 254 100.0000 -0.0000 -163.4754
6.9111 -57 257 -57 257 100.0000 -0.0000 -163.6851
6.9123 -58 258 -58 258 100.0000 -0.0000 -163.9420
6.9136 -52 252 -52 252 100.0000 -0.0000 -164.2675
6.9148 -60 260 -60 260 100.0000 -0.0000 -164.4921
6.9161 -60 260 -60 260 100.0000 -0.0000 -164.7229
6.9173 -59 259 -59 259 100.0000 -0.0000 -164.9774
6.9186 -65 265 -65 265 100.0000 -0.0000 -165.1520
6.9199 -50 250 -50 250 100.0000 -0.0000 -165.5113
6.9211 -60 260 -60 260 100.0000 -0.0000 -165.7425
6.9224 -57 257 -57 257 100.0000 -0.0000 -165.9991
6.9236 -55 255 -55 255 100.0000 -0.0000 -166.2753
6.9249 -55 255 -55 255 100.0000 -0.0000 -166.5452
6.9262 -69 269 -69 269 100.0000 -0.0000 -166.6467
6.9274 -59 259 -59 259 100.0000 -0.0000 -166.8473
6.9287 -58 258 -58 258 100.0000 -0.0000 -167.0505
6.9299 -63 263 -63 263 100.0000 -0.0000 -167.1959
6.9312 -61 261 -61 261 100.0000 -0.0000 -167.3604
6.9324 -60 260 -60 260 100.0000 -0.0000 -167.5141
6.9337 -67 267 -67 267 100.0000 -0.0000 -167.5770
6.9350 -71 271 -71 271 100.0000 -0.0000 -167.5937
6.9363 -59 259 -59 259 100.0000 -0.0000 -167.7618
6.9376 -61 261 -61 261 100.0000 -0.0000 -167.8722
6.9389 -63 263 -63 263 100.0000 -0.0000 -167.9655
6.9401 -61 261 -61 261 100.0000 -0.0000 -168.0779
6.9414 -59 259 -59 259 100.0000 -0.0000 -168.2112
6.9427 -63 263 -63 263 100.0000 -0.0000 -168.2586
6.9440 -63 263 -63 263 100.0000 -0.0000 -168.3149
6.9452 -61 261 -61 261 100.0000 -0.0000 -168.3953
6.9465 -62 262 -62 262 100.0000 -0.0000 -168.4673
6.9478 -61 261 -61 261 100.0000 -0.0000 -168.5023
6.9490 -62 262 -62 262 100.0000 -0.0000 -168.5155
6.9503 -61 261 -61 261 100.0000 -0.0000 -168.5418
6.9516 -69 269 -69 269 100.0000 -0.0000 -168.4687
6.9529 -65 265 -65 265 100.0000 -0.0000 -168.4026
6.9542 -71 271 -71 271 100.0000 -0.0000 -168.2680
6.9555 -71 271 -71 271 100.0000 -0.0000 -168.1335
6.9567 -58 258 -58 258 100.0000 -0.0000 -168.1002
6.9580 -65 265 -65 265 100.0000 -0.0000 -168.0012
6.9593 -65 265 -65 265 100.0000 -0.0000 -167.8966
6.9606 -65 265 -65 265 100.0000 -0.0000 -167.7953
6.9618 -63 263 -63 263 100.0000 -0.0000 -167.6778
6.9631 -55 255 -55 255 100.0000 -0.0000 -167.6836
6.9644 -67 267 -67 267 100.0000 -0.0000 -167.5383
6.9656 -65 265 -65 265 100.0000 -0.0000 -167.4118
6.9669 -64 264 -64 264 100.0000 -0.0000 -167.3003
6.9682 -65 265 -65 265 100.0000 -0.0000 -167.1775
6.9694 -63 263 -63 263 100.0000 -0.0000 -167.0708
6.9707 -65 265 -65 265 100.0000 -0.0000 -166.9475
6.9720 -62 262 -62 262 100.0000 -0.0000 -166.8685
6.9733 -62 262 -62 262 100.0000 -0.0000 -166.7923
6.9745 -64 264 -64 264 100.0000 -0.0000 -166.6966
6.9758 -66 266 -66 266 100.0000 -0.0000 -166.5695
6.9771 -65 265 -65 265 100.0000 -0.0000 -166.4819
6.9783 -60 260 -60 260 100.0000 -0.0000 -166.4681
6.9796 -70 270 -70 270 100.0000 -0.0000 -166.3245
6.9809 -66 266 -66 266 100.0000 -0.0000 -166.2297
6.9822 -66 266 -66 266 100.0000 -0.0000 -166.1819
6.9834 -59 259 -59 259 100.0000 -0.0000 -166.2158
6.9847 -58 258 -58 258 100.0000 -0.0000 -166.2641
6.9860 -68 268 -68 268 100.0000 -0.0000 -166.1911
6.9873 -71 271 -71 271 100.0000 -0.0000 -166.1278
6.9885 -73 273 -73 273 100.0000 -0.0000 -166.0338
6.9898 -67 267 -67 267 100.0000 -0.0000 -166.0208
6.9911 -67 267 -67 267 100.0000 -0.0000 -166.0073
6.9924 -61 261 -61 261 100.0000 -0.0000 -166.1100
6.9937 -58 258 -58 258 100.0000 -0.0000 -166.2489
6.9950 -61 261 -61 261 100.0000 -0.0000 -166.3448
6.9962 -63 263 -63 263 100.0000 -0.0000 -166.4159
6.9975 -63 263 -63 263 100.0000 -0.0000 -166.5040
6.9988 -60 260 -60 260 100.0000 -0.0000 -166.6307
7.0000 -59 259 -59 259 100.0000 -0.0000 -166.7678
7.0013 -56 256 -56 256 100.0000 -0.0000 -166.9435
7.0025 -60 260 -60 260 100.0000 -0.0000 -167.0685
7.0038 -58 258 -58 258 100.0000 -0.0000 -167.2145
7.0050 -63 263 -63 263 100.0000 -0.0000 -167.3021
7.0063 -62 262 -62 262 100.0000 -0.0000 -167.3961
7.0075 -60 260 -60 260 100.0000 -0.0000 -167.5035
7.0088 -64 264 -64 264 100.0000 -0.0000 -167.5660
7.0100 -63 263 -63 263 100.0000 -0.0000 -167.6369
7.0113 -60 260 -60 260 100.0000 -0.0000 -167.7290
7.0126 -74 274 -74 274 100.0000 -0.0000 -167.6398
7.0139 -72 272 -72 272 100.0000 -0.0000 -167.5725
7.0151 -69 269 -69 269 100.0000 -0.0000 -167.5427
7.0164 -61 261 -61 261 100.0000 -0.0000 -167.6064
7.0177 -61 261 -61 261 100.0000 -0.0000 -167.6582
7.0189 -61 261 -61 261 100.0000 -0.0000 -167.7118
7.0202 -57 257 -57 257 100.0000 -0.0000 -167.8172
7.0215 -66 266 -66 266 100.0000 -0.0000 -167.8029
7.0228 -64 264 -64 264 100.0000 -0.0000 -167.8171
7.0240 -67 267 -67 267 100.0000 -0.0000 -167.7892
7.0253 -57 257 -57 257 100.0000 -0.0000 -167.8885
7.0266 -71 271 -71 271 100.0000 -0.0000 -167.8229
7.0279 -60 260 -60 260 100.0000 -0.0000 -167.8881
7.0291 -61 261 -61 261 100.0000 -0.0000 -167.9461
7.0304 -63 263 -63 263 100.0000 -0.0000 -167.9734
7.0317 -62 262 -62 262 100.0000 -0.0000 -168.0447
7.0330 -69 269 -69 269 100.0000 -0.0000 -168.0251
7.0342 -66 266 -66 266 100.0000 -0.0000 -168.0425
7.0355 -58 258 -58 258 100.0000 -0.0000 -168.1594
7.0368 -60 260 -60 260 100.0000 -0.0000 -168.2858
7.0380 -71 271 -71 271 100.0000 -0.0000 -168.2703
7.0393 -53 253 -53 253 100.0000 -0.0000 -168.4880
7.0405 -62 262 -62 262 100.0000 -0.0000 -168.5903
7.0418 -65 265 -65 265 100.0000 -0.0000 -168.6881
7.0431 -68 268 -68 268 100.0000 -0.0000 -168.7444
7.0444 -66 266 -66 266 100.0000 -0.0000 -168.8290
7.0456 -57 257 -57 257 100.0000 -0.0000 -169.0204
7.0469 -62 262 -62 262 100.0000 -0.0000 -169.1762
7.0483 -67 267 -67 267 100.0000 -0.0000 -169.2756
7.0496 -61 261 -61 261 100.0000 -0.0000 -169.4413
7.0509 -60 260 -60 260 100.0000 -0.0000 -169.6196
7.0522 -67 267 -67 267 100.0000 -0.0000 -169.7262
7.0534 -73 273 -73 273 100.0000 -0.0000 -169.7540
7.0547 -68 268 -68 268 100.0000 -0.0000 -169.8461
7.0560 -65 265 -65 265 100.0000 -0.0000 -169.9689
7.0573 -74 274 -74 274 100.0000 -0.0000 -169.9836
7.0585 -70 270 -70 270 100.0000 -0.0000 -170.0496
7.0598 -68 268 -68 268 100.0000 -0.0000 -170.1394
7.0611 -65 265 -65 265 100.0000 -0.0000 -170.2832
7.0623 -69 269 -69 269 100.0000 -0.0000 -170.3704
7.0636 -66 266 -66 266 100.0000 -0.0000 -170.5039
7.0650 -58 258 -58 258 100.0000 -0.0000 -170.7419
7.0662 -63 263 -63 263 100.0000 -0.0000 -170.9185
7.0675 -67 267 -67 267 100.0000 -0.0000 -171.0438
7.0688 -68 268 -68 268 100.0000 -0.0000 -171.1467
7.0700 -67 267 -67 267 100.0000 -0.0000 -171.2680
7.0713 -61 261 -61 261 100.0000 -0.0000 -171.4635
7.0725 -64 264 -64 264 100.0000 -0.0000 -171.6247
7.0738 -67 267 -67 267 100.0000 -0.0000 -171.7533
7.0751 -52 252 -52 252 100.0000 -0.0000 -172.0721
7.0764 -71 271 -71 271 100.0000 -0.0000 -172.1493
7.0777 -63 263 -63 263 100.0000 -0.0000 -172.3294
7.0790 -60 260 -60 260 100.0000 -0.0000 -172.5427
7.0802 -66 266 -66 266 100.0000 -0.0000 -172.6753
7.0815 -65 265 -65 265 100.0000 -0.0000 -172.8172
7.0828 -59 259 -59 259 100.0000 -0.0000 -173.0329
7.0840 -64 264 -64 264 100.0000 -0.0000 -173.1878
7.0853 -62 262 -62 262 100.0000 -0.0000 -173.3653
7.0866 -67 267 -67 267 100.0000 -0.0000 -173.4700
7.0878 -65 265 -65 265 100.0000 -0.0000 -173.5986
7.0892 -63 263 -63 263 100.0000 -0.0000 -173.7627
7.0904 -66 266 -66 266 100.0000 -0.0000 -173.8849
7.0917 -61 261 -61 261 100.0000 -0.0000 -174.0737
7.0929 -62 262 -62 262 100.0000 -0.0000 -174.2520
7.0942 -69 269 -69 269 100.0000 -0.0000 -174.3336
7.0955 -75 275 -75 275 100.0000 -0.0000 -174.3471
7.0967 -71 271 -71 271 100.0000 -0.0000 -174.4369
7.0980 -60 260 -60 260 100.0000 -0.0000 -174.6615
7.0992 -63 263 -63 263 100.0000 -0.0000 -174.8520
7.1005 -65 265 -65 265 100.0000 -0.0000 -175.0171
7.1018 -71 271 -71 271 100.0000 -0.0000 -175.1579
7.1030 -69 269 -69 269 100.0000 -0.0000 -175.3274
7.1043 -64 264 -64 264 100.0000 -0.0000 -175.5536
7.1056 -69 269 -69 269 100.0000 -0.0000 -175.7460
7.1069 -67 267 -67 267 100.0000 -0.0000 -176.0059
7.1082 -73 273 -73 273 100.0000 -0.0000 -176.1839
7.1094 -68 268 -68 268 100.0000 -0.0000 -176.4260
7.1107 -65 265 -65 265 100.0000 -0.0000 -176.7690
7.1120 -71 271 -71 271 100.0000 -0.0000 -177.0448
7.1132 -64 264 -64 264 100.0000 -0.0000 -177.4082
7.1145 -70 270 -70 270 100.0000 -0.0000 -177.6810
7.1158 -74 274 -74 274 100.0000 -0.0000 -177.9593
7.1171 -81 281 -81 281 100.0000 -0.0000 -178.1445
7.1184 -78 278 -78 278 100.0000 -0.0000 -178.3643
7.1196 -79 279 -79 279 100.0000 -0.0000 -178.5683
7.1209 -74 274 -74 274 100.0000 -0.0000 -178.8495
7.1222 -76 276 -76 276 100.0000 -0.0000 -179.1026
7.1234 -81 281 -81 281 100.0000 -0.0000 -179.2928
7.1247 -76 276 -76 276 100.0000 -0.0000 -179.5463
7.1260 -83 283 -83 283 100.0000 -0.0000 -179.6862
7.1273 -93 293 -93 293 100.0000 -0.0000 -179.6928
7.1286 -81 281 -81 281 100.0000 -0.0000 -179.8532
7.1298 -74 274 -74 274 100.0000 -0.0000 -180.0992
7.1311 -75 275 -75 275 100.0000 -0.0000 -180.2665
7.1324 -77 277 -77 277 100.0000 -0.0000 -180.4170
7.1337 -80 280 -80 280 100.0000 -0.0000 -180.5289
7.1350 -82 282 -82 282 100.0000 -0.0000 -180.6086
7.1362 -82 282 -82 282 100.0000 -0.0000 -180.6141
7.1375 -89 289 -89 289 100.0000 -0.0000 -180.5221
7.1388 -85 285 -85 285 100.0000 -0.0000 -180.4859
7.1400 -83 283 -83 283 100.0000 -0.0000 -180.4783
7.1413 -85 285 -85 285 100.0000 -0.0000 -180.3726
7.1425 -84 284 -84 284 100.0000 -0.0000 -180.2778
7.1438 -76 276 -76 276 100.0000 -0.0000 -180.2882
7.1451 -77 277 -77 277 100.0000 -0.0000 -180.2776
7.1464 -78 278 -78 278 100.0000 -0.0000 -180.2066
7.1477 -72 272 -72 272 100.0000 -0.0000 -180.2058
7.1490 -77 277 -77 277 100.0000 -0.0000 -180.1457
7.1503 -72 272 -72 272 100.0000 -0.0000 -180.1367
7.1515 -81 281 -81 281 100.0000 -0.0000 -179.9853
7.1528 -78 278 -78 278 100.0000 -0.0000 -179.8760
7.1541 -71 271 -71 271 100.0000 -0.0000 -179.8562
7.1554 -76 276 -76 276 100.0000 -0.0000 -179.7492
7.1567 -81 281 -81 281 100.0000 -0.0000 -179.5785
7.1580 -70 270 -70 270 100.0000 -0.0000 -179.5490
7.1593 -73 273 -73 273 100.0000 -0.0000 -179.4868
7.1606 -78 278 -78 278 100.0000 -0.0000 -179.3478
7.1618 -80 280 -80 280 100.0000 -0.0000 -179.1896
7.1631 -76 276 -76 276 100.0000 -0.0000 -179.0837
7.1644 -66 266 -66 266 100.0000 -0.0000 -179.1060
7.1657 -75 275 -75 275 100.0000 -0.0000 -179.0013
7.1670 -74 274 -74 274 100.0000 -0.0000 -178.9175
7.1683 -74 274 -74 274 100.0000 -0.0000 -178.8267
7.1696 -72 272 -72 272 100.0000 -0.0000 -178.7674
7.1708 -74 274 -74 274 100.0000 -0.0000 -178.6756
7.1721 -78 278 -78 278 100.0000 -0.0000 -178.5316
7.1734 -73 273 -73 273 100.0000 -0.0000 -178.4461
7.1747 -79 279 -79 279 100.0000 -0.0000 -178.2889
7.1759 -78 278 -78 278 100.0000 -0.0000 -178.1397
7.1772 -89 289 -89 289 100.0000 -0.0000 -177.8513
7.1785 -80 280 -80 280 100.0000 -0.0000 -177.6745
7.1798 -71 271 -71 271 100.0000 -0.0000 -177.6146
7.1810 -72 272 -72 272 100.0000 -0.0000 -177.5168
7.1823 -79 279 -79 279 100.0000 -0.0000 -177.3368
7.1836 -77 277 -77 277 100.0000 -0.0000 -177.1809
7.1849 -76 276 -76 276 100.0000 -0.0000 -177.0096
7.1861 -76 276 -76 276 100.0000 -0.0000 -176.8499
7.1874 -77 277 -77 277 100.0000 -0.0000 -176.6809
7.1887 -67 267 -67 267 100.0000 -0.0000 -176.6321
7.1899 -75 275 -75 275 100.0000 -0.0000 -176.4583
7.1912 -76 276 -76 276 100.0000 -0.0000 -176.2802
7.1924 -70 270 -70 270 100.0000 -0.0000 -176.1722
7.1937 -78 278 -78 278 100.0000 -0.0000 -175.9736
7.1950 -81 281 -81 281 100.0000 -0.0000 -175.7315
7.1962 -82 282 -82 282 100.0000 -0.0000 -175.4738
7.1975 -75 275 -75 275 100.0000 -0.0000 -175.3075
7.1988 -81 281 -81 281 100.0000 -0.0000 -175.0656
7.2001 -80 280 -80 280 100.0000 -0.0000 -174.8575
7.2013 -77 277 -77 277 100.0000 -0.0000 -174.6793
7.2026 -66 266 -66 266 100.0000 -0.0000 -174.6456
7.2039 -81 281 -81 281 100.0000 -0.0000 -174.4300
7.2051 -76 276 -76 276 100.0000 -0.0000 -174.3175
7.2064 -80 280 -80 280 100.0000 -0.0000 -174.1518
7.2076 -83 283 -83 283 100.0000 -0.0000 -173.9550
7.2089 -74 274 -74 274 100.0000 -0.0000 -173.8739
7.2102 -75 275 -75 275 100.0000 -0.0000 -173.8321
7.2114 -78 278 -78 278 100.0000 -0.0000 -173.7601
7.2127 -78 278 -78 278 100.0000 -0.0000 -173.6834
7.2140 -76 276 -76 276 100.0000 -0.0000 -173.6326
7.2152 -79 279 -79 279 100.0000 -0.0000 -173.6146
7.2165 -72 272 -72 272 100.0000 -0.0000 -173.6806
7.2177 -75 275 -75 275 100.0000 -0.0000 -173.7137
7.2190 -75 275 -75 275 100.0000 -0.0000 -173.7431
7.2203 -75 275 -75 275 100.0000 -0.0000 -173.8424
7.2215 -72 272 -72 272 100.0000 -0.0000 -173.9841
7.2228 -82 282 -82 282 100.0000 -0.0000 -173.9998
7.2240 -75 275 -75 275 100.0000 -0.0000 -174.0970
7.2253 -73 273 -73 273 100.0000 -0.0000 -174.2591
7.2265 -76 276 -76 276 100.0000 -0.0000 -174.3880
7.2278 -71 271 -71 271 100.0000 -0.0000 -174.5753
7.2290 -79 279 -79 279 100.0000 -0.0000 -174.6641
7.2303 -80 280 -80 280 100.0000 -0.0000 -174.7495
7.2315 -75 275 -75 275 100.0000 -0.0000 -174.8918
7.2328 -78 278 -78 278 100.0000 -0.0000 -174.9936
7.2341 -77 277 -77 277 100.0000 -0.0000 -175.1080
7.2354 -79 279 -79 279 100.0000 -0.0000 -175.1749
7.2368 -74 274 -74 274 100.0000 -0.0000 -175.3055
7.2380 -91 291 -91 291 100.0000 -0.0000 -175.2147
7.2393 -84 284 -84 284 100.0000 -0.0000 -175.2225
7.2406 -79 279 -79 279 100.0000 -0.0000 -175.2424
7.2418 -72 272 -72 272 100.0000 -0.0000 -175.3467
7.2431 -87 287 -87 287 100.0000 -0.0000 -175.2623
7.2443 -87 287 -87 287 100.0000 -0.0000 -175.1370
7.2456 -88 288 -88 288 100.0000 -0.0000 -174.9937
7.2468 -85 285 -85 285 100.0000 -0.0000 -174.8943
7.2480 -83 283 -83 283 100.0000 -0.0000 -174.8161
7.2493 -84 284 -84 284 100.0000 -0.0000 -174.6796
7.2506 -84 284 -84 284 100.0000 -0.0000 -174.5360
7.2519 -89 289 -89 289 100.0000 -0.0000 -174.3293
7.2531 -93 293 -93 293 100.0000 -0.0000 -174.0676
7.2544 -91 291 -91 291 100.0000 -0.0000 -173.7733
7.2557 -87 287 -87 287 100.0000 -0.0000 -173.5365
7.2570 -87 287 -87 287 100.0000 -0.0000 -173.3058
7.2583 -93 293 -93 293 100.0000 -0.0000 -172.9984
7.2595 -80 280 -80 280 100.0000 -0.0000 -172.8097
7.2608 -96 296 -96 296 100.0000 -0.0000 -172.4133
7.2620 -87 287 -87 287 100.0000 -0.0000 -172.1317
7.2633 -87 287 -87 287 100.0000 -0.0000 -171.8565
7.2646 -90 290 -90 290 100.0000 -0.0000 -171.5100
7.2658 -93 293 -93 293 100.0000 -0.0000 -171.1253
7.2671 -87 287 -87 287 100.0000 -0.0000 -170.8142
7.2684 -90 290 -90 290 100.0000 -0.0000 -170.4625
7.2696 -89 289 -89 289 100.0000 -0.0000 -170.1074
7.2709 -92 292 -92 292 100.0000 -0.0000 -169.7181
7.2722 -90 290 -90 290 100.0000 -0.0000 -169.3556
7.2735 -90 290 -90 290 100.0000 -0.0000 -168.9950
7.2748 -93 293 -93 293 100.0000 -0.0000 -168.6114
7.2760 -92 292 -92 292 100.0000 -0.0000 -168.2417
7.2773 -84 284 -84 284 100.0000 -0.0000 -167.9701
7.2786 -88 288 -88 288 100.0000 -0.0000 -167.6502
7.2799 -92 292 -92 292 100.0000 -0.0000 -167.3102
7.2811 -91 291 -91 291 100.0000 -0.0000 -166.9788
7.2824 -88 288 -88 288 100.0000 -0.0000 -166.6929
7.2837 -92 292 -92 292 100.0000 -0.0000 -166.3561
7.2850 -89 289 -89 289 100.0000 -0.0000 -166.1054
7.2862 -79 279 -79 279 100.0000 -0.0000 -165.9789
7.2875 -89 289 -89 289 100.0000 -0.0000 -165.7316
7.2887 -95 295 -95 295 100.0000 -0.0000 -165.4163
7.2900 -92 292 -92 292 100.0000 -0.0000 -165.1870
7.2912 -88 288 -88 288 100.0000 -0.0000 -165.0141
7.2925 -88 288 -88 288 100.0000 -0.0000 -164.8395
7.2938 -86 286 -86 286 100.0000 -0.0000 -164.6938
7.2950 -86 286 -86 286 100.0000 -0.0000 -164.5898
7.2963 -96 296 -96 296 100.0000 -0.0000 -164.3674
7.2975 -88 288 -88 288 100.0000 -0.0000 -164.2427
7.2988 -84 284 -84 284 100.0000 -0.0000 -164.1572
7.3001 -78 278 -78 278 100.0000 -0.0000 -164.1781
7.3013 -82 282 -82 282 100.0000 -0.0000 -164.1520
7.3026 -85 285 -85 285 100.0000 -0.0000 -164.0904
7.3039 -85 285 -85 285 100.0000 -0.0000 -164.0350
7.3052 -83 283 -83 283 100.0000 -0.0000 -164.0110
7.3065 -82 282 -82 282 100.0000 -0.0000 -163.9989
7.3078 -80 280 -80 280 100.0000 -0.0000 -164.0106
7.3090 -83 283 -83 283 100.0000 -0.0000 -163.9957
7.3103 -80 280 -80 280 100.0000 -0.0000 -164.0151
7.3116 -83 283 -83 283 100.0000 -0.0000 -163.9915
7.3129 -80 280 -80 280 100.0000 -0.0000 -164.0203
7.3141 -82 282 -82 282 100.0000 -0.0000 -164.0142
7.3154 -77 277 -77 277 100.0000 -0.0000 -164.0561
7.3167 -78 278 -78 278 100.0000 -0.0000 -164.0930
7.3180 -88 288 -88 288 100.0000 -0.0000 -163.9934
7.3193 -83 283 -83 283 100.0000 -0.0000 -163.9533
7.3206 -75 275 -75 275 100.0000 -0.0000 -164.0207
7.3219 -81 281 -81 281 100.0000 -0.0000 -163.9995
7.3231 -73 273 -73 273 100.0000 -0.0000 -164.0816
7.3244 -80 280 -80 280 100.0000 -0.0000 -164.0712
7.3257 -79 279 -79 279 100.0000 -0.0000 -164.0708
7.3270 -76 276 -76 276 100.0000 -0.0000 -164.1068
7.3282 -75 275 -75 275 100.0000 -0.0000 -164.1587
7.3295 -80 280 -80 280 100.0000 -0.0000 -164.1287
7.3308 -75 275 -75 275 100.0000 -0.0000 -164.1594
7.3321 -75 275 -75 275 100.0000 -0.0000 -164.1888
7.3333 -82 282 -82 282 100.0000 -0.0000 -164.1362
7.3346 -79 279 -79 279 100.0000 -0.0000 -164.1211
7.3359 -84 284 -84 284 100.0000 -0.0000 -164.0349
7.3371 -76 276 -76 276 100.0000 -0.0000 -164.0575
7.3384 -74 274 -74 274 100.0000 -0.0000 -164.1047
7.3397 -71 271 -71 271 100.0000 -0.0000 -164.1837
7.3409 -75 275 -75 275 100.0000 -0.0000 -164.2161
7.3422 -70 270 -70 270 100.0000 -0.0000 -164.3081
7.3435 -68 268 -68 268 100.0000 -0.0000 -164.4209
7.3447 -67 267 -67 267 100.0000 -0.0000 -164.5448
7.3460 -70 270 -70 270 100.0000 -0.0000 -164.6310
7.3472 -76 276 -76 276 100.0000 -0.0000 -164.6412
7.3485 -72 272 -72 272 100.0000 -0.0000 -164.7004
7.3498 -68 268 -68 268 100.0000 -0.0000 -164.8089
7.3511 -76 276 -76 276 100.0000 -0.0000 -164.8185
7.3523 -67 267 -67 267 100.0000 -0.0000 -164.9360
7.3536 -72 272 -72 272 100.0000 -0.0000 -164.9782
7.3549 -65 265 -65 265 100.0000 -0.0000 -165.1112
7.3562 -66 266 -66 266 100.0000 -0.0000 -165.2254
7.3575 -68 268 -68 268 100.0000 -0.0000 -165.3180
7.3588 -70 270 -70 270 100.0000 -0.0000 -165.3552
7.3600 -62 262 -62 262 100.0000 -0.0000 -165.4952
7.3613 -69 269 -69 269 100.0000 -0.0000 -165.5399
7.3626 -74 274 -74 274 100.0000 -0.0000 -165.5208
7.3638 -60 260 -60 260 100.0000 -0.0000 -165.6369
7.3651 -70 270 -70 270 100.0000 -0.0000 -165.6255
7.3664 -61 261 -61 261 100.0000 -0.0000 -165.7263
7.3677 -63 263 -63 263 100.0000 -0.0000 -165.8101
7.3689 -67 267 -67 267 100.0000 -0.0000 -165.7851
7.3702 -68 268 -68 268 100.0000 -0.0000 -165.7485
7.3715 -66 266 -66 266 100.0000 -0.0000 -165.7407
7.3727 -65 265 -65 265 100.0000 -0.0000 -165.7413
7.3740 -68 268 -68 268 100.0000 -0.0000 -165.6535
7.3753 -68 268 -68 268 100.0000 -0.0000 -165.5607
7.3766 -72 272 -72 272 100.0000 -0.0000 -165.4193
7.3778 -65 265 -65 265 100.0000 -0.0000 -165.3646
7.3791 -70 270 -70 270 100.0000 -0.0000 -165.1861
7.3804 -71 271 -71 271 100.0000 -0.0000 -165.0015
7.3816 -74 274 -74 274 100.0000 -0.0000 -164.7832
7.3829 -68 268 -68 268 100.0000 -0.0000 -164.6399
7.3841 -68 268 -68 268 100.0000 -0.0000 -164.4423
7.3854 -65 265 -65 265 100.0000 -0.0000 -164.2788
7.3867 -66 266 -66 266 100.0000 -0.0000 -164.1027
7.3879 -68 268 -68 268 100.0000 -0.0000 -163.9042
7.3892 -63 263 -63 263 100.0000 -0.0000 -163.7337
7.3904 -63 263 -63 263 100.0000 -0.0000 -163.5618
7.3917 -69 269 -69 269 100.0000 -0.0000 -163.3140
7.3930 -70 270 -70 270 100.0000 -0.0000 -163.0529
7.3942 -56 256 -56 256 100.0000 -0.0000 -162.9522
7.3955 -63 263 -63 263 100.0000 -0.0000 -162.7687
7.3968 -62 262 -62 262 100.0000 -0.0000 -162.6004
7.3981 -67 267 -67 267 100.0000 -0.0000 -162.3660
7.3993 -69 269 -69 269 100.0000 -0.0000 -162.1217
7.4006 -63 263 -63 263 100.0000 -0.0000 -161.9564
7.4018 -78 278 -78 278 100.0000 -0.0000 -161.6043
7.4031 -68 268 -68 268 100.0000 -0.0000 -161.3944
7.4044 -71 271 -71 271 100.0000 -0.0000 -161.1642
7.4056 -70 270 -70 270 100.0000 -0.0000 -160.9454
7.4069 -63 263 -63 263 100.0000 -0.0000 -160.8141
7.4081 -61 261 -61 261 100.0000 -0.0000 -160.7414
7.4094 -65 265 -65 265 100.0000 -0.0000 -160.6180
7.4107 -68 268 -68 268 100.0000 -0.0000 -160.4635
7.4120 -59 259 -59 259 100.0000 -0.0000 -160.4231
7.4133 -69 269 -69 269 100.0000 -0.0000 -160.2783
7.4145 -66 266 -66 266 100.0000 -0.0000 -160.1694
7.4158 -66 266 -66 266 100.0000 -0.0000 -160.0649
7.4171 -65 265 -65 265 100.0000 -0.0000 -159.9720
7.4184 -61 261 -61 261 100.0000 -0.0000 -159.9126
7.4196 -71 271 -71 271 100.0000 -0.0000 -159.7206
7.4209 -70 270 -70 270 100.0000 -0.0000 -159.5488
7.4222 -69 269 -69 269 100.0000 -0.0000 -159.3886
7.4234 -71 271 -71 271 100.0000 -0.0000 -159.1524
7.4247 -72 272 -72 272 100.0000 -0.0000 -158.9064
7.4260 -60 260 -60 260 100.0000 -0.0000 -158.8121
7.4273 -70 270 -70 270 100.0000 -0.0000 -158.5948
7.4286 -59 259 -59 259 100.0000 -0.0000 -158.4399
7.4298 -64 264 -64 264 100.0000 -0.0000 -158.2301
7.4311 -64 264 -64 264 100.0000 -0.0000 -158.0135
7.4323 -60 260 -60 260 100.0000 -0.0000 -157.8519
7.4336 -65 265 -65 265 100.0000 -0.0000 -157.5557
7.4349 -71 271 -71 271 100.0000 -0.0000 -157.1916
7.4361 -67 267 -67 267 100.0000 -0.0000 -156.8868
7.4374 -66 266 -66 266 100.0000 -0.0000 -156.5883
7.4387 -66 266 -66 266 100.0000 -0.0000 -156.2608
7.4399 -78 278 -78 278 100.0000 -0.0000 -155.7863
7.4412 -72 272 -72 272 100.0000 -0.0000 -155.3930
7.4425 -62 262 -62 262 100.0000 -0.0000 -155.1186
7.4437 -66 266 -66 266 100.0000 -0.0000 -154.8010
7.4450 -69 269 -69 269 100.0000 -0.0000 -154.4566
7.4462 -65 265 -65 265 100.0000 -0.0000 -154.1561
7.4475 -67 267 -67 267 100.0000 -0.0000 -153.8370
7.4488 -63 263 -63 263 100.0000 -0.0000 -153.6081
7.4500 -66 266 -66 266 100.0000 -0.0000 -153.3414
7.4513 -68 268 -68 268 100.0000 -0.0000 -153.0552
7.4525 -66 266 -66 266 100.0000 -0.0000 -152.8043
7.4538 -65 265 -65 265 100.0000 -0.0000 -152.5961
7.4551 -72 272 -72 272 100.0000 -0.0000 -152.3052
7.4564 -66 266 -66 266 100.0000 -0.0000 -152.0887
7.4577 -64 264 -64 264 100.0000 -0.0000 -151.8990
7.4589 -68 268 -68 268 100.0000 -0.0000 -151.6944
7.4602 -70 270 -70 270 100.0000 -0.0000 -151.4675
7.4615 -73 273 -73 273 100.0000 -0.0000 -151.2034
7.4628 -71 271 -71 271 100.0000 -0.0000 -150.9729
7.4641 -71 271 -71 271 100.0000 -0.0000 -150.7445
7.4653 -77 277 -77 277 100.0000 -0.0000 -150.4341
7.4666 -71 271 -71 271 100.0000 -0.0000 -150.2097
7.4679 -70 270 -70 270 100.0000 -0.0000 -149.9776
7.4692 -71 271 -71 271 100.0000 -0.0000 -149.7270
7.4704 -74 274 -74 274 100.0000 -0.0000 -149.4434
7.4717 -75 275 -75 275 100.0000 -0.0000 -149.1566
7.4729 -73 273 -73 273 100.0000 -0.0000 -148.8559
7.4742 -76 276 -76 276 100.0000 -0.0000 -148.5240
7.4754 -67 267 -67 267 100.0000 -0.0000 -148.2977
7.4767 -71 271 -71 271 100.0000 -0.0000 -148.0245
7.4780 -69 269 -69 269 100.0000 -0.0000 -147.7353
7.4793 -83 283 -83 283 100.0000 -0.0000 -147.2704
7.4805 -78 278 -78 278 100.0000 -0.0000 -146.8838
7.4818 -81 281 -81 281 100.0000 -0.0000 -146.4594
7.4831 -69 269 -69 269 100.0000 -0.0000 -146.1644
7.4843 -69 269 -69 269 100.0000 -0.0000 -145.8709
7.4856 -77 277 -77 277 100.0000 -0.0000 -145.4702
7.4869 -77 277 -77 277 100.0000 -0.0000 -145.0731
7.4881 -80 280 -80 280 100.0000 -0.0000 -144.6346
7.4894 -78 278 -78 278 100.0000 -0.0000 -144.2280
7.4907 -79 279 -79 279 100.0000 -0.0000 -143.8008
7.4919 -82 282 -82 282 100.0000 -0.0000 -143.3522
7.4932 -71 271 -71 271 100.0000 -0.0000 -143.0534
7.4945 -77 277 -77 277 100.0000 -0.0000 -142.6682
7.4957 -70 270 -70 270 100.0000 -0.0000 -142.3781
7.4970 -71 271 -71 271 100.0000 -0.0000 -142.0875
7.4983 -74 274 -74 274 100.0000 -0.0000 -141.7825
7.4995 -78 278 -78 278 100.0000 -0.0000 -141.4287
7.5008 -71 271 -71 271 100.0000 -0.0000 -141.1676
7.5020 -72 272 -72 272 100.0000 -0.0000 -140.9006
7.5033 -73 273 -73 273 100.0000 -0.0000 -140.6331
7.5045 -68 268 -68 268 100.0000 -0.0000 -140.4300
7.5058 -70 270 -70 270 100.0000 -0.0000 -140.2009
7.5071 -59 259 -59 259 100.0000 -0.0000 -140.1061
7.5084 -73 273 -73 273 100.0000 -0.0000 -139.8289
7.5096 -71 271 -71 271 100.0000 -0.0000 -139.5916
7.5109 -69 269 -69 269 100.0000 -0.0000 -139.3813
7.5121 -65 265 -65 265 100.0000 -0.0000 -139.2136
7.5134 -70 270 -70 270 100.0000 -0.0000 -138.9899
7.5146 -66 266 -66 266 100.0000 -0.0000 -138.8110
7.5159 -70 270 -70 270 100.0000 -0.0000 -138.5889
7.5171 -67 267 -67 267 100.0000 -0.0000 -138.3723
7.5184 -69 269 -69 269 100.0000 -0.0000 -138.1347
7.5196 -64 264 -64 264 100.0000 -0.0000 -137.9544
7.5209 -63 263 -63 263 100.0000 -0.0000 -137.7851
7.5222 -60 260 -60 260 100.0000 -0.0000 -137.6235
7.5234 -62 262 -62 262 100.0000 -0.0000 -137.4423
7.5247 -61 261 -61 261 100.0000 -0.0000 -137.2639
7.5259 -74 274 -74 274 100.0000 -0.0000 -136.9290
7.5272 -74 274 -74 274 100.0000 -0.0000 -136.5279
7.5285 -60 260 -60 260 100.0000 -0.0000 -136.3074
7.5297 -67 267 -67 267 100.0000 -0.0000 -136.0155
7.5310 -65 265 -65 265 100.0000 -0.0000 -135.7447
7.5323 -69 269 -69 269 100.0000 -0.0000 -135.3594
7.5335 -66 266 -66 266 100.0000 -0.0000 -135.0134
7.5349 -67 267 -67 267 100.0000 -0.0000 -134.6412
7.5361 -64 264 -64 264 100.0000 -0.0000 -134.3219
7.5374 -68 268 -68 268 100.0000 -0.0000 -133.8744
7.5387 -67 267 -67 267 100.0000 -0.0000 -133.4458
7.5400 -70 270 -70 270 100.0000 -0.0000 -132.9857
7.5413 -62 262 -62 262 100.0000 -0.0000 -132.6326
7.5425 -68 268 -68 268 100.0000 -0.0000 -132.1409
7.5438 -66 266 -66 266 100.0000 -0.0000 -131.6773
7.5451 -70 270 -70 270 100.0000 -0.0000 -131.1653
7.5463 -62 262 -62 262 100.0000 -0.0000 -130.7608
7.5476 -68 268 -68 268 100.0000 -0.0000 -130.2332
7.5489 -54 254 -54 254 100.0000 -0.0000 -129.8836
7.5501 -69 269 -69 269 100.0000 -0.0000 -129.3649
7.5514 -55 255 -55 255 100.0000 -0.0000 -129.0084
7.5526 -52 252 -52 252 100.0000 -0.0000 -128.7019
7.5539 -64 264 -64 264 100.0000 -0.0000 -128.2366
7.5552 -63 263 -63 263 100.0000 -0.0000 -127.7876
7.5564 -54 254 -54 254 100.0000 -0.0000 -127.4628
7.5577 -56 256 -56 256 100.0000 -0.0000 -127.1605
7.5590 -59 259 -59 259 100.0000 -0.0000 -126.8225
7.5603 -59 259 -59 259 100.0000 -0.0000 -126.4863
7.5615 -56 256 -56 256 100.0000 -0.0000 -126.1823
7.5628 -54 254 -54 254 100.0000 -0.0000 -126.0050
7.5641 -55 255 -55 255 100.0000 -0.0000 -125.8112
7.5654 -56 256 -56 256 100.0000 -0.0000 -125.6066
7.5667 -55 255 -55 255 100.0000 -0.0000 -125.5083
7.5680 -56 256 -56 256 100.0000 -0.0000 -125.4144
7.5692 -54 254 -54 254 100.0000 -0.0000 -125.3595
7.5705 -54 254 -54 254 100.0000 -0.0000 -125.3036
7.5718 -55 255 -55 255 100.0000 -0.0000 -125.3205
7.5731 -48 248 -48 248 100.0000 -0.0000 -125.4223
7.5743 -56 256 -56 256 100.0000 -0.0000 -125.4219
7.5756 -47 247 -47 247 100.0000 -0.0000 -125.5442
7.5769 -49 249 -49 249 100.0000 -0.0000 -125.6821
7.5781 -54 254 -54 254 100.0000 -0.0000 -125.7509
7.5794 -43 243 -43 243 100.0000 -0.0000 -125.9606
7.5807 -50 250 -50 250 100.0000 -0.0000 -126.0823
7.5819 -46 246 -46 246 100.0000 -0.0000 -126.2554
7.5832 -44 244 -44 244 100.0000 -0.0000 -126.4380
7.5845 -50 250 -50 250 100.0000 -0.0000 -126.5527
7.5857 -44 244 -44 244 100.0000 -0.0000 -126.7426
7.5870 -48 248 -48 248 100.0000 -0.0000 -126.8407
7.5882 -51 251 -51 251 100.0000 -0.0000 -126.8920
7.5895 -45 245 -45 245 100.0000 -0.0000 -127.0103
7.5908 -45 245 -45 245 100.0000 -0.0000 -127.1341
7.5921 -40 240 -40 240 100.0000 -0.0000 -127.2595
7.5933 -46 246 -46 246 100.0000 -0.0000 -127.3056
7.5946 -47 247 -47 247 100.0000 -0.0000 -127.3402
7.5959 -52 252 -52 252 100.0000 -0.0000 -127.3212
7.5972 -45 245 -45 245 100.0000 -0.0000 -127.3078
7.5984 -37 237 -37 237 100.0000 -0.0000 -127.3954
7.5997 -37 237 -37 237 100.0000 -0.0000 -127.4864
7.6009 -35 235 -35 235 100.0000 -0.0000 -127.6019
7.6022 -39 239 -39 239 100.0000 -0.0000 -127.5904
7.6034 -44 244 -44 244 100.0000 -0.0000 -127.5250
7.6047 -39 239 -39 239 100.0000 -0.0000 -127.5288
7.6059 -42 242 -42 242 100.0000 -0.0000 -127.4926
7.6072 -35 235 -35 235 100.0000 -0.0000 -127.4700
7.6085 -35 235 -35 235 100.0000 -0.0000 -127.4477
7.6098 -34 234 -34 234 100.0000 -0.0000 -127.4327
7.6111 -32 232 -32 232 100.0000 -0.0000 -127.4442
7.6123 -33 233 -33 233 100.0000 -0.0000 -127.3804
7.6136 -30 230 -30 230 100.0000 -0.0000 -127.3610
7.6149 -34 234 -34 234 100.0000 -0.0000 -127.2820
7.6162 -38 238 -38 238 100.0000 -0.0000 -127.1535
7.6174 -40 240 -40 240 100.0000 -0.0000 -126.9494
7.6187 -37 237 -37 237 100.0000 -0.0000 -126.7823
7.6200 -36 236 -36 236 100.0000 -0.0000 -126.6249
7.6212 -38 238 -38 238 100.0000 -0.0000 -126.3919
7.6225 -40 240 -40 240 100.0000 -0.0000 -126.1276
7.6238 -45 245 -45 245 100.0000 -0.0000 -125.8041
7.6250 -35 235 -35 235 100.0000 -0.0000 -125.6094
7.6263 -35 235 -35 235 100.0000 -0.0000 -125.3238
7.6275 -32 232 -32 232 100.0000 -0.0000 -125.0710
7.6288 -33 233 -33 233 100.0000 -0.0000 -124.8121
7.6301 -33 233 -33 233 100.0000 -0.0000 -124.5626
7.6313 -30 230 -30 230 100.0000 -0.0000 -124.2381
7.6326 -41 241 -41 241 100.0000 -0.0000 -123.7800
7.6338 -39 239 -39 239 100.0000 -0.0000 -123.3575
7.6351 -31 231 -31 231 100.0000 -0.0000 -123.0362
7.6363 -39 239 -39 239 100.0000 -0.0000 -122.5152
7.6376 -43 243 -43 243 100.0000 -0.0000 -121.9449
7.6388 -31 231 -31 231 100.0000 -0.0000 -121.5218
7.6401 -41 241 -41 241 100.0000 -0.0000 -120.9860
7.6413 -40 240 -40 240 100.0000 -0.0000 -120.3749
7.6426 -41 241 -41 241 100.0000 -0.0000 -119.7539
7.6438 -30 230 -30 230 100.0000 -0.0000 -119.2770
7.6451 -39 239 -39 239 100.0000 -0.0000 -118.6915
7.6463 -41 241 -41 241 100.0000 -0.0000 -118.0460
7.6476 -39 239 -39 239 100.0000 -0.0000 -117.4283
7.6488 -37 237 -37 237 100.0000 -0.0000 -116.8392
7.6501 -38 238 -38 238 100.0000 -0.0000 -116.2416
7.6513 -41 241 -41 241 100.0000 -0.0000 -115.6108
7.6526 -40 240 -40 240 100.0000 -0.0000 -115.0013
7.6538 -39 239 -39 239 100.0000 -0.0000 -114.4052
7.6551 -35 235 -35 235 100.0000 -0.0000 -113.8648
7.6563 -35 235 -35 235 100.0000 -0.0000 -113.3552
7.6576 -36 236 -36 236 100.0000 -0.0000 -112.8466
7.6589 -37 237 -37 237 100.0000 -0.0000 -112.3138
7.6601 -31 231 -31 231 100.0000 -0.0000 -111.8719
7.6614 -43 243 -43 243 100.0000 -0.0000 -111.3157
7.6627 -44 244 -44 244 100.0000 -0.0000 -110.7447
7.6640 -33 233 -33 233 100.0000 -0.0000 -110.3156
7.6653 -34 234 -34 234 100.0000 -0.0000 -109.8849
7.6665 -37 237 -37 237 100.0000 -0.0000 -109.4548
7.6678 -29 229 -29 229 100.0000 -0.0000 -109.1175
7.6690 -38 238 -38 238 100.0000 -0.0000 -108.6810
7.6703 -42 242 -42 242 100.0000 -0.0000 -108.1933
7.6716 -30 230 -30 230 100.0000 -0.0000 -107.8711
7.6729 -32 232 -32 232 100.0000 -0.0000 -107.5180
7.6741 -26 226 -26 226 100.0000 -0.0000 -107.2483
7.6754 -29 229 -29 229 100.0000 -0.0000 -106.9273
7.6767 -39 239 -39 239 100.0000 -0.0000 -106.4874
7.6780 -33 233 -33 233 100.0000 -0.0000 -106.1282
7.6792 -35 235 -35 235 100.0000 -0.0000 -105.7441
7.6805 -32 232 -32 232 100.0000 -0.0000 -105.4076
7.6818 -33 233 -33 233 100.0000 -0.0000 -105.0223
7.6830 -27 227 -27 227 100.0000 -0.0000 -104.7298
7.6843 -30 230 -30 230 100.0000 -0.0000 -104.3997
7.6856 -36 236 -36 236 100.0000 -0.0000 -103.9930
7.6869 -27 227 -27 227 100.0000 -0.0000 -103.6583
7.6881 -25 225 -25 225 100.0000 -0.0000 -103.3537
7.6894 -33 233 -33 233 100.0000 -0.0000 -102.9430
7.6907 -29 229 -29 229 100.0000 -0.0000 -102.5428
7.6919 -32 232 -32 232 100.0000 -0.0000 -102.1045
7.6932 -38 238 -38 238 100.0000 -0.0000 -101.6008
7.6945 -23 223 -23 223 100.0000 -0.0000 -101.2851
7.6957 -29 229 -29 229 100.0000 -0.0000 -100.8476
7.6970 -22 222 -22 222 100.0000 -0.0000 -100.5105
7.6983 -29 229 -29 229 100.0000 -0.0000 -100.0852
7.6995 -24 224 -24 224 100.0000 -0.0000 -99.7284
7.7008 -29 229 -29 229 100.0000 -0.0000 -99.2722
7.7020 -18 218 -18 218 100.0000 -0.0000 -98.9605
7.7034 -25 225 -25 225 100.0000 -0.0000 -98.5416
7.7047 -26 226 -26 226 100.0000 -0.0000 -98.1274
7.7060 -19 219 -19 219 100.0000 -0.0000 -97.7840
7.7072 -28 228 -28 228 100.0000 -0.0000 -97.3428
7.7085 -26 226 -26 226 100.0000 -0.0000 -96.9239
7.7098 -18 218 -18 218 100.0000 -0.0000 -96.6140
7.7110 -25 225 -25 225 100.0000 -0.0000 -96.2143
7.7123 -17 217 -17 217 100.0000 -0.0000 -95.9216
7.7136 -19 219 -19 219 100.0000 -0.0000 -95.6077
7.7148 -15 215 -15 215 100.0000 -0.0000 -95.3490
7.7161 -18 218 -18 218 100.0000 -0.0000 -95.0418
7.7174 -13 213 -13 213 100.0000 -0.0000 -94.8036
7.7187 -22 222 -22 222 100.0000 -0.0000 -94.4510
7.7199 -23 223 -23 223 100.0000 -0.0000 -94.0948
7.7212 -13 213 -13 213 100.0000 -0.0000 -93.8642
7.7225 -7 207 -7 207 100.0000 -0.0000 -93.7038
7.7237 -19 219 -19 219 100.0000 -0.0000 -93.4033
7.7250 -17 217 -17 217 100.0000 -0.0000 -93.1265
7.7262 -22 222 -22 222 100.0000 -0.0000 -92.7686
7.7275 -17 217 -17 217 100.0000 -0.0000 -92.4759
7.7287 -13 213 -13 213 100.0000 -0.0000 -92.2286
7.7300 -18 218 -18 218 100.0000 -0.0000 -91.9143
7.7313 -16 216 -16 216 100.0000 -0.0000 -91.6010
7.7326 -13 213 -13 213 100.0000 -0.0000 -91.3283
7.7339 -27 227 -27 227 100.0000 -0.0000 -90.8864
7.7352 -20 220 -20 220 100.0000 -0.0000 -90.5304
7.7364 -12 212 -12 212 100.0000 -0.0000 -90.2288
7.7377 -15 215 -15 215 100.0000 -0.0000 -89.8988
7.7390 -21 221 -21 221 100.0000 -0.0000 -89.4896
7.7403 -13 213 -13 213 100.0000 -0.0000 -89.1582
7.7415 -17 217 -17 217 100.0000 -0.0000 -88.7808
7.7428 -26 226 -26 226 100.0000 -0.0000 -88.2824
7.7440 -21 221 -21 221 100.0000 -0.0000 -87.8613
7.7453 -22 222 -22 222 100.0000 -0.0000 -87.4046
7.7466 -13 213 -13 213 100.0000 -0.0000 -87.0578
7.7479 -21 221 -21 221 100.0000 -0.0000 -86.6127
7.7491 -20 220 -20 220 100.0000 -0.0000 -86.1840
7.7504 -21 221 -21 221 100.0000 -0.0000 -85.7636
7.7516 -17 217 -17 217 100.0000 -0.0000 -85.3878
7.7529 -14 214 -14 214 100.0000 -0.0000 -85.0526
7.7542 -13 213 -13 213 100.0000 -0.0000 -84.7349
7.7554 -15 215 -15 215 100.0000 -0.0000 -84.4218
7.7567 -10 210 -10 210 100.0000 -0.0000 -84.1768
7.7580 -10 210 -10 210 100.0000 -0.0000 -83.9300
7.7592 -12 212 -12 212 100.0000 -0.0000 -83.6654
7.7605 -13 213 -13 213 100.0000 -0.0000 -83.4281
7.7617 -14 214 -14 214 100.0000 -0.0000 -83.1919
7.7630 -15 215 -15 215 100.0000 -0.0000 -82.9385
7.7643 -11 211 -11 211 100.0000 -0.0000 -82.7224
7.7656 -8 208 -8 208 100.0000 -0.0000 -82.6227
7.7669 -8 208 -8 208 100.0000 -0.0000 -82.5161
7.7681 -8 208 -8 208 100.0000 -0.0000 -82.4234
7.7694 -15 215 -15 215 100.0000 -0.0000 -82.2476
7.7707 -15 215 -15 215 100.0000 -0.0000 -82.1130
7.7720 -20 220 -20 220 100.0000 -0.0000 -81.9256
7.7732 -20 220 -20 220 100.0000 -0.0000 -81.7473
7.7745 -24 224 -24 224 100.0000 -0.0000 -81.5228
7.7757 -13 213 -13 213 100.0000 -0.0000 -81.4698
7.7770 -19 219 -19 219 100.0000 -0.0000 -81.3517
7.7782 -18 218 -18 218 100.0000 -0.0000 -81.2494
7.7795 -9 209 -9 209 100.0000 -0.0000 -81.2297
7.7808 -16 216 -16 216 100.0000 -0.0000 -81.1439
7.7821 -20 220 -20 220 100.0000 -0.0000 -81.0055
7.7833 -8 208 -8 208 100.0000 -0.0000 -81.0161
7.7846 -17 217 -17 217 100.0000 -0.0000 -80.9138
7.7859 -14 214 -14 214 100.0000 -0.0000 -80.8249
7.7871 -15 215 -15 215 100.0000 -0.0000 -80.7243
7.7885 -5 205 -5 205 100.0000 -0.0000 -80.7387
7.7898 -5 205 -5 205 100.0000 -0.0000 -80.7076
7.7910 -13 213 -13 213 100.0000 -0.0000 -80.5721
7.7923 -10 210 -10 210 100.0000 -0.0000 -80.4748
7.7936 -8 208 -8 208 100.0000 -0.0000 -80.4077
7.7948 -11 211 -11 211 100.0000 -0.0000 -80.2420
7.7961 -15 215 -15 215 100.0000 -0.0000 -80.0262
7.7973 -1 201 -1 201 100.0000 -0.0000 -79.9892
7.7986 -3 203 -3 203 100.0000 -0.0000 -79.9244
7.7999 -9 209 -9 209 100.0000 -0.0000 -79.7309
7.8011 -7 207 -7 207 100.0000 -0.0000 -79.5728
7.8024 0 200 0 200 100.0000 -0.0000 -79.4898
7.8037 -4 204 -4 204 100.0000 -0.0000 -79.3592
7.8050 -3 203 -3 203 100.0000 -0.0000 -79.1935
7.8062 -1 201 -1 201 100.0000 -0.0000 -79.0572
7.8075 -4 204 -4 204 100.0000 -0.0000 -78.8837
7.8087 -5 205 -5 205 100.0000 -0.0000 -78.7008
7.8100 0 199 0 199 100.0000 -0.0000 -78.5563
7.8112 -1 201 -1 201 100.0000 -0.0000 -78.3951
7.8125 7 192 7 192 100.0000 -0.0000 -78.3440
7.8137 0 199 0 199 100.0000 -0.0000 -78.2085
7.8149 8 191 8 191 100.0000 -0.0000 -78.1184
7.8161 -3 203 -3 203 100.0000 -0.0000 -77.8848
7.8174 9 190 9 190 100.0000 -0.0000 -77.8040
7.8186 3 196 3 196 100.0000 -0.0000 -77.6509
7.8199 7 192 7 192 100.0000 -0.0000 -77.4893
7.8211 8 191 8 191 100.0000 -0.0000 -77.3378
7.8224 10 189 10 189 100.0000 -0.0000 -77.2145
7.8236 12 187 12 187 100.0000 -0.0000 -77.1208
7.8249 12 187 12 187 100.0000 -0.0000 -76.9512
7.8261 9 190 9 190 100.0000 -0.0000 -76.7504
7.8273 13 186 13 186 100.0000 -0.0000 -76.6068
7.8286 14 185 14 185 100.0000 -0.0000 -76.4706
7.8299 10 189 10 189 100.0000 -0.0000 -76.2088
7.8311 17 182 17 182 100.0000 -0.0000 -76.0422
7.8324 13 186 13 186 100.0000 -0.0000 -75.8286
7.8337 13 186 13 186 100.0000 -0.0000 -75.6092
7.8349 19 180 19 180 100.0000 -0.0000 -75.3974
7.8362 18 181 18 181 100.0000 -0.0000 -75.1700
7.8375 28 171 28 171 100.0000 -0.0000 -75.0707
7.8387 20 179 20 179 100.0000 -0.0000 -74.8694
7.8400 14 185 14 185 100.0000 -0.0000 -74.5328
7.8412 15 184 15 184 100.0000 -0.0000 -74.2045
7.8425 6 193 6 193 100.0000 -0.0000 -73.7686
7.8438 19 180 19 180 100.0000 -0.0000 -73.4976
7.8450 25 174 25 174 100.0000 -0.0000 -73.2497
7.8463 16 183 16 183 100.0000 -0.0000 -72.8809
7.8475 13 186 13 186 100.0000 -0.0000 -72.4859
7.8488 15 184 15 184 100.0000 -0.0000 -72.1085
7.8501 20 179 20 179 100.0000 -0.0000 -71.7646
7.8514 19 180 19 180 100.0000 -0.0000 -71.4086
7.8526 15 184 15 184 100.0000 -0.0000 -71.0142
7.8539 20 179 20 179 100.0000 -0.0000 -70.6793
7.8552 23 176 23 176 100.0000 -0.0000 -70.3673
7.8564 14 185 14 185 100.0000 -0.0000 -69.9481
7.8577 14 185 14 185 100.0000 -0.0000 -69.5316
7.8589 15 184 15 184 100.0000 -0.0000 -69.1248
7.8602 15 184 15 184 100.0000 -0.0000 -68.7184
7.8614 2 197 2 197 100.0000 -0.0000 -68.1569
7.8627 11 188 11 188 100.0000 -0.0000 -67.7113
7.8640 21 178 21 178 100.0000 -0.0000 -67.3933
7.8652 10 189 10 189 100.0000 -0.0000 -66.9399
7.8665 9 190 9 190 100.0000 -0.0000 -66.4708
7.8677 8 191 8 191 100.0000 -0.0000 -65.9925
7.8690 3 196 3 196 100.0000 -0.0000 -65.4674
7.8703 15 184 15 184 100.0000 -0.0000 -65.0816
7.8715 4 195 4 195 100.0000 -0.0000 -64.5643
7.8728 9 190 9 190 100.0000 -0.0000 -64.1100
7.8740 20 179 20 179 100.0000 -0.0000 -63.7890
7.8753 9 190 9 190 100.0000 -0.0000 -63.3402
7.8766 10 189 10 189 100.0000 -0.0000 -62.9072
7.8778 0 200 0 200 100.0000 -0.0000 -62.3457
7.8791 5 194 5 194 100.0000 -0.0000 -61.8274
7.8803 16 183 16 183 100.0000 -0.0000 -61.4576
7.8816 6 193 6 193 100.0000 -0.0000 -60.9640
7.8829 14 185 14 185 100.0000 -0.0000 -60.5688
7.8842 11 188 11 188 100.0000 -0.0000 -60.1177
7.8855 13 186 13 186 100.0000 -0.0000 -59.6993
7.8867 8 191 8 191 100.0000 -0.0000 -59.2267
7.8880 13 186 13 186 100.0000 -0.0000 -58.8111
7.8892 22 177 22 177 100.0000 -0.0000 -58.4841
7.8905 13 186 13 186 100.0000 -0.0000 -58.0450
7.8918 24 175 24 175 100.0000 -0.0000 -57.7466
7.8930 7 192 7 192 100.0000 -0.0000 -57.2500
7.8943 6 193 6 193 100.0000 -0.0000 -56.6996
7.8955 12 187 12 187 100.0000 -0.0000 -56.2301
7.8968 19 180 19 180 100.0000 -0.0000 -55.8520
7.8981 21 178 21 178 100.0000 -0.0000 -55.4966
7.8993 20 179 20 179 100.0000 -0.0000 -55.1080
7.9006 15 184 15 184 100.0000 -0.0000 -54.6583
7.9018 19 180 19 180 100.0000 -0.0000 -54.2634
7.9031 13 186 13 186 100.0000 -0.0000 -53.8020
7.9043 20 179 20 179 100.0000 -0.0000 -53.4145
7.9056 21 178 21 178 100.0000 -0.0000 -53.0400
7.9068 23 176 23 176 100.0000 -0.0000 -52.6954
7.9081 14 185 14 185 100.0000 -0.0000 -52.2380
7.9093 20 179 20 179 100.0000 -0.0000 -51.8691
7.9106 30 169 30 169 100.0000 -0.0000 -51.6212
7.9119 25 174 25 174 100.0000 -0.0000 -51.3126
7.9131 12 187 12 187 100.0000 -0.0000 -50.8434
7.9144 22 177 22 177 100.0000 -0.0000 -50.5407
7.9157 22 177 22 177 100.0000 -0.0000 -50.2463
7.9170 33 166 33 166 100.0000 -0.0000 -50.0954
7.9183 31 168 31 168 100.0000 -0.0000 -49.9166
7.9195 21 178 21 178 100.0000 -0.0000 -49.6741
7.9208 18 181 18 181 100.0000 -0.0000 -49.4099
7.9221 23 176 23 176 100.0000 -0.0000 -49.2045
7.9233 31 168 31 168 100.0000 -0.0000 -49.0979
7.9246 27 172 27 172 100.0000 -0.0000 -49.0161
7.9259 31 168 31 168 100.0000 -0.0000 -48.9938
7.9271 23 176 23 176 100.0000 -0.0000 -48.8724
7.9284 33 166 33 166 100.0000 -0.0000 -48.8732
7.9297 35 164 35 164 100.0000 -0.0000 -48.9772
7.9310 33 166 33 166 100.0000 -0.0000 -49.0596
7.9323 30 169 30 169 100.0000 -0.0000 -49.1039
7.9335 34 165 34 165 100.0000 -0.0000 -49.1908
7.9348 32 167 32 167 100.0000 -0.0000 -49.3041
7.9361 33 166 33 166 100.0000 -0.0000 -49.4299
7.9374 30 169 30 169 100.0000 -0.0000 -49.5147
7.9387 35 164 35 164 100.0000 -0.0000 -49.6840
7.9399 33 166 33 166 100.0000 -0.0000 -49.8287
7.9412 36 163 36 163 100.0000 -0.0000 -50.0081
7.9425 32 167 32 167 100.0000 -0.0000 -50.1386
7.9438 29 170 29 170 100.0000 -0.0000 -50.2033
7.9451 34 165 34 165 100.0000 -0.0000 -50.3262
7.9464 29 170 29 170 100.0000 -0.0000 -50.3977
7.9477 34 165 34 165 100.0000 -0.0000 -50.5289
7.9489 30 169 30 169 100.0000 -0.0000 -50.5573
7.9502 37 162 37 162 100.0000 -0.0000 -50.6791
7.9515 44 155 44 155 100.0000 -0.0000 -50.8788
7.9528 29 170 29 170 100.0000 -0.0000 -50.8969
7.9540 39 160 39 160 100.0000 -0.0000 -50.9635
7.9553 35 164 35 164 100.0000 -0.0000 -50.9807
7.9566 33 166 33 166 100.0000 -0.0000 -50.9671
7.9578 31 168 31 168 100.0000 -0.0000 -50.9310
7.9591 33 166 33 166 100.0000 -0.0000 -50.8386
7.9603 43 156 43 156 100.0000 -0.0000 -50.8761
7.9616 44 155 44 155 100.0000 -0.0000 -50.9173
7.9629 38 161 38 161 100.0000 -0.0000 -50.8840
7.9641 28 171 28 171 100.0000 -0.0000 -50.6403
7.9654 36 163 36 163 100.0000 -0.0000 -50.5019
7.9666 34 165 34 165 100.0000 -0.0000 -50.3432
7.9679 28 171 28 171 100.0000 -0.0000 -50.0975
7.9692 30 169 30 169 100.0000 -0.0000 -49.8161
7.9705 32 167 32 167 100.0000 -0.0000 -49.5528
7.9717 29 170 29 170 100.0000 -0.0000 -49.2542
7.9730 35 164 35 164 100.0000 -0.0000 -49.0368
7.9743 31 168 31 168 100.0000 -0.0000 -48.6949
7.9755 37 162 37 162 100.0000 -0.0000 -48.4314
7.9768 28 171 28 171 100.0000 -0.0000 -48.0559
7.9781 27 172 27 172 100.0000 -0.0000 -47.6836
7.9793 34 165 34 165 100.0000 -0.0000 -47.3436
7.9806 36 163 36 163 100.0000 -0.0000 -47.0336
7.9819 30 169 30 169 100.0000 -0.0000 -46.6443
7.9831 31 168 31 168 100.0000 -0.0000 -46.2444
7.9844 30 169 30 169 100.0000 -0.0000 -45.8345
7.9857 27 172 27 172 100.0000 -0.0000 -45.3804
7.9870 21 178 21 178 100.0000 -0.0000 -44.8616
7.9882 28 171 28 171 100.0000 -0.0000 -44.4236
7.9895 28 171 28 171 100.0000 -0.0000 -43.9841
7.9908 39 160 39 160 100.0000 -0.0000 -43.6914
7.9921 40 159 40 159 100.0000 -0.0000 -43.4173
7.9933 24 175 24 175 100.0000 -0.0000 -42.9615
7.9946 28 171 28 171 100.0000 -0.0000 -42.5649
7.9959 30 169 30 169 100.0000 -0.0000 -42.1924
7.9972 25 174 25 174 100.0000 -0.0000 -41.7580
7.9985 42 157 42 157 100.0000 -0.0000 -41.5741
7.9998 32 167 32 167 100.0000 -0.0000 -41.2711
8.0010 29 170 29 170 100.0000 -0.0000 -40.9281
8.0023 35 164 35 164 100.0000 -0.0000 -40.6597
8.0036 36 163 36 163 100.0000 -0.0000 -40.4676
8.0049 28 171 28 171 100.0000 -0.0000 -40.1727
8.0062 28 171 28 171 100.0000 -0.0000 -39.8840
8.0074 31 168 31 168 100.0000 -0.0000 -39.6302
8.0087 32 167 32 167 100.0000 -0.0000 -39.4390
8.0099 32 167 32 167 100.0000 -0.0000 -39.2501
8.0112 32 167 32 167 100.0000 -0.0000 -39.0542
8.0125 38 161 38 161 100.0000 -0.0000 -38.9492
8.0138 32 167 32 167 100.0000 -0.0000 -38.7951
8.0150 39 160 39 160 100.0000 -0.0000 -38.7395
8.0163 38 161 38 161 100.0000 -0.0000 -38.6612
8.0176 37 162 37 162 100.0000 -0.0000 -38.5716
8.0189 37 162 37 162 100.0000 -0.0000 -38.5163
8.0202 44 155 44 155 100.0000 -0.0000 -38.5572
8.0214 34 165 34 165 100.0000 -0.0000 -38.4658
8.0227 40 159 40 159 100.0000 -0.0000 -38.4532
8.0240 38 161 38 161 100.0000 -0.0000 -38.4172
8.0252 38 161 38 161 100.0000 -0.0000 -38.3871
8.0265 33 166 33 166 100.0000 -0.0000 -38.2883
8.0278 40 159 40 159 100.0000 -0.0000 -38.2593
8.0291 36 163 36 163 100.0000 -0.0000 -38.1694
8.0303 41 158 41 158 100.0000 -0.0000 -38.1577
8.0316 36 163 36 163 100.0000 -0.0000 -38.0804
8.0329 42 157 42 157 100.0000 -0.0000 -38.0339
8.0341 39 160 39 160 100.0000 -0.0000 -37.9515
8.0353 46 153 46 153 100.0000 -0.0000 -37.9593
8.0366 46 153 46 153 100.0000 -0.0000 -37.9744
8.0379 43 156 43 156 100.0000 -0.0000 -37.8841
8.0391 40 159 40 159 100.0000 -0.0000 -37.7601
8.0404 43 156 43 156 100.0000 -0.0000 -37.6705
8.0417 35 164 35 164 100.0000 -0.0000 -37.4863
8.0430 43 156 43 156 100.0000 -0.0000 -37.3419
8.0442 46 153 46 153 100.0000 -0.0000 -37.2328
8.0455 45 154 45 154 100.0000 -0.0000 -37.1158
8.0468 44 155 44 155 100.0000 -0.0000 -36.9799
8.0481 41 158 41 158 100.0000 -0.0000 -36.7499
8.0493 39 160 39 160 100.0000 -0.0000 -36.4969
8.0506 47 152 47 152 100.0000 -0.0000 -36.3464
8.0519 43 156 43 156 100.0000 -0.0000 -36.1441
8.0531 50 149 50 149 100.0000 -0.0000 -35.9703
8.0544 57 142 57 142 100.0000 -0.0000 -35.8839
8.0557 46 153 46 153 100.0000 -0.0000 -35.6534
8.0570 48 151 48 151 100.0000 -0.0000 -35.4533
8.0583 53 146 53 146 100.0000 -0.0000 -35.2584
8.0596 53 146 53 146 100.0000 -0.0000 -35.0653
8.0608 47 152 47 152 100.0000 -0.0000 -34.8094
8.0621 48 151 48 151 100.0000 -0.0000 -34.5549
8.0633 51 148 51 148 100.0000 -0.0000 -34.3084
8.0646 56 143 56 143 100.0000 -0.0000 -34.1202
8.0659 51 148 51 148 100.0000 -0.0000 -33.8780
8.0672 54 145 54 145 100.0000 -0.0000 -33.6815
8.0684 55 144 55 144 100.0000 -0.0000 -33.4797
8.0697 47 152 47 152 100.0000 -0.0000 -33.1845
8.0709 47 152 47 152 100.0000 -0.0000 -32.8976
8.0722 57 142 57 142 100.0000 -0.0000 -32.7349
8.0734 40 159 40 159 100.0000 -0.0000 -32.3870
8.0747 49 150 49 150 100.0000 -0.0000 -32.1465
8.0760 59 140 59 140 100.0000 -0.0000 -32.0339
8.0772 52 147 52 147 100.0000 -0.0000 -31.8344
8.0785 49 150 49 150 100.0000 -0.0000 -31.6237
8.0798 52 147 52 147 100.0000 -0.0000 -31.4534
8.0810 57 142 57 142 100.0000 -0.0000 -31.3440
8.0823 57 142 57 142 100.0000 -0.0000 -31.2545
8.0836 58 141 58 141 100.0000 -0.0000 -31.1706
8.0849 61 138 61 138 100.0000 -0.0000 -31.1248
8.0862 49 150 49 150 100.0000 -0.0000 -30.9253
8.0875 43 156 43 156 100.0000 -0.0000 -30.6470
8.0887 46 153 46 153 100.0000 -0.0000 -30.4073
8.0900 41 158 41 158 100.0000 -0.0000 -30.1016
8.0913 48 151 48 151 100.0000 -0.0000 -29.8903
8.0926 53 146 53 146 100.0000 -0.0000 -29.6956
8.0939 43 156 43 156 100.0000 -0.0000 -29.3709
8.0951 50 149 50 149 100.0000 -0.0000 -29.1514
8.0964 40 159 40 159 100.0000 -0.0000 -28.7999
8.0976 45 154 45 154 100.0000 -0.0000 -28.4625
8.0989 48 151 48 151 100.0000 -0.0000 -28.1487
8.1002 40 159 40 159 100.0000 -0.0000 -27.7429
8.1015 44 155 44 155 100.0000 -0.0000 -27.3930
8.1027 35 164 35 164 100.0000 -0.0000 -26.8912
8.1040 41 158 41 158 100.0000 -0.0000 -26.4613
8.1053 38 161 38 161 100.0000 -0.0000 -25.9971
8.1065 45 154 45 154 100.0000 -0.0000 -25.6312
8.1078 50 149 50 149 100.0000 -0.0000 -25.2823
8.1091 37 162 37 162 100.0000 -0.0000 -24.7872
8.1103 41 158 41 158 100.0000 -0.0000 -24.3369
8.1115 41 158 41 158 100.0000 -0.0000 -23.9006
8.1128 44 155 44 155 100.0000 -0.0000 -23.4735
8.1140 47 152 47 152 100.0000 -0.0000 -23.0956
8.1152 46 153 46 153 100.0000 -0.0000 -22.7018
8.1165 51 148 51 148 100.0000 -0.0000 -22.3790
8.1177 51 148 51 148 100.0000 -0.0000 -22.0388
8.1189 42 157 42 157 100.0000 -0.0000 -21.5939
8.1202 47 152 47 152 100.0000 -0.0000 -21.2070
8.1214 45 154 45 154 100.0000 -0.0000 -20.8054
8.1227 54 145 54 145 100.0000 -0.0000 -20.5056
8.1240 51 148 51 148 100.0000 -0.0000 -20.1630
8.1252 51 148 51 148 100.0000 -0.0000 -19.8321
8.1265 52 147 52 147 100.0000 -0.0000 -19.5120
8.1278 54 145 54 145 100.0000 -0.0000 -19.2000
8.1290 54 145 54 145 100.0000 -0.0000 -18.8862
8.1303 50 149 50 149 100.0000 -0.0000 -18.5291
8.1315 45 154 45 154 100.0000 -0.0000 -18.1163
8.1328 53 146 53 146 100.0000 -0.0000 -17.7712
8.1341 57 142 57 142 100.0000 -0.0000 -17.4743
8.1353 54 145 54 145 100.0000 -0.0000 -17.1453
8.1366 58 141 58 141 100.0000 -0.0000 -16.8701
8.1379 63 136 63 136 100.0000 -0.0000 -16.6145
8.1392 61 138 61 138 100.0000 -0.0000 -16.3424
8.1405 60 139 60 139 100.0000 -0.0000 -16.0581
8.1417 64 135 64 135 100.0000 -0.0000 -15.8263
8.1430 60 139 60 139 100.0000 -0.0000 -15.4967
8.1443 58 141 58 141 100.0000 -0.0000 -15.1497
8.1456 63 136 63 136 100.0000 -0.0000 -14.8518
8.1468 68 131 68 131 100.0000 -0.0000 -14.5812
8.1481 68 131 68 131 100.0000 -0.0000 -14.3151
8.1494 61 138 61 138 100.0000 -0.0000 -13.9608
8.1507 66 133 66 133 100.0000 -0.0000 -13.6773
8.1519 71 128 71 128 100.0000 -0.0000 -13.4140
8.1532 70 129 70 129 100.0000 -0.0000 -13.1366
8.1545 73 126 73 126 100.0000 -0.0000 -12.8985
8.1557 72 127 72 127 100.0000 -0.0000 -12.6506
8.1570 71 128 71 128 100.0000 -0.0000 -12.3456
8.1583 72 127 72 127 100.0000 -0.0000 -12.0584
8.1595 66 133 66 133 100.0000 -0.0000 -11.6926
8.1608 67 132 67 132 100.0000 -0.0000 -11.3374
8.1620 72 127 72 127 100.0000 -0.0000 -11.0008
8.1633 69 130 69 130 100.0000 -0.0000 -10.6296
8.1645 73 126 73 126 100.0000 -0.0000 -10.3132
8.1658 64 135 64 135 100.0000 -0.0000 -9.8835
8.1670 75 124 75 124 100.0000 -0.0000 -9.5138
8.1683 73 126 73 126 100.0000 -0.0000 -9.1193
8.1696 71 128 71 128 100.0000 -0.0000 -8.7090
8.1708 72 127 72 127 100.0000 -0.0000 -8.3190
8.1721 78 121 78 121 100.0000 -0.0000 -7.9318
8.1734 74 125 74 125 100.0000 -0.0000 -7.4903
8.1747 74 125 74 125 100.0000 -0.0000 -7.0563
8.1760 71 128 71 128 100.0000 -0.0000 -6.5974
8.1772 63 136 63 136 100.0000 -0.0000 -5.9847
8.1785 73 126 73 126 100.0000 -0.0000 -5.5023
8.1798 68 131 68 131 100.0000 -0.0000 -4.9674
8.1811 60 139 60 139 100.0000 -0.0000 -4.3264
8.1823 73 126 73 126 100.0000 -0.0000 -3.8321
8.1836 73 126 73 126 100.0000 -0.0000 -3.3431
8.1848 71 128 71 128 100.0000 -0.0000 -2.8365
8.1861 70 129 70 129 100.0000 -0.0000 -2.3107
8.1874 70 129 70 129 100.0000 -0.0000 -1.8133
8.1887 74 125 74 125 100.0000 -0.0000 -1.3594
8.1900 75 124 75 124 100.0000 -0.0000 -0.9297
8.1913 72 127 72 127 100.0000 -0.0000 -0.4608
8.1925 77 122 77 122 100.0000 -0.0000 -0.1073
8.1938 73 126 73 126 100.0000 -0.0000 0.2860
8.1951 70 129 70 129 100.0000 -0.0000 0.7120
8.1963 71 128 71 128 100.0000 -0.0000 1.1270
8.1976 75 124 75 124 100.0000 -0.0000 1.4114
8.1989 78 121 78 121 100.0000 -0.0000 1.6544
8.2001 72 127 72 127 100.0000 -0.0000 1.9822
8.2014 80 119 80 119 100.0000 -0.0000 2.1266
8.2026 83 116 83 116 100.0000 -0.0000 2.2399
8.2039 88 111 88 111 100.0000 -0.0000 2.2938
8.2052 82 117 82 117 100.0000 -0.0000 2.4117
8.2065 76 123 76 123 100.0000 -0.0000 2.5656
8.2077 88 111 88 111 100.0000 -0.0000 2.5702
8.2090 93 106 93 106 100.0000 -0.0000 2.5157
8.2103 85 114 85 114 100.0000 -0.0000 2.5532
8.2115 84 115 84 115 100.0000 -0.0000 2.5915
8.2128 90 109 90 109 100.0000 -0.0000 2.5615
8.2141 86 113 86 113 100.0000 -0.0000 2.5813
8.2153 91 108 91 108 100.0000 -0.0000 2.5377
8.2166 94 105 94 105 100.0000 -0.0000 2.4784
8.2179 89 110 89 110 100.0000 -0.0000 2.4810
8.2191 90 109 90 109 100.0000 -0.0000 2.4670
8.2205 89 110 89 110 100.0000 -0.0000 2.4684
8.2217 87 112 87 112 100.0000 -0.0000 2.5416
8.2230 93 106 93 106 100.0000 -0.0000 2.5442
8.2243 95 104 95 104 100.0000 -0.0000 2.5211
8.2256 93 106 93 106 100.0000 -0.0000 2.5227
8.2268 94 105 94 105 100.0000 -0.0000 2.5878
8.2281 94 105 94 105 100.0000 -0.0000 2.6507
8.2293 95 104 95 104 100.0000 -0.0000 2.6985
8.2306 97 102 97 102 100.0000 -0.0000 2.7253
8.2319 96 103 96 103 100.0000 -0.0000 2.8573
8.2333 99 100 99 100 100.0000 -0.0000 2.9426
8.2345 101 98 101 98 100.0000 -0.0000 2.9993
8.2358 102 97 102 97 100.0000 -0.0000 3.0535
8.2371 105 94 105 94 100.0000 -0.0000 3.1420
8.2383 100 99 100 99 100.0000 -0.0000 3.2893
8.2396 104 95 104 95 100.0000 -0.0000 3.3869
8.2409 99 100 99 100 100.0000 -0.0000 3.5414
8.2421 103 96 103 96 100.0000 -0.0000 3.6847
8.2434 95 104 95 104 100.0000 -0.0000 3.9230
8.2447 99 100 99 100 100.0000 -0.0000 4.1103
8.2460 102 97 102 97 100.0000 -0.0000 4.2372
8.2473 98 101 98 101 100.0000 -0.0000 4.4195
8.2486 102 97 102 97 100.0000 -0.0000 4.5473
8.2498 110 89 110 89 100.0000 -0.0000 4.5723
8.2511 101 98 101 98 100.0000 -0.0000 4.6436
8.2524 112 87 112 87 100.0000 -0.0000 4.5728
8.2536 107 92 107 92 100.0000 -0.0000 4.5600
8.2549 107 92 107 92 100.0000 -0.0000 4.5566
8.2562 106 93 106 93 100.0000 -0.0000 4.4651
8.2574 104 95 104 95 100.0000 -0.0000 4.4036
8.2587 105 94 105 94 100.0000 -0.0000 4.3271
8.2600 107 92 107 92 100.0000 -0.0000 4.2226
8.2613 99 100 99 100 100.0000 -0.0000 4.1514
8.2625 102 97 102 97 100.0000 -0.0000 4.0454
8.2638 104 95 104 95 100.0000 -0.0000 3.9123
8.2651 105 94 105 94 100.0000 -0.0000 3.7686
8.2664 100 99 100 99 100.0000 -0.0000 3.6641
8.2676 100 99 100 99 100.0000 -0.0000 3.5542
8.2689 103 96 103 96 100.0000 -0.0000 3.4103
8.2701 98 101 98 101 100.0000 -0.0000 3.3300
8.2714 94 105 94 105 100.0000 -0.0000 3.3293
8.2726 95 104 95 104 100.0000 -0.0000 3.3230
8.2739 95 104 95 104 100.0000 -0.0000 3.3113
8.2752 99 100 99 100 100.0000 -0.0000 3.2484
8.2765 89 110 89 110 100.0000 -0.0000 3.3953
8.2777 94 105 94 105 100.0000 -0.0000 3.4780
8.2790 98 101 98 101 100.0000 -0.0000 3.5070
8.2803 95 104 95 104 100.0000 -0.0000 3.5657
8.2816 91 108 91 108 100.0000 -0.0000 3.7505
8.2828 94 105 94 105 100.0000 -0.0000 3.9017
8.2841 86 113 86 113 100.0000 -0.0000 4.1411
8.2854 87 112 87 112 100.0000 -0.0000 4.3682
8.2866 93 106 93 106 100.0000 -0.0000 4.5747
8.2879 87 112 87 112 100.0000 -0.0000 4.8534
8.2892 91 108 91 108 100.0000 -0.0000 5.0870
8.2904 81 118 81 118 100.0000 -0.0000 5.4339
8.2917 87 112 87 112 100.0000 -0.0000 5.7378
8.2929 87 112 87 112 100.0000 -0.0000 6.0468
8.2942 92 107 92 107 100.0000 -0.0000 6.2798
8.2954 81 118 81 118 100.0000 -0.0000 6.6446
8.2967 92 107 92 107 100.0000 -0.0000 6.8876
8.2979 89 110 89 110 100.0000 -0.0000 7.1661
8.2992 96 103 96 103 100.0000 -0.0000 7.3596
8.3005 82 117 82 117 100.0000 -0.0000 7.7239
8.3017 90 109 90 109 100.0000 -0.0000 7.9779
8.3030 80 119 80 119 100.0000 -0.0000 8.3488
8.3043 92 107 92 107 100.0000 -0.0000 8.5712
8.3055 88 111 88 111 100.0000 -0.0000 8.8174
8.3068 92 107 92 107 100.0000 -0.0000 9.0134
8.3081 94 105 94 105 100.0000 -0.0000 9.1800
8.3093 87 112 87 112 100.0000 -0.0000 9.4352
8.3106 94 105 94 105 100.0000 -0.0000 9.5590
8.3119 89 110 89 110 100.0000 -0.0000 9.7594
8.3132 87 112 87 112 100.0000 -0.0000 9.9696
8.3144 94 105 94 105 100.0000 -0.0000 10.0962
8.3157 83 116 83 116 100.0000 -0.0000 10.3187
8.3170 92 107 92 107 100.0000 -0.0000 10.4266
8.3183 93 106 93 106 100.0000 -0.0000 10.5294
8.3195 90 109 90 109 100.0000 -0.0000 10.6616
8.3208 98 101 98 101 100.0000 -0.0000 10.6684
8.3221 99 100 99 100 100.0000 -0.0000 10.6581
8.3233 93 106 93 106 100.0000 -0.0000 10.7312
8.3246 84 115 84 115 100.0000 -0.0000 10.9095
8.3259 91 108 91 108 100.0000 -0.0000 10.9887
8.3272 90 109 90 109 100.0000 -0.0000 11.0809
8.3285 97 102 97 102 100.0000 -0.0000 11.0964
8.3298 94 105 94 105 100.0000 -0.0000 11.1489
8.3311 93 106 93 106 100.0000 -0.0000 11.2291
8.3323 98 101 98 101 100.0000 -0.0000 11.2417
8.3336 93 106 93 106 100.0000 -0.0000 11.3166
8.3349 104 95 104 95 100.0000 -0.0000 11.2534
8.3362 100 99 100 99 100.0000 -0.0000 11.2806
8.3375 94 105 94 105 100.0000 -0.0000 11.3826
8.3388 92 107 92 107 100.0000 -0.0000 11.5056
8.3401 100 99 100 99 100.0000 -0.0000 11.5222
8.3414 95 104 95 104 100.0000 -0.0000 11.6569
8.3427 93 106 93 106 100.0000 -0.0000 11.8180
8.3439 92 107 92 107 100.0000 -0.0000 11.9889
8.3452 94 105 94 105 100.0000 -0.0000 12.2074
8.3465 102 97 102 97 100.0000 -0.0000 12.3199
8.3478 97 102 97 102 100.0000 -0.0000 12.4896
8.3490 92 107 92 107 100.0000 -0.0000 12.7186
8.3503 95 104 95 104 100.0000 -0.0000 12.9919
8.3516 97 102 97 102 100.0000 -0.0000 13.2369
8.3529 95 104 95 104 100.0000 -0.0000 13.5044
8.3542 96 103 96 103 100.0000 -0.0000 13.7599
8.3554 96 103 96 103 100.0000 -0.0000 14.0893
8.3567 100 99 100 99 100.0000 -0.0000 14.3609
8.3580 97 102 97 102 100.0000 -0.0000 14.6645
8.3593 104 95 104 95 100.0000 -0.0000 14.8851
8.3606 101 98 101 98 100.0000 -0.0000 15.1911
8.3619 100 99 100 99 100.0000 -0.0000 15.5109
8.3631 107 92 107 92 100.0000 -0.0000 15.7382
8.3644 104 95 104 95 100.0000 -0.0000 15.9981
8.3657 97 102 97 102 100.0000 -0.0000 16.3954
8.3670 99 100 99 100 100.0000 -0.0000 16.7656
8.3683 97 102 97 102 100.0000 -0.0000 17.1484
8.3695 101 98 101 98 100.0000 -0.0000 17.4803
8.3708 99 100 99 100 100.0000 -0.0000 17.8808
8.3721 98 101 98 101 100.0000 -0.0000 18.2889
8.3733 97 102 97 102 100.0000 -0.0000 18.7030
8.3746 97 102 97 102 100.0000 -0.0000 19.1203
8.3759 102 97 102 97 100.0000 -0.0000 19.5073
8.3771 105 94 105 94 100.0000 -0.0000 19.8537
8.3785 101 98 101 98 100.0000 -0.0000 20.2587
8.3797 103 96 103 96 100.0000 -0.0000 20.6291
8.3811 107 92 107 92 100.0000 -0.0000 20.9895
8.3824 104 95 104 95 100.0000 -0.0000 21.3743
8.3837 109 90 109 90 100.0000 -0.0000 21.7027
8.3850 105 94 105 94 100.0000 -0.0000 22.0840
8.3863 110 89 110 89 100.0000 -0.0000 22.4017
8.3875 106 93 106 93 100.0000 -0.0000 22.7644
8.3888 103 96 103 96 100.0000 -0.0000 23.1625
8.3901 105 94 105 94 100.0000 -0.0000 23.5246
8.3914 110 89 110 89 100.0000 -0.0000 23.8254
8.3927 108 91 108 91 100.0000 -0.0000 24.1436
8.3939 105 94 105 94 100.0000 -0.0000 24.5054
8.3952 108 91 108 91 100.0000 -0.0000 24.8023
8.3965 108 91 108 91 100.0000 -0.0000 25.0918
8.3978 106 93 106 93 100.0000 -0.0000 25.4140
8.3991 113 86 113 86 100.0000 -0.0000 25.6356
8.4004 108 91 108 91 100.0000 -0.0000 25.9035
8.4017 110 89 110 89 100.0000 -0.0000 26.1335
8.4029 110 89 110 89 100.0000 -0.0000 26.3652
8.4042 115 84 115 84 100.0000 -0.0000 26.5339
8.4055 114 85 114 85 100.0000 -0.0000 26.6950
8.4068 115 84 115 84 100.0000 -0.0000 26.8384
8.4080 115 84 115 84 100.0000 -0.0000 26.9880
8.4093 111 88 111 88 100.0000 -0.0000 27.1828
8.4106 113 86 113 86 100.0000 -0.0000 27.3293
8.4118 111 88 111 88 100.0000 -0.0000 27.4882
8.4131 110 89 110 89 100.0000 -0.0000 27.6609
8.4143 119 80 119 80 100.0000 -0.0000 27.7209
8.4156 116 83 116 83 100.0000 -0.0000 27.7778
8.4169 114 85 114 85 100.0000 -0.0000 27.8587
8.4181 117 82 117 82 100.0000 -0.0000 27.8991
8.4194 113 86 113 86 100.0000 -0.0000 27.9896
8.4206 107 92 107 92 100.0000 -0.0000 28.0882
8.4218 110 89 110 89 100.0000 -0.0000 28.1574
8.4231 109 90 109 90 100.0000 -0.0000 28.2404
8.4243 111 88 111 88 100.0000 -0.0000 28.2958
8.4256 112 87 112 87 100.0000 -0.0000 28.2674
8.4268 120 79 120 79 100.0000 -0.0000 28.1357
8.4280 118 81 118 81 100.0000 -0.0000 28.0407
8.4293 120 79 120 79 100.0000 -0.0000 27.9129
8.4306 114 85 114 85 100.0000 -0.0000 27.8085
8.4318 117 82 117 82 100.0000 -0.0000 27.6704
8.4332 110 89 110 89 100.0000 -0.0000 27.6253
8.4344 117 82 117 82 100.0000 -0.0000 27.4536
8.4357 111 88 111 88 100.0000 -0.0000 27.3707
8.4371 122 77 122 77 100.0000 -0.0000 27.1418
8.4383 115 84 115 84 100.0000 -0.0000 27.0037
8.4396 118 81 118 81 100.0000 -0.0000 26.8409
8.4409 107 92 107 92 100.0000 -0.0000 26.8203
8.4422 114 85 114 85 100.0000 -0.0000 26.7118
8.4434 113 86 113 86 100.0000 -0.0000 26.6075
8.4447 118 81 118 81 100.0000 -0.0000 26.4951
8.4460 111 88 111 88 100.0000 -0.0000 26.4758
8.4473 113 86 113 86 100.0000 -0.0000 26.4414
8.4485 114 85 114 85 100.0000 -0.0000 26.3908
8.4498 112 87 112 87 100.0000 -0.0000 26.4345
8.4511 111 88 111 88 100.0000 -0.0000 26.4956
8.4523 112 87 112 87 100.0000 -0.0000 26.5464
8.4536 114 85 114 85 100.0000 -0.0000 26.5702
8.4549 108 91 108 91 100.0000 -0.0000 26.7542
8.4562 109 90 109 90 100.0000 -0.0000 26.9210
8.4574 114 85 114 85 100.0000 -0.0000 27.0282
8.4587 116 83 116 83 100.0000 -0.0000 27.1134
8.4600 112 87 112 87 100.0000 -0.0000 27.3134
8.4612 111 88 111 88 100.0000 -0.0000 27.5244
8.4625 120 79 120 79 100.0000 -0.0000 27.6221
8.4638 113 86 113 86 100.0000 -0.0000 27.7993
8.4651 115 84 115 84 100.0000 -0.0000 27.9871
8.4663 110 89 110 89 100.0000 -0.0000 28.2388
8.4676 114 85 114 85 100.0000 -0.0000 28.4433
8.4689 121 78 121 78 100.0000 -0.0000 28.5519
8.4701 114 85 114 85 100.0000 -0.0000 28.7603
8.4714 117 82 117 82 100.0000 -0.0000 28.9249
8.4727 114 85 114 85 100.0000 -0.0000 29.1238
8.4739 109 90 109 90 100.0000 -0.0000 29.3852
8.4752 122 77 122 77 100.0000 -0.0000 29.4666
8.4765 120 79 120 79 100.0000 -0.0000 29.5807
8.4777 122 77 122 77 100.0000 -0.0000 29.6690
8.4790 121 78 121 78 100.0000 -0.0000 29.7459
8.4803 116 83 116 83 100.0000 -0.0000 29.8936
8.4815 117 82 117 82 100.0000 -0.0000 30.0228
8.4828 114 85 114 85 100.0000 -0.0000 30.1893
8.4841 115 84 115 84 100.0000 -0.0000 30.3286
8.4854 122 77 122 77 100.0000 -0.0000 30.3853
8.4867 121 78 121 78 100.0000 -0.0000 30.4423
8.4880 118 81 118 81 100.0000 -0.0000 30.5437
8.4893 121 78 121 78 100.0000 -0.0000 30.5927
8.4905 134 65 134 65 100.0000 -0.0000 30.4759
8.4918 108 91 108 91 100.0000 -0.0000 30.6893
8.4931 114 85 114 85 100.0000 -0.0000 30.8344
8.4944 123 76 123 76 100.0000 -0.0000 30.8572
8.4956 124 75 124 75 100.0000 -0.0000 30.8619
8.4969 123 76 123 76 100.0000 -0.0000 30.8845
8.4982 128 71 128 71 100.0000 -0.0000 30.8404
8.4995 125 74 125 74 100.0000 -0.0000 30.8448
8.5008 122 77 122 77 100.0000 -0.0000 30.8764
8.5021 128 71 128 71 100.0000 -0.0000 30.8351
8.5034 126 73 126 73 100.0000 -0.0000 30.8144
8.5046 124 75 124 75 100.0000 -0.0000 30.8133
8.5059 126 73 126 73 100.0000 -0.0000 30.7895
8.5072 127 72 127 72 100.0000 -0.0000 30.7553
8.5085 115 84 115 84 100.0000 -0.0000 30.8765
8.5097 123 76 123 76 100.0000 -0.0000 30.8855
8.5110 125 74 125 74 100.0000 -0.0000 30.8747
8.5122 124 75 124 75 100.0000 -0.0000 30.8731
8.5135 125 74 125 74 100.0000 -0.0000 30.8623
8.5148 132 67 132 67 100.0000 -0.0000 30.7674
8.5161 134 65 134 65 100.0000 -0.0000 30.6460
8.5174 121 78 121 78 100.0000 -0.0000 30.6890
8.5187 127 72 127 72 100.0000 -0.0000 30.6565
8.5199 132 67 132 67 100.0000 -0.0000 30.5784
8.5212 134 65 134 65 100.0000 -0.0000 30.4727
8.5225 123 76 123 76 100.0000 -0.0000 30.4999
8.5238 122 77 122 77 100.0000 -0.0000 30.5797
8.5250 132 67 132 67 100.0000 -0.0000 30.5326
8.5263 123 76 123 76 100.0000 -0.0000 30.5907
8.5275 122 77 122 77 100.0000 -0.0000 30.6677
8.5288 121 78 121 78 100.0000 -0.0000 30.7941
8.5301 129 70 129 70 100.0000 -0.0000 30.8296
8.5313 132 67 132 67 100.0000 -0.0000 30.8258
8.5326 126 73 126 73 100.0000 -0.0000 30.8988
8.5339 128 71 128 71 100.0000 -0.0000 31.0035
8.5351 124 75 124 75 100.0000 -0.0000 31.1532
8.5364 123 76 123 76 100.0000 -0.0000 31.3213
8.5377 128 71 128 71 100.0000 -0.0000 31.4244
8.5389 124 75 124 75 100.0000 -0.0000 31.6431
8.5402 132 67 132 67 100.0000 -0.0000 31.7560
8.5415 127 72 127 72 100.0000 -0.0000 31.9368
8.5427 127 72 127 72 100.0000 -0.0000 32.1164
8.5440 120 79 120 79 100.0000 -0.0000 32.4279
8.5453 129 70 129 70 100.0000 -0.0000 32.6190
8.5465 126 73 126 73 100.0000 -0.0000 32.8455
8.5478 137 62 137 62 100.0000 -0.0000 32.9384
8.5490 131 68 131 68 100.0000 -0.0000 33.1096
8.5503 129 70 129 70 100.0000 -0.0000 33.2995
8.5516 132 67 132 67 100.0000 -0.0000 33.4499
8.5528 142 57 142 57 100.0000 -0.0000 33.4811
8.5541 129 70 129 70 100.0000 -0.0000 33.6390
8.5554 128 71 128 71 100.0000 -0.0000 33.8114
8.5567 138 61 138 61 100.0000 -0.0000 33.8432
8.5579 138 61 138 61 100.0000 -0.0000 33.8873
8.5592 137 62 137 62 100.0000 -0.0000 33.8751
8.5605 132 67 132 67 100.0000 -0.0000 33.9233
8.5618 136 63 136 63 100.0000 -0.0000 33.9281
8.5631 140 59 140 59 100.0000 -0.0000 33.8781
8.5644 133 66 133 66 100.0000 -0.0000 33.8532
8.5657 140 59 140 59 100.0000 -0.0000 33.7462
8.5670 140 59 140 59 100.0000 -0.0000 33.6374
8.5683 126 73 126 73 100.0000 -0.0000 33.6656
8.5696 138 61 138 61 100.0000 -0.0000 33.5379
8.5710 141 58 141 58 100.0000 -0.0000 33.3706
8.5722 136 63 136 63 100.0000 -0.0000 33.2792
8.5735 138 61 138 61 100.0000 -0.0000 33.1393
8.5747 128 71 128 71 100.0000 -0.0000 33.1303
8.5760 133 66 133 66 100.0000 -0.0000 33.0556
8.5772 132 67 132 67 100.0000 -0.0000 32.9897
8.5785 138 61 138 61 100.0000 -0.0000 32.8612
8.5798 140 59 140 59 100.0000 -0.0000 32.7194
8.5811 135 64 135 64 100.0000 -0.0000 32.6390
8.5824 133 66 133 66 100.0000 -0.0000 32.5780
8.5836 127 72 127 72 100.0000 -0.0000 32.6347
8.5850 136 63 136 63 100.0000 -0.0000 32.5867
8.5862 128 71 128 71 100.0000 -0.0000 32.6335
8.5875 130 69 130 69 100.0000 -0.0000 32.6566
8.5888 124 75 124 75 100.0000 -0.0000 32.8593
8.5900 129 70 129 70 100.0000 -0.0000 32.9986
8.5913 133 66 133 66 100.0000 -0.0000 33.0828
8.5926 121 78 121 78 100.0000 -0.0000 33.3215
8.5938 130 69 130 69 100.0000 -0.0000 33.5646
8.5951 126 73 126 73 100.0000 -0.0000 33.8642
8.5963 123 76 123 76 100.0000 -0.0000 34.1917
8.5976 122 77 122 77 100.0000 -0.0000 34.5313
8.5989 117 82 117 82 100.0000 -0.0000 35.0664
8.6001 126 73 126 73 100.0000 -0.0000 35.4899
8.6014 119 80 119 80 100.0000 -0.0000 35.9981
8.6027 122 77 122 77 100.0000 -0.0000 36.4611
8.6040 117 82 117 82 100.0000 -0.0000 37.0608
8.6053 127 72 127 72 100.0000 -0.0000 37.5360
8.6066 124 75 124 75 100.0000 -0.0000 38.0423
8.6079 121 78 121 78 100.0000 -0.0000 38.5813
8.6091 118 81 118 81 100.0000 -0.0000 39.1426
8.6104 121 78 121 78 100.0000 -0.0000 39.6648
8.6116 126 73 126 73 100.0000 -0.0000 40.1223
8.6129 126 73 126 73 100.0000 -0.0000 40.4648
8.6141 122 77 122 77 100.0000 -0.0000 40.8603
8.6154 128 71 128 71 100.0000 -0.0000 41.1829
8.6166 123 76 123 76 100.0000 -0.0000 41.5586
8.6179 130 69 130 69 100.0000 -0.0000 41.6919
8.6192 129 70 129 70 100.0000 -0.0000 41.8266
8.6204 122 77 122 77 100.0000 -0.0000 42.0486
8.6217 122 77 122 77 100.0000 -0.0000 42.2645
8.6229 123 76 123 76 100.0000 -0.0000 42.2787
8.6242 128 71 128 71 100.0000 -0.0000 42.2403
8.6254 123 76 123 76 100.0000 -0.0000 42.2627
8.6267 114 85 114 85 100.0000 -0.0000 42.3984
8.6279 139 60 139 60 100.0000 -0.0000 42.0413
8.6292 138 61 138 61 100.0000 -0.0000 41.7018
8.6305 133 66 133 66 100.0000 -0.0000 41.4323
8.6317 128 71 128 71 100.0000 -0.0000 41.2215
8.6330 130 69 130 69 100.0000 -0.0000 40.8367
8.6343 136 63 136 63 100.0000 -0.0000 40.3838
8.6355 123 76 123 76 100.0000 -0.0000 40.0956
8.6368 128 71 128 71 100.0000 -0.0000 39.7457
8.6381 134 65 134 65 100.0000 -0.0000 39.2445
8.6393 140 59 140 59 100.0000 -0.0000 38.6707
8.6406 133 66 133 66 100.0000 -0.0000 38.1892
8.6419 133 66 133 66 100.0000 -0.0000 37.7100
8.6431 137 62 137 62 100.0000 -0.0000 37.1422
8.6444 139 60 139 60 100.0000 -0.0000 36.5534
8.6457 129 70 129 70 100.0000 -0.0000 36.0975
8.6469 135 64 135 64 100.0000 -0.0000 35.5646
8.6482 136 63 136 63 100.0000 -0.0000 35.0441
8.6495 140 59 140 59 100.0000 -0.0000 34.4703
8.6508 131 68 131 68 100.0000 -0.0000 34.0191
8.6520 132 67 132 67 100.0000 -0.0000 33.5643
8.6533 131 68 131 68 100.0000 -0.0000 33.1700
8.6546 136 63 136 63 100.0000 -0.0000 32.7203
8.6559 128 71 128 71 100.0000 -0.0000 32.3741
8.6571 130 69 130 69 100.0000 -0.0000 32.0014
8.6584 139 60 139 60 100.0000 -0.0000 31.6048
8.6597 140 59 140 59 100.0000 -0.0000 31.2033
8.6610 130 69 130 69 100.0000 -0.0000 30.9242
8.6622 134 65 134 65 100.0000 -0.0000 30.6027
8.6635 129 70 129 70 100.0000 -0.0000 30.4306
8.6648 125 74 125 74 100.0000 -0.0000 30.3155
8.6660 131 68 131 68 100.0000 -0.0000 30.1178
8.6673 136 63 136 63 100.0000 -0.0000 29.8625
8.6686 132 67 132 67 100.0000 -0.0000 29.7551
8.6699 140 59 140 59 100.0000 -0.0000 29.5490
8.6711 121 78 121 78 100.0000 -0.0000 29.5850
8.6724 126 73 126 73 100.0000 -0.0000 29.6571
8.6737 130 69 130 69 100.0000 -0.0000 29.6788
8.6750 127 72 127 72 100.0000 -0.0000 29.7342
8.6762 124 75 124 75 100.0000 -0.0000 29.8306
8.6775 129 70 129 70 100.0000 -0.0000 29.9578
8.6787 122 77 122 77 100.0000 -0.0000 30.1634
8.6800 119 80 119 80 100.0000 -0.0000 30.4046
8.6813 118 81 118 81 100.0000 -0.0000 30.6675
8.6825 129 70 129 70 100.0000 -0.0000 30.8648
8.6838 129 70 129 70 100.0000 -0.0000 31.0551
8.6851 126 73 126 73 100.0000 -0.0000 31.2850
8.6864 124 75 124 75 100.0000 -0.0000 31.5376
8.6877 122 77 122 77 100.0000 -0.0000 31.8556
8.6889 124 75 124 75 100.0000 -0.0000 32.1385
8.6902 124 75 124 75 100.0000 -0.0000 32.4211
8.6915 124 75 124 75 100.0000 -0.0000 32.6968
8.6928 123 76 123 76 100.0000 -0.0000 32.9727
8.6940 130 69 130 69 100.0000 -0.0000 33.1585
8.6953 126 73 126 73 100.0000 -0.0000 33.3912
8.6966 121 78 121 78 100.0000 -0.0000 33.6910
8.6978 127 72 127 72 100.0000 -0.0000 33.8600
8.6991 130 69 130 69 100.0000 -0.0000 33.9872
8.7004 131 68 131 68 100.0000 -0.0000 34.1022
8.7016 128 71 128 71 100.0000 -0.0000 34.2553
8.7029 124 75 124 75 100.0000 -0.0000 34.3879
8.7041 132 67 132 67 100.0000 -0.0000 34.4249
8.7054 129 70 129 70 100.0000 -0.0000 34.5045
8.7066 131 68 131 68 100.0000 -0.0000 34.5534
8.7079 126 73 126 73 100.0000 -0.0000 34.6121
8.7091 129 70 129 70 100.0000 -0.0000 34.6379
8.7104 133 66 133 66 100.0000 -0.0000 34.6123
8.7116 126 73 126 73 100.0000 -0.0000 34.6676
8.7129 132 67 132 67 100.0000 -0.0000 34.6541
8.7141 128 71 128 71 100.0000 -0.0000 34.6937
8.7154 124 75 124 75 100.0000 -0.0000 34.7782
8.7167 126 73 126 73 100.0000 -0.0000 34.8369
8.7179 129 70 129 70 100.0000 -0.0000 34.8873
8.7192 127 72 127 72 100.0000 -0.0000 34.9690
8.7204 132 67 132 67 100.0000 -0.0000 34.9882
8.7217 132 67 132 67 100.0000 -0.0000 35.0092
8.7229 128 71 128 71 100.0000 -0.0000 35.1262
8.7242 129 70 129 70 100.0000 -0.0000 35.2251
8.7255 133 66 133 66 100.0000 -0.0000 35.2747
8.7267 132 67 132 67 100.0000 -0.0000 35.3420
8.7280 126 73 126 73 100.0000 -0.0000 35.5172
8.7292 137 62 137 62 100.0000 -0.0000 35.5604
8.7305 122 77 122 77 100.0000 -0.0000 35.7849
8.7318 131 68 131 68 100.0000 -0.0000 35.9013
8.7330 126 73 126 73 100.0000 -0.0000 36.0954
8.7344 128 71 128 71 100.0000 -0.0000 36.2693
8.7358 131 68 131 68 100.0000 -0.0000 36.3998
8.7371 133 66 133 66 100.0000 -0.0000 36.5192
8.7384 133 66 133 66 100.0000 -0.0000 36.6260
8.7397 130 69 130 69 100.0000 -0.0000 36.7773
8.7410 125 74 125 74 100.0000 -0.0000 36.9876
8.7423 134 65 134 65 100.0000 -0.0000 37.0787
8.7435 132 67 132 67 100.0000 -0.0000 37.1971
8.7448 129 70 129 70 100.0000 -0.0000 37.3521
8.7460 142 57 142 57 100.0000 -0.0000 37.3474
8.7473 135 64 135 64 100.0000 -0.0000 37.4283
8.7486 139 60 139 60 100.0000 -0.0000 37.4583
8.7498 138 61 138 61 100.0000 -0.0000 37.5007
8.7511 139 60 139 60 100.0000 -0.0000 37.5355
8.7524 133 66 133 66 100.0000 -0.0000 37.6404
8.7537 135 64 135 64 100.0000 -0.0000 37.7164
8.7550 140 59 140 59 100.0000 -0.0000 37.7237
8.7562 140 59 140 59 100.0000 -0.0000 37.7323
8.7575 134 65 134 65 100.0000 -0.0000 37.8086
8.7588 144 55 144 55 100.0000 -0.0000 37.7698
8.7601 143 56 143 56 100.0000 -0.0000 37.7414
8.7613 141 58 141 58 100.0000 -0.0000 37.7411
8.7626 134 65 134 65 100.0000 -0.0000 37.8293
8.7639 133 66 133 66 100.0000 -0.0000 37.9257
8.7651 135 64 135 64 100.0000 -0.0000 38.0049
8.7664 140 59 140 59 100.0000 -0.0000 38.0171
8.7677 142 57 142 57 100.0000 -0.0000 38.0172
8.7689 144 55 144 55 100.0000 -0.0000 37.9939
8.7702 145 54 145 54 100.0000 -0.0000 37.9590
8.7715 142 57 142 57 100.0000 -0.0000 37.9638
8.7727 140 59 140 59 100.0000 -0.0000 38.0273
8.7740 141 58 141 58 100.0000 -0.0000 38.0719
8.7752 138 61 138 61 100.0000 -0.0000 38.1572
8.7764 145 54 145 54 100.0000 -0.0000 38.1591
8.7777 135 64 135 64 100.0000 -0.0000 38.3109
8.7789 141 58 141 58 100.0000 -0.0000 38.3777
8.7802 135 64 135 64 100.0000 -0.0000 38.5238
8.7815 147 52 147 52 100.0000 -0.0000 38.5315
8.7827 135 64 135 64 100.0000 -0.0000 38.6860
8.7840 134 65 134 65 100.0000 -0.0000 38.8550
8.7852 144 55 144 55 100.0000 -0.0000 38.8876
8.7865 139 60 139 60 100.0000 -0.0000 38.9556
8.7878 146 53 146 53 100.0000 -0.0000 38.9443
8.7891 145 54 145 54 100.0000 -0.0000 38.9392
8.7904 143 56 143 56 100.0000 -0.0000 38.9640
8.7917 142 57 142 57 100.0000 -0.0000 38.9547
8.7930 146 53 146 53 100.0000 -0.0000 38.8939
8.7943 145 54 145 54 100.0000 -0.0000 38.8465
8.7955 141 58 141 58 100.0000 -0.0000 38.8494
8.7968 146 53 146 53 100.0000 -0.0000 38.7441
8.7981 140 59 140 59 100.0000 -0.0000 38.7117
8.7994 150 49 150 49 100.0000 -0.0000 38.5522
8.8007 143 56 143 56 100.0000 -0.0000 38.4777
8.8020 147 52 147 52 100.0000 -0.0000 38.3066
8.8032 148 51 148 51 100.0000 -0.0000 38.1293
8.8045 140 59 140 59 100.0000 -0.0000 38.0562
8.8058 137 62 137 62 100.0000 -0.0000 38.0246
8.8070 138 61 138 61 100.0000 -0.0000 37.9491
8.8083 143 56 143 56 100.0000 -0.0000 37.8119
8.8096 143 56 143 56 100.0000 -0.0000 37.6779
8.8108 130 69 130 69 100.0000 -0.0000 37.6964
8.8121 138 61 138 61 100.0000 -0.0000 37.5995
8.8133 143 56 143 56 100.0000 -0.0000 37.4372
8.8146 147 52 147 52 100.0000 -0.0000 37.2327
8.8159 135 64 135 64 100.0000 -0.0000 37.1734
8.8172 149 50 149 50 100.0000 -0.0000 36.9361
8.8184 144 55 144 55 100.0000 -0.0000 36.7611
8.8197 139 60 139 60 100.0000 -0.0000 36.6449
8.8210 138 61 138 61 100.0000 -0.0000 36.5423
8.8223 144 55 144 55 100.0000 -0.0000 36.3690
8.8236 142 57 142 57 100.0000 -0.0000 36.2105
8.8248 145 54 145 54 100.0000 -0.0000 36.0251
8.8261 146 53 146 53 100.0000 -0.0000 35.8219
8.8274 144 55 144 55 100.0000 -0.0000 35.6544
8.8287 143 56 143 56 100.0000 -0.0000 35.4876
8.8300 141 58 141 58 100.0000 -0.0000 35.3551
8.8312 147 52 147 52 100.0000 -0.0000 35.1629
8.8325 136 63 136 63 100.0000 -0.0000 35.1039
8.8338 146 53 146 53 100.0000 -0.0000 34.9212
8.8351 146 53 146 53 100.0000 -0.0000 34.7341
8.8363 150 49 150 49 100.0000 -0.0000 34.5292
8.8376 146 53 146 53 100.0000 -0.0000 34.3711
8.8389 151 48 151 48 100.0000 -0.0000 34.1441
8.8402 145 54 145 54 100.0000 -0.0000 33.9961
8.8415 154 45 154 45 100.0000 -0.0000 33.7706
8.8428 153 46 153 46 100.0000 -0.0000 33.5500
8.8440 148 51 148 51 100.0000 -0.0000 33.3959
8.8453 150 49 150 49 100.0000 -0.0000 33.2218
8.8466 153 46 153 46 100.0000 -0.0000 33.0149
8.8479 150 49 150 49 100.0000 -0.0000 32.8431
8.8491 144 55 144 55 100.0000 -0.0000 32.7567
8.8504 152 47 152 47 100.0000 -0.0000 32.5690
8.8517 146 53 146 53 100.0000 -0.0000 32.4462
8.8530 148 51 148 51 100.0000 -0.0000 32.3013
8.8542 148 51 148 51 100.0000 -0.0000 32.1591
8.8555 152 47 152 47 100.0000 -0.0000 31.9665
8.8568 150 49 150 49 100.0000 -0.0000 31.7553
8.8581 158 41 158 41 100.0000 -0.0000 31.4452
8.8593 145 54 145 54 100.0000 -0.0000 31.3056
8.8606 147 52 147 52 100.0000 -0.0000 31.1417
8.8619 152 47 152 47 100.0000 -0.0000 30.8647
8.8632 156 43 156 43 100.0000 -0.0000 30.5281
8.8644 148 51 148 51 100.0000 -0.0000 30.3027
8.8657 152 47 152 47 100.0000 -0.0000 30.0256
8.8670 157 42 157 42 100.0000 -0.0000 29.6220
8.8683 156 43 156 43 100.0000 -0.0000 29.2351
8.8696 152 47 152 47 100.0000 -0.0000 28.9048
8.8709 155 44 155 44 100.0000 -0.0000 28.4774
8.8721 164 35 164 35 100.0000 -0.0000 27.9311
8.8734 162 37 162 37 100.0000 -0.0000 27.4245
8.8747 165 34 165 34 100.0000 -0.0000 26.8816
8.8760 151 48 151 48 100.0000 -0.0000 26.4606
8.8772 155 44 155 44 100.0000 -0.0000 25.9933
8.8785 168 31 168 31 100.0000 -0.0000 25.3543
8.8798 160 39 160 39 100.0000 -0.0000 24.8362
8.8811 152 47 152 47 100.0000 -0.0000 24.3789
8.8823 158 41 158 41 100.0000 -0.0000 23.8597
8.8836 147 52 147 52 100.0000 -0.0000 23.4731
8.8849 152 47 152 47 100.0000 -0.0000 23.0396
8.8862 154 45 154 45 100.0000 -0.0000 22.5383
8.8874 148 51 148 51 100.0000 -0.0000 22.1220
8.8887 163 36 163 36 100.0000 -0.0000 21.5107
8.8900 160 39 160 39 100.0000 -0.0000 20.9634
8.8913 161 38 161 38 100.0000 -0.0000 20.3809
8.8925 152 47 152 47 100.0000 -0.0000 19.9349
8.8938 154 45 154 45 100.0000 -0.0000 19.4633
8.8951 155 44 155 44 100.0000 -0.0000 18.9795
8.8964 149 50 149 50 100.0000 -0.0000 18.5623
8.8976 154 45 154 45 100.0000 -0.0000 18.0830
8.8989 160 39 160 39 100.0000 -0.0000 17.5445
8.9002 163 36 163 36 100.0000 -0.0000 16.9645
8.9014 156 43 156 43 100.0000 -0.0000 16.4606
8.9027 151 48 151 48 100.0000 -0.0000 16.0360
8.9039 160 39 160 39 100.0000 -0.0000 15.4895
8.9052 152 47 152 47 100.0000 -0.0000 15.0539
8.9064 153 46 153 46 100.0000 -0.0000 14.5725
8.9077 147 52 147 52 100.0000 -0.0000 14.1706
8.9089 157 42 157 42 100.0000 -0.0000 13.6487
8.9102 156 43 156 43 100.0000 -0.0000 13.1421
8.9114 145 54 145 54 100.0000 -0.0000 12.7232
8.9127 147 52 147 52 100.0000 -0.0000 12.2948
8.9140 152 47 152 47 100.0000 -0.0000 11.8066
8.9152 147 52 147 52 100.0000 -0.0000 11.3758
8.9165 148 51 148 51 100.0000 -0.0000 10.8963
8.9178 154 45 154 45 100.0000 -0.0000 10.3350
8.9190 143 56 143 56 100.0000 -0.0000 9.9163
8.9203 142 57 142 57 100.0000 -0.0000 9.4807
8.9216 144 55 144 55 100.0000 -0.0000 9.0286
8.9228 144 55 144 55 100.0000 -0.0000 8.5836
8.9241 146 53 146 53 100.0000 -0.0000 8.1112
8.9253 144 55 144 55 100.0000 -0.0000 7.6674
8.9266 138 61 138 61 100.0000 -0.0000 7.3093
8.9278 148 51 148 51 100.0000 -0.0000 6.8195
8.9291 150 49 150 49 100.0000 -0.0000 6.3158
8.9304 133 66 133 66 100.0000 -0.0000 6.0330
8.9316 137 62 137 62 100.0000 -0.0000 5.7109
8.9330 142 57 142 57 100.0000 -0.0000 5.3034
8.9342 129 70 129 70 100.0000 -0.0000 5.0894
8.9355 137 62 137 62 100.0000 -0.0000 4.8099
8.9368 139 60 139 60 100.0000 -0.0000 4.5011
8.9381 141 58 141 58 100.0000 -0.0000 4.1718
8.9393 136 63 136 63 100.0000 -0.0000 3.9171
8.9406 135 64 135 64 100.0000 -0.0000 3.6879
8.9419 135 64 135 64 100.0000 -0.0000 3.4633
8.9431 138 61 138 61 100.0000 -0.0000 3.2078
8.9444 128 71 128 71 100.0000 -0.0000 3.0718
8.9457 125 74 125 74 100.0000 -0.0000 2.9767
8.9470 128 71 128 71 100.0000 -0.0000 2.8413
8.9483 124 75 124 75 100.0000 -0.0000 2.7574
8.9496 122 77 122 77 100.0000 -0.0000 2.6971
8.9508 112 87 112 87 100.0000 -0.0000 2.7297
8.9521 123 76 123 76 100.0000 -0.0000 2.6096
8.9534 113 86 113 86 100.0000 -0.0000 2.6149
8.9547 117 82 117 82 100.0000 -0.0000 2.5761
8.9560 126 73 126 73 100.0000 -0.0000 2.3452
8.9572 114 85 114 85 100.0000 -0.0000 2.2716
8.9585 118 81 118 81 100.0000 -0.0000 2.1509
8.9598 120 79 120 79 100.0000 -0.0000 1.9960
8.9610 124 75 124 75 100.0000 -0.0000 1.7032
8.9623 116 83 116 83 100.0000 -0.0000 1.5148
8.9635 120 79 120 79 100.0000 -0.0000 1.2760
8.9648 112 87 112 87 100.0000 -0.0000 1.1324
8.9661 114 85 114 85 100.0000 -0.0000 0.8759
8.9674 113 86 113 86 100.0000 -0.0000 0.6367
8.9687 109 90 109 90 100.0000 -0.0000 0.4456
8.9700 108 91 108 91 100.0000 -0.0000 0.1846
8.9713 109 90 109 90 100.0000 -0.0000 -0.0899
8.9726 110 89 110 89 100.0000 -0.0000 -0.3674
8.9739 111 88 111 88 100.0000 -0.0000 -0.6616
8.9752 112 87 112 87 100.0000 -0.0000 -1.0230
8.9764 115 84 115 84 100.0000 -0.0000 -1.4160
8.9777 117 82 117 82 100.0000 -0.0000 -1.8302
8.9790 116 83 116 83 100.0000 -0.0000 -2.2202
8.9802 103 96 103 96 100.0000 -0.0000 -2.4991
8.9815 108 91 108 91 100.0000 -0.0000 -2.8388
8.9828 104 95 104 95 100.0000 -0.0000 -3.1338
8.9840 110 89 110 89 100.0000 -0.0000 -3.4950
8.9853 106 93 106 93 100.0000 -0.0000 -3.8371
8.9866 112 87 112 87 100.0000 -0.0000 -4.2620
8.9879 102 97 102 97 100.0000 -0.0000 -4.5459
8.9891 110 89 110 89 100.0000 -0.0000 -4.9292
8.9904 106 93 106 93 100.0000 -0.0000 -5.2894
8.9917 98 101 98 101 100.0000 -0.0000 -5.5454
8.9930 107 92 107 92 100.0000 -0.0000 -5.9092
8.9943 113 86 113 86 100.0000 -0.0000 -6.3531
8.9955 103 96 103 96 100.0000 -0.0000 -6.6691
8.9968 113 86 113 86 100.0000 -0.0000 -7.1111
8.9981 120 79 120 79 100.0000 -0.0000 -7.6500
8.9994 110 89 110 89 100.0000 -0.0000 -8.0509
9.0006 106 93 106 93 100.0000 -0.0000 -8.4077
9.0019 105 94 105 94 100.0000 -0.0000 -8.7485
9.0031 110 89 110 89 100.0000 -0.0000 -9.1394
9.0044 111 88 111 88 100.0000 -0.0000 -9.5395
9.0056 111 88 111 88 100.0000 -0.0000 -9.9438
9.0069 112 87 112 87 100.0000 -0.0000 -10.3553
9.0082 105 94 105 94 100.0000 -0.0000 -10.6823
9.0094 108 91 108 91 100.0000 -0.0000 -11.0486
9.0107 112 87 112 87 100.0000 -0.0000 -11.4765
9.0120 110 89 110 89 100.0000 -0.0000 -11.8667
9.0133 112 87 112 87 100.0000 -0.0000 -12.2801
9.0145 109 90 109 90 100.0000 -0.0000 -12.6547
9.0158 123 76 123 76 100.0000 -0.0000 -13.2115
9.0170 111 88 111 88 100.0000 -0.0000 -13.6083
9.0183 115 84 115 84 100.0000 -0.0000 -14.0550
9.0195 115 84 115 84 100.0000 -0.0000 -14.5133
9.0208 108 91 108 91 100.0000 -0.0000 -14.8748
9.0221 110 89 110 89 100.0000 -0.0000 -15.2644
9.0233 119 80 119 80 100.0000 -0.0000 -15.7610
9.0246 109 90 109 90 100.0000 -0.0000 -16.1514
9.0258 116 83 116 83 100.0000 -0.0000 -16.6176
9.0271 114 85 114 85 100.0000 -0.0000 -17.0601
9.0283 118 81 118 81 100.0000 -0.0000 -17.5452
9.0296 118 81 118 81 100.0000 -0.0000 -18.0553
9.0308 119 80 119 80 100.0000 -0.0000 -18.5723
9.0321 116 83 116 83 100.0000 -0.0000 -19.0515
9.0333 114 85 114 85 100.0000 -0.0000 -19.4946
9.0346 119 80 119 80 100.0000 -0.0000 -20.0281
9.0359 119 80 119 80 100.0000 -0.0000 -20.5682
9.0372 123 76 123 76 100.0000 -0.0000 -21.1358
9.0385 115 84 115 84 100.0000 -0.0000 -21.6126
9.0398 110 89 110 89 100.0000 -0.0000 -22.0661
9.0411 115 84 115 84 100.0000 -0.0000 -22.5625
9.0423 121 78 121 78 100.0000 -0.0000 -23.1188
9.0436 116 83 116 83 100.0000 -0.0000 -23.6296
9.0449 124 75 124 75 100.0000 -0.0000 -24.2681
9.0462 113 86 113 86 100.0000 -0.0000 -24.7531
9.0474 114 85 114 85 100.0000 -0.0000 -25.2439
9.0487 110 89 110 89 100.0000 -0.0000 -25.6861
9.0500 106 93 106 93 100.0000 -0.0000 -26.1202
9.0513 112 87 112 87 100.0000 -0.0000 -26.6173
9.0525 114 85 114 85 100.0000 -0.0000 -27.1388
9.0538 110 89 110 89 100.0000 -0.0000 -27.6058
9.0551 108 91 108 91 100.0000 -0.0000 -28.0954
9.0563 109 90 109 90 100.0000 -0.0000 -28.5942
9.0576 114 85 114 85 100.0000 -0.0000 -29.1444
9.0589 111 88 111 88 100.0000 -0.0000 -29.6614
9.0602 108 91 108 91 100.0000 -0.0000 -30.1697
9.0614 110 89 110 89 100.0000 -0.0000 -30.7037
9.0627 105 94 105 94 100.0000 -0.0000 -31.1646
9.0640 100 99 100 99 100.0000 -0.0000 -31.5691
9.0652 102 97 102 97 100.0000 -0.0000 -32.0097
9.0665 101 98 101 98 100.0000 -0.0000 -32.4311
9.0678 92 107 92 107 100.0000 -0.0000 -32.7441
9.0691 84 115 84 115 100.0000 -0.0000 -32.9224
9.0704 95 104 95 104 100.0000 -0.0000 -33.2353
9.0717 87 112 87 112 100.0000 -0.0000 -33.4482
9.0729 94 105 94 105 100.0000 -0.0000 -33.7539
9.0742 96 103 96 103 100.0000 -0.0000 -34.0292
9.0755 84 115 84 115 100.0000 -0.0000 -34.1448
9.0767 83 116 83 116 100.0000 -0.0000 -34.2504
9.0780 81 118 81 118 100.0000 -0.0000 -34.3363
9.0793 89 110 89 110 100.0000 -0.0000 -34.4630
9.0805 91 108 91 108 100.0000 -0.0000 -34.6118
9.0818 85 114 85 114 100.0000 -0.0000 -34.6857
9.0831 78 121 78 121 100.0000 -0.0000 -34.6804
9.0844 79 120 79 120 100.0000 -0.0000 -34.6351
9.0856 79 120 79 120 100.0000 -0.0000 -34.5848
9.0869 86 113 86 113 100.0000 -0.0000 -34.6237
9.0882 75 124 75 124 100.0000 -0.0000 -34.5147
9.0894 77 122 77 122 100.0000 -0.0000 -34.4158
9.0906 83 116 83 116 100.0000 -0.0000 -34.3962
9.0919 76 123 76 123 100.0000 -0.0000 -34.2954
9.0932 85 114 85 114 100.0000 -0.0000 -34.3170
9.0945 81 118 81 118 100.0000 -0.0000 -34.3002
9.0958 83 116 83 116 100.0000 -0.0000 -34.3019
9.0971 75 124 75 124 100.0000 -0.0000 -34.2107
9.0984 77 122 77 122 100.0000 -0.0000 -34.1442
9.0997 78 121 78 121 100.0000 -0.0000 -34.1387
9.1010 80 119 80 119 100.0000 -0.0000 -34.1639
9.1022 79 120 79 120 100.0000 -0.0000 -34.1751
9.1035 76 123 76 123 100.0000 -0.0000 -34.1486
9.1048 78 121 78 121 100.0000 -0.0000 -34.2265
9.1061 85 114 85 114 100.0000 -0.0000 -34.3850
9.1073 77 122 77 122 100.0000 -0.0000 -34.4384
9.1086 72 127 72 127 100.0000 -0.0000 -34.4324
9.1099 73 126 73 126 100.0000 -0.0000 -34.5200
9.1111 85 114 85 114 100.0000 -0.0000 -34.7465
9.1124 82 117 82 117 100.0000 -0.0000 -34.9491
9.1137 76 123 76 123 100.0000 -0.0000 -35.1299
9.1149 77 122 77 122 100.0000 -0.0000 -35.3202
9.1162 70 129 70 129 100.0000 -0.0000 -35.4246
9.1175 70 129 70 129 100.0000 -0.0000 -35.5259
9.1188 78 121 78 121 100.0000 -0.0000 -35.7767
9.1201 78 121 78 121 100.0000 -0.0000 -36.0207
9.1213 67 132 67 132 100.0000 -0.0000 -36.1186
9.1226 72 127 72 127 100.0000 -0.0000 -36.2803
9.1239 78 121 78 121 100.0000 -0.0000 -36.5511
9.1252 76 123 76 123 100.0000 -0.0000 -36.7993
9.1264 74 125 74 125 100.0000 -0.0000 -37.0194
9.1277 78 121 78 121 100.0000 -0.0000 -37.2803
9.1290 69 130 69 130 100.0000 -0.0000 -37.4541
9.1302 76 123 76 123 100.0000 -0.0000 -37.7073
9.1315 71 128 71 128 100.0000 -0.0000 -37.9036
9.1327 72 127 72 127 100.0000 -0.0000 -38.1027
9.1339 68 131 68 131 100.0000 -0.0000 -38.2800
9.1352 72 127 72 127 100.0000 -0.0000 -38.5102
9.1364 78 121 78 121 100.0000 -0.0000 -38.8046
9.1377 79 120 79 120 100.0000 -0.0000 -39.1087
9.1389 74 125 74 125 100.0000 -0.0000 -39.3740
9.1402 73 126 73 126 100.0000 -0.0000 -39.6243
9.1415 73 126 73 126 100.0000 -0.0000 -39.8808
9.1428 76 123 76 123 100.0000 -0.0000 -40.1646
9.1441 71 128 71 128 100.0000 -0.0000 -40.3985
9.1453 69 130 69 130 100.0000 -0.0000 -40.6099
9.1466 68 131 68 131 100.0000 -0.0000 -40.8088
9.1479 66 133 66 133 100.0000 -0.0000 -40.9805
9.1492 74 125 74 125 100.0000 -0.0000 -41.2479
9.1505 69 130 69 130 100.0000 -0.0000 -41.4465
9.1518 66 133 66 133 100.0000 -0.0000 -41.6127
9.1530 70 129 70 129 100.0000 -0.0000 -41.8224
9.1543 58 141 58 141 100.0000 -0.0000 -41.8641
9.1556 74 125 74 125 100.0000 -0.0000 -42.1019
9.1569 64 135 64 135 100.0000 -0.0000 -42.2146
9.1582 59 140 59 140 100.0000 -0.0000 -42.2675
9.1594 75 124 75 124 100.0000 -0.0000 -42.4794
9.1607 75 124 75 124 100.0000 -0.0000 -42.6919
9.1620 75 124 75 124 100.0000 -0.0000 -42.9025
9.1633 58 141 58 141 100.0000 -0.0000 -42.8490
9.1646 61 138 61 138 100.0000 -0.0000 -42.8371
9.1659 64 135 64 135 100.0000 -0.0000 -42.8631
9.1671 65 134 65 134 100.0000 -0.0000 -42.9001
9.1684 57 142 57 142 100.0000 -0.0000 -42.7932
9.1697 65 134 65 134 100.0000 -0.0000 -42.7755
9.1710 68 131 68 131 100.0000 -0.0000 -42.8099
9.1723 69 130 69 130 100.0000 -0.0000 -42.8555
9.1736 72 127 72 127 100.0000 -0.0000 -42.9010
9.1748 73 126 73 126 100.0000 -0.0000 -42.9587
9.1761 64 135 64 135 100.0000 -0.0000 -42.9047
9.1774 66 133 66 133 100.0000 -0.0000 -42.8767
9.1787 64 135 64 135 100.0000 -0.0000 -42.8266
9.1800 64 135 64 135 100.0000 -0.0000 -42.7746
9.1813 67 132 67 132 100.0000 -0.0000 -42.7585
9.1825 61 138 61 138 100.0000 -0.0000 -42.6676
9.1838 59 140 59 140 100.0000 -0.0000 -42.5949
9.1851 70 129 70 129 100.0000 -0.0000 -42.6601
9.1864 62 137 62 137 100.0000 -0.0000 -42.6196
9.1877 60 139 60 139 100.0000 -0.0000 -42.5585
9.1889 68 131 68 131 100.0000 -0.0000 -42.6719
9.1902 65 134 65 134 100.0000 -0.0000 -42.7375
9.1914 63 136 63 136 100.0000 -0.0000 -42.7841
9.1927 64 135 64 135 100.0000 -0.0000 -42.8435
9.1940 54 145 54 145 100.0000 -0.0000 -42.8701
9.1952 75 124 75 124 100.0000 -0.0000 -43.1516
9.1965 68 131 68 131 100.0000 -0.0000 -43.3464
9.1978 65 134 65 134 100.0000 -0.0000 -43.5096
9.1990 64 135 64 135 100.0000 -0.0000 -43.7435
9.2003 72 127 72 127 100.0000 -0.0000 -44.0743
9.2016 70 129 70 129 100.0000 -0.0000 -44.3734
9.2029 73 126 73 126 100.0000 -0.0000 -44.7140
9.2042 69 130 69 130 100.0000 -0.0000 -45.0666
9.2055 65 134 65 134 100.0000 -0.0000 -45.3657
9.2067 65 134 65 134 100.0000 -0.0000 -45.6648
9.2080 67 132 67 132 100.0000 -0.0000 -46.0164
9.2093 68 131 68 131 100.0000 -0.0000 -46.3803
9.2106 66 133 66 133 100.0000 -0.0000 -46.7180
9.2119 68 131 68 131 100.0000 -0.0000 -47.0807
9.2132 64 135 64 135 100.0000 -0.0000 -47.3930
9.2144 65 134 65 134 100.0000 -0.0000 -47.7181
9.2157 63 136 63 136 100.0000 -0.0000 -48.0204
9.2170 69 130 69 130 100.0000 -0.0000 -48.3887
9.2183 66 133 66 133 100.0000 -0.0000 -48.7197
9.2195 67 132 67 132 100.0000 -0.0000 -49.0558
9.2208 61 138 61 138 100.0000 -0.0000 -49.3113
9.2221 62 137 62 137 100.0000 -0.0000 -49.5792
9.2234 61 138 61 138 100.0000 -0.0000 -49.8264
9.2247 59 140 59 140 100.0000 -0.0000 -50.0380
9.2259 59 140 59 140 100.0000 -0.0000 -50.2444
9.2272 63 136 63 136 100.0000 -0.0000 -50.5031
9.2285 59 140 59 140 100.0000 -0.0000 -50.7203
9.2298 68 131 68 131 100.0000 -0.0000 -51.0461
9.2311 65 134 65 134 100.0000 -0.0000 -51.3330
9.2324 56 143 56 143 100.0000 -0.0000 -51.5028
9.2337 69 130 69 130 100.0000 -0.0000 -51.8666
9.2349 65 134 65 134 100.0000 -0.0000 -52.1667
9.2362 65 134 65 134 100.0000 -0.0000 -52.4587
9.2374 52 147 52 147 100.0000 -0.0000 -52.5848
9.2387 65 134 65 134 100.0000 -0.0000 -52.9146
9.2400 65 134 65 134 100.0000 -0.0000 -53.2432
9.2412 62 137 62 137 100.0000 -0.0000 -53.5227
9.2425 61 138 61 138 100.0000 -0.0000 -53.7896
9.2437 60 139 60 139 100.0000 -0.0000 -54.0874
9.2450 64 135 64 135 100.0000 -0.0000 -54.4373
9.2463 56 143 56 143 100.0000 -0.0000 -54.6785
9.2475 55 144 55 144 100.0000 -0.0000 -54.9065
9.2488 62 137 62 137 100.0000 -0.0000 -55.2707
9.2501 60 139 60 139 100.0000 -0.0000 -55.6086
9.2514 59 140 59 140 100.0000 -0.0000 -55.9287
9.2526 58 141 58 141 100.0000 -0.0000 -56.2827
9.2539 52 147 52 147 100.0000 -0.0000 -56.5622
9.2552 56 143 56 143 100.0000 -0.0000 -56.8886
9.2564 59 140 59 140 100.0000 -0.0000 -57.2421
9.2577 60 139 60 139 100.0000 -0.0000 -57.6540
9.2590 62 137 62 137 100.0000 -0.0000 -58.0874
9.2602 53 146 53 146 100.0000 -0.0000 -58.4083
9.2615 53 146 53 146 100.0000 -0.0000 -58.7182
9.2628 62 137 62 137 100.0000 -0.0000 -59.1844
9.2641 66 133 66 133 100.0000 -0.0000 -59.7143
9.2653 59 140 59 140 100.0000 -0.0000 -60.1377
9.2666 60 139 60 139 100.0000 -0.0000 -60.5657
9.2679 53 146 53 146 100.0000 -0.0000 -60.9419
9.2692 51 148 51 148 100.0000 -0.0000 -61.3048
9.2705 54 145 54 145 100.0000 -0.0000 -61.6963
9.2718 51 148 51 148 100.0000 -0.0000 -62.0329
9.2731 56 143 56 143 100.0000 -0.0000 -62.4679
9.2743 61 138 61 138 100.0000 -0.0000 -62.9651
9.2756 65 134 65 134 100.0000 -0.0000 -63.5007
9.2768 56 143 56 143 100.0000 -0.0000 -63.9225
9.2781 56 143 56 143 100.0000 -0.0000 -64.3731
9.2794 65 134 65 134 100.0000 -0.0000 -64.9387
9.2807 54 145 54 145 100.0000 -0.0000 -65.3633
9.2819 49 150 49 150 100.0000 -0.0000 -65.7145
9.2832 64 135 64 135 100.0000 -0.0000 -66.2707
9.2845 61 138 61 138 100.0000 -0.0000 -66.7875
9.2858 69 130 69 130 100.0000 -0.0000 -67.3952
9.2871 58 141 58 141 100.0000 -0.0000 -67.8661
9.2884 57 142 57 142 100.0000 -0.0000 -68.3173
9.2896 56 143 56 143 100.0000 -0.0000 -68.7492
9.2909 53 146 53 146 100.0000 -0.0000 -69.1340
9.2921 62 137 62 137 100.0000 -0.0000 -69.6314
9.2934 57 142 57 142 100.0000 -0.0000 -70.0570
9.2946 52 147 52 147 100.0000 -0.0000 -70.4193
9.2959 59 140 59 140 100.0000 -0.0000 -70.8604
9.2971 49 150 49 150 100.0000 -0.0000 -71.1865
9.2984 59 140 59 140 100.0000 -0.0000 -71.6232
9.2997 60 139 60 139 100.0000 -0.0000 -72.0743
9.3009 53 146 53 146 100.0000 -0.0000 -72.4210
9.3022 65 134 65 134 100.0000 -0.0000 -72.9152
9.3035 60 139 60 139 100.0000 -0.0000 -73.3448
9.3048 61 138 61 138 100.0000 -0.0000 -73.7928
9.3060 62 137 62 137 100.0000 -0.0000 -74.2451
9.3073 55 144 55 144 100.0000 -0.0000 -74.6201
9.3086 56 143 56 143 100.0000 -0.0000 -75.0147
9.3098 56 143 56 143 100.0000 -0.0000 -75.3931
9.3111 60 139 60 139 100.0000 -0.0000 -75.8170
9.3123 53 146 53 146 100.0000 -0.0000 -76.1863
9.3136 47 152 47 152 100.0000 -0.0000 -76.4756
9.3148 56 143 56 143 100.0000 -0.0000 -76.8757
9.3161 56 143 56 143 100.0000 -0.0000 -77.2720
9.3173 69 130 69 130 100.0000 -0.0000 -77.8854
9.3185 59 140 59 140 100.0000 -0.0000 -78.3695
9.3197 66 133 66 133 100.0000 -0.0000 -78.9383
9.3210 64 135 64 135 100.0000 -0.0000 -79.4819
9.3222 58 141 58 141 100.0000 -0.0000 -80.0324
9.3234 60 139 60 139 100.0000 -0.0000 -80.6084
9.3247 65 134 65 134 100.0000 -0.0000 -81.2451
9.3259 62 137 62 137 100.0000 -0.0000 -81.8316
9.3271 57 142 57 142 100.0000 -0.0000 -82.4729
9.3284 57 142 57 142 100.0000 -0.0000 -83.1063
9.3296 71 128 71 128 100.0000 -0.0000 -83.9152
9.3309 65 134 65 134 100.0000 -0.0000 -84.6455
9.3321 71 128 71 128 100.0000 -0.0000 -85.5623
9.3334 67 132 67 132 100.0000 -0.0000 -86.4384
9.3347 71 128 71 128 100.0000 -0.0000 -87.3448
9.3360 68 131 68 131 100.0000 -0.0000 -88.2429
9.3373 69 130 69 130 100.0000 -0.0000 -89.1803
9.3386 73 126 73 126 100.0000 -0.0000 -90.1620
9.3398 70 129 70 129 100.0000 -0.0000 -91.0912
9.3411 71 128 71 128 100.0000 -0.0000 -92.0292
9.3424 71 128 71 128 100.0000 -0.0000 -93.0242
9.3437 65 134 65 134 100.0000 -0.0000 -93.8879
9.3449 56 143 56 143 100.0000 -0.0000 -94.6419
9.3462 65 134 65 134 100.0000 -0.0000 -95.4961
9.3475 75 124 75 124 100.0000 -0.0000 -96.4249
9.3488 62 137 62 137 100.0000 -0.0000 -97.1899
9.3500 75 124 75 124 100.0000 -0.0000 -98.1180
9.3513 75 124 75 124 100.0000 -0.0000 -99.0350
9.3526 64 135 64 135 100.0000 -0.0000 -99.7254
9.3539 67 132 67 132 100.0000 -0.0000 -100.4323
9.3551 69 130 69 130 100.0000 -0.0000 -101.1657
9.3564 64 135 64 135 100.0000 -0.0000 -101.8220
9.3577 61 138 61 138 100.0000 -0.0000 -102.3561
9.3590 61 138 61 138 100.0000 -0.0000 -102.9001
9.3603 57 142 57 142 100.0000 -0.0000 -103.3901
9.3616 65 134 65 134 100.0000 -0.0000 -103.9766
9.3629 58 141 58 141 100.0000 -0.0000 -104.4042
9.3641 57 142 57 142 100.0000 -0.0000 -104.8092
9.3654 50 149 50 149 100.0000 -0.0000 -105.1261
9.3667 60 139 60 139 100.0000 -0.0000 -105.5552
9.3680 56 143 56 143 100.0000 -0.0000 -105.9117
9.3693 50 149 50 149 100.0000 -0.0000 -106.2033
9.3706 46 153 46 153 100.0000 -0.0000 -106.4489
9.3719 46 153 46 153 100.0000 -0.0000 -106.6651
9.3732 46 153 46 153 100.0000 -0.0000 -106.9037
9.3744 42 157 42 157 100.0000 -0.0000 -107.0811
9.3757 39 160 39 160 100.0000 -0.0000 -107.2194
9.3770 37 162 37 162 100.0000 -0.0000 -107.3546
9.3783 36 163 36 163 100.0000 -0.0000 -107.4692
9.3796 35 164 35 164 100.0000 -0.0000 -107.5628
9.3809 34 165 34 165 100.0000 -0.0000 -107.6440
9.3822 34 165 34 165 100.0000 -0.0000 -107.7552
9.3834 21 178 21 178 100.0000 -0.0000 -107.6966
9.3847 32 167 32 167 100.0000 -0.0000 -107.7802
9.3860 18 181 18 181 100.0000 -0.0000 -107.6868
9.3873 23 176 23 176 100.0000 -0.0000 -107.7130
9.3886 14 185 14 185 100.0000 -0.0000 -107.6110
9.3898 20 179 20 179 100.0000 -0.0000 -107.5974
9.3911 22 177 22 177 100.0000 -0.0000 -107.6040
9.3924 16 183 16 183 100.0000 -0.0000 -107.6002
9.3936 16 183 16 183 100.0000 -0.0000 -107.6044
9.3949 11 188 11 188 100.0000 -0.0000 -107.5402
9.3962 15 184 15 184 100.0000 -0.0000 -107.5365
9.3974 16 183 16 183 100.0000 -0.0000 -107.6581
9.3987 9 190 9 190 100.0000 -0.0000 -107.6855
9.4000 14 185 14 185 100.0000 -0.0000 -107.7752
9.4012 13 186 13 186 100.0000 -0.0000 -107.8538
9.4025 8 191 8 191 100.0000 -0.0000 -107.9929
9.4038 2 197 2 197 100.0000 -0.0000 -108.0692
9.4051 2 197 2 197 100.0000 -0.0000 -108.1297
9.4063 0 199 0 199 100.0000 -0.0000 -108.3022
9.4076 -1 201 -1 201 100.0000 -0.0000 -108.4437
9.4089 -2 202 -2 202 100.0000 -0.0000 -108.5728
9.4102 1 198 1 198 100.0000 -0.0000 -108.7426
9.4114 6 193 6 193 100.0000 -0.0000 -109.0893
9.4127 -2 202 -2 202 100.0000 -0.0000 -109.3246
9.4140 0 199 0 199 100.0000 -0.0000 -109.5874
9.4152 -1 201 -1 201 100.0000 -0.0000 -109.8314
9.4165 2 197 2 197 100.0000 -0.0000 -110.1990
9.4178 0 199 0 199 100.0000 -0.0000 -110.5443
9.4190 5 194 5 194 100.0000 -0.0000 -110.9466
9.4203 -10 210 -10 210 100.0000 -0.0000 -111.1493
9.4216 -1 201 -1 201 100.0000 -0.0000 -111.5188
9.4228 0 200 0 200 100.0000 -0.0000 -111.8976
9.4241 3 196 3 196 100.0000 -0.0000 -112.3267
9.4254 -6 206 -6 206 100.0000 -0.0000 -112.6286
9.4267 10 189 10 189 100.0000 -0.0000 -113.2062
9.4279 0 200 0 200 100.0000 -0.0000 -113.6423
9.4292 1 198 1 198 100.0000 -0.0000 -114.0879
9.4305 5 194 5 194 100.0000 -0.0000 -114.5896
9.4318 3 196 3 196 100.0000 -0.0000 -115.1144
9.4330 11 188 11 188 100.0000 -0.0000 -115.7392
9.4343 1 198 1 198 100.0000 -0.0000 -116.2275
9.4356 1 198 1 198 100.0000 -0.0000 -116.7101
9.4369 -1 201 -1 201 100.0000 -0.0000 -117.2159
9.4381 12 187 12 187 100.0000 -0.0000 -117.8936
9.4394 2 197 2 197 100.0000 -0.0000 -118.4321
9.4406 5 194 5 194 100.0000 -0.0000 -119.0088
9.4419 0 200 0 200 100.0000 -0.0000 -119.5525
9.4431 6 193 6 193 100.0000 -0.0000 -120.1794
9.4444 0 200 0 200 100.0000 -0.0000 -120.7265
9.4457 3 196 3 196 100.0000 -0.0000 -121.3114
9.4469 2 197 2 197 100.0000 -0.0000 -121.9089
9.4482 -5 205 -5 205 100.0000 -0.0000 -122.4076
9.4495 -8 208 -8 208 100.0000 -0.0000 -122.8653
9.4508 3 196 3 196 100.0000 -0.0000 -123.4590
9.4521 -1 201 -1 201 100.0000 -0.0000 -123.9867
9.4533 0 199 0 199 100.0000 -0.0000 -124.5458
9.4546 3 196 3 196 100.0000 -0.0000 -125.1458
9.4559 -7 207 -7 207 100.0000 -0.0000 -125.5656
9.4572 3 196 3 196 100.0000 -0.0000 -126.1383
9.4585 -8 208 -8 208 100.0000 -0.0000 -126.5553
9.4598 -7 207 -7 207 100.0000 -0.0000 -126.9716
9.4611 -11 211 -11 211 100.0000 -0.0000 -127.3276
9.4623 -4 204 -4 204 100.0000 -0.0000 -127.7664
9.4636 -8 208 -8 208 100.0000 -0.0000 -128.1494
9.4648 -10 210 -10 210 100.0000 -0.0000 -128.5092
9.4661 -7 207 -7 207 100.0000 -0.0000 -128.9150
9.4674 -6 206 -6 206 100.0000 -0.0000 -129.3411
9.4687 -9 209 -9 209 100.0000 -0.0000 -129.7276
9.4699 -9 209 -9 209 100.0000 -0.0000 -130.0992
9.4712 -7 207 -7 207 100.0000 -0.0000 -130.5286
9.4725 -8 208 -8 208 100.0000 -0.0000 -130.9530
9.4737 -8 208 -8 208 100.0000 -0.0000 -131.3741
9.4750 -10 210 -10 210 100.0000 -0.0000 -131.7645
9.4763 -2 202 -2 202 100.0000 -0.0000 -132.3033
9.4776 -11 211 -11 211 100.0000 -0.0000 -132.7262
9.4788 -14 214 -14 214 100.0000 -0.0000 -133.1101
9.4801 -10 210 -10 210 100.0000 -0.0000 -133.5443
9.4814 -19 219 -19 219 100.0000 -0.0000 -133.9113
9.4827 -6 206 -6 206 100.0000 -0.0000 -134.4432
9.4840 -9 209 -9 209 100.0000 -0.0000 -134.9393
9.4852 -22 222 -22 222 100.0000 -0.0000 -135.2647
9.4865 -17 217 -17 217 100.0000 -0.0000 -135.6862
9.4877 -11 211 -11 211 100.0000 -0.0000 -136.1837
9.4890 -16 216 -16 216 100.0000 -0.0000 -136.6100
9.4903 -18 218 -18 218 100.0000 -0.0000 -137.0032
9.4916 -15 215 -15 215 100.0000 -0.0000 -137.4571
9.4928 -13 213 -13 213 100.0000 -0.0000 -137.9337
9.4941 -23 223 -23 223 100.0000 -0.0000 -138.2811
9.4954 -18 218 -18 218 100.0000 -0.0000 -138.6804
9.4966 -14 214 -14 214 100.0000 -0.0000 -139.1371
9.4979 -20 220 -20 220 100.0000 -0.0000 -139.5075
9.4992 -25 225 -25 225 100.0000 -0.0000 -139.8090
9.5004 -30 230 -30 230 100.0000 -0.0000 -140.0389
9.5017 -27 227 -27 227 100.0000 -0.0000 -140.3068
9.5030 -22 222 -22 222 100.0000 -0.0000 -140.6259
9.5042 -29 229 -29 229 100.0000 -0.0000 -140.8669
9.5055 -22 222 -22 222 100.0000 -0.0000 -141.1453
9.5068 -25 225 -25 225 100.0000 -0.0000 -141.4028
9.5081 -30 230 -30 230 100.0000 -0.0000 -141.5829
9.5093 -26 226 -26 226 100.0000 -0.0000 -141.8158
9.5107 -28 228 -28 228 100.0000 -0.0000 -141.9890
9.5119 -30 230 -30 230 100.0000 -0.0000 -142.1286
9.5132 -31 231 -31 231 100.0000 -0.0000 -142.2567
9.5145 -25 225 -25 225 100.0000 -0.0000 -142.4660
9.5157 -25 225 -25 225 100.0000 -0.0000 -142.6309
9.5170 -25 225 -25 225 100.0000 -0.0000 -142.7909
9.5183 -27 227 -27 227 100.0000 -0.0000 -142.9331
9.5196 -34 234 -34 234 100.0000 -0.0000 -142.9742
9.5208 -25 225 -25 225 100.0000 -0.0000 -143.1034
9.5221 -32 232 -32 232 100.0000 -0.0000 -143.1545
9.5234 -27 227 -27 227 100.0000 -0.0000 -143.2592
9.5246 -38 238 -38 238 100.0000 -0.0000 -143.2298
9.5259 -29 229 -29 229 100.0000 -0.0000 -143.3232
9.5271 -26 226 -26 226 100.0000 -0.0000 -143.4480
9.5284 -27 227 -27 227 100.0000 -0.0000 -143.5550
9.5297 -27 227 -27 227 100.0000 -0.0000 -143.6642
9.5310 -34 234 -34 234 100.0000 -0.0000 -143.7234
9.5322 -25 225 -25 225 100.0000 -0.0000 -143.8952
9.5335 -29 229 -29 229 100.0000 -0.0000 -144.0155
9.5348 -26 226 -26 226 100.0000 -0.0000 -144.1783
9.5360 -29 229 -29 229 100.0000 -0.0000 -144.3480
9.5373 -33 233 -33 233 100.0000 -0.0000 -144.4757
9.5386 -21 221 -21 221 100.0000 -0.0000 -144.7487
9.5399 -35 235 -35 235 100.0000 -0.0000 -144.8541
9.5412 -38 238 -38 238 100.0000 -0.0000 -144.9706
9.5425 -36 236 -36 236 100.0000 -0.0000 -145.1173
9.5438 -35 235 -35 235 100.0000 -0.0000 -145.2744
9.5450 -35 235 -35 235 100.0000 -0.0000 -145.4224
9.5463 -29 229 -29 229 100.0000 -0.0000 -145.7092
9.5476 -33 233 -33 233 100.0000 -0.0000 -145.9474
9.5489 -30 230 -30 230 100.0000 -0.0000 -146.2098
9.5502 -31 231 -31 231 100.0000 -0.0000 -146.5254
9.5515 -35 235 -35 235 100.0000 -0.0000 -146.7813
9.5528 -33 233 -33 233 100.0000 -0.0000 -147.0551
9.5540 -22 222 -22 222 100.0000 -0.0000 -147.4631
9.5553 -32 232 -32 232 100.0000 -0.0000 -147.7770
9.5566 -27 227 -27 227 100.0000 -0.0000 -148.1629
9.5578 -28 228 -28 228 100.0000 -0.0000 -148.5326
9.5591 -29 229 -29 229 100.0000 -0.0000 -148.8852
9.5604 -31 231 -31 231 100.0000 -0.0000 -149.2417
9.5617 -28 228 -28 228 100.0000 -0.0000 -149.6244
9.5630 -27 227 -27 227 100.0000 -0.0000 -150.0321
9.5643 -30 230 -30 230 100.0000 -0.0000 -150.3941
9.5655 -30 230 -30 230 100.0000 -0.0000 -150.7591
9.5668 -31 231 -31 231 100.0000 -0.0000 -151.1151
9.5681 -26 226 -26 226 100.0000 -0.0000 -151.5291
9.5694 -29 229 -29 229 100.0000 -0.0000 -151.9028
9.5706 -21 221 -21 221 100.0000 -0.0000 -152.3639
9.5719 -24 224 -24 224 100.0000 -0.0000 -152.7863
9.5732 -22 222 -22 222 100.0000 -0.0000 -153.2321
9.5744 -24 224 -24 224 100.0000 -0.0000 -153.6393
9.5757 -28 228 -28 228 100.0000 -0.0000 -153.9691
9.5769 -25 225 -25 225 100.0000 -0.0000 -154.3353
9.5783 -19 219 -19 219 100.0000 -0.0000 -154.7869
9.5796 -26 226 -26 226 100.0000 -0.0000 -155.1328
9.5809 -29 229 -29 229 100.0000 -0.0000 -155.3970
9.5821 -28 228 -28 228 100.0000 -0.0000 -155.6555
9.5834 -20 220 -20 220 100.0000 -0.0000 -156.0098
9.5846 -26 226 -26 226 100.0000 -0.0000 -156.2894
9.5859 -37 237 -37 237 100.0000 -0.0000 -156.3653
9.5871 -32 232 -32 232 100.0000 -0.0000 -156.5008
9.5884 -31 231 -31 231 100.0000 -0.0000 -156.6480
9.5897 -31 231 -31 231 100.0000 -0.0000 -156.7996
9.5909 -39 239 -39 239 100.0000 -0.0000 -156.7743
9.5922 -34 234 -34 234 100.0000 -0.0000 -156.8165
9.5935 -37 237 -37 237 100.0000 -0.0000 -156.8167
9.5948 -38 238 -38 238 100.0000 -0.0000 -156.7212
9.5960 -40 240 -40 240 100.0000 -0.0000 -156.6191
9.5973 -34 234 -34 234 100.0000 -0.0000 -156.6008
9.5986 -43 243 -43 243 100.0000 -0.0000 -156.4626
9.5999 -32 232 -32 232 100.0000 -0.0000 -156.4160
9.6011 -34 234 -34 234 100.0000 -0.0000 -156.3468
9.6024 -43 243 -43 243 100.0000 -0.0000 -156.1586
9.6037 -40 240 -40 240 100.0000 -0.0000 -156.0094
9.6049 -31 231 -31 231 100.0000 -0.0000 -155.9393
9.6062 -40 240 -40 240 100.0000 -0.0000 -155.7592
9.6075 -44 244 -44 244 100.0000 -0.0000 -155.5270
9.6087 -41 241 -41 241 100.0000 -0.0000 -155.3326
9.6100 -35 235 -35 235 100.0000 -0.0000 -155.1952
9.6112 -42 242 -42 242 100.0000 -0.0000 -154.9794
9.6125 -48 248 -48 248 100.0000 -0.0000 -154.6901
9.6137 -47 247 -47 247 100.0000 -0.0000 -154.4081
9.6150 -39 239 -39 239 100.0000 -0.0000 -154.2390
9.6162 -36 236 -36 236 100.0000 -0.0000 -154.1193
9.6175 -40 240 -40 240 100.0000 -0.0000 -153.9500
9.6188 -45 245 -45 245 100.0000 -0.0000 -153.7118
9.6200 -39 239 -39 239 100.0000 -0.0000 -153.6038
9.6213 -50 250 -50 250 100.0000 -0.0000 -153.3635
9.6225 -44 244 -44 244 100.0000 -0.0000 -153.1903
9.6238 -35 235 -35 235 100.0000 -0.0000 -153.1353
9.6250 -44 244 -44 244 100.0000 -0.0000 -153.0377
9.6263 -53 253 -53 253 100.0000 -0.0000 -152.8311
9.6275 -47 247 -47 247 100.0000 -0.0000 -152.7052
9.6288 -43 243 -43 243 100.0000 -0.0000 -152.6265
9.6300 -33 233 -33 233 100.0000 -0.0000 -152.7505
9.6313 -48 248 -48 248 100.0000 -0.0000 -152.6806
9.6325 -45 245 -45 245 100.0000 -0.0000 -152.6496
9.6338 -48 248 -48 248 100.0000 -0.0000 -152.5861
9.6351 -44 244 -44 244 100.0000 -0.0000 -152.6551
9.6364 -47 247 -47 247 100.0000 -0.0000 -152.6847
9.6377 -43 243 -43 243 100.0000 -0.0000 -152.7749
9.6390 -51 251 -51 251 100.0000 -0.0000 -152.7548
9.6403 -54 254 -54 254 100.0000 -0.0000 -152.7736
9.6415 -53 253 -53 253 100.0000 -0.0000 -152.8098
9.6428 -45 245 -45 245 100.0000 -0.0000 -152.9451
9.6440 -50 250 -50 250 100.0000 -0.0000 -153.0085
9.6453 -53 253 -53 253 100.0000 -0.0000 -153.1152
9.6465 -48 248 -48 248 100.0000 -0.0000 -153.2838
9.6477 -45 245 -45 245 100.0000 -0.0000 -153.4805
9.6490 -52 252 -52 252 100.0000 -0.0000 -153.5977
9.6503 -47 247 -47 247 100.0000 -0.0000 -153.8490
9.6515 -45 245 -45 245 100.0000 -0.0000 -154.1253
9.6528 -46 246 -46 246 100.0000 -0.0000 -154.3911
9.6541 -43 243 -43 243 100.0000 -0.0000 -154.6886
9.6554 -43 243 -43 243 100.0000 -0.0000 -155.0490
9.6566 -42 242 -42 242 100.0000 -0.0000 -155.4299
9.6579 -44 244 -44 244 100.0000 -0.0000 -155.7738
9.6592 -46 246 -46 246 100.0000 -0.0000 -156.1936
9.6605 -39 239 -39 239 100.0000 -0.0000 -156.6748
9.6618 -56 256 -56 256 100.0000 -0.0000 -156.9351
9.6630 -52 252 -52 252 100.0000 -0.0000 -157.2472
9.6643 -47 247 -47 247 100.0000 -0.0000 -157.6830
9.6656 -52 252 -52 252 100.0000 -0.0000 -158.0492
9.6669 -43 243 -43 243 100.0000 -0.0000 -158.5229
9.6681 -38 238 -38 238 100.0000 -0.0000 -159.0577
9.6694 -47 247 -47 247 100.0000 -0.0000 -159.5388
9.6707 -52 252 -52 252 100.0000 -0.0000 -159.9521
9.6720 -51 251 -51 251 100.0000 -0.0000 -160.3760
9.6733 -55 255 -55 255 100.0000 -0.0000 -160.7515
9.6745 -57 257 -57 257 100.0000 -0.0000 -161.1558
9.6758 -49 249 -49 249 100.0000 -0.0000 -161.6623
9.6771 -45 245 -45 245 100.0000 -0.0000 -162.2161
9.6783 -56 256 -56 256 100.0000 -0.0000 -162.6238
9.6796 -50 250 -50 250 100.0000 -0.0000 -163.1573
9.6809 -51 251 -51 251 100.0000 -0.0000 -163.6691
9.6821 -47 247 -47 247 100.0000 -0.0000 -164.2271
9.6834 -60 260 -60 260 100.0000 -0.0000 -164.6169
9.6847 -55 255 -55 255 100.0000 -0.0000 -165.0935
9.6860 -48 248 -48 248 100.0000 -0.0000 -165.6583
9.6873 -49 249 -49 249 100.0000 -0.0000 -166.2080
9.6885 -51 251 -51 251 100.0000 -0.0000 -166.7275
9.6898 -52 252 -52 252 100.0000 -0.0000 -167.2352
9.6910 -59 259 -59 259 100.0000 -0.0000 -167.6482
9.6923 -49 249 -49 249 100.0000 -0.0000 -168.1858
9.6936 -54 254 -54 254 100.0000 -0.0000 -168.6564
9.6948 -62 262 -62 262 100.0000 -0.0000 -169.0152
9.6961 -62 262 -62 262 100.0000 -0.0000 -169.3600
9.6974 -63 263 -63 263 100.0000 -0.0000 -169.7010
9.6986 -56 256 -56 256 100.0000 -0.0000 -170.1214
9.6999 -66 266 -66 266 100.0000 -0.0000 -170.3765
9.7012 -57 257 -57 257 100.0000 -0.0000 -170.7408
9.7024 -67 267 -67 267 100.0000 -0.0000 -170.9751
9.7037 -69 269 -69 269 100.0000 -0.0000 -171.1901
9.7050 -63 263 -63 263 100.0000 -0.0000 -171.4373
9.7063 -63 263 -63 263 100.0000 -0.0000 -171.6913
9.7076 -59 259 -59 259 100.0000 -0.0000 -171.9887
9.7089 -60 260 -60 260 100.0000 -0.0000 -172.2249
9.7102 -64 264 -64 264 100.0000 -0.0000 -172.4192
9.7114 -67 267 -67 267 100.0000 -0.0000 -172.5642
9.7127 -64 264 -64 264 100.0000 -0.0000 -172.7439
9.7140 -57 257 -57 257 100.0000 -0.0000 -172.9846
9.7153 -66 266 -66 266 100.0000 -0.0000 -173.1129
9.7165 -59 259 -59 259 100.0000 -0.0000 -173.3298
9.7178 -65 265 -65 265 100.0000 -0.0000 -173.4660
9.7192 -64 264 -64 264 100.0000 -0.0000 -173.5827
9.7204 -64 264 -64 264 100.0000 -0.0000 -173.6926
9.7217 -75 275 -75 275 100.0000 -0.0000 -173.6709
9.7229 -66 266 -66 266 100.0000 -0.0000 -173.7501
9.7242 -67 267 -67 267 100.0000 -0.0000 -173.8012
9.7255 -69 269 -69 269 100.0000 -0.0000 -173.8242
9.7267 -67 267 -67 267 100.0000 -0.0000 -173.8851
9.7280 -73 273 -73 273 100.0000 -0.0000 -173.8597
9.7293 -65 265 -65 265 100.0000 -0.0000 -173.9192
9.7306 -65 265 -65 265 100.0000 -0.0000 -173.9686
9.7319 -74 274 -74 274 100.0000 -0.0000 -173.9041
9.7331 -71 271 -71 271 100.0000 -0.0000 -173.8807
9.7344 -73 273 -73 273 100.0000 -0.0000 -173.8159
9.7356 -68 268 -68 268 100.0000 -0.0000 -173.8185
9.7369 -65 265 -65 265 100.0000 -0.0000 -173.8512
9.7382 -66 266 -66 266 100.0000 -0.0000 -173.8742
9.7395 -69 269 -69 269 100.0000 -0.0000 -173.8582
9.7408 -70 270 -70 270 100.0000 -0.0000 -173.8339
9.7421 -66 266 -66 266 100.0000 -0.0000 -173.8555
9.7434 -67 267 -67 267 100.0000 -0.0000 -173.8643
9.7447 -67 267 -67 267 100.0000 -0.0000 -173.8868
9.7460 -68 268 -68 268 100.0000 -0.0000 -173.8951
9.7472 -67 267 -67 267 100.0000 -0.0000 -173.9203
9.7485 -67 267 -67 267 100.0000 -0.0000 -173.9953
9.7498 -62 262 -62 262 100.0000 -0.0000 -174.1308
9.7510 -65 265 -65 265 100.0000 -0.0000 -174.2372
9.7523 -66 266 -66 266 100.0000 -0.0000 -174.3276
9.7536 -64 264 -64 264 100.0000 -0.0000 -174.5170
9.7549 -70 270 -70 270 100.0000 -0.0000 -174.6206
9.7561 -71 271 -71 271 100.0000 -0.0000 -174.7109
9.7574 -70 270 -70 270 100.0000 -0.0000 -174.8172
9.7587 -64 264 -64 264 100.0000 -0.0000 -175.0849
9.7600 -64 264 -64 264 100.0000 -0.0000 -175.3593
9.7612 -75 275 -75 275 100.0000 -0.0000 -175.4889
9.7625 -68 268 -68 268 100.0000 -0.0000 -175.6977
9.7638 -65 265 -65 265 100.0000 -0.0000 -176.0229
9.7651 -68 268 -68 268 100.0000 -0.0000 -176.3148
9.7663 -72 272 -72 272 100.0000 -0.0000 -176.5548
9.7676 -66 266 -66 266 100.0000 -0.0000 -176.8635
9.7689 -73 273 -73 273 100.0000 -0.0000 -177.1403
9.7701 -68 268 -68 268 100.0000 -0.0000 -177.4789
9.7714 -74 274 -74 274 100.0000 -0.0000 -177.7332
9.7726 -73 273 -73 273 100.0000 -0.0000 -178.0073
9.7739 -65 265 -65 265 100.0000 -0.0000 -178.4015
9.7751 -72 272 -72 272 100.0000 -0.0000 -178.7058
9.7764 -70 270 -70 270 100.0000 -0.0000 -179.0236
9.7776 -66 266 -66 266 100.0000 -0.0000 -179.3923
9.7789 -77 277 -77 277 100.0000 -0.0000 -179.6114
9.7802 -76 276 -76 276 100.0000 -0.0000 -179.8445
9.7815 -68 268 -68 268 100.0000 -0.0000 -180.1755
9.7828 -76 276 -76 276 100.0000 -0.0000 -180.4125
9.7840 -81 281 -81 281 100.0000 -0.0000 -180.5368
9.7853 -75 275 -75 275 100.0000 -0.0000 -180.7417
9.7866 -77 277 -77 277 100.0000 -0.0000 -180.9206
9.7879 -82 282 -82 282 100.0000 -0.0000 -181.0397
9.7892 -74 274 -74 274 100.0000 -0.0000 -181.1933
9.7904 -66 266 -66 266 100.0000 -0.0000 -181.4420
9.7917 -74 274 -74 274 100.0000 -0.0000 -181.5973
9.7930 -74 274 -74 274 100.0000 -0.0000 -181.6893
9.7943 -84 284 -84 284 100.0000 -0.0000 -181.6656
9.7956 -75 275 -75 275 100.0000 -0.0000 -181.7519
9.7968 -85 285 -85 285 100.0000 -0.0000 -181.7062
9.7981 -78 278 -78 278 100.0000 -0.0000 -181.6994
9.7993 -78 278 -78 278 100.0000 -0.0000 -181.6939
9.8006 -75 275 -75 275 100.0000 -0.0000 -181.7192
9.8019 -82 282 -82 282 100.0000 -0.0000 -181.6646
9.8031 -76 276 -76 276 100.0000 -0.0000 -181.6573
9.8044 -69 269 -69 269 100.0000 -0.0000 -181.7263
9.8056 -72 272 -72 272 100.0000 -0.0000 -181.7601
9.8069 -79 279 -79 279 100.0000 -0.0000 -181.7123
9.8082 -77 277 -77 277 100.0000 -0.0000 -181.6767
9.8095 -74 274 -74 274 100.0000 -0.0000 -181.6758
9.8107 -75 275 -75 275 100.0000 -0.0000 -181.6696
9.8120 -78 278 -78 278 100.0000 -0.0000 -181.6283
9.8133 -70 270 -70 270 100.0000 -0.0000 -181.6934
9.8146 -67 267 -67 267 100.0000 -0.0000 -181.7936
9.8159 -78 278 -78 278 100.0000 -0.0000 -181.7602
9.8172 -69 269 -69 269 100.0000 -0.0000 -181.8366
9.8185 -74 274 -74 274 100.0000 -0.0000 -181.8814
9.8197 -71 271 -71 271 100.0000 -0.0000 -181.9495
9.8210 -78 278 -78 278 100.0000 -0.0000 -181.9245
9.8223 -77 277 -77 277 100.0000 -0.0000 -181.9132
9.8236 -67 267 -67 267 100.0000 -0.0000 -182.0434
9.8248 -77 277 -77 277 100.0000 -0.0000 -182.0437
9.8261 -70 270 -70 270 100.0000 -0.0000 -182.1370
9.8274 -71 271 -71 271 100.0000 -0.0000 -182.2140
9.8287 -71 271 -71 271 100.0000 -0.0000 -182.2898
9.8299 -71 271 -71 271 100.0000 -0.0000 -182.3586
9.8312 -76 276 -76 276 100.0000 -0.0000 -182.3753
9.8325 -65 265 -65 265 100.0000 -0.0000 -182.5207
9.8337 -70 270 -70 270 100.0000 -0.0000 -182.5904
9.8350 -65 265 -65 265 100.0000 -0.0000 -182.7312
9.8363 -69 269 -69 269 100.0000 -0.0000 -182.8179
9.8376 -72 272 -72 272 100.0000 -0.0000 -182.8369
9.8389 -60 260 -60 260 100.0000 -0.0000 -183.0104
9.8402 -68 268 -68 268 100.0000 -0.0000 -183.0789
9.8414 -68 268 -68 268 100.0000 -0.0000 -183.1449
9.8427 -75 275 -75 275 100.0000 -0.0000 -183.1089
9.8439 -69 269 -69 269 100.0000 -0.0000 -183.1579
9.8452 -67 267 -67 267 100.0000 -0.0000 -183.2319
9.8465 -68 268 -68 268 100.0000 -0.0000 -183.2990
9.8477 -70 270 -70 270 100.0000 -0.0000 -183.3546
9.8490 -62 262 -62 262 100.0000 -0.0000 -183.5074
9.8503 -55 255 -55 255 100.0000 -0.0000 -183.7560
9.8515 -66 266 -66 266 100.0000 -0.0000 -183.8623
9.8528 -69 269 -69 269 100.0000 -0.0000 -183.9722
9.8541 -57 257 -57 257 100.0000 -0.0000 -184.2373
9.8553 -60 260 -60 260 100.0000 -0.0000 -184.4501
9.8566 -71 271 -71 271 100.0000 -0.0000 -184.5282
9.8579 -56 256 -56 256 100.0000 -0.0000 -184.8569
9.8591 -59 259 -59 259 100.0000 -0.0000 -185.1430
9.8604 -61 261 -61 261 100.0000 -0.0000 -185.4008
9.8617 -59 259 -59 259 100.0000 -0.0000 -185.6832
9.8630 -50 250 -50 250 100.0000 -0.0000 -186.1754
9.8643 -49 249 -49 249 100.0000 -0.0000 -186.6728
9.8655 -48 248 -48 248 100.0000 -0.0000 -187.1717
9.8668 -54 254 -54 254 100.0000 -0.0000 -187.5937
9.8681 -47 247 -47 247 100.0000 -0.0000 -188.1830
9.8694 -44 244 -44 244 100.0000 -0.0000 -188.7970
9.8706 -46 246 -46 246 100.0000 -0.0000 -189.3917
9.8719 -52 252 -52 252 100.0000 -0.0000 -189.9027
9.8732 -58 258 -58 258 100.0000 -0.0000 -190.4411
9.8744 -52 252 -52 252 100.0000 -0.0000 -191.0508
9.8757 -50 250 -50 250 100.0000 -0.0000 -191.6779
9.8770 -52 252 -52 252 100.0000 -0.0000 -192.2706
9.8783 -48 248 -48 248 100.0000 -0.0000 -193.0125
9.8795 -45 245 -45 245 100.0000 -0.0000 -193.7785
9.8808 -51 251 -51 251 100.0000 -0.0000 -194.4825
9.8821 -56 256 -56 256 100.0000 -0.0000 -195.1002
9.8834 -53 253 -53 253 100.0000 -0.0000 -195.8259
9.8847 -54 254 -54 254 100.0000 -0.0000 -196.5232
9.8859 -50 250 -50 250 100.0000 -0.0000 -197.2754
9.8872 -57 257 -57 257 100.0000 -0.0000 -197.9419
9.8885 -62 262 -62 262 100.0000 -0.0000 -198.5739
9.8897 -56 256 -56 256 100.0000 -0.0000 -199.2716
9.8910 -61 261 -61 261 100.0000 -0.0000 -199.9109
9.8922 -61 261 -61 261 100.0000 -0.0000 -200.5308
9.8935 -53 253 -53 253 100.0000 -0.0000 -201.2770
9.8947 -55 255 -55 255 100.0000 -0.0000 -202.0012
9.8960 -55 255 -55 255 100.0000 -0.0000 -202.7080
9.8972 -52 252 -52 252 100.0000 -0.0000 -203.4423
9.8985 -59 259 -59 259 100.0000 -0.0000 -204.1396
9.8998 -58 258 -58 258 100.0000 -0.0000 -204.8288
9.9011 -65 265 -65 265 100.0000 -0.0000 -205.4191
9.9023 -64 264 -64 264 100.0000 -0.0000 -206.0119
9.9036 -71 271 -71 271 100.0000 -0.0000 -206.5117
9.9049 -72 272 -72 272 100.0000 -0.0000 -207.0011
9.9061 -70 270 -70 270 100.0000 -0.0000 -207.5079
9.9074 -66 266 -66 266 100.0000 -0.0000 -208.0357
9.9087 -74 274 -74 274 100.0000 -0.0000 -208.4767
9.9099 -79 279 -79 279 100.0000 -0.0000 -208.8355
9.9112 -79 279 -79 279 100.0000 -0.0000 -209.2039
9.9124 -82 282 -82 282 100.0000 -0.0000 -209.4830
9.9137 -75 275 -75 275 100.0000 -0.0000 -209.8434
9.9149 -82 282 -82 282 100.0000 -0.0000 -210.1156
9.9161 -70 270 -70 270 100.0000 -0.0000 -210.5330
9.9174 -85 285 -85 285 100.0000 -0.0000 -210.7171
9.9186 -81 281 -81 281 100.0000 -0.0000 -210.9391
9.9199 -83 283 -83 283 100.0000 -0.0000 -211.1490
9.9211 -84 284 -84 284 100.0000 -0.0000 -211.3486
9.9224 -84 284 -84 284 100.0000 -0.0000 -211.4968
9.9236 -89 289 -89 289 100.0000 -0.0000 -211.5871
9.9249 -88 288 -88 288 100.0000 -0.0000 -211.6867
9.9261 -92 292 -92 292 100.0000 -0.0000 -211.7368
9.9274 -87 287 -87 287 100.0000 -0.0000 -211.8208
9.9287 -83 283 -83 283 100.0000 -0.0000 -211.9660
9.9299 -90 290 -90 290 100.0000 -0.0000 -212.0165
9.9312 -90 290 -90 290 100.0000 -0.0000 -212.0678
9.9324 -90 290 -90 290 100.0000 -0.0000 -212.1276
9.9337 -91 291 -91 291 100.0000 -0.0000 -212.1767
9.9350 -99 299 -99 299 100.0000 -0.0000 -212.1172
9.9363 -96 296 -96 296 100.0000 -0.0000 -212.0939
9.9376 -102 302 -102 302 100.0000 -0.0000 -212.0462
9.9389 -99 299 -99 299 100.0000 -0.0000 -212.0299
9.9401 -98 298 -98 298 100.0000 -0.0000 -212.0274
9.9414 -84 284 -84 284 100.0000 -0.0000 -212.2157
9.9427 -90 290 -90 290 100.0000 -0.0000 -212.3683
9.9440 -94 294 -94 294 100.0000 -0.0000 -212.4727
9.9452 -97 297 -97 297 100.0000 -0.0000 -212.5347
9.9465 -98 298 -98 298 100.0000 -0.0000 -212.5854
9.9478 -95 295 -95 295 100.0000 -0.0000 -212.7561
9.9491 -95 295 -95 295 100.0000 -0.0000 -212.9182
9.9503 -94 294 -94 294 100.0000 -0.0000 -213.0974
9.9516 -96 296 -96 296 100.0000 -0.0000 -213.3371
9.9529 -105 305 -105 305 100.0000 -0.0000 -213.4764
9.9541 -97 297 -97 297 100.0000 -0.0000 -213.7147
9.9554 -100 300 -100 300 100.0000 -0.0000 -213.9146
9.9567 -88 288 -88 288 100.0000 -0.0000 -214.3588
9.9580 -95 295 -95 295 100.0000 -0.0000 -214.7120
9.9593 -96 296 -96 296 100.0000 -0.0000 -215.0537
9.9606 -99 299 -99 299 100.0000 -0.0000 -215.3546
9.9619 -97 297 -97 297 100.0000 -0.0000 -215.7643
9.9632 -102 302 -102 302 100.0000 -0.0000 -216.1005
9.9644 -104 304 -104 304 100.0000 -0.0000 -216.3984
9.9657 -108 308 -108 308 100.0000 -0.0000 -216.6559
9.9670 -109 309 -109 309 100.0000 -0.0000 -216.9469
9.9682 -109 309 -109 309 100.0000 -0.0000 -217.2413
9.9695 -100 300 -100 300 100.0000 -0.0000 -217.6485
9.9708 -113 313 -113 313 100.0000 -0.0000 -217.8863
9.9721 -104 304 -104 304 100.0000 -0.0000 -218.2672
9.9734 -105 305 -105 305 100.0000 -0.0000 -218.6263
9.9746 -113 313 -113 313 100.0000 -0.0000 -218.8849
9.9759 -102 302 -102 302 100.0000 -0.0000 -219.2770
9.9772 -112 312 -112 312 100.0000 -0.0000 -219.5745
9.9785 -105 305 -105 305 100.0000 -0.0000 -219.9513
9.9797 -112 312 -112 312 100.0000 -0.0000 -220.2384
9.9810 -117 317 -117 317 100.0000 -0.0000 -220.4558
9.9823 -107 307 -107 307 100.0000 -0.0000 -220.8137
9.9835 -102 302 -102 302 100.0000 -0.0000 -221.2391
9.9848 -102 302 -102 302 100.0000 -0.0000 -221.6599
9.9861 -112 312 -112 312 100.0000 -0.0000 -221.9468
9.9873 -120 320 -120 320 100.0000 -0.0000 -222.1628
9.9886 -108 308 -108 308 100.0000 -0.0000 -222.5261
9.9899 -112 312 -112 312 100.0000 -0.0000 -222.8411
9.9911 -121 321 -121 321 100.0000 -0.0000 -223.0445
9.9924 -126 326 -126 326 100.0000 -0.0000 -223.2018
9.9936 -117 317 -117 317 100.0000 -0.0000 -223.4676
9.9949 -119 319 -119 319 100.0000 -0.0000 -223.7034
9.9962 -118 318 -118 318 100.0000 -0.0000 -223.9599
9.9975 -129 329 -129 329 100.0000 -0.0000 -224.0740
9.9987 -121 321 -121 321 100.0000 -0.0000 -224.2923
10.0000 -128 328 -128 328 100.0000 -0.0000 -224.4179
10.0013 -129 329 -129 329 100.0000 -0.0000 -224.5100
10.0025 -117 317 -117 317 100.0000 -0.0000 -224.7592
10.0038 -117 317 -117 317 100.0000 -0.0000 -225.0161
10.0051 -113 313 -113 313 100.0000 -0.0000 -225.3173
10.0063 -123 323 -123 323 100.0000 -0.0000 -225.4543
10.0076 -119 319 -119 319 100.0000 -0.0000 -225.6573
10.0089 -128 328 -128 328 100.0000 -0.0000 -225.7387
10.0101 -125 325 -125 325 100.0000 -0.0000 -225.8624
10.0114 -129 329 -129 329 100.0000 -0.0000 -225.9167
10.0127 -134 334 -134 334 100.0000 -0.0000 -225.9089
10.0139 -123 323 -123 323 100.0000 -0.0000 -226.0347
10.0152 -121 321 -121 321 100.0000 -0.0000 -226.1823
10.0165 -125 325 -125 325 100.0000 -0.0000 -226.2708
10.0178 -125 325 -125 325 100.0000 -0.0000 -226.3635
10.0191 -121 321 -121 321 100.0000 -0.0000 -226.5038
10.0203 -120 320 -120 320 100.0000 -0.0000 -226.6466
10.0216 -123 323 -123 323 100.0000 -0.0000 -226.7553
10.0229 -127 327 -127 327 100.0000 -0.0000 -226.8104
10.0242 -116 316 -116 316 100.0000 -0.0000 -226.9952
10.0255 -115 315 -115 315 100.0000 -0.0000 -227.1980
10.0268 -121 321 -121 321 100.0000 -0.0000 -227.3111
10.0280 -119 319 -119 319 100.0000 -0.0000 -227.4435
10.0293 -122 322 -122 322 100.0000 -0.0000 -227.5468
10.0306 -126 326 -126 326 100.0000 -0.0000 -227.5945
10.0318 -117 317 -117 317 100.0000 -0.0000 -227.7359
10.0331 -125 325 -125 325 100.0000 -0.0000 -227.7763
10.0344 -110 310 -110 310 100.0000 -0.0000 -227.9967
10.0357 -127 327 -127 327 100.0000 -0.0000 -228.0106
10.0370 -114 314 -114 314 100.0000 -0.0000 -228.1629
10.0382 -123 323 -123 323 100.0000 -0.0000 -228.2024
10.0395 -122 322 -122 322 100.0000 -0.0000 -228.2470
10.0408 -123 323 -123 323 100.0000 -0.0000 -228.2840
10.0421 -125 325 -125 325 100.0000 -0.0000 -228.2769
10.0434 -115 315 -115 315 100.0000 -0.0000 -228.3917
10.0446 -128 328 -128 328 100.0000 -0.0000 -228.3424
10.0459 -129 329 -129 329 100.0000 -0.0000 -228.2483
10.0472 -124 324 -124 324 100.0000 -0.0000 -228.2374
10.0485 -121 321 -121 321 100.0000 -0.0000 -228.2648
10.0498 -123 323 -123 323 100.0000 -0.0000 -228.2737
10.0511 -141 341 -141 341 100.0000 -0.0000 -228.0498
10.0523 -139 339 -139 339 100.0000 -0.0000 -227.8596
10.0536 -125 325 -125 325 100.0000 -0.0000 -227.8522
10.0549 -134 334 -134 334 100.0000 -0.0000 -227.7326
10.0562 -127 327 -127 327 100.0000 -0.0000 -227.7229
10.0574 -129 329 -129 329 100.0000 -0.0000 -227.6919
10.0587 -127 327 -127 327 100.0000 -0.0000 -227.6869
10.0599 -138 338 -138 338 100.0000 -0.0000 -227.5491
10.0612 -136 336 -136 336 100.0000 -0.0000 -227.4684
10.0624 -131 331 -131 331 100.0000 -0.0000 -227.4540
10.0637 -131 331 -131 331 100.0000 -0.0000 -227.4436
10.0649 -137 337 -137 337 100.0000 -0.0000 -227.3608
10.0662 -124 324 -124 324 100.0000 -0.0000 -227.4958
10.0675 -132 332 -132 332 100.0000 -0.0000 -227.5353
10.0687 -130 330 -130 330 100.0000 -0.0000 -227.6032
10.0700 -132 332 -132 332 100.0000 -0.0000 -227.6361
10.0713 -135 335 -135 335 100.0000 -0.0000 -227.6867
10.0725 -130 330 -130 330 100.0000 -0.0000 -227.8017
10.0738 -121 321 -121 321 100.0000 -0.0000 -228.0371
10.0751 -129 329 -129 329 100.0000 -0.0000 -228.1609
10.0763 -127 327 -127 327 100.0000 -0.0000 -228.3579
10.0776 -128 328 -128 328 100.0000 -0.0000 -228.5429
10.0789 -129 329 -129 329 100.0000 -0.0000 -228.7137
10.0801 -130 330 -130 330 100.0000 -0.0000 -228.8698
10.0814 -129 329 -129 329 100.0000 -0.0000 -229.0663
10.0827 -134 334 -134 334 100.0000 -0.0000 -229.2064
10.0839 -126 326 -126 326 100.0000 -0.0000 -229.4366
10.0852 -135 335 -135 335 100.0000 -0.0000 -229.5612
10.0864 -128 328 -128 328 100.0000 -0.0000 -229.7665
10.0877 -133 333 -133 333 100.0000 -0.0000 -229.9049
10.0890 -136 336 -136 336 100.0000 -0.0000 -230.0007
10.0902 -135 335 -135 335 100.0000 -0.0000 -230.1067
10.0915 -128 328 -128 328 100.0000 -0.0000 -230.2968
10.0927 -132 332 -132 332 100.0000 -0.0000 -230.4237
10.0940 -127 327 -127 327 100.0000 -0.0000 -230.6231
10.0953 -130 330 -130 330 100.0000 -0.0000 -230.7807
10.0966 -146 346 -146 346 100.0000 -0.0000 -230.7234
10.0978 -134 334 -134 334 100.0000 -0.0000 -230.8165
10.0991 -136 336 -136 336 100.0000 -0.0000 -230.8798
10.1004 -144 344 -144 344 100.0000 -0.0000 -230.8261
10.1017 -134 334 -134 334 100.0000 -0.0000 -230.9217
10.1030 -136 336 -136 336 100.0000 -0.0000 -230.9905
10.1042 -139 339 -139 339 100.0000 -0.0000 -231.0263
10.1055 -136 336 -136 336 100.0000 -0.0000 -231.1117
10.1068 -140 340 -140 340 100.0000 -0.0000 -231.1650
10.1080 -142 342 -142 342 100.0000 -0.0000 -231.1910
10.1093 -143 343 -143 343 100.0000 -0.0000 -231.2002
10.1106 -136 336 -136 336 100.0000 -0.0000 -231.3482
10.1119 -142 342 -142 342 100.0000 -0.0000 -231.4085
10.1131 -141 341 -141 341 100.0000 -0.0000 -231.4917
10.1144 -133 333 -133 333 100.0000 -0.0000 -231.6713
10.1157 -139 339 -139 339 100.0000 -0.0000 -231.7997
10.1170 -131 331 -131 331 100.0000 -0.0000 -232.0334
10.1183 -141 341 -141 341 100.0000 -0.0000 -232.1411
10.1196 -135 335 -135 335 100.0000 -0.0000 -232.3204
10.1209 -139 339 -139 339 100.0000 -0.0000 -232.4520
10.1221 -136 336 -136 336 100.0000 -0.0000 -232.6117
10.1234 -138 338 -138 338 100.0000 -0.0000 -232.7503
10.1247 -149 349 -149 349 100.0000 -0.0000 -232.7485
10.1260 -142 342 -142 342 100.0000 -0.0000 -232.8173
10.1273 -137 337 -137 337 100.0000 -0.0000 -232.9502
10.1286 -149 349 -149 349 100.0000 -0.0000 -232.9250
10.1298 -138 338 -138 338 100.0000 -0.0000 -233.0340
10.1311 -141 341 -141 341 100.0000 -0.0000 -233.0501
10.1324 -140 340 -140 340 100.0000 -0.0000 -233.0890
10.1337 -137 337 -137 337 100.0000 -0.0000 -233.1566
10.1349 -139 339 -139 339 100.0000 -0.0000 -233.2059
10.1362 -134 334 -134 334 100.0000 -0.0000 -233.2469
10.1375 -142 342 -142 342 100.0000 -0.0000 -233.1851
10.1388 -137 337 -137 337 100.0000 -0.0000 -233.1977
10.1400 -150 350 -150 350 100.0000 -0.0000 -232.9771
10.1413 -137 337 -137 337 100.0000 -0.0000 -232.9230
10.1426 -142 342 -142 342 100.0000 -0.0000 -232.8049
10.1438 -135 335 -135 335 100.0000 -0.0000 -232.7785
10.1451 -140 340 -140 340 100.0000 -0.0000 -232.6441
10.1464 -133 333 -133 333 100.0000 -0.0000 -232.5983
10.1476 -141 341 -141 341 100.0000 -0.0000 -232.4576
10.1489 -138 338 -138 338 100.0000 -0.0000 -232.3520
10.1502 -140 340 -140 340 100.0000 -0.0000 -232.2034
10.1514 -139 339 -139 339 100.0000 -0.0000 -232.0618
10.1527 -133 333 -133 333 100.0000 -0.0000 -232.0046
10.1540 -141 341 -141 341 100.0000 -0.0000 -231.8509
10.1552 -129 329 -129 329 100.0000 -0.0000 -231.8440
10.1565 -139 339 -139 339 100.0000 -0.0000 -231.7164
10.1577 -135 335 -135 335 100.0000 -0.0000 -231.6356
10.1590 -136 336 -136 336 100.0000 -0.0000 -231.5391
10.1602 -134 334 -134 334 100.0000 -0.0000 -231.4802
10.1615 -135 335 -135 335 100.0000 -0.0000 -231.4142
10.1628 -138 338 -138 338 100.0000 -0.0000 -231.3051
10.1641 -130 330 -130 330 100.0000 -0.0000 -231.3089
10.1654 -140 340 -140 340 100.0000 -0.0000 -231.1867
10.1667 -139 339 -139 339 100.0000 -0.0000 -231.0727
10.1679 -137 337 -137 337 100.0000 -0.0000 -230.9902
10.1692 -133 333 -133 333 100.0000 -0.0000 -230.9514
10.1705 -136 336 -136 336 100.0000 -0.0000 -230.8752
10.1718 -137 337 -137 337 100.0000 -0.0000 -230.7816
10.1731 -131 331 -131 331 100.0000 -0.0000 -230.7624
10.1743 -134 334 -134 334 100.0000 -0.0000 -230.7166
10.1756 -132 332 -132 332 100.0000 -0.0000 -230.6784
10.1769 -140 340 -140 340 100.0000 -0.0000 -230.5383
10.1782 -144 344 -144 344 100.0000 -0.0000 -230.3501
10.1794 -144 344 -144 344 100.0000 -0.0000 -230.1613
10.1807 -137 337 -137 337 100.0000 -0.0000 -230.0372
10.1820 -147 347 -147 347 100.0000 -0.0000 -229.7793
10.1832 -140 340 -140 340 100.0000 -0.0000 -229.6172
10.1845 -137 337 -137 337 100.0000 -0.0000 -229.4866
10.1857 -143 343 -143 343 100.0000 -0.0000 -229.2601
10.1870 -145 345 -145 345 100.0000 -0.0000 -229.0141
10.1883 -138 338 -138 338 100.0000 -0.0000 -228.8550
10.1895 -136 336 -136 336 100.0000 -0.0000 -228.7192
10.1908 -141 341 -141 341 100.0000 -0.0000 -228.4916
10.1920 -149 349 -149 349 100.0000 -0.0000 -228.1750
10.1933 -140 340 -140 340 100.0000 -0.0000 -227.9747
10.1945 -141 341 -141 341 100.0000 -0.0000 -227.7170
10.1958 -141 341 -141 341 100.0000 -0.0000 -227.4810
10.1971 -143 343 -143 343 100.0000 -0.0000 -227.2121
10.1983 -145 345 -145 345 100.0000 -0.0000 -226.9296
10.1996 -139 339 -139 339 100.0000 -0.0000 -226.6892
10.2009 -132 332 -132 332 100.0000 -0.0000 -226.5497
10.2021 -139 339 -139 339 100.0000 -0.0000 -226.3335
10.2034 -143 343 -143 343 100.0000 -0.0000 -226.0676
10.2047 -137 337 -137 337 100.0000 -0.0000 -225.8810
10.2060 -140 340 -140 340 100.0000 -0.0000 -225.6574
10.2072 -136 336 -136 336 100.0000 -0.0000 -225.4880
10.2085 -142 342 -142 342 100.0000 -0.0000 -225.2448
10.2097 -135 335 -135 335 100.0000 -0.0000 -225.0952
10.2110 -133 333 -133 333 100.0000 -0.0000 -224.9715
10.2122 -144 344 -144 344 100.0000 -0.0000 -224.7159
10.2134 -136 336 -136 336 100.0000 -0.0000 -224.5606
10.2147 -136 336 -136 336 100.0000 -0.0000 -224.4095
10.2159 -140 340 -140 340 100.0000 -0.0000 -224.2083
10.2171 -132 332 -132 332 100.0000 -0.0000 -224.1063
10.2184 -142 342 -142 342 100.0000 -0.0000 -223.8832
10.2196 -141 341 -141 341 100.0000 -0.0000 -223.6636
10.2209 -134 334 -134 334 100.0000 -0.0000 -223.5227
10.2221 -143 343 -143 343 100.0000 -0.0000 -223.2729
10.2234 -134 334 -134 334 100.0000 -0.0000 -223.1327
10.2247 -134 334 -134 334 100.0000 -0.0000 -222.9699
10.2259 -136 336 -136 336 100.0000 -0.0000 -222.7835
10.2272 -145 345 -145 345 100.0000 -0.0000 -222.4896
10.2285 -145 345 -145 345 100.0000 -0.0000 -222.1899
10.2297 -135 335 -135 335 100.0000 -0.0000 -222.0041
10.2309 -136 336 -136 336 100.0000 -0.0000 -221.8032
10.2322 -129 329 -129 329 100.0000 -0.0000 -221.6898
10.2334 -139 339 -139 339 100.0000 -0.0000 -221.4539
10.2347 -131 331 -131 331 100.0000 -0.0000 -221.2979
10.2359 -143 343 -143 343 100.0000 -0.0000 -220.9874
10.2372 -148 348 -148 348 100.0000 -0.0000 -220.6240
10.2385 -139 339 -139 339 100.0000 -0.0000 -220.3653
10.2398 -142 342 -142 342 100.0000 -0.0000 -220.0617
10.2410 -138 338 -138 338 100.0000 -0.0000 -219.8020
10.2423 -144 344 -144 344 100.0000 -0.0000 -219.4756
10.2436 -140 340 -140 340 100.0000 -0.0000 -219.1978
10.2448 -143 343 -143 343 100.0000 -0.0000 -218.8891
10.2461 -142 342 -142 342 100.0000 -0.0000 -218.5892
10.2474 -140 340 -140 340 100.0000 -0.0000 -218.3160
10.2487 -140 340 -140 340 100.0000 -0.0000 -218.0448
10.2500 -140 340 -140 340 100.0000 -0.0000 -217.8012
10.2513 -143 343 -143 343 100.0000 -0.0000 -217.5161
10.2526 -137 337 -137 337 100.0000 -0.0000 -217.3115
10.2539 -140 340 -140 340 100.0000 -0.0000 -217.0701
10.2552 -138 338 -138 338 100.0000 -0.0000 -216.8759
10.2564 -141 341 -141 341 100.0000 -0.0000 -216.6592
10.2577 -131 331 -131 331 100.0000 -0.0000 -216.5602
10.2590 -134 334 -134 334 100.0000 -0.0000 -216.4892
10.2602 -137 337 -137 337 100.0000 -0.0000 -216.3310
10.2615 -127 327 -127 327 100.0000 -0.0000 -216.3063
10.2628 -134 334 -134 334 100.0000 -0.0000 -216.1826
10.2641 -126 326 -126 326 100.0000 -0.0000 -216.2336
10.2653 -138 338 -138 338 100.0000 -0.0000 -216.0606
10.2666 -132 332 -132 332 100.0000 -0.0000 -215.9710
10.2679 -127 327 -127 327 100.0000 -0.0000 -215.9499
10.2692 -134 334 -134 334 100.0000 -0.0000 -215.8100
10.2705 -126 326 -126 326 100.0000 -0.0000 -215.7780
10.2718 -128 328 -128 328 100.0000 -0.0000 -215.7151
10.2731 -128 328 -128 328 100.0000 -0.0000 -215.6534
10.2743 -132 332 -132 332 100.0000 -0.0000 -215.5384
10.2756 -123 323 -123 323 100.0000 -0.0000 -215.5252
10.2769 -119 319 -119 319 100.0000 -0.0000 -215.5741
10.2782 -119 319 -119 319 100.0000 -0.0000 -215.6206
10.2795 -121 321 -121 321 100.0000 -0.0000 -215.6306
10.2808 -123 323 -123 323 100.0000 -0.0000 -215.6133
10.2821 -116 316 -116 316 100.0000 -0.0000 -215.6832
10.2833 -123 323 -123 323 100.0000 -0.0000 -215.6679
10.2846 -132 332 -132 332 100.0000 -0.0000 -215.5163
10.2859 -130 330 -130 330 100.0000 -0.0000 -215.3969
10.2872 -124 324 -124 324 100.0000 -0.0000 -215.3527
10.2884 -128 328 -128 328 100.0000 -0.0000 -215.2641
10.2897 -123 323 -123 323 100.0000 -0.0000 -215.1995
10.2909 -119 319 -119 319 100.0000 -0.0000 -215.1822
10.2922 -119 319 -119 319 100.0000 -0.0000 -215.1674
10.2935 -127 327 -127 327 100.0000 -0.0000 -215.0501
10.2948 -123 323 -123 323 100.0000 -0.0000 -214.9388
10.2960 -117 317 -117 317 100.0000 -0.0000 -214.9006
10.2973 -117 317 -117 317 100.0000 -0.0000 -214.8689
10.2986 -125 325 -125 325 100.0000 -0.0000 -214.7365
10.2999 -129 329 -129 329 100.0000 -0.0000 -214.5037
10.3011 -128 328 -128 328 100.0000 -0.0000 -214.2836
10.3024 -124 324 -124 324 100.0000 -0.0000 -214.1200
10.3037 -123 323 -123 323 100.0000 -0.0000 -213.8845
10.3050 -128 328 -128 328 100.0000 -0.0000 -213.6240
10.3063 -129 329 -129 329 100.0000 -0.0000 -213.3525
10.3075 -118 318 -118 318 100.0000 -0.0000 -213.2219
10.3088 -116 316 -116 316 100.0000 -0.0000 -213.1153
10.3101 -123 323 -123 323 100.0000 -0.0000 -212.9251
10.3114 -134 334 -134 334 100.0000 -0.0000 -212.5897
10.3126 -120 320 -120 320 100.0000 -0.0000 -212.4373
10.3139 -129 329 -129 329 100.0000 -0.0000 -212.2054
10.3152 -122 322 -122 322 100.0000 -0.0000 -212.0650
10.3164 -120 320 -120 320 100.0000 -0.0000 -211.9528
10.3177 -135 335 -135 335 100.0000 -0.0000 -211.6427
10.3190 -132 332 -132 332 100.0000 -0.0000 -211.4403
10.3202 -131 331 -131 331 100.0000 -0.0000 -211.2531
10.3215 -123 323 -123 323 100.0000 -0.0000 -211.1683
10.3228 -124 324 -124 324 100.0000 -0.0000 -211.0550
10.3241 -137 337 -137 337 100.0000 -0.0000 -210.8757
10.3253 -134 334 -134 334 100.0000 -0.0000 -210.7223
10.3266 -125 325 -125 325 100.0000 -0.0000 -210.6891
10.3279 -134 334 -134 334 100.0000 -0.0000 -210.5421
10.3292 -129 329 -129 329 100.0000 -0.0000 -210.5439
10.3304 -129 329 -129 329 100.0000 -0.0000 -210.5494
10.3317 -135 335 -135 335 100.0000 -0.0000 -210.4775
10.3330 -126 326 -126 326 100.0000 -0.0000 -210.5128
10.3342 -126 326 -126 326 100.0000 -0.0000 -210.6302
10.3355 -128 328 -128 328 100.0000 -0.0000 -210.7229
10.3368 -128 328 -128 328 100.0000 -0.0000 -210.8091
10.3380 -134 334 -134 334 100.0000 -0.0000 -210.8272
10.3393 -126 326 -126 326 100.0000 -0.0000 -211.0063
10.3406 -133 333 -133 333 100.0000 -0.0000 -211.0929
10.3418 -128 328 -128 328 100.0000 -0.0000 -211.2394
10.3431 -129 329 -129 329 100.0000 -0.0000 -211.3726
10.3444 -130 330 -130 330 100.0000 -0.0000 -211.5285
10.3456 -131 331 -131 331 100.0000 -0.0000 -211.6707
10.3469 -133 333 -133 333 100.0000 -0.0000 -211.7862
10.3482 -135 335 -135 335 100.0000 -0.0000 -211.8761
10.3494 -129 329 -129 329 100.0000 -0.0000 -212.0545
10.3508 -136 336 -136 336 100.0000 -0.0000 -212.1358
10.3520 -132 332 -132 332 100.0000 -0.0000 -212.2777
10.3533 -139 339 -139 339 100.0000 -0.0000 -212.3042
10.3545 -139 339 -139 339 100.0000 -0.0000 -212.3332
10.3558 -134 334 -134 334 100.0000 -0.0000 -212.4260
10.3571 -132 332 -132 332 100.0000 -0.0000 -212.5365
10.3583 -136 336 -136 336 100.0000 -0.0000 -212.5535
10.3596 -140 340 -140 340 100.0000 -0.0000 -212.5189
10.3609 -142 342 -142 342 100.0000 -0.0000 -212.4647
10.3621 -136 336 -136 336 100.0000 -0.0000 -212.4849
10.3634 -142 342 -142 342 100.0000 -0.0000 -212.3366
10.3647 -143 343 -143 343 100.0000 -0.0000 -212.1757
10.3659 -139 339 -139 339 100.0000 -0.0000 -212.0740
10.3672 -142 342 -142 342 100.0000 -0.0000 -211.9318
10.3685 -142 342 -142 342 100.0000 -0.0000 -211.6841
10.3698 -146 346 -146 346 100.0000 -0.0000 -211.3897
10.3711 -135 335 -135 335 100.0000 -0.0000 -211.2277
10.3723 -133 333 -133 333 100.0000 -0.0000 -211.0921
10.3736 -131 331 -131 331 100.0000 -0.0000 -210.8633
10.3749 -134 334 -134 334 100.0000 -0.0000 -210.6039
10.3762 -142 342 -142 342 100.0000 -0.0000 -210.2438
10.3775 -140 340 -140 340 100.0000 -0.0000 -209.9089
10.3788 -135 335 -135 335 100.0000 -0.0000 -209.5449
10.3800 -131 331 -131 331 100.0000 -0.0000 -209.2352
10.3813 -135 335 -135 335 100.0000 -0.0000 -208.8760
10.3826 -141 341 -141 341 100.0000 -0.0000 -208.4434
10.3839 -137 337 -137 337 100.0000 -0.0000 -207.9966
10.3852 -133 333 -133 333 100.0000 -0.0000 -207.6001
10.3864 -131 331 -131 331 100.0000 -0.0000 -207.2452
10.3877 -126 326 -126 326 100.0000 -0.0000 -206.9506
10.3890 -127 327 -127 327 100.0000 -0.0000 -206.6239
10.3902 -131 331 -131 331 100.0000 -0.0000 -206.2456
10.3915 -130 330 -130 330 100.0000 -0.0000 -205.8847
10.3927 -124 324 -124 324 100.0000 -0.0000 -205.5943
10.3940 -126 326 -126 326 100.0000 -0.0000 -205.2743
10.3953 -121 321 -121 321 100.0000 -0.0000 -205.0243
10.3966 -124 324 -124 324 100.0000 -0.0000 -204.7322
10.3979 -121 321 -121 321 100.0000 -0.0000 -204.5053
10.3991 -120 320 -120 320 100.0000 -0.0000 -204.2718
10.4004 -117 317 -117 317 100.0000 -0.0000 -204.0861
10.4017 -124 324 -124 324 100.0000 -0.0000 -203.8117
10.4030 -123 323 -123 323 100.0000 -0.0000 -203.5517
10.4043 -123 323 -123 323 100.0000 -0.0000 -203.2940
10.4056 -116 316 -116 316 100.0000 -0.0000 -203.1185
10.4068 -124 324 -124 324 100.0000 -0.0000 -202.8488
10.4081 -112 312 -112 312 100.0000 -0.0000 -202.7166
10.4094 -113 313 -113 313 100.0000 -0.0000 -202.5773
10.4106 -104 304 -104 304 100.0000 -0.0000 -202.5540
10.4119 -119 319 -119 319 100.0000 -0.0000 -202.3420
10.4132 -114 314 -114 314 100.0000 -0.0000 -202.1725
10.4144 -113 313 -113 313 100.0000 -0.0000 -202.0135
10.4157 -102 302 -102 302 100.0000 -0.0000 -201.9903
10.4170 -121 321 -121 321 100.0000 -0.0000 -201.7375
10.4183 -115 315 -115 315 100.0000 -0.0000 -201.5122
10.4195 -113 313 -113 313 100.0000 -0.0000 -201.3260
10.4208 -119 319 -119 319 100.0000 -0.0000 -201.0681
10.4220 -119 319 -119 319 100.0000 -0.0000 -200.8104
10.4233 -108 308 -108 308 100.0000 -0.0000 -200.6387
10.4245 -115 315 -115 315 100.0000 -0.0000 -200.3806
10.4259 -121 321 -121 321 100.0000 -0.0000 -200.0302
10.4272 -116 316 -116 316 100.0000 -0.0000 -199.7622
10.4284 -107 307 -107 307 100.0000 -0.0000 -199.5770
10.4297 -112 312 -112 312 100.0000 -0.0000 -199.3240
10.4310 -124 324 -124 324 100.0000 -0.0000 -198.9149
10.4323 -125 325 -125 325 100.0000 -0.0000 -198.4966
10.4336 -117 317 -117 317 100.0000 -0.0000 -198.1549
10.4348 -123 323 -123 323 100.0000 -0.0000 -197.7355
10.4361 -120 320 -120 320 100.0000 -0.0000 -197.3538
10.4374 -121 321 -121 321 100.0000 -0.0000 -196.9654
10.4387 -117 317 -117 317 100.0000 -0.0000 -196.6117
10.4399 -111 311 -111 311 100.0000 -0.0000 -196.3400
10.4412 -123 323 -123 323 100.0000 -0.0000 -195.9169
10.4425 -115 315 -115 315 100.0000 -0.0000 -195.5762
10.4437 -118 318 -118 318 100.0000 -0.0000 -195.2201
10.4450 -120 320 -120 320 100.0000 -0.0000 -194.8455
10.4463 -108 308 -108 308 100.0000 -0.0000 -194.6248
10.4475 -114 314 -114 314 100.0000 -0.0000 -194.3335
10.4488 -121 321 -121 321 100.0000 -0.0000 -193.9647
10.4501 -118 318 -118 318 100.0000 -0.0000 -193.6410
10.4514 -117 317 -117 317 100.0000 -0.0000 -193.3304
10.4526 -115 315 -115 315 100.0000 -0.0000 -193.0873
10.4539 -115 315 -115 315 100.0000 -0.0000 -192.8445
10.4551 -110 310 -110 310 100.0000 -0.0000 -192.6674
10.4564 -111 311 -111 311 100.0000 -0.0000 -192.4759
10.4577 -106 306 -106 306 100.0000 -0.0000 -192.3849
10.4589 -114 314 -114 314 100.0000 -0.0000 -192.2046
10.4602 -120 320 -120 320 100.0000 -0.0000 -191.9477
10.4614 -115 315 -115 315 100.0000 -0.0000 -191.7533
10.4627 -117 317 -117 317 100.0000 -0.0000 -191.5779
10.4640 -119 319 -119 319 100.0000 -0.0000 -191.3816
10.4652 -114 314 -114 314 100.0000 -0.0000 -191.2491
10.4664 -112 312 -112 312 100.0000 -0.0000 -191.1400
10.4677 -110 310 -110 310 100.0000 -0.0000 -191.0821
10.4690 -111 311 -111 311 100.0000 -0.0000 -191.0129
10.4702 -113 313 -113 313 100.0000 -0.0000 -190.9211
10.4715 -108 308 -108 308 100.0000 -0.0000 -190.8961
10.4727 -107 307 -107 307 100.0000 -0.0000 -190.8917
10.4740 -114 314 -114 314 100.0000 -0.0000 -190.7930
10.4753 -117 317 -117 317 100.0000 -0.0000 -190.6640
10.4765 -105 305 -105 305 100.0000 -0.0000 -190.6902
10.4778 -99 299 -99 299 100.0000 -0.0000 -190.7892
10.4791 -103 303 -103 303 100.0000 -0.0000 -190.8357
10.4804 -106 306 -106 306 100.0000 -0.0000 -190.8402
10.4817 -109 309 -109 309 100.0000 -0.0000 -190.8059
10.4830 -105 305 -105 305 100.0000 -0.0000 -190.7925
10.4842 -103 303 -103 303 100.0000 -0.0000 -190.7953
10.4855 -108 308 -108 308 100.0000 -0.0000 -190.7423
10.4868 -96 296 -96 296 100.0000 -0.0000 -190.8307
10.4881 -105 305 -105 305 100.0000 -0.0000 -190.7436
10.4893 -112 312 -112 312 100.0000 -0.0000 -190.5632
10.4906 -98 298 -98 298 100.0000 -0.0000 -190.5670
10.4919 -97 297 -97 297 100.0000 -0.0000 -190.5911
10.4932 -100 300 -100 300 100.0000 -0.0000 -190.4794
10.4945 -99 299 -99 299 100.0000 -0.0000 -190.3792
10.4957 -99 299 -99 299 100.0000 -0.0000 -190.2838
10.4970 -95 295 -95 295 100.0000 -0.0000 -190.1753
10.4983 -105 305 -105 305 100.0000 -0.0000 -189.9116
10.4996 -107 307 -107 307 100.0000 -0.0000 -189.6262
10.5009 -95 295 -95 295 100.0000 -0.0000 -189.4921
10.5021 -93 293 -93 293 100.0000 -0.0000 -189.3426
10.5034 -98 298 -98 298 100.0000 -0.0000 -189.1110
10.5047 -92 292 -92 292 100.0000 -0.0000 -188.9635
10.5060 -98 298 -98 298 100.0000 -0.0000 -188.7384
10.5072 -96 296 -96 296 100.0000 -0.0000 -188.5092
10.5085 -100 300 -100 300 100.0000 -0.0000 -188.2265
10.5097 -95 295 -95 295 100.0000 -0.0000 -188.0172
10.5110 -100 300 -100 300 100.0000 -0.0000 -187.7365
10.5123 -95 295 -95 295 100.0000 -0.0000 -187.5287
10.5135 -104 304 -104 304 100.0000 -0.0000 -187.2131
10.5148 -97 297 -97 297 100.0000 -0.0000 -186.9843
10.5160 -100 300 -100 300 100.0000 -0.0000 -186.7209
10.5173 -99 299 -99 299 100.0000 -0.0000 -186.4924
10.5186 -103 303 -103 303 100.0000 -0.0000 -186.2249
10.5198 -104 304 -104 304 100.0000 -0.0000 -185.9405
10.5210 -98 298 -98 298 100.0000 -0.0000 -185.7397
10.5223 -104 304 -104 304 100.0000 -0.0000 -185.4911
10.5235 -95 295 -95 295 100.0000 -0.0000 -185.3523
10.5247 -102 302 -102 302 100.0000 -0.0000 -185.1243
10.5260 -104 304 -104 304 100.0000 -0.0000 -184.8808
10.5273 -94 294 -94 294 100.0000 -0.0000 -184.7782
10.5285 -96 296 -96 296 100.0000 -0.0000 -184.6504
10.5297 -102 302 -102 302 100.0000 -0.0000 -184.4531
10.5310 -103 303 -103 303 100.0000 -0.0000 -184.2416
10.5322 -91 291 -91 291 100.0000 -0.0000 -184.1912
10.5334 -99 299 -99 299 100.0000 -0.0000 -184.0535
10.5347 -96 296 -96 296 100.0000 -0.0000 -183.9456
10.5360 -98 298 -98 298 100.0000 -0.0000 -183.8119
10.5373 -96 296 -96 296 100.0000 -0.0000 -183.7070
10.5385 -95 295 -95 295 100.0000 -0.0000 -183.6075
10.5398 -95 295 -95 295 100.0000 -0.0000 -183.5187
10.5411 -108 308 -108 308 100.0000 -0.0000 -183.2595
10.5424 -103 303 -103 303 100.0000 -0.0000 -183.0396
10.5436 -95 295 -95 295 100.0000 -0.0000 -182.9343
10.5449 -100 300 -100 300 100.0000 -0.0000 -182.7650
10.5462 -95 295 -95 295 100.0000 -0.0000 -182.6575
10.5475 -96 296 -96 296 100.0000 -0.0000 -182.4938
10.5488 -104 304 -104 304 100.0000 -0.0000 -182.2337
10.5500 -106 306 -106 306 100.0000 -0.0000 -181.9502
10.5513 -105 305 -105 305 100.0000 -0.0000 -181.6853
10.5525 -106 306 -106 306 100.0000 -0.0000 -181.3554
10.5538 -101 301 -101 301 100.0000 -0.0000 -181.0879
10.5551 -94 294 -94 294 100.0000 -0.0000 -180.9062
10.5563 -110 310 -110 310 100.0000 -0.0000 -180.5323
10.5576 -103 303 -103 303 100.0000 -0.0000 -180.2033
10.5589 -109 309 -109 309 100.0000 -0.0000 -179.7949
10.5601 -97 297 -97 297 100.0000 -0.0000 -179.5435
10.5614 -104 304 -104 304 100.0000 -0.0000 -179.2128
10.5627 -103 303 -103 303 100.0000 -0.0000 -178.8563
10.5639 -101 301 -101 301 100.0000 -0.0000 -178.5290
10.5652 -109 309 -109 309 100.0000 -0.0000 -178.1023
10.5665 -109 309 -109 309 100.0000 -0.0000 -177.6450
10.5677 -104 304 -104 304 100.0000 -0.0000 -177.2720
10.5690 -101 301 -101 301 100.0000 -0.0000 -176.9421
10.5702 -103 303 -103 303 100.0000 -0.0000 -176.5884
10.5715 -95 295 -95 295 100.0000 -0.0000 -176.3353
10.5728 -105 305 -105 305 100.0000 -0.0000 -175.9830
10.5741 -110 310 -110 310 100.0000 -0.0000 -175.5661
10.5753 -103 303 -103 303 100.0000 -0.0000 -175.2377
10.5766 -103 303 -103 303 100.0000 -0.0000 -174.9536
10.5779 -105 305 -105 305 100.0000 -0.0000 -174.6502
10.5792 -103 303 -103 303 100.0000 -0.0000 -174.3788
10.5805 -108 308 -108 308 100.0000 -0.0000 -174.0423
10.5817 -107 307 -107 307 100.0000 -0.0000 -173.7808
10.5830 -109 309 -109 309 100.0000 -0.0000 -173.4907
10.5843 -101 301 -101 301 100.0000 -0.0000 -173.3079
10.5855 -103 303 -103 303 100.0000 -0.0000 -173.1034
10.5868 -104 304 -104 304 100.0000 -0.0000 -172.9216
10.5881 -109 309 -109 309 100.0000 -0.0000 -172.6895
10.5893 -103 303 -103 303 100.0000 -0.0000 -172.5224
10.5906 -99 299 -99 299 100.0000 -0.0000 -172.4083
10.5919 -106 306 -106 306 100.0000 -0.0000 -172.2340
10.5932 -108 308 -108 308 100.0000 -0.0000 -172.0418
10.5944 -100 300 -100 300 100.0000 -0.0000 -171.9483
10.5957 -110 310 -110 310 100.0000 -0.0000 -171.7284
10.5970 -108 308 -108 308 100.0000 -0.0000 -171.5390
10.5983 -104 304 -104 304 100.0000 -0.0000 -171.3957
10.5995 -91 291 -91 291 100.0000 -0.0000 -171.4146
10.6008 -107 307 -107 307 100.0000 -0.0000 -171.2462
10.6020 -99 299 -99 299 100.0000 -0.0000 -171.1465
10.6033 -98 298 -98 298 100.0000 -0.0000 -171.0574
10.6046 -108 308 -108 308 100.0000 -0.0000 -170.8367
10.6058 -103 303 -103 303 100.0000 -0.0000 -170.6915
10.6071 -98 298 -98 298 100.0000 -0.0000 -170.5453
10.6083 -108 308 -108 308 100.0000 -0.0000 -170.2856
10.6096 -100 300 -100 300 100.0000 -0.0000 -170.1283
10.6109 -98 298 -98 298 100.0000 -0.0000 -169.9962
10.6121 -109 309 -109 309 100.0000 -0.0000 -169.6482
10.6134 -100 300 -100 300 100.0000 -0.0000 -169.4203
10.6146 -105 305 -105 305 100.0000 -0.0000 -169.1338
10.6159 -92 292 -92 292 100.0000 -0.0000 -169.0088
10.6171 -99 299 -99 299 100.0000 -0.0000 -168.7085
10.6184 -102 302 -102 302 100.0000 -0.0000 -168.3791
10.6196 -105 305 -105 305 100.0000 -0.0000 -168.0011
10.6209 -104 304 -104 304 100.0000 -0.0000 -167.6435
10.6222 -100 300 -100 300 100.0000 -0.0000 -167.2415
10.6235 -96 296 -96 296 100.0000 -0.0000 -166.9069
10.6247 -109 309 -109 309 100.0000 -0.0000 -166.4131
10.6260 -99 299 -99 299 100.0000 -0.0000 -165.9784
10.6273 -99 299 -99 299 100.0000 -0.0000 -165.5242
10.6285 -98 298 -98 298 100.0000 -0.0000 -165.0796
10.6298 -112 312 -112 312 100.0000 -0.0000 -164.4821
10.6310 -111 311 -111 311 100.0000 -0.0000 -163.8494
10.6323 -98 298 -98 298 100.0000 -0.0000 -163.3379
10.6336 -108 308 -108 308 100.0000 -0.0000 -162.7100
10.6349 -106 306 -106 306 100.0000 -0.0000 -162.1130
10.6361 -98 298 -98 298 100.0000 -0.0000 -161.5760
10.6375 -104 304 -104 304 100.0000 -0.0000 -160.9331
10.6387 -101 301 -101 301 100.0000 -0.0000 -160.3559
10.6400 -105 305 -105 305 100.0000 -0.0000 -159.7345
10.6413 -90 290 -90 290 100.0000 -0.0000 -159.2673
10.6425 -100 300 -100 300 100.0000 -0.0000 -158.6786
10.6438 -96 296 -96 296 100.0000 -0.0000 -158.1568
10.6450 -104 304 -104 304 100.0000 -0.0000 -157.5344
10.6463 -94 294 -94 294 100.0000 -0.0000 -157.0247
10.6476 -89 289 -89 289 100.0000 -0.0000 -156.5850
10.6489 -92 292 -92 292 100.0000 -0.0000 -156.1015
10.6501 -93 293 -93 293 100.0000 -0.0000 -155.6150
10.6514 -94 294 -94 294 100.0000 -0.0000 -155.1410
10.6527 -95 295 -95 295 100.0000 -0.0000 -154.6610
10.6539 -93 293 -93 293 100.0000 -0.0000 -154.2119
10.6552 -93 293 -93 293 100.0000 -0.0000 -153.7667
10.6565 -93 293 -93 293 100.0000 -0.0000 -153.3553
10.6577 -92 292 -92 292 100.0000 -0.0000 -152.9625
10.6590 -86 286 -86 286 100.0000 -0.0000 -152.6434
10.6602 -87 287 -87 287 100.0000 -0.0000 -152.3242
10.6615 -83 283 -83 283 100.0000 -0.0000 -152.0892
10.6627 -78 278 -78 278 100.0000 -0.0000 -151.9142
10.6640 -78 278 -78 278 100.0000 -0.0000 -151.7457
10.6652 -88 288 -88 288 100.0000 -0.0000 -151.4528
10.6665 -83 283 -83 283 100.0000 -0.0000 -151.2533
10.6677 -80 280 -80 280 100.0000 -0.0000 -151.0970
10.6690 -75 275 -75 275 100.0000 -0.0000 -150.9967
10.6702 -71 271 -71 271 100.0000 -0.0000 -150.9506
10.6715 -77 277 -77 277 100.0000 -0.0000 -150.8272
10.6727 -72 272 -72 272 100.0000 -0.0000 -150.7640
10.6740 -72 272 -72 272 100.0000 -0.0000 -150.7053
10.6752 -74 274 -74 274 100.0000 -0.0000 -150.6226
10.6765 -77 277 -77 277 100.0000 -0.0000 -150.4873
10.6777 -64 264 -64 264 100.0000 -0.0000 -150.5240
10.6790 -68 268 -68 268 100.0000 -0.0000 -150.5074
10.6803 -82 282 -82 282 100.0000 -0.0000 -150.3100
10.6816 -59 259 -59 259 100.0000 -0.0000 -150.3903
10.6829 -66 266 -66 266 100.0000 -0.0000 -150.3837
10.6841 -77 277 -77 277 100.0000 -0.0000 -150.2310
10.6854 -67 267 -67 267 100.0000 -0.0000 -150.2075
10.6867 -64 264 -64 264 100.0000 -0.0000 -150.2009
10.6880 -66 266 -66 266 100.0000 -0.0000 -150.1679
10.6893 -63 263 -63 263 100.0000 -0.0000 -150.1812
10.6905 -69 269 -69 269 100.0000 -0.0000 -150.0997
10.6918 -62 262 -62 262 100.0000 -0.0000 -150.1067
10.6931 -60 260 -60 260 100.0000 -0.0000 -150.1431
10.6944 -64 264 -64 264 100.0000 -0.0000 -150.1178
10.6956 -70 270 -70 270 100.0000 -0.0000 -149.9969
10.6969 -63 263 -63 263 100.0000 -0.0000 -149.9620
10.6982 -66 266 -66 266 100.0000 -0.0000 -149.8913
10.6995 -61 261 -61 261 100.0000 -0.0000 -149.8890
10.7007 -61 261 -61 261 100.0000 -0.0000 -149.8522
10.7020 -52 252 -52 252 100.0000 -0.0000 -149.9256
10.7033 -56 256 -56 256 100.0000 -0.0000 -149.9468
10.7046 -59 259 -59 259 100.0000 -0.0000 -149.9313
10.7059 -65 265 -65 265 100.0000 -0.0000 -149.8198
10.7071 -53 253 -53 253 100.0000 -0.0000 -149.8648
10.7084 -56 256 -56 256 100.0000 -0.0000 -149.8598
10.7097 -60 260 -60 260 100.0000 -0.0000 -149.8146
10.7110 -60 260 -60 260 100.0000 -0.0000 -149.7405
10.7123 -57 257 -57 257 100.0000 -0.0000 -149.7056
10.7136 -67 267 -67 267 100.0000 -0.0000 -149.5415
10.7148 -61 261 -61 261 100.0000 -0.0000 -149.4656
10.7161 -69 269 -69 269 100.0000 -0.0000 -149.2811
10.7174 -62 262 -62 262 100.0000 -0.0000 -149.1887
10.7187 -60 260 -60 260 100.0000 -0.0000 -149.1088
10.7200 -64 264 -64 264 100.0000 -0.0000 -148.9876
10.7213 -66 266 -66 266 100.0000 -0.0000 -148.8303
10.7226 -68 268 -68 268 100.0000 -0.0000 -148.6558
10.7238 -55 255 -55 255 100.0000 -0.0000 -148.6500
10.7251 -70 270 -70 270 100.0000 -0.0000 -148.4511
10.7263 -69 269 -69 269 100.0000 -0.0000 -148.2555
10.7276 -67 267 -67 267 100.0000 -0.0000 -148.0867
10.7289 -72 272 -72 272 100.0000 -0.0000 -147.8572
10.7301 -67 267 -67 267 100.0000 -0.0000 -147.6793
10.7314 -68 268 -68 268 100.0000 -0.0000 -147.4818
10.7327 -73 273 -73 273 100.0000 -0.0000 -147.2182
10.7340 -82 282 -82 282 100.0000 -0.0000 -146.8387
10.7353 -74 274 -74 274 100.0000 -0.0000 -146.5386
10.7366 -67 267 -67 267 100.0000 -0.0000 -146.3284
10.7379 -73 273 -73 273 100.0000 -0.0000 -146.0472
10.7391 -68 268 -68 268 100.0000 -0.0000 -145.8350
10.7404 -69 269 -69 269 100.0000 -0.0000 -145.5789
10.7417 -73 273 -73 273 100.0000 -0.0000 -145.2789
10.7429 -70 270 -70 270 100.0000 -0.0000 -145.0194
10.7442 -66 266 -66 266 100.0000 -0.0000 -144.8005
10.7455 -70 270 -70 270 100.0000 -0.0000 -144.5208
10.7467 -70 270 -70 270 100.0000 -0.0000 -144.2463
10.7480 -69 269 -69 269 100.0000 -0.0000 -143.9859
10.7493 -80 280 -80 280 100.0000 -0.0000 -143.5789
10.7505 -73 273 -73 273 100.0000 -0.0000 -143.2635
10.7518 -67 267 -67 267 100.0000 -0.0000 -143.0335
10.7530 -65 265 -65 265 100.0000 -0.0000 -142.8208
10.7544 -77 277 -77 277 100.0000 -0.0000 -142.4105
10.7557 -67 267 -67 267 100.0000 -0.0000 -142.1776
10.7570 -72 272 -72 272 100.0000 -0.0000 -141.8750
10.7583 -62 262 -62 262 100.0000 -0.0000 -141.7074
10.7596 -68 268 -68 268 100.0000 -0.0000 -141.4725
10.7608 -63 263 -63 263 100.0000 -0.0000 -141.3013
10.7621 -68 268 -68 268 100.0000 -0.0000 -141.0693
10.7634 -62 262 -62 262 100.0000 -0.0000 -140.9117
10.7646 -65 265 -65 265 100.0000 -0.0000 -140.7235
10.7659 -70 270 -70 270 100.0000 -0.0000 -140.4755
10.7672 -71 271 -71 271 100.0000 -0.0000 -140.2106
10.7684 -73 273 -73 273 100.0000 -0.0000 -139.9207
10.7697 -67 267 -67 267 100.0000 -0.0000 -139.6775
10.7710 -64 264 -64 264 100.0000 -0.0000 -139.4974
10.7723 -70 270 -70 270 100.0000 -0.0000 -139.2429
10.7736 -56 256 -56 256 100.0000 -0.0000 -139.1651
10.7749 -68 268 -68 268 100.0000 -0.0000 -138.9086
10.7762 -60 260 -60 260 100.0000 -0.0000 -138.7599
10.7774 -70 270 -70 270 100.0000 -0.0000 -138.4990
10.7787 -66 266 -66 266 100.0000 -0.0000 -138.2776
10.7800 -71 271 -71 271 100.0000 -0.0000 -137.9647
10.7813 -63 263 -63 263 100.0000 -0.0000 -137.7557
10.7826 -70 270 -70 270 100.0000 -0.0000 -137.4595
10.7838 -61 261 -61 261 100.0000 -0.0000 -137.2810
10.7851 -70 270 -70 270 100.0000 -0.0000 -136.9362
10.7864 -63 263 -63 263 100.0000 -0.0000 -136.6881
10.7877 -60 260 -60 260 100.0000 -0.0000 -136.4739
10.7890 -61 261 -61 261 100.0000 -0.0000 -136.2545
10.7902 -64 264 -64 264 100.0000 -0.0000 -135.9348
10.7915 -59 259 -59 259 100.0000 -0.0000 -135.6765
10.7928 -60 260 -60 260 100.0000 -0.0000 -135.4062
10.7940 -60 260 -60 260 100.0000 -0.0000 -135.1382
10.7953 -57 257 -57 257 100.0000 -0.0000 -134.8320
10.7966 -55 255 -55 255 100.0000 -0.0000 -134.5525
10.7978 -65 265 -65 265 100.0000 -0.0000 -134.1557
10.7991 -60 260 -60 260 100.0000 -0.0000 -133.8155
10.8004 -61 261 -61 261 100.0000 -0.0000 -133.3791
10.8016 -61 261 -61 261 100.0000 -0.0000 -132.9538
10.8029 -64 264 -64 264 100.0000 -0.0000 -132.5023
10.8042 -55 255 -55 255 100.0000 -0.0000 -132.1558
10.8054 -59 259 -59 259 100.0000 -0.0000 -131.6795
10.8067 -60 260 -60 260 100.0000 -0.0000 -131.1934
10.8079 -65 265 -65 265 100.0000 -0.0000 -130.6598
10.8092 -53 253 -53 253 100.0000 -0.0000 -130.2721
10.8105 -58 258 -58 258 100.0000 -0.0000 -129.7500
10.8117 -67 267 -67 267 100.0000 -0.0000 -129.1285
10.8130 -60 260 -60 260 100.0000 -0.0000 -128.5980
10.8142 -47 247 -47 247 100.0000 -0.0000 -128.2342
10.8154 -51 251 -51 251 100.0000 -0.0000 -127.7788
10.8167 -56 256 -56 256 100.0000 -0.0000 -127.2715
10.8179 -56 256 -56 256 100.0000 -0.0000 -126.7624
10.8192 -57 257 -57 257 100.0000 -0.0000 -126.2414
10.8204 -58 258 -58 258 100.0000 -0.0000 -125.6923
10.8217 -52 252 -52 252 100.0000 -0.0000 -125.2222
10.8229 -60 260 -60 260 100.0000 -0.0000 -124.6604
10.8242 -54 254 -54 254 100.0000 -0.0000 -124.1770
10.8255 -53 253 -53 253 100.0000 -0.0000 -123.6996
10.8267 -46 246 -46 246 100.0000 -0.0000 -123.3198
10.8280 -52 252 -52 252 100.0000 -0.0000 -122.8673
10.8293 -53 253 -53 253 100.0000 -0.0000 -122.4164
10.8305 -45 245 -45 245 100.0000 -0.0000 -122.0714
10.8318 -54 254 -54 254 100.0000 -0.0000 -121.6166
10.8331 -57 257 -57 257 100.0000 -0.0000 -121.1238
10.8343 -44 244 -44 244 100.0000 -0.0000 -120.7975
10.8356 -58 258 -58 258 100.0000 -0.0000 -120.2967
10.8369 -51 251 -51 251 100.0000 -0.0000 -119.8872
10.8382 -49 249 -49 249 100.0000 -0.0000 -119.4886
10.8395 -34 234 -34 234 100.0000 -0.0000 -119.2887
10.8408 -46 246 -46 246 100.0000 -0.0000 -118.9510
10.8421 -50 250 -50 250 100.0000 -0.0000 -118.5460
10.8434 -46 246 -46 246 100.0000 -0.0000 -118.1946
10.8447 -38 238 -38 238 100.0000 -0.0000 -117.9326
10.8460 -42 242 -42 242 100.0000 -0.0000 -117.6240
10.8473 -37 237 -37 237 100.0000 -0.0000 -117.3681
10.8486 -33 233 -33 233 100.0000 -0.0000 -117.1746
10.8499 -39 239 -39 239 100.0000 -0.0000 -116.8714
10.8511 -43 243 -43 243 100.0000 -0.0000 -116.5238
10.8524 -45 245 -45 245 100.0000 -0.0000 -116.1573
10.8537 -38 238 -38 238 100.0000 -0.0000 -115.8799
10.8550 -35 235 -35 235 100.0000 -0.0000 -115.5808
10.8563 -42 242 -42 242 100.0000 -0.0000 -115.2110
10.8575 -37 237 -37 237 100.0000 -0.0000 -114.9000
10.8588 -33 233 -33 233 100.0000 -0.0000 -114.6369
10.8601 -39 239 -39 239 100.0000 -0.0000 -114.2512
10.8614 -42 242 -42 242 100.0000 -0.0000 -113.8416
10.8626 -39 239 -39 239 100.0000 -0.0000 -113.4666
10.8639 -48 248 -48 248 100.0000 -0.0000 -112.9812
10.8652 -38 238 -38 238 100.0000 -0.0000 -112.5876
10.8665 -46 246 -46 246 100.0000 -0.0000 -112.0816
10.8677 -38 238 -38 238 100.0000 -0.0000 -111.6974
10.8690 -39 239 -39 239 100.0000 -0.0000 -111.2841
10.8703 -37 237 -37 237 100.0000 -0.0000 -110.9035
10.8715 -39 239 -39 239 100.0000 -0.0000 -110.4947
10.8728 -37 237 -37 237 100.0000 -0.0000 -110.1246
10.8740 -21 221 -21 221 100.0000 -0.0000 -109.9495
10.8752 -37 237 -37 237 100.0000 -0.0000 -109.5891
10.8765 -39 239 -39 239 100.0000 -0.0000 -109.1969
10.8777 -40 240 -40 240 100.0000 -0.0000 -108.8017
10.8790 -41 241 -41 241 100.0000 -0.0000 -108.3853
10.8803 -33 233 -33 233 100.0000 -0.0000 -108.0748
10.8815 -44 244 -44 244 100.0000 -0.0000 -107.6363
10.8828 -36 236 -36 236 100.0000 -0.0000 -107.2999
10.8841 -34 234 -34 234 100.0000 -0.0000 -106.9971
10.8854 -33 233 -33 233 100.0000 -0.0000 -106.7040
10.8866 -28 228 -28 228 100.0000 -0.0000 -106.4726
10.8879 -37 237 -37 237 100.0000 -0.0000 -106.1341
10.8892 -33 233 -33 233 100.0000 -0.0000 -105.8486
10.8905 -41 241 -41 241 100.0000 -0.0000 -105.4563
10.8917 -29 229 -29 229 100.0000 -0.0000 -105.2185
10.8930 -36 236 -36 236 100.0000 -0.0000 -104.8917
10.8943 -37 237 -37 237 100.0000 -0.0000 -104.5501
10.8956 -28 228 -28 228 100.0000 -0.0000 -104.3235
10.8969 -32 232 -32 232 100.0000 -0.0000 -104.0557
10.8982 -25 225 -25 225 100.0000 -0.0000 -103.8706
10.8994 -35 235 -35 235 100.0000 -0.0000 -103.5533
10.9007 -32 232 -32 232 100.0000 -0.0000 -103.2876
10.9020 -27 227 -27 227 100.0000 -0.0000 -103.0781
10.9033 -23 223 -23 223 100.0000 -0.0000 -102.9218
10.9046 -26 226 -26 226 100.0000 -0.0000 -102.7264
10.9059 -27 227 -27 227 100.0000 -0.0000 -102.5173
10.9071 -29 229 -29 229 100.0000 -0.0000 -102.2857
10.9084 -30 230 -30 230 100.0000 -0.0000 -102.0463
10.9097 -26 226 -26 226 100.0000 -0.0000 -101.8628
10.9109 -35 235 -35 235 100.0000 -0.0000 -101.5823
10.9122 -27 227 -27 227 100.0000 -0.0000 -101.3950
10.9135 -19 219 -19 219 100.0000 -0.0000 -101.3077
10.9147 -19 219 -19 219 100.0000 -0.0000 -101.2396
10.9160 -21 221 -21 221 100.0000 -0.0000 -101.1424
10.9173 -21 221 -21 221 100.0000 -0.0000 -101.0448
10.9186 -11 211 -11 211 100.0000 -0.0000 -101.0736
10.9198 -29 229 -29 229 100.0000 -0.0000 -100.8841
10.9211 -18 218 -18 218 100.0000 -0.0000 -100.8379
10.9224 -17 217 -17 217 100.0000 -0.0000 -100.7964
10.9236 -30 230 -30 230 100.0000 -0.0000 -100.5816
10.9249 -19 219 -19 219 100.0000 -0.0000 -100.5041
10.9262 -17 217 -17 217 100.0000 -0.0000 -100.4605
10.9275 -12 212 -12 212 100.0000 -0.0000 -100.4820
10.9287 -27 227 -27 227 100.0000 -0.0000 -100.2757
10.9300 -20 220 -20 220 100.0000 -0.0000 -100.1616
10.9312 -16 216 -16 216 100.0000 -0.0000 -100.0899
10.9325 -12 212 -12 212 100.0000 -0.0000 -100.0728
10.9337 -16 216 -16 216 100.0000 -0.0000 -99.9525
10.9350 -11 211 -11 211 100.0000 -0.0000 -99.8943
10.9363 -17 217 -17 217 100.0000 -0.0000 -99.7552
10.9376 -13 213 -13 213 100.0000 -0.0000 -99.6729
10.9389 -17 217 -17 217 100.0000 -0.0000 -99.4921
10.9402 -14 214 -14 214 100.0000 -0.0000 -99.3591
10.9414 -11 211 -11 211 100.0000 -0.0000 -99.2659
10.9427 -11 211 -11 211 100.0000 -0.0000 -99.1759
10.9440 -18 218 -18 218 100.0000 -0.0000 -98.9400
10.9453 -3 203 -3 203 100.0000 -0.0000 -98.8900
10.9466 -20 220 -20 220 100.0000 -0.0000 -98.6240
10.9478 -12 212 -12 212 100.0000 -0.0000 -98.4652
10.9491 -12 212 -12 212 100.0000 -0.0000 -98.2793
10.9504 -17 217 -17 217 100.0000 -0.0000 -98.0278
10.9517 -16 216 -16 216 100.0000 -0.0000 -97.7881
10.9530 -14 214 -14 214 100.0000 -0.0000 -97.5809
10.9542 -15 215 -15 215 100.0000 -0.0000 -97.3382
10.9555 -14 214 -14 214 100.0000 -0.0000 -97.1037
10.9568 -16 216 -16 216 100.0000 -0.0000 -96.8520
10.9581 -13 213 -13 213 100.0000 -0.0000 -96.6331
10.9594 -13 213 -13 213 100.0000 -0.0000 -96.4223
10.9606 -12 212 -12 212 100.0000 -0.0000 -96.2183
10.9619 -11 211 -11 211 100.0000 -0.0000 -96.0332
10.9632 -5 205 -5 205 100.0000 -0.0000 -95.9786
10.9645 -12 212 -12 212 100.0000 -0.0000 -95.8257
10.9658 -8 208 -8 208 100.0000 -0.0000 -95.7174
10.9671 -12 212 -12 212 100.0000 -0.0000 -95.5609
10.9683 -6 206 -6 206 100.0000 -0.0000 -95.5469
10.9696 -6 206 -6 206 100.0000 -0.0000 -95.5306
10.9709 -4 204 -4 204 100.0000 -0.0000 -95.5416
10.9722 -6 206 -6 206 100.0000 -0.0000 -95.5277
10.9735 -6 206 -6 206 100.0000 -0.0000 -95.6094
10.9748 0 199 0 199 100.0000 -0.0000 -95.7680
10.9760 -5 205 -5 205 100.0000 -0.0000 -95.8534
10.9773 1 198 1 198 100.0000 -0.0000 -96.0343
10.9786 1 198 1 198 100.0000 -0.0000 -96.2947
10.9798 0 199 0 199 100.0000 -0.0000 -96.5306
10.9811 -5 205 -5 205 100.0000 -0.0000 -96.6994
10.9824 0 200 0 200 100.0000 -0.0000 -96.9240
10.9836 5 194 5 194 100.0000 -0.0000 -97.2941
10.9849 5 194 5 194 100.0000 -0.0000 -97.6586
10.9861 -4 204 -4 204 100.0000 -0.0000 -97.9038
10.9874 0 200 0 200 100.0000 -0.0000 -98.1913
10.9887 1 198 1 198 100.0000 -0.0000 -98.5623
10.9900 -5 205 -5 205 100.0000 -0.0000 -98.8473
10.9913 -8 208 -8 208 100.0000 -0.0000 -99.0936
10.9926 1 198 1 198 100.0000 -0.0000 -99.4622
10.9939 -5 205 -5 205 100.0000 -0.0000 -99.7620
10.9952 -1 201 -1 201 100.0000 -0.0000 -100.1078
10.9965 0 200 0 200 100.0000 -0.0000 -100.4628
10.9978 -9 209 -9 209 100.0000 -0.0000 -100.7062
10.9990 -1 201 -1 201 100.0000 -0.0000 -101.0420
11.0003 -3 203 -3 203 100.0000 -0.0000 -101.3504
11.0016 -14 214 -14 214 100.0000 -0.0000 -101.5167
11.0029 -17 217 -17 217 100.0000 -0.0000 -101.5938
11.0041 -13 213 -13 213 100.0000 -0.0000 -101.7299
11.0054 -10 210 -10 210 100.0000 -0.0000 -101.9014
11.0067 -11 211 -11 211 100.0000 -0.0000 -102.0611
11.0079 -16 216 -16 216 100.0000 -0.0000 -102.0665
11.0092 -16 216 -16 216 100.0000 -0.0000 -102.0711
11.0105 -13 213 -13 213 100.0000 -0.0000 -102.1149
11.0118 -14 214 -14 214 100.0000 -0.0000 -102.1418
11.0130 -12 212 -12 212 100.0000 -0.0000 -102.0704
11.0143 -17 217 -17 217 100.0000 -0.0000 -101.9341
11.0156 -16 216 -16 216 100.0000 -0.0000 -101.8159
11.0168 -23 223 -23 223 100.0000 -0.0000 -101.6102
11.0181 -14 214 -14 214 100.0000 -0.0000 -101.3915
11.0194 -22 222 -22 222 100.0000 -0.0000 -101.0715
11.0207 -19 219 -19 219 100.0000 -0.0000 -100.7837
11.0220 -24 224 -24 224 100.0000 -0.0000 -100.4445
11.0232 -23 223 -23 223 100.0000 -0.0000 -100.0152
11.0245 -26 226 -26 226 100.0000 -0.0000 -99.5425
11.0258 -24 224 -24 224 100.0000 -0.0000 -99.0959
11.0271 -22 222 -22 222 100.0000 -0.0000 -98.6822
11.0284 -35 235 -35 235 100.0000 -0.0000 -98.0435
11.0296 -23 223 -23 223 100.0000 -0.0000 -97.5648
11.0309 -19 219 -19 219 100.0000 -0.0000 -97.1393
11.0321 -22 222 -22 222 100.0000 -0.0000 -96.6880
11.0334 -16 216 -16 216 100.0000 -0.0000 -96.2816
11.0346 -17 217 -17 217 100.0000 -0.0000 -95.8629
11.0359 -25 225 -25 225 100.0000 -0.0000 -95.3504
11.0371 -8 208 -8 208 100.0000 -0.0000 -95.0514
11.0384 -16 216 -16 216 100.0000 -0.0000 -94.6556
11.0397 -17 217 -17 217 100.0000 -0.0000 -94.2492
11.0409 -22 222 -22 222 100.0000 -0.0000 -93.7868
11.0422 -24 224 -24 224 100.0000 -0.0000 -93.2985
11.0435 -12 212 -12 212 100.0000 -0.0000 -92.9434
11.0448 -16 216 -16 216 100.0000 -0.0000 -92.5412
11.0461 -18 218 -18 218 100.0000 -0.0000 -92.1312
11.0474 -18 218 -18 218 100.0000 -0.0000 -91.6762
11.0487 -12 212 -12 212 100.0000 -0.0000 -91.2915
11.0500 -13 213 -13 213 100.0000 -0.0000 -90.8984
11.0513 -12 212 -12 212 100.0000 -0.0000 -90.5290
11.0525 -21 221 -21 221 100.0000 -0.0000 -89.9726
11.0538 -21 221 -21 221 100.0000 -0.0000 -89.4219
11.0551 -12 212 -12 212 100.0000 -0.0000 -88.9815
11.0564 -12 212 -12 212 100.0000 -0.0000 -88.5423
11.0576 -23 223 -23 223 100.0000 -0.0000 -87.8846
11.0589 -20 220 -20 220 100.0000 -0.0000 -87.2673
11.0602 -20 220 -20 220 100.0000 -0.0000 -86.6555
11.0615 -20 220 -20 220 100.0000 -0.0000 -86.0381
11.0628 -12 212 -12 212 100.0000 -0.0000 -85.4761
11.0641 -16 216 -16 216 100.0000 -0.0000 -84.8674
11.0654 -19 219 -19 219 100.0000 -0.0000 -84.2095
11.0667 -11 211 -11 211 100.0000 -0.0000 -83.6494
11.0680 -9 209 -9 209 100.0000 -0.0000 -83.1180
11.0693 -13 213 -13 213 100.0000 -0.0000 -82.5236
11.0706 -10 210 -10 210 100.0000 -0.0000 -81.9837
11.0719 -18 218 -18 218 100.0000 -0.0000 -81.3440
11.0731 -9 209 -9 209 100.0000 -0.0000 -80.8356
11.0744 -13 213 -13 213 100.0000 -0.0000 -80.2721
11.0757 -4 204 -4 204 100.0000 -0.0000 -79.8291
11.0769 -13 213 -13 213 100.0000 -0.0000 -79.2741
11.0782 -5 205 -5 205 100.0000 -0.0000 -78.8547
11.0795 -2 202 -2 202 100.0000 -0.0000 -78.4649
11.0808 -12 212 -12 212 100.0000 -0.0000 -77.9576
11.0821 -1 201 -1 201 100.0000 -0.0000 -77.6103
11.0833 -7 207 -7 207 100.0000 -0.0000 -77.1934
11.0846 -4 204 -4 204 100.0000 -0.0000 -76.8152
11.0859 0 199 0 199 100.0000 -0.0000 -76.4952
11.0871 6 193 6 193 100.0000 -0.0000 -76.2882
11.0884 0 200 0 200 100.0000 -0.0000 -75.9832
11.0897 0 200 0 200 100.0000 -0.0000 -75.6788
11.0910 -2 202 -2 202 100.0000 -0.0000 -75.3454
11.0922 3 196 3 196 100.0000 -0.0000 -75.1196
11.0935 4 195 4 195 100.0000 -0.0000 -74.9064
11.0948 1 198 1 198 100.0000 -0.0000 -74.6588
11.0961 3 196 3 196 100.0000 -0.0000 -74.4387
11.0973 0 199 0 199 100.0000 -0.0000 -74.2175
11.0986 0 199 0 199 100.0000 -0.0000 -73.9899
11.0999 2 197 2 197 100.0000 -0.0000 -73.7980
11.1011 8 191 8 191 100.0000 -0.0000 -73.6709
11.1024 0 199 0 199 100.0000 -0.0000 -73.4870
11.1036 6 193 6 193 100.0000 -0.0000 -73.3775
11.1049 3 196 3 196 100.0000 -0.0000 -73.2368
11.1062 0 199 0 199 100.0000 -0.0000 -73.0482
11.1074 7 192 7 192 100.0000 -0.0000 -72.9780
11.1087 6 193 6 193 100.0000 -0.0000 -72.8824
11.1100 9 190 9 190 100.0000 -0.0000 -72.8259
11.1113 3 196 3 196 100.0000 -0.0000 -72.6979
11.1125 12 187 12 187 100.0000 -0.0000 -72.6835
11.1138 5 194 5 194 100.0000 -0.0000 -72.5845
11.1150 11 188 11 188 100.0000 -0.0000 -72.5591
11.1163 10 189 10 189 100.0000 -0.0000 -72.5268
11.1175 5 194 5 194 100.0000 -0.0000 -72.4149
11.1188 13 186 13 186 100.0000 -0.0000 -72.3943
11.1201 10 189 10 189 100.0000 -0.0000 -72.3458
11.1213 3 196 3 196 100.0000 -0.0000 -72.2065
11.1226 9 190 9 190 100.0000 -0.0000 -72.1046
11.1238 9 190 9 190 100.0000 -0.0000 -71.9942
11.1251 6 193 6 193 100.0000 -0.0000 -71.8475
11.1263 6 193 6 193 100.0000 -0.0000 -71.7136
11.1276 11 188 11 188 100.0000 -0.0000 -71.6026
11.1289 7 192 7 192 100.0000 -0.0000 -71.4413
11.1301 9 190 9 190 100.0000 -0.0000 -71.3103
11.1313 7 192 7 192 100.0000 -0.0000 -71.1469
11.1326 6 193 6 193 100.0000 -0.0000 -70.9462
11.1338 13 186 13 186 100.0000 -0.0000 -70.8286
11.1350 9 190 9 190 100.0000 -0.0000 -70.6742
11.1362 2 197 2 197 100.0000 -0.0000 -70.4279
11.1375 0 200 0 200 100.0000 -0.0000 -70.1384
11.1387 4 195 4 195 100.0000 -0.0000 -69.9096
11.1400 5 194 5 194 100.0000 -0.0000 -69.6935
11.1413 8 191 8 191 100.0000 -0.0000 -69.5096
11.1426 9 190 9 190 100.0000 -0.0000 -69.3465
11.1439 9 190 9 190 100.0000 -0.0000 -69.1842
11.1452 5 194 5 194 100.0000 -0.0000 -68.9815
11.1464 20 179 20 179 100.0000 -0.0000 -68.9568
11.1477 3 196 3 196 100.0000 -0.0000 -68.7492
11.1490 2 197 2 197 100.0000 -0.0000 -68.5250
11.1503 12 187 12 187 100.0000 -0.0000 -68.4328
11.1516 21 178 21 178 100.0000 -0.0000 -68.4988
11.1529 8 191 8 191 100.0000 -0.0000 -68.3951
11.1541 19 180 19 180 100.0000 -0.0000 -68.4393
11.1554 7 192 7 192 100.0000 -0.0000 -68.3304
11.1567 10 189 10 189 100.0000 -0.0000 -68.2986
11.1580 14 185 14 185 100.0000 -0.0000 -68.3208
11.1593 8 191 8 191 100.0000 -0.0000 -68.2619
11.1606 4 195 4 195 100.0000 -0.0000 -68.1520
11.1618 9 190 9 190 100.0000 -0.0000 -68.1619
11.1631 14 185 14 185 100.0000 -0.0000 -68.2378
11.1644 11 188 11 188 100.0000 -0.0000 -68.2761
11.1657 10 189 10 189 100.0000 -0.0000 -68.2948
11.1670 18 181 18 181 100.0000 -0.0000 -68.4646
11.1682 9 190 9 190 100.0000 -0.0000 -68.5254
11.1695 14 185 14 185 100.0000 -0.0000 -68.6560
11.1708 15 184 15 184 100.0000 -0.0000 -68.7880
11.1720 5 194 5 194 100.0000 -0.0000 -68.8437
11.1733 11 188 11 188 100.0000 -0.0000 -68.9707
11.1745 15 184 15 184 100.0000 -0.0000 -69.1380
11.1758 3 196 3 196 100.0000 -0.0000 -69.1555
11.1770 6 193 6 193 100.0000 -0.0000 -69.2264
11.1783 14 185 14 185 100.0000 -0.0000 -69.3973
11.1796 8 191 8 191 100.0000 -0.0000 -69.4873
11.1809 24 175 24 175 100.0000 -0.0000 -69.7878
11.1821 15 184 15 184 100.0000 -0.0000 -69.9473
11.1834 9 190 9 190 100.0000 -0.0000 -70.0356
11.1847 13 186 13 186 100.0000 -0.0000 -70.1611
11.1860 3 196 3 196 100.0000 -0.0000 -70.1660
11.1873 7 192 7 192 100.0000 -0.0000 -70.1689
11.1885 17 182 17 182 100.0000 -0.0000 -70.2958
11.1898 4 195 4 195 100.0000 -0.0000 -70.2681
11.1911 6 193 6 193 100.0000 -0.0000 -70.2614
11.1924 13 186 13 186 100.0000 -0.0000 -70.2740
11.1936 12 187 12 187 100.0000 -0.0000 -70.2763
11.1949 15 184 15 184 100.0000 -0.0000 -70.3155
11.1962 13 186 13 186 100.0000 -0.0000 -70.2630
11.1975 6 193 6 193 100.0000 -0.0000 -70.1156
11.1988 7 192 7 192 100.0000 -0.0000 -69.9826
11.2001 4 195 4 195 100.0000 -0.0000 -69.8099
11.2014 10 189 10 189 100.0000 -0.0000 -69.6535
11.2027 13 186 13 186 100.0000 -0.0000 -69.5401
11.2039 13 186 13 186 100.0000 -0.0000 -69.4331
11.2052 11 188 11 188 100.0000 -0.0000 -69.3018
11.2065 19 180 19 180 100.0000 -0.0000 -69.2184
11.2078 12 187 12 187 100.0000 -0.0000 -69.0476
11.2091 14 185 14 185 100.0000 -0.0000 -68.8957
11.2104 12 187 12 187 100.0000 -0.0000 -68.7140
11.2117 12 187 12 187 100.0000 -0.0000 -68.5096
11.2129 18 181 18 181 100.0000 -0.0000 -68.3763
11.2142 18 181 18 181 100.0000 -0.0000 -68.2454
11.2156 26 173 26 173 100.0000 -0.0000 -68.2273
11.2168 10 189 10 189 100.0000 -0.0000 -67.9683
11.2181 15 184 15 184 100.0000 -0.0000 -67.7800
11.2194 23 176 23 176 100.0000 -0.0000 -67.6974
11.2207 17 182 17 182 100.0000 -0.0000 -67.5291
11.2220 23 176 23 176 100.0000 -0.0000 -67.4222
11.2232 19 180 19 180 100.0000 -0.0000 -67.2651
11.2245 32 167 32 167 100.0000 -0.0000 -67.2775
11.2258 28 171 28 171 100.0000 -0.0000 -67.2377
11.2271 25 174 25 174 100.0000 -0.0000 -67.1308
11.2284 26 173 26 173 100.0000 -0.0000 -67.0304
11.2296 28 171 28 171 100.0000 -0.0000 -66.9654
11.2309 26 173 26 173 100.0000 -0.0000 -66.8218
11.2321 23 176 23 176 100.0000 -0.0000 -66.6531
11.2334 19 180 19 180 100.0000 -0.0000 -66.4391
11.2347 22 177 22 177 100.0000 -0.0000 -66.2597
11.2360 23 176 23 176 100.0000 -0.0000 -66.0506
11.2372 34 165 34 165 100.0000 -0.0000 -65.9842
11.2385 23 176 23 176 100.0000 -0.0000 -65.7830
11.2398 23 176 23 176 100.0000 -0.0000 -65.5892
11.2410 26 173 26 173 100.0000 -0.0000 -65.3835
11.2423 26 173 26 173 100.0000 -0.0000 -65.1743
11.2436 22 177 22 177 100.0000 -0.0000 -64.9200
11.2449 28 171 28 171 100.0000 -0.0000 -64.7381
11.2462 31 168 31 168 100.0000 -0.0000 -64.5581
11.2475 19 180 19 180 100.0000 -0.0000 -64.2191
11.2488 25 174 25 174 100.0000 -0.0000 -63.9656
11.2500 22 177 22 177 100.0000 -0.0000 -63.6777
11.2513 19 180 19 180 100.0000 -0.0000 -63.3020
11.2526 15 184 15 184 100.0000 -0.0000 -62.8760
11.2539 15 184 15 184 100.0000 -0.0000 -62.4540
11.2551 20 179 20 179 100.0000 -0.0000 -62.0986
11.2564 26 173 26 173 100.0000 -0.0000 -61.7847
11.2577 23 176 23 176 100.0000 -0.0000 -61.4299
11.2589 21 178 21 178 100.0000 -0.0000 -61.0569
11.2602 23 176 23 176 100.0000 -0.0000 -60.7055
11.2615 18 181 18 181 100.0000 -0.0000 -60.2781
11.2628 21 178 21 178 100.0000 -0.0000 -59.8922
11.2640 12 187 12 187 100.0000 -0.0000 -59.3911
11.2653 24 175 24 175 100.0000 -0.0000 -59.0468
11.2666 20 179 20 179 100.0000 -0.0000 -58.6332
11.2679 15 184 15 184 100.0000 -0.0000 -58.1617
11.2691 8 191 8 191 100.0000 -0.0000 -57.6035
11.2704 22 177 22 177 100.0000 -0.0000 -57.2262
11.2717 13 186 13 186 100.0000 -0.0000 -56.7339
11.2729 24 175 24 175 100.0000 -0.0000 -56.3766
11.2742 17 182 17 182 100.0000 -0.0000 -55.9349
11.2754 22 177 22 177 100.0000 -0.0000 -55.5760
11.2767 18 181 18 181 100.0000 -0.0000 -55.1620
11.2780 14 185 14 185 100.0000 -0.0000 -54.7061
11.2793 25 174 25 174 100.0000 -0.0000 -54.3815
11.2806 27 172 27 172 100.0000 -0.0000 -54.1189
11.2819 22 177 22 177 100.0000 -0.0000 -53.7946
11.2832 33 166 33 166 100.0000 -0.0000 -53.6145
11.2844 16 183 16 183 100.0000 -0.0000 -53.2218
11.2857 31 168 31 168 100.0000 -0.0000 -53.0679
11.2870 34 165 34 165 100.0000 -0.0000 -52.9510
11.2882 32 167 32 167 100.0000 -0.0000 -52.8099
11.2895 28 171 28 171 100.0000 -0.0000 -52.6124
11.2908 30 169 30 169 100.0000 -0.0000 -52.4850
11.2921 36 163 36 163 100.0000 -0.0000 -52.4346
11.2933 30 169 30 169 100.0000 -0.0000 -52.3084
11.2946 35 164 35 164 100.0000 -0.0000 -52.2394
11.2959 30 169 30 169 100.0000 -0.0000 -52.1279
11.2972 34 165 34 165 100.0000 -0.0000 -52.0679
11.2984 33 166 33 166 100.0000 -0.0000 -51.9933
11.2997 33 166 33 166 100.0000 -0.0000 -51.9166
11.3010 34 165 34 165 100.0000 -0.0000 -51.8383
11.3022 40 159 40 159 100.0000 -0.0000 -51.8468
11.3035 29 170 29 170 100.0000 -0.0000 -51.7099
11.3048 33 166 33 166 100.0000 -0.0000 -51.6313
11.3060 29 170 29 170 100.0000 -0.0000 -51.4551
11.3073 27 172 27 172 100.0000 -0.0000 -51.2519
11.3086 32 167 32 167 100.0000 -0.0000 -51.1146
11.3098 28 171 28 171 100.0000 -0.0000 -50.9294
11.3111 31 168 31 168 100.0000 -0.0000 -50.7248
11.3124 38 161 38 161 100.0000 -0.0000 -50.6190
11.3137 34 165 34 165 100.0000 -0.0000 -50.4641
11.3150 26 173 26 173 100.0000 -0.0000 -50.2120
11.3163 41 158 41 158 100.0000 -0.0000 -50.1007
11.3175 33 166 33 166 100.0000 -0.0000 -49.8900
11.3188 35 164 35 164 100.0000 -0.0000 -49.7124
11.3201 31 168 31 168 100.0000 -0.0000 -49.4681
11.3213 24 175 24 175 100.0000 -0.0000 -49.1368
11.3226 23 176 23 176 100.0000 -0.0000 -48.7831
11.3239 41 158 41 158 100.0000 -0.0000 -48.6629
11.3252 35 164 35 164 100.0000 -0.0000 -48.4827
11.3264 27 172 27 172 100.0000 -0.0000 -48.2047
11.3277 36 163 36 163 100.0000 -0.0000 -48.0444
11.3290 37 162 37 162 100.0000 -0.0000 -47.8903
11.3302 28 171 28 171 100.0000 -0.0000 -47.6721
11.3315 33 166 33 166 100.0000 -0.0000 -47.5201
11.3328 29 170 29 170 100.0000 -0.0000 -47.3076
11.3340 28 171 28 171 100.0000 -0.0000 -47.0851
11.3353 29 170 29 170 100.0000 -0.0000 -46.9293
11.3366 23 176 23 176 100.0000 -0.0000 -46.7055
11.3378 29 170 29 170 100.0000 -0.0000 -46.5497
11.3391 24 175 24 175 100.0000 -0.0000 -46.3367
11.3404 20 179 20 179 100.0000 -0.0000 -46.1231
11.3416 27 172 27 172 100.0000 -0.0000 -45.9973
11.3429 30 169 30 169 100.0000 -0.0000 -45.9098
11.3442 30 169 30 169 100.0000 -0.0000 -45.8211
11.3455 25 174 25 174 100.0000 -0.0000 -45.6854
11.3467 26 173 26 173 100.0000 -0.0000 -45.5707
11.3480 30 169 30 169 100.0000 -0.0000 -45.5044
11.3492 30 169 30 169 100.0000 -0.0000 -45.4373
11.3505 31 168 31 168 100.0000 -0.0000 -45.3777
11.3518 29 170 29 170 100.0000 -0.0000 -45.2816
11.3531 27 172 27 172 100.0000 -0.0000 -45.1665
11.3544 37 162 37 162 100.0000 -0.0000 -45.1782
11.3557 28 171 28 171 100.0000 -0.0000 -45.0468
11.3570 29 170 29 170 100.0000 -0.0000 -44.9274
11.3582 26 173 26 173 100.0000 -0.0000 -44.7758
11.3595 28 171 28 171 100.0000 -0.0000 -44.6518
11.3608 33 166 33 166 100.0000 -0.0000 -44.5402
11.3620 29 170 29 170 100.0000 -0.0000 -44.3717
11.3633 28 171 28 171 100.0000 -0.0000 -44.1846
11.3646 30 169 30 169 100.0000 -0.0000 -44.0280
11.3659 23 176 23 176 100.0000 -0.0000 -43.7213
11.3671 28 171 28 171 100.0000 -0.0000 -43.4827
11.3684 23 176 23 176 100.0000 -0.0000 -43.1770
11.3697 28 171 28 171 100.0000 -0.0000 -42.8588
11.3709 26 173 26 173 100.0000 -0.0000 -42.5157
11.3722 24 175 24 175 100.0000 -0.0000 -42.1497
11.3735 30 169 30 169 100.0000 -0.0000 -41.8580
11.3748 34 165 34 165 100.0000 -0.0000 -41.5376
11.3761 36 163 36 163 100.0000 -0.0000 -41.2477
11.3773 36 163 36 163 100.0000 -0.0000 -40.9607
11.3786 19 180 19 180 100.0000 -0.0000 -40.4580
11.3799 24 175 24 175 100.0000 -0.0000 -39.9632
11.3811 25 174 25 174 100.0000 -0.0000 -39.4956
11.3823 33 166 33 166 100.0000 -0.0000 -39.1266
11.3836 24 175 24 175 100.0000 -0.0000 -38.6483
11.3848 31 168 31 168 100.0000 -0.0000 -38.2173
11.3861 30 169 30 169 100.0000 -0.0000 -37.7778
11.3873 25 174 25 174 100.0000 -0.0000 -37.2788
11.3885 32 167 32 167 100.0000 -0.0000 -36.8593
11.3898 23 176 23 176 100.0000 -0.0000 -36.3123
11.3911 31 168 31 168 100.0000 -0.0000 -35.8679
11.3924 23 176 23 176 100.0000 -0.0000 -35.3304
11.3937 31 168 31 168 100.0000 -0.0000 -34.9056
11.3949 28 171 28 171 100.0000 -0.0000 -34.4599
11.3962 33 166 33 166 100.0000 -0.0000 -34.0766
11.3975 35 164 35 164 100.0000 -0.0000 -33.7403
11.3988 38 161 38 161 100.0000 -0.0000 -33.4321
11.4001 36 163 36 163 100.0000 -0.0000 -33.1530
11.4013 40 159 40 159 100.0000 -0.0000 -32.9293
11.4026 32 167 32 167 100.0000 -0.0000 -32.6117
11.4039 35 164 35 164 100.0000 -0.0000 -32.3322
11.4051 41 158 41 158 100.0000 -0.0000 -32.1862
11.4064 38 161 38 161 100.0000 -0.0000 -31.9975
11.4077 45 154 45 154 100.0000 -0.0000 -31.8968
11.4089 47 152 47 152 100.0000 -0.0000 -31.8228
11.4102 50 149 50 149 100.0000 -0.0000 -31.8240
11.4114 38 161 38 161 100.0000 -0.0000 -31.6916
11.4127 45 154 45 154 100.0000 -0.0000 -31.6369
11.4139 43 156 43 156 100.0000 -0.0000 -31.5626
11.4152 43 156 43 156 100.0000 -0.0000 -31.4921
11.4164 41 158 41 158 100.0000 -0.0000 -31.4041
11.4177 37 162 37 162 100.0000 -0.0000 -31.2666
11.4190 47 152 47 152 100.0000 -0.0000 -31.2512
11.4202 44 155 44 155 100.0000 -0.0000 -31.1570
11.4215 35 164 35 164 100.0000 -0.0000 -30.9563
11.4227 41 158 41 158 100.0000 -0.0000 -30.8235
11.4240 45 154 45 154 100.0000 -0.0000 -30.7430
11.4253 37 162 37 162 100.0000 -0.0000 -30.4811
11.4265 39 160 39 160 100.0000 -0.0000 -30.2443
11.4278 40 159 40 159 100.0000 -0.0000 -30.0205
11.4290 38 161 38 161 100.0000 -0.0000 -29.7767
11.4303 39 160 39 160 100.0000 -0.0000 -29.4129
11.4316 50 149 50 149 100.0000 -0.0000 -29.1863
11.4329 35 164 35 164 100.0000 -0.0000 -28.7688
11.4342 34 165 34 165 100.0000 -0.0000 -28.1859
11.4355 41 158 41 158 100.0000 -0.0000 -27.6828
11.4368 43 156 43 156 100.0000 -0.0000 -27.2309
11.4381 35 164 35 164 100.0000 -0.0000 -26.6781
11.4393 49 150 49 150 100.0000 -0.0000 -26.1702
11.4406 47 152 47 152 100.0000 -0.0000 -25.6426
11.4418 36 163 36 163 100.0000 -0.0000 -24.9899
11.4431 42 157 42 157 100.0000 -0.0000 -24.4054
11.4444 45 154 45 154 100.0000 -0.0000 -23.7801
11.4456 51 148 51 148 100.0000 -0.0000 -23.2290
11.4469 56 143 56 143 100.0000 -0.0000 -22.7472
11.4482 54 145 54 145 100.0000 -0.0000 -22.2345
11.4495 49 150 49 150 100.0000 -0.0000 -21.6529
11.4508 49 150 49 150 100.0000 -0.0000 -21.0709
11.4521 54 145 54 145 100.0000 -0.0000 -20.5612
11.4534 43 156 43 156 100.0000 -0.0000 -19.9146
11.4546 51 148 51 148 100.0000 -0.0000 -19.4036
11.4560 53 146 53 146 100.0000 -0.0000 -18.9226
11.4572 52 147 52 147 100.0000 -0.0000 -18.4291
11.4585 51 148 51 148 100.0000 -0.0000 -17.9279
11.4598 52 147 52 147 100.0000 -0.0000 -17.5098
11.4611 54 145 54 145 100.0000 -0.0000 -17.1250
11.4623 51 148 51 148 100.0000 -0.0000 -16.7006
11.4636 57 142 57 142 100.0000 -0.0000 -16.3584
11.4648 58 141 58 141 100.0000 -0.0000 -16.1032
11.4661 59 140 59 140 100.0000 -0.0000 -15.8705
11.4674 52 147 52 147 100.0000 -0.0000 -15.5383
11.4687 61 138 61 138 100.0000 -0.0000 -15.3202
11.4699 62 137 62 137 100.0000 -0.0000 -15.2073
11.4712 57 142 57 142 100.0000 -0.0000 -15.0354
11.4725 54 145 54 145 100.0000 -0.0000 -14.8194
11.4737 58 141 58 141 100.0000 -0.0000 -14.7195
11.4750 61 138 61 138 100.0000 -0.0000 -14.6496
11.4763 60 139 60 139 100.0000 -0.0000 -14.5738
11.4775 59 140 59 140 100.0000 -0.0000 -14.4778
11.4788 61 138 61 138 100.0000 -0.0000 -14.4567
11.4801 67 132 67 132 100.0000 -0.0000 -14.5254
11.4814 65 134 65 134 100.0000 -0.0000 -14.5635
11.4826 63 136 63 136 100.0000 -0.0000 -14.5798
11.4838 65 134 65 134 100.0000 -0.0000 -14.6528
11.4851 70 129 70 129 100.0000 -0.0000 -14.7823
11.4863 61 138 61 138 100.0000 -0.0000 -14.8021
11.4875 56 143 56 143 100.0000 -0.0000 -14.7569
11.4888 66 133 66 133 100.0000 -0.0000 -14.8394
11.4900 68 131 68 131 100.0000 -0.0000 -14.9556
11.4912 63 136 63 136 100.0000 -0.0000 -15.0078
11.4925 61 138 61 138 100.0000 -0.0000 -15.0257
11.4938 68 131 68 131 100.0000 -0.0000 -15.1193
11.4950 68 131 68 131 100.0000 -0.0000 -15.2067
11.4963 57 142 57 142 100.0000 -0.0000 -15.1509
11.4976 65 134 65 134 100.0000 -0.0000 -15.2032
11.4989 63 136 63 136 100.0000 -0.0000 -15.2106
11.5001 67 132 67 132 100.0000 -0.0000 -15.2686
11.5014 58 141 58 141 100.0000 -0.0000 -15.2022
11.5027 71 128 71 128 100.0000 -0.0000 -15.3045
11.5040 65 134 65 134 100.0000 -0.0000 -15.2897
11.5052 69 130 69 130 100.0000 -0.0000 -15.3216
11.5065 63 136 63 136 100.0000 -0.0000 -15.2797
11.5077 68 131 68 131 100.0000 -0.0000 -15.2997
11.5090 56 143 56 143 100.0000 -0.0000 -15.1157
11.5103 65 134 65 134 100.0000 -0.0000 -15.0457
11.5115 57 142 57 142 100.0000 -0.0000 -14.8761
11.5128 63 136 63 136 100.0000 -0.0000 -14.7885
11.5141 62 137 62 137 100.0000 -0.0000 -14.5989
11.5154 54 145 54 145 100.0000 -0.0000 -14.3204
11.5166 53 146 53 146 100.0000 -0.0000 -14.0311
11.5179 57 142 57 142 100.0000 -0.0000 -13.7859
11.5192 60 139 60 139 100.0000 -0.0000 -13.4942
11.5205 55 144 55 144 100.0000 -0.0000 -13.1329
11.5217 54 145 54 145 100.0000 -0.0000 -12.7678
11.5230 58 141 58 141 100.0000 -0.0000 -12.4467
11.5243 59 140 59 140 100.0000 -0.0000 -12.0471
11.5256 53 146 53 146 100.0000 -0.0000 -11.5728
11.5268 54 145 54 145 100.0000 -0.0000 -11.1260
11.5281 58 141 58 141 100.0000 -0.0000 -10.7247
11.5293 55 144 55 144 100.0000 -0.0000 -10.2066
11.5306 50 149 50 149 100.0000 -0.0000 -9.6268
11.5319 52 147 52 147 100.0000 -0.0000 -9.0711
11.5332 58 141 58 141 100.0000 -0.0000 -8.5938
11.5344 56 143 56 143 100.0000 -0.0000 -8.0546
11.5357 58 141 58 141 100.0000 -0.0000 -7.5306
11.5370 51 148 51 148 100.0000 -0.0000 -6.9297
11.5383 51 148 51 148 100.0000 -0.0000 -6.3316
11.5395 68 131 68 131 100.0000 -0.0000 -5.9444
11.5408 59 140 59 140 100.0000 -0.0000 -5.4499
11.5421 59 140 59 140 100.0000 -0.0000 -4.9484
11.5434 56 143 56 143 100.0000 -0.0000 -4.4409
11.5447 57 142 57 142 100.0000 -0.0000 -3.9588
11.5459 63 136 63 136 100.0000 -0.0000 -3.5601
11.5472 62 137 62 137 100.0000 -0.0000 -3.1513
11.5485 64 135 64 135 100.0000 -0.0000 -2.8171
11.5497 59 140 59 140 100.0000 -0.0000 -2.4231
11.5510 69 130 69 130 100.0000 -0.0000 -2.1551
11.5523 63 136 63 136 100.0000 -0.0000 -1.8099
11.5536 69 130 69 130 100.0000 -0.0000 -1.5950
11.5548 63 136 63 136 100.0000 -0.0000 -1.3163
11.5561 71 128 71 128 100.0000 -0.0000 -1.1368
11.5574 72 127 72 127 100.0000 -0.0000 -0.9720
11.5586 69 130 69 130 100.0000 -0.0000 -0.8160
11.5599 69 130 69 130 100.0000 -0.0000 -0.6493
11.5612 72 127 72 127 100.0000 -0.0000 -0.5330
11.5625 66 133 66 133 100.0000 -0.0000 -0.3379
11.5638 77 122 77 122 100.0000 -0.0000 -0.3067
11.5651 75 124 75 124 100.0000 -0.0000 -0.2411
11.5663 77 122 77 122 100.0000 -0.0000 -0.2060
11.5676 72 127 72 127 100.0000 -0.0000 -0.1011
11.5689 72 127 72 127 100.0000 -0.0000 0.0112
11.5702 75 124 75 124 100.0000 -0.0000 0.0911
11.5714 79 120 79 120 100.0000 -0.0000 0.1196
11.5728 79 120 79 120 100.0000 -0.0000 0.1539
11.5740 83 116 83 116 100.0000 -0.0000 0.1814
11.5753 82 117 82 117 100.0000 -0.0000 0.2214
11.5765 78 121 78 121 100.0000 -0.0000 0.3103
11.5778 81 118 81 118 100.0000 -0.0000 0.3534
11.5791 75 124 75 124 100.0000 -0.0000 0.5637
11.5804 82 117 82 117 100.0000 -0.0000 0.6809
11.5816 80 119 80 119 100.0000 -0.0000 0.8124
11.5829 82 117 82 117 100.0000 -0.0000 1.0221
11.5842 78 121 78 121 100.0000 -0.0000 1.2791
11.5855 81 118 81 118 100.0000 -0.0000 1.4996
11.5867 85 114 85 114 100.0000 -0.0000 1.6663
11.5880 84 115 84 115 100.0000 -0.0000 1.9383
11.5893 85 114 85 114 100.0000 -0.0000 2.2046
11.5905 85 114 85 114 100.0000 -0.0000 2.4592
11.5918 86 113 86 113 100.0000 -0.0000 2.7114
11.5931 77 122 77 122 100.0000 -0.0000 3.1517
11.5944 85 114 85 114 100.0000 -0.0000 3.4812
11.5956 85 114 85 114 100.0000 -0.0000 3.8143
11.5969 92 107 92 107 100.0000 -0.0000 4.0516
11.5982 89 110 89 110 100.0000 -0.0000 4.3726
11.5995 89 110 89 110 100.0000 -0.0000 4.6976
11.6008 93 106 93 106 100.0000 -0.0000 4.9688
11.6021 90 109 90 109 100.0000 -0.0000 5.2744
11.6033 87 112 87 112 100.0000 -0.0000 5.6150
11.6046 95 104 95 104 100.0000 -0.0000 5.8551
11.6059 92 107 92 107 100.0000 -0.0000 6.1294
11.6072 93 106 93 106 100.0000 -0.0000 6.3838
11.6085 84 115 84 115 100.0000 -0.0000 6.7145
11.6097 86 113 86 113 100.0000 -0.0000 7.0098
11.6110 89 110 89 110 100.0000 -0.0000 7.2712
11.6123 90 109 90 109 100.0000 -0.0000 7.5186
11.6136 93 106 93 106 100.0000 -0.0000 7.6683
11.6149 97 102 97 102 100.0000 -0.0000 7.7594
11.6161 86 113 86 113 100.0000 -0.0000 7.9913
11.6174 97 102 97 102 100.0000 -0.0000 8.0811
11.6187 100 99 100 99 100.0000 -0.0000 8.0724
11.6200 91 108 91 108 100.0000 -0.0000 8.1812
11.6213 99 100 99 100 100.0000 -0.0000 8.1843
11.6225 99 100 99 100 100.0000 -0.0000 8.1500
11.6238 91 108 91 108 100.0000 -0.0000 8.2093
11.6251 106 93 106 93 100.0000 -0.0000 8.0843
11.6264 94 105 94 105 100.0000 -0.0000 8.1163
11.6277 85 114 85 114 100.0000 -0.0000 8.2519
11.6289 94 105 94 105 100.0000 -0.0000 8.2702
11.6302 99 100 99 100 100.0000 -0.0000 8.2209
11.6315 103 96 103 96 100.0000 -0.0000 8.1162
11.6328 101 98 101 98 100.0000 -0.0000 8.0697
11.6341 94 105 94 105 100.0000 -0.0000 8.1113
11.6353 94 105 94 105 100.0000 -0.0000 8.1514
11.6366 102 97 102 97 100.0000 -0.0000 8.0964
11.6379 95 104 95 104 100.0000 -0.0000 8.1894
11.6392 95 104 95 104 100.0000 -0.0000 8.2812
11.6405 100 99 100 99 100.0000 -0.0000 8.3140
11.6418 94 105 94 105 100.0000 -0.0000 8.4228
11.6431 104 95 104 95 100.0000 -0.0000 8.4910
11.6443 97 102 97 102 100.0000 -0.0000 8.6457
11.6456 95 104 95 104 100.0000 -0.0000 8.8253
11.6468 99 100 99 100 100.0000 -0.0000 8.9527
11.6481 101 98 101 98 100.0000 -0.0000 9.1479
11.6494 103 96 103 96 100.0000 -0.0000 9.3122
11.6507 96 103 96 103 100.0000 -0.0000 9.5659
11.6519 100 99 100 99 100.0000 -0.0000 9.7696
11.6532 97 102 97 102 100.0000 -0.0000 10.0924
11.6544 97 102 97 102 100.0000 -0.0000 10.4150
11.6557 101 98 101 98 100.0000 -0.0000 10.6856
11.6570 103 96 103 96 100.0000 -0.0000 10.9302
11.6583 102 97 102 97 100.0000 -0.0000 11.2405
11.6595 95 104 95 104 100.0000 -0.0000 11.6365
11.6608 102 97 102 97 100.0000 -0.0000 11.9435
11.6621 98 101 98 101 100.0000 -0.0000 12.3012
11.6634 102 97 102 97 100.0000 -0.0000 12.6432
11.6647 97 102 97 102 100.0000 -0.0000 13.0469
11.6660 100 99 100 99 100.0000 -0.0000 13.4155
11.6672 104 95 104 95 100.0000 -0.0000 13.7494
11.6685 99 100 99 100 100.0000 -0.0000 14.1538
11.6698 105 94 105 94 100.0000 -0.0000 14.4746
11.6711 107 92 107 92 100.0000 -0.0000 14.7680
11.6724 102 97 102 97 100.0000 -0.0000 15.1289
11.6737 102 97 102 97 100.0000 -0.0000 15.4856
11.6750 100 99 100 99 100.0000 -0.0000 15.8674
11.6762 100 99 100 99 100.0000 -0.0000 16.2487
11.6775 105 94 105 94 100.0000 -0.0000 16.5392
11.6788 107 92 107 92 100.0000 -0.0000 16.7959
11.6800 106 93 106 93 100.0000 -0.0000 17.0669
11.6813 116 83 116 83 100.0000 -0.0000 17.2096
11.6826 96 103 96 103 100.0000 -0.0000 17.5505
11.6838 104 95 104 95 100.0000 -0.0000 17.7974
11.6851 100 99 100 99 100.0000 -0.0000 18.0830
11.6864 104 95 104 95 100.0000 -0.0000 18.3234
11.6876 103 96 103 96 100.0000 -0.0000 18.4907
11.6889 107 92 107 92 100.0000 -0.0000 18.6142
11.6902 104 95 104 95 100.0000 -0.0000 18.7664
11.6915 103 96 103 96 100.0000 -0.0000 18.9376
11.6928 106 93 106 93 100.0000 -0.0000 18.9795
11.6940 106 93 106 93 100.0000 -0.0000 19.0199
11.6953 101 98 101 98 100.0000 -0.0000 19.1224
11.6966 105 94 105 94 100.0000 -0.0000 19.1840
11.6979 104 95 104 95 100.0000 -0.0000 19.1727
11.6991 105 94 105 94 100.0000 -0.0000 19.1420
11.7004 110 89 110 89 100.0000 -0.0000 19.0492
11.7017 104 95 104 95 100.0000 -0.0000 19.0297
11.7029 98 101 98 101 100.0000 -0.0000 19.0246
11.7042 103 96 103 96 100.0000 -0.0000 18.9681
11.7054 110 89 110 89 100.0000 -0.0000 18.8173
11.7067 108 91 108 91 100.0000 -0.0000 18.6926
11.7080 100 99 100 99 100.0000 -0.0000 18.6444
11.7093 96 103 96 103 100.0000 -0.0000 18.6467
11.7106 109 90 109 90 100.0000 -0.0000 18.4785
11.7119 116 83 116 83 100.0000 -0.0000 18.2293
11.7131 107 92 107 92 100.0000 -0.0000 18.0911
11.7144 101 98 101 98 100.0000 -0.0000 18.0303
11.7157 101 98 101 98 100.0000 -0.0000 17.9717
11.7169 112 87 112 87 100.0000 -0.0000 17.7979
11.7182 99 100 99 100 100.0000 -0.0000 17.7850
11.7195 99 100 99 100 100.0000 -0.0000 17.7757
11.7207 103 96 103 96 100.0000 -0.0000 17.7090
11.7220 102 97 102 97 100.0000 -0.0000 17.6827
11.7233 107 92 107 92 100.0000 -0.0000 17.5974
11.7246 105 94 105 94 100.0000 -0.0000 17.5263
11.7258 112 87 112 87 100.0000 -0.0000 17.3729
11.7270 105 94 105 94 100.0000 -0.0000 17.3277
11.7283 106 93 106 93 100.0000 -0.0000 17.2687
11.7295 105 94 105 94 100.0000 -0.0000 17.2227
11.7308 103 96 103 96 100.0000 -0.0000 17.2069
11.7320 103 96 103 96 100.0000 -0.0000 17.1985
11.7333 106 93 106 93 100.0000 -0.0000 17.1618
11.7346 110 89 110 89 100.0000 -0.0000 17.0761
11.7359 108 91 108 91 100.0000 -0.0000 17.0043
11.7372 107 92 107 92 100.0000 -0.0000 16.9723
11.7385 106 93 106 93 100.0000 -0.0000 16.9469
11.7397 117 82 117 82 100.0000 -0.0000 16.7853
11.7410 108 91 108 91 100.0000 -0.0000 16.7470
11.7423 99 100 99 100 100.0000 -0.0000 16.8527
11.7436 103 96 103 96 100.0000 -0.0000 16.8937
11.7449 99 100 99 100 100.0000 -0.0000 16.9901
11.7462 97 102 97 102 100.0000 -0.0000 17.1109
11.7475 105 94 105 94 100.0000 -0.0000 17.1781
11.7488 108 91 108 91 100.0000 -0.0000 17.1951
11.7500 98 101 98 101 100.0000 -0.0000 17.3440
11.7513 99 100 99 100 100.0000 -0.0000 17.4765
11.7526 98 101 98 101 100.0000 -0.0000 17.6747
11.7539 100 99 100 99 100.0000 -0.0000 17.8545
11.7551 101 98 101 98 100.0000 -0.0000 18.0162
11.7564 100 99 100 99 100.0000 -0.0000 18.2468
11.7577 96 103 96 103 100.0000 -0.0000 18.5324
11.7589 102 97 102 97 100.0000 -0.0000 18.7356
11.7602 99 100 99 100 100.0000 -0.0000 18.9741
11.7615 105 94 105 94 100.0000 -0.0000 19.1938
11.7627 104 95 104 95 100.0000 -0.0000 19.4306
11.7640 97 102 97 102 100.0000 -0.0000 19.7440
11.7653 100 99 100 99 100.0000 -0.0000 20.0215
11.7666 99 100 99 100 100.0000 -0.0000 20.3490
11.7679 97 102 97 102 100.0000 -0.0000 20.7004
11.7691 96 103 96 103 100.0000 -0.0000 21.0572
11.7704 101 98 101 98 100.0000 -0.0000 21.3508
11.7717 88 111 88 111 100.0000 -0.0000 21.8283
11.7729 95 104 95 104 100.0000 -0.0000 22.2202
11.7742 97 102 97 102 100.0000 -0.0000 22.5836
11.7755 102 97 102 97 100.0000 -0.0000 22.8777
11.7768 106 93 106 93 100.0000 -0.0000 23.1365
11.7780 103 96 103 96 100.0000 -0.0000 23.4299
11.7793 98 101 98 101 100.0000 -0.0000 23.7841
11.7806 106 93 106 93 100.0000 -0.0000 24.0396
11.7819 101 98 101 98 100.0000 -0.0000 24.3618
11.7832 103 96 103 96 100.0000 -0.0000 24.6558
11.7844 109 90 109 90 100.0000 -0.0000 24.8660
11.7857 107 92 107 92 100.0000 -0.0000 25.1105
11.7870 100 99 100 99 100.0000 -0.0000 25.4284
11.7883 108 91 108 91 100.0000 -0.0000 25.6384
11.7895 112 87 112 87 100.0000 -0.0000 25.8055
11.7908 108 91 108 91 100.0000 -0.0000 26.0143
11.7921 115 84 115 84 100.0000 -0.0000 26.1109
11.7934 118 81 118 81 100.0000 -0.0000 26.1677
11.7946 113 86 113 86 100.0000 -0.0000 26.2840
11.7959 112 87 112 87 100.0000 -0.0000 26.4093
11.7971 120 79 120 79 100.0000 -0.0000 26.4014
11.7984 118 81 118 81 100.0000 -0.0000 26.4142
11.7997 115 84 115 84 100.0000 -0.0000 26.4651
11.8010 120 79 120 79 100.0000 -0.0000 26.4260
11.8023 113 86 113 86 100.0000 -0.0000 26.4767
11.8035 131 68 131 68 100.0000 -0.0000 26.2953
11.8048 128 71 128 71 100.0000 -0.0000 26.1591
11.8061 116 83 116 83 100.0000 -0.0000 26.1532
11.8074 115 84 115 84 100.0000 -0.0000 26.1601
11.8086 124 75 124 75 100.0000 -0.0000 26.0471
11.8099 124 75 124 75 100.0000 -0.0000 25.9394
11.8112 115 84 115 84 100.0000 -0.0000 25.9298
11.8125 124 75 124 75 100.0000 -0.0000 25.8130
11.8138 128 71 128 71 100.0000 -0.0000 25.6467
11.8152 118 81 118 81 100.0000 -0.0000 25.6120
11.8165 122 77 122 77 100.0000 -0.0000 25.5173
11.8177 125 74 125 74 100.0000 -0.0000 25.3786
11.8190 116 83 116 83 100.0000 -0.0000 25.3595
11.8203 122 77 122 77 100.0000 -0.0000 25.2587
11.8215 123 76 123 76 100.0000 -0.0000 25.1333
11.8228 126 73 126 73 100.0000 -0.0000 24.9750
11.8241 121 78 121 78 100.0000 -0.0000 24.8798
11.8253 117 82 117 82 100.0000 -0.0000 24.8318
11.8266 122 77 122 77 100.0000 -0.0000 24.7125
11.8279 124 75 124 75 100.0000 -0.0000 24.5737
11.8291 116 83 116 83 100.0000 -0.0000 24.5338
11.8304 122 77 122 77 100.0000 -0.0000 24.4159
11.8317 113 86 113 86 100.0000 -0.0000 24.4021
11.8330 125 74 125 74 100.0000 -0.0000 24.2327
11.8342 113 86 113 86 100.0000 -0.0000 24.2233
11.8355 124 75 124 75 100.0000 -0.0000 24.0653
11.8368 121 78 121 78 100.0000 -0.0000 23.9399
11.8380 118 81 118 81 100.0000 -0.0000 23.8595
11.8394 118 81 118 81 100.0000 -0.0000 23.7768
11.8407 121 78 121 78 100.0000 -0.0000 23.6433
11.8420 116 83 116 83 100.0000 -0.0000 23.5774
11.8433 120 79 120 79 100.0000 -0.0000 23.4626
11.8446 112 87 112 87 100.0000 -0.0000 23.4432
11.8459 118 81 118 81 100.0000 -0.0000 23.3517
11.8471 124 75 124 75 100.0000 -0.0000 23.1787
11.8485 111 88 111 88 100.0000 -0.0000 23.1724
11.8497 116 83 116 83 100.0000 -0.0000 23.1044
11.8510 122 77 122 77 100.0000 -0.0000 22.9743
11.8522 118 81 118 81 100.0000 -0.0000 22.8964
11.8535 121 78 121 78 100.0000 -0.0000 22.7712
11.8548 118 81 118 81 100.0000 -0.0000 22.6866
11.8560 112 87 112 87 100.0000 -0.0000 22.7143
11.8574 107 92 107 92 100.0000 -0.0000 22.8024
11.8586 121 78 121 78 100.0000 -0.0000 22.7164
11.8600 121 78 121 78 100.0000 -0.0000 22.6270
11.8612 110 89 110 89 100.0000 -0.0000 22.7136
11.8625 107 92 107 92 100.0000 -0.0000 22.8327
11.8638 114 85 114 85 100.0000 -0.0000 22.8633
11.8650 112 87 112 87 100.0000 -0.0000 22.9247
11.8663 107 92 107 92 100.0000 -0.0000 23.0838
11.8676 116 83 116 83 100.0000 -0.0000 23.1278
11.8689 118 81 118 81 100.0000 -0.0000 23.1401
11.8702 116 83 116 83 100.0000 -0.0000 23.1816
11.8715 119 80 119 80 100.0000 -0.0000 23.1753
11.8727 111 88 111 88 100.0000 -0.0000 23.2723
11.8740 116 83 116 83 100.0000 -0.0000 23.3091
11.8753 116 83 116 83 100.0000 -0.0000 23.3394
11.8766 112 87 112 87 100.0000 -0.0000 23.4030
11.8779 108 91 108 91 100.0000 -0.0000 23.5054
11.8791 116 83 116 83 100.0000 -0.0000 23.5113
11.8804 115 84 115 84 100.0000 -0.0000 23.4746
11.8817 118 81 118 81 100.0000 -0.0000 23.4095
11.8830 121 78 121 78 100.0000 -0.0000 23.3069
11.8843 112 87 112 87 100.0000 -0.0000 23.3181
11.8856 121 78 121 78 100.0000 -0.0000 23.1851
11.8869 113 86 113 86 100.0000 -0.0000 23.1477
11.8882 120 79 120 79 100.0000 -0.0000 23.0299
11.8894 115 84 115 84 100.0000 -0.0000 22.9685
11.8907 117 82 117 82 100.0000 -0.0000 22.8774
11.8920 116 83 116 83 100.0000 -0.0000 22.7942
11.8933 127 72 127 72 100.0000 -0.0000 22.5820
11.8946 111 88 111 88 100.0000 -0.0000 22.5659
11.8959 116 83 116 83 100.0000 -0.0000 22.4938
11.8971 114 85 114 85 100.0000 -0.0000 22.4510
11.8984 118 81 118 81 100.0000 -0.0000 22.3537
11.8997 122 77 122 77 100.0000 -0.0000 22.2169
11.9009 121 78 121 78 100.0000 -0.0000 22.1142
11.9022 113 86 113 86 100.0000 -0.0000 22.1129
11.9035 126 73 126 73 100.0000 -0.0000 21.9393
11.9048 123 76 123 76 100.0000 -0.0000 21.8083
11.9061 116 83 116 83 100.0000 -0.0000 21.7970
11.9074 120 79 120 79 100.0000 -0.0000 21.7288
11.9087 119 80 119 80 100.0000 -0.0000 21.6830
11.9099 114 85 114 85 100.0000 -0.0000 21.6995
11.9112 116 83 116 83 100.0000 -0.0000 21.7140
11.9125 119 80 119 80 100.0000 -0.0000 21.6988
11.9137 128 71 128 71 100.0000 -0.0000 21.5629
11.9150 116 83 116 83 100.0000 -0.0000 21.6165
11.9162 114 85 114 85 100.0000 -0.0000 21.7018
11.9175 112 87 112 87 100.0000 -0.0000 21.8087
11.9188 117 82 117 82 100.0000 -0.0000 21.8506
11.9201 112 87 112 87 100.0000 -0.0000 21.9895
11.9213 118 81 118 81 100.0000 -0.0000 22.0543
11.9226 120 79 120 79 100.0000 -0.0000 22.0906
11.9239 124 75 124 75 100.0000 -0.0000 22.0789
11.9251 112 87 112 87 100.0000 -0.0000 22.2453
11.9264 120 79 120 79 100.0000 -0.0000 22.3121
11.9277 119 80 119 80 100.0000 -0.0000 22.3901
11.9290 123 76 123 76 100.0000 -0.0000 22.4172
11.9302 128 71 128 71 100.0000 -0.0000 22.4129
11.9315 129 70 129 70 100.0000 -0.0000 22.3989
11.9327 118 81 118 81 100.0000 -0.0000 22.5225
11.9340 115 84 115 84 100.0000 -0.0000 22.6731
11.9353 127 72 127 72 100.0000 -0.0000 22.6999
11.9366 116 83 116 83 100.0000 -0.0000 22.8757
11.9379 120 79 120 79 100.0000 -0.0000 23.0012
11.9392 125 74 125 74 100.0000 -0.0000 23.0616
11.9404 121 78 121 78 100.0000 -0.0000 23.2005
11.9417 113 86 113 86 100.0000 -0.0000 23.4462
11.9429 126 73 126 73 100.0000 -0.0000 23.5248
11.9442 130 69 130 69 100.0000 -0.0000 23.5470
11.9455 117 82 117 82 100.0000 -0.0000 23.7656
11.9468 127 72 127 72 100.0000 -0.0000 23.8614
11.9480 133 66 133 66 100.0000 -0.0000 23.8683
11.9493 123 76 123 76 100.0000 -0.0000 24.0032
11.9506 125 74 125 74 100.0000 -0.0000 24.1279
11.9519 126 73 126 73 100.0000 -0.0000 24.2343
11.9532 121 78 121 78 100.0000 -0.0000 24.4094
11.9545 126 73 126 73 100.0000 -0.0000 24.5138
11.9557 132 67 132 67 100.0000 -0.0000 24.5340
11.9570 121 78 121 78 100.0000 -0.0000 24.6921
11.9583 125 74 125 74 100.0000 -0.0000 24.7909
11.9595 133 66 133 66 100.0000 -0.0000 24.7930
11.9608 126 73 126 73 100.0000 -0.0000 24.8401
11.9621 125 74 125 74 100.0000 -0.0000 24.8994
11.9634 130 69 130 69 100.0000 -0.0000 24.9015
11.9647 126 73 126 73 100.0000 -0.0000 24.9092
11.9660 130 69 130 69 100.0000 -0.0000 24.8610
11.9672 125 74 125 74 100.0000 -0.0000 24.8813
11.9685 127 72 127 72 100.0000 -0.0000 24.8777
11.9698 122 77 122 77 100.0000 -0.0000 24.8934
11.9711 129 70 129 70 100.0000 -0.0000 24.8196
11.9723 122 77 122 77 100.0000 -0.0000 24.8363
11.9736 133 66 133 66 100.0000 -0.0000 24.7026
11.9749 123 76 123 76 100.0000 -0.0000 24.6634
11.9762 129 70 129 70 100.0000 -0.0000 24.5485
11.9774 123 76 123 76 100.0000 -0.0000 24.5104
11.9787 132 67 132 67 100.0000 -0.0000 24.3512
11.9800 127 72 127 72 100.0000 -0.0000 24.2319
11.9813 135 64 135 64 100.0000 -0.0000 24.0196
11.9826 130 69 130 69 100.0000 -0.0000 23.8637
11.9838 125 74 125 74 100.0000 -0.0000 23.7756
11.9851 132 67 132 67 100.0000 -0.0000 23.5788
11.9864 136 63 136 63 100.0000 -0.0000 23.3314
11.9876 131 68 131 68 100.0000 -0.0000 23.1449
11.9889 130 69 130 69 100.0000 -0.0000 22.9690
11.9902 128 71 128 71 100.0000 -0.0000 22.7982
11.9915 124 75 124 75 100.0000 -0.0000 22.6766
11.9928 124 75 124 75 100.0000 -0.0000 22.5542
11.9941 132 67 132 67 100.0000 -0.0000 22.3278
11.9953 125 74 125 74 100.0000 -0.0000 22.1610
11.9966 135 64 135 64 100.0000 -0.0000 21.8679
11.9979 126 73 126 73 100.0000 -0.0000 21.6935
11.9992 137 62 137 62 100.0000 -0.0000 21.3805
12.0004 127 72 127 72 100.0000 -0.0000 21.1345
12.0017 130 69 130 69 100.0000 -0.0000 20.8580
12.0030 118 81 118 81 100.0000 -0.0000 20.7301
12.0042 130 69 130 69 100.0000 -0.0000 20.4530
12.0055 125 74 125 74 100.0000 -0.0000 20.1854
12.0068 130 69 130 69 100.0000 -0.0000 19.8548
12.0080 136 63 136 63 100.0000 -0.0000 19.4599
12.0093 128 71 128 71 100.0000 -0.0000 19.1048
12.0106 123 76 123 76 100.0000 -0.0000 18.8167
12.0118 131 68 131 68 100.0000 -0.0000 18.4371
12.0131 126 73 126 73 100.0000 -0.0000 18.1262
12.0143 132 67 132 67 100.0000 -0.0000 17.6982
12.0156 131 68 131 68 100.0000 -0.0000 17.2850
12.0169 122 77 122 77 100.0000 -0.0000 16.9900
12.0181 127 72 127 72 100.0000 -0.0000 16.6357
12.0194 130 69 130 69 100.0000 -0.0000 16.2140
12.0206 127 72 127 72 100.0000 -0.0000 15.8399
12.0219 129 70 129 70 100.0000 -0.0000 15.4514
12.0231 129 70 129 70 100.0000 -0.0000 15.0641
12.0243 127 72 127 72 100.0000 -0.0000 14.6896
12.0256 128 71 128 71 100.0000 -0.0000 14.3013
12.0268 133 66 133 66 100.0000 -0.0000 13.8617
12.0280 126 73 126 73 100.0000 -0.0000 13.5130
12.0293 125 74 125 74 100.0000 -0.0000 13.1727
12.0306 128 71 128 71 100.0000 -0.0000 12.7967
12.0318 135 64 135 64 100.0000 -0.0000 12.3269
12.0331 124 75 124 75 100.0000 -0.0000 12.0064
12.0344 114 85 114 85 100.0000 -0.0000 11.8222
12.0357 124 75 124 75 100.0000 -0.0000 11.5232
12.0369 125 74 125 74 100.0000 -0.0000 11.2145
12.0382 127 72 127 72 100.0000 -0.0000 10.8726
12.0395 123 76 123 76 100.0000 -0.0000 10.6033
12.0408 124 75 124 75 100.0000 -0.0000 10.3307
12.0421 123 76 123 76 100.0000 -0.0000 10.0682
12.0434 119 80 119 80 100.0000 -0.0000 9.8675
12.0447 121 78 121 78 100.0000 -0.0000 9.6819
12.0459 124 75 124 75 100.0000 -0.0000 9.4549
12.0472 118 81 118 81 100.0000 -0.0000 9.3167
12.0485 121 78 121 78 100.0000 -0.0000 9.1368
12.0498 120 79 120 79 100.0000 -0.0000 9.0046
12.0511 119 80 119 80 100.0000 -0.0000 8.8828
12.0523 113 86 113 86 100.0000 -0.0000 8.8389
12.0536 115 84 115 84 100.0000 -0.0000 8.7731
12.0549 121 78 121 78 100.0000 -0.0000 8.6520
12.0562 117 82 117 82 100.0000 -0.0000 8.5812
12.0574 110 89 110 89 100.0000 -0.0000 8.5953
12.0587 113 86 113 86 100.0000 -0.0000 8.5657
12.0599 113 86 113 86 100.0000 -0.0000 8.5209
12.0612 118 81 118 81 100.0000 -0.0000 8.4113
12.0625 124 75 124 75 100.0000 -0.0000 8.2247
12.0638 120 79 120 79 100.0000 -0.0000 8.0202
12.0650 122 77 122 77 100.0000 -0.0000 7.8014
12.0663 123 76 123 76 100.0000 -0.0000 7.5605
12.0676 117 82 117 82 100.0000 -0.0000 7.4067
12.0690 123 76 123 76 100.0000 -0.0000 7.0706
12.0702 125 74 125 74 100.0000 -0.0000 6.7304
12.0715 132 67 132 67 100.0000 -0.0000 6.2998
12.0728 117 82 117 82 100.0000 -0.0000 6.0662
12.0740 127 72 127 72 100.0000 -0.0000 5.5958
12.0753 114 85 114 85 100.0000 -0.0000 5.3012
12.0766 120 79 120 79 100.0000 -0.0000 4.9257
12.0778 117 82 117 82 100.0000 -0.0000 4.5952
12.0791 118 81 118 81 100.0000 -0.0000 4.1593
12.0803 111 88 111 88 100.0000 -0.0000 3.8137
12.0816 127 72 127 72 100.0000 -0.0000 3.2655
12.0828 125 74 125 74 100.0000 -0.0000 2.7434
12.0841 108 91 108 91 100.0000 -0.0000 2.3592
12.0854 116 83 116 83 100.0000 -0.0000 1.8727
12.0866 122 77 122 77 100.0000 -0.0000 1.3236
12.0879 113 86 113 86 100.0000 -0.0000 0.8888
12.0892 122 77 122 77 100.0000 -0.0000 0.2941
12.0905 118 81 118 81 100.0000 -0.0000 -0.2392
12.0918 112 87 112 87 100.0000 -0.0000 -0.6938
12.0930 108 91 108 91 100.0000 -0.0000 -1.0929
12.0943 104 95 104 95 100.0000 -0.0000 -1.4470
12.0956 115 84 115 84 100.0000 -0.0000 -1.9344
12.0969 122 77 122 77 100.0000 -0.0000 -2.5119
12.0982 117 82 117 82 100.0000 -0.0000 -3.0107
12.0994 114 85 114 85 100.0000 -0.0000 -3.4474
12.1007 109 90 109 90 100.0000 -0.0000 -3.8133
12.1020 108 91 108 91 100.0000 -0.0000 -4.1564
12.1033 114 85 114 85 100.0000 -0.0000 -4.5842
12.1045 122 77 122 77 100.0000 -0.0000 -5.0546
12.1058 112 87 112 87 100.0000 -0.0000 -5.3867
12.1071 114 85 114 85 100.0000 -0.0000 -5.7582
12.1084 114 85 114 85 100.0000 -0.0000 -6.0815
12.1097 110 89 110 89 100.0000 -0.0000 -6.3502
12.1109 109 90 109 90 100.0000 -0.0000 -6.5992
12.1123 112 87 112 87 100.0000 -0.0000 -6.9064
12.1136 113 86 113 86 100.0000 -0.0000 -7.1843
12.1149 114 85 114 85 100.0000 -0.0000 -7.4691
12.1161 111 88 111 88 100.0000 -0.0000 -7.7140
12.1174 109 90 109 90 100.0000 -0.0000 -7.9354
12.1187 112 87 112 87 100.0000 -0.0000 -8.1896
12.1200 105 94 105 94 100.0000 -0.0000 -8.3576
12.1212 109 90 109 90 100.0000 -0.0000 -8.5731
12.1225 107 92 107 92 100.0000 -0.0000 -8.7637
12.1238 108 91 108 91 100.0000 -0.0000 -8.9759
12.1250 110 89 110 89 100.0000 -0.0000 -9.2283
12.1263 117 82 117 82 100.0000 -0.0000 -9.5507
12.1275 107 92 107 92 100.0000 -0.0000 -9.7467
12.1288 105 94 105 94 100.0000 -0.0000 -9.9550
12.1301 104 95 104 95 100.0000 -0.0000 -10.1481
12.1314 104 95 104 95 100.0000 -0.0000 -10.3409
12.1327 106 93 106 93 100.0000 -0.0000 -10.5490
12.1339 100 99 100 99 100.0000 -0.0000 -10.6930
12.1352 117 82 117 82 100.0000 -0.0000 -11.0486
12.1365 107 92 107 92 100.0000 -0.0000 -11.2860
12.1378 107 92 107 92 100.0000 -0.0000 -11.5245
12.1391 106 93 106 93 100.0000 -0.0000 -11.7537
12.1403 115 84 115 84 100.0000 -0.0000 -12.0959
12.1416 107 92 107 92 100.0000 -0.0000 -12.3393
12.1429 116 83 116 83 100.0000 -0.0000 -12.6866
12.1442 112 87 112 87 100.0000 -0.0000 -12.9765
12.1455 112 87 112 87 100.0000 -0.0000 -13.2539
12.1468 101 98 101 98 100.0000 -0.0000 -13.3980
12.1480 111 88 111 88 100.0000 -0.0000 -13.6389
12.1493 112 87 112 87 100.0000 -0.0000 -13.8978
12.1505 103 96 103 96 100.0000 -0.0000 -14.0348
12.1518 102 97 102 97 100.0000 -0.0000 -14.1691
12.1531 106 93 106 93 100.0000 -0.0000 -14.3089
12.1544 96 103 96 103 100.0000 -0.0000 -14.3294
12.1556 105 94 105 94 100.0000 -0.0000 -14.4587
12.1569 99 100 99 100 100.0000 -0.0000 -14.5138
12.1582 95 104 95 104 100.0000 -0.0000 -14.4521
12.1594 95 104 95 104 100.0000 -0.0000 -14.3891
12.1607 92 107 92 107 100.0000 -0.0000 -14.2858
12.1619 97 102 97 102 100.0000 -0.0000 -14.2482
12.1632 97 102 97 102 100.0000 -0.0000 -14.1527
12.1645 91 108 91 108 100.0000 -0.0000 -13.9924
12.1658 97 102 97 102 100.0000 -0.0000 -13.9054
12.1670 95 104 95 104 100.0000 -0.0000 -13.7974
12.1683 96 103 96 103 100.0000 -0.0000 -13.6432
12.1696 105 94 105 94 100.0000 -0.0000 -13.5943
12.1709 101 98 101 98 100.0000 -0.0000 -13.5011
12.1721 99 100 99 100 100.0000 -0.0000 -13.3827
12.1734 88 111 88 111 100.0000 -0.0000 -13.0844
12.1746 92 107 92 107 100.0000 -0.0000 -12.8435
12.1759 95 104 95 104 100.0000 -0.0000 -12.6327
12.1771 91 108 91 108 100.0000 -0.0000 -12.3814
12.1784 91 108 91 108 100.0000 -0.0000 -12.1257
12.1796 99 100 99 100 100.0000 -0.0000 -11.9733
12.1809 90 109 90 109 100.0000 -0.0000 -11.7133
12.1822 96 103 96 103 100.0000 -0.0000 -11.5342
12.1835 96 103 96 103 100.0000 -0.0000 -11.3866
12.1847 99 100 99 100 100.0000 -0.0000 -11.2796
12.1860 101 98 101 98 100.0000 -0.0000 -11.1892
12.1873 97 102 97 102 100.0000 -0.0000 -11.0593
12.1885 104 95 104 95 100.0000 -0.0000 -11.0818
12.1898 101 98 101 98 100.0000 -0.0000 -11.0616
12.1910 97 102 97 102 100.0000 -0.0000 -10.9959
12.1923 101 98 101 98 100.0000 -0.0000 -10.9823
12.1935 97 102 97 102 100.0000 -0.0000 -10.9960
12.1948 111 88 111 88 100.0000 -0.0000 -11.1927
12.1960 96 103 96 103 100.0000 -0.0000 -11.1971
12.1973 96 103 96 103 100.0000 -0.0000 -11.1971
12.1985 100 99 100 99 100.0000 -0.0000 -11.3375
12.1998 98 101 98 101 100.0000 -0.0000 -11.4558
12.2011 97 102 97 102 100.0000 -0.0000 -11.5560
12.2023 105 94 105 94 100.0000 -0.0000 -11.7577
12.2036 105 94 105 94 100.0000 -0.0000 -12.0316
12.2049 94 105 94 105 100.0000 -0.0000 -12.1605
12.2062 96 103 96 103 100.0000 -0.0000 -12.3180
12.2074 112 87 112 87 100.0000 -0.0000 -12.6782
12.2087 102 97 102 97 100.0000 -0.0000 -12.9524
12.2100 91 108 91 108 100.0000 -0.0000 -13.0768
12.2112 92 107 92 107 100.0000 -0.0000 -13.2144
12.2125 102 97 102 97 100.0000 -0.0000 -13.5033
12.2137 100 99 100 99 100.0000 -0.0000 -13.7678
12.2150 99 100 99 100 100.0000 -0.0000 -14.0206
12.2163 106 93 106 93 100.0000 -0.0000 -14.3665
12.2176 97 102 97 102 100.0000 -0.0000 -14.6077
12.2189 94 105 94 105 100.0000 -0.0000 -14.8047
12.2202 84 115 84 115 100.0000 -0.0000 -14.8729
12.2215 93 106 93 106 100.0000 -0.0000 -15.0515
12.2227 94 105 94 105 100.0000 -0.0000 -15.2574
12.2240 107 92 107 92 100.0000 -0.0000 -15.6316
12.2253 102 97 102 97 100.0000 -0.0000 -15.9376
12.2265 103 96 103 96 100.0000 -0.0000 -16.2510
12.2278 95 104 95 104 100.0000 -0.0000 -16.4982
12.2291 95 104 95 104 100.0000 -0.0000 -16.7413
12.2303 104 95 104 95 100.0000 -0.0000 -17.0893
12.2316 92 107 92 107 100.0000 -0.0000 -17.2882
12.2329 93 106 93 106 100.0000 -0.0000 -17.5531
12.2341 90 109 90 109 100.0000 -0.0000 -17.7761
12.2354 98 101 98 101 100.0000 -0.0000 -18.0955
12.2366 89 110 89 110 100.0000 -0.0000 -18.3063
12.2379 95 104 95 104 100.0000 -0.0000 -18.6489
12.2392 93 106 93 106 100.0000 -0.0000 -18.9684
12.2404 90 109 90 109 100.0000 -0.0000 -19.2453
12.2417 92 107 92 107 100.0000 -0.0000 -19.5470
12.2430 97 102 97 102 100.0000 -0.0000 -19.9886
12.2442 95 104 95 104 100.0000 -0.0000 -20.3968
12.2455 87 112 87 112 100.0000 -0.0000 -20.6948
12.2467 92 107 92 107 100.0000 -0.0000 -21.0488
12.2480 84 115 84 115 100.0000 -0.0000 -21.3819
12.2493 89 110 89 110 100.0000 -0.0000 -21.7919
12.2506 88 111 88 111 100.0000 -0.0000 -22.1715
12.2519 93 106 93 106 100.0000 -0.0000 -22.6162
12.2531 91 108 91 108 100.0000 -0.0000 -23.0965
12.2544 85 114 85 114 100.0000 -0.0000 -23.5026
12.2556 82 117 82 117 100.0000 -0.0000 -23.8679
12.2569 94 105 94 105 100.0000 -0.0000 -24.3830
12.2582 89 110 89 110 100.0000 -0.0000 -24.9085
12.2595 91 108 91 108 100.0000 -0.0000 -25.4539
12.2607 92 107 92 107 100.0000 -0.0000 -26.0000
12.2620 87 112 87 112 100.0000 -0.0000 -26.4812
12.2632 88 111 88 111 100.0000 -0.0000 -27.0177
12.2645 89 110 89 110 100.0000 -0.0000 -27.5653
12.2657 89 110 89 110 100.0000 -0.0000 -28.1163
12.2670 89 110 89 110 100.0000 -0.0000 -28.7131
12.2683 89 110 89 110 100.0000 -0.0000 -29.3129
12.2696 87 112 87 112 100.0000 -0.0000 -29.8855
12.2709 82 117 82 117 100.0000 -0.0000 -30.3865
12.2722 79 120 79 120 100.0000 -0.0000 -30.8734
12.2734 85 114 85 114 100.0000 -0.0000 -31.4344
12.2747 81 118 81 118 100.0000 -0.0000 -31.9431
12.2760 81 118 81 118 100.0000 -0.0000 -32.4481
12.2773 83 116 83 116 100.0000 -0.0000 -32.9867
12.2785 80 119 80 119 100.0000 -0.0000 -33.4858
12.2798 81 118 81 118 100.0000 -0.0000 -33.9972
12.2811 75 124 75 124 100.0000 -0.0000 -34.4189
12.2823 72 127 72 127 100.0000 -0.0000 -34.7903
12.2836 77 122 77 122 100.0000 -0.0000 -35.2203
12.2849 71 128 71 128 100.0000 -0.0000 -35.5723
12.2861 67 132 67 132 100.0000 -0.0000 -35.8736
12.2874 77 122 77 122 100.0000 -0.0000 -36.2567
12.2887 70 129 70 129 100.0000 -0.0000 -36.5578
12.2899 68 131 68 131 100.0000 -0.0000 -36.8224
12.2912 63 136 63 136 100.0000 -0.0000 -37.0201
12.2925 73 126 73 126 100.0000 -0.0000 -37.3057
12.2938 61 138 61 138 100.0000 -0.0000 -37.4328
12.2950 75 124 75 124 100.0000 -0.0000 -37.7319
12.2963 73 126 73 126 100.0000 -0.0000 -38.0034
12.2976 60 139 60 139 100.0000 -0.0000 -38.0810
12.2989 63 136 63 136 100.0000 -0.0000 -38.2052
12.3002 70 129 70 129 100.0000 -0.0000 -38.4173
12.3014 66 133 66 133 100.0000 -0.0000 -38.5684
12.3027 56 143 56 143 100.0000 -0.0000 -38.5865
12.3040 60 139 60 139 100.0000 -0.0000 -38.6556
12.3052 64 135 64 135 100.0000 -0.0000 -38.7776
12.3065 65 134 65 134 100.0000 -0.0000 -38.9090
12.3078 64 135 64 135 100.0000 -0.0000 -39.0491
12.3090 68 131 68 131 100.0000 -0.0000 -39.2367
12.3103 67 132 67 132 100.0000 -0.0000 -39.4174
12.3116 66 133 66 133 100.0000 -0.0000 -39.5752
12.3128 70 129 70 129 100.0000 -0.0000 -39.8231
12.3140 66 133 66 133 100.0000 -0.0000 -40.0205
12.3153 61 138 61 138 100.0000 -0.0000 -40.1466
12.3165 62 137 62 137 100.0000 -0.0000 -40.2917
12.3177 57 142 57 142 100.0000 -0.0000 -40.4016
12.3190 59 140 59 140 100.0000 -0.0000 -40.5435
12.3203 62 137 62 137 100.0000 -0.0000 -40.7186
12.3215 59 140 59 140 100.0000 -0.0000 -40.8570
12.3228 64 135 64 135 100.0000 -0.0000 -41.0789
12.3240 57 142 57 142 100.0000 -0.0000 -41.2045
12.3253 65 134 65 134 100.0000 -0.0000 -41.4382
12.3266 47 152 47 152 100.0000 -0.0000 -41.4432
12.3278 55 144 55 144 100.0000 -0.0000 -41.5518
12.3291 58 141 58 141 100.0000 -0.0000 -41.6992
12.3303 62 137 62 137 100.0000 -0.0000 -41.8940
12.3316 58 141 58 141 100.0000 -0.0000 -42.0291
12.3329 63 136 63 136 100.0000 -0.0000 -42.2397
12.3342 62 137 62 137 100.0000 -0.0000 -42.4282
12.3355 67 132 67 132 100.0000 -0.0000 -42.6793
12.3367 57 142 57 142 100.0000 -0.0000 -42.8084
12.3380 64 135 64 135 100.0000 -0.0000 -43.0254
12.3393 62 137 62 137 100.0000 -0.0000 -43.2107
12.3406 65 134 65 134 100.0000 -0.0000 -43.4332
12.3419 70 129 70 129 100.0000 -0.0000 -43.7241
12.3432 60 139 60 139 100.0000 -0.0000 -43.8924
12.3444 68 131 68 131 100.0000 -0.0000 -44.1597
12.3457 59 140 59 140 100.0000 -0.0000 -44.3093
12.3470 65 134 65 134 100.0000 -0.0000 -44.5516
12.3483 60 139 60 139 100.0000 -0.0000 -44.7341
12.3496 71 128 71 128 100.0000 -0.0000 -45.0482
12.3508 67 132 67 132 100.0000 -0.0000 -45.3125
12.3521 67 132 67 132 100.0000 -0.0000 -45.5898
12.3534 70 129 70 129 100.0000 -0.0000 -45.9053
12.3546 65 134 65 134 100.0000 -0.0000 -46.1580
12.3559 73 126 73 126 100.0000 -0.0000 -46.5111
12.3572 68 131 68 131 100.0000 -0.0000 -46.8099
12.3585 68 131 68 131 100.0000 -0.0000 -47.1133
12.3598 63 136 63 136 100.0000 -0.0000 -47.3426
12.3610 70 129 70 129 100.0000 -0.0000 -47.6547
12.3623 73 126 73 126 100.0000 -0.0000 -47.9934
12.3636 61 138 61 138 100.0000 -0.0000 -48.1801
12.3648 64 135 64 135 100.0000 -0.0000 -48.4001
12.3661 66 133 66 133 100.0000 -0.0000 -48.6436
12.3674 75 124 75 124 100.0000 -0.0000 -48.9681
12.3686 65 134 65 134 100.0000 -0.0000 -49.1639
12.3699 65 134 65 134 100.0000 -0.0000 -49.3524
12.3711 69 130 69 130 100.0000 -0.0000 -49.5252
12.3724 60 139 60 139 100.0000 -0.0000 -49.5948
12.3738 73 126 73 126 100.0000 -0.0000 -49.8266
12.3751 65 134 65 134 100.0000 -0.0000 -49.9616
12.3764 62 137 62 137 100.0000 -0.0000 -49.9866
12.3776 75 124 75 124 100.0000 -0.0000 -50.1668
12.3789 67 132 67 132 100.0000 -0.0000 -50.2399
12.3802 68 131 68 131 100.0000 -0.0000 -50.3288
12.3815 57 142 57 142 100.0000 -0.0000 -50.2214
12.3828 61 138 61 138 100.0000 -0.0000 -50.1597
12.3840 65 134 65 134 100.0000 -0.0000 -50.1512
12.3853 67 132 67 132 100.0000 -0.0000 -50.1624
12.3866 61 138 61 138 100.0000 -0.0000 -50.0829
12.3879 70 129 70 129 100.0000 -0.0000 -50.1039
12.3892 65 134 65 134 100.0000 -0.0000 -50.0675
12.3905 70 129 70 129 100.0000 -0.0000 -50.0904
12.3917 62 137 62 137 100.0000 -0.0000 -50.0196
12.3930 69 130 69 130 100.0000 -0.0000 -50.0420
12.3943 72 127 72 127 100.0000 -0.0000 -50.0945
12.3956 65 134 65 134 100.0000 -0.0000 -50.0565
12.3969 57 142 57 142 100.0000 -0.0000 -49.9449
12.3981 66 133 66 133 100.0000 -0.0000 -49.9434
12.3994 67 132 67 132 100.0000 -0.0000 -49.9541
12.4007 59 140 59 140 100.0000 -0.0000 -49.8641
12.4019 54 145 54 145 100.0000 -0.0000 -49.7591
12.4032 56 143 56 143 100.0000 -0.0000 -49.6710
12.4045 58 141 58 141 100.0000 -0.0000 -49.6167
12.4057 68 131 68 131 100.0000 -0.0000 -49.6842
12.4070 67 132 67 132 100.0000 -0.0000 -49.7862
12.4083 58 141 58 141 100.0000 -0.0000 -49.7747
12.4095 59 140 59 140 100.0000 -0.0000 -49.7803
12.4108 52 147 52 147 100.0000 -0.0000 -49.6857
12.4120 63 136 63 136 100.0000 -0.0000 -49.7856
12.4133 57 142 57 142 100.0000 -0.0000 -49.8200
12.4146 60 139 60 139 100.0000 -0.0000 -49.8818
12.4158 68 131 68 131 100.0000 -0.0000 -50.0915
12.4171 50 149 50 149 100.0000 -0.0000 -50.0724
12.4184 55 144 55 144 100.0000 -0.0000 -50.1302
12.4197 67 132 67 132 100.0000 -0.0000 -50.3274
12.4210 60 139 60 139 100.0000 -0.0000 -50.4922
12.4223 69 130 69 130 100.0000 -0.0000 -50.7730
12.4236 65 134 65 134 100.0000 -0.0000 -51.0081
12.4248 53 146 53 146 100.0000 -0.0000 -51.0807
12.4261 54 145 54 145 100.0000 -0.0000 -51.2234
12.4274 67 132 67 132 100.0000 -0.0000 -51.5279
12.4287 55 144 55 144 100.0000 -0.0000 -51.6805
12.4300 65 134 65 134 100.0000 -0.0000 -51.9644
12.4312 61 138 61 138 100.0000 -0.0000 -52.2570
12.4325 58 141 58 141 100.0000 -0.0000 -52.5144
12.4338 57 142 57 142 100.0000 -0.0000 -52.7521
12.4351 60 139 60 139 100.0000 -0.0000 -53.0210
12.4364 61 138 61 138 100.0000 -0.0000 -53.3674
12.4377 58 141 58 141 100.0000 -0.0000 -53.6596
12.4390 66 133 66 133 100.0000 -0.0000 -54.0597
12.4403 60 139 60 139 100.0000 -0.0000 -54.3851
12.4415 54 145 54 145 100.0000 -0.0000 -54.6730
12.4428 60 139 60 139 100.0000 -0.0000 -55.0378
12.4441 60 139 60 139 100.0000 -0.0000 -55.3927
12.4454 66 133 66 133 100.0000 -0.0000 -55.8268
12.4467 53 146 53 146 100.0000 -0.0000 -56.1285
12.4480 60 139 60 139 100.0000 -0.0000 -56.5168
12.4493 52 147 52 147 100.0000 -0.0000 -56.7938
12.4505 62 137 62 137 100.0000 -0.0000 -57.2115
12.4518 56 143 56 143 100.0000 -0.0000 -57.5505
12.4531 55 144 55 144 100.0000 -0.0000 -57.8662
12.4544 51 148 51 148 100.0000 -0.0000 -58.1340
12.4556 56 143 56 143 100.0000 -0.0000 -58.4636
12.4569 58 141 58 141 100.0000 -0.0000 -58.8228
12.4582 50 149 50 149 100.0000 -0.0000 -59.0790
12.4595 58 141 58 141 100.0000 -0.0000 -59.4263
12.4608 56 143 56 143 100.0000 -0.0000 -59.7512
12.4621 58 141 58 141 100.0000 -0.0000 -60.0960
12.4634 55 144 55 144 100.0000 -0.0000 -60.3899
12.4647 51 148 51 148 100.0000 -0.0000 -60.6306
12.4659 56 143 56 143 100.0000 -0.0000 -60.9361
12.4672 56 143 56 143 100.0000 -0.0000 -61.2383
12.4685 61 138 61 138 100.0000 -0.0000 -61.6003
12.4697 56 143 56 143 100.0000 -0.0000 -61.9085
12.4710 51 148 51 148 100.0000 -0.0000 -62.1448
12.4723 57 142 57 142 100.0000 -0.0000 -62.4617
12.4735 55 144 55 144 100.0000 -0.0000 -62.7541
12.4748 56 143 56 143 100.0000 -0.0000 -63.0601
12.4761 47 152 47 152 100.0000 -0.0000 -63.2575
12.4774 61 138 61 138 100.0000 -0.0000 -63.6241
12.4787 55 144 55 144 100.0000 -0.0000 -63.9178
12.4800 56 143 56 143 100.0000 -0.0000 -64.2222
12.4813 48 151 48 151 100.0000 -0.0000 -64.4204
12.4826 55 144 55 144 100.0000 -0.0000 -64.7052
12.4838 48 151 48 151 100.0000 -0.0000 -64.8983
12.4851 52 147 52 147 100.0000 -0.0000 -65.1381
12.4864 51 148 51 148 100.0000 -0.0000 -65.3707
12.4876 54 145 54 145 100.0000 -0.0000 -65.6300
12.4889 52 147 52 147 100.0000 -0.0000 -65.8776
12.4902 53 146 53 146 100.0000 -0.0000 -66.1345
12.4915 55 144 55 144 100.0000 -0.0000 -66.4178
12.4928 48 151 48 151 100.0000 -0.0000 -66.6096
12.4940 47 152 47 152 100.0000 -0.0000 -66.7978
12.4953 42 157 42 157 100.0000 -0.0000 -66.9497
12.4966 46 153 46 153 100.0000 -0.0000 -67.1496
12.4978 52 147 52 147 100.0000 -0.0000 -67.4190
12.4991 33 166 33 166 100.0000 -0.0000 -67.4468
12.5003 51 148 51 148 100.0000 -0.0000 -67.7447
12.5016 44 155 44 155 100.0000 -0.0000 -67.9597
12.5029 41 158 41 158 100.0000 -0.0000 -68.1285
12.5042 42 157 42 157 100.0000 -0.0000 -68.3082
12.5054 48 151 48 151 100.0000 -0.0000 -68.6187
12.5067 47 152 47 152 100.0000 -0.0000 -68.9224
12.5080 41 158 41 158 100.0000 -0.0000 -69.1468
12.5093 48 151 48 151 100.0000 -0.0000 -69.4528
12.5105 50 149 50 149 100.0000 -0.0000 -69.8262
12.5118 48 151 48 151 100.0000 -0.0000 -70.1748
12.5130 46 153 46 153 100.0000 -0.0000 -70.4951
12.5143 42 157 42 157 100.0000 -0.0000 -70.7642
12.5155 40 159 40 159 100.0000 -0.0000 -71.0580
12.5168 40 159 40 159 100.0000 -0.0000 -71.3563
12.5181 40 159 40 159 100.0000 -0.0000 -71.6444
12.5193 34 165 34 165 100.0000 -0.0000 -71.8614
12.5207 40 159 40 159 100.0000 -0.0000 -72.2151
12.5219 38 161 38 161 100.0000 -0.0000 -72.5266
12.5232 41 158 41 158 100.0000 -0.0000 -72.8872
12.5245 43 156 43 156 100.0000 -0.0000 -73.2572
12.5258 38 161 38 161 100.0000 -0.0000 -73.6196
12.5271 34 165 34 165 100.0000 -0.0000 -73.9322
12.5283 40 159 40 159 100.0000 -0.0000 -74.3216
12.5296 36 163 36 163 100.0000 -0.0000 -74.6576
12.5309 33 166 33 166 100.0000 -0.0000 -75.0091
12.5322 38 161 38 161 100.0000 -0.0000 -75.4089
12.5334 40 159 40 159 100.0000 -0.0000 -75.8380
12.5347 31 168 31 168 100.0000 -0.0000 -76.1462
12.5360 37 162 37 162 100.0000 -0.0000 -76.5782
12.5373 37 162 37 162 100.0000 -0.0000 -77.0099
12.5385 30 169 30 169 100.0000 -0.0000 -77.3550
12.5398 30 169 30 169 100.0000 -0.0000 -77.7312
12.5411 33 166 33 166 100.0000 -0.0000 -78.1450
12.5423 38 161 38 161 100.0000 -0.0000 -78.6132
12.5436 33 166 33 166 100.0000 -0.0000 -79.0213
12.5449 28 171 28 171 100.0000 -0.0000 -79.3831
12.5462 23 176 23 176 100.0000 -0.0000 -79.6689
12.5474 20 179 20 179 100.0000 -0.0000 -79.9151
12.5487 28 171 28 171 100.0000 -0.0000 -80.2662
12.5499 37 162 37 162 100.0000 -0.0000 -80.7510
12.5512 29 170 29 170 100.0000 -0.0000 -81.1286
12.5525 31 168 31 168 100.0000 -0.0000 -81.5309
12.5538 29 170 29 170 100.0000 -0.0000 -81.9068
12.5550 31 168 31 168 100.0000 -0.0000 -82.3231
12.5563 29 170 29 170 100.0000 -0.0000 -82.7090
12.5576 26 173 26 173 100.0000 -0.0000 -83.0565
12.5589 33 166 33 166 100.0000 -0.0000 -83.4955
12.5601 27 172 27 172 100.0000 -0.0000 -83.8554
12.5614 27 172 27 172 100.0000 -0.0000 -84.2161
12.5626 24 175 24 175 100.0000 -0.0000 -84.5314
12.5639 26 173 26 173 100.0000 -0.0000 -84.8787
12.5653 24 175 24 175 100.0000 -0.0000 -85.1941
12.5665 27 172 27 172 100.0000 -0.0000 -85.5315
12.5678 34 165 34 165 100.0000 -0.0000 -85.9682
12.5691 31 168 31 168 100.0000 -0.0000 -86.3487
12.5703 26 173 26 173 100.0000 -0.0000 -86.6352
12.5715 39 160 39 160 100.0000 -0.0000 -87.0695
12.5728 20 179 20 179 100.0000 -0.0000 -87.2808
12.5741 26 173 26 173 100.0000 -0.0000 -87.5568
12.5753 27 172 27 172 100.0000 -0.0000 -87.7864
12.5766 27 172 27 172 100.0000 -0.0000 -88.0173
12.5779 27 172 27 172 100.0000 -0.0000 -88.2630
12.5791 26 173 26 173 100.0000 -0.0000 -88.4830
12.5804 24 175 24 175 100.0000 -0.0000 -88.6154
12.5817 20 179 20 179 100.0000 -0.0000 -88.6960
12.5830 21 178 21 178 100.0000 -0.0000 -88.7812
12.5843 21 178 21 178 100.0000 -0.0000 -88.8647
12.5855 15 184 15 184 100.0000 -0.0000 -88.8177
12.5868 19 180 19 180 100.0000 -0.0000 -88.8255
12.5881 20 179 20 179 100.0000 -0.0000 -88.8430
12.5894 21 178 21 178 100.0000 -0.0000 -88.8414
12.5907 26 173 26 173 100.0000 -0.0000 -88.9000
12.5920 12 187 12 187 100.0000 -0.0000 -88.7822
12.5933 18 181 18 181 100.0000 -0.0000 -88.7441
12.5946 20 179 20 179 100.0000 -0.0000 -88.7196
12.5958 13 186 13 186 100.0000 -0.0000 -88.6153
12.5971 15 184 15 184 100.0000 -0.0000 -88.5385
12.5984 16 183 16 183 100.0000 -0.0000 -88.4609
12.5997 20 179 20 179 100.0000 -0.0000 -88.4599
12.6010 20 179 20 179 100.0000 -0.0000 -88.4550
12.6022 16 183 16 183 100.0000 -0.0000 -88.3912
12.6035 13 186 13 186 100.0000 -0.0000 -88.2904
12.6047 12 187 12 187 100.0000 -0.0000 -88.2254
12.6060 24 175 24 175 100.0000 -0.0000 -88.3130
12.6073 25 174 25 174 100.0000 -0.0000 -88.4062
12.6086 25 174 25 174 100.0000 -0.0000 -88.4962
12.6098 23 176 23 176 100.0000 -0.0000 -88.6023
12.6111 19 180 19 180 100.0000 -0.0000 -88.6536
12.6123 15 184 15 184 100.0000 -0.0000 -88.6636
12.6136 25 174 25 174 100.0000 -0.0000 -88.7982
12.6148 19 180 19 180 100.0000 -0.0000 -88.9150
12.6161 29 170 29 170 100.0000 -0.0000 -89.1555
12.6174 28 171 28 171 100.0000 -0.0000 -89.3781
12.6186 23 176 23 176 100.0000 -0.0000 -89.5440
12.6199 19 180 19 180 100.0000 -0.0000 -89.6940
12.6212 18 181 18 181 100.0000 -0.0000 -89.8303
12.6224 26 173 26 173 100.0000 -0.0000 -90.0550
12.6237 20 179 20 179 100.0000 -0.0000 -90.2024
12.6249 27 172 27 172 100.0000 -0.0000 -90.4867
12.6262 25 174 25 174 100.0000 -0.0000 -90.7499
12.6274 17 182 17 182 100.0000 -0.0000 -90.9110
12.6287 24 175 24 175 100.0000 -0.0000 -91.1568
12.6300 15 184 15 184 100.0000 -0.0000 -91.3156
12.6312 20 179 20 179 100.0000 -0.0000 -91.5279
12.6325 27 172 27 172 100.0000 -0.0000 -91.8311
12.6339 30 169 30 169 100.0000 -0.0000 -92.1868
12.6351 20 179 20 179 100.0000 -0.0000 -92.4137
12.6365 23 176 23 176 100.0000 -0.0000 -92.6890
12.6377 25 174 25 174 100.0000 -0.0000 -92.9767
12.6390 24 175 24 175 100.0000 -0.0000 -93.2573
12.6403 29 170 29 170 100.0000 -0.0000 -93.6060
12.6416 14 185 14 185 100.0000 -0.0000 -93.7646
12.6428 14 185 14 185 100.0000 -0.0000 -93.9236
12.6441 17 182 17 182 100.0000 -0.0000 -94.1316
12.6454 20 179 20 179 100.0000 -0.0000 -94.3833
12.6466 15 184 15 184 100.0000 -0.0000 -94.5630
12.6479 14 185 14 185 100.0000 -0.0000 -94.7357
12.6492 13 186 13 186 100.0000 -0.0000 -94.9232
12.6505 16 183 16 183 100.0000 -0.0000 -95.1513
12.6518 13 186 13 186 100.0000 -0.0000 -95.3295
12.6530 18 181 18 181 100.0000 -0.0000 -95.5683
12.6543 10 189 10 189 100.0000 -0.0000 -95.7369
12.6556 11 188 11 188 100.0000 -0.0000 -95.9216
12.6569 24 175 24 175 100.0000 -0.0000 -96.2670
12.6581 14 185 14 185 100.0000 -0.0000 -96.4778
12.6594 11 188 11 188 100.0000 -0.0000 -96.6582
12.6607 11 188 11 188 100.0000 -0.0000 -96.8370
12.6619 6 193 6 193 100.0000 -0.0000 -96.9466
12.6632 10 189 10 189 100.0000 -0.0000 -97.1144
12.6645 13 186 13 186 100.0000 -0.0000 -97.2947
12.6658 0 200 0 200 100.0000 -0.0000 -97.2991
12.6670 11 188 11 188 100.0000 -0.0000 -97.4520
12.6683 2 197 2 197 100.0000 -0.0000 -97.4932
12.6696 3 196 3 196 100.0000 -0.0000 -97.5165
12.6708 9 190 9 190 100.0000 -0.0000 -97.6111
12.6721 7 192 7 192 100.0000 -0.0000 -97.6785
12.6733 13 186 13 186 100.0000 -0.0000 -97.8235
12.6746 11 188 11 188 100.0000 -0.0000 -97.9332
12.6759 12 187 12 187 100.0000 -0.0000 -98.0504
12.6771 13 186 13 186 100.0000 -0.0000 -98.1843
12.6784 13 186 13 186 100.0000 -0.0000 -98.3280
12.6797 -1 201 -1 201 100.0000 -0.0000 -98.2872
12.6810 16 183 16 183 100.0000 -0.0000 -98.4609
12.6823 8 191 8 191 100.0000 -0.0000 -98.5448
12.6835 16 183 16 183 100.0000 -0.0000 -98.7778
12.6849 11 188 11 188 100.0000 -0.0000 -98.9428
12.6861 14 185 14 185 100.0000 -0.0000 -99.1382
12.6873 8 191 8 191 100.0000 -0.0000 -99.2536
12.6886 3 196 3 196 100.0000 -0.0000 -99.3821
12.6899 16 183 16 183 100.0000 -0.0000 -99.6653
12.6912 1 198 1 198 100.0000 -0.0000 -99.7535
12.6924 14 185 14 185 100.0000 -0.0000 -100.0045
12.6937 9 190 9 190 100.0000 -0.0000 -100.2747
12.6950 20 179 20 179 100.0000 -0.0000 -100.6801
12.6963 19 180 19 180 100.0000 -0.0000 -101.0747
12.6975 10 189 10 189 100.0000 -0.0000 -101.3524
12.6988 10 189 10 189 100.0000 -0.0000 -101.6961
12.7001 18 181 18 181 100.0000 -0.0000 -102.1327
12.7013 12 187 12 187 100.0000 -0.0000 -102.4977
12.7025 22 177 22 177 100.0000 -0.0000 -102.9752
12.7038 13 186 13 186 100.0000 -0.0000 -103.4144
12.7050 11 188 11 188 100.0000 -0.0000 -103.8334
12.7063 6 193 6 193 100.0000 -0.0000 -104.1798
12.7076 9 190 9 190 100.0000 -0.0000 -104.5735
12.7089 6 193 6 193 100.0000 -0.0000 -104.9737
12.7101 11 188 11 188 100.0000 -0.0000 -105.4272
12.7114 22 177 22 177 100.0000 -0.0000 -106.0216
12.7127 9 190 9 190 100.0000 -0.0000 -106.4430
12.7139 13 186 13 186 100.0000 -0.0000 -106.9739
12.7152 17 182 17 182 100.0000 -0.0000 -107.5511
12.7165 13 186 13 186 100.0000 -0.0000 -108.0728
12.7178 11 188 11 188 100.0000 -0.0000 -108.5722
12.7190 12 187 12 187 100.0000 -0.0000 -109.1001
12.7203 12 187 12 187 100.0000 -0.0000 -109.6306
12.7216 15 184 15 184 100.0000 -0.0000 -110.1916
12.7228 14 185 14 185 100.0000 -0.0000 -110.7440
12.7241 16 183 16 183 100.0000 -0.0000 -111.3518
12.7254 7 192 7 192 100.0000 -0.0000 -111.8340
12.7267 16 183 16 183 100.0000 -0.0000 -112.4247
12.7279 19 180 19 180 100.0000 -0.0000 -113.0480
12.7292 14 185 14 185 100.0000 -0.0000 -113.6312
12.7305 11 188 11 188 100.0000 -0.0000 -114.1771
12.7317 15 184 15 184 100.0000 -0.0000 -114.7540
12.7330 17 182 17 182 100.0000 -0.0000 -115.3581
12.7343 6 193 6 193 100.0000 -0.0000 -115.8237
12.7355 8 191 8 191 100.0000 -0.0000 -116.3084
12.7368 2 197 2 197 100.0000 -0.0000 -116.7173
12.7380 8 191 8 191 100.0000 -0.0000 -117.2070
12.7393 10 189 10 189 100.0000 -0.0000 -117.7090
12.7406 8 191 8 191 100.0000 -0.0000 -118.1899
12.7419 3 196 3 196 100.0000 -0.0000 -118.5988
12.7431 -2 202 -2 202 100.0000 -0.0000 -118.9212
12.7444 7 192 7 192 100.0000 -0.0000 -119.3631
12.7457 13 186 13 186 100.0000 -0.0000 -119.8689
12.7470 8 191 8 191 100.0000 -0.0000 -120.3104
12.7482 -1 201 -1 201 100.0000 -0.0000 -120.6085
12.7495 -2 202 -2 202 100.0000 -0.0000 -120.8882
12.7508 3 196 3 196 100.0000 -0.0000 -121.2335
12.7520 6 193 6 193 100.0000 -0.0000 -121.6112
12.7533 2 197 2 197 100.0000 -0.0000 -121.9029
12.7546 2 197 2 197 100.0000 -0.0000 -122.2037
12.7558 -1 201 -1 201 100.0000 -0.0000 -122.4397
12.7571 0 200 0 200 100.0000 -0.0000 -122.7015
12.7584 1 198 1 198 100.0000 -0.0000 -122.9456
12.7596 -9 209 -9 209 100.0000 -0.0000 -123.0486
12.7609 -3 203 -3 203 100.0000 -0.0000 -123.2203
12.7622 -8 208 -8 208 100.0000 -0.0000 -123.3368
12.7634 -14 214 -14 214 100.0000 -0.0000 -123.3345
12.7647 -13 213 -13 213 100.0000 -0.0000 -123.3463
12.7659 -19 219 -19 219 100.0000 -0.0000 -123.2864
12.7672 -6 206 -6 206 100.0000 -0.0000 -123.3840
12.7685 -11 211 -11 211 100.0000 -0.0000 -123.4180
12.7698 -11 211 -11 211 100.0000 -0.0000 -123.4466
12.7710 -16 216 -16 216 100.0000 -0.0000 -123.4036
12.7723 -8 208 -8 208 100.0000 -0.0000 -123.4707
12.7735 -17 217 -17 217 100.0000 -0.0000 -123.4287
12.7748 -11 211 -11 211 100.0000 -0.0000 -123.4639
12.7760 -11 211 -11 211 100.0000 -0.0000 -123.4897
12.7772 -11 211 -11 211 100.0000 -0.0000 -123.5200
12.7785 -7 207 -7 207 100.0000 -0.0000 -123.6291
12.7798 -15 215 -15 215 100.0000 -0.0000 -123.6392
12.7810 -17 217 -17 217 100.0000 -0.0000 -123.6174
12.7823 -11 211 -11 211 100.0000 -0.0000 -123.6738
12.7836 -20 220 -20 220 100.0000 -0.0000 -123.6374
12.7849 -11 211 -11 211 100.0000 -0.0000 -123.7171
12.7861 -20 220 -20 220 100.0000 -0.0000 -123.6888
12.7874 -17 217 -17 217 100.0000 -0.0000 -123.6965
12.7888 -14 214 -14 214 100.0000 -0.0000 -123.7642
12.7901 -10 210 -10 210 100.0000 -0.0000 -123.8800
12.7913 -21 221 -21 221 100.0000 -0.0000 -123.8439
12.7926 -20 220 -20 220 100.0000 -0.0000 -123.8337
12.7939 -14 214 -14 214 100.0000 -0.0000 -123.9027
12.7952 -19 219 -19 219 100.0000 -0.0000 -123.9160
12.7964 -15 215 -15 215 100.0000 -0.0000 -123.9763
12.7977 -19 219 -19 219 100.0000 -0.0000 -123.9956
12.7990 -24 224 -24 224 100.0000 -0.0000 -123.9436
12.8003 -23 223 -23 223 100.0000 -0.0000 -123.9149
12.8015 -26 226 -26 226 100.0000 -0.0000 -123.8375
12.8028 -13 213 -13 213 100.0000 -0.0000 -123.9438
12.8041 -15 215 -15 215 100.0000 -0.0000 -124.0213
12.8054 -15 215 -15 215 100.0000 -0.0000 -124.1012
12.8066 -21 221 -21 221 100.0000 -0.0000 -124.1054
12.8079 -22 222 -22 222 100.0000 -0.0000 -124.1178
12.8092 -21 221 -21 221 100.0000 -0.0000 -124.1361
12.8105 -22 222 -22 222 100.0000 -0.0000 -124.1486
12.8118 -21 221 -21 221 100.0000 -0.0000 -124.1715
12.8130 -17 217 -17 217 100.0000 -0.0000 -124.2706
12.8143 -16 216 -16 216 100.0000 -0.0000 -124.3710
12.8156 -20 220 -20 220 100.0000 -0.0000 -124.4204
12.8169 -17 217 -17 217 100.0000 -0.0000 -124.5155
12.8182 -20 220 -20 220 100.0000 -0.0000 -124.6137
12.8194 -24 224 -24 224 100.0000 -0.0000 -124.6576
12.8207 -24 224 -24 224 100.0000 -0.0000 -124.7041
12.8220 -24 224 -24 224 100.0000 -0.0000 -124.7464
12.8232 -22 222 -22 222 100.0000 -0.0000 -124.8700
12.8245 -20 220 -20 220 100.0000 -0.0000 -125.0204
12.8258 -27 227 -27 227 100.0000 -0.0000 -125.0891
12.8271 -21 221 -21 221 100.0000 -0.0000 -125.2329
12.8284 -20 220 -20 220 100.0000 -0.0000 -125.4589
12.8296 -26 226 -26 226 100.0000 -0.0000 -125.5969
12.8309 -20 220 -20 220 100.0000 -0.0000 -125.8167
12.8322 -24 224 -24 224 100.0000 -0.0000 -125.9811
12.8334 -26 226 -26 226 100.0000 -0.0000 -126.1820
12.8347 -24 224 -24 224 100.0000 -0.0000 -126.4075
12.8360 -28 228 -28 228 100.0000 -0.0000 -126.5888
12.8373 -13 213 -13 213 100.0000 -0.0000 -127.0135
12.8385 -27 227 -27 227 100.0000 -0.0000 -127.2478
12.8398 -32 232 -32 232 100.0000 -0.0000 -127.4177
12.8411 -27 227 -27 227 100.0000 -0.0000 -127.6485
12.8423 -35 235 -35 235 100.0000 -0.0000 -127.8195
12.8437 -23 223 -23 223 100.0000 -0.0000 -128.1498
12.8450 -22 222 -22 222 100.0000 -0.0000 -128.4850
12.8462 -35 235 -35 235 100.0000 -0.0000 -128.6464
12.8475 -24 224 -24 224 100.0000 -0.0000 -128.9624
12.8488 -32 232 -32 232 100.0000 -0.0000 -129.1800
12.8502 -29 229 -29 229 100.0000 -0.0000 -129.4282
12.8514 -28 228 -28 228 100.0000 -0.0000 -129.6940
12.8527 -28 228 -28 228 100.0000 -0.0000 -129.9589
12.8540 -22 222 -22 222 100.0000 -0.0000 -130.2962
12.8553 -25 225 -25 225 100.0000 -0.0000 -130.5977
12.8566 -40 240 -40 240 100.0000 -0.0000 -130.6986
12.8579 -30 230 -30 230 100.0000 -0.0000 -130.9294
12.8591 -32 232 -32 232 100.0000 -0.0000 -131.1421
12.8604 -25 225 -25 225 100.0000 -0.0000 -131.4404
12.8617 -25 225 -25 225 100.0000 -0.0000 -131.7303
12.8630 -31 231 -31 231 100.0000 -0.0000 -131.9351
12.8642 -32 232 -32 232 100.0000 -0.0000 -132.1250
12.8655 -32 232 -32 232 100.0000 -0.0000 -132.3142
12.8668 -30 230 -30 230 100.0000 -0.0000 -132.5257
12.8681 -30 230 -30 230 100.0000 -0.0000 -132.7268
12.8694 -35 235 -35 235 100.0000 -0.0000 -132.8561
12.8706 -30 230 -30 230 100.0000 -0.0000 -133.0578
12.8719 -36 236 -36 236 100.0000 -0.0000 -133.1821
12.8732 -34 234 -34 234 100.0000 -0.0000 -133.3058
12.8745 -34 234 -34 234 100.0000 -0.0000 -133.4372
12.8757 -36 236 -36 236 100.0000 -0.0000 -133.5409
12.8770 -36 236 -36 236 100.0000 -0.0000 -133.6375
12.8783 -34 234 -34 234 100.0000 -0.0000 -133.7516
12.8795 -43 243 -43 243 100.0000 -0.0000 -133.7524
12.8808 -26 226 -26 226 100.0000 -0.0000 -133.9607
12.8820 -29 229 -29 229 100.0000 -0.0000 -134.1189
12.8833 -32 232 -32 232 100.0000 -0.0000 -134.2453
12.8846 -35 235 -35 235 100.0000 -0.0000 -134.3256
12.8859 -32 232 -32 232 100.0000 -0.0000 -134.4532
12.8872 -34 234 -34 234 100.0000 -0.0000 -134.5380
12.8885 -28 228 -28 228 100.0000 -0.0000 -134.7111
12.8898 -27 227 -27 227 100.0000 -0.0000 -134.8972
12.8911 -30 230 -30 230 100.0000 -0.0000 -135.0318
12.8924 -43 243 -43 243 100.0000 -0.0000 -134.9979
12.8937 -34 234 -34 234 100.0000 -0.0000 -135.0760
12.8950 -30 230 -30 230 100.0000 -0.0000 -135.2043
12.8963 -39 239 -39 239 100.0000 -0.0000 -135.2111
12.8976 -40 240 -40 240 100.0000 -0.0000 -135.2019
12.8989 -32 232 -32 232 100.0000 -0.0000 -135.2928
12.9001 -39 239 -39 239 100.0000 -0.0000 -135.2969
12.9014 -44 244 -44 244 100.0000 -0.0000 -135.2384
12.9026 -37 237 -37 237 100.0000 -0.0000 -135.2483
12.9039 -40 240 -40 240 100.0000 -0.0000 -135.2239
12.9051 -32 232 -32 232 100.0000 -0.0000 -135.2974
12.9064 -43 243 -43 243 100.0000 -0.0000 -135.2343
12.9076 -38 238 -38 238 100.0000 -0.0000 -135.2414
12.9089 -30 230 -30 230 100.0000 -0.0000 -135.3466
12.9102 -42 242 -42 242 100.0000 -0.0000 -135.3051
12.9115 -33 233 -33 233 100.0000 -0.0000 -135.3779
12.9127 -39 239 -39 239 100.0000 -0.0000 -135.3879
12.9140 -36 236 -36 236 100.0000 -0.0000 -135.4383
12.9153 -31 231 -31 231 100.0000 -0.0000 -135.5554
12.9165 -33 233 -33 233 100.0000 -0.0000 -135.7080
12.9178 -31 231 -31 231 100.0000 -0.0000 -135.8784
12.9191 -41 241 -41 241 100.0000 -0.0000 -135.9238
12.9203 -35 235 -35 235 100.0000 -0.0000 -136.0400
12.9216 -34 234 -34 234 100.0000 -0.0000 -136.2589
12.9228 -36 236 -36 236 100.0000 -0.0000 -136.4439
12.9241 -36 236 -36 236 100.0000 -0.0000 -136.6235
12.9254 -39 239 -39 239 100.0000 -0.0000 -136.7626
12.9266 -37 237 -37 237 100.0000 -0.0000 -137.0427
12.9279 -36 236 -36 236 100.0000 -0.0000 -137.3166
12.9291 -33 233 -33 233 100.0000 -0.0000 -137.6242
12.9304 -42 242 -42 242 100.0000 -0.0000 -137.8199
12.9317 -33 233 -33 233 100.0000 -0.0000 -138.2345
12.9329 -25 225 -25 225 100.0000 -0.0000 -138.7418
12.9342 -27 227 -27 227 100.0000 -0.0000 -139.2206
12.9355 -33 233 -33 233 100.0000 -0.0000 -139.6211
12.9367 -31 231 -31 231 100.0000 -0.0000 -140.1500
12.9381 -34 234 -34 234 100.0000 -0.0000 -140.6422
12.9393 -31 231 -31 231 100.0000 -0.0000 -141.1620
12.9406 -36 236 -36 236 100.0000 -0.0000 -141.6079
12.9419 -31 231 -31 231 100.0000 -0.0000 -142.1961
12.9432 -29 229 -29 229 100.0000 -0.0000 -142.8087
12.9444 -32 232 -32 232 100.0000 -0.0000 -143.3718
12.9457 -31 231 -31 231 100.0000 -0.0000 -143.9469
12.9470 -34 234 -34 234 100.0000 -0.0000 -144.5263
12.9482 -35 235 -35 235 100.0000 -0.0000 -145.0803
12.9495 -30 230 -30 230 100.0000 -0.0000 -145.7105
12.9508 -35 235 -35 235 100.0000 -0.0000 -146.2715
12.9521 -35 235 -35 235 100.0000 -0.0000 -146.8273
12.9534 -38 238 -38 238 100.0000 -0.0000 -147.3391
12.9547 -42 242 -42 242 100.0000 -0.0000 -147.7992
12.9560 -41 241 -41 241 100.0000 -0.0000 -148.2679
12.9572 -32 232 -32 232 100.0000 -0.0000 -148.7995
12.9585 -37 237 -37 237 100.0000 -0.0000 -149.2693
12.9598 -36 236 -36 236 100.0000 -0.0000 -149.7419
12.9611 -40 240 -40 240 100.0000 -0.0000 -150.1585
12.9624 -38 238 -38 238 100.0000 -0.0000 -150.5146
12.9637 -39 239 -39 239 100.0000 -0.0000 -150.8618
12.9650 -38 238 -38 238 100.0000 -0.0000 -151.2239
12.9662 -39 239 -39 239 100.0000 -0.0000 -151.4678
12.9675 -36 236 -36 236 100.0000 -0.0000 -151.7467
12.9688 -34 234 -34 234 100.0000 -0.0000 -152.0555
12.9701 -43 243 -43 243 100.0000 -0.0000 -152.2521
12.9713 -40 240 -40 240 100.0000 -0.0000 -152.4039
12.9726 -42 242 -42 242 100.0000 -0.0000 -152.5312
12.9739 -44 244 -44 244 100.0000 -0.0000 -152.6342
12.9752 -43 243 -43 243 100.0000 -0.0000 -152.7384
12.9764 -36 236 -36 236 100.0000 -0.0000 -152.8777
12.9777 -36 236 -36 236 100.0000 -0.0000 -153.0084
12.9790 -42 242 -42 242 100.0000 -0.0000 -153.0601
12.9802 -33 233 -33 233 100.0000 -0.0000 -153.2217
12.9815 -36 236 -36 236 100.0000 -0.0000 -153.3269
12.9828 -35 235 -35 235 100.0000 -0.0000 -153.4422
12.9841 -38 238 -38 238 100.0000 -0.0000 -153.5348
12.9853 -37 237 -37 237 100.0000 -0.0000 -153.6293
12.9866 -37 237 -37 237 100.0000 -0.0000 -153.7103
12.9879 -37 237 -37 237 100.0000 -0.0000 -153.8041
12.9892 -42 242 -42 242 100.0000 -0.0000 -153.8332
12.9905 -41 241 -41 241 100.0000 -0.0000 -153.8739
12.9919 -33 233 -33 233 100.0000 -0.0000 -154.0435
12.9931 -39 239 -39 239 100.0000 -0.0000 -154.1141
12.9944 -39 239 -39 239 100.0000 -0.0000 -154.1936
12.9957 -34 234 -34 234 100.0000 -0.0000 -154.3293
12.9970 -36 236 -36 236 100.0000 -0.0000 -154.4573
12.9983 -40 240 -40 240 100.0000 -0.0000 -154.5367
12.9996 -40 240 -40 240 100.0000 -0.0000 -154.6165
13.0008 -43 243 -43 243 100.0000 -0.0000 -154.6749
13.0021 -45 245 -45 245 100.0000 -0.0000 -154.7135
13.0034 -36 236 -36 236 100.0000 -0.0000 -154.8710
13.0047 -43 243 -43 243 100.0000 -0.0000 -154.9475
13.0060 -38 238 -38 238 100.0000 -0.0000 -155.0919
13.0072 -40 240 -40 240 100.0000 -0.0000 -155.2209
13.0085 -43 243 -43 243 100.0000 -0.0000 -155.3188
13.0098 -48 248 -48 248 100.0000 -0.0000 -155.3461
13.0111 -47 247 -47 247 100.0000 -0.0000 -155.3975
13.0123 -46 246 -46 246 100.0000 -0.0000 -155.4607
13.0136 -38 238 -38 238 100.0000 -0.0000 -155.6276
13.0149 -43 243 -43 243 100.0000 -0.0000 -155.7273
13.0162 -44 244 -44 244 100.0000 -0.0000 -155.8046
13.0175 -43 243 -43 243 100.0000 -0.0000 -155.8837
13.0188 -42 242 -42 242 100.0000 -0.0000 -155.9780
13.0200 -46 246 -46 246 100.0000 -0.0000 -156.0221
13.0213 -49 249 -49 249 100.0000 -0.0000 -156.0092
13.0226 -50 250 -50 250 100.0000 -0.0000 -155.9827
13.0239 -49 249 -49 249 100.0000 -0.0000 -155.9648
13.0252 -51 251 -51 251 100.0000 -0.0000 -155.9268
13.0264 -39 239 -39 239 100.0000 -0.0000 -156.0147
13.0277 -54 254 -54 254 100.0000 -0.0000 -155.9214
13.0290 -47 247 -47 247 100.0000 -0.0000 -155.9186
13.0303 -53 253 -53 253 100.0000 -0.0000 -155.8380
13.0315 -51 251 -51 251 100.0000 -0.0000 -155.7903
13.0328 -45 245 -45 245 100.0000 -0.0000 -155.8210
13.0341 -48 248 -48 248 100.0000 -0.0000 -155.8127
13.0354 -37 237 -37 237 100.0000 -0.0000 -155.9511
13.0367 -49 249 -49 249 100.0000 -0.0000 -155.9752
13.0379 -42 242 -42 242 100.0000 -0.0000 -156.0983
13.0392 -42 242 -42 242 100.0000 -0.0000 -156.2084
13.0405 -56 256 -56 256 100.0000 -0.0000 -156.2303
13.0418 -49 249 -49 249 100.0000 -0.0000 -156.3269
13.0430 -37 237 -37 237 100.0000 -0.0000 -156.5696
13.0443 -38 238 -38 238 100.0000 -0.0000 -156.8035
13.0456 -49 249 -49 249 100.0000 -0.0000 -156.9766
13.0469 -45 245 -45 245 100.0000 -0.0000 -157.1866
13.0481 -43 243 -43 243 100.0000 -0.0000 -157.4201
13.0494 -43 243 -43 243 100.0000 -0.0000 -157.6530
13.0507 -43 243 -43 243 100.0000 -0.0000 -157.9169
13.0520 -42 242 -42 242 100.0000 -0.0000 -158.1841
13.0532 -45 245 -45 245 100.0000 -0.0000 -158.4193
13.0545 -45 245 -45 245 100.0000 -0.0000 -158.6493
13.0558 -46 246 -46 246 100.0000 -0.0000 -158.8586
13.0571 -37 237 -37 237 100.0000 -0.0000 -159.1731
13.0584 -37 237 -37 237 100.0000 -0.0000 -159.4847
13.0596 -45 245 -45 245 100.0000 -0.0000 -159.6907
13.0609 -49 249 -49 249 100.0000 -0.0000 -159.7838
13.0622 -47 247 -47 247 100.0000 -0.0000 -159.8933
13.0634 -44 244 -44 244 100.0000 -0.0000 -160.0379
13.0647 -46 246 -46 246 100.0000 -0.0000 -160.1662
13.0660 -48 248 -48 248 100.0000 -0.0000 -160.1903
13.0674 -39 239 -39 239 100.0000 -0.0000 -160.3341
13.0687 -37 237 -37 237 100.0000 -0.0000 -160.4917
13.0699 -45 245 -45 245 100.0000 -0.0000 -160.5398
13.0712 -43 243 -43 243 100.0000 -0.0000 -160.5250
13.0725 -49 249 -49 249 100.0000 -0.0000 -160.4465
13.0737 -49 249 -49 249 100.0000 -0.0000 -160.3687
13.0750 -46 246 -46 246 100.0000 -0.0000 -160.3199
13.0763 -50 250 -50 250 100.0000 -0.0000 -160.1703
13.0775 -45 245 -45 245 100.0000 -0.0000 -160.0817
13.0788 -58 258 -58 258 100.0000 -0.0000 -159.8352
13.0801 -58 258 -58 258 100.0000 -0.0000 -159.5924
13.0813 -54 254 -54 254 100.0000 -0.0000 -159.3787
13.0826 -52 252 -52 252 100.0000 -0.0000 -159.1929
13.0838 -51 251 -51 251 100.0000 -0.0000 -159.0187
13.0851 -56 256 -56 256 100.0000 -0.0000 -158.8057
13.0864 -59 259 -59 259 100.0000 -0.0000 -158.5515
13.0877 -59 259 -59 259 100.0000 -0.0000 -158.3061
13.0889 -48 248 -48 248 100.0000 -0.0000 -158.1930
13.0902 -49 249 -49 249 100.0000 -0.0000 -158.1204
13.0915 -48 248 -48 248 100.0000 -0.0000 -158.0736
13.0927 -45 245 -45 245 100.0000 -0.0000 -158.0588
13.0940 -54 254 -54 254 100.0000 -0.0000 -157.9313
13.0953 -56 256 -56 256 100.0000 -0.0000 -157.8638
13.0965 -51 251 -51 251 100.0000 -0.0000 -157.8634
13.0978 -42 242 -42 242 100.0000 -0.0000 -157.9716
13.0991 -55 255 -55 255 100.0000 -0.0000 -157.9196
13.1004 -50 250 -50 250 100.0000 -0.0000 -158.0271
13.1017 -52 252 -52 252 100.0000 -0.0000 -158.1044
13.1029 -45 245 -45 245 100.0000 -0.0000 -158.2754
13.1042 -55 255 -55 255 100.0000 -0.0000 -158.3156
13.1055 -52 252 -52 252 100.0000 -0.0000 -158.4978
13.1068 -48 248 -48 248 100.0000 -0.0000 -158.7374
13.1081 -44 244 -44 244 100.0000 -0.0000 -159.0220
13.1094 -45 245 -45 245 100.0000 -0.0000 -159.2881
13.1107 -46 246 -46 246 100.0000 -0.0000 -159.6225
13.1119 -45 245 -45 245 100.0000 -0.0000 -159.9630
13.1132 -49 249 -49 249 100.0000 -0.0000 -160.2697
13.1145 -56 256 -56 256 100.0000 -0.0000 -160.4748
13.1158 -53 253 -53 253 100.0000 -0.0000 -160.7782
13.1170 -53 253 -53 253 100.0000 -0.0000 -161.0760
13.1183 -54 254 -54 254 100.0000 -0.0000 -161.3579
13.1196 -50 250 -50 250 100.0000 -0.0000 -161.6818
13.1209 -52 252 -52 252 100.0000 -0.0000 -162.0034
13.1221 -47 247 -47 247 100.0000 -0.0000 -162.3841
13.1234 -60 260 -60 260 100.0000 -0.0000 -162.6108
13.1247 -57 257 -57 257 100.0000 -0.0000 -162.8649
13.1260 -57 257 -57 257 100.0000 -0.0000 -163.1194
13.1272 -58 258 -58 258 100.0000 -0.0000 -163.3605
13.1285 -51 251 -51 251 100.0000 -0.0000 -163.6931
13.1298 -62 262 -62 262 100.0000 -0.0000 -163.8787
13.1311 -57 257 -57 257 100.0000 -0.0000 -164.1318
13.1323 -60 260 -60 260 100.0000 -0.0000 -164.3401
13.1336 -65 265 -65 265 100.0000 -0.0000 -164.4915
13.1349 -61 261 -61 261 100.0000 -0.0000 -164.6835
13.1362 -61 261 -61 261 100.0000 -0.0000 -164.8935
13.1375 -63 263 -63 263 100.0000 -0.0000 -165.0734
13.1388 -66 266 -66 266 100.0000 -0.0000 -165.2170
13.1401 -69 269 -69 269 100.0000 -0.0000 -165.3425
13.1413 -59 259 -59 259 100.0000 -0.0000 -165.5937
13.1426 -66 266 -66 266 100.0000 -0.0000 -165.7445
13.1439 -66 266 -66 266 100.0000 -0.0000 -165.8965
13.1452 -62 262 -62 262 100.0000 -0.0000 -166.1106
13.1465 -62 262 -62 262 100.0000 -0.0000 -166.3244
13.1477 -59 259 -59 259 100.0000 -0.0000 -166.5685
13.1490 -65 265 -65 265 100.0000 -0.0000 -166.7413
13.1503 -74 274 -74 274 100.0000 -0.0000 -166.7900
13.1516 -73 273 -73 273 100.0000 -0.0000 -166.8502
13.1529 -64 264 -64 264 100.0000 -0.0000 -167.0327
13.1542 -74 274 -74 274 100.0000 -0.0000 -167.0841
13.1554 -79 279 -79 279 100.0000 -0.0000 -167.0609
13.1567 -71 271 -71 271 100.0000 -0.0000 -167.1459
13.1580 -70 270 -70 270 100.0000 -0.0000 -167.2359
13.1593 -66 266 -66 266 100.0000 -0.0000 -167.3735
13.1606 -70 270 -70 270 100.0000 -0.0000 -167.4544
13.1618 -68 268 -68 268 100.0000 -0.0000 -167.5548
13.1631 -65 265 -65 265 100.0000 -0.0000 -167.6991
13.1644 -72 272 -72 272 100.0000 -0.0000 -167.7457
13.1657 -79 279 -79 279 100.0000 -0.0000 -167.7089
13.1670 -69 269 -69 269 100.0000 -0.0000 -167.7935
13.1682 -72 272 -72 272 100.0000 -0.0000 -167.8423
13.1695 -74 274 -74 274 100.0000 -0.0000 -167.8838
13.1708 -69 269 -69 269 100.0000 -0.0000 -167.9780
13.1721 -75 275 -75 275 100.0000 -0.0000 -167.9949
13.1734 -75 275 -75 275 100.0000 -0.0000 -168.0051
13.1747 -72 272 -72 272 100.0000 -0.0000 -168.0793
13.1760 -66 266 -66 266 100.0000 -0.0000 -168.2203
13.1772 -81 281 -81 281 100.0000 -0.0000 -168.1784
13.1785 -77 277 -77 277 100.0000 -0.0000 -168.1818
13.1798 -61 261 -61 261 100.0000 -0.0000 -168.4156
13.1811 -65 265 -65 265 100.0000 -0.0000 -168.5942
13.1823 -77 277 -77 277 100.0000 -0.0000 -168.6300
13.1836 -66 266 -66 266 100.0000 -0.0000 -168.7938
13.1849 -76 276 -76 276 100.0000 -0.0000 -168.8742
13.1862 -72 272 -72 272 100.0000 -0.0000 -169.0022
13.1874 -69 269 -69 269 100.0000 -0.0000 -169.1612
13.1887 -68 268 -68 268 100.0000 -0.0000 -169.3331
13.1900 -67 267 -67 267 100.0000 -0.0000 -169.5646
13.1913 -73 273 -73 273 100.0000 -0.0000 -169.7194
13.1926 -74 274 -74 274 100.0000 -0.0000 -169.8559
13.1938 -72 272 -72 272 100.0000 -0.0000 -170.0181
13.1951 -79 279 -79 279 100.0000 -0.0000 -170.1165
13.1963 -76 276 -76 276 100.0000 -0.0000 -170.2545
13.1976 -72 272 -72 272 100.0000 -0.0000 -170.4347
13.1989 -77 277 -77 277 100.0000 -0.0000 -170.5519
13.2001 -66 266 -66 266 100.0000 -0.0000 -170.8264
13.2014 -67 267 -67 267 100.0000 -0.0000 -171.0864
13.2027 -70 270 -70 270 100.0000 -0.0000 -171.3024
13.2040 -70 270 -70 270 100.0000 -0.0000 -171.5156
13.2053 -72 272 -72 272 100.0000 -0.0000 -171.6913
13.2065 -67 267 -67 267 100.0000 -0.0000 -171.9273
13.2078 -70 270 -70 270 100.0000 -0.0000 -172.1342
13.2091 -73 273 -73 273 100.0000 -0.0000 -172.2829
13.2103 -68 268 -68 268 100.0000 -0.0000 -172.4939
13.2116 -75 275 -75 275 100.0000 -0.0000 -172.6161
13.2128 -75 275 -75 275 100.0000 -0.0000 -172.7292
13.2141 -63 263 -63 263 100.0000 -0.0000 -172.9951
13.2153 -77 277 -77 277 100.0000 -0.0000 -173.0698
13.2165 -74 274 -74 274 100.0000 -0.0000 -173.1851
13.2178 -77 277 -77 277 100.0000 -0.0000 -173.2634
13.2190 -74 274 -74 274 100.0000 -0.0000 -173.3931
13.2202 -64 264 -64 264 100.0000 -0.0000 -173.6326
13.2215 -65 265 -65 265 100.0000 -0.0000 -173.8612
13.2227 -66 266 -66 266 100.0000 -0.0000 -174.0741
13.2239 -76 276 -76 276 100.0000 -0.0000 -174.1816
13.2252 -70 270 -70 270 100.0000 -0.0000 -174.3555
13.2264 -74 274 -74 274 100.0000 -0.0000 -174.4876
13.2276 -64 264 -64 264 100.0000 -0.0000 -174.7418
13.2289 -69 269 -69 269 100.0000 -0.0000 -174.9245
13.2301 -60 260 -60 260 100.0000 -0.0000 -175.2562
13.2314 -73 273 -73 273 100.0000 -0.0000 -175.4235
13.2326 -75 275 -75 275 100.0000 -0.0000 -175.5563
13.2339 -70 270 -70 270 100.0000 -0.0000 -175.7845
13.2351 -70 270 -70 270 100.0000 -0.0000 -176.0107
13.2363 -76 276 -76 276 100.0000 -0.0000 -176.1731
13.2376 -72 272 -72 272 100.0000 -0.0000 -176.3790
13.2389 -69 269 -69 269 100.0000 -0.0000 -176.6566
13.2402 -71 271 -71 271 100.0000 -0.0000 -176.9212
13.2415 -80 280 -80 280 100.0000 -0.0000 -177.0647
13.2428 -70 270 -70 270 100.0000 -0.0000 -177.3321
13.2441 -79 279 -79 279 100.0000 -0.0000 -177.5214
13.2454 -75 275 -75 275 100.0000 -0.0000 -177.7632
13.2466 -74 274 -74 274 100.0000 -0.0000 -178.0128
13.2479 -75 275 -75 275 100.0000 -0.0000 -178.2534
13.2492 -78 278 -78 278 100.0000 -0.0000 -178.4821
13.2505 -77 277 -77 277 100.0000 -0.0000 -178.7218
13.2517 -71 271 -71 271 100.0000 -0.0000 -179.0410
13.2530 -74 274 -74 274 100.0000 -0.0000 -179.3201
13.2543 -77 277 -77 277 100.0000 -0.0000 -179.5815
13.2555 -77 277 -77 277 100.0000 -0.0000 -179.8404
13.2568 -85 285 -85 285 100.0000 -0.0000 -180.0002
13.2581 -84 284 -84 284 100.0000 -0.0000 -180.1696
13.2593 -84 284 -84 284 100.0000 -0.0000 -180.3560
13.2606 -78 278 -78 278 100.0000 -0.0000 -180.6147
13.2619 -80 280 -80 280 100.0000 -0.0000 -180.8499
13.2632 -88 288 -88 288 100.0000 -0.0000 -180.9779
13.2644 -83 283 -83 283 100.0000 -0.0000 -181.1962
13.2657 -81 281 -81 281 100.0000 -0.0000 -181.4362
13.2670 -81 281 -81 281 100.0000 -0.0000 -181.6759
13.2683 -85 285 -85 285 100.0000 -0.0000 -181.8664
13.2695 -82 282 -82 282 100.0000 -0.0000 -182.1087
13.2708 -87 287 -87 287 100.0000 -0.0000 -182.2907
13.2721 -81 281 -81 281 100.0000 -0.0000 -182.5445
13.2734 -83 283 -83 283 100.0000 -0.0000 -182.7734
13.2746 -83 283 -83 283 100.0000 -0.0000 -183.0172
13.2759 -74 274 -74 274 100.0000 -0.0000 -183.3658
13.2772 -83 283 -83 283 100.0000 -0.0000 -183.6073
13.2785 -89 289 -89 289 100.0000 -0.0000 -183.7729
13.2797 -82 282 -82 282 100.0000 -0.0000 -184.0151
13.2810 -88 288 -88 288 100.0000 -0.0000 -184.1856
13.2823 -84 284 -84 284 100.0000 -0.0000 -184.4028
13.2836 -76 276 -76 276 100.0000 -0.0000 -184.7206
13.2848 -78 278 -78 278 100.0000 -0.0000 -184.9904
13.2861 -84 284 -84 284 100.0000 -0.0000 -185.1873
13.2874 -76 276 -76 276 100.0000 -0.0000 -185.4844
13.2887 -86 286 -86 286 100.0000 -0.0000 -185.6129
13.2899 -96 296 -96 296 100.0000 -0.0000 -185.6098
13.2912 -93 293 -93 293 100.0000 -0.0000 -185.6530
13.2924 -82 282 -82 282 100.0000 -0.0000 -185.8240
13.2937 -89 289 -89 289 100.0000 -0.0000 -185.8591
13.2950 -92 292 -92 292 100.0000 -0.0000 -185.8608
13.2963 -89 289 -89 289 100.0000 -0.0000 -185.8949
13.2976 -79 279 -79 279 100.0000 -0.0000 -186.0584
13.2989 -89 289 -89 289 100.0000 -0.0000 -186.0485
13.3002 -91 291 -91 291 100.0000 -0.0000 -186.0077
13.3015 -99 299 -99 299 100.0000 -0.0000 -185.8754
13.3027 -87 287 -87 287 100.0000 -0.0000 -185.8913
13.3040 -85 285 -85 285 100.0000 -0.0000 -185.8857
13.3053 -86 286 -86 286 100.0000 -0.0000 -185.8579
13.3066 -79 279 -79 279 100.0000 -0.0000 -185.9195
13.3079 -79 279 -79 279 100.0000 -0.0000 -185.9850
13.3091 -77 277 -77 277 100.0000 -0.0000 -186.0305
13.3104 -81 281 -81 281 100.0000 -0.0000 -186.0195
13.3117 -83 283 -83 283 100.0000 -0.0000 -185.9884
13.3130 -83 283 -83 283 100.0000 -0.0000 -185.9487
13.3143 -83 283 -83 283 100.0000 -0.0000 -185.8775
13.3156 -87 287 -87 287 100.0000 -0.0000 -185.7661
13.3169 -92 292 -92 292 100.0000 -0.0000 -185.5896
13.3182 -81 281 -81 281 100.0000 -0.0000 -185.5274
13.3194 -84 284 -84 284 100.0000 -0.0000 -185.4212
13.3207 -83 283 -83 283 100.0000 -0.0000 -185.3295
13.3220 -85 285 -85 285 100.0000 -0.0000 -185.2158
13.3233 -85 285 -85 285 100.0000 -0.0000 -185.0770
13.3246 -76 276 -76 276 100.0000 -0.0000 -185.0480
13.3259 -78 278 -78 278 100.0000 -0.0000 -185.0055
13.3271 -90 290 -90 290 100.0000 -0.0000 -184.8030
13.3285 -81 281 -81 281 100.0000 -0.0000 -184.7124
13.3297 -77 277 -77 277 100.0000 -0.0000 -184.6685
13.3310 -72 272 -72 272 100.0000 -0.0000 -184.6960
13.3323 -82 282 -82 282 100.0000 -0.0000 -184.5880
13.3336 -76 276 -76 276 100.0000 -0.0000 -184.5683
13.3348 -77 277 -77 277 100.0000 -0.0000 -184.5323
13.3361 -85 285 -85 285 100.0000 -0.0000 -184.3936
13.3374 -84 284 -84 284 100.0000 -0.0000 -184.2766
13.3387 -88 288 -88 288 100.0000 -0.0000 -184.1294
13.3399 -86 286 -86 286 100.0000 -0.0000 -184.0125
13.3412 -81 281 -81 281 100.0000 -0.0000 -183.9549
13.3425 -84 284 -84 284 100.0000 -0.0000 -183.8650
13.3437 -94 294 -94 294 100.0000 -0.0000 -183.6895
13.3450 -86 286 -86 286 100.0000 -0.0000 -183.6105
13.3463 -83 283 -83 283 100.0000 -0.0000 -183.5717
13.3476 -86 286 -86 286 100.0000 -0.0000 -183.4898
13.3489 -91 291 -91 291 100.0000 -0.0000 -183.4037
13.3501 -91 291 -91 291 100.0000 -0.0000 -183.3235
13.3514 -85 285 -85 285 100.0000 -0.0000 -183.3151
13.3527 -78 278 -78 278 100.0000 -0.0000 -183.3967
13.3540 -87 287 -87 287 100.0000 -0.0000 -183.4149
13.3552 -82 282 -82 282 100.0000 -0.0000 -183.4886
13.3565 -77 277 -77 277 100.0000 -0.0000 -183.6230
13.3578 -80 280 -80 280 100.0000 -0.0000 -183.7205
13.3591 -88 288 -88 288 100.0000 -0.0000 -183.7542
13.3603 -85 285 -85 285 100.0000 -0.0000 -183.8203
13.3616 -82 282 -82 282 100.0000 -0.0000 -183.9305
13.3629 -93 293 -93 293 100.0000 -0.0000 -183.8917
13.3642 -83 283 -83 283 100.0000 -0.0000 -184.0009
13.3654 -81 281 -81 281 100.0000 -0.0000 -184.1397
13.3667 -91 291 -91 291 100.0000 -0.0000 -184.1542
13.3680 -90 290 -90 290 100.0000 -0.0000 -184.1819
13.3693 -85 285 -85 285 100.0000 -0.0000 -184.2747
13.3706 -95 295 -95 295 100.0000 -0.0000 -184.2350
13.3718 -90 290 -90 290 100.0000 -0.0000 -184.2632
13.3731 -77 277 -77 277 100.0000 -0.0000 -184.4481
13.3743 -85 285 -85 285 100.0000 -0.0000 -184.5346
13.3756 -89 289 -89 289 100.0000 -0.0000 -184.5748
13.3769 -86 286 -86 286 100.0000 -0.0000 -184.6495
13.3781 -85 285 -85 285 100.0000 -0.0000 -184.7263
13.3794 -84 284 -84 284 100.0000 -0.0000 -184.8192
13.3807 -94 294 -94 294 100.0000 -0.0000 -184.7928
13.3820 -87 287 -87 287 100.0000 -0.0000 -184.8481
13.3832 -86 286 -86 286 100.0000 -0.0000 -184.9057
13.3845 -90 290 -90 290 100.0000 -0.0000 -184.9061
13.3858 -92 292 -92 292 100.0000 -0.0000 -184.8890
13.3871 -83 283 -83 283 100.0000 -0.0000 -184.9777
13.3883 -83 283 -83 283 100.0000 -0.0000 -185.0407
13.3896 -85 285 -85 285 100.0000 -0.0000 -185.0812
13.3909 -91 291 -91 291 100.0000 -0.0000 -185.0520
13.3921 -96 296 -96 296 100.0000 -0.0000 -184.9526
13.3934 -85 285 -85 285 100.0000 -0.0000 -184.9560
13.3947 -83 283 -83 283 100.0000 -0.0000 -184.9889
13.3960 -97 297 -97 297 100.0000 -0.0000 -184.8437
13.3973 -88 288 -88 288 100.0000 -0.0000 -184.8199
13.3986 -82 282 -82 282 100.0000 -0.0000 -184.8397
13.3998 -90 290 -90 290 100.0000 -0.0000 -184.7594
13.4011 -87 287 -87 287 100.0000 -0.0000 -184.7114
13.4024 -100 300 -100 300 100.0000 -0.0000 -184.5053
13.4037 -88 288 -88 288 100.0000 -0.0000 -184.4325
13.4050 -92 292 -92 292 100.0000 -0.0000 -184.3091
13.4063 -90 290 -90 290 100.0000 -0.0000 -184.2212
13.4076 -89 289 -89 289 100.0000 -0.0000 -184.1578
13.4089 -89 289 -89 289 100.0000 -0.0000 -184.0859
13.4102 -84 284 -84 284 100.0000 -0.0000 -184.0784
13.4115 -85 285 -85 285 100.0000 -0.0000 -184.0555
13.4128 -90 290 -90 290 100.0000 -0.0000 -183.9912
13.4141 -81 281 -81 281 100.0000 -0.0000 -184.0360
13.4153 -93 293 -93 293 100.0000 -0.0000 -183.9260
13.4166 -75 275 -75 275 100.0000 -0.0000 -184.0467
13.4179 -91 291 -91 291 100.0000 -0.0000 -183.9911
13.4191 -88 288 -88 288 100.0000 -0.0000 -183.9826
13.4204 -89 289 -89 289 100.0000 -0.0000 -183.9520
13.4217 -77 277 -77 277 100.0000 -0.0000 -184.0820
13.4230 -94 294 -94 294 100.0000 -0.0000 -184.0148
13.4243 -95 295 -95 295 100.0000 -0.0000 -183.9406
13.4256 -82 282 -82 282 100.0000 -0.0000 -184.0327
13.4269 -85 285 -85 285 100.0000 -0.0000 -184.0811
13.4281 -91 291 -91 291 100.0000 -0.0000 -184.0796
13.4294 -87 287 -87 287 100.0000 -0.0000 -184.1184
13.4307 -90 290 -90 290 100.0000 -0.0000 -184.1223
13.4319 -91 291 -91 291 100.0000 -0.0000 -184.1215
13.4332 -91 291 -91 291 100.0000 -0.0000 -184.1316
13.4344 -94 294 -94 294 100.0000 -0.0000 -184.1065
13.4357 -104 304 -104 304 100.0000 -0.0000 -183.9612
13.4370 -89 289 -89 289 100.0000 -0.0000 -184.0011
13.4382 -101 301 -101 301 100.0000 -0.0000 -183.9072
13.4395 -91 291 -91 291 100.0000 -0.0000 -183.9371
13.4408 -91 291 -91 291 100.0000 -0.0000 -183.9606
13.4421 -90 290 -90 290 100.0000 -0.0000 -183.9978
13.4433 -83 283 -83 283 100.0000 -0.0000 -184.1375
13.4446 -87 287 -87 287 100.0000 -0.0000 -184.2217
13.4459 -86 286 -86 286 100.0000 -0.0000 -184.3229
13.4471 -88 288 -88 288 100.0000 -0.0000 -184.4009
13.4484 -95 295 -95 295 100.0000 -0.0000 -184.3905
13.4496 -94 294 -94 294 100.0000 -0.0000 -184.3892
13.4509 -91 291 -91 291 100.0000 -0.0000 -184.4236
13.4522 -88 288 -88 288 100.0000 -0.0000 -184.5029
13.4534 -100 300 -100 300 100.0000 -0.0000 -184.4268
13.4546 -92 292 -92 292 100.0000 -0.0000 -184.4460
13.4559 -87 287 -87 287 100.0000 -0.0000 -184.5249
13.4571 -94 294 -94 294 100.0000 -0.0000 -184.5103
13.4584 -88 288 -88 288 100.0000 -0.0000 -184.5652
13.4596 -91 291 -91 291 100.0000 -0.0000 -184.5892
13.4609 -97 297 -97 297 100.0000 -0.0000 -184.5357
13.4621 -92 292 -92 292 100.0000 -0.0000 -184.5235
13.4634 -80 280 -80 280 100.0000 -0.0000 -184.6609
13.4646 -89 289 -89 289 100.0000 -0.0000 -184.6829
13.4659 -97 297 -97 297 100.0000 -0.0000 -184.5983
13.4672 -91 291 -91 291 100.0000 -0.0000 -184.5624
13.4685 -95 295 -95 295 100.0000 -0.0000 -184.4862
13.4697 -88 288 -88 288 100.0000 -0.0000 -184.4895
13.4710 -84 284 -84 284 100.0000 -0.0000 -184.5433
13.4723 -93 293 -93 293 100.0000 -0.0000 -184.4602
13.4735 -94 294 -94 294 100.0000 -0.0000 -184.3587
13.4748 -87 287 -87 287 100.0000 -0.0000 -184.3472
13.4760 -90 290 -90 290 100.0000 -0.0000 -184.3041
13.4773 -89 289 -89 289 100.0000 -0.0000 -184.2575
13.4786 -102 302 -102 302 100.0000 -0.0000 -184.0393
13.4798 -95 295 -95 295 100.0000 -0.0000 -183.9082
13.4811 -90 290 -90 290 100.0000 -0.0000 -183.8510
13.4823 -95 295 -95 295 100.0000 -0.0000 -183.7121
13.4836 -87 287 -87 287 100.0000 -0.0000 -183.6788
13.4849 -88 288 -88 288 100.0000 -0.0000 -183.6326
13.4861 -100 300 -100 300 100.0000 -0.0000 -183.4319
13.4874 -97 297 -97 297 100.0000 -0.0000 -183.2806
13.4886 -99 299 -99 299 100.0000 -0.0000 -183.1124
13.4899 -98 298 -98 298 100.0000 -0.0000 -182.9509
13.4912 -97 297 -97 297 100.0000 -0.0000 -182.8029
13.4925 -89 289 -89 289 100.0000 -0.0000 -182.7798
13.4938 -92 292 -92 292 100.0000 -0.0000 -182.7309
13.4950 -83 283 -83 283 100.0000 -0.0000 -182.7860
13.4963 -89 289 -89 289 100.0000 -0.0000 -182.7714
13.4976 -93 293 -93 293 100.0000 -0.0000 -182.7381
13.4988 -87 287 -87 287 100.0000 -0.0000 -182.7873
13.5001 -97 297 -97 297 100.0000 -0.0000 -182.7102
13.5013 -97 297 -97 297 100.0000 -0.0000 -182.6312
13.5026 -98 298 -98 298 100.0000 -0.0000 -182.5764
13.5039 -92 292 -92 292 100.0000 -0.0000 -182.5951
13.5051 -89 289 -89 289 100.0000 -0.0000 -182.6474
13.5064 -92 292 -92 292 100.0000 -0.0000 -182.6708
13.5076 -90 290 -90 290 100.0000 -0.0000 -182.7337
13.5089 -87 287 -87 287 100.0000 -0.0000 -182.8285
13.5101 -82 282 -82 282 100.0000 -0.0000 -182.9855
13.5114 -89 289 -89 289 100.0000 -0.0000 -183.0549
13.5127 -94 294 -94 294 100.0000 -0.0000 -183.0712
13.5139 -92 292 -92 292 100.0000 -0.0000 -183.1151
13.5152 -98 298 -98 298 100.0000 -0.0000 -183.0812
13.5164 -99 299 -99 299 100.0000 -0.0000 -183.0522
13.5177 -99 299 -99 299 100.0000 -0.0000 -183.0044
13.5190 -85 285 -85 285 100.0000 -0.0000 -183.1232
13.5202 -94 294 -94 294 100.0000 -0.0000 -183.1312
13.5215 -93 293 -93 293 100.0000 -0.0000 -183.1682
13.5227 -86 286 -86 286 100.0000 -0.0000 -183.2658
13.5240 -90 290 -90 290 100.0000 -0.0000 -183.3139
13.5253 -86 286 -86 286 100.0000 -0.0000 -183.4047
13.5265 -91 291 -91 291 100.0000 -0.0000 -183.4555
13.5278 -83 283 -83 283 100.0000 -0.0000 -183.5739
13.5290 -91 291 -91 291 100.0000 -0.0000 -183.6022
13.5303 -85 285 -85 285 100.0000 -0.0000 -183.6965
13.5316 -89 289 -89 289 100.0000 -0.0000 -183.7371
13.5329 -87 287 -87 287 100.0000 -0.0000 -183.8100
13.5341 -91 291 -91 291 100.0000 -0.0000 -183.8345
13.5354 -91 291 -91 291 100.0000 -0.0000 -183.8601
13.5366 -90 290 -90 290 100.0000 -0.0000 -183.8957
13.5379 -84 284 -84 284 100.0000 -0.0000 -184.0062
13.5392 -90 290 -90 290 100.0000 -0.0000 -184.0441
13.5404 -90 290 -90 290 100.0000 -0.0000 -184.0791
13.5417 -91 291 -91 291 100.0000 -0.0000 -184.1303
13.5430 -94 294 -94 294 100.0000 -0.0000 -184.1396
13.5443 -96 296 -96 296 100.0000 -0.0000 -184.1150
13.5455 -90 290 -90 290 100.0000 -0.0000 -184.1708
13.5469 -78 278 -78 278 100.0000 -0.0000 -184.4259
13.5482 -85 285 -85 285 100.0000 -0.0000 -184.5896
13.5495 -98 298 -98 298 100.0000 -0.0000 -184.5726
13.5507 -92 292 -92 292 100.0000 -0.0000 -184.6388
13.5520 -86 286 -86 286 100.0000 -0.0000 -184.8212
13.5533 -101 301 -101 301 100.0000 -0.0000 -184.8172
13.5546 -93 293 -93 293 100.0000 -0.0000 -184.9085
13.5558 -94 294 -94 294 100.0000 -0.0000 -184.9960
13.5571 -92 292 -92 292 100.0000 -0.0000 -185.1489
13.5584 -90 290 -90 290 100.0000 -0.0000 -185.3351
13.5597 -102 302 -102 302 100.0000 -0.0000 -185.3607
13.5610 -99 299 -99 299 100.0000 -0.0000 -185.4317
13.5622 -103 303 -103 303 100.0000 -0.0000 -185.4958
13.5635 -100 300 -100 300 100.0000 -0.0000 -185.5884
13.5648 -94 294 -94 294 100.0000 -0.0000 -185.7566
13.5660 -98 298 -98 298 100.0000 -0.0000 -185.8833
13.5673 -96 296 -96 296 100.0000 -0.0000 -186.0727
13.5685 -96 296 -96 296 100.0000 -0.0000 -186.2704
13.5698 -99 299 -99 299 100.0000 -0.0000 -186.4208
13.5710 -99 299 -99 299 100.0000 -0.0000 -186.6000
13.5722 -104 304 -104 304 100.0000 -0.0000 -186.7235
13.5735 -108 308 -108 308 100.0000 -0.0000 -186.7977
13.5747 -93 293 -93 293 100.0000 -0.0000 -187.0581
13.5759 -101 301 -101 301 100.0000 -0.0000 -187.2452
13.5772 -94 294 -94 294 100.0000 -0.0000 -187.5128
13.5784 -101 301 -101 301 100.0000 -0.0000 -187.6924
13.5797 -106 306 -106 306 100.0000 -0.0000 -187.8026
13.5809 -102 302 -102 302 100.0000 -0.0000 -187.9788
13.5822 -103 303 -103 303 100.0000 -0.0000 -188.1353
13.5834 -108 308 -108 308 100.0000 -0.0000 -188.2204
13.5848 -103 303 -103 303 100.0000 -0.0000 -188.3661
13.5861 -103 303 -103 303 100.0000 -0.0000 -188.4772
13.5874 -107 307 -107 307 100.0000 -0.0000 -188.5398
13.5887 -100 300 -100 300 100.0000 -0.0000 -188.6963
13.5900 -106 306 -106 306 100.0000 -0.0000 -188.7746
13.5913 -107 307 -107 307 100.0000 -0.0000 -188.7832
13.5926 -105 305 -105 305 100.0000 -0.0000 -188.8243
13.5938 -94 294 -94 294 100.0000 -0.0000 -188.9967
13.5951 -105 305 -105 305 100.0000 -0.0000 -189.0330
13.5964 -108 308 -108 308 100.0000 -0.0000 -188.9562
13.5977 -109 309 -109 309 100.0000 -0.0000 -188.8684
13.5989 -95 295 -95 295 100.0000 -0.0000 -188.9601
13.6002 -106 306 -106 306 100.0000 -0.0000 -188.9111
13.6015 -107 307 -107 307 100.0000 -0.0000 -188.7762
13.6028 -107 307 -107 307 100.0000 -0.0000 -188.6313
13.6040 -112 312 -112 312 100.0000 -0.0000 -188.4305
13.6053 -107 307 -107 307 100.0000 -0.0000 -188.2911
13.6066 -102 302 -102 302 100.0000 -0.0000 -188.1299
13.6078 -113 313 -113 313 100.0000 -0.0000 -187.8316
13.6091 -101 301 -101 301 100.0000 -0.0000 -187.6867
13.6104 -102 302 -102 302 100.0000 -0.0000 -187.5304
13.6117 -101 301 -101 301 100.0000 -0.0000 -187.2941
13.6130 -110 310 -110 310 100.0000 -0.0000 -186.9575
13.6142 -103 303 -103 303 100.0000 -0.0000 -186.7154
13.6155 -105 305 -105 305 100.0000 -0.0000 -186.4458
13.6168 -104 304 -104 304 100.0000 -0.0000 -186.1019
13.6181 -108 308 -108 308 100.0000 -0.0000 -185.7227
13.6194 -103 303 -103 303 100.0000 -0.0000 -185.4068
13.6206 -106 306 -106 306 100.0000 -0.0000 -185.0270
13.6219 -104 304 -104 304 100.0000 -0.0000 -184.6444
13.6232 -104 304 -104 304 100.0000 -0.0000 -184.2680
13.6244 -101 301 -101 301 100.0000 -0.0000 -183.9244
13.6257 -105 305 -105 305 100.0000 -0.0000 -183.5291
13.6270 -98 298 -98 298 100.0000 -0.0000 -183.1978
13.6282 -97 297 -97 297 100.0000 -0.0000 -182.8821
13.6295 -102 302 -102 302 100.0000 -0.0000 -182.5124
13.6308 -100 300 -100 300 100.0000 -0.0000 -182.1780
13.6321 -95 295 -95 295 100.0000 -0.0000 -181.9023
13.6334 -96 296 -96 296 100.0000 -0.0000 -181.6154
13.6346 -94 294 -94 294 100.0000 -0.0000 -181.3594
13.6359 -91 291 -91 291 100.0000 -0.0000 -181.1809
13.6372 -101 301 -101 301 100.0000 -0.0000 -180.8631
13.6385 -94 294 -94 294 100.0000 -0.0000 -180.6456
13.6397 -93 293 -93 293 100.0000 -0.0000 -180.4372
13.6410 -88 288 -88 288 100.0000 -0.0000 -180.3618
13.6423 -94 294 -94 294 100.0000 -0.0000 -180.2145
13.6436 -98 298 -98 298 100.0000 -0.0000 -180.0138
13.6448 -101 301 -101 301 100.0000 -0.0000 -179.7805
13.6461 -89 289 -89 289 100.0000 -0.0000 -179.7681
13.6474 -91 291 -91 291 100.0000 -0.0000 -179.7195
13.6487 -86 286 -86 286 100.0000 -0.0000 -179.7383
13.6500 -94 294 -94 294 100.0000 -0.0000 -179.6640
13.6513 -82 282 -82 282 100.0000 -0.0000 -179.7962
13.6525 -84 284 -84 284 100.0000 -0.0000 -179.9092
13.6538 -93 293 -93 293 100.0000 -0.0000 -179.9094
13.6551 -87 287 -87 287 100.0000 -0.0000 -179.9773
13.6564 -92 292 -92 292 100.0000 -0.0000 -180.0255
13.6577 -91 291 -91 291 100.0000 -0.0000 -180.0854
13.6590 -87 287 -87 287 100.0000 -0.0000 -180.1966
13.6602 -95 295 -95 295 100.0000 -0.0000 -180.1736
13.6615 -91 291 -91 291 100.0000 -0.0000 -180.2371
13.6628 -82 282 -82 282 100.0000 -0.0000 -180.4081
13.6641 -93 293 -93 293 100.0000 -0.0000 -180.4370
13.6654 -85 285 -85 285 100.0000 -0.0000 -180.5176
13.6667 -92 292 -92 292 100.0000 -0.0000 -180.5336
13.6679 -92 292 -92 292 100.0000 -0.0000 -180.5542
13.6692 -90 290 -90 290 100.0000 -0.0000 -180.5953
13.6705 -89 289 -89 289 100.0000 -0.0000 -180.6087
13.6718 -90 290 -90 290 100.0000 -0.0000 -180.6128
13.6730 -90 290 -90 290 100.0000 -0.0000 -180.6132
13.6743 -85 285 -85 285 100.0000 -0.0000 -180.6782
13.6756 -99 299 -99 299 100.0000 -0.0000 -180.5149
13.6769 -102 302 -102 302 100.0000 -0.0000 -180.3163
13.6782 -106 306 -106 306 100.0000 -0.0000 -180.0698
13.6794 -92 292 -92 292 100.0000 -0.0000 -179.9969
13.6807 -100 300 -100 300 100.0000 -0.0000 -179.7783
13.6820 -97 297 -97 297 100.0000 -0.0000 -179.5989
13.6833 -102 302 -102 302 100.0000 -0.0000 -179.3518
13.6846 -99 299 -99 299 100.0000 -0.0000 -179.1474
13.6858 -97 297 -97 297 100.0000 -0.0000 -178.9217
13.6871 -103 303 -103 303 100.0000 -0.0000 -178.6250
13.6884 -100 300 -100 300 100.0000 -0.0000 -178.3724
13.6897 -100 300 -100 300 100.0000 -0.0000 -178.1227
13.6910 -103 303 -103 303 100.0000 -0.0000 -177.8171
13.6923 -100 300 -100 300 100.0000 -0.0000 -177.5483
13.6936 -102 302 -102 302 100.0000 -0.0000 -177.2627
13.6948 -104 304 -104 304 100.0000 -0.0000 -176.9491
13.6961 -102 302 -102 302 100.0000 -0.0000 -176.6610
13.6974 -99 299 -99 299 100.0000 -0.0000 -176.4186
13.6986 -101 301 -101 301 100.0000 -0.0000 -176.1543
13.6999 -106 306 -106 306 100.0000 -0.0000 -175.8250
13.7012 -112 312 -112 312 100.0000 -0.0000 -175.4148
13.7024 -106 306 -106 306 100.0000 -0.0000 -175.0828
13.7037 -105 305 -105 305 100.0000 -0.0000 -174.7700
13.7049 -102 302 -102 302 100.0000 -0.0000 -174.4964
13.7062 -112 312 -112 312 100.0000 -0.0000 -174.0776
13.7075 -98 298 -98 298 100.0000 -0.0000 -173.8359
13.7088 -106 306 -106 306 100.0000 -0.0000 -173.4898
13.7100 -97 297 -97 297 100.0000 -0.0000 -173.2210
13.7113 -108 308 -108 308 100.0000 -0.0000 -172.8201
13.7126 -104 304 -104 304 100.0000 -0.0000 -172.4711
13.7139 -104 304 -104 304 100.0000 -0.0000 -172.1334
13.7152 -90 290 -90 290 100.0000 -0.0000 -171.9214
13.7164 -92 292 -92 292 100.0000 -0.0000 -171.6861
13.7178 -96 296 -96 296 100.0000 -0.0000 -171.3971
13.7190 -94 294 -94 294 100.0000 -0.0000 -171.1473
13.7203 -96 296 -96 296 100.0000 -0.0000 -170.8390
13.7215 -99 299 -99 299 100.0000 -0.0000 -170.5019
13.7228 -92 292 -92 292 100.0000 -0.0000 -170.2498
13.7241 -88 288 -88 288 100.0000 -0.0000 -170.0433
13.7253 -95 295 -95 295 100.0000 -0.0000 -169.7696
13.7266 -94 294 -94 294 100.0000 -0.0000 -169.5093
13.7278 -88 288 -88 288 100.0000 -0.0000 -169.3191
13.7291 -92 292 -92 292 100.0000 -0.0000 -169.0730
13.7304 -87 287 -87 287 100.0000 -0.0000 -168.9310
13.7317 -89 289 -89 289 100.0000 -0.0000 -168.7662
13.7330 -89 289 -89 289 100.0000 -0.0000 -168.6011
13.7342 -85 285 -85 285 100.0000 -0.0000 -168.4911
13.7355 -86 286 -86 286 100.0000 -0.0000 -168.4226
13.7368 -92 292 -92 292 100.0000 -0.0000 -168.2690
13.7380 -86 286 -86 286 100.0000 -0.0000 -168.2030
13.7393 -79 279 -79 279 100.0000 -0.0000 -168.2214
13.7406 -85 285 -85 285 100.0000 -0.0000 -168.1912
13.7419 -86 286 -86 286 100.0000 -0.0000 -168.1502
13.7431 -84 284 -84 284 100.0000 -0.0000 -168.1356
13.7444 -81 281 -81 281 100.0000 -0.0000 -168.1555
13.7457 -78 278 -78 278 100.0000 -0.0000 -168.2150
13.7470 -90 290 -90 290 100.0000 -0.0000 -168.1155
13.7482 -87 287 -87 287 100.0000 -0.0000 -168.0561
13.7495 -86 286 -86 286 100.0000 -0.0000 -167.9893
13.7508 -90 290 -90 290 100.0000 -0.0000 -167.8576
13.7521 -85 285 -85 285 100.0000 -0.0000 -167.7908
13.7533 -90 290 -90 290 100.0000 -0.0000 -167.6652
13.7546 -85 285 -85 285 100.0000 -0.0000 -167.5511
13.7559 -82 282 -82 282 100.0000 -0.0000 -167.4664
13.7572 -86 286 -86 286 100.0000 -0.0000 -167.3349
13.7584 -87 287 -87 287 100.0000 -0.0000 -167.1905
13.7597 -87 287 -87 287 100.0000 -0.0000 -166.9935
13.7610 -91 291 -91 291 100.0000 -0.0000 -166.7361
13.7623 -78 278 -78 278 100.0000 -0.0000 -166.6506
13.7636 -86 286 -86 286 100.0000 -0.0000 -166.4706
13.7648 -92 292 -92 292 100.0000 -0.0000 -166.1759
13.7661 -86 286 -86 286 100.0000 -0.0000 -165.9564
13.7674 -87 287 -87 287 100.0000 -0.0000 -165.7280
13.7687 -84 284 -84 284 100.0000 -0.0000 -165.5440
13.7699 -83 283 -83 283 100.0000 -0.0000 -165.3720
13.7712 -92 292 -92 292 100.0000 -0.0000 -165.0907
13.7724 -85 285 -85 285 100.0000 -0.0000 -164.9022
13.7737 -86 286 -86 286 100.0000 -0.0000 -164.6990
13.7749 -84 284 -84 284 100.0000 -0.0000 -164.5249
13.7762 -86 286 -86 286 100.0000 -0.0000 -164.3347
13.7774 -94 294 -94 294 100.0000 -0.0000 -164.0467
13.7787 -90 290 -90 290 100.0000 -0.0000 -163.8018
13.7800 -89 289 -89 289 100.0000 -0.0000 -163.5847
13.7812 -87 287 -87 287 100.0000 -0.0000 -163.3953
13.7825 -87 287 -87 287 100.0000 -0.0000 -163.1983
13.7838 -92 292 -92 292 100.0000 -0.0000 -162.9454
13.7851 -93 293 -93 293 100.0000 -0.0000 -162.6687
13.7864 -94 294 -94 294 100.0000 -0.0000 -162.3855
13.7877 -92 292 -92 292 100.0000 -0.0000 -162.1296
13.7890 -96 296 -96 296 100.0000 -0.0000 -161.8292
13.7903 -83 283 -83 283 100.0000 -0.0000 -161.6661
13.7915 -83 283 -83 283 100.0000 -0.0000 -161.5045
13.7928 -93 293 -93 293 100.0000 -0.0000 -161.2154
13.7941 -91 291 -91 291 100.0000 -0.0000 -160.8775
13.7954 -90 290 -90 290 100.0000 -0.0000 -160.5640
13.7967 -81 281 -81 281 100.0000 -0.0000 -160.3827
13.7980 -95 295 -95 295 100.0000 -0.0000 -160.0231
13.7992 -97 297 -97 297 100.0000 -0.0000 -159.5701
13.8005 -89 289 -89 289 100.0000 -0.0000 -159.2137
13.8018 -95 295 -95 295 100.0000 -0.0000 -158.7978
13.8030 -97 297 -97 297 100.0000 -0.0000 -158.3539
13.8043 -98 298 -98 298 100.0000 -0.0000 -157.8500
13.8055 -86 286 -86 286 100.0000 -0.0000 -157.4922
13.8067 -92 292 -92 292 100.0000 -0.0000 -157.0710
13.8080 -89 289 -89 289 100.0000 -0.0000 -156.6927
13.8092 -93 293 -93 293 100.0000 -0.0000 -156.2370
13.8105 -88 288 -88 288 100.0000 -0.0000 -155.8312
13.8118 -90 290 -90 290 100.0000 -0.0000 -155.4119
13.8131 -91 291 -91 291 100.0000 -0.0000 -154.9831
13.8144 -90 290 -90 290 100.0000 -0.0000 -154.5940
13.8157 -92 292 -92 292 100.0000 -0.0000 -154.1694
13.8169 -95 295 -95 295 100.0000 -0.0000 -153.7234
13.8182 -92 292 -92 292 100.0000 -0.0000 -153.3176
13.8195 -90 290 -90 290 100.0000 -0.0000 -152.9702
13.8207 -88 288 -88 288 100.0000 -0.0000 -152.6643
13.8220 -85 285 -85 285 100.0000 -0.0000 -152.3908
13.8233 -81 281 -81 281 100.0000 -0.0000 -152.1706
13.8245 -87 287 -87 287 100.0000 -0.0000 -151.9290
13.8258 -85 285 -85 285 100.0000 -0.0000 -151.7177
13.8270 -89 289 -89 289 100.0000 -0.0000 -151.4541
13.8283 -88 288 -88 288 100.0000 -0.0000 -151.1967
13.8296 -80 280 -80 280 100.0000 -0.0000 -151.0848
13.8308 -75 275 -75 275 100.0000 -0.0000 -151.0355
13.8321 -83 283 -83 283 100.0000 -0.0000 -150.8959
13.8334 -85 285 -85 285 100.0000 -0.0000 -150.7202
13.8346 -85 285 -85 285 100.0000 -0.0000 -150.5729
13.8360 -87 287 -87 287 100.0000 -0.0000 -150.3812
13.8372 -80 280 -80 280 100.0000 -0.0000 -150.2994
13.8385 -86 286 -86 286 100.0000 -0.0000 -150.1431
13.8398 -88 288 -88 288 100.0000 -0.0000 -149.9580
13.8411 -79 279 -79 279 100.0000 -0.0000 -149.8905
13.8424 -86 286 -86 286 100.0000 -0.0000 -149.7444
13.8436 -83 283 -83 283 100.0000 -0.0000 -149.6310
13.8449 -89 289 -89 289 100.0000 -0.0000 -149.4381
13.8462 -79 279 -79 279 100.0000 -0.0000 -149.3671
13.8475 -86 286 -86 286 100.0000 -0.0000 -149.2022
13.8488 -84 284 -84 284 100.0000 -0.0000 -149.0302
13.8500 -89 289 -89 289 100.0000 -0.0000 -148.8158
13.8513 -75 275 -75 275 100.0000 -0.0000 -148.7690
13.8526 -83 283 -83 283 100.0000 -0.0000 -148.6220
13.8539 -80 280 -80 280 100.0000 -0.0000 -148.4717
13.8552 -80 280 -80 280 100.0000 -0.0000 -148.3160
13.8565 -79 279 -79 279 100.0000 -0.0000 -148.1768
13.8577 -82 282 -82 282 100.0000 -0.0000 -147.9954
13.8590 -79 279 -79 279 100.0000 -0.0000 -147.8157
13.8603 -89 289 -89 289 100.0000 -0.0000 -147.5026
13.8616 -80 280 -80 280 100.0000 -0.0000 -147.3132
13.8628 -80 280 -80 280 100.0000 -0.0000 -147.1204
13.8641 -82 282 -82 282 100.0000 -0.0000 -146.8663
13.8654 -82 282 -82 282 100.0000 -0.0000 -146.6088
13.8667 -82 282 -82 282 100.0000 -0.0000 -146.3455
13.8680 -85 285 -85 285 100.0000 -0.0000 -146.0630
13.8692 -81 281 -81 281 100.0000 -0.0000 -145.7812
13.8705 -87 287 -87 287 100.0000 -0.0000 -145.4185
13.8718 -75 275 -75 275 100.0000 -0.0000 -145.2243
13.8731 -75 275 -75 275 100.0000 -0.0000 -145.0243
13.8743 -73 273 -73 273 100.0000 -0.0000 -144.8056
13.8756 -81 281 -81 281 100.0000 -0.0000 -144.4830
13.8769 -72 272 -72 272 100.0000 -0.0000 -144.2805
13.8782 -78 278 -78 278 100.0000 -0.0000 -144.0018
13.8794 -74 274 -74 274 100.0000 -0.0000 -143.7202
13.8807 -77 277 -77 277 100.0000 -0.0000 -143.4029
13.8820 -70 270 -70 270 100.0000 -0.0000 -143.1753
13.8833 -73 273 -73 273 100.0000 -0.0000 -142.9021
13.8845 -67 267 -67 267 100.0000 -0.0000 -142.6352
13.8858 -75 275 -75 275 100.0000 -0.0000 -142.2741
13.8871 -67 267 -67 267 100.0000 -0.0000 -142.0103
13.8883 -70 270 -70 270 100.0000 -0.0000 -141.6415
13.8896 -70 270 -70 270 100.0000 -0.0000 -141.2476
13.8909 -70 270 -70 270 100.0000 -0.0000 -140.8547
13.8922 -62 262 -62 262 100.0000 -0.0000 -140.5752
13.8934 -69 269 -69 269 100.0000 -0.0000 -140.1150
13.8947 -67 267 -67 267 100.0000 -0.0000 -139.6896
13.8960 -63 263 -63 263 100.0000 -0.0000 -139.3107
13.8973 -62 262 -62 262 100.0000 -0.0000 -138.9507
13.8986 -75 275 -75 275 100.0000 -0.0000 -138.3569
13.8998 -67 267 -67 267 100.0000 -0.0000 -137.8747
13.9011 -56 256 -56 256 100.0000 -0.0000 -137.5283
13.9024 -58 258 -58 258 100.0000 -0.0000 -137.1630
13.9036 -61 261 -61 261 100.0000 -0.0000 -136.7235
13.9049 -54 254 -54 254 100.0000 -0.0000 -136.3725
13.9062 -60 260 -60 260 100.0000 -0.0000 -135.9443
13.9074 -56 256 -56 256 100.0000 -0.0000 -135.5771
13.9087 -62 262 -62 262 100.0000 -0.0000 -135.1115
13.9100 -55 255 -55 255 100.0000 -0.0000 -134.7327
13.9113 -56 256 -56 256 100.0000 -0.0000 -134.3397
13.9126 -59 259 -59 259 100.0000 -0.0000 -133.9165
13.9139 -53 253 -53 253 100.0000 -0.0000 -133.5792
13.9152 -56 256 -56 256 100.0000 -0.0000 -133.2138
13.9165 -61 261 -61 261 100.0000 -0.0000 -132.7867
13.9177 -56 256 -56 256 100.0000 -0.0000 -132.4234
13.9190 -59 259 -59 259 100.0000 -0.0000 -132.0488
13.9203 -51 251 -51 251 100.0000 -0.0000 -131.7890
13.9216 -52 252 -52 252 100.0000 -0.0000 -131.5097
13.9228 -49 249 -49 249 100.0000 -0.0000 -131.2712
13.9241 -53 253 -53 253 100.0000 -0.0000 -131.0126
13.9254 -56 256 -56 256 100.0000 -0.0000 -130.7215
13.9267 -50 250 -50 250 100.0000 -0.0000 -130.5081
13.9280 -57 257 -57 257 100.0000 -0.0000 -130.2112
13.9293 -60 260 -60 260 100.0000 -0.0000 -129.8858
13.9305 -48 248 -48 248 100.0000 -0.0000 -129.7311
13.9318 -56 256 -56 256 100.0000 -0.0000 -129.4731
13.9331 -47 247 -47 247 100.0000 -0.0000 -129.3157
13.9344 -46 246 -46 246 100.0000 -0.0000 -129.1815
13.9356 -57 257 -57 257 100.0000 -0.0000 -128.9084
13.9369 -49 249 -49 249 100.0000 -0.0000 -128.7449
13.9382 -47 247 -47 247 100.0000 -0.0000 -128.5935
13.9395 -49 249 -49 249 100.0000 -0.0000 -128.4199
13.9407 -52 252 -52 252 100.0000 -0.0000 -128.2022
13.9420 -56 256 -56 256 100.0000 -0.0000 -127.9370
13.9433 -49 249 -49 249 100.0000 -0.0000 -127.7437
13.9446 -56 256 -56 256 100.0000 -0.0000 -127.4610
13.9458 -53 253 -53 253 100.0000 -0.0000 -127.2233
13.9471 -51 251 -51 251 100.0000 -0.0000 -126.9984
13.9484 -58 258 -58 258 100.0000 -0.0000 -126.6771
13.9497 -56 256 -56 256 100.0000 -0.0000 -126.3729
13.9510 -50 250 -50 250 100.0000 -0.0000 -126.1488
13.9523 -45 245 -45 245 100.0000 -0.0000 -125.9840
13.9536 -47 247 -47 247 100.0000 -0.0000 -125.7836
13.9549 -52 252 -52 252 100.0000 -0.0000 -125.5260
13.9562 -51 251 -51 251 100.0000 -0.0000 -125.2859
13.9575 -57 257 -57 257 100.0000 -0.0000 -124.9722
13.9588 -51 251 -51 251 100.0000 -0.0000 -124.7247
13.9600 -47 247 -47 247 100.0000 -0.0000 -124.5298
13.9613 -50 250 -50 250 100.0000 -0.0000 -124.2933
13.9626 -50 250 -50 250 100.0000 -0.0000 -124.0706
13.9639 -38 238 -38 238 100.0000 -0.0000 -123.9952
13.9652 -41 241 -41 241 100.0000 -0.0000 -123.8827
13.9664 -47 247 -47 247 100.0000 -0.0000 -123.7043
13.9677 -51 251 -51 251 100.0000 -0.0000 -123.4715
13.9690 -47 247 -47 247 100.0000 -0.0000 -123.2891
13.9703 -52 252 -52 252 100.0000 -0.0000 -123.0484
13.9716 -51 251 -51 251 100.0000 -0.0000 -122.8224
13.9728 -54 254 -54 254 100.0000 -0.0000 -122.5585
13.9741 -45 245 -45 245 100.0000 -0.0000 -122.4122
13.9754 -41 241 -41 241 100.0000 -0.0000 -122.3179
13.9767 -50 250 -50 250 100.0000 -0.0000 -122.1081
13.9780 -42 242 -42 242 100.0000 -0.0000 -122.0109
13.9793 -52 252 -52 252 100.0000 -0.0000 -121.7758
13.9806 -46 246 -46 246 100.0000 -0.0000 -121.6313
13.9819 -45 245 -45 245 100.0000 -0.0000 -121.4971
13.9832 -42 242 -42 242 100.0000 -0.0000 -121.4163
13.9845 -40 240 -40 240 100.0000 -0.0000 -121.3556
13.9858 -43 243 -43 243 100.0000 -0.0000 -121.2623
13.9870 -37 237 -37 237 100.0000 -0.0000 -121.2423
13.9883 -47 247 -47 247 100.0000 -0.0000 -121.1082
13.9896 -36 236 -36 236 100.0000 -0.0000 -121.1171
13.9909 -41 241 -41 241 100.0000 -0.0000 -121.0637
13.9922 -44 244 -44 244 100.0000 -0.0000 -120.9726
13.9934 -40 240 -40 240 100.0000 -0.0000 -120.9548
13.9947 -39 239 -39 239 100.0000 -0.0000 -120.9425
13.9959 -42 242 -42 242 100.0000 -0.0000 -120.8934
13.9972 -46 246 -46 246 100.0000 -0.0000 -120.7959
13.9985 -43 243 -43 243 100.0000 -0.0000 -120.7371
13.9998 -47 247 -47 247 100.0000 -0.0000 -120.6245
14.0010 -44 244 -44 244 100.0000 -0.0000 -120.5613
14.0023 -46 246 -46 246 100.0000 -0.0000 -120.4583
14.0036 -42 242 -42 242 100.0000 -0.0000 -120.4093
14.0048 -46 246 -46 246 100.0000 -0.0000 -120.3149
14.0061 -39 239 -39 239 100.0000 -0.0000 -120.3015
14.0074 -49 249 -49 249 100.0000 -0.0000 -120.1496
14.0087 -41 241 -41 241 100.0000 -0.0000 -120.1003
14.0099 -43 243 -43 243 100.0000 -0.0000 -120.0217
14.0112 -46 246 -46 246 100.0000 -0.0000 -119.9099
14.0125 -40 240 -40 240 100.0000 -0.0000 -119.8546
14.0138 -51 251 -51 251 100.0000 -0.0000 -119.6626
14.0150 -34 234 -34 234 100.0000 -0.0000 -119.6872
14.0163 -40 240 -40 240 100.0000 -0.0000 -119.6319
14.0176 -46 246 -46 246 100.0000 -0.0000 -119.4723
14.0189 -43 243 -43 243 100.0000 -0.0000 -119.3557
14.0202 -43 243 -43 243 100.0000 -0.0000 -119.2416
14.0214 -48 248 -48 248 100.0000 -0.0000 -119.0633
14.0227 -43 243 -43 243 100.0000 -0.0000 -118.9064
14.0240 -46 246 -46 246 100.0000 -0.0000 -118.7078
14.0253 -54 254 -54 254 100.0000 -0.0000 -118.4145
14.0266 -43 243 -43 243 100.0000 -0.0000 -118.2619
14.0278 -40 240 -40 240 100.0000 -0.0000 -118.1056
14.0291 -57 257 -57 257 100.0000 -0.0000 -117.7388
14.0304 -41 241 -41 241 100.0000 -0.0000 -117.5716
14.0316 -43 243 -43 243 100.0000 -0.0000 -117.3748
14.0329 -53 253 -53 253 100.0000 -0.0000 -116.9963
14.0342 -40 240 -40 240 100.0000 -0.0000 -116.7801
14.0355 -37 237 -37 237 100.0000 -0.0000 -116.6035
14.0367 -50 250 -50 250 100.0000 -0.0000 -116.2700
14.0380 -39 239 -39 239 100.0000 -0.0000 -116.0118
14.0393 -35 235 -35 235 100.0000 -0.0000 -115.8082
14.0406 -46 246 -46 246 100.0000 -0.0000 -115.4642
14.0418 -39 239 -39 239 100.0000 -0.0000 -115.2159
14.0430 -41 241 -41 241 100.0000 -0.0000 -114.8761
14.0443 -48 248 -48 248 100.0000 -0.0000 -114.4643
14.0455 -42 242 -42 242 100.0000 -0.0000 -114.1263
14.0467 -37 237 -37 237 100.0000 -0.0000 -113.8435
14.0480 -39 239 -39 239 100.0000 -0.0000 -113.4897
14.0493 -46 246 -46 246 100.0000 -0.0000 -113.0445
14.0505 -31 231 -31 231 100.0000 -0.0000 -112.7936
14.0518 -40 240 -40 240 100.0000 -0.0000 -112.4381
14.0530 -41 241 -41 241 100.0000 -0.0000 -112.0418
14.0543 -41 241 -41 241 100.0000 -0.0000 -111.6494
14.0555 -39 239 -39 239 100.0000 -0.0000 -111.2872
14.0568 -38 238 -38 238 100.0000 -0.0000 -110.9277
14.0581 -38 238 -38 238 100.0000 -0.0000 -110.5542
14.0594 -38 238 -38 238 100.0000 -0.0000 -110.1865
14.0607 -36 236 -36 236 100.0000 -0.0000 -109.8427
14.0620 -38 238 -38 238 100.0000 -0.0000 -109.4835
14.0633 -33 233 -33 233 100.0000 -0.0000 -109.2015
14.0645 -42 242 -42 242 100.0000 -0.0000 -108.7999
14.0658 -39 239 -39 239 100.0000 -0.0000 -108.4336
14.0672 -32 232 -32 232 100.0000 -0.0000 -108.1649
14.0685 -36 236 -36 236 100.0000 -0.0000 -107.8537
14.0698 -36 236 -36 236 100.0000 -0.0000 -107.5486
14.0710 -35 235 -35 235 100.0000 -0.0000 -107.2540
14.0723 -37 237 -37 237 100.0000 -0.0000 -106.9473
14.0736 -42 242 -42 242 100.0000 -0.0000 -106.5799
14.0748 -31 231 -31 231 100.0000 -0.0000 -106.3550
14.0761 -34 234 -34 234 100.0000 -0.0000 -106.0922
14.0774 -34 234 -34 234 100.0000 -0.0000 -105.8190
14.0787 -37 237 -37 237 100.0000 -0.0000 -105.5144
14.0799 -35 235 -35 235 100.0000 -0.0000 -105.2357
14.0812 -34 234 -34 234 100.0000 -0.0000 -104.9724
14.0825 -34 234 -34 234 100.0000 -0.0000 -104.7017
14.0838 -21 221 -21 221 100.0000 -0.0000 -104.5992
14.0850 -31 231 -31 231 100.0000 -0.0000 -104.3754
14.0863 -32 232 -32 232 100.0000 -0.0000 -104.1336
14.0876 -32 232 -32 232 100.0000 -0.0000 -103.8790
14.0889 -40 240 -40 240 100.0000 -0.0000 -103.5259
14.0901 -36 236 -36 236 100.0000 -0.0000 -103.2382
14.0914 -44 244 -44 244 100.0000 -0.0000 -102.8497
14.0927 -29 229 -29 229 100.0000 -0.0000 -102.6389
14.0939 -39 239 -39 239 100.0000 -0.0000 -102.3043
14.0952 -27 227 -27 227 100.0000 -0.0000 -102.1271
14.0965 -29 229 -29 229 100.0000 -0.0000 -101.9210
14.0978 -32 232 -32 232 100.0000 -0.0000 -101.6754
14.0990 -32 232 -32 232 100.0000 -0.0000 -101.4388
14.1003 -33 233 -33 233 100.0000 -0.0000 -101.1848
14.1016 -39 239 -39 239 100.0000 -0.0000 -100.8533
14.1028 -29 229 -29 229 100.0000 -0.0000 -100.6638
14.1041 -38 238 -38 238 100.0000 -0.0000 -100.3611
14.1054 -24 224 -24 224 100.0000 -0.0000 -100.2354
14.1066 -34 234 -34 234 100.0000 -0.0000 -99.9861
14.1079 -35 235 -35 235 100.0000 -0.0000 -99.7357
14.1092 -35 235 -35 235 100.0000 -0.0000 -99.4843
14.1104 -35 235 -35 235 100.0000 -0.0000 -99.2339
14.1117 -43 243 -43 243 100.0000 -0.0000 -98.9203
14.1129 -38 238 -38 238 100.0000 -0.0000 -98.6682
14.1142 -36 236 -36 236 100.0000 -0.0000 -98.4495
14.1154 -33 233 -33 233 100.0000 -0.0000 -98.2721
14.1166 -34 234 -34 234 100.0000 -0.0000 -98.0966
14.1179 -37 237 -37 237 100.0000 -0.0000 -97.8890
14.1191 -41 241 -41 241 100.0000 -0.0000 -97.6322
14.1204 -33 233 -33 233 100.0000 -0.0000 -97.4721
14.1216 -33 233 -33 233 100.0000 -0.0000 -97.3457
14.1229 -36 236 -36 236 100.0000 -0.0000 -97.1873
14.1242 -40 240 -40 240 100.0000 -0.0000 -96.9710
14.1254 -34 234 -34 234 100.0000 -0.0000 -96.8327
14.1267 -39 239 -39 239 100.0000 -0.0000 -96.6537
14.1279 -42 242 -42 242 100.0000 -0.0000 -96.4403
14.1292 -34 234 -34 234 100.0000 -0.0000 -96.3288
14.1305 -39 239 -39 239 100.0000 -0.0000 -96.1436
14.1318 -42 242 -42 242 100.0000 -0.0000 -95.9411
14.1331 -45 245 -45 245 100.0000 -0.0000 -95.6787
14.1344 -43 243 -43 243 100.0000 -0.0000 -95.4764
14.1357 -39 239 -39 239 100.0000 -0.0000 -95.3209
14.1369 -48 248 -48 248 100.0000 -0.0000 -95.0347
14.1382 -44 244 -44 244 100.0000 -0.0000 -94.8162
14.1395 -43 243 -43 243 100.0000 -0.0000 -94.6052
14.1408 -45 245 -45 245 100.0000 -0.0000 -94.3588
14.1420 -43 243 -43 243 100.0000 -0.0000 -94.1236
14.1433 -44 244 -44 244 100.0000 -0.0000 -93.8728
14.1446 -48 248 -48 248 100.0000 -0.0000 -93.5676
14.1459 -51 251 -51 251 100.0000 -0.0000 -93.2288
14.1472 -40 240 -40 240 100.0000 -0.0000 -92.9818
14.1485 -53 253 -53 253 100.0000 -0.0000 -92.5553
14.1497 -51 251 -51 251 100.0000 -0.0000 -92.1881
14.1510 -56 256 -56 256 100.0000 -0.0000 -91.7451
14.1523 -47 247 -47 247 100.0000 -0.0000 -91.3378
14.1536 -43 243 -43 243 100.0000 -0.0000 -90.9800
14.1549 -51 251 -51 251 100.0000 -0.0000 -90.5225
14.1561 -43 243 -43 243 100.0000 -0.0000 -90.0745
14.1574 -52 252 -52 252 100.0000 -0.0000 -89.5026
14.1587 -44 244 -44 244 100.0000 -0.0000 -89.0192
14.1600 -51 251 -51 251 100.0000 -0.0000 -88.4543
14.1613 -45 245 -45 245 100.0000 -0.0000 -87.8333
14.1626 -45 245 -45 245 100.0000 -0.0000 -87.2328
14.1639 -47 247 -47 247 100.0000 -0.0000 -86.5948
14.1651 -46 246 -46 246 100.0000 -0.0000 -85.9819
14.1664 -44 244 -44 244 100.0000 -0.0000 -85.2492
14.1677 -38 238 -38 238 100.0000 -0.0000 -84.6049
14.1690 -39 239 -39 239 100.0000 -0.0000 -83.9441
14.1702 -41 241 -41 241 100.0000 -0.0000 -83.2650
14.1715 -34 234 -34 234 100.0000 -0.0000 -82.5391
14.1728 -39 239 -39 239 100.0000 -0.0000 -81.7562
14.1741 -32 232 -32 232 100.0000 -0.0000 -81.0825
14.1753 -35 235 -35 235 100.0000 -0.0000 -80.3800
14.1766 -37 237 -37 237 100.0000 -0.0000 -79.5398
14.1779 -38 238 -38 238 100.0000 -0.0000 -78.6938
14.1792 -32 232 -32 232 100.0000 -0.0000 -77.9422
14.1805 -25 225 -25 225 100.0000 -0.0000 -77.2793
14.1818 -23 223 -23 223 100.0000 -0.0000 -76.5779
14.1830 -17 217 -17 217 100.0000 -0.0000 -75.9631
14.1843 -26 226 -26 226 100.0000 -0.0000 -75.2398
14.1856 -15 215 -15 215 100.0000 -0.0000 -74.6552
14.1869 -23 223 -23 223 100.0000 -0.0000 -73.9464
14.1882 -26 226 -26 226 100.0000 -0.0000 -73.2012
14.1894 -27 227 -27 227 100.0000 -0.0000 -72.4665
14.1907 -21 221 -21 221 100.0000 -0.0000 -71.7986
14.1920 -2 202 -2 202 100.0000 -0.0000 -71.3601
14.1932 -9 209 -9 209 100.0000 -0.0000 -70.8402
14.1945 -14 214 -14 214 100.0000 -0.0000 -70.2613
14.1958 -20 220 -20 220 100.0000 -0.0000 -69.6083
14.1971 -2 202 -2 202 100.0000 -0.0000 -69.1910
14.1984 -4 204 -4 204 100.0000 -0.0000 -68.7568
14.1997 -2 202 -2 202 100.0000 -0.0000 -68.3373
14.2009 -2 202 -2 202 100.0000 -0.0000 -67.9303
14.2022 -3 203 -3 203 100.0000 -0.0000 -67.5207
14.2035 -15 215 -15 215 100.0000 -0.0000 -66.9621
14.2048 -4 204 -4 204 100.0000 -0.0000 -66.5431
14.2060 4 195 4 195 100.0000 -0.0000 -66.2501
14.2073 -3 203 -3 203 100.0000 -0.0000 -65.8472
14.2086 -9 209 -9 209 100.0000 -0.0000 -65.3919
14.2098 -3 203 -3 203 100.0000 -0.0000 -65.0105
14.2111 6 193 6 193 100.0000 -0.0000 -64.7539
14.2124 0 200 0 200 100.0000 -0.0000 -64.4072
14.2136 1 198 1 198 100.0000 -0.0000 -64.0992
14.2149 4 195 4 195 100.0000 -0.0000 -63.8293
14.2162 4 195 4 195 100.0000 -0.0000 -63.5211
14.2174 -1 201 -1 201 100.0000 -0.0000 -63.1628
14.2188 8 191 8 191 100.0000 -0.0000 -62.8991
14.2201 6 193 6 193 100.0000 -0.0000 -62.6257
14.2214 5 194 5 194 100.0000 -0.0000 -62.3040
14.2226 8 191 8 191 100.0000 -0.0000 -62.0292
14.2239 10 189 10 189 100.0000 -0.0000 -61.7787
14.2252 3 196 3 196 100.0000 -0.0000 -61.4367
14.2265 0 199 0 199 100.0000 -0.0000 -60.9960
14.2278 12 187 12 187 100.0000 -0.0000 -60.7059
14.2291 3 196 3 196 100.0000 -0.0000 -60.2940
14.2304 8 191 8 191 100.0000 -0.0000 -59.8926
14.2316 14 185 14 185 100.0000 -0.0000 -59.5719
14.2329 15 184 15 184 100.0000 -0.0000 -59.2628
14.2342 0 199 0 199 100.0000 -0.0000 -58.7778
14.2354 17 182 17 182 100.0000 -0.0000 -58.4245
14.2367 11 188 11 188 100.0000 -0.0000 -58.0105
14.2379 11 188 11 188 100.0000 -0.0000 -57.5934
14.2392 21 178 21 178 100.0000 -0.0000 -57.3064
14.2405 18 181 18 181 100.0000 -0.0000 -56.8992
14.2418 18 181 18 181 100.0000 -0.0000 -56.5102
14.2431 19 180 19 180 100.0000 -0.0000 -56.1381
14.2443 18 181 18 181 100.0000 -0.0000 -55.7527
14.2456 15 184 15 184 100.0000 -0.0000 -55.2697
14.2469 14 185 14 185 100.0000 -0.0000 -54.7775
14.2482 15 184 15 184 100.0000 -0.0000 -54.2838
14.2495 18 181 18 181 100.0000 -0.0000 -53.8468
14.2508 24 175 24 175 100.0000 -0.0000 -53.4347
14.2521 18 181 18 181 100.0000 -0.0000 -52.9425
14.2533 23 176 23 176 100.0000 -0.0000 -52.5129
14.2546 21 178 21 178 100.0000 -0.0000 -52.0696
14.2558 26 173 26 173 100.0000 -0.0000 -51.6492
14.2571 33 166 33 166 100.0000 -0.0000 -51.3095
14.2584 22 177 22 177 100.0000 -0.0000 -50.8372
14.2596 29 170 29 170 100.0000 -0.0000 -50.4570
14.2609 31 168 31 168 100.0000 -0.0000 -50.0671
14.2621 24 175 24 175 100.0000 -0.0000 -49.6056
14.2634 25 174 25 174 100.0000 -0.0000 -49.1546
14.2647 22 177 22 177 100.0000 -0.0000 -48.6628
14.2660 33 166 33 166 100.0000 -0.0000 -48.3013
14.2672 28 171 28 171 100.0000 -0.0000 -47.8751
14.2685 30 169 30 169 100.0000 -0.0000 -47.4743
14.2698 31 168 31 168 100.0000 -0.0000 -47.0946
14.2710 30 169 30 169 100.0000 -0.0000 -46.7067
14.2723 29 170 29 170 100.0000 -0.0000 -46.3102
14.2736 35 164 35 164 100.0000 -0.0000 -45.9932
14.2748 29 170 29 170 100.0000 -0.0000 -45.6032
14.2761 26 173 26 173 100.0000 -0.0000 -45.1922
14.2773 33 166 33 166 100.0000 -0.0000 -44.8741
14.2786 31 168 31 168 100.0000 -0.0000 -44.5243
14.2799 28 171 28 171 100.0000 -0.0000 -44.1515
14.2811 24 175 24 175 100.0000 -0.0000 -43.7426
14.2824 31 168 31 168 100.0000 -0.0000 -43.4126
14.2837 30 169 30 169 100.0000 -0.0000 -43.0811
14.2849 35 164 35 164 100.0000 -0.0000 -42.8310
14.2862 35 164 35 164 100.0000 -0.0000 -42.5742
14.2875 25 174 25 174 100.0000 -0.0000 -42.1950
14.2887 32 167 32 167 100.0000 -0.0000 -41.9001
14.2900 33 166 33 166 100.0000 -0.0000 -41.6307
14.2912 27 172 27 172 100.0000 -0.0000 -41.2906
14.2925 27 172 27 172 100.0000 -0.0000 -40.9457
14.2937 34 165 34 165 100.0000 -0.0000 -40.6945
14.2950 42 157 42 157 100.0000 -0.0000 -40.5491
14.2963 28 171 28 171 100.0000 -0.0000 -40.2290
14.2976 31 168 31 168 100.0000 -0.0000 -39.9429
14.2989 38 161 38 161 100.0000 -0.0000 -39.7483
14.3001 33 166 33 166 100.0000 -0.0000 -39.5057
14.3014 38 161 38 161 100.0000 -0.0000 -39.3227
14.3027 38 161 38 161 100.0000 -0.0000 -39.1408
14.3039 34 165 34 165 100.0000 -0.0000 -38.9117
14.3052 31 168 31 168 100.0000 -0.0000 -38.6588
14.3065 34 165 34 165 100.0000 -0.0000 -38.4467
14.3077 31 168 31 168 100.0000 -0.0000 -38.1993
14.3090 39 160 39 160 100.0000 -0.0000 -38.0540
14.3102 35 164 35 164 100.0000 -0.0000 -37.8571
14.3114 34 165 34 165 100.0000 -0.0000 -37.6506
14.3127 38 161 38 161 100.0000 -0.0000 -37.5035
14.3139 42 157 42 157 100.0000 -0.0000 -37.4022
14.3152 33 166 33 166 100.0000 -0.0000 -37.1644
14.3165 37 162 37 162 100.0000 -0.0000 -36.9880
14.3178 44 155 44 155 100.0000 -0.0000 -36.8961
14.3190 34 165 34 165 100.0000 -0.0000 -36.6848
14.3204 38 161 38 161 100.0000 -0.0000 -36.5099
14.3216 36 163 36 163 100.0000 -0.0000 -36.3212
14.3229 43 156 43 156 100.0000 -0.0000 -36.2227
14.3242 40 159 40 159 100.0000 -0.0000 -36.0858
14.3255 34 165 34 165 100.0000 -0.0000 -35.8747
14.3267 40 159 40 159 100.0000 -0.0000 -35.7287
14.3280 37 162 37 162 100.0000 -0.0000 -35.5460
14.3293 48 151 48 151 100.0000 -0.0000 -35.5161
14.3306 38 161 38 161 100.0000 -0.0000 -35.3481
14.3319 39 160 39 160 100.0000 -0.0000 -35.1874
14.3332 33 166 33 166 100.0000 -0.0000 -34.9544
14.3345 40 159 40 159 100.0000 -0.0000 -34.8156
14.3357 40 159 40 159 100.0000 -0.0000 -34.6682
14.3370 42 157 42 157 100.0000 -0.0000 -34.5431
14.3383 50 149 50 149 100.0000 -0.0000 -34.5231
14.3395 43 156 43 156 100.0000 -0.0000 -34.3832
14.3408 48 151 48 151 100.0000 -0.0000 -34.3125
14.3421 41 158 41 158 100.0000 -0.0000 -34.1559
14.3434 45 154 45 154 100.0000 -0.0000 -34.0527
14.3447 47 152 47 152 100.0000 -0.0000 -33.9388
14.3459 47 152 47 152 100.0000 -0.0000 -33.8264
14.3472 45 154 45 154 100.0000 -0.0000 -33.6893
14.3485 40 159 40 159 100.0000 -0.0000 -33.4870
14.3498 35 164 35 164 100.0000 -0.0000 -33.1878
14.3510 40 159 40 159 100.0000 -0.0000 -32.9617
14.3523 46 153 46 153 100.0000 -0.0000 -32.8060
14.3536 42 157 42 157 100.0000 -0.0000 -32.6109
14.3549 43 156 43 156 100.0000 -0.0000 -32.4109
14.3561 44 155 44 155 100.0000 -0.0000 -32.2305
14.3574 48 151 48 151 100.0000 -0.0000 -32.1012
14.3587 39 160 39 160 100.0000 -0.0000 -31.8496
14.3600 40 159 40 159 100.0000 -0.0000 -31.6168
14.3612 47 152 47 152 100.0000 -0.0000 -31.4789
14.3625 53 146 53 146 100.0000 -0.0000 -31.4066
14.3638 48 151 48 151 100.0000 -0.0000 -31.2730
14.3651 41 158 41 158 100.0000 -0.0000 -31.0576
14.3664 47 152 47 152 100.0000 -0.0000 -30.9199
14.3676 43 156 43 156 100.0000 -0.0000 -30.7381
14.3689 36 163 36 163 100.0000 -0.0000 -30.4677
14.3702 47 152 47 152 100.0000 -0.0000 -30.3309
14.3714 50 149 50 149 100.0000 -0.0000 -30.2402
14.3727 50 149 50 149 100.0000 -0.0000 -30.1472
14.3740 47 152 47 152 100.0000 -0.0000 -30.0176
14.3752 52 147 52 147 100.0000 -0.0000 -29.9230
14.3765 54 145 54 145 100.0000 -0.0000 -29.8554
14.3778 54 145 54 145 100.0000 -0.0000 -29.7864
14.3790 59 140 59 140 100.0000 -0.0000 -29.7826
14.3803 54 145 54 145 100.0000 -0.0000 -29.6522
14.3816 58 141 58 141 100.0000 -0.0000 -29.5835
14.3828 60 139 60 139 100.0000 -0.0000 -29.5354
14.3841 62 137 62 137 100.0000 -0.0000 -29.4424
14.3853 59 140 59 140 100.0000 -0.0000 -29.3123
14.3866 58 141 58 141 100.0000 -0.0000 -29.1686
14.3879 55 144 55 144 100.0000 -0.0000 -28.9847
14.3891 54 145 54 145 100.0000 -0.0000 -28.7374
14.3904 62 137 62 137 100.0000 -0.0000 -28.5883
14.3917 56 143 56 143 100.0000 -0.0000 -28.3656
14.3929 55 144 55 144 100.0000 -0.0000 -28.1275
14.3942 59 140 59 140 100.0000 -0.0000 -27.9055
14.3955 52 147 52 147 100.0000 -0.0000 -27.6058
14.3968 53 146 53 146 100.0000 -0.0000 -27.3185
14.3980 63 136 63 136 100.0000 -0.0000 -27.1576
14.3993 67 132 67 132 100.0000 -0.0000 -27.0596
14.4006 55 144 55 144 100.0000 -0.0000 -26.8035
14.4018 58 141 58 141 100.0000 -0.0000 -26.5889
14.4031 64 135 64 135 100.0000 -0.0000 -26.4591
14.4044 59 140 59 140 100.0000 -0.0000 -26.2960
14.4057 61 138 61 138 100.0000 -0.0000 -26.1583
14.4069 63 136 63 136 100.0000 -0.0000 -26.0394
14.4082 63 136 63 136 100.0000 -0.0000 -25.9248
14.4095 63 136 63 136 100.0000 -0.0000 -25.8523
14.4108 57 142 57 142 100.0000 -0.0000 -25.7080
14.4121 50 149 50 149 100.0000 -0.0000 -25.4733
14.4133 64 135 64 135 100.0000 -0.0000 -25.4157
14.4146 68 131 68 131 100.0000 -0.0000 -25.4410
14.4159 62 137 62 137 100.0000 -0.0000 -25.3906
14.4171 55 144 55 144 100.0000 -0.0000 -25.2498
14.4184 54 145 54 145 100.0000 -0.0000 -25.0954
14.4198 66 133 66 133 100.0000 -0.0000 -25.1170
14.4211 61 138 61 138 100.0000 -0.0000 -25.0858
14.4224 61 138 61 138 100.0000 -0.0000 -25.0458
14.4237 61 138 61 138 100.0000 -0.0000 -25.0051
14.4249 60 139 60 139 100.0000 -0.0000 -24.9593
14.4262 48 151 48 151 100.0000 -0.0000 -24.7639
14.4275 59 140 59 140 100.0000 -0.0000 -24.7163
14.4288 59 140 59 140 100.0000 -0.0000 -24.6502
14.4300 52 147 52 147 100.0000 -0.0000 -24.4968
14.4313 59 140 59 140 100.0000 -0.0000 -24.4343
14.4325 59 140 59 140 100.0000 -0.0000 -24.3660
14.4338 61 138 61 138 100.0000 -0.0000 -24.2986
14.4351 58 141 58 141 100.0000 -0.0000 -24.1858
14.4364 56 143 56 143 100.0000 -0.0000 -24.0469
14.4377 54 145 54 145 100.0000 -0.0000 -23.8874
14.4389 67 132 67 132 100.0000 -0.0000 -23.8292
14.4402 50 149 50 149 100.0000 -0.0000 -23.5606
14.4415 58 141 58 141 100.0000 -0.0000 -23.3992
14.4428 53 146 53 146 100.0000 -0.0000 -23.1738
14.4441 62 137 62 137 100.0000 -0.0000 -22.9940
14.4453 48 151 48 151 100.0000 -0.0000 -22.6414
14.4466 52 147 52 147 100.0000 -0.0000 -22.3377
14.4479 58 141 58 141 100.0000 -0.0000 -22.1181
14.4492 51 148 51 148 100.0000 -0.0000 -21.7374
14.4505 55 144 55 144 100.0000 -0.0000 -21.4110
14.4518 64 135 64 135 100.0000 -0.0000 -21.2078
14.4530 51 148 51 148 100.0000 -0.0000 -20.8397
14.4543 61 138 61 138 100.0000 -0.0000 -20.5568
14.4556 56 143 56 143 100.0000 -0.0000 -20.2182
14.4569 54 145 54 145 100.0000 -0.0000 -19.8627
14.4581 59 140 59 140 100.0000 -0.0000 -19.5724
14.4594 56 143 56 143 100.0000 -0.0000 -19.2267
14.4607 57 142 57 142 100.0000 -0.0000 -18.9000
14.4620 59 140 59 140 100.0000 -0.0000 -18.5917
14.4633 57 142 57 142 100.0000 -0.0000 -18.2717
14.4645 57 142 57 142 100.0000 -0.0000 -17.9754
14.4658 61 138 61 138 100.0000 -0.0000 -17.7343
14.4671 60 139 60 139 100.0000 -0.0000 -17.4813
14.4683 53 146 53 146 100.0000 -0.0000 -17.1612
14.4696 67 132 67 132 100.0000 -0.0000 -17.0215
14.4709 61 138 61 138 100.0000 -0.0000 -16.8112
14.4722 64 135 64 135 100.0000 -0.0000 -16.6332
14.4735 57 142 57 142 100.0000 -0.0000 -16.4089
14.4748 73 126 73 126 100.0000 -0.0000 -16.3873
14.4761 63 136 63 136 100.0000 -0.0000 -16.2439
14.4773 63 136 63 136 100.0000 -0.0000 -16.0949
14.4786 70 129 70 129 100.0000 -0.0000 -16.0634
14.4799 67 132 67 132 100.0000 -0.0000 -16.0021
14.4812 59 140 59 140 100.0000 -0.0000 -15.8376
14.4824 67 132 67 132 100.0000 -0.0000 -15.7748
14.4837 60 139 60 139 100.0000 -0.0000 -15.6515
14.4850 72 127 72 127 100.0000 -0.0000 -15.6840
14.4862 64 135 64 135 100.0000 -0.0000 -15.6111
14.4875 73 126 73 126 100.0000 -0.0000 -15.6576
14.4887 62 137 62 137 100.0000 -0.0000 -15.6002
14.4900 64 135 64 135 100.0000 -0.0000 -15.5672
14.4913 63 136 63 136 100.0000 -0.0000 -15.5139
14.4925 68 131 68 131 100.0000 -0.0000 -15.5303
14.4938 71 128 71 128 100.0000 -0.0000 -15.6079
14.4951 60 139 60 139 100.0000 -0.0000 -15.5526
14.4963 59 140 59 140 100.0000 -0.0000 -15.4894
14.4976 70 129 70 129 100.0000 -0.0000 -15.5557
14.4989 67 132 67 132 100.0000 -0.0000 -15.6153
14.5001 69 130 69 130 100.0000 -0.0000 -15.7061
14.5014 64 135 64 135 100.0000 -0.0000 -15.7321
14.5027 74 125 74 125 100.0000 -0.0000 -15.8877
14.5040 62 137 62 137 100.0000 -0.0000 -15.9083
14.5052 61 138 61 138 100.0000 -0.0000 -15.9210
14.5065 64 135 64 135 100.0000 -0.0000 -15.9666
14.5078 71 128 71 128 100.0000 -0.0000 -16.1044
14.5090 69 130 69 130 100.0000 -0.0000 -16.2324
14.5103 61 138 61 138 100.0000 -0.0000 -16.2610
14.5115 74 125 74 125 100.0000 -0.0000 -16.4504
14.5128 62 137 62 137 100.0000 -0.0000 -16.4876
14.5141 74 125 74 125 100.0000 -0.0000 -16.7023
14.5153 70 129 70 129 100.0000 -0.0000 -16.8669
14.5166 67 132 67 132 100.0000 -0.0000 -16.9881
14.5178 67 132 67 132 100.0000 -0.0000 -17.1082
14.5192 74 125 74 125 100.0000 -0.0000 -17.3299
14.5205 69 130 69 130 100.0000 -0.0000 -17.4892
14.5217 66 133 66 133 100.0000 -0.0000 -17.6128
14.5230 68 131 68 131 100.0000 -0.0000 -17.7835
14.5243 66 133 66 133 100.0000 -0.0000 -17.9319
14.5256 48 151 48 151 100.0000 -0.0000 -17.8466
14.5269 71 128 71 128 100.0000 -0.0000 -18.0569
14.5282 45 154 45 154 100.0000 -0.0000 -17.9091
14.5295 58 141 58 141 100.0000 -0.0000 -17.9213
14.5308 61 138 61 138 100.0000 -0.0000 -17.9722
14.5320 57 142 57 142 100.0000 -0.0000 -17.9753
14.5333 64 135 64 135 100.0000 -0.0000 -18.0538
14.5346 56 143 56 143 100.0000 -0.0000 -18.0306
14.5359 59 140 59 140 100.0000 -0.0000 -18.0440
14.5372 61 138 61 138 100.0000 -0.0000 -18.0759
14.5385 59 140 59 140 100.0000 -0.0000 -18.0183
14.5398 49 150 49 150 100.0000 -0.0000 -17.8354
14.5410 54 145 54 145 100.0000 -0.0000 -17.7161
14.5423 62 137 62 137 100.0000 -0.0000 -17.6960
14.5436 57 142 57 142 100.0000 -0.0000 -17.5549
14.5449 61 138 61 138 100.0000 -0.0000 -17.4679
14.5462 58 141 58 141 100.0000 -0.0000 -17.3370
14.5475 55 144 55 144 100.0000 -0.0000 -17.1670
14.5487 59 140 59 140 100.0000 -0.0000 -17.0122
14.5500 60 139 60 139 100.0000 -0.0000 -16.8689
14.5513 60 139 60 139 100.0000 -0.0000 -16.7189
14.5526 62 137 62 137 100.0000 -0.0000 -16.5964
14.5539 55 144 55 144 100.0000 -0.0000 -16.3674
14.5552 66 133 66 133 100.0000 -0.0000 -16.2737
14.5564 65 134 65 134 100.0000 -0.0000 -16.1723
14.5577 56 143 56 143 100.0000 -0.0000 -15.9559
14.5590 59 140 59 140 100.0000 -0.0000 -15.7911
14.5602 72 127 72 127 100.0000 -0.0000 -15.7801
14.5615 66 133 66 133 100.0000 -0.0000 -15.6946
14.5628 64 135 64 135 100.0000 -0.0000 -15.5944
14.5640 71 128 71 128 100.0000 -0.0000 -15.5739
14.5653 65 134 65 134 100.0000 -0.0000 -15.4822
14.5666 58 141 58 141 100.0000 -0.0000 -15.3023
14.5678 64 135 64 135 100.0000 -0.0000 -15.1822
14.5691 54 145 54 145 100.0000 -0.0000 -14.9321
14.5703 56 143 56 143 100.0000 -0.0000 -14.7105
14.5716 68 131 68 131 100.0000 -0.0000 -14.6394
14.5728 59 140 59 140 100.0000 -0.0000 -14.4124
14.5741 56 143 56 143 100.0000 -0.0000 -14.1400
14.5754 69 130 69 130 100.0000 -0.0000 -14.0334
14.5766 69 130 69 130 100.0000 -0.0000 -13.9353
14.5779 62 137 62 137 100.0000 -0.0000 -13.6781
14.5791 76 123 76 123 100.0000 -0.0000 -13.5901
14.5804 68 131 68 131 100.0000 -0.0000 -13.4004
14.5816 68 131 68 131 100.0000 -0.0000 -13.2123
14.5829 73 126 73 126 100.0000 -0.0000 -13.0256
14.5841 67 132 67 132 100.0000 -0.0000 -12.7620
14.5854 68 131 68 131 100.0000 -0.0000 -12.5114
14.5866 69 130 69 130 100.0000 -0.0000 -12.2808
14.5879 76 123 76 123 100.0000 -0.0000 -12.0794
14.5892 70 129 70 129 100.0000 -0.0000 -11.7952
14.5904 67 132 67 132 100.0000 -0.0000 -11.4771
14.5917 82 117 82 117 100.0000 -0.0000 -11.3548
14.5929 78 121 78 121 100.0000 -0.0000 -11.1315
14.5942 72 127 72 127 100.0000 -0.0000 -10.8414
14.5955 69 130 69 130 100.0000 -0.0000 -10.5183
14.5967 72 127 72 127 100.0000 -0.0000 -10.2338
14.5980 70 129 70 129 100.0000 -0.0000 -9.8916
14.5993 79 120 79 120 100.0000 -0.0000 -9.6606
14.6006 72 127 72 127 100.0000 -0.0000 -9.3453
14.6019 66 133 66 133 100.0000 -0.0000 -8.9583
14.6031 61 138 61 138 100.0000 -0.0000 -8.5005
14.6044 75 124 75 124 100.0000 -0.0000 -8.2242
14.6057 78 121 78 121 100.0000 -0.0000 -7.9818
14.6070 67 132 67 132 100.0000 -0.0000 -7.6092
14.6083 72 127 72 127 100.0000 -0.0000 -7.3007
14.6096 70 129 70 129 100.0000 -0.0000 -6.9746
14.6108 79 120 79 120 100.0000 -0.0000 -6.7567
14.6121 77 122 77 122 100.0000 -0.0000 -6.5179
14.6134 80 119 80 119 100.0000 -0.0000 -6.3374
14.6147 73 126 73 126 100.0000 -0.0000 -6.0781
14.6159 73 126 73 126 100.0000 -0.0000 -5.8224
14.6172 70 129 70 129 100.0000 -0.0000 -5.5622
14.6185 72 127 72 127 100.0000 -0.0000 -5.3242
14.6197 75 124 75 124 100.0000 -0.0000 -5.1317
14.6210 66 133 66 133 100.0000 -0.0000 -4.8198
14.6223 76 123 76 123 100.0000 -0.0000 -4.6856
14.6235 74 125 74 125 100.0000 -0.0000 -4.5159
14.6248 71 128 71 128 100.0000 -0.0000 -4.3099
14.6261 65 134 65 134 100.0000 -0.0000 -4.0425
14.6274 73 126 73 126 100.0000 -0.0000 -3.8844
14.6287 74 125 74 125 100.0000 -0.0000 -3.7402
14.6300 77 122 77 122 100.0000 -0.0000 -3.6383
14.6313 70 129 70 129 100.0000 -0.0000 -3.4494
14.6325 80 119 80 119 100.0000 -0.0000 -3.3725
14.6338 70 129 70 129 100.0000 -0.0000 -3.1683
14.6351 79 120 79 120 100.0000 -0.0000 -3.0769
14.6364 90 109 90 109 100.0000 -0.0000 -3.1287
14.6376 78 121 78 121 100.0000 -0.0000 -2.9061
14.6389 82 117 82 117 100.0000 -0.0000 -2.7283
14.6402 87 112 87 112 100.0000 -0.0000 -2.6199
14.6415 85 114 85 114 100.0000 -0.0000 -2.4927
14.6428 87 112 87 112 100.0000 -0.0000 -2.3254
14.6440 93 106 93 106 100.0000 -0.0000 -2.2242
14.6453 92 107 92 107 100.0000 -0.0000 -2.1110
14.6465 82 117 82 117 100.0000 -0.0000 -1.8842
14.6478 86 113 86 113 100.0000 -0.0000 -1.5852
14.6492 93 106 93 106 100.0000 -0.0000 -1.3809
14.6504 91 108 91 108 100.0000 -0.0000 -1.1554
14.6517 84 115 84 115 100.0000 -0.0000 -0.8426
14.6530 94 105 94 105 100.0000 -0.0000 -0.6846
14.6542 89 110 89 110 100.0000 -0.0000 -0.4665
14.6555 95 104 95 104 100.0000 -0.0000 -0.3230
14.6568 89 110 89 110 100.0000 -0.0000 -0.1581
14.6581 88 111 88 111 100.0000 -0.0000 0.0155
14.6594 90 109 90 109 100.0000 -0.0000 0.1676
14.6607 98 101 98 101 100.0000 -0.0000 0.2125
14.6620 86 113 86 113 100.0000 -0.0000 0.3143
14.6632 93 106 93 106 100.0000 -0.0000 0.3238
14.6645 96 103 96 103 100.0000 -0.0000 0.2990
14.6658 95 104 95 104 100.0000 -0.0000 0.2913
14.6670 92 107 92 107 100.0000 -0.0000 0.2168
14.6683 84 115 84 115 100.0000 -0.0000 0.2435
14.6696 92 107 92 107 100.0000 -0.0000 0.1737
14.6709 92 107 92 107 100.0000 -0.0000 0.1016
14.6721 87 112 87 112 100.0000 -0.0000 0.0456
14.6734 95 104 95 104 100.0000 -0.0000 -0.1046
14.6747 92 107 92 107 100.0000 -0.0000 -0.2189
14.6760 96 103 96 103 100.0000 -0.0000 -0.3828
14.6773 92 107 92 107 100.0000 -0.0000 -0.5200
14.6785 93 106 93 106 100.0000 -0.0000 -0.6611
14.6799 89 110 89 110 100.0000 -0.0000 -0.7597
14.6811 98 101 98 101 100.0000 -0.0000 -0.9650
14.6824 97 102 97 102 100.0000 -0.0000 -1.1279
14.6837 92 107 92 107 100.0000 -0.0000 -1.2373
14.6849 93 106 93 106 100.0000 -0.0000 -1.3494
14.6862 90 109 90 109 100.0000 -0.0000 -1.4246
14.6875 90 109 90 109 100.0000 -0.0000 -1.4479
14.6888 99 100 99 100 100.0000 -0.0000 -1.5815
14.6900 82 117 82 117 100.0000 -0.0000 -1.5073
14.6913 89 110 89 110 100.0000 -0.0000 -1.5213
14.6926 100 99 100 99 100.0000 -0.0000 -1.6130
14.6939 94 105 94 105 100.0000 -0.0000 -1.6289
14.6951 85 114 85 114 100.0000 -0.0000 -1.5273
14.6964 88 111 88 111 100.0000 -0.0000 -1.4035
14.6977 91 108 91 108 100.0000 -0.0000 -1.3237
14.6989 86 113 86 113 100.0000 -0.0000 -1.1822
14.7002 89 110 89 110 100.0000 -0.0000 -1.0736
14.7015 86 113 86 113 100.0000 -0.0000 -0.8919
14.7027 92 107 92 107 100.0000 -0.0000 -0.7798
14.7040 86 113 86 113 100.0000 -0.0000 -0.5902
14.7053 90 109 90 109 100.0000 -0.0000 -0.4554
14.7065 84 115 84 115 100.0000 -0.0000 -0.2206
14.7078 87 112 87 112 100.0000 -0.0000 -0.0228
14.7091 87 112 87 112 100.0000 -0.0000 0.1779
14.7103 94 105 94 105 100.0000 -0.0000 0.2836
14.7116 94 105 94 105 100.0000 -0.0000 0.3563
14.7129 84 115 84 115 100.0000 -0.0000 0.5511
14.7142 97 102 97 102 100.0000 -0.0000 0.5881
14.7154 95 104 95 104 100.0000 -0.0000 0.6531
14.7167 88 111 88 111 100.0000 -0.0000 0.7423
14.7180 93 106 93 106 100.0000 -0.0000 0.7606
14.7192 94 105 94 105 100.0000 -0.0000 0.7694
14.7205 87 112 87 112 100.0000 -0.0000 0.8717
14.7217 86 113 86 113 100.0000 -0.0000 0.9013
14.7230 95 104 95 104 100.0000 -0.0000 0.8257
14.7242 88 111 88 111 100.0000 -0.0000 0.8377
14.7255 91 108 91 108 100.0000 -0.0000 0.8071
14.7268 95 104 95 104 100.0000 -0.0000 0.6573
14.7280 89 110 89 110 100.0000 -0.0000 0.5811
14.7294 90 109 90 109 100.0000 -0.0000 0.4881
14.7307 89 110 89 110 100.0000 -0.0000 0.4111
14.7320 96 103 96 103 100.0000 -0.0000 0.2092
14.7333 94 105 94 105 100.0000 -0.0000 0.0398
14.7345 92 107 92 107 100.0000 -0.0000 -0.1071
14.7358 82 117 82 117 100.0000 -0.0000 -0.1246
14.7371 94 105 94 105 100.0000 -0.0000 -0.3033
14.7384 93 106 93 106 100.0000 -0.0000 -0.4628
14.7396 91 108 91 108 100.0000 -0.0000 -0.5993
14.7409 96 103 96 103 100.0000 -0.0000 -0.7882
14.7421 89 110 89 110 100.0000 -0.0000 -0.8749
14.7434 92 107 92 107 100.0000 -0.0000 -0.9950
14.7446 88 111 88 111 100.0000 -0.0000 -1.0703
14.7459 95 104 95 104 100.0000 -0.0000 -1.2257
14.7471 92 107 92 107 100.0000 -0.0000 -1.3079
14.7484 83 116 83 116 100.0000 -0.0000 -1.2674
14.7497 94 105 94 105 100.0000 -0.0000 -1.3753
14.7509 89 110 89 110 100.0000 -0.0000 -1.4086
14.7522 83 116 83 116 100.0000 -0.0000 -1.3254
14.7535 88 111 88 111 100.0000 -0.0000 -1.2966
14.7548 92 107 92 107 100.0000 -0.0000 -1.3313
14.7561 90 109 90 109 100.0000 -0.0000 -1.3084
14.7574 89 110 89 110 100.0000 -0.0000 -1.2726
14.7587 82 117 82 117 100.0000 -0.0000 -1.1547
14.7599 87 112 87 112 100.0000 -0.0000 -1.0920
14.7612 93 106 93 106 100.0000 -0.0000 -1.1163
14.7625 82 117 82 117 100.0000 -0.0000 -0.9982
14.7638 85 114 85 114 100.0000 -0.0000 -0.9183
14.7650 90 109 90 109 100.0000 -0.0000 -0.8998
14.7663 85 114 85 114 100.0000 -0.0000 -0.8427
14.7676 88 111 88 111 100.0000 -0.0000 -0.8161
14.7689 91 108 91 108 100.0000 -0.0000 -0.8293
14.7701 91 108 91 108 100.0000 -0.0000 -0.8459
14.7714 92 107 92 107 100.0000 -0.0000 -0.9000
14.7727 92 107 92 107 100.0000 -0.0000 -0.9456
14.7739 89 110 89 110 100.0000 -0.0000 -0.9495
14.7752 93 106 93 106 100.0000 -0.0000 -1.0079
14.7765 90 109 90 109 100.0000 -0.0000 -1.0284
14.7777 95 104 95 104 100.0000 -0.0000 -1.1143
14.7790 94 105 94 105 100.0000 -0.0000 -1.1875
14.7803 85 114 85 114 100.0000 -0.0000 -1.1430
14.7816 99 100 99 100 100.0000 -0.0000 -1.2393
14.7828 87 112 87 112 100.0000 -0.0000 -1.1871
14.7841 94 105 94 105 100.0000 -0.0000 -1.2188
14.7854 88 111 88 111 100.0000 -0.0000 -1.1784
14.7867 88 111 88 111 100.0000 -0.0000 -1.0921
14.7880 92 107 92 107 100.0000 -0.0000 -1.0582
14.7892 88 111 88 111 100.0000 -0.0000 -0.9662
14.7905 93 106 93 106 100.0000 -0.0000 -0.9405
14.7918 81 118 81 118 100.0000 -0.0000 -0.7188
14.7931 89 110 89 110 100.0000 -0.0000 -0.6007
14.7943 94 105 94 105 100.0000 -0.0000 -0.5413
14.7956 91 108 91 108 100.0000 -0.0000 -0.4095
14.7969 82 117 82 117 100.0000 -0.0000 -0.1721
14.7982 91 108 91 108 100.0000 -0.0000 -0.0523
14.7994 90 109 90 109 100.0000 -0.0000 0.0795
14.8007 84 115 84 115 100.0000 -0.0000 0.3047
14.8020 96 103 96 103 100.0000 -0.0000 0.3716
14.8033 86 113 86 113 100.0000 -0.0000 0.5605
14.8046 97 102 97 102 100.0000 -0.0000 0.6068
14.8059 88 111 88 111 100.0000 -0.0000 0.7794
14.8072 98 101 98 101 100.0000 -0.0000 0.8170
14.8085 90 109 90 109 100.0000 -0.0000 0.9580
14.8098 88 111 88 111 100.0000 -0.0000 1.1219
14.8110 96 103 96 103 100.0000 -0.0000 1.1966
14.8123 90 109 90 109 100.0000 -0.0000 1.3409
14.8136 91 108 91 108 100.0000 -0.0000 1.4662
14.8149 95 104 95 104 100.0000 -0.0000 1.5507
14.8162 93 106 93 106 100.0000 -0.0000 1.6872
14.8175 91 108 91 108 100.0000 -0.0000 1.8558
14.8188 96 103 96 103 100.0000 -0.0000 1.9596
14.8200 99 100 99 100 100.0000 -0.0000 2.0158
14.8213 95 104 95 104 100.0000 -0.0000 2.1483
14.8226 97 102 97 102 100.0000 -0.0000 2.2559
14.8238 100 99 100 99 100.0000 -0.0000 2.3157
14.8251 93 106 93 106 100.0000 -0.0000 2.4659
14.8264 92 107 92 107 100.0000 -0.0000 2.6176
14.8277 95 104 95 104 100.0000 -0.0000 2.7277
14.8290 95 104 95 104 100.0000 -0.0000 2.8350
14.8303 93 106 93 106 100.0000 -0.0000 2.9701
14.8316 100 99 100 99 100.0000 -0.0000 2.9431
14.8329 95 104 95 104 100.0000 -0.0000 2.9771
14.8341 90 109 90 109 100.0000 -0.0000 3.0753
14.8354 97 102 97 102 100.0000 -0.0000 2.9739
14.8367 97 102 97 102 100.0000 -0.0000 2.8733
14.8380 104 95 104 95 100.0000 -0.0000 2.6822
14.8393 92 107 92 107 100.0000 -0.0000 2.6509
14.8406 89 110 89 110 100.0000 -0.0000 2.5453
14.8418 89 110 89 110 100.0000 -0.0000 2.4420
14.8431 89 110 89 110 100.0000 -0.0000 2.3350
14.8444 88 111 88 111 100.0000 -0.0000 2.2470
14.8457 100 99 100 99 100.0000 -0.0000 1.9323
14.8469 93 106 93 106 100.0000 -0.0000 1.7079
14.8482 93 106 93 106 100.0000 -0.0000 1.4811
14.8494 86 113 86 113 100.0000 -0.0000 1.3489
14.8507 95 104 95 104 100.0000 -0.0000 1.0653
14.8520 92 107 92 107 100.0000 -0.0000 0.8223
14.8532 98 101 98 101 100.0000 -0.0000 0.5117
14.8545 91 108 91 108 100.0000 -0.0000 0.2902
14.8558 93 106 93 106 100.0000 -0.0000 0.0534
14.8570 96 103 96 103 100.0000 -0.0000 -0.2117
14.8583 89 110 89 110 100.0000 -0.0000 -0.3861
14.8595 86 113 86 113 100.0000 -0.0000 -0.5192
14.8608 90 109 90 109 100.0000 -0.0000 -0.6611
14.8621 90 109 90 109 100.0000 -0.0000 -0.7947
14.8634 92 107 92 107 100.0000 -0.0000 -0.9479
14.8647 92 107 92 107 100.0000 -0.0000 -1.1032
14.8659 90 109 90 109 100.0000 -0.0000 -1.1592
14.8672 89 110 89 110 100.0000 -0.0000 -1.2110
14.8684 90 109 90 109 100.0000 -0.0000 -1.2626
14.8697 88 111 88 111 100.0000 -0.0000 -1.2913
14.8710 88 111 88 111 100.0000 -0.0000 -1.2699
14.8722 96 103 96 103 100.0000 -0.0000 -1.3465
14.8735 90 109 90 109 100.0000 -0.0000 -1.3429
14.8748 92 107 92 107 100.0000 -0.0000 -1.3635
14.8760 94 105 94 105 100.0000 -0.0000 -1.3681
14.8773 90 109 90 109 100.0000 -0.0000 -1.3274
14.8786 92 107 92 107 100.0000 -0.0000 -1.3101
14.8798 82 117 82 117 100.0000 -0.0000 -1.1720
14.8811 83 116 83 116 100.0000 -0.0000 -1.0425
14.8823 84 115 84 115 100.0000 -0.0000 -0.9208
14.8836 99 100 99 100 100.0000 -0.0000 -0.9878
14.8849 92 107 92 107 100.0000 -0.0000 -0.9935
14.8862 91 108 91 108 100.0000 -0.0000 -0.9847
14.8875 94 105 94 105 100.0000 -0.0000 -1.0117
14.8887 100 99 100 99 100.0000 -0.0000 -1.1188
14.8900 92 107 92 107 100.0000 -0.0000 -1.1389
14.8913 86 113 86 113 100.0000 -0.0000 -1.0755
14.8925 93 106 93 106 100.0000 -0.0000 -1.1022
14.8939 93 106 93 106 100.0000 -0.0000 -1.1382
14.8951 92 107 92 107 100.0000 -0.0000 -1.1740
14.8964 89 110 89 110 100.0000 -0.0000 -1.1746
14.8977 90 109 90 109 100.0000 -0.0000 -1.1845
14.8990 87 112 87 112 100.0000 -0.0000 -1.1656
14.9003 94 105 94 105 100.0000 -0.0000 -1.2443
14.9015 92 107 92 107 100.0000 -0.0000 -1.2881
14.9028 95 104 95 104 100.0000 -0.0000 -1.3780
14.9041 83 116 83 116 100.0000 -0.0000 -1.3126
14.9054 90 109 90 109 100.0000 -0.0000 -1.3454
14.9067 91 108 91 108 100.0000 -0.0000 -1.3843
14.9080 92 107 92 107 100.0000 -0.0000 -1.4419
14.9093 96 103 96 103 100.0000 -0.0000 -1.5454
14.9106 91 108 91 108 100.0000 -0.0000 -1.5734
14.9119 78 121 78 121 100.0000 -0.0000 -1.4364
14.9132 86 113 86 113 100.0000 -0.0000 -1.4034
14.9145 95 104 95 104 100.0000 -0.0000 -1.4794
14.9157 100 99 100 99 100.0000 -0.0000 -1.5895
14.9170 86 113 86 113 100.0000 -0.0000 -1.5274
14.9183 92 107 92 107 100.0000 -0.0000 -1.5390
14.9196 91 108 91 108 100.0000 -0.0000 -1.5134
14.9208 90 109 90 109 100.0000 -0.0000 -1.4799
14.9221 85 114 85 114 100.0000 -0.0000 -1.3832
14.9234 82 117 82 117 100.0000 -0.0000 -1.2434
14.9246 85 114 85 114 100.0000 -0.0000 -1.1107
14.9259 93 106 93 106 100.0000 -0.0000 -1.0822
14.9271 87 112 87 112 100.0000 -0.0000 -0.9820
14.9284 93 106 93 106 100.0000 -0.0000 -0.9500
14.9296 93 106 93 106 100.0000 -0.0000 -0.9124
14.9309 89 110 89 110 100.0000 -0.0000 -0.8156
14.9322 91 108 91 108 100.0000 -0.0000 -0.7515
14.9334 92 107 92 107 100.0000 -0.0000 -0.6969
14.9347 93 106 93 106 100.0000 -0.0000 -0.6414
14.9360 92 107 92 107 100.0000 -0.0000 -0.5802
14.9372 90 109 90 109 100.0000 -0.0000 -0.4948
14.9385 89 110 89 110 100.0000 -0.0000 -0.3915
14.9397 92 107 92 107 100.0000 -0.0000 -0.3295
14.9410 90 109 90 109 100.0000 -0.0000 -0.2466
14.9423 89 110 89 110 100.0000 -0.0000 -0.1482
14.9436 92 107 92 107 100.0000 -0.0000 -0.0948
14.9448 90 109 90 109 100.0000 -0.0000 -0.0552
14.9461 86 113 86 113 100.0000 -0.0000 0.0342
14.9474 90 109 90 109 100.0000 -0.0000 0.0753
14.9487 86 113 86 113 100.0000 -0.0000 0.1682
14.9500 91 108 91 108 100.0000 -0.0000 0.1643
14.9513 95 104 95 104 100.0000 -0.0000 0.1201
14.9526 95 104 95 104 100.0000 -0.0000 0.0699
14.9538 92 107 92 107 100.0000 -0.0000 0.0633
14.9551 94 105 94 105 100.0000 -0.0000 -0.0170
14.9564 85 114 85 114 100.0000 -0.0000 0.0292
14.9577 84 115 84 115 100.0000 -0.0000 0.0806
14.9589 92 107 92 107 100.0000 -0.0000 0.0365
14.9602 88 111 88 111 100.0000 -0.0000 0.0213
14.9615 81 118 81 118 100.0000 -0.0000 0.0979
14.9628 91 108 91 108 100.0000 -0.0000 0.0459
14.9641 92 107 92 107 100.0000 -0.0000 -0.0180
14.9653 94 105 94 105 100.0000 -0.0000 -0.1008
14.9666 84 115 84 115 100.0000 -0.0000 -0.0560
14.9679 87 112 87 112 100.0000 -0.0000 -0.0403
14.9691 90 109 90 109 100.0000 -0.0000 -0.0422
14.9704 94 105 94 105 100.0000 -0.0000 -0.1039
14.9717 98 101 98 101 100.0000 -0.0000 -0.2056
14.9730 90 109 90 109 100.0000 -0.0000 -0.2114
14.9742 83 116 83 116 100.0000 -0.0000 -0.1045
14.9755 92 107 92 107 100.0000 -0.0000 -0.1166
14.9768 84 115 84 115 100.0000 -0.0000 -0.0212
14.9780 80 119 80 119 100.0000 -0.0000 0.1215
14.9793 91 108 91 108 100.0000 -0.0000 0.1491
14.9806 89 110 89 110 100.0000 -0.0000 0.2043
14.9819 92 107 92 107 100.0000 -0.0000 0.2166
14.9832 97 102 97 102 100.0000 -0.0000 0.1643
14.9845 97 102 97 102 100.0000 -0.0000 0.1323
14.9858 86 113 86 113 100.0000 -0.0000 0.2420
14.9870 97 102 97 102 100.0000 -0.0000 0.2062
14.9883 97 102 97 102 100.0000 -0.0000 0.1755
14.9896 93 106 93 106 100.0000 -0.0000 0.1884
14.9909 93 106 93 106 100.0000 -0.0000 0.2026
14.9922 92 107 92 107 100.0000 -0.0000 0.2381
14.9935 91 108 91 108 100.0000 -0.0000 0.2865
14.9947 100 99 100 99 100.0000 -0.0000 0.2171
14.9960 101 98 101 98 100.0000 -0.0000 0.1375
14.9973 96 103 96 103 100.0000 -0.0000 0.1245
14.9986 92 107 92 107 100.0000 -0.0000 0.1584
14.9998 89 110 89 110 100.0000 -0.0000 0.2309
15.0011 92 107 92 107 100.0000 -0.0000 0.2634
15.0024 101 98 101 98 100.0000 -0.0000 0.1754
15.0037 90 109 90 109 100.0000 -0.0000 0.2398
15.0050 86 113 86 113 100.0000 -0.0000 0.3419
15.0063 89 110 89 110 100.0000 -0.0000 0.4070
15.0076 95 104 95 104 100.0000 -0.0000 0.3920
15.0089 90 109 90 109 100.0000 -0.0000 0.4251
15.0102 91 108 91 108 100.0000 -0.0000 0.4503
15.0115 98 101 98 101 100.0000 -0.0000 0.3816
15.0128 92 107 92 107 100.0000 -0.0000 0.3976
15.0141 96 103 96 103 100.0000 -0.0000 0.3415
15.0154 93 106 93 106 100.0000 -0.0000 0.3273
15.0167 87 112 87 112 100.0000 -0.0000 0.3899
15.0180 88 111 88 111 100.0000 -0.0000 0.4429
15.0193 97 102 97 102 100.0000 -0.0000 0.3638
15.0205 99 100 99 100 100.0000 -0.0000 0.2618
15.0218 91 108 91 108 100.0000 -0.0000 0.2641
15.0231 93 106 93 106 100.0000 -0.0000 0.2336
15.0244 88 111 88 111 100.0000 -0.0000 0.2631
15.0256 88 111 88 111 100.0000 -0.0000 0.2972
15.0269 92 107 92 107 100.0000 -0.0000 0.2745
15.0282 95 104 95 104 100.0000 -0.0000 0.2124
15.0294 93 106 93 106 100.0000 -0.0000 0.1708
15.0307 89 110 89 110 100.0000 -0.0000 0.1792
15.0320 91 108 91 108 100.0000 -0.0000 0.1693
15.0332 91 108 91 108 100.0000 -0.0000 0.1542
15.0345 93 106 93 106 100.0000 -0.0000 0.1166
15.0358 83 116 83 116 100.0000 -0.0000 0.2051
15.0371 83 116 83 116 100.0000 -0.0000 0.2958
15.0383 88 111 88 111 100.0000 -0.0000 0.3281
15.0396 89 110 89 110 100.0000 -0.0000 0.3419
15.0409 95 104 95 104 100.0000 -0.0000 0.2858
15.0421 83 116 83 116 100.0000 -0.0000 0.3723
15.0434 93 106 93 106 100.0000 -0.0000 0.3429
15.0446 90 109 90 109 100.0000 -0.0000 0.3494
15.0459 98 101 98 101 100.0000 -0.0000 0.2465
15.0472 95 104 95 104 100.0000 -0.0000 0.1889
15.0484 95 104 95 104 100.0000 -0.0000 0.1294
15.0497 93 106 93 106 100.0000 -0.0000 0.0898
15.0509 84 115 84 115 100.0000 -0.0000 0.1693
15.0522 92 107 92 107 100.0000 -0.0000 0.1438
15.0534 89 110 89 110 100.0000 -0.0000 0.1629
15.0547 90 109 90 109 100.0000 -0.0000 0.1686
15.0560 95 104 95 104 100.0000 -0.0000 0.1153
15.0573 81 118 81 118 100.0000 -0.0000 0.2357
15.0585 100 99 100 99 100.0000 -0.0000 0.1210
15.0598 96 103 96 103 100.0000 -0.0000 0.0560
15.0611 92 107 92 107 100.0000 -0.0000 0.0380
15.0624 89 110 89 110 100.0000 -0.0000 0.0616
15.0637 99 100 99 100 100.0000 -0.0000 -0.0331
15.0650 90 109 90 109 100.0000 -0.0000 -0.0193
15.0663 86 113 86 113 100.0000 -0.0000 0.0534
15.0675 93 106 93 106 100.0000 -0.0000 0.0298
15.0688 88 111 88 111 100.0000 -0.0000 0.0800
15.0701 85 114 85 114 100.0000 -0.0000 0.1612
15.0714 87 112 87 112 100.0000 -0.0000 0.2173
15.0726 93 106 93 106 100.0000 -0.0000 0.1953
15.0739 99 100 99 100 100.0000 -0.0000 0.1148
15.0752 89 110 89 110 100.0000 -0.0000 0.1660
15.0765 93 106 93 106 100.0000 -0.0000 0.1612
15.0778 92 107 92 107 100.0000 -0.0000 0.1783
15.0790 93 106 93 106 100.0000 -0.0000 0.1793
15.0803 93 106 93 106 100.0000 -0.0000 0.1840
15.0816 94 105 94 105 100.0000 -0.0000 0.1691
15.0829 97 102 97 102 100.0000 -0.0000 0.1193
15.0842 90 109 90 109 100.0000 -0.0000 0.1779
15.0855 86 113 86 113 100.0000 -0.0000 0.2795
15.0867 93 106 93 106 100.0000 -0.0000 0.2915
15.0880 90 109 90 109 100.0000 -0.0000 0.3391
15.0893 87 112 87 112 100.0000 -0.0000 0.4356
15.0906 84 115 84 115 100.0000 -0.0000 0.5657
15.0918 91 108 91 108 100.0000 -0.0000 0.6097
15.0931 82 117 82 117 100.0000 -0.0000 0.7577
15.0944 90 109 90 109 100.0000 -0.0000 0.8118
15.0956 100 99 100 99 100.0000 -0.0000 0.7360
15.0969 84 115 84 115 100.0000 -0.0000 0.8585
15.0982 94 105 94 105 100.0000 -0.0000 0.8555
15.0994 93 106 93 106 100.0000 -0.0000 0.8695
15.1007 95 104 95 104 100.0000 -0.0000 0.8560
15.1020 95 104 95 104 100.0000 -0.0000 0.8444
15.1032 96 103 96 103 100.0000 -0.0000 0.8366
15.1045 92 107 92 107 100.0000 -0.0000 0.8692
15.1058 92 107 92 107 100.0000 -0.0000 0.9049
15.1070 92 107 92 107 100.0000 -0.0000 0.9444
15.1083 86 113 86 113 100.0000 -0.0000 1.0681
15.1096 89 110 89 110 100.0000 -0.0000 1.1467
15.1108 91 108 91 108 100.0000 -0.0000 1.2082
15.1121 87 112 87 112 100.0000 -0.0000 1.3148
15.1134 91 108 91 108 100.0000 -0.0000 1.3947
15.1146 83 116 83 116 100.0000 -0.0000 1.5714
15.1159 87 112 87 112 100.0000 -0.0000 1.7020
15.1171 92 107 92 107 100.0000 -0.0000 1.7696
15.1184 88 111 88 111 100.0000 -0.0000 1.8861
15.1197 93 106 93 106 100.0000 -0.0000 1.9435
15.1209 95 104 95 104 100.0000 -0.0000 1.9695
15.1222 86 113 86 113 100.0000 -0.0000 2.1048
15.1235 84 115 84 115 100.0000 -0.0000 2.2792
15.1248 87 112 87 112 100.0000 -0.0000 2.4135
15.1260 97 102 97 102 100.0000 -0.0000 2.4225
15.1273 89 110 89 110 100.0000 -0.0000 2.5255
15.1285 100 99 100 99 100.0000 -0.0000 2.4693
15.1298 89 110 89 110 100.0000 -0.0000 2.5493
15.1311 95 104 95 104 100.0000 -0.0000 2.5527
15.1323 93 106 93 106 100.0000 -0.0000 2.5785
15.1336 95 104 95 104 100.0000 -0.0000 2.5579
15.1349 89 110 89 110 100.0000 -0.0000 2.6127
15.1362 95 104 95 104 100.0000 -0.0000 2.5867
15.1375 100 99 100 99 100.0000 -0.0000 2.5007
15.1388 94 105 94 105 100.0000 -0.0000 2.4531
15.1401 95 104 95 104 100.0000 -0.0000 2.3911
15.1413 95 104 95 104 100.0000 -0.0000 2.3327
15.1426 97 102 97 102 100.0000 -0.0000 2.2476
15.1439 87 112 87 112 100.0000 -0.0000 2.2519
15.1451 91 108 91 108 100.0000 -0.0000 2.2164
15.1464 93 106 93 106 100.0000 -0.0000 2.1542
15.1477 94 105 94 105 100.0000 -0.0000 2.0512
15.1489 91 108 91 108 100.0000 -0.0000 1.9857
15.1502 86 113 86 113 100.0000 -0.0000 1.9810
15.1514 86 113 86 113 100.0000 -0.0000 1.9824
15.1527 90 109 90 109 100.0000 -0.0000 1.9177
15.1540 94 105 94 105 100.0000 -0.0000 1.8012
15.1552 98 101 98 101 100.0000 -0.0000 1.6376
15.1565 95 104 95 104 100.0000 -0.0000 1.5181
15.1578 90 109 90 109 100.0000 -0.0000 1.4560
15.1590 84 115 84 115 100.0000 -0.0000 1.4763
15.1603 94 105 94 105 100.0000 -0.0000 1.3613
15.1616 94 105 94 105 100.0000 -0.0000 1.2560
15.1628 103 96 103 96 100.0000 -0.0000 1.0293
15.1641 99 100 99 100 100.0000 -0.0000 0.8600
15.1653 90 109 90 109 100.0000 -0.0000 0.8031
15.1666 92 107 92 107 100.0000 -0.0000 0.7201
15.1679 90 109 90 109 100.0000 -0.0000 0.6717
15.1691 90 109 90 109 100.0000 -0.0000 0.6241
15.1704 96 103 96 103 100.0000 -0.0000 0.5002
15.1717 94 105 94 105 100.0000 -0.0000 0.4018
15.1730 90 109 90 109 100.0000 -0.0000 0.3656
15.1742 93 106 93 106 100.0000 -0.0000 0.2927
15.1755 91 108 91 108 100.0000 -0.0000 0.2362
15.1767 93 106 93 106 100.0000 -0.0000 0.1556
15.1780 92 107 92 107 100.0000 -0.0000 0.1072
15.1792 85 114 85 114 100.0000 -0.0000 0.1467
15.1804 100 99 100 99 100.0000 -0.0000 0.0009
15.1817 96 103 96 103 100.0000 -0.0000 -0.1028
15.1829 87 112 87 112 100.0000 -0.0000 -0.0801
15.1841 90 109 90 109 100.0000 -0.0000 -0.0881
15.1854 92 107 92 107 100.0000 -0.0000 -0.1240
15.1866 94 105 94 105 100.0000 -0.0000 -0.1762
15.1878 90 109 90 109 100.0000 -0.0000 -0.1679
15.1891 87 112 87 112 100.0000 -0.0000 -0.1191
15.1903 89 110 89 110 100.0000 -0.0000 -0.0966
15.1916 82 117 82 117 100.0000 -0.0000 0.0100
15.1929 91 108 91 108 100.0000 -0.0000 0.0098
15.1941 84 115 84 115 100.0000 -0.0000 0.0963
15.1954 88 111 88 111 100.0000 -0.0000 0.1418
15.1967 98 101 98 101 100.0000 -0.0000 0.0591
15.1979 90 109 90 109 100.0000 -0.0000 0.0700
15.1993 92 107 92 107 100.0000 -0.0000 0.0592
15.2006 86 113 86 113 100.0000 -0.0000 0.1326
15.2018 94 105 94 105 100.0000 -0.0000 0.0966
15.2031 84 115 84 115 100.0000 -0.0000 0.1815
15.2044 90 109 90 109 100.0000 -0.0000 0.1941
15.2057 86 113 86 113 100.0000 -0.0000 0.2618
15.2070 88 111 88 111 100.0000 -0.0000 0.2965
15.2083 97 102 97 102 100.0000 -0.0000 0.2137
15.2095 94 105 94 105 100.0000 -0.0000 0.1670
15.2108 97 102 97 102 100.0000 -0.0000 0.0787
15.2121 92 107 92 107 100.0000 -0.0000 0.0521
15.2134 99 100 99 100 100.0000 -0.0000 -0.0638
15.2146 97 102 97 102 100.0000 -0.0000 -0.1536
15.2159 91 108 91 108 100.0000 -0.0000 -0.1697
15.2172 90 109 90 109 100.0000 -0.0000 -0.1761
15.2184 89 110 89 110 100.0000 -0.0000 -0.1679
15.2197 90 109 90 109 100.0000 -0.0000 -0.1667
15.2210 79 120 79 120 100.0000 -0.0000 -0.0385
15.2223 92 107 92 107 100.0000 -0.0000 -0.0710
15.2235 89 110 89 110 100.0000 -0.0000 -0.0763
15.2248 90 109 90 109 100.0000 -0.0000 -0.0884
15.2261 89 110 89 110 100.0000 -0.0000 -0.0888
15.2273 84 115 84 115 100.0000 -0.0000 -0.0184
15.2286 89 110 89 110 100.0000 -0.0000 -0.0125
15.2298 94 105 94 105 100.0000 -0.0000 -0.0757
15.2311 90 109 90 109 100.0000 -0.0000 -0.0843
15.2324 96 103 96 103 100.0000 -0.0000 -0.1686
15.2336 90 109 90 109 100.0000 -0.0000 -0.1821
15.2349 88 111 88 111 100.0000 -0.0000 -0.1616
15.2361 93 106 93 106 100.0000 -0.0000 -0.2039
15.2374 85 114 85 114 100.0000 -0.0000 -0.1441
15.2387 84 115 84 115 100.0000 -0.0000 -0.0737
15.2400 86 113 86 113 100.0000 -0.0000 -0.0258
15.2413 100 99 100 99 100.0000 -0.0000 -0.1482
15.2426 92 107 92 107 100.0000 -0.0000 -0.1770
15.2438 88 111 88 111 100.0000 -0.0000 -0.1507
15.2451 93 106 93 106 100.0000 -0.0000 -0.1831
15.2464 92 107 92 107 100.0000 -0.0000 -0.2080
15.2477 103 96 103 96 100.0000 -0.0000 -0.3775
15.2490 91 108 91 108 100.0000 -0.0000 -0.3886
15.2502 96 103 96 103 100.0000 -0.0000 -0.4584
15.2515 86 113 86 113 100.0000 -0.0000 -0.4102
15.2528 94 105 94 105 100.0000 -0.0000 -0.4621
15.2540 94 105 94 105 100.0000 -0.0000 -0.5164
15.2553 87 112 87 112 100.0000 -0.0000 -0.4731
15.2565 85 114 85 114 100.0000 -0.0000 -0.4158
15.2578 82 117 82 117 100.0000 -0.0000 -0.3186
15.2591 91 108 91 108 100.0000 -0.0000 -0.3339
15.2604 85 114 85 114 100.0000 -0.0000 -0.2757
15.2617 89 110 89 110 100.0000 -0.0000 -0.2652
15.2629 92 107 92 107 100.0000 -0.0000 -0.2946
15.2642 84 115 84 115 100.0000 -0.0000 -0.2162
15.2655 86 113 86 113 100.0000 -0.0000 -0.1690
15.2668 93 106 93 106 100.0000 -0.0000 -0.2044
15.2680 97 102 97 102 100.0000 -0.0000 -0.2908
15.2693 93 106 93 106 100.0000 -0.0000 -0.3292
15.2706 93 106 93 106 100.0000 -0.0000 -0.3612
15.2719 88 111 88 111 100.0000 -0.0000 -0.3215
15.2731 91 108 91 108 100.0000 -0.0000 -0.3211
15.2744 87 112 87 112 100.0000 -0.0000 -0.2704
15.2757 89 110 89 110 100.0000 -0.0000 -0.2484
15.2770 97 102 97 102 100.0000 -0.0000 -0.3120
15.2783 84 115 84 115 100.0000 -0.0000 -0.2161
15.2795 85 114 85 114 100.0000 -0.0000 -0.1306
15.2808 80 119 80 119 100.0000 -0.0000 0.0086
15.2820 92 107 92 107 100.0000 -0.0000 0.0004
15.2832 94 105 94 105 100.0000 -0.0000 -0.0238
15.2845 94 105 94 105 100.0000 -0.0000 -0.0564
15.2858 93 106 93 106 100.0000 -0.0000 -0.0665
15.2870 88 111 88 111 100.0000 -0.0000 -0.0204
15.2883 95 104 95 104 100.0000 -0.0000 -0.0595
15.2896 93 106 93 106 100.0000 -0.0000 -0.0811
15.2909 85 114 85 114 100.0000 -0.0000 0.0032
15.2922 90 109 90 109 100.0000 -0.0000 0.0178
15.2935 95 104 95 104 100.0000 -0.0000 -0.0207
15.2948 91 108 91 108 100.0000 -0.0000 -0.0163
15.2961 87 112 87 112 100.0000 -0.0000 0.0400
15.2973 97 102 97 102 100.0000 -0.0000 -0.0278
15.2986 96 103 96 103 100.0000 -0.0000 -0.0843
15.2999 97 102 97 102 100.0000 -0.0000 -0.1477
15.3011 89 110 89 110 100.0000 -0.0000 -0.1170
15.3024 92 107 92 107 100.0000 -0.0000 -0.1107
15.3037 97 102 97 102 100.0000 -0.0000 -0.1779
15.3050 95 104 95 104 100.0000 -0.0000 -0.2137
15.3063 94 105 94 105 100.0000 -0.0000 -0.2345
15.3075 93 106 93 106 100.0000 -0.0000 -0.2379
15.3088 89 110 89 110 100.0000 -0.0000 -0.2009
15.3101 84 115 84 115 100.0000 -0.0000 -0.0959
15.3114 89 110 89 110 100.0000 -0.0000 -0.0509
15.3126 103 96 103 96 100.0000 -0.0000 -0.1787
15.3139 92 107 92 107 100.0000 -0.0000 -0.1634
15.3151 91 108 91 108 100.0000 -0.0000 -0.1445
15.3164 91 108 91 108 100.0000 -0.0000 -0.1289
15.3177 91 108 91 108 100.0000 -0.0000 -0.1043
15.3190 87 112 87 112 100.0000 -0.0000 -0.0363
15.3203 92 107 92 107 100.0000 -0.0000 -0.0252
15.3215 89 110 89 110 100.0000 -0.0000 0.0259
15.3228 84 115 84 115 100.0000 -0.0000 0.1269
15.3240 90 109 90 109 100.0000 -0.0000 0.1554
15.3253 87 112 87 112 100.0000 -0.0000 0.2254
15.3265 85 114 85 114 100.0000 -0.0000 0.3179
15.3278 90 109 90 109 100.0000 -0.0000 0.3404
15.3291 96 103 96 103 100.0000 -0.0000 0.2925
15.3304 88 111 88 111 100.0000 -0.0000 0.3413
15.3316 92 107 92 107 100.0000 -0.0000 0.3468
15.3329 95 104 95 104 100.0000 -0.0000 0.3125
15.3342 88 111 88 111 100.0000 -0.0000 0.3630
15.3354 91 108 91 108 100.0000 -0.0000 0.3749
15.3367 80 119 80 119 100.0000 -0.0000 0.5248
15.3379 86 113 86 113 100.0000 -0.0000 0.5986
15.3392 93 106 93 106 100.0000 -0.0000 0.5839
15.3405 92 107 92 107 100.0000 -0.0000 0.5807
15.3417 98 101 98 101 100.0000 -0.0000 0.5026
15.3430 87 112 87 112 100.0000 -0.0000 0.5646
15.3443 93 106 93 106 100.0000 -0.0000 0.5590
15.3456 94 105 94 105 100.0000 -0.0000 0.5407
15.3469 94 105 94 105 100.0000 -0.0000 0.5176
15.3481 95 104 95 104 100.0000 -0.0000 0.4829
15.3494 88 111 88 111 100.0000 -0.0000 0.5424
15.3507 90 109 90 109 100.0000 -0.0000 0.5744
15.3519 90 109 90 109 100.0000 -0.0000 0.5969
15.3532 90 109 90 109 100.0000 -0.0000 0.6182
15.3545 97 102 97 102 100.0000 -0.0000 0.5558
15.3558 92 107 92 107 100.0000 -0.0000 0.5573
15.3570 88 111 88 111 100.0000 -0.0000 0.6095
15.3583 97 102 97 102 100.0000 -0.0000 0.5439
15.3596 94 105 94 105 100.0000 -0.0000 0.5158
15.3609 89 110 89 110 100.0000 -0.0000 0.5453
15.3621 90 109 90 109 100.0000 -0.0000 0.5582
15.3634 93 106 93 106 100.0000 -0.0000 0.5433
15.3647 88 111 88 111 100.0000 -0.0000 0.5894
15.3660 86 113 86 113 100.0000 -0.0000 0.6526
15.3673 95 104 95 104 100.0000 -0.0000 0.5980
15.3686 94 105 94 105 100.0000 -0.0000 0.5667
15.3698 95 104 95 104 100.0000 -0.0000 0.5241
15.3711 90 109 90 109 100.0000 -0.0000 0.5376
15.3724 93 106 93 106 100.0000 -0.0000 0.5174
15.3737 89 110 89 110 100.0000 -0.0000 0.5463
15.3750 93 106 93 106 100.0000 -0.0000 0.5240
15.3762 95 104 95 104 100.0000 -0.0000 0.4673
15.3775 91 108 91 108 100.0000 -0.0000 0.4623
15.3788 90 109 90 109 100.0000 1.5625 0.4527
15.3801 96 103 96 103 100.0000 1.5625 0.3623
15.3814 95 104 95 104 100.0000 1.5625 0.2865
15.3826 90 109 90 109 100.0000 1.5625 0.2692
15.3840 88 111 88 111 100.0000 1.5625 0.2723
15.3852 83 116 83 116 100.0000 1.5625 0.3447
15.3865 89 110 89 110 100.0000 1.5625 0.3437
15.3878 94 105 94 105 100.0000 1.5625 0.2690
15.3891 93 106 93 106 100.0000 1.5625 0.2134
15.3904 92 107 92 107 100.0000 1.5625 0.1718
15.3917 82 117 82 117 100.0000 1.5625 0.2592
15.3930 84 115 84 115 100.0000 1.5625 0.3261
15.3943 87 112 87 112 100.0000 1.5625 0.3451
15.3955 90 109 90 109 100.0000 1.5625 0.3347
15.3968 92 107 92 107 100.0000 1.5625 0.3004
15.3981 93 106 93 106 100.0000 1.5625 0.2571
15.3993 95 104 95 104 100.0000 1.5625 0.1788
15.4006 89 110 89 110 100.0000 1.5625 0.1983
15.4019 91 108 91 108 100.0000 1.5625 0.1869
15.4032 92 107 92 107 100.0000 1.5625 0.1594
15.4045 94 105 94 105 100.0000 1.5625 0.1125
15.4058 90 109 90 109 100.0000 1.5625 0.1129
15.4070 92 107 92 107 100.0000 1.5625 0.0913
15.4083 88 111 88 111 100.0000 1.5625 0.1168
15.4096 92 107 92 107 100.0000 1.5625 0.0964
15.4108 100 99 100 99 100.0000 1.5625 -0.0236
15.4121 82 117 82 117 100.0000 1.5625 0.0870
15.4134 84 115 84 115 100.0000 1.5625 0.1647
15.4147 92 107 92 107 100.0000 1.5625 0.1403
15.4160 91 108 91 108 100.0000 1.5625 0.1253
15.4173 94 105 94 105 100.0000 1.5625 0.0722
15.4185 91 108 91 108 100.0000 1.5625 0.0579
15.4198 85 114 85 114 100.0000 1.5625 0.1158
15.4211 90 109 90 109 100.0000 1.5625 0.1123
15.4223 88 111 88 111 100.0000 1.5625 0.1368
15.4236 102 97 102 97 100.0000 1.5625 -0.0209
15.4249 94 105 94 105 100.0000 1.5625 -0.0790
15.4262 94 105 94 105 100.0000 1.5625 -0.1280
15.4275 86 113 86 113 100.0000 1.5625 -0.0803
15.4287 83 116 83 116 100.0000 1.5625 0.0062
15.4300 88 111 88 111 100.0000 1.5625 0.0266
15.4313 87 112 87 112 100.0000 1.5625 0.0504
15.4326 91 108 91 108 100.0000 1.5625 0.0230
15.4339 90 109 90 109 100.0000 1.5625 0.0184
15.4351 90 109 90 109 100.0000 1.5625 0.0055
15.4364 85 114 85 114 100.0000 1.5625 0.0647
15.4376 96 103 96 103 100.0000 1.5625 -0.0159
15.4389 87 112 87 112 100.0000 1.5625 0.0102
15.4402 89 110 89 110 100.0000 1.5625 0.0160
15.4414 93 106 93 106 100.0000 1.5625 -0.0346
15.4427 100 99 100 99 100.0000 1.5625 -0.1777
15.4440 89 110 89 110 100.0000 2.3438 -0.1899
15.4452 88 111 88 111 100.0000 2.3438 -0.1820
15.4464 88 111 88 111 100.0000 2.3438 -0.1706
15.4477 85 114 85 114 100.0000 2.3438 -0.1267
15.4490 95 104 95 104 100.0000 2.3438 -0.2098
15.4503 85 114 85 114 100.0000 2.3438 -0.1514
15.4516 93 106 93 106 100.0000 2.3438 -0.1977
15.4529 83 116 83 116 100.0000 2.3438 -0.1089
15.4542 91 108 91 108 100.0000 2.3438 -0.1281
15.4554 92 107 92 107 100.0000 2.3438 -0.1555
15.4567 89 110 89 110 100.0000 2.3438 -0.1422
15.4580 87 112 87 112 100.0000 2.3438 -0.1033
15.4593 84 115 84 115 100.0000 2.3438 -0.0331
15.4605 86 113 86 113 100.0000 2.3438 0.0133
15.4618 90 109 90 109 100.0000 2.3438 0.0048
15.4631 89 110 89 110 100.0000 2.3438 0.0154
15.4643 92 107 92 107 100.0000 2.3438 -0.0202
15.4656 87 112 87 112 100.0000 2.3438 0.0065
15.4669 91 108 91 108 100.0000 2.3438 -0.0225
15.4681 94 105 94 105 100.0000 2.3438 -0.0825
15.4694 92 107 92 107 100.0000 2.3438 -0.1243
15.4707 84 115 84 115 100.0000 2.3438 -0.0710
15.4719 82 117 82 117 100.0000 2.3438 0.0023
15.4732 92 107 92 107 100.0000 2.3438 -0.0519
15.4745 88 111 88 111 100.0000 2.3438 -0.0440
15.4757 93 106 93 106 100.0000 2.3438 -0.1081
15.4770 87 112 87 112 100.0000 2.3438 -0.0995
15.4783 87 112 87 112 100.0000 2.3438 -0.0820
15.4795 92 107 92 107 100.0000 2.3438 -0.1388
15.4808 91 108 91 108 100.0000 2.3438 -0.1696
15.4821 89 110 89 110 100.0000 2.3438 -0.1764
15.4833 82 117 82 117 100.0000 2.3438 -0.1001
15.4846 84 115 84 115 100.0000 2.3438 -0.0503
15.4858 88 111 88 111 100.0000 2.3438 -0.0417
15.4871 99 100 99 100 100.0000 2.3438 -0.1682
15.4884 92 107 92 107 100.0000 2.3438 -0.2063
15.4896 83 116 83 116 100.0000 2.3438 -0.1345
15.4909 84 115 84 115 100.0000 2.3438 -0.0570
15.4922 87 112 87 112 100.0000 2.3438 -0.0225
15.4934 92 107 92 107 100.0000 2.3438 -0.0517
15.4947 91 108 91 108 100.0000 2.3438 -0.0635
15.4960 89 110 89 110 100.0000 2.3438 -0.0437
15.4973 90 109 90 109 100.0000 2.3438 -0.0372
15.4985 91 108 91 108 100.0000 2.3438 -0.0418
15.4999 92 107 92 107 100.0000 2.3438 -0.0567
15.5012 96 103 96 103 100.0000 2.3438 -0.1285
15.5024 88 111 88 111 100.0000 2.3438 -0.0967
15.5037 87 112 87 112 100.0000 2.3438 -0.0486
15.5050 92 107 92 107 100.0000 2.3438 -0.0668
15.5063 89 110 89 110 100.0000 2.3438 -0.0423
15.5076 97 102 97 102 100.0000 2.3438 -0.1197
15.5088 92 107 92 107 100.0000 2.3438 -0.1373
15.5101 89 110 89 110 100.0000 2.3438 -0.1091
15.5114 87 112 87 112 100.0000 2.3438 -0.0668
15.5127 94 105 94 105 100.0000 2.3438 -0.1125
15.5140 89 110 89 110 100.0000 2.3438 -0.0917
15.5153 91 108 91 108 100.0000 2.3438 -0.1056
15.5165 93 106 93 106 100.0000 2.3438 -0.1402
15.5178 90 109 90 109 100.0000 2.3438 -0.1353
15.5191 82 117 82 117 100.0000 2.3438 -0.0359
15.5204 78 121 78 121 100.0000 2.3438 0.1095
15.5216 94 105 94 105 100.0000 2.3438 0.0534
15.5229 95 104 95 104 100.0000 2.3438 -0.0126
15.5242 90 109 90 109 100.0000 2.3438 -0.0149
15.5255 91 108 91 108 100.0000 2.3438 -0.0341
15.5268 93 106 93 106 100.0000 2.3438 -0.0745
15.5280 92 107 92 107 100.0000 2.3438 -0.0989
15.5293 96 103 96 103 100.0000 2.3438 -0.1796
15.5306 91 108 91 108 100.0000 2.3438 -0.1884
15.5319 94 105 94 105 100.0000 2.3438 -0.2336
15.5332 88 111 88 111 100.0000 2.3438 -0.2052
15.5344 92 107 92 107 100.0000 2.3438 -0.2300
15.5357 82 117 82 117 100.0000 2.3438 -0.1237
15.5370 86 113 86 113 100.0000 2.3438 -0.0733
15.5383 92 107 92 107 100.0000 2.3438 -0.0912
15.5395 84 115 84 115 100.0000 2.3438 -0.0165
15.5408 85 114 85 114 100.0000 2.3438 0.0504
15.5421 85 114 85 114 100.0000 2.3438 0.1116
15.5433 91 108 91 108 100.0000 2.3438 0.0976
15.5446 87 112 87 112 100.0000 2.3438 0.1323
15.5458 90 109 90 109 100.0000 2.3438 0.1386
15.5471 95 104 95 104 100.0000 2.3438 0.0797
15.5484 87 112 87 112 100.0000 2.3438 0.1210
15.5497 92 107 92 107 100.0000 2.3438 0.0970
15.5510 85 114 85 114 100.0000 2.3438 0.1621
15.5523 82 117 82 117 100.0000 2.3438 0.2658
15.5536 90 109 90 109 100.0000 2.3438 0.2609
15.5549 83 116 83 116 100.0000 3.1250 0.3342
15.5562 89 110 89 110 100.0000 3.1250 0.3248
15.5575 80 119 80 119 100.0000 3.1250 0.4376
15.5588 95 104 95 104 100.0000 3.1250 0.3541
15.5601 83 116 83 116 100.0000 3.1250 0.4189
15.5614 88 111 88 111 100.0000 3.1250 0.4276
15.5627 93 106 93 106 100.0000 3.1250 0.3706
15.5639 93 106 93 106 100.0000 3.1250 0.3107
15.5652 91 108 91 108 100.0000 3.1250 0.2683
15.5665 90 109 90 109 100.0000 3.1250 0.2374
15.5678 96 103 96 103 100.0000 3.1250 0.1355
15.5690 89 110 89 110 100.0000 3.1250 0.1248
15.5703 89 110 89 110 100.0000 3.1250 0.1102
15.5716 89 110 89 110 100.0000 3.1250 0.0943
15.5729 91 108 91 108 100.0000 3.1250 0.0586
15.5742 88 111 88 111 100.0000 3.1250 0.0607
15.5755 78 121 78 121 100.0000 3.1250 0.1846
15.5767 84 115 84 115 100.0000 3.1250 0.2342
15.5780 84 115 84 115 100.0000 3.1250 0.2810
15.5793 91 108 91 108 100.0000 3.1250 0.2496
15.5806 92 107 92 107 100.0000 3.1250 0.2090
15.5819 92 107 92 107 100.0000 3.1250 0.1680
15.5831 91 108 91 108 100.0000 3.1250 0.1389
15.5844 87 112 87 112 100.0000 3.1250 0.1637
15.5857 86 113 86 113 100.0000 3.1250 0.2051
15.5869 88 111 88 111 100.0000 3.1250 0.2179
15.5882 81 118 81 118 100.0000 3.1250 0.3210
15.5895 82 117 82 117 100.0000 3.1250 0.4057
15.5908 93 106 93 106 100.0000 3.1250 0.3464
15.5921 85 114 85 114 100.0000 3.1250 0.3941
15.5933 79 120 79 120 100.0000 3.1250 0.5179
15.5946 92 107 92 107 100.0000 3.1250 0.4860
15.5959 85 114 85 114 100.0000 3.1250 0.5318
15.5972 93 106 93 106 100.0000 3.1250 0.4829
15.5985 86 113 86 113 100.0000 3.1250 0.5180
15.5997 91 108 91 108 100.0000 3.1250 0.4960
15.6010 83 116 83 116 100.0000 3.1250 0.5764
15.6023 97 102 97 102 100.0000 3.1250 0.4743
15.6035 87 112 87 112 100.0000 3.1250 0.4941
15.6048 86 113 86 113 100.0000 3.1250 0.5312
15.6061 81 118 81 118 100.0000 3.1250 0.6273
15.6074 91 108 91 108 100.0000 3.1250 0.6057
15.6087 89 110 89 110 100.0000 3.1250 0.6014
15.6099 97 102 97 102 100.0000 3.1250 0.4968
15.6112 92 107 92 107 100.0000 2.3438 0.4655
15.6125 87 112 87 112 100.0000 2.3438 0.4994
15.6138 90 109 90 109 100.0000 2.3438 0.4772
15.6151 93 106 93 106 100.0000 2.3438 0.4187
15.6164 94 105 94 105 100.0000 2.3438 0.3553
15.6177 93 106 93 106 100.0000 2.3438 0.3045
15.6190 90 109 90 109 100.0000 2.3438 0.2806
15.6202 86 113 86 113 100.0000 2.3438 0.3025
15.6215 86 113 86 113 100.0000 2.3438 0.3222
15.6228 89 110 89 110 100.0000 2.3438 0.3101
15.6240 85 114 85 114 100.0000 2.3438 0.3423
15.6253 86 113 86 113 100.0000 2.3438 0.3658
15.6266 94 105 94 105 100.0000 2.3438 0.2843
15.6279 96 103 96 103 100.0000 2.3438 0.1844
15.6292 98 101 98 101 100.0000 2.3438 0.0589
15.6304 87 112 87 112 100.0000 2.3438 0.0736
15.6317 89 110 89 110 100.0000 2.3438 0.0612
15.6330 89 110 89 110 100.0000 2.3438 0.0460
15.6343 87 112 87 112 100.0000 2.3438 0.0643
15.6356 88 111 88 111 100.0000 2.3438 0.0660
15.6369 91 108 91 108 100.0000 2.3438 0.0353
15.6381 87 112 87 112 100.0000 2.3438 0.0525
15.6394 94 105 94 105 100.0000 2.3438 -0.0091
15.6407 92 107 92 107 100.0000 2.3438 -0.0421
15.6420 98 101 98 101 100.0000 2.3438 -0.1506
15.6432 85 114 85 114 100.0000 2.3438 -0.0982
15.6445 91 108 91 108 100.0000 2.3438 -0.1168
15.6458 95 104 95 104 100.0000 2.3438 -0.1834
15.6470 90 109 90 109 100.0000 2.3438 -0.1805
15.6483 90 109 90 109 100.0000 2.3438 -0.1785
15.6496 96 103 96 103 100.0000 2.3438 -0.2522
15.6508 99 100 99 100 100.0000 2.3438 -0.3619
15.6521 84 115 84 115 100.0000 2.3438 -0.2829
15.6534 92 107 92 107 100.0000 2.3438 -0.3098
15.6546 89 110 89 110 100.0000 2.3438 -0.2921
15.6559 92 107 92 107 100.0000 2.3438 -0.3171
15.6571 88 111 88 111 100.0000 2.3438 -0.2918
15.6584 91 108 91 108 100.0000 2.3438 -0.3060
15.6597 85 114 85 114 100.0000 2.3438 -0.2557
15.6610 93 106 93 106 100.0000 2.3438 -0.3048
15.6622 85 114 85 114 100.0000 2.3438 -0.2505
15.6635 88 111 88 111 100.0000 2.3438 -0.2336
15.6648 88 111 88 111 100.0000 2.3438 -0.2110
15.6660 90 109 90 109 100.0000 2.3438 -0.2208
15.6673 94 105 94 105 100.0000 2.3438 -0.2716
15.6686 84 115 84 115 100.0000 2.3438 -0.2004
15.6698 83 116 83 116 100.0000 2.3438 -0.1216
15.6711 92 107 92 107 100.0000 2.3438 -0.1556
15.6724 93 106 93 106 100.0000 2.3438 -0.2014
15.6736 97 102 97 102 100.0000 2.3438 -0.2908
15.6749 93 106 93 106 100.0000 2.3438 -0.3361
15.6762 95 104 95 104 100.0000 2.3438 -0.3989
15.6774 83 116 83 116 100.0000 2.3438 -0.3132
15.6787 79 120 79 120 100.0000 2.3438 -0.1723
15.6800 96 103 96 103 100.0000 2.3438 -0.2523
15.6812 93 106 93 106 100.0000 2.3438 -0.2971
15.6825 64 135 64 135 100.0000 27.3438 -0.2847
15.6838 69 130 69 130 100.0000 27.3438 -0.3493
15.6851 64 135 64 135 100.0000 27.3438 -0.3447
15.6864 65 134 65 134 100.0000 27.3438 -0.3524
15.6877 58 141 58 141 100.0000 27.3438 -0.2657
15.6890 68 131 68 131 100.0000 27.3438 -0.3202
15.6903 73 126 73 126 100.0000 27.3438 -0.4405
15.6916 68 131 68 131 100.0000 27.3438 -0.4938
15.6929 55 144 55 144 100.0000 27.3438 -0.3825
15.6941 60 139 60 139 100.0000 27.3438 -0.3407
15.6954 58 141 58 141 100.0000 27.3438 -0.2806
15.6967 53 146 53 146 100.0000 27.3438 -0.1538
15.6980 71 128 71 128 100.0000 27.3438 -0.2559
15.6992 75 124 75 124 100.0000 27.3438 -0.4200
15.7005 66 133 66 133 100.0000 27.3438 -0.4717
15.7018 62 137 62 137 100.0000 27.3438 -0.4621
15.7031 66 133 66 133 100.0000 27.3438 -0.5086
15.7044 63 136 63 136 100.0000 27.3438 -0.5223
15.7056 69 130 69 130 100.0000 27.3438 -0.6090
15.7069 66 133 66 133 100.0000 27.3438 -0.6642
15.7082 68 131 68 131 100.0000 27.3438 -0.7387
15.7094 57 142 57 142 100.0000 27.3438 -0.6729
15.7107 61 138 61 138 100.0000 27.3438 -0.6566
15.7120 59 140 59 140 100.0000 27.3438 -0.6214
15.7133 68 131 68 131 100.0000 27.3438 -0.6900
15.7145 61 138 61 138 100.0000 27.3438 -0.6684
15.7158 54 145 54 145 100.0000 27.3438 -0.5597
15.7171 66 133 66 133 100.0000 27.3438 -0.6039
15.7183 67 132 67 132 100.0000 27.3438 -0.6538
15.7196 57 142 57 142 100.0000 27.3438 -0.5796
15.7209 64 135 64 135 100.0000 27.3438 -0.5949
15.7221 71 128 71 128 100.0000 27.3438 -0.6939
15.7234 68 131 68 131 100.0000 27.3438 -0.7548
15.7247 65 134 65 134 100.0000 27.3438 -0.7657
15.7260 66 133 66 133 100.0000 27.3438 -0.7992
15.7273 64 135 64 135 100.0000 27.3438 -0.8048
15.7285 68 131 68 131 100.0000 27.3438 -0.8466
15.7298 60 139 60 139 100.0000 27.3438 -0.7857
15.7311 61 138 61 138 100.0000 27.3438 -0.7447
15.7323 61 138 61 138 100.0000 27.3438 -0.7045
15.7336 63 136 63 136 100.0000 27.3438 -0.6707
15.7349 65 134 65 134 100.0000 27.3438 -0.6703
15.7362 51 148 51 148 100.0000 27.3438 -0.4901
15.7374 70 129 70 129 100.0000 27.3438 -0.5476
15.7387 84 115 84 115 100.0000 3.9062 -0.4721
15.7399 86 113 86 113 100.0000 3.9062 -0.4269
15.7412 84 115 84 115 100.0000 3.9062 -0.3588
15.7425 83 116 83 116 100.0000 3.9062 -0.2693
15.7437 81 118 81 118 100.0000 3.9062 -0.1631
15.7450 89 110 89 110 100.0000 3.9062 -0.1464
15.7462 86 113 86 113 100.0000 3.9062 -0.1026
15.7476 94 105 94 105 100.0000 3.9062 -0.1593
15.7489 86 113 86 113 100.0000 3.9062 -0.1150
15.7502 88 111 88 111 100.0000 3.9062 -0.0926
15.7515 87 112 87 112 100.0000 3.9062 -0.0537
15.7527 81 118 81 118 100.0000 3.9062 0.0558
15.7540 86 113 86 113 100.0000 3.9062 0.1054
15.7553 86 113 86 113 100.0000 3.9062 0.1457
15.7566 96 103 96 103 100.0000 3.9062 0.0668
15.7578 84 115 84 115 100.0000 3.9062 0.1340
15.7591 89 110 89 110 100.0000 3.9062 0.1333
15.7604 90 109 90 109 100.0000 3.9062 0.1231
15.7616 87 112 87 112 100.0000 3.9062 0.1461
15.7629 84 115 84 115 100.0000 3.9062 0.2017
15.7641 88 111 88 111 100.0000 3.9062 0.2066
15.7654 89 110 89 110 100.0000 3.9062 0.2015
15.7666 79 120 79 120 100.0000 3.9062 0.3156
15.7678 85 114 85 114 100.0000 3.9062 0.3531
15.7691 83 116 83 116 100.0000 3.9062 0.4238
15.7704 90 109 90 109 100.0000 3.9062 0.4003
15.7716 89 110 89 110 100.0000 3.9062 0.3891
15.7729 93 106 93 106 100.0000 3.9062 0.3259
15.7741 91 108 91 108 100.0000 3.9062 0.2942
15.7754 83 116 83 116 100.0000 3.9062 0.3570
15.7767 83 116 83 116 100.0000 3.9062 0.4217
15.7779 78 121 78 121 100.0000 3.9062 0.5453
15.7792 89 110 89 110 100.0000 3.9062 0.5314
15.7805 81 118 81 118 100.0000 3.9062 0.6225
15.7817 93 106 93 106 100.0000 3.9062 0.5564
15.7830 89 110 89 110 100.0000 3.9062 0.5446
15.7842 77 122 77 122 100.0000 3.9062 0.6834
15.7855 89 110 89 110 100.0000 3.9062 0.6735
15.7868 90 109 90 109 100.0000 3.9062 0.6400
15.7881 91 108 91 108 100.0000 3.9062 0.5952
15.7893 93 106 93 106 100.0000 3.9062 0.5278
15.7906 95 104 95 104 100.0000 3.9062 0.4385
15.7919 87 112 87 112 100.0000 3.9062 0.4484
15.7931 89 110 89 110 100.0000 3.9062 0.4275
15.7944 85 114 85 114 100.0000 3.9062 0.4620
15.7956 89 110 89 110 100.0000 3.9062 0.4476
15.7969 85 114 85 114 100.0000 3.9062 0.4837
15.7981 84 115 84 115 100.0000 3.9062 0.5333
15.7994 87 112 87 112 100.0000 3.9062 0.5361
15.8007 89 110 89 110 100.0000 3.9062 0.5136
15.8021 83 116 83 116 100.0000 4.6875 0.5580
15.8034 97 102 97 102 100.0000 4.6875 0.4267
15.8046 86 113 86 113 100.0000 4.6875 0.4407
15.8059 92 107 92 107 100.0000 4.6875 0.3784
15.8072 83 116 83 116 100.0000 4.6875 0.4308
15.8085 82 117 82 117 100.0000 4.6875 0.4986
15.8097 91 108 91 108 100.0000 4.6875 0.4576
15.8110 89 110 89 110 100.0000 4.6875 0.4430
15.8123 87 112 87 112 100.0000 4.6875 0.4546
15.8136 83 116 83 116 100.0000 4.6875 0.5199
15.8149 87 112 87 112 100.0000 4.6875 0.5276
15.8161 91 108 91 108 100.0000 4.6875 0.4916
15.8174 90 109 90 109 100.0000 4.6875 0.4638
15.8187 89 110 89 110 100.0000 4.6875 0.4394
15.8200 87 112 87 112 100.0000 4.6875 0.4396
15.8212 93 106 93 106 100.0000 4.6875 0.3691
15.8225 84 115 84 115 100.0000 4.6875 0.4106
15.8238 84 115 84 115 100.0000 4.6875 0.4525
15.8251 91 108 91 108 100.0000 4.6875 0.4036
15.8264 82 117 82 117 100.0000 4.6875 0.4792
15.8277 90 109 90 109 100.0000 4.6875 0.4477
15.8290 89 110 89 110 100.0000 4.6875 0.4315
15.8302 79 120 79 120 100.0000 4.6875 0.5367
15.8315 84 115 84 115 100.0000 4.6875 0.5836
15.8328 86 113 86 113 100.0000 4.6875 0.6002
15.8341 92 107 92 107 100.0000 4.6875 0.5408
15.8353 91 108 91 108 100.0000 4.6875 0.4975
15.8367 90 109 90 109 100.0000 4.6875 0.4636
15.8379 90 109 90 109 100.0000 4.6875 0.4346
15.8392 88 111 88 111 100.0000 4.6875 0.4341
15.8405 78 121 78 121 100.0000 4.6875 0.5544
15.8417 91 108 91 108 100.0000 4.6875 0.5106
15.8430 82 117 82 117 100.0000 4.6875 0.5686
15.8443 86 113 86 113 100.0000 4.6875 0.5838
15.8456 90 109 90 109 100.0000 4.6875 0.5489
15.8469 95 104 95 104 100.0000 4.6875 0.4384
15.8481 84 115 84 115 100.0000 4.6875 0.4707
15.8494 85 114 85 114 100.0000 4.6875 0.4838
15.8506 82 117 82 117 100.0000 4.6875 0.5409
15.8519 87 112 87 112 100.0000 4.6875 0.5323
15.8531 87 112 87 112 100.0000 4.6875 0.5165
15.8544 89 110 89 110 100.0000 4.6875 0.4827
15.8557 93 106 93 106 100.0000 4.6875 0.3911
15.8570 91 108 91 108 100.0000 4.6875 0.3157
15.8583 89 110 89 110 100.0000 4.6875 0.2710
15.8595 87 112 87 112 100.0000 4.6875 0.2543
15.8608 81 118 81 118 100.0000 4.6875 0.3148
15.8621 79 120 79 120 100.0000 4.6875 0.3988
15.8634 89 110 89 110 100.0000 4.6875 0.3566
15.8647 86 113 86 113 100.0000 4.6875 0.3558
15.8660 87 112 87 112 100.0000 4.6875 0.3366
15.8672 86 113 86 113 100.0000 4.6875 0.3332
15.8685 87 112 87 112 100.0000 4.6875 0.3145
15.8698 90 109 90 109 100.0000 4.6875 0.2611
15.8711 88 111 88 111 100.0000 4.6875 0.2302
15.8723 88 111 88 111 100.0000 4.6875 0.1993
15.8736 87 112 87 112 100.0000 4.6875 0.1844
15.8749 90 109 90 109 100.0000 4.6875 0.1291
15.8762 90 109 90 109 100.0000 4.6875 0.0765
15.8775 80 119 80 119 100.0000 4.6875 0.1503
15.8787 87 112 87 112 100.0000 4.6875 0.1318
15.8800 76 123 76 123 100.0000 4.6875 0.2531
15.8813 84 115 84 115 100.0000 4.6875 0.2722
15.8825 91 108 91 108 100.0000 4.6875 0.2153
15.8838 92 107 92 107 100.0000 4.6875 0.1381
15.8851 83 116 83 116 100.0000 4.6875 0.1839
15.8863 91 108 91 108 100.0000 4.6875 0.1275
15.8876 91 108 91 108 100.0000 4.6875 0.0692
15.8889 87 112 87 112 100.0000 4.6875 0.0723
15.8902 85 114 85 114 100.0000 4.6875 0.0920
15.8914 92 107 92 107 100.0000 4.6875 0.0379
15.8927 90 109 90 109 100.0000 4.6875 0.0071
15.8940 87 112 87 112 100.0000 4.6875 0.0069
15.8952 83 116 83 116 100.0000 4.6875 0.0625
15.8965 89 110 89 110 100.0000 4.6875 0.0443
15.8977 77 122 77 122 100.0000 4.6875 0.1697
15.8990 95 104 95 104 100.0000 4.6875 0.0763
15.9003 87 112 87 112 100.0000 7.0312 0.0539
15.9016 89 110 89 110 100.0000 7.0312 -0.0055
15.9029 81 118 81 118 100.0000 7.0312 0.0370
15.9041 85 114 85 114 100.0000 7.0312 0.0309
15.9054 84 115 84 115 100.0000 7.0312 0.0380
15.9067 80 119 80 119 100.0000 7.0312 0.0847
15.9080 87 112 87 112 100.0000 7.0312 0.0419
15.9093 82 117 82 117 100.0000 7.0312 0.0659
15.9106 82 117 82 117 100.0000 7.0312 0.0816
15.9118 91 108 91 108 100.0000 7.0312 -0.0163
15.9131 90 109 90 109 100.0000 7.0312 -0.1057
15.9144 84 115 84 115 100.0000 7.0312 -0.1224
15.9157 83 116 83 116 100.0000 7.0312 -0.1235
15.9170 86 113 86 113 100.0000 7.0312 -0.1525
15.9183 86 113 86 113 100.0000 7.0312 -0.1812
15.9196 85 114 85 114 100.0000 7.0312 -0.1992
15.9208 88 111 88 111 100.0000 7.0312 -0.2553
15.9221 86 113 86 113 100.0000 7.0312 -0.2794
15.9234 87 112 87 112 100.0000 7.0312 -0.3069
15.9246 76 123 76 123 100.0000 7.0312 -0.1974
15.9259 82 117 82 117 100.0000 7.0312 -0.1678
15.9272 87 112 87 112 100.0000 7.0312 -0.1932
15.9285 93 106 93 106 100.0000 7.0312 -0.3010
15.9297 84 115 84 115 100.0000 7.0312 -0.2948
15.9310 86 113 86 113 100.0000 7.0312 -0.3148
15.9323 88 111 88 111 100.0000 7.0312 -0.3530
15.9336 92 107 92 107 100.0000 7.0312 -0.4389
15.9348 81 118 81 118 100.0000 7.0312 -0.3908
15.9361 77 122 77 122 100.0000 7.0312 -0.2915
15.9374 83 116 83 116 100.0000 7.0312 -0.2707
15.9387 85 114 85 114 100.0000 7.0312 -0.2771
15.9400 86 113 86 113 100.0000 7.0312 -0.2936
15.9412 85 114 85 114 100.0000 7.0312 -0.3044
15.9425 93 106 93 106 100.0000 7.0312 -0.4115
15.9438 79 120 79 120 100.0000 7.0312 -0.3418
15.9451 83 116 83 116 100.0000 7.0312 -0.3228
15.9463 80 119 80 119 100.0000 7.0312 -0.2750
15.9476 79 120 79 120 100.0000 7.0312 -0.2061
15.9489 88 111 88 111 100.0000 7.0312 -0.2600
15.9501 89 110 89 110 100.0000 7.0312 -0.3231
15.9514 80 119 80 119 100.0000 7.0312 -0.2626
15.9527 84 115 84 115 100.0000 7.0312 -0.2643
15.9540 88 111 88 111 100.0000 7.0312 -0.3153
15.9553 78 121 78 121 100.0000 7.0312 -0.2343
15.9566 78 121 78 121 100.0000 7.0312 -0.1445
15.9578 87 112 87 112 100.0000 7.0312 -0.1733
15.9591 90 109 90 109 100.0000 7.0312 -0.2371
15.9604 83 116 83 116 100.0000 7.0312 -0.2191
15.9616 77 122 77 122 100.0000 7.0312 -0.1128
15.9629 84 115 84 115 100.0000 7.0312 -0.1032
15.9642 82 117 82 117 100.0000 7.0312 -0.0595
15.9655 86 113 86 113 100.0000 7.0312 -0.0768
15.9667 84 115 84 115 100.0000 7.0312 -0.0626
15.9680 84 115 84 115 100.0000 7.0312 -0.0503
15.9693 82 117 82 117 100.0000 7.0312 -0.0131
15.9706 82 117 82 117 100.0000 7.0312 0.0282
15.9718 76 123 76 123 100.0000 7.0312 0.1445
15.9731 80 119 80 119 100.0000 7.0312 0.2064
15.9744 86 113 86 113 100.0000 7.0312 0.1931
15.9756 88 111 88 111 100.0000 7.0312 0.1505
15.9769 85 114 85 114 100.0000 7.0312 0.1490
15.9782 84 115 84 115 100.0000 7.0312 0.1596
15.9794 84 115 84 115 100.0000 7.0312 0.1773
15.9807 80 119 80 119 100.0000 7.0312 0.2368
15.9819 84 115 84 115 100.0000 7.0312 0.2409
15.9832 84 115 84 115 100.0000 7.0312 0.2518
15.9845 81 118 81 118 100.0000 7.0312 0.2927
15.9857 87 112 87 112 100.0000 7.0312 0.2553
15.9870 87 112 87 112 100.0000 7.0312 0.2155
15.9883 85 114 85 114 100.0000 7.0312 0.2082
15.9895 87 112 87 112 100.0000 7.0312 0.1772
15.9908 78 121 78 121 100.0000 7.0312 0.2572
15.9921 86 113 86 113 100.0000 7.0312 0.2370
15.9933 77 122 77 122 100.0000 7.0312 0.3250
15.9946 87 112 87 112 100.0000 7.0312 0.2908
15.9959 84 115 84 115 100.0000 7.0312 0.2865
15.9972 85 114 85 114 100.0000 7.0312 0.2724
15.9985 83 116 83 116 100.0000 7.0312 0.2819
15.9998 86 113 86 113 100.0000 7.0312 0.2553
16.0010 84 115 84 115 100.0000 7.0312 0.2571
16.0023 82 117 82 117 100.0000 7.0312 0.2790
16.0036 86 113 86 113 100.0000 7.8125 0.2456
16.0049 80 119 80 119 100.0000 7.8125 0.2919
16.0061 89 110 89 110 100.0000 7.8125 0.2199
16.0074 80 119 80 119 100.0000 7.8125 0.2583
16.0087 92 107 92 107 100.0000 7.8125 0.1489
16.0100 83 116 83 116 100.0000 7.8125 0.1498
16.0113 86 113 86 113 100.0000 7.8125 0.1149
16.0125 85 114 85 114 100.0000 7.8125 0.0937
16.0138 86 113 86 113 100.0000 7.8125 0.0588
16.0151 91 108 91 108 100.0000 7.8125 -0.0303
16.0164 88 111 88 111 100.0000 7.8125 -0.0933
16.0177 82 117 82 117 100.0000 7.8125 -0.0730
16.0190 85 114 85 114 100.0000 7.8125 -0.0911
16.0203 80 119 80 119 100.0000 7.8125 -0.0442
16.0215 77 122 77 122 100.0000 7.8125 0.0366
16.0228 81 118 81 118 100.0000 7.8125 0.0699
16.0241 88 111 88 111 100.0000 7.8125 0.0092
16.0254 87 112 87 112 100.0000 7.8125 -0.0465
16.0266 87 112 87 112 100.0000 7.8125 -0.0991
16.0279 78 121 78 121 100.0000 7.8125 -0.0430
16.0292 78 121 78 121 100.0000 7.8125 0.0189
16.0305 77 122 77 122 100.0000 7.8125 0.0872
16.0317 73 126 73 126 100.0000 7.8125 0.2088
16.0330 79 120 79 120 100.0000 7.8125 0.2444
16.0343 84 115 84 115 100.0000 7.8125 0.2275
16.0356 80 119 80 119 100.0000 7.8125 0.2615
16.0369 84 115 84 115 100.0000 7.8125 0.2376
16.0382 85 114 85 114 100.0000 7.8125 0.2031
16.0395 86 113 86 113 100.0000 7.8125 0.1577
16.0407 84 115 84 115 100.0000 7.8125 0.1431
16.0420 82 117 82 117 100.0000 7.8125 0.1542
16.0433 84 115 84 115 100.0000 7.8125 0.1366
16.0446 89 110 89 110 100.0000 7.8125 0.0546
16.0459 76 123 76 123 100.0000 7.8125 0.1440
16.0471 86 113 86 113 100.0000 7.8125 0.1016
16.0484 87 112 87 112 100.0000 7.8125 0.0587
16.0497 90 109 90 109 100.0000 7.8125 -0.0207
16.0509 91 108 91 108 100.0000 7.8125 -0.1136
16.0522 84 115 84 115 100.0000 7.8125 -0.1244
16.0535 77 122 77 122 100.0000 7.8125 -0.0405
16.0547 81 118 81 118 100.0000 7.8125 -0.0062
16.0560 84 115 84 115 100.0000 7.8125 -0.0036
16.0573 87 112 87 112 100.0000 7.8125 -0.0449
16.0585 58 141 58 141 100.0000 30.4688 -0.0056
16.0599 61 138 61 138 100.0000 30.4688 -0.0039
16.0611 60 139 60 139 100.0000 30.4688 0.0232
16.0624 67 132 67 132 100.0000 30.4688 -0.0509
16.0637 65 134 65 134 100.0000 30.4688 -0.0896
16.0650 59 140 59 140 100.0000 30.4688 -0.0546
16.0662 65 134 65 134 100.0000 30.4688 -0.0939
16.0675 57 142 57 142 100.0000 30.4688 -0.0302
16.0688 62 137 62 137 100.0000 30.4688 -0.0384
16.0701 60 139 60 139 100.0000 30.4688 -0.0106
16.0713 57 142 57 142 100.0000 30.4688 0.0450
16.0726 68 131 68 131 100.0000 30.4688 -0.0322
16.0739 60 139 60 139 100.0000 30.4688 -0.0136
16.0751 74 125 74 125 100.0000 30.4688 -0.1651
16.0764 64 135 64 135 100.0000 30.4688 -0.1902
16.0777 58 141 58 141 100.0000 30.4688 -0.1480
16.0789 62 137 62 137 100.0000 30.4688 -0.1495
16.0802 61 138 61 138 100.0000 30.4688 -0.1502
16.0814 58 141 58 141 100.0000 30.4688 -0.1133
16.0826 67 132 67 132 100.0000 30.4688 -0.1829
16.0839 65 134 65 134 100.0000 30.4688 -0.2310
16.0851 69 130 69 130 100.0000 30.4688 -0.3364
16.0864 54 145 54 145 100.0000 30.4688 -0.2504
16.0876 53 146 53 146 100.0000 30.4688 -0.1548
16.0889 69 130 69 130 100.0000 30.4688 -0.2582
16.0901 62 137 62 137 100.0000 30.4688 -0.2757
16.0914 66 133 66 133 100.0000 30.4688 -0.3455
16.0926 65 134 65 134 100.0000 30.4688 -0.4031
16.0939 63 136 63 136 100.0000 30.4688 -0.4352
16.0952 58 141 58 141 100.0000 30.4688 -0.4073
16.0964 65 134 65 134 100.0000 30.4688 -0.4640
16.0977 64 135 64 135 100.0000 30.4688 -0.5129
16.0990 62 137 62 137 100.0000 30.4688 -0.5387
16.1002 61 138 61 138 100.0000 30.4688 -0.5466
16.1015 60 139 60 139 100.0000 30.4688 -0.5437
16.1027 65 134 65 134 100.0000 30.4688 -0.6028
16.1040 60 139 60 139 100.0000 30.4688 -0.6042
16.1053 55 144 55 144 100.0000 30.4688 -0.5319
16.1066 61 138 61 138 100.0000 30.4688 -0.5373
16.1078 57 142 57 142 100.0000 30.4688 -0.5021
16.1091 59 140 59 140 100.0000 30.4688 -0.4905
16.1104 57 142 57 142 100.0000 30.4688 -0.4479
16.1116 58 141 58 141 100.0000 30.4688 -0.4175
16.1129 67 132 67 132 100.0000 30.4688 -0.4959
16.1142 51 148 51 148 100.0000 30.4688 -0.3811
16.1155 83 116 83 116 100.0000 8.5938 -0.3904
16.1168 80 119 80 119 100.0000 8.5938 -0.3570
16.1181 83 116 83 116 100.0000 8.5938 -0.3666
16.1193 85 114 85 114 100.0000 8.5938 -0.4057
16.1206 88 111 88 111 100.0000 8.5938 -0.4723
16.1219 86 113 86 113 100.0000 8.5938 -0.5093
16.1231 79 120 79 120 100.0000 8.5938 -0.4593
16.1244 77 122 77 122 100.0000 8.5938 -0.3856
16.1257 87 112 87 112 100.0000 8.5938 -0.4391
16.1269 78 121 78 121 100.0000 8.5938 -0.3709
16.1282 79 120 79 120 100.0000 8.5938 -0.3161
16.1295 75 124 75 124 100.0000 8.5938 -0.2095
16.1308 85 114 85 114 100.0000 8.5938 -0.2329
16.1321 86 113 86 113 100.0000 8.5938 -0.2713
16.1334 72 127 72 127 100.0000 8.5938 -0.1286
16.1347 86 113 86 113 100.0000 8.5938 -0.1622
16.1359 80 119 80 119 100.0000 8.5938 -0.1227
16.1372 80 119 80 119 100.0000 8.5938 -0.0859
16.1385 77 122 77 122 100.0000 8.5938 -0.0071
16.1397 81 118 81 118 100.0000 8.5938 0.0234
16.1410 86 113 86 113 100.0000 8.5938 -0.0064
16.1422 81 118 81 118 100.0000 8.5938 0.0255
16.1435 80 119 80 119 100.0000 8.5938 0.0704
16.1448 82 117 82 117 100.0000 8.5938 0.0834
16.1461 80 119 80 119 100.0000 8.5938 0.1202
16.1473 93 106 93 106 100.0000 8.5938 -0.0079
16.1486 86 113 86 113 100.0000 8.5938 -0.0440
16.1499 83 116 83 116 100.0000 8.5938 -0.0431
16.1512 81 118 81 118 100.0000 8.5938 -0.0151
16.1524 83 116 83 116 100.0000 8.5938 -0.0036
16.1537 85 114 85 114 100.0000 8.5938 -0.0268
16.1550 81 118 81 118 100.0000 8.5938 0.0002
16.1562 83 116 83 116 100.0000 8.5938 0.0103
16.1575 85 114 85 114 100.0000 8.5938 -0.0150
16.1588 84 115 84 115 100.0000 8.5938 -0.0242
16.1600 85 114 85 114 100.0000 8.5938 -0.0463
16.1614 84 115 84 115 100.0000 8.5938 -0.0518
16.1627 95 104 95 104 100.0000 8.5938 -0.2110
16.1640 87 112 87 112 100.0000 8.5938 -0.2573
16.1653 84 115 84 115 100.0000 8.5938 -0.2660
16.1666 85 114 85 114 100.0000 8.5938 -0.2928
16.1678 78 121 78 121 100.0000 8.5938 -0.2247
16.1691 78 121 78 121 100.0000 8.5938 -0.1577
16.1704 83 116 83 116 100.0000 8.5938 -0.1475
16.1716 32 167 32 167 100.0000 58.5938 -0.1352
16.1729 36 163 36 163 100.0000 58.5938 -0.1712
16.1742 31 168 31 168 100.0000 58.5938 -0.1408
16.1755 29 170 29 170 100.0000 58.5938 -0.0861
16.1767 31 168 31 168 100.0000 58.5938 -0.0632
16.1780 37 162 37 162 100.0000 58.5938 -0.1080
16.1793 33 166 33 166 100.0000 58.5938 -0.0958
16.1806 28 171 28 171 100.0000 58.5938 -0.0164
16.1819 35 164 35 164 100.0000 58.5938 -0.0364
16.1831 29 170 29 170 100.0000 58.5938 0.0211
16.1844 36 163 36 163 100.0000 58.5938 -0.0057
16.1857 37 162 37 162 100.0000 58.5938 -0.0387
16.1870 23 176 23 176 100.0000 58.5938 0.1098
16.1883 28 171 28 171 100.0000 58.5938 0.1921
16.1895 30 169 30 169 100.0000 58.5938 0.2526
16.1908 33 166 33 166 100.0000 58.5938 0.2708
16.1921 29 170 29 170 100.0000 58.5938 0.3340
16.1934 37 162 37 162 100.0000 58.5938 0.3009
16.1946 34 165 34 165 100.0000 58.5938 0.2989
16.1959 31 168 31 168 100.0000 58.5938 0.3346
16.1972 34 165 34 165 100.0000 58.5938 0.3420
16.1985 36 163 36 163 100.0000 58.5938 0.3241
16.1997 39 160 39 160 100.0000 58.5938 0.2676
16.2010 37 162 37 162 100.0000 58.5938 0.2292
16.2022 30 169 30 169 100.0000 58.5938 0.2788
16.2035 36 163 36 163 100.0000 58.5938 0.2558
16.2048 37 162 37 162 100.0000 58.5938 0.2173
16.2061 37 162 37 162 100.0000 58.5938 0.1720
16.2073 34 165 34 165 100.0000 58.5938 0.1698
16.2086 33 166 33 166 100.0000 58.5938 0.1807
16.2099 33 166 33 166 100.0000 58.5938 0.1929
16.2112 37 162 37 162 100.0000 58.5938 0.1532
16.2124 44 155 44 155 100.0000 58.5938 0.0205
16.2137 34 165 34 165 100.0000 58.5938 0.0193
16.2150 28 171 28 171 100.0000 58.5938 0.0955
16.2163 28 171 28 171 100.0000 58.5938 0.1676
16.2176 33 166 33 166 100.0000 58.5938 0.1796
16.2189 30 169 30 169 100.0000 58.5938 0.2233
16.2202 31 168 31 168 100.0000 58.5938 0.2497
16.2214 37 162 37 162 100.0000 58.5938 0.2053
16.2227 37 162 37 162 100.0000 58.5938 0.1576
16.2240 43 156 43 156 100.0000 58.5938 0.0390
16.2253 34 165 34 165 100.0000 58.5938 0.0304
16.2266 25 174 25 174 100.0000 58.5938 0.1338
16.2279 79 120 79 120 100.0000 9.3750 0.1861
16.2292 90 109 90 109 100.0000 9.3750 0.0934
16.2304 77 122 77 122 100.0000 9.3750 0.1619
16.2317 77 122 77 122 100.0000 9.3750 0.2314
16.2330 81 118 81 118 100.0000 9.3750 0.2522
16.2343 77 122 77 122 100.0000 9.3750 0.3154
16.2355 81 118 81 118 100.0000 9.3750 0.3301
16.2368 81 118 81 118 100.0000 9.3750 0.3432
16.2381 86 113 86 113 100.0000 9.3750 0.2869
16.2393 84 115 84 115 100.0000 9.3750 0.2649
16.2406 84 115 84 115 100.0000 9.3750 0.2384
16.2419 83 116 83 116 100.0000 9.3750 0.2300
16.2432 92 107 92 107 100.0000 9.3750 0.1047
16.2444 93 106 93 106 100.0000 9.3750 -0.0380
16.2457 80 119 80 119 100.0000 9.3750 -0.0123
16.2470 89 110 89 110 100.0000 9.3750 -0.1001
16.2482 83 116 83 116 100.0000 9.3750 -0.1080
16.2495 83 116 83 116 100.0000 9.3750 -0.1133
16.2508 80 119 80 119 100.0000 9.3750 -0.0765
16.2520 84 115 84 115 100.0000 9.3750 -0.0896
16.2533 74 125 74 125 100.0000 9.3750 0.0265
16.2546 81 118 81 118 100.0000 9.3750 0.0510
16.2558 87 112 87 112 100.0000 9.3750 -0.0053
16.2571 80 119 80 119 100.0000 9.3750 0.0359
16.2583 85 114 85 114 100.0000 9.3750 0.0042
16.2596 86 113 86 113 100.0000 9.3750 -0.0298
16.2609 78 121 78 121 100.0000 9.3750 0.0264
16.2621 78 121 78 121 100.0000 9.3750 0.0886
16.2634 74 125 74 125 100.0000 9.3750 0.2070
16.2647 76 123 76 123 100.0000 9.3750 0.2945
16.2660 92 107 92 107 100.0000 9.3750 0.1731
16.2673 84 115 84 115 100.0000 9.3750 0.1561
16.2685 84 115 84 115 100.0000 9.3750 0.1299
16.2698 85 114 85 114 100.0000 9.3750 0.0840
16.2711 81 118 81 118 100.0000 9.3750 0.0942
16.2723 89 110 89 110 100.0000 9.3750 0.0117
16.2736 86 113 86 113 100.0000 9.3750 -0.0430
16.2748 83 116 83 116 100.0000 9.3750 -0.0627
16.2761 84 115 84 115 100.0000 9.3750 -0.1017
16.2773 74 125 74 125 100.0000 9.3750 -0.0118
16.2786 78 121 78 121 100.0000 9.3750 0.0205
16.2799 79 120 79 120 100.0000 9.3750 0.0392
16.2812 86 113 86 113 100.0000 9.3750 -0.0203
16.2824 77 122 77 122 100.0000 9.3750 0.0365
16.2837 77 122 77 122 100.0000 9.3750 0.0765
16.2850 85 114 85 114 100.0000 9.3750 0.0149
16.2863 76 123 76 123 100.0000 9.3750 0.0707
16.2875 80 119 80 119 100.0000 9.3750 0.0716
16.2889 78 121 78 121 100.0000 9.3750 0.1164
16.2902 80 119 80 119 100.0000 9.3750 0.1400
16.2914 83 116 83 116 100.0000 9.3750 0.1188
16.2927 81 118 81 118 100.0000 9.3750 0.1193
16.2940 78 121 78 121 100.0000 9.3750 0.1751
16.2953 76 123 76 123 100.0000 9.3750 0.2546
16.2966 79 120 79 120 100.0000 9.3750 0.2955
16.2979 78 121 78 121 100.0000 9.3750 0.3471
16.2991 77 122 77 122 100.0000 9.3750 0.4210
16.3004 77 122 77 122 100.0000 9.3750 0.4936
16.3017 91 108 91 108 100.0000 9.3750 0.3958
16.3029 72 127 72 127 100.0000 9.3750 0.5529
16.3042 87 112 87 112 100.0000 9.3750 0.5202
16.3055 85 114 85 114 100.0000 9.3750 0.5072
16.3067 88 111 88 111 100.0000 9.3750 0.4564
16.3080 80 119 80 119 100.0000 9.3750 0.5104
16.3093 81 118 81 118 100.0000 9.3750 0.5604
16.3106 71 128 71 128 100.0000 9.3750 0.7293
16.3118 84 115 84 115 100.0000 9.3750 0.7394
16.3131 79 120 79 120 100.0000 9.3750 0.8089
16.3144 86 113 86 113 100.0000 9.3750 0.7980
16.3157 83 116 83 116 100.0000 9.3750 0.8163
16.3170 87 112 87 112 100.0000 9.3750 0.7879
16.3183 88 111 88 111 100.0000 9.3750 0.7377
16.3195 86 113 86 113 100.0000 9.3750 0.7224
16.3208 83 116 83 116 100.0000 9.3750 0.7380
16.3221 88 111 88 111 100.0000 9.3750 0.6926
16.3233 77 122 77 122 100.0000 9.3750 0.7777
16.3246 84 115 84 115 100.0000 9.3750 0.7660
16.3259 88 111 88 111 100.0000 9.3750 0.7117
16.3271 83 116 83 116 100.0000 9.3750 0.7219
16.3284 86 113 86 113 100.0000 9.3750 0.6856
16.3297 83 116 83 116 100.0000 9.3750 0.6811
16.3310 82 117 82 117 100.0000 9.3750 0.6981
16.3323 77 122 77 122 100.0000 9.3750 0.7756
16.3335 80 119 80 119 100.0000 9.3750 0.8059
16.3348 77 122 77 122 100.0000 9.3750 0.8738
16.3361 85 114 85 114 100.0000 9.3750 0.8384
16.3374 82 117 82 117 100.0000 9.3750 0.8403
16.3387 85 114 85 114 100.0000 9.3750 0.8028
16.3399 85 114 85 114 100.0000 9.3750 0.7658
16.3412 84 115 84 115 100.0000 9.3750 0.7452
16.3425 79 120 79 120 100.0000 9.3750 0.7883
16.3438 84 115 84 115 100.0000 9.3750 0.7601
16.3451 78 121 78 121 100.0000 9.3750 0.8113
16.3463 86 113 86 113 100.0000 9.3750 0.7647
16.3476 84 115 84 115 100.0000 9.3750 0.7347
16.3489 89 110 89 110 100.0000 9.3750 0.6415
16.3501 89 110 89 110 100.0000 9.3750 0.5558
16.3514 87 112 87 112 100.0000 9.3750 0.4898
16.3527 85 114 85 114 100.0000 9.3750 0.4549
16.3539 89 110 89 110 100.0000 9.3750 0.3591
16.3552 75 124 75 124 100.0000 9.3750 0.4453
16.3565 82 117 82 117 100.0000 9.3750 0.4445
16.3577 81 118 81 118 100.0000 9.3750 0.4442
16.3590 81 118 81 118 100.0000 9.3750 0.4535
16.3602 80 119 80 119 100.0000 9.3750 0.4758
16.3615 87 112 87 112 100.0000 9.3750 0.4011
16.3628 86 113 86 113 100.0000 9.3750 0.3465
16.3641 81 118 81 118 100.0000 9.3750 0.3575
16.3653 80 119 80 119 100.0000 9.3750 0.3843
16.3666 79 120 79 120 100.0000 9.3750 0.4145
16.3678 86 113 86 113 100.0000 9.3750 0.3648
16.3691 82 117 82 117 100.0000 9.3750 0.3610
16.3704 85 114 85 114 100.0000 9.3750 0.3217
16.3716 83 116 83 116 100.0000 9.3750 0.3090
16.3729 82 117 82 117 100.0000 9.3750 0.3100
16.3742 84 115 84 115 100.0000 9.3750 0.2836
16.3754 82 117 82 117 100.0000 9.3750 0.2813
16.3767 78 121 78 121 100.0000 9.3750 0.3287
16.3779 89 110 89 110 100.0000 9.3750 0.2374
16.3792 81 118 81 118 100.0000 9.3750 0.2476
16.3804 91 108 91 108 100.0000 9.3750 0.1341
16.3816 84 115 84 115 100.0000 9.3750 0.1049
16.3829 82 117 82 117 100.0000 9.3750 0.0956
16.3842 73 126 73 126 100.0000 9.3750 0.1955
16.3854 81 118 81 118 100.0000 9.3750 0.1956
16.3867 86 113 86 113 100.0000 9.3750 0.1281
16.3880 91 108 91 108 100.0000 9.3750 -0.0113
16.3892 82 117 82 117 100.0000 9.3750 -0.0324
16.3905 79 120 79 120 100.0000 9.3750 -0.0190
16.3918 84 115 84 115 100.0000 9.3750 -0.0711
16.3930 75 124 75 124 100.0000 9.3750 -0.0078
16.3943 86 113 86 113 100.0000 9.3750 -0.0792
16.3956 82 117 82 117 100.0000 9.3750 -0.1040
16.3969 81 118 81 118 100.0000 9.3750 -0.1159
16.3982 74 125 74 125 100.0000 9.3750 -0.0330
16.3995 76 123 76 123 100.0000 9.3750 0.0291
16.4007 80 119 80 119 100.0000 9.3750 0.0390
16.4020 89 110 89 110 100.0000 9.3750 -0.0667
16.4033 85 114 85 114 100.0000 9.3750 -0.1161
16.4046 95 104 95 104 100.0000 9.3750 -0.2925
16.4058 93 106 93 106 100.0000 9.3750 -0.4304
16.4071 79 120 79 120 100.0000 9.3750 -0.3970
16.4084 79 120 79 120 100.0000 9.3750 -0.3542
16.4097 84 115 84 115 100.0000 9.3750 -0.3850
16.4109 84 115 84 115 100.0000 9.3750 -0.4062
16.4122 80 119 80 119 100.0000 9.3750 -0.3715
16.4135 73 126 73 126 100.0000 9.3750 -0.2531
16.4148 78 121 78 121 100.0000 9.3750 -0.2032
16.4160 89 110 89 110 100.0000 9.3750 -0.2825
16.4173 81 118 81 118 100.0000 9.3750 -0.2626
16.4186 81 118 81 118 100.0000 9.3750 -0.2406
16.4199 85 114 85 114 100.0000 9.3750 -0.2674
16.4212 81 118 81 118 100.0000 9.3750 -0.2392
16.4224 84 115 84 115 100.0000 9.3750 -0.2621
16.4237 77 122 77 122 100.0000 9.3750 -0.1941
16.4250 78 121 78 121 100.0000 9.3750 -0.1368
16.4263 79 120 79 120 100.0000 9.3750 -0.0876
16.4275 82 117 82 117 100.0000 9.3750 -0.0833
16.4288 81 118 81 118 100.0000 9.3750 -0.0647
16.4300 86 113 86 113 100.0000 9.3750 -0.1062
16.4313 80 119 80 119 100.0000 9.3750 -0.0683
16.4326 87 112 87 112 100.0000 9.3750 -0.1245
16.4338 82 117 82 117 100.0000 9.3750 -0.1227
16.4351 78 121 78 121 100.0000 9.3750 -0.0598
16.4364 85 114 85 114 100.0000 9.3750 -0.0896
16.4376 87 112 87 112 100.0000 9.3750 -0.1390
16.4390 75 124 75 124 100.0000 9.3750 -0.0438
16.4402 77 122 77 122 100.0000 9.3750 0.0284
16.4415 84 115 84 115 100.0000 9.3750 0.0147
16.4427 88 111 88 111 100.0000 9.3750 -0.0579
16.4440 85 114 85 114 100.0000 9.3750 -0.0937
16.4453 82 117 82 117 100.0000 9.3750 -0.0943
16.4465 84 115 84 115 100.0000 9.3750 -0.1171
16.4478 82 117 82 117 100.0000 9.3750 -0.1078
16.4491 78 121 78 121 100.0000 9.3750 -0.0554
16.4503 78 121 78 121 100.0000 9.3750 0.0016
16.4516 83 116 83 116 100.0000 9.3750 -0.0096
16.4529 86 113 86 113 100.0000 9.3750 -0.0617
16.4542 82 117 82 117 100.0000 9.3750 -0.0563
16.4554 84 115 84 115 100.0000 9.3750 -0.0783
16.4567 78 121 78 121 100.0000 9.3750 -0.0336
16.4580 81 118 81 118 100.0000 9.3750 -0.0305
16.4593 83 116 83 116 100.0000 10.1562 -0.0640
16.4605 81 118 81 118 100.0000 10.1562 -0.0703
16.4618 77 122 77 122 100.0000 10.1562 -0.0277
16.4630 81 118 81 118 100.0000 10.1562 -0.0278
16.4643 76 123 76 123 100.0000 10.1562 0.0358
16.4655 84 115 84 115 100.0000 10.1562 -0.0023
16.4668 82 117 82 117 100.0000 10.1562 -0.0146
16.4682 86 113 86 113 100.0000 10.1562 -0.0731
16.4694 81 118 81 118 100.0000 10.1562 -0.0688
16.4707 80 119 80 119 100.0000 10.1562 -0.0525
16.4720 83 116 83 116 100.0000 10.1562 -0.0757
16.4733 75 124 75 124 100.0000 10.1562 -0.0012
16.4746 84 115 84 115 100.0000 10.1562 -0.0336
16.4758 72 127 72 127 100.0000 10.1562 0.0807
16.4771 79 120 79 120 100.0000 10.1562 0.1182
16.4784 84 115 84 115 100.0000 10.1562 0.0954
16.4797 77 122 77 122 100.0000 10.1562 0.1574
16.4809 87 112 87 112 100.0000 10.1562 0.0970
16.4822 81 118 81 118 100.0000 10.1562 0.1087
16.4835 80 119 80 119 100.0000 10.1562 0.1428
16.4847 79 120 79 120 100.0000 10.1562 0.1887
16.4860 75 124 75 124 100.0000 10.1562 0.2767
16.4873 86 113 86 113 100.0000 10.1562 0.2222
16.4885 82 117 82 117 100.0000 10.1562 0.2278
16.4898 77 122 77 122 100.0000 10.1562 0.2927
16.4911 80 119 80 119 100.0000 10.1562 0.3216
16.4924 85 114 85 114 100.0000 10.1562 0.2864
16.4937 81 118 81 118 100.0000 10.1562 0.3004
16.4950 83 116 83 116 100.0000 10.1562 0.2827
16.4963 82 117 82 117 100.0000 10.1562 0.2784
16.4976 75 124 75 124 100.0000 10.1562 0.3623
16.4989 92 107 92 107 100.0000 10.1562 0.2323
16.5001 81 118 81 118 100.0000 10.1562 0.2482
16.5014 69 130 69 130 100.0000 10.1562 0.4047
16.5027 75 124 75 124 100.0000 10.1562 0.4932
16.5040 84 115 84 115 100.0000 10.1562 0.4617
16.5052 78 121 78 121 100.0000 10.1562 0.5051
16.5065 86 113 86 113 100.0000 10.1562 0.4516
16.5077 80 119 80 119 100.0000 10.1562 0.4670
16.5091 81 118 81 118 100.0000 10.1562 0.4680
16.5103 86 113 86 113 100.0000 10.1562 0.4156
16.5116 84 115 84 115 100.0000 10.1562 0.3690
16.5129 73 126 73 126 100.0000 10.1562 0.4581
16.5142 82 117 82 117 100.0000 10.1562 0.4407
16.5155 82 117 82 117 100.0000 9.3750 0.4268
16.5168 84 115 84 115 100.0000 9.3750 0.3708
16.5181 81 118 81 118 100.0000 9.3750 0.3584
16.5194 80 119 80 119 100.0000 9.3750 0.3546
16.5207 84 115 84 115 100.0000 9.3750 0.3010
16.5219 77 122 77 122 100.0000 9.3750 0.3342
16.5232 79 120 79 120 100.0000 9.3750 0.3379
16.5245 81 118 81 118 100.0000 9.3750 0.3191
16.5258 77 122 77 122 100.0000 9.3750 0.3508
16.5271 79 120 79 120 100.0000 9.3750 0.3515
16.5284 80 119 80 119 100.0000 9.3750 0.3314
16.5296 80 119 80 119 100.0000 9.3750 0.3129
16.5309 83 116 83 116 100.0000 9.3750 0.2571
16.5321 87 112 87 112 100.0000 9.3750 0.1658
16.5334 83 116 83 116 100.0000 9.3750 0.1203
16.5346 80 119 80 119 100.0000 9.3750 0.1109
16.5359 80 119 80 119 100.0000 9.3750 0.0991
16.5371 77 122 77 122 100.0000 9.3750 0.1417
16.5384 77 122 77 122 100.0000 9.3750 0.1774
16.5396 80 119 80 119 100.0000 9.3750 0.1796
16.5409 81 118 81 118 100.0000 9.3750 0.1678
16.5422 78 121 78 121 100.0000 9.3750 0.1976
16.5435 81 118 81 118 100.0000 9.3750 0.1856
16.5447 87 112 87 112 100.0000 9.3750 0.1023
16.5460 83 116 83 116 100.0000 9.3750 0.0801
16.5473 84 115 84 115 100.0000 9.3750 0.0529
16.5485 80 119 80 119 100.0000 9.3750 0.0703
16.5498 83 116 83 116 100.0000 9.3750 0.0507
16.5511 84 115 84 115 100.0000 9.3750 0.0299
16.5523 86 113 86 113 100.0000 9.3750 -0.0209
16.5536 85 114 85 114 100.0000 9.3750 -0.0608
16.5549 79 120 79 120 100.0000 9.3750 -0.0190
16.5561 79 120 79 120 100.0000 9.3750 0.0256
16.5574 85 114 85 114 100.0000 9.3750 -0.0058
16.5587 75 124 75 124 100.0000 9.3750 0.0868
16.5599 85 114 85 114 100.0000 9.3750 0.0638
16.5612 90 109 90 109 100.0000 9.3750 -0.0271
16.5625 81 118 81 118 100.0000 9.3750 -0.0022
16.5637 85 114 85 114 100.0000 9.3750 -0.0313
16.5650 82 117 82 117 100.0000 9.3750 -0.0222
16.5663 85 114 85 114 100.0000 9.3750 -0.0449
16.5675 80 119 80 119 100.0000 9.3750 -0.0056
16.5688 83 116 83 116 100.0000 9.3750 -0.0072
16.5701 77 122 77 122 100.0000 9.3750 0.0620
16.5714 83 116 83 116 100.0000 9.3750 0.0696
16.5726 80 119 80 119 100.0000 9.3750 0.1115
16.5739 80 119 80 119 100.0000 9.3750 0.1575
16.5752 81 118 81 118 100.0000 9.3750 0.1854
16.5765 86 113 86 113 100.0000 9.3750 0.1585
16.5777 78 121 78 121 100.0000 9.3750 0.2248
16.5790 82 117 82 117 100.0000 9.3750 0.2487
16.5803 86 113 86 113 100.0000 9.3750 0.2172
16.5815 81 118 81 118 100.0000 9.3750 0.2498
16.5828 90 109 90 109 100.0000 9.3750 0.1758
16.5840 80 119 80 119 100.0000 9.3750 0.2236
16.5853 83 116 83 116 100.0000 9.3750 0.2350
16.5865 83 116 83 116 100.0000 9.3750 0.2354
16.5878 86 113 86 113 100.0000 9.3750 0.1977
16.5890 83 116 83 116 100.0000 9.3750 0.2064
16.5903 79 120 79 120 100.0000 9.3750 0.2625
16.5915 92 107 92 107 100.0000 9.3750 0.1459
16.5928 84 115 84 115 100.0000 9.3750 0.1288
16.5940 77 122 77 122 100.0000 9.3750 0.1943
16.5953 82 117 82 117 100.0000 9.3750 0.1990
16.5966 86 113 86 113 100.0000 9.3750 0.1496
16.5978 87 112 87 112 100.0000 9.3750 0.0847
16.5991 78 121 78 121 100.0000 9.3750 0.1344
16.6003 88 111 88 111 100.0000 9.3750 0.0667
16.6016 84 115 84 115 100.0000 9.3750 0.0350
16.6028 88 111 88 111 100.0000 9.3750 -0.0428
16.6040 84 115 84 115 100.0000 9.3750 -0.0747
16.6053 79 120 79 120 100.0000 9.3750 -0.0364
16.6065 79 120 79 120 100.0000 9.3750 -0.0070
16.6077 89 110 89 110 100.0000 9.3750 -0.0951
16.6090 77 122 77 122 100.0000 9.3750 -0.0319
16.6102 89 110 89 110 100.0000 9.3750 -0.1266
16.6115 79 120 79 120 100.0000 9.3750 -0.0830
16.6128 89 110 89 110 100.0000 9.3750 -0.1717
16.6140 80 119 80 119 100.0000 10.9375 -0.1669
16.6153 76 123 76 123 100.0000 10.9375 -0.0988
16.6166 80 119 80 119 100.0000 10.9375 -0.0834
16.6179 82 117 82 117 100.0000 10.9375 -0.0886
16.6192 82 117 82 117 100.0000 10.9375 -0.0938
16.6205 81 118 81 118 100.0000 10.9375 -0.0822
16.6218 76 123 76 123 100.0000 10.9375 -0.0127
16.6230 76 123 76 123 100.0000 10.9375 0.0508
16.6243 77 122 77 122 100.0000 10.9375 0.1015
16.6256 84 115 84 115 100.0000 10.9375 0.0734
16.6269 81 118 81 118 100.0000 10.9375 0.0822
16.6281 83 116 83 116 100.0000 10.9375 0.0667
16.6294 78 121 78 121 100.0000 10.9375 0.1142
16.6307 85 114 85 114 100.0000 10.9375 0.0672
16.6319 77 122 77 122 100.0000 10.9375 0.1258
16.6332 83 116 83 116 100.0000 10.9375 0.1066
16.6345 80 119 80 119 100.0000 10.9375 0.1259
16.6357 88 111 88 111 100.0000 10.9375 0.0375
16.6370 86 113 86 113 100.0000 10.9375 -0.0230
16.6383 74 125 74 125 100.0000 10.9375 0.0727
16.6396 85 114 85 114 100.0000 10.9375 0.0279
16.6408 77 122 77 122 100.0000 10.9375 0.0631
16.6421 88 111 88 111 100.0000 10.9375 -0.0390
16.6434 78 121 78 121 100.0000 10.9375 -0.0123
16.6447 85 114 85 114 100.0000 10.9375 -0.0704
16.6459 87 112 87 112 100.0000 10.9375 -0.1561
16.6472 75 124 75 124 100.0000 10.9375 -0.0948
16.6485 82 117 82 117 100.0000 10.9375 -0.1257
16.6498 85 114 85 114 100.0000 10.9375 -0.1955
16.6510 79 120 79 120 100.0000 10.1562 -0.1832
16.6523 79 120 79 120 100.0000 10.1562 -0.1751
16.6536 83 116 83 116 100.0000 10.1562 -0.2216
16.6548 83 116 83 116 100.0000 10.1562 -0.2659
16.6561 74 125 74 125 100.0000 10.1562 -0.1876
16.6574 80 119 80 119 100.0000 10.1562 -0.1932
16.6587 78 121 78 121 100.0000 10.1562 -0.1748
16.6600 75 124 75 124 100.0000 10.1562 -0.1117
16.6612 74 125 74 125 100.0000 10.1562 -0.0485
16.6625 77 122 77 122 100.0000 10.1562 -0.0193
16.6638 77 122 77 122 100.0000 10.1562 0.0067
16.6650 86 113 86 113 100.0000 10.1562 -0.0693
16.6663 78 121 78 121 100.0000 10.1562 -0.0518
16.6676 81 118 81 118 100.0000 10.1562 -0.0687
16.6688 86 113 86 113 100.0000 10.1562 -0.1499
16.6701 82 117 82 117 100.0000 10.1562 -0.1713
16.6713 82 117 82 117 100.0000 10.1562 -0.1892
16.6726 82 117 82 117 100.0000 10.1562 -0.2068
16.6738 84 115 84 115 100.0000 10.1562 -0.2524
16.6751 82 117 82 117 100.0000 10.1562 -0.2634
16.6764 81 118 81 118 100.0000 10.1562 -0.2636
16.6776 77 122 77 122 100.0000 10.1562 -0.2226
16.6789 80 119 80 119 100.0000 10.1562 -0.2117
16.6801 79 120 79 120 100.0000 10.1562 -0.1956
16.6814 82 117 82 117 100.0000 10.1562 -0.2066
16.6826 82 117 82 117 100.0000 10.1562 -0.2234
16.6839 79 120 79 120 100.0000 10.1562 -0.2077
16.6851 90 109 90 109 100.0000 10.1562 -0.3285
16.6864 81 118 81 118 100.0000 10.1562 -0.3364
16.6876 83 116 83 116 100.0000 10.1562 -0.3644
16.6889 78 121 78 121 100.0000 10.1562 -0.3272
16.6901 71 128 71 128 100.0000 10.1562 -0.1994
16.6914 76 123 76 123 100.0000 10.1562 -0.1347
16.6927 83 116 83 116 100.0000 10.1562 -0.1659
16.6939 82 117 82 117 100.0000 10.1562 -0.1792
16.6952 83 116 83 116 100.0000 10.1562 -0.1996
16.6965 78 121 78 121 100.0000 10.1562 -0.1524
16.6977 79 120 79 120 100.0000 10.1562 -0.1220
16.6990 79 120 79 120 100.0000 10.1562 -0.0945
16.7003 75 124 75 124 100.0000 10.1562 -0.0076
16.7016 85 114 85 114 100.0000 10.1562 -0.0441
16.7029 81 118 81 118 100.0000 10.1562 -0.0345
16.7042 80 119 80 119 100.0000 10.1562 -0.0032
16.7054 79 120 79 120 100.0000 10.1562 0.0482
16.7067 84 115 84 115 100.0000 10.1562 0.0323
16.7080 82 117 82 117 100.0000 10.1562 0.0449
16.7093 83 116 83 116 100.0000 10.1562 0.0428
16.7105 88 111 88 111 100.0000 10.1562 -0.0199
16.7118 92 107 92 107 100.0000 10.1562 -0.1313
16.7131 79 120 79 120 100.0000 10.1562 -0.0815
16.7143 83 116 83 116 100.0000 10.1562 -0.0729
16.7156 83 116 83 116 100.0000 10.9375 -0.0723
16.7169 81 118 81 118 100.0000 10.9375 -0.0518
16.7182 76 123 76 123 100.0000 10.9375 0.0319
16.7195 75 124 75 124 100.0000 10.9375 0.1241
16.7208 84 115 84 115 100.0000 10.9375 0.1044
16.7220 82 117 82 117 100.0000 10.9375 0.1076
16.7233 84 115 84 115 100.0000 10.9375 0.0844
16.7246 78 121 78 121 100.0000 10.9375 0.1248
16.7259 88 111 88 111 100.0000 10.9375 0.0371
16.7272 79 120 79 120 100.0000 10.9375 0.0684
16.7285 79 120 79 120 100.0000 10.9375 0.1000
16.7297 81 118 81 118 100.0000 10.9375 0.0988
16.7310 83 116 83 116 100.0000 10.9375 0.0649
16.7323 80 119 80 119 100.0000 10.9375 0.0743
16.7335 86 113 86 113 100.0000 10.9375 0.0117
16.7348 85 114 85 114 100.0000 10.9375 -0.0499
16.7361 75 124 75 124 100.0000 10.9375 0.0182
16.7373 84 115 84 115 100.0000 10.9375 -0.0280
16.7386 84 115 84 115 100.0000 10.9375 -0.0714
16.7399 79 120 79 120 100.0000 10.9375 -0.0615
16.7411 84 115 84 115 100.0000 10.9375 -0.1145
16.7424 81 118 81 118 100.0000 10.9375 -0.1230
16.7436 79 120 79 120 100.0000 10.9375 -0.1027
16.7449 83 116 83 116 100.0000 10.9375 -0.1312
16.7462 79 120 79 120 100.0000 10.9375 -0.1135
16.7475 75 124 75 124 100.0000 10.9375 -0.0488
16.7488 85 114 85 114 100.0000 10.9375 -0.0997
16.7500 89 110 89 110 100.0000 10.9375 -0.2090
16.7513 82 117 82 117 100.0000 10.9375 -0.2275
16.7526 77 122 77 122 100.0000 10.9375 -0.1767
16.7538 80 119 80 119 100.0000 10.9375 -0.1692
16.7552 83 116 83 116 100.0000 10.9375 -0.1979
16.7565 82 117 82 117 100.0000 10.9375 -0.2115
16.7578 81 118 81 118 100.0000 10.9375 -0.2107
16.7591 76 123 76 123 100.0000 10.9375 -0.1467
16.7604 87 112 87 112 100.0000 10.9375 -0.2299
16.7617 78 121 78 121 100.0000 10.9375 -0.1884
16.7630 82 117 82 117 100.0000 10.9375 -0.2045
16.7643 79 120 79 120 100.0000 10.9375 -0.1737
16.7655 84 115 84 115 100.0000 10.9375 -0.2132
16.7668 81 118 81 118 100.0000 10.9375 -0.2076
16.7681 81 118 81 118 100.0000 10.9375 -0.2059
16.7693 84 115 84 115 100.0000 10.9375 -0.2360
16.7706 84 115 84 115 100.0000 10.9375 -0.2723
16.7718 83 116 83 116 100.0000 10.9375 -0.2955
16.7731 82 117 82 117 100.0000 10.9375 -0.3033
16.7744 80 119 80 119 100.0000 10.9375 -0.2837
16.7756 89 110 89 110 100.0000 10.9375 -0.3799
16.7769 80 119 80 119 100.0000 10.9375 -0.3625
16.7781 82 117 82 117 100.0000 10.9375 -0.3672
16.7794 81 118 81 118 100.0000 10.9375 -0.3620
16.7807 82 117 82 117 100.0000 10.9375 -0.3730
16.7819 74 125 74 125 100.0000 10.9375 -0.2821
16.7832 82 117 82 117 100.0000 10.9375 -0.2884
16.7844 77 122 77 122 100.0000 10.9375 -0.2449
16.7857 79 120 79 120 100.0000 10.9375 -0.2267
16.7870 78 121 78 121 100.0000 10.9375 -0.1880
16.7883 85 114 85 114 100.0000 10.9375 -0.2395
16.7896 88 111 88 111 100.0000 10.9375 -0.3483
16.7909 78 121 78 121 100.0000 10.9375 -0.3180
16.7922 82 117 82 117 100.0000 10.9375 -0.3446
16.7935 82 117 82 117 100.0000 10.9375 -0.3691
16.7948 73 126 73 126 100.0000 10.9375 -0.2753
16.7960 87 112 87 112 100.0000 10.9375 -0.3556
16.7974 77 122 77 122 100.0000 10.9375 -0.3173
16.7986 76 123 76 123 100.0000 10.9375 -0.2678
16.7999 73 126 73 126 100.0000 10.9375 -0.1789
16.8012 76 123 76 123 100.0000 10.9375 -0.1248
16.8025 79 120 79 120 100.0000 10.9375 -0.1103
16.8037 91 108 91 108 100.0000 10.9375 -0.2411
16.8050 87 112 87 112 100.0000 10.9375 -0.3140
16.8063 77 122 77 122 100.0000 10.9375 -0.2609
16.8076 75 124 75 124 100.0000 10.9375 -0.1833
16.8089 74 125 74 125 100.0000 10.9375 -0.0968
16.8101 86 113 86 113 100.0000 10.9375 -0.1563
16.8114 79 120 79 120 100.0000 10.9375 -0.1345
16.8127 81 118 81 118 100.0000 10.9375 -0.1376
16.8140 87 112 87 112 100.0000 10.9375 -0.2130
16.8152 81 118 81 118 100.0000 10.9375 -0.2026
16.8165 84 115 84 115 100.0000 10.9375 -0.2333
16.8178 76 123 76 123 100.0000 10.9375 -0.1678
16.8191 84 115 84 115 100.0000 10.9375 -0.2081
16.8203 84 115 84 115 100.0000 10.9375 -0.2426
16.8216 76 123 76 123 100.0000 10.9375 -0.1771
16.8229 74 125 74 125 100.0000 10.9375 -0.0827
16.8242 76 123 76 123 100.0000 10.9375 -0.0124
16.8255 86 113 86 113 100.0000 10.9375 -0.0706
16.8268 84 115 84 115 100.0000 10.9375 -0.1074
16.8280 84 115 84 115 100.0000 10.9375 -0.1405
16.8293 73 126 73 126 100.0000 10.9375 -0.0378
16.8306 90 109 90 109 100.0000 10.9375 -0.1467
16.8319 78 121 78 121 100.0000 10.9375 -0.1062
16.8331 66 133 66 133 100.0000 10.9375 0.0798
16.8344 85 114 85 114 100.0000 10.9375 0.0359
16.8357 81 118 81 118 100.0000 10.9375 0.0455
16.8370 86 113 86 113 100.0000 10.9375 -0.0144
16.8383 77 122 77 122 100.0000 10.9375 0.0489
16.8395 84 115 84 115 100.0000 10.9375 0.0237
16.8408 81 118 81 118 100.0000 10.9375 0.0354
16.8421 87 112 87 112 100.0000 10.9375 -0.0277
16.8434 81 118 81 118 100.0000 10.9375 -0.0094
16.8447 78 121 78 121 100.0000 10.9375 0.0501
16.8460 80 119 80 119 100.0000 10.9375 0.0852
16.8472 79 120 79 120 100.0000 10.9375 0.1227
16.8486 79 120 79 120 100.0000 10.9375 0.1688
16.8498 73 126 73 126 100.0000 10.9375 0.2880
16.8512 82 117 82 117 100.0000 10.9375 0.2877
16.8524 85 114 85 114 100.0000 10.9375 0.2574
16.8537 77 122 77 122 100.0000 10.9375 0.3275
16.8550 82 117 82 117 100.0000 10.9375 0.3238
16.8563 90 109 90 109 100.0000 10.9375 0.2239
16.8575 78 121 78 121 100.0000 10.9375 0.2752
16.8588 81 118 81 118 100.0000 10.9375 0.2799
16.8601 77 122 77 122 100.0000 10.9375 0.3285
16.8614 79 120 79 120 100.0000 10.9375 0.3530
16.8627 81 118 81 118 100.0000 10.9375 0.3508
16.8639 85 114 85 114 100.0000 10.9375 0.2970
16.8652 90 109 90 109 100.0000 10.9375 0.1829
16.8665 81 118 81 118 100.0000 10.9375 0.1726
16.8677 76 123 76 123 100.0000 10.9375 0.2356
16.8690 85 114 85 114 100.0000 10.9375 0.1742
16.8702 81 118 81 118 100.0000 10.9375 0.1644
16.8715 87 112 87 112 100.0000 10.9375 0.0776
16.8727 81 118 81 118 100.0000 10.9375 0.0690
16.8740 81 118 81 118 100.0000 10.9375 0.0500
16.8752 84 115 84 115 100.0000 10.9375 -0.0044
16.8765 79 120 79 120 100.0000 10.9375 0.0039
16.8778 85 114 85 114 100.0000 10.9375 -0.0720
16.8791 78 121 78 121 100.0000 10.9375 -0.0521
16.8804 82 117 82 117 100.0000 10.9375 -0.0875
16.8817 81 118 81 118 100.0000 10.9375 -0.1083
16.8830 79 120 79 120 100.0000 10.9375 -0.1087
16.8843 85 114 85 114 100.0000 10.9375 -0.1783
16.8856 83 116 83 116 100.0000 10.9375 -0.2226
16.8869 75 124 75 124 100.0000 10.9375 -0.1686
16.8881 83 116 83 116 100.0000 10.9375 -0.2032
16.8894 72 127 72 127 100.0000 10.9375 -0.1034
16.8907 80 119 80 119 100.0000 10.9375 -0.1050
16.8920 78 121 78 121 100.0000 10.9375 -0.0757
16.8932 85 114 85 114 100.0000 10.9375 -0.1438
16.8945 79 120 79 120 100.0000 10.9375 -0.1349
16.8958 80 119 80 119 100.0000 10.9375 -0.1313
16.8971 80 119 80 119 100.0000 10.9375 -0.1309
16.8984 77 122 77 122 100.0000 10.9375 -0.0861
16.8996 74 125 74 125 100.0000 10.9375 -0.0116
16.9010 82 117 82 117 100.0000 10.9375 -0.0342
16.9022 83 116 83 116 100.0000 10.9375 -0.0662
16.9035 80 119 80 119 100.0000 10.9375 -0.0628
16.9048 76 123 76 123 100.0000 10.9375 -0.0105
16.9061 77 122 77 122 100.0000 10.9375 0.0275
16.9074 82 117 82 117 100.0000 10.9375 0.0027
16.9087 76 123 76 123 100.0000 10.9375 0.0469
16.9099 79 120 79 120 100.0000 10.9375 0.0562
16.9112 80 119 80 119 100.0000 10.9375 0.0580
16.9125 84 115 84 115 100.0000 10.9375 0.0052
16.9138 83 116 83 116 100.0000 10.9375 -0.0422
16.9151 81 118 81 118 100.0000 10.9375 -0.0591
16.9164 80 119 80 119 100.0000 10.9375 -0.0643
16.9176 83 116 83 116 100.0000 10.9375 -0.1149
16.9189 75 124 75 124 100.0000 10.9375 -0.0583
16.9202 83 116 83 116 100.0000 10.9375 -0.1038
16.9215 93 106 93 106 100.0000 10.9375 -0.2794
16.9227 81 118 81 118 100.0000 10.9375 -0.3039
16.9240 76 123 76 123 100.0000 10.9375 -0.2576
16.9253 81 118 81 118 100.0000 10.9375 -0.2837
16.9266 86 113 86 113 100.0000 10.9375 -0.3667
16.9279 76 123 76 123 100.0000 10.9375 -0.3230
16.9291 75 124 75 124 100.0000 10.9375 -0.2629
16.9304 73 126 73 126 100.0000 10.9375 -0.1855
16.9316 76 123 76 123 100.0000 10.9375 -0.1356
16.9329 83 116 83 116 100.0000 10.9375 -0.1614
16.9342 78 121 78 121 100.0000 10.9375 -0.1218
16.9354 84 115 84 115 100.0000 10.9375 -0.1674
16.9367 86 113 86 113 100.0000 10.9375 -0.2408
16.9380 79 120 79 120 100.0000 10.9375 -0.2145
16.9393 77 122 77 122 100.0000 10.9375 -0.1603
16.9406 77 122 77 122 100.0000 10.9375 -0.1088
16.9419 78 121 78 121 100.0000 10.9375 -0.0737
16.9431 72 127 72 127 100.0000 10.9375 0.0544
16.9444 73 126 73 126 100.0000 10.9375 0.1681
16.9457 76 123 76 123 100.0000 10.9375 0.2360
16.9469 79 120 79 120 100.0000 10.9375 0.2721
16.9482 81 118 81 118 100.0000 10.9375 0.2744
16.9495 90 109 90 109 100.0000 10.9375 0.1579
16.9508 84 115 84 115 100.0000 10.9375 0.1293
16.9520 81 118 81 118 100.0000 10.9375 0.1315
16.9533 85 114 85 114 100.0000 10.9375 0.0846
16.9547 75 124 75 124 100.0000 10.1562 0.1799
16.9560 78 121 78 121 100.0000 10.1562 0.2398
16.9572 82 117 82 117 100.0000 10.1562 0.2421
16.9585 83 116 83 116 100.0000 10.1562 0.2360
16.9598 79 120 79 120 100.0000 10.1562 0.2808
16.9610 82 117 82 117 100.0000 10.1562 0.2932
16.9623 77 122 77 122 100.0000 10.1562 0.3655
16.9636 88 111 88 111 100.0000 10.1562 0.3005
16.9649 75 124 75 124 100.0000 10.1562 0.4103
16.9662 79 120 79 120 100.0000 10.1562 0.4669
16.9674 83 116 83 116 100.0000 10.1562 0.4833
16.9687 79 120 79 120 100.0000 10.1562 0.5399
16.9700 84 115 84 115 100.0000 10.1562 0.5328
16.9712 85 114 85 114 100.0000 10.1562 0.5182
16.9725 79 120 79 120 100.0000 10.1562 0.5777
16.9737 81 118 81 118 100.0000 10.1562 0.6135
16.9750 83 116 83 116 100.0000 10.1562 0.6283
16.9763 85 114 85 114 100.0000 10.1562 0.6113
16.9775 77 122 77 122 100.0000 10.1562 0.6853
16.9788 74 125 74 125 100.0000 10.1562 0.8030
16.9800 80 119 80 119 100.0000 10.1562 0.8377
16.9813 83 116 83 116 100.0000 10.1562 0.8365
16.9826 77 122 77 122 100.0000 10.1562 0.9079
16.9838 82 117 82 117 100.0000 10.1562 0.9181
16.9851 79 120 79 120 100.0000 10.1562 0.9638
16.9864 80 119 80 119 100.0000 10.1562 0.9955
16.9876 79 120 79 120 100.0000 10.1562 1.0302
16.9889 89 110 89 110 100.0000 10.1562 0.9341
16.9902 84 115 84 115 100.0000 10.1562 0.9031
16.9914 83 116 83 116 100.0000 10.1562 0.8907
16.9927 91 108 91 108 100.0000 10.1562 0.7729
16.9939 85 114 85 114 100.0000 10.1562 0.7302
16.9952 90 109 90 109 100.0000 10.1562 0.6259
16.9964 81 118 81 118 100.0000 10.1562 0.6304
16.9977 87 112 87 112 100.0000 10.1562 0.5556
16.9991 78 121 78 121 100.0000 10.1562 0.5988
17.0004 82 117 82 117 100.0000 10.1562 0.5839
17.0017 86 113 86 113 100.0000 10.1562 0.5261
17.0030 79 120 79 120 100.0000 10.1562 0.5447
17.0043 75 124 75 124 100.0000 10.1562 0.6188
17.0056 82 117 82 117 100.0000 10.1562 0.5992
17.0069 84 115 84 115 100.0000 10.1562 0.5604
17.0081 88 111 88 111 100.0000 10.1562 0.4624
17.0094 81 118 81 118 100.0000 10.1562 0.4465
17.0107 81 118 81 118 100.0000 10.9375 0.4271
17.0119 75 124 75 124 100.0000 10.9375 0.4846
17.0132 79 120 79 120 100.0000 10.9375 0.4919
17.0145 73 126 73 126 100.0000 10.9375 0.5777
17.0158 79 120 79 120 100.0000 10.9375 0.5770
17.0170 84 115 84 115 100.0000 10.9375 0.5036
17.0183 76 123 76 123 100.0000 10.9375 0.5347
17.0196 74 125 74 125 100.0000 10.9375 0.5956
17.0209 89 110 89 110 100.0000 10.9375 0.4615
17.0221 81 118 81 118 100.0000 10.9375 0.4352
17.0234 77 122 77 122 100.0000 10.9375 0.4568
17.0246 77 122 77 122 100.0000 10.9375 0.4692
17.0259 81 118 81 118 100.0000 10.9375 0.4368
17.0272 83 116 83 116 100.0000 10.9375 0.3785
17.0284 78 121 78 121 100.0000 10.9375 0.3844
17.0298 80 119 80 119 100.0000 10.9375 0.3647
17.0311 72 127 72 127 100.0000 10.9375 0.4594
17.0323 78 121 78 121 100.0000 10.9375 0.4742
17.0336 75 124 75 124 100.0000 10.9375 0.5205
17.0349 84 115 84 115 100.0000 10.9375 0.4551
17.0362 75 124 75 124 100.0000 10.9375 0.5027
17.0374 77 122 77 122 100.0000 10.9375 0.5406
17.0387 80 119 80 119 100.0000 10.9375 0.5352
17.0400 79 120 79 120 100.0000 10.9375 0.5468
17.0413 83 116 83 116 100.0000 10.9375 0.5065
17.0426 77 122 77 122 100.0000 10.9375 0.5569
17.0438 81 118 81 118 100.0000 10.9375 0.5449
17.0451 82 117 82 117 100.0000 10.9375 0.5262
17.0464 83 116 83 116 100.0000 10.9375 0.4939
17.0477 79 120 79 120 100.0000 10.9375 0.5128
17.0490 79 120 79 120 100.0000 10.9375 0.5288
17.0503 81 118 81 118 100.0000 10.9375 0.5168
17.0516 81 118 81 118 100.0000 10.9375 0.5104
17.0529 81 118 81 118 100.0000 10.9375 0.5012
17.0541 80 119 80 119 100.0000 10.9375 0.4974
17.0554 83 116 83 116 100.0000 10.9375 0.4603
17.0567 81 118 81 118 100.0000 10.9375 0.4422
17.0580 86 113 86 113 100.0000 10.9375 0.3578
17.0593 81 118 81 118 100.0000 10.9375 0.3333
17.0606 93 106 93 106 100.0000 10.9375 0.1550
17.0618 79 120 79 120 100.0000 10.9375 0.1547
17.0631 72 127 72 127 100.0000 10.9375 0.2394
17.0644 78 121 78 121 100.0000 10.9375 0.2474
17.0657 80 119 80 119 100.0000 10.9375 0.2371
17.0670 79 120 79 120 100.0000 10.1562 0.2387
17.0683 82 117 82 117 100.0000 10.1562 0.2036
17.0696 83 116 83 116 100.0000 10.1562 0.1615
17.0708 86 113 86 113 100.0000 10.1562 0.0839
17.0721 85 114 85 114 100.0000 10.1562 0.0198
17.0734 87 112 87 112 100.0000 10.1562 -0.0641
17.0746 79 120 79 120 100.0000 10.1562 -0.0530
17.0759 84 115 84 115 100.0000 10.1562 -0.1051
17.0772 92 107 92 107 100.0000 10.1562 -0.2491
17.0784 81 118 81 118 100.0000 10.1562 -0.2546
17.0797 76 123 76 123 100.0000 10.1562 -0.1894
17.0810 81 118 81 118 100.0000 10.1562 -0.1979
17.0823 82 117 82 117 100.0000 10.1562 -0.2059
17.0836 88 111 88 111 100.0000 10.1562 -0.2896
17.0849 83 116 83 116 100.0000 10.1562 -0.3071
17.0862 73 126 73 126 100.0000 10.1562 -0.1919
17.0874 76 123 76 123 100.0000 10.1562 -0.1090
17.0887 76 123 76 123 100.0000 10.1562 -0.0294
17.0900 85 114 85 114 100.0000 10.1562 -0.0647
17.0913 76 123 76 123 100.0000 10.1562 0.0215
17.0926 88 111 88 111 100.0000 10.1562 -0.0431
17.0939 77 122 77 122 100.0000 10.1562 0.0342
17.0952 78 121 78 121 100.0000 10.1562 0.0885
17.0964 80 119 80 119 100.0000 10.1562 0.1182
17.0977 87 112 87 112 100.0000 10.1562 0.0553
17.0990 82 117 82 117 100.0000 10.1562 0.0596
17.1003 85 114 85 114 100.0000 10.1562 0.0320
17.1016 81 118 81 118 100.0000 10.1562 0.0456
17.1028 82 117 82 117 100.0000 10.1562 0.0536
17.1041 90 109 90 109 100.0000 10.1562 -0.0452
17.1054 77 122 77 122 100.0000 10.1562 0.0258
17.1067 82 117 82 117 100.0000 10.1562 0.0220
17.1080 85 114 85 114 100.0000 10.1562 -0.0136
17.1093 91 108 91 108 100.0000 10.1562 -0.1302
17.1106 83 116 83 116 100.0000 10.1562 -0.1404
17.1119 82 117 82 117 100.0000 10.1562 -0.1522
17.1131 81 118 81 118 100.0000 10.1562 -0.1551
17.1144 79 120 79 120 100.0000 10.1562 -0.1242
17.1157 86 113 86 113 100.0000 10.1562 -0.1913
17.1170 93 106 93 106 100.0000 10.1562 -0.3468
17.1183 81 118 81 118 100.0000 10.1562 -0.3490
17.1196 78 121 78 121 100.0000 10.1562 -0.3097
17.1209 80 119 80 119 100.0000 10.1562 -0.2958
17.1221 76 123 76 123 100.0000 10.1562 -0.2374
17.1234 82 117 82 117 100.0000 10.1562 -0.2531
17.1247 81 118 81 118 100.0000 10.1562 -0.2569
17.1260 76 123 76 123 100.0000 10.1562 -0.1987
17.1272 81 118 81 118 100.0000 10.1562 -0.2056
17.1285 80 119 80 119 100.0000 10.1562 -0.1937
17.1299 83 116 83 116 100.0000 10.9375 -0.2308
17.1311 80 119 80 119 100.0000 10.9375 -0.2196
17.1324 78 121 78 121 100.0000 10.9375 -0.1812
17.1337 81 118 81 118 100.0000 10.9375 -0.1786
17.1350 84 115 84 115 100.0000 10.9375 -0.2239
17.1362 80 119 80 119 100.0000 10.9375 -0.2210
17.1375 77 122 77 122 100.0000 10.9375 -0.1689
17.1388 81 118 81 118 100.0000 10.9375 -0.1680
17.1400 80 119 80 119 100.0000 10.9375 -0.1625
17.1413 85 114 85 114 100.0000 10.9375 -0.2205
17.1426 76 123 76 123 100.0000 10.9375 -0.1643
17.1438 76 123 76 123 100.0000 10.9375 -0.1018
17.1451 77 122 77 122 100.0000 10.9375 -0.0509
17.1464 82 117 82 117 100.0000 10.9375 -0.0708
17.1476 76 123 76 123 100.0000 10.9375 -0.0141
17.1489 79 120 79 120 100.0000 10.9375 0.0077
17.1501 73 126 73 126 100.0000 10.9375 0.1042
17.1514 75 124 75 124 100.0000 10.9375 0.1773
17.1527 77 122 77 122 100.0000 10.9375 0.2234
17.1540 77 122 77 122 100.0000 10.9375 0.2713
17.1552 83 116 83 116 100.0000 10.9375 0.2402
17.1565 86 113 86 113 100.0000 10.9375 0.1675
17.1577 76 123 76 123 100.0000 10.9375 0.2208
17.1590 75 124 75 124 100.0000 10.9375 0.2961
17.1603 79 120 79 120 100.0000 10.9375 0.3081
17.1616 89 110 89 110 100.0000 10.9375 0.2044
17.1628 78 121 78 121 100.0000 10.9375 0.2369
17.1641 78 121 78 121 100.0000 10.9375 0.2763
17.1654 83 116 83 116 100.0000 10.9375 0.2418
17.1666 85 114 85 114 100.0000 10.9375 0.1830
17.1679 82 117 82 117 100.0000 10.9375 0.1627
17.1692 78 121 78 121 100.0000 10.9375 0.1960
17.1705 71 128 71 128 100.0000 10.9375 0.3208
17.1718 88 111 88 111 100.0000 10.9375 0.2209
17.1730 80 119 80 119 100.0000 10.9375 0.2219
17.1743 76 123 76 123 100.0000 10.9375 0.2734
17.1756 81 118 81 118 100.0000 10.9375 0.2599
17.1769 83 116 83 116 100.0000 10.9375 0.2159
17.1782 83 116 83 116 100.0000 10.9375 0.1707
17.1794 80 119 80 119 100.0000 10.9375 0.1715
17.1807 81 118 81 118 100.0000 10.9375 0.1449
17.1820 75 124 75 124 100.0000 10.9375 0.2039
17.1832 87 112 87 112 100.0000 10.9375 0.1065
17.1845 85 114 85 114 100.0000 10.9375 0.0354
17.1857 77 122 77 122 100.0000 10.9375 0.0657
17.1870 84 115 84 115 100.0000 10.9375 0.0163
17.1882 85 114 85 114 100.0000 10.9375 -0.0537
17.1895 87 112 87 112 100.0000 10.9375 -0.1498
17.1907 76 123 76 123 100.0000 10.9375 -0.1026
17.1919 83 116 83 116 100.0000 10.9375 -0.1430
17.1932 80 119 80 119 100.0000 10.9375 -0.1455
17.1944 83 116 83 116 100.0000 10.9375 -0.1798
17.1956 96 103 96 103 100.0000 10.9375 -0.3784
17.1969 84 115 84 115 100.0000 10.9375 -0.4314
17.1981 86 113 86 113 100.0000 10.9375 -0.5032
17.1994 87 112 87 112 100.0000 10.9375 -0.5931
17.2006 72 127 72 127 100.0000 10.9375 -0.4986
17.2019 76 123 76 123 100.0000 10.9375 -0.4548
17.2032 83 116 83 116 100.0000 10.9375 -0.4865
17.2044 85 114 85 114 100.0000 10.9375 -0.5431
17.2057 81 118 81 118 100.0000 10.9375 -0.5489
17.2070 77 122 77 122 100.0000 10.9375 -0.5093
17.2083 79 120 79 120 100.0000 10.1562 -0.4869
17.2096 80 119 80 119 100.0000 10.1562 -0.4808
17.2108 77 122 77 122 100.0000 10.1562 -0.4260
17.2121 78 121 78 121 100.0000 10.1562 -0.3836
17.2134 75 124 75 124 100.0000 10.1562 -0.3068
17.2147 80 119 80 119 100.0000 10.1562 -0.3005
17.2159 82 117 82 117 100.0000 10.1562 -0.3056
17.2172 79 120 79 120 100.0000 10.1562 -0.2696
17.2185 86 113 86 113 100.0000 10.1562 -0.3222
17.2198 78 121 78 121 100.0000 10.1562 -0.2758
17.2211 77 122 77 122 100.0000 10.1562 -0.2024
17.2223 78 121 78 121 100.0000 10.1562 -0.1529
17.2236 80 119 80 119 100.0000 10.1562 -0.1226
17.2249 82 117 82 117 100.0000 10.1562 -0.1142
17.2261 78 121 78 121 100.0000 10.1562 -0.0636
17.2274 80 119 80 119 100.0000 10.1562 -0.0291
17.2287 79 120 79 120 100.0000 10.1562 0.0124
17.2300 80 119 80 119 100.0000 10.1562 0.0447
17.2313 85 114 85 114 100.0000 10.1562 0.0103
17.2326 83 116 83 116 100.0000 10.1562 0.0094
17.2338 80 119 80 119 100.0000 10.1562 0.0482
17.2351 81 118 81 118 100.0000 10.1562 0.0714
17.2364 84 115 84 115 100.0000 10.1562 0.0490
17.2376 81 118 81 118 100.0000 10.1562 0.0609
17.2389 81 118 81 118 100.0000 10.1562 0.0749
17.2401 77 122 77 122 100.0000 10.1562 0.1319
17.2414 83 116 83 116 100.0000 10.1562 0.1229
17.2427 74 125 74 125 100.0000 10.9375 0.2141
17.2440 86 113 86 113 100.0000 10.9375 0.1472
17.2452 81 118 81 118 100.0000 10.9375 0.1452
17.2465 87 112 87 112 100.0000 10.9375 0.0667
17.2478 82 117 82 117 100.0000 10.9375 0.0552
17.2491 78 121 78 121 100.0000 10.9375 0.0870
17.2503 74 125 74 125 100.0000 10.9375 0.1657
17.2516 82 117 82 117 100.0000 10.9375 0.1504
17.2529 72 127 72 127 100.0000 10.9375 0.2619
17.2541 78 121 78 121 100.0000 10.9375 0.2913
17.2554 88 111 88 111 100.0000 10.9375 0.2031
17.2566 80 119 80 119 100.0000 10.9375 0.2185
17.2579 83 116 83 116 100.0000 10.9375 0.1932
17.2591 82 117 82 117 100.0000 10.9375 0.1778
17.2604 85 114 85 114 100.0000 10.9375 0.1280
17.2617 83 116 83 116 100.0000 10.9375 0.1057
17.2629 82 117 82 117 100.0000 10.9375 0.0890
17.2642 86 113 86 113 100.0000 10.9375 0.0255
17.2654 79 120 79 120 100.0000 10.9375 0.0524
17.2667 80 119 80 119 100.0000 10.9375 0.0689
17.2679 86 113 86 113 100.0000 10.9375 0.0049
17.2692 83 116 83 116 100.0000 10.9375 -0.0211
17.2704 83 116 83 116 100.0000 10.9375 -0.0535
17.2717 75 124 75 124 100.0000 10.9375 0.0181
17.2729 74 125 74 125 100.0000 10.9375 0.0957
17.2742 77 122 77 122 100.0000 10.9375 0.1434
17.2755 91 108 91 108 100.0000 10.9375 0.0193
17.2768 81 118 81 118 100.0000 10.9375 0.0177
17.2781 75 124 75 124 100.0000 10.9375 0.0894
17.2793 84 115 84 115 100.0000 10.9375 0.0509
17.2806 82 117 82 117 100.0000 10.9375 0.0410
17.2818 81 118 81 118 100.0000 10.9375 0.0352
17.2831 84 115 84 115 100.0000 10.9375 0.0009
17.2844 81 118 81 118 100.0000 10.9375 0.0002
17.2856 82 117 82 117 100.0000 10.9375 -0.0143
17.2869 86 113 86 113 100.0000 10.9375 -0.0797
17.2882 85 114 85 114 100.0000 10.9375 -0.1256
17.2895 84 115 84 115 100.0000 10.9375 -0.1585
17.2907 78 121 78 121 100.0000 10.9375 -0.1143
17.2920 85 114 85 114 100.0000 10.9375 -0.1533
17.2932 81 118 81 118 100.0000 10.9375 -0.1483
17.2945 84 115 84 115 100.0000 10.9375 -0.1847
17.2957 88 111 88 111 100.0000 10.9375 -0.2698
17.2970 81 118 81 118 100.0000 10.9375 -0.2651
17.2983 89 110 89 110 100.0000 10.9375 -0.3641
17.2996 73 126 73 126 100.0000 9.3750 -0.2437
17.3008 80 119 80 119 100.0000 9.3750 -0.2069
17.3021 84 115 84 115 100.0000 9.3750 -0.2305
17.3034 80 119 80 119 100.0000 9.3750 -0.2031
17.3047 74 125 74 125 100.0000 9.3750 -0.0918
17.3060 81 118 81 118 100.0000 9.3750 -0.0830
17.3073 77 122 77 122 100.0000 9.3750 -0.0171
17.3086 97 102 97 102 100.0000 9.3750 -0.2060
17.3098 86 113 86 113 100.0000 9.3750 -0.2511
17.3111 77 122 77 122 100.0000 9.3750 -0.1775
17.3124 78 121 78 121 100.0000 9.3750 -0.1260
17.3137 81 118 81 118 100.0000 9.3750 -0.1022
17.3149 80 119 80 119 100.0000 9.3750 -0.0675
17.3162 88 111 88 111 100.0000 9.3750 -0.1301
17.3174 79 120 79 120 100.0000 9.3750 -0.0821
17.3187 86 113 86 113 100.0000 9.3750 -0.1208
17.3199 87 112 87 112 100.0000 9.3750 -0.1736
17.3212 71 128 71 128 100.0000 9.3750 -0.0191
17.3225 82 117 82 117 100.0000 9.3750 -0.0108
17.3238 84 115 84 115 100.0000 9.3750 -0.0268
17.3250 82 117 82 117 100.0000 9.3750 -0.0283
17.3263 86 113 86 113 100.0000 9.3750 -0.0746
17.3275 84 115 84 115 100.0000 9.3750 -0.1028
17.3289 87 112 87 112 100.0000 9.3750 -0.1601
17.3301 83 116 83 116 100.0000 9.3750 -0.1688
17.3314 75 124 75 124 100.0000 9.3750 -0.0831
17.3326 81 118 81 118 100.0000 9.3750 -0.0698
17.3339 81 118 81 118 100.0000 9.3750 -0.0567
17.3352 83 116 83 116 100.0000 9.3750 -0.0742
17.3365 72 127 72 127 100.0000 9.3750 0.0436
17.3377 84 115 84 115 100.0000 9.3750 0.0013
17.3390 78 121 78 121 100.0000 9.3750 0.0451
17.3403 80 119 80 119 100.0000 9.3750 0.0626
17.3416 77 122 77 122 100.0000 9.3750 0.1160
17.3429 77 122 77 122 100.0000 9.3750 0.1707
17.3441 82 117 82 117 100.0000 9.3750 0.1702
17.3454 84 115 84 115 100.0000 9.3750 0.1478
17.3467 86 113 86 113 100.0000 9.3750 0.1029
17.3479 89 110 89 110 100.0000 9.3750 0.0082
17.3492 79 120 79 120 100.0000 9.3750 0.0574
17.3505 84 115 84 115 100.0000 9.3750 0.0363
17.3517 80 119 80 119 100.0000 9.3750 0.0725
17.3530 90 109 90 109 100.0000 9.3750 -0.0157
17.3542 86 113 86 113 100.0000 9.3750 -0.0571
17.3555 72 127 72 127 100.0000 8.5938 0.0991
17.3568 80 119 80 119 100.0000 8.5938 0.1458
17.3581 82 117 82 117 100.0000 8.5938 0.1603
17.3594 81 118 81 118 100.0000 8.5938 0.1888
17.3606 89 110 89 110 100.0000 8.5938 0.1119
17.3619 85 114 85 114 100.0000 8.5938 0.0858
17.3632 88 111 88 111 100.0000 8.5938 0.0182
17.3644 81 118 81 118 100.0000 8.5938 0.0431
17.3657 75 124 75 124 100.0000 8.5938 0.1369
17.3670 80 119 80 119 100.0000 8.5938 0.1667
17.3683 85 114 85 114 100.0000 8.5938 0.1377
17.3695 87 112 87 112 100.0000 8.5938 0.0887
17.3708 73 126 73 126 100.0000 8.5938 0.2122
17.3721 80 119 80 119 100.0000 8.5938 0.2486
17.3733 80 119 80 119 100.0000 8.5938 0.2755
17.3746 83 116 83 116 100.0000 8.5938 0.2795
17.3759 91 108 91 108 100.0000 8.5938 0.1720
17.3771 83 116 83 116 100.0000 8.5938 0.1744
17.3784 79 120 79 120 100.0000 8.5938 0.2232
17.3797 85 114 85 114 100.0000 8.5938 0.2034
17.3810 81 118 81 118 100.0000 8.5938 0.2388
17.3823 80 119 80 119 100.0000 8.5938 0.2848
17.3835 93 106 93 106 100.0000 8.5938 0.1690
17.3848 83 116 83 116 100.0000 8.5938 0.1791
17.3861 78 121 78 121 100.0000 8.5938 0.2508
17.3873 76 123 76 123 100.0000 8.5938 0.3440
17.3887 89 110 89 110 100.0000 8.5938 0.2689
17.3899 86 113 86 113 100.0000 8.5938 0.2249
17.3912 89 110 89 110 100.0000 8.5938 0.1456
17.3925 85 114 85 114 100.0000 8.5938 0.1167
17.3937 78 121 78 121 100.0000 8.5938 0.1603
17.3950 92 107 92 107 100.0000 8.5938 0.0250
17.3963 85 114 85 114 100.0000 8.5938 -0.0166
17.3976 78 121 78 121 100.0000 8.5938 0.0312
17.3989 90 109 90 109 100.0000 8.5938 -0.0861
17.4001 82 117 82 117 100.0000 8.5938 -0.0972
17.4014 83 116 83 116 100.0000 8.5938 -0.1224
17.4027 80 119 80 119 100.0000 8.5938 -0.1029
17.4039 89 110 89 110 100.0000 8.5938 -0.2102
17.4052 78 121 78 121 100.0000 8.5938 -0.1704
17.4065 81 118 81 118 100.0000 8.5938 -0.1769
17.4078 81 118 81 118 100.0000 8.5938 -0.1787
17.4091 80 119 80 119 100.0000 8.5938 -0.1622
17.4104 86 113 86 113 100.0000 6.2500 -0.1918
17.4117 97 102 97 102 100.0000 6.2500 -0.3644
17.4129 86 113 86 113 100.0000 6.2500 -0.3921
17.4143 85 114 85 114 100.0000 6.2500 -0.4122
17.4156 86 113 86 113 100.0000 6.2500 -0.4434
17.4169 89 110 89 110 100.0000 6.2500 -0.5047
17.4181 81 118 81 118 100.0000 6.2500 -0.4720
17.4194 83 116 83 116 100.0000 6.2500 -0.4533
17.4207 91 108 91 108 100.0000 6.2500 -0.5384
17.4220 80 119 80 119 100.0000 6.2500 -0.4849
17.4233 84 115 84 115 100.0000 6.2500 -0.4860
17.4246 84 115 84 115 100.0000 6.2500 -0.4798
17.4259 83 116 83 116 100.0000 6.2500 -0.4593
17.4271 81 118 81 118 100.0000 6.2500 -0.4165
17.4284 90 109 90 109 100.0000 6.2500 -0.4865
17.4296 86 113 86 113 100.0000 6.2500 -0.5053
17.4309 89 110 89 110 100.0000 6.2500 -0.5692
17.4322 86 113 86 113 100.0000 6.2500 -0.5911
17.4334 87 112 87 112 100.0000 6.2500 -0.6242
17.4348 82 117 82 117 100.0000 6.2500 -0.5935
17.4360 85 114 85 114 100.0000 6.2500 -0.5909
17.4373 88 111 88 111 100.0000 6.2500 -0.6287
17.4386 84 115 84 115 100.0000 6.2500 -0.6086
17.4399 85 114 85 114 100.0000 6.2500 -0.6103
17.4411 86 113 86 113 100.0000 6.2500 -0.6171
17.4424 87 112 87 112 100.0000 6.2500 -0.6426
17.4436 88 111 88 111 100.0000 6.2500 -0.6766
17.4449 85 114 85 114 100.0000 6.2500 -0.6697
17.4462 80 119 80 119 100.0000 6.2500 -0.6023
17.4474 91 108 91 108 100.0000 6.2500 -0.6735
17.4487 85 114 85 114 100.0000 6.2500 -0.6622
17.4500 85 114 85 114 100.0000 6.2500 -0.6467
17.4512 80 119 80 119 100.0000 6.2500 -0.5717
17.4525 87 112 87 112 100.0000 6.2500 -0.5831
17.4538 84 115 84 115 100.0000 6.2500 -0.5566
17.4550 82 117 82 117 100.0000 6.2500 -0.4957
17.4563 89 110 89 110 100.0000 6.2500 -0.5296
17.4576 77 122 77 122 100.0000 6.2500 -0.4156
17.4588 87 112 87 112 100.0000 6.2500 -0.4153
17.4601 83 116 83 116 100.0000 6.2500 -0.3715
17.4614 84 115 84 115 100.0000 6.2500 -0.3389
17.4626 90 109 90 109 100.0000 6.2500 -0.3811
17.4639 80 119 80 119 100.0000 6.2500 -0.3022
17.4651 81 118 81 118 100.0000 6.2500 -0.2368
17.4664 85 114 85 114 100.0000 6.2500 -0.2121
17.4678 58 141 58 141 100.0000 35.9375 -0.2268
17.4690 59 140 59 140 100.0000 35.9375 -0.2445
17.4703 56 143 56 143 100.0000 35.9375 -0.2325
17.4716 47 152 47 152 100.0000 35.9375 -0.1040
17.4729 55 144 55 144 100.0000 35.9375 -0.0779
17.4742 49 150 49 150 100.0000 35.9375 0.0162
17.4755 51 148 51 148 100.0000 35.9375 0.0892
17.4768 59 140 59 140 100.0000 35.9375 0.0591
17.4780 58 141 58 141 100.0000 35.9375 0.0445
17.4793 54 145 54 145 100.0000 35.9375 0.0757
17.4806 59 140 59 140 100.0000 35.9375 0.0492
17.4819 52 147 52 147 100.0000 35.9375 0.1093
17.4832 58 141 58 141 100.0000 35.9375 0.0987
17.4844 57 142 57 142 100.0000 35.9375 0.1014
17.4857 56 143 56 143 100.0000 35.9375 0.1145
17.4869 56 143 56 143 100.0000 35.9375 0.1282
17.4882 52 147 52 147 100.0000 35.9375 0.1788
17.4895 62 137 62 137 100.0000 35.9375 0.1084
17.4908 54 145 54 145 100.0000 35.9375 0.1342
17.4921 54 145 54 145 100.0000 35.9375 0.1635
17.4934 52 147 52 147 100.0000 35.9375 0.2161
17.4947 50 149 50 149 100.0000 35.9375 0.2917
17.4959 56 143 56 143 100.0000 35.9375 0.2865
17.4972 59 140 59 140 100.0000 35.9375 0.2493
17.4985 54 145 54 145 100.0000 35.9375 0.2719
17.4998 57 142 57 142 100.0000 35.9375 0.2497
17.5010 48 151 48 151 100.0000 35.9375 0.3467
17.5023 56 143 56 143 100.0000 35.9375 0.3449
17.5035 52 147 52 147 100.0000 35.9375 0.3846
17.5048 50 149 50 149 100.0000 35.9375 0.4515
17.5061 52 147 52 147 100.0000 35.9375 0.4978
17.5073 56 143 56 143 100.0000 35.9375 0.4826
17.5086 52 147 52 147 100.0000 35.9375 0.5211
17.5099 58 141 58 141 100.0000 35.9375 0.4815
17.5111 51 148 51 148 100.0000 35.9375 0.5292
17.5124 58 141 58 141 100.0000 35.9375 0.4985
17.5137 54 145 54 145 100.0000 35.9375 0.5107
17.5149 55 144 55 144 100.0000 35.9375 0.5082
17.5162 51 148 51 148 100.0000 35.9375 0.5573
17.5175 55 144 55 144 100.0000 35.9375 0.5600
17.5188 51 148 51 148 100.0000 35.9375 0.6109
17.5200 52 147 52 147 100.0000 35.9375 0.6401
17.5213 55 144 55 144 100.0000 35.9375 0.6371
17.5226 20 179 20 179 100.0000 67.9688 0.6713
17.5240 19 180 19 180 100.0000 67.9688 0.7140
17.5252 17 182 17 182 100.0000 67.9688 0.7788
17.5265 23 176 23 176 100.0000 67.9688 0.7688
17.5278 18 181 18 181 100.0000 67.9688 0.8202
17.5290 21 178 21 178 100.0000 67.9688 0.8328
17.5303 32 167 32 167 100.0000 67.9688 0.7085
17.5315 23 176 23 176 100.0000 67.9688 0.6994
17.5328 14 185 14 185 100.0000 67.9688 0.8055
17.5341 28 171 28 171 100.0000 67.9688 0.7257
17.5354 19 180 19 180 100.0000 67.9688 0.7570
17.5367 29 170 29 170 100.0000 67.9688 0.6622
17.5379 14 185 14 185 100.0000 67.9688 0.7639
17.5392 24 175 24 175 100.0000 67.9688 0.7399
17.5405 30 169 30 169 100.0000 67.9688 0.6433
17.5417 18 181 18 181 100.0000 67.9688 0.6979
17.5430 25 174 25 174 100.0000 67.9688 0.6584
17.5443 22 177 22 177 100.0000 67.9688 0.6654
17.5456 22 177 22 177 100.0000 67.9688 0.6715
17.5468 24 175 24 175 100.0000 67.9688 0.6479
17.5481 28 171 28 171 100.0000 67.9688 0.5792
17.5494 25 174 25 174 100.0000 67.9688 0.5449
17.5507 21 178 21 178 100.0000 67.9688 0.5664
17.5519 20 179 20 179 100.0000 67.9688 0.5982
17.5532 18 181 18 181 100.0000 67.9688 0.6616
17.5544 33 166 33 166 100.0000 67.9688 0.5376
17.5557 27 172 27 172 100.0000 67.9688 0.4924
17.5569 24 175 24 175 100.0000 67.9688 0.4798
17.5582 25 174 25 174 100.0000 67.9688 0.4589
17.5595 21 178 21 178 100.0000 67.9688 0.4844
17.5608 34 165 34 165 100.0000 67.9688 0.3493
17.5620 30 169 30 169 100.0000 67.9688 0.2678
17.5633 30 169 30 169 100.0000 67.9688 0.1785
17.5645 26 173 26 173 100.0000 67.9688 0.1398
17.5658 23 176 23 176 100.0000 67.9688 0.1394
17.5670 26 173 26 173 100.0000 67.9688 0.0955
17.5683 15 184 15 184 100.0000 67.9688 0.1910
17.5695 21 178 21 178 100.0000 67.9688 0.2191
17.5708 17 182 17 182 100.0000 67.9688 0.2887
17.5721 26 173 26 173 100.0000 67.9688 0.2538
17.5733 22 177 22 177 100.0000 67.9688 0.2571
17.5746 34 165 34 165 100.0000 67.9688 0.1184
17.5758 28 171 28 171 100.0000 67.9688 0.0519
17.5771 26 173 26 173 100.0000 67.9688 0.0145
17.5784 22 177 22 177 100.0000 67.9688 0.0325
17.5797 94 105 94 105 100.0000 3.1250 -0.0408
17.5810 86 113 86 113 100.0000 3.1250 -0.0083
17.5823 90 109 90 109 100.0000 3.1250 -0.0239
17.5835 91 108 91 108 100.0000 3.1250 -0.0556
17.5848 87 112 87 112 100.0000 3.1250 -0.0280
17.5861 93 106 93 106 100.0000 3.1250 -0.0769
17.5874 94 105 94 105 100.0000 3.1250 -0.1488
17.5886 87 112 87 112 100.0000 3.1250 -0.1291
17.5899 88 111 88 111 100.0000 3.1250 -0.1228
17.5912 91 108 91 108 100.0000 3.1250 -0.1448
17.5924 86 113 86 113 100.0000 3.1250 -0.1058
17.5937 83 116 83 116 100.0000 3.1250 -0.0288
17.5950 85 114 85 114 100.0000 3.1250 0.0200
17.5962 95 104 95 104 100.0000 3.1250 -0.0567
17.5975 90 109 90 109 100.0000 3.1250 -0.0740
17.5989 92 107 92 107 100.0000 3.1250 -0.1129
17.6001 91 108 91 108 100.0000 3.1250 -0.1427
17.6014 92 107 92 107 100.0000 3.1250 -0.1782
17.6027 99 100 99 100 100.0000 3.1250 -0.3055
17.6040 84 115 84 115 100.0000 3.1250 -0.2437
17.6052 92 107 92 107 100.0000 3.1250 -0.2855
17.6065 92 107 92 107 100.0000 3.1250 -0.3272
17.6078 84 115 84 115 100.0000 3.1250 -0.2685
17.6091 87 112 87 112 100.0000 3.1250 -0.2414
17.6104 89 110 89 110 100.0000 3.1250 -0.2420
17.6116 89 110 89 110 100.0000 3.1250 -0.2408
17.6129 79 120 79 120 100.0000 3.1250 -0.1145
17.6142 82 117 82 117 100.0000 3.1250 -0.0266
17.6155 93 106 93 106 100.0000 3.1250 -0.0733
17.6168 88 111 88 111 100.0000 3.1250 -0.0616
17.6180 89 110 89 110 100.0000 3.1250 -0.0669
17.6194 87 112 87 112 100.0000 3.1250 -0.0407
17.6207 94 105 94 105 100.0000 3.1250 -0.1079
17.6220 89 110 89 110 100.0000 3.1250 -0.1019
17.6233 86 113 86 113 100.0000 3.1250 -0.0534
17.6245 85 114 85 114 100.0000 3.1250 -0.0011
17.6258 93 106 93 106 100.0000 3.1250 -0.0412
17.6271 82 117 82 117 100.0000 3.1250 0.0575
17.6284 87 112 87 112 100.0000 3.1250 0.0865
17.6296 88 111 88 111 100.0000 3.1250 0.1066
17.6309 91 108 91 108 100.0000 3.1250 0.0838
17.6322 91 108 91 108 100.0000 3.1250 0.0598
17.6334 87 112 87 112 100.0000 3.1250 0.0808
17.6347 96 103 96 103 100.0000 3.1250 -0.0087
17.6360 91 108 91 108 100.0000 3.1250 -0.0375
17.6372 83 116 83 116 100.0000 2.3438 0.0515
17.6385 89 110 89 110 100.0000 2.3438 0.0606
17.6398 81 118 81 118 100.0000 2.3438 0.1661
17.6410 85 114 85 114 100.0000 2.3438 0.2227
17.6423 92 107 92 107 100.0000 2.3438 0.1937
17.6436 85 114 85 114 100.0000 2.3438 0.2478
17.6448 90 109 90 109 100.0000 2.3438 0.2342
17.6461 94 105 94 105 100.0000 2.3438 0.1807
17.6474 90 109 90 109 100.0000 2.3438 0.1660
17.6487 88 111 88 111 100.0000 2.3438 0.1867
17.6500 93 106 93 106 100.0000 2.3438 0.1396
17.6513 96 103 96 103 100.0000 2.3438 0.0576
17.6525 92 107 92 107 100.0000 2.3438 0.0246
17.6538 90 109 90 109 100.0000 2.3438 0.0202
17.6551 91 108 91 108 100.0000 2.3438 -0.0045
17.6564 88 111 88 111 100.0000 2.3438 0.0132
17.6577 94 105 94 105 100.0000 2.3438 -0.0504
17.6589 90 109 90 109 100.0000 2.3438 -0.0656
17.6602 88 111 88 111 100.0000 2.3438 -0.0593
17.6614 94 105 94 105 100.0000 2.3438 -0.1264
17.6627 89 110 89 110 100.0000 2.3438 -0.1285
17.6640 90 109 90 109 100.0000 2.3438 -0.1382
17.6653 87 112 87 112 100.0000 2.3438 -0.1122
17.6665 98 101 98 101 100.0000 2.3438 -0.2246
17.6678 89 110 89 110 100.0000 2.3438 -0.2251
17.6691 93 106 93 106 100.0000 2.3438 -0.2699
17.6703 94 105 94 105 100.0000 2.3438 -0.3275
17.6716 88 111 88 111 100.0000 2.3438 -0.3140
17.6728 98 101 98 101 100.0000 2.3438 -0.4146
17.6741 92 107 92 107 100.0000 2.3438 -0.4471
17.6754 85 114 85 114 100.0000 2.3438 -0.3950
17.6766 89 110 89 110 100.0000 2.3438 -0.3887
17.6779 89 110 89 110 100.0000 2.3438 -0.3776
17.6792 90 109 90 109 100.0000 2.3438 -0.3763
17.6805 88 111 88 111 100.0000 2.3438 -0.3471
17.6817 90 109 90 109 100.0000 2.3438 -0.3548
17.6830 92 107 92 107 100.0000 2.3438 -0.3888
17.6843 91 108 91 108 100.0000 2.3438 -0.4102
17.6855 89 110 89 110 100.0000 2.3438 -0.4112
17.6868 96 103 96 103 100.0000 2.3438 -0.4928
17.6881 83 116 83 116 100.0000 2.3438 -0.4129
17.6893 90 109 90 109 100.0000 2.3438 -0.4258
17.6905 92 107 92 107 100.0000 2.3438 -0.4638
17.6918 87 112 87 112 100.0000 2.3438 -0.4500
17.6930 88 111 88 111 100.0000 2.3438 -0.4402
17.6943 97 102 97 102 100.0000 2.3438 -0.5451
17.6956 86 113 86 113 100.0000 2.3438 -0.5131
17.6968 91 108 91 108 100.0000 2.3438 -0.5484
17.6981 88 111 88 111 100.0000 2.3438 -0.5450
17.6993 84 115 84 115 100.0000 2.3438 -0.4965
17.7006 93 106 93 106 100.0000 2.3438 -0.5583
17.7019 93 106 93 106 100.0000 2.3438 -0.6243
17.7032 83 116 83 116 100.0000 2.3438 -0.5586
17.7044 87 112 87 112 100.0000 2.3438 -0.5470
17.7057 92 107 92 107 100.0000 2.3438 -0.6022
17.7070 85 114 85 114 100.0000 2.3438 -0.5649
17.7085 92 107 92 107 100.0000 3.1250 -0.6318
17.7097 89 110 89 110 100.0000 3.1250 -0.6503
17.7110 91 108 91 108 100.0000 3.1250 -0.7025
17.7123 89 110 89 110 100.0000 3.1250 -0.7207
17.7136 84 115 84 115 100.0000 3.1250 -0.6714
17.7149 91 108 91 108 100.0000 3.1250 -0.7144
17.7162 93 106 93 106 100.0000 3.1250 -0.7847
17.7175 87 112 87 112 100.0000 3.1250 -0.7836
17.7188 81 118 81 118 100.0000 3.1250 -0.6958
17.7200 83 116 83 116 100.0000 3.1250 -0.6354
17.7213 86 113 86 113 100.0000 3.1250 -0.6109
17.7226 90 109 90 109 100.0000 3.1250 -0.6403
17.7238 90 109 90 109 100.0000 3.1250 -0.6708
17.7251 89 110 89 110 100.0000 3.1250 -0.6824
17.7264 81 118 81 118 100.0000 3.1250 -0.5938
17.7276 77 122 77 122 100.0000 3.1250 -0.4500
17.7289 84 115 84 115 100.0000 3.1250 -0.3932
17.7302 86 113 86 113 100.0000 3.1250 -0.3698
17.7315 90 109 90 109 100.0000 3.1250 -0.3932
17.7327 92 107 92 107 100.0000 3.1250 -0.4361
17.7340 85 114 85 114 100.0000 3.1250 -0.3929
17.7352 82 117 82 117 100.0000 3.1250 -0.3108
17.7365 84 115 84 115 100.0000 3.1250 -0.2602
17.7378 89 110 89 110 100.0000 3.1250 -0.2779
17.7390 77 122 77 122 100.0000 3.1250 -0.1375
17.7403 86 113 86 113 100.0000 3.1250 -0.1102
17.7415 86 113 86 113 100.0000 3.1250 -0.0930
17.7428 83 116 83 116 100.0000 3.1250 -0.0349
17.7441 92 107 92 107 100.0000 3.1250 -0.0882
17.7453 84 115 84 115 100.0000 3.1250 -0.0443
17.7466 88 111 88 111 100.0000 3.1250 -0.0560
17.7478 96 103 96 103 100.0000 3.1250 -0.1691
17.7491 91 108 91 108 100.0000 3.1250 -0.2132
17.7504 91 108 91 108 100.0000 3.1250 -0.2618
17.7517 84 115 84 115 100.0000 3.1250 -0.2328
17.7529 96 103 96 103 100.0000 3.1250 -0.3494
17.7542 84 115 84 115 100.0000 3.1250 -0.3129
17.7555 89 110 89 110 100.0000 3.1250 -0.3374
17.7567 88 111 88 111 100.0000 3.1250 -0.3571
17.7580 87 112 87 112 100.0000 3.1250 -0.3606
17.7593 90 109 90 109 100.0000 3.1250 -0.4025
17.7606 87 112 87 112 100.0000 3.1250 -0.4020
17.7618 86 113 86 113 100.0000 3.1250 -0.3923
17.7631 89 110 89 110 100.0000 3.1250 -0.4184
17.7644 81 118 81 118 100.0000 3.1250 -0.3506
17.7657 85 114 85 114 100.0000 3.1250 -0.3296
17.7669 89 110 89 110 100.0000 3.1250 -0.3627
17.7682 91 108 91 108 100.0000 3.1250 -0.4243
17.7695 87 112 87 112 100.0000 3.1250 -0.4314
17.7707 87 112 87 112 100.0000 3.1250 -0.4275
17.7720 88 111 88 111 100.0000 3.1250 -0.4467
17.7732 81 118 81 118 100.0000 3.1250 -0.3772
17.7745 88 111 88 111 100.0000 3.1250 -0.3915
17.7757 84 115 84 115 100.0000 3.1250 -0.3566
17.7770 93 106 93 106 100.0000 3.1250 -0.4278
17.7783 85 114 85 114 100.0000 3.1250 -0.4007
17.7795 83 116 83 116 100.0000 3.1250 -0.3502
17.7808 89 110 89 110 100.0000 3.1250 -0.3807
17.7821 85 114 85 114 100.0000 3.1250 -0.3603
17.7834 93 106 93 106 100.0000 3.1250 -0.4381
17.7846 87 112 87 112 100.0000 3.1250 -0.4397
17.7859 78 121 78 121 100.0000 3.1250 -0.3224
17.7871 87 112 87 112 100.0000 3.1250 -0.3217
17.7884 91 108 91 108 100.0000 3.1250 -0.3690
17.7896 89 110 89 110 100.0000 3.1250 -0.3948
17.7909 86 113 86 113 100.0000 3.1250 -0.3802
17.7921 83 116 83 116 100.0000 3.1250 -0.3210
17.7934 85 114 85 114 100.0000 3.1250 -0.2943
17.7946 91 108 91 108 100.0000 3.1250 -0.3359
17.7959 85 114 85 114 100.0000 3.1250 -0.3024
17.7972 95 104 95 104 100.0000 3.1250 -0.3962
17.7984 89 110 89 110 100.0000 3.1250 -0.4141
17.7997 88 111 88 111 100.0000 3.1250 -0.4224
17.8009 90 109 90 109 100.0000 3.1250 -0.4525
17.8022 93 106 93 106 100.0000 3.1250 -0.5203
17.8035 89 110 89 110 100.0000 3.1250 -0.5351
17.8047 86 113 86 113 100.0000 3.1250 -0.5091
17.8060 93 106 93 106 100.0000 3.1250 -0.5791
17.8072 87 112 87 112 100.0000 3.1250 -0.5686
17.8085 91 108 91 108 100.0000 3.1250 -0.6079
17.8098 91 108 91 108 100.0000 3.1250 -0.6499
17.8111 92 107 92 107 100.0000 3.1250 -0.6942
17.8124 89 110 89 110 100.0000 3.1250 -0.7011
17.8136 95 104 95 104 100.0000 3.1250 -0.7833
17.8149 93 106 93 106 100.0000 3.1250 -0.8339
17.8162 93 106 93 106 100.0000 3.1250 -0.8906
17.8175 90 109 90 109 100.0000 3.1250 -0.9057
17.8188 97 102 97 102 100.0000 3.1250 -1.0024
17.8201 89 110 89 110 100.0000 3.1250 -1.0027
17.8213 94 105 94 105 100.0000 3.1250 -1.0587
17.8226 92 107 92 107 100.0000 3.1250 -1.0856
17.8239 89 110 89 110 100.0000 3.1250 -1.0753
17.8252 90 109 90 109 100.0000 3.1250 -1.0807
17.8265 78 121 78 121 100.0000 3.1250 -0.9294
17.8278 80 119 80 119 100.0000 3.1250 -0.8055
17.8291 85 114 85 114 100.0000 3.1250 -0.7466
17.8303 77 122 77 122 100.0000 3.1250 -0.5935
17.8316 87 112 87 112 100.0000 3.1250 -0.5671
17.8329 84 115 84 115 100.0000 3.1250 -0.4973
17.8342 87 112 87 112 100.0000 3.1250 -0.4713
17.8355 89 110 89 110 100.0000 3.1250 -0.4647
17.8367 82 117 82 117 100.0000 3.1250 -0.3817
17.8380 89 110 89 110 100.0000 3.1250 -0.3800
17.8393 85 114 85 114 100.0000 3.1250 -0.3335
17.8406 86 113 86 113 100.0000 3.1250 -0.3023
17.8418 92 107 92 107 100.0000 3.1250 -0.3395
17.8431 91 108 91 108 100.0000 3.1250 -0.3638
17.8443 92 107 92 107 100.0000 3.1250 -0.4010
17.8456 92 107 92 107 100.0000 3.1250 -0.4393
17.8469 86 113 86 113 100.0000 3.1250 -0.4057
17.8482 82 117 82 117 100.0000 3.1250 -0.3208
17.8495 88 111 88 111 100.0000 3.1250 -0.3136
17.8507 100 99 100 99 100.0000 3.1250 -0.4529
17.8520 84 115 84 115 100.0000 3.1250 -0.3922
17.8532 86 113 86 113 100.0000 3.1250 -0.3588
17.8544 94 105 94 105 100.0000 3.1250 -0.4228
17.8557 83 116 83 116 100.0000 3.1250 -0.3456
17.8569 87 112 87 112 100.0000 3.1250 -0.3187
17.8582 86 113 86 113 100.0000 3.1250 -0.2799
17.8595 85 114 85 114 100.0000 3.1250 -0.2317
17.8607 86 113 86 113 100.0000 3.1250 -0.1948
17.8620 87 112 87 112 100.0000 3.1250 -0.1782
17.8632 83 116 83 116 100.0000 3.1250 -0.1034
17.8645 91 108 91 108 100.0000 3.1250 -0.1360
17.8657 86 113 86 113 100.0000 3.1250 -0.1009
17.8670 89 110 89 110 100.0000 3.1250 -0.1063
17.8683 89 110 89 110 100.0000 3.1250 -0.1093
17.8695 98 101 98 101 100.0000 3.1250 -0.2315
17.8708 97 102 97 102 100.0000 3.1250 -0.3396
17.8721 91 108 91 108 100.0000 3.1250 -0.3765
17.8733 87 112 87 112 100.0000 3.1250 -0.3525
17.8746 94 105 94 105 100.0000 3.1250 -0.4223
17.8758 89 110 89 110 100.0000 3.1250 -0.4219
17.8771 81 118 81 118 100.0000 3.1250 -0.3310
17.8784 88 111 88 111 100.0000 3.1250 -0.3280
17.8796 85 114 85 114 100.0000 3.1250 -0.2848
17.8809 93 106 93 106 100.0000 3.1250 -0.3365
17.8822 87 112 87 112 100.0000 3.1250 -0.3083
17.8834 83 116 83 116 100.0000 3.1250 -0.2399
17.8847 91 108 91 108 100.0000 3.1250 -0.2573
17.8859 86 113 86 113 100.0000 3.1250 -0.2155
17.8872 89 110 89 110 100.0000 3.1250 -0.2159
17.8885 88 111 88 111 100.0000 3.1250 -0.2037
17.8897 94 105 94 105 100.0000 3.1250 -0.2551
17.8910 84 115 84 115 100.0000 3.1250 -0.1840
17.8923 86 113 86 113 100.0000 3.1250 -0.1463
17.8935 87 112 87 112 100.0000 3.1250 -0.1213
17.8948 92 107 92 107 100.0000 3.1250 -0.1518
17.8960 91 108 91 108 100.0000 3.1250 -0.1689
17.8973 84 115 84 115 100.0000 3.1250 -0.0987
17.8985 93 106 93 106 100.0000 3.1250 -0.1515
17.8998 86 113 86 113 100.0000 3.1250 -0.1108
17.9011 89 110 89 110 100.0000 3.1250 -0.1082
17.9024 96 103 96 103 100.0000 3.1250 -0.1974
17.9037 86 113 86 113 100.0000 3.1250 -0.1534
17.9049 93 106 93 106 100.0000 3.1250 -0.2096
17.9062 84 115 84 115 100.0000 3.1250 -0.1441
17.9075 88 111 88 111 100.0000 3.1250 -0.1344
17.9087 99 100 99 100 100.0000 3.1250 -0.2679
17.9100 90 109 90 109 100.0000 3.1250 -0.2837
17.9113 84 115 84 115 100.0000 3.1250 -0.2189
17.9126 86 113 86 113 100.0000 3.1250 -0.1758
17.9138 87 112 87 112 100.0000 3.1250 -0.1520
17.9151 89 110 89 110 100.0000 3.1250 -0.1568
17.9164 96 103 96 103 100.0000 3.1250 -0.2487
17.9176 98 101 98 101 100.0000 3.1250 -0.3593
17.9189 87 112 87 112 100.0000 3.1250 -0.3418
17.9202 94 105 94 105 100.0000 3.1250 -0.4121
17.9215 88 111 88 111 100.0000 3.1250 -0.4076
17.9227 84 115 84 115 100.0000 3.1250 -0.3469
17.9240 83 116 83 116 100.0000 3.1250 -0.2769
17.9253 88 111 88 111 100.0000 3.1250 -0.2766
17.9266 87 112 87 112 100.0000 3.1250 -0.2673
17.9278 87 112 87 112 100.0000 3.1250 -0.2596
17.9291 89 110 89 110 100.0000 3.1250 -0.2800
17.9304 90 109 90 109 100.0000 3.1250 -0.3109
17.9316 84 115 84 115 100.0000 3.1250 -0.2678
17.9329 86 113 86 113 100.0000 3.1250 -0.2482
17.9342 80 119 80 119 100.0000 3.1250 -0.1604
17.9354 87 112 87 112 100.0000 3.1250 -0.1620
17.9367 92 107 92 107 100.0000 3.1250 -0.2234
17.9380 83 116 83 116 100.0000 3.1250 -0.1743
17.9393 81 118 81 118 100.0000 3.1250 -0.0927
17.9405 90 109 90 109 100.0000 3.1250 -0.1339
17.9418 85 114 85 114 100.0000 3.1250 -0.1026
17.9430 88 111 88 111 100.0000 3.1250 -0.1178
17.9443 86 113 86 113 100.0000 3.1250 -0.1059
17.9456 89 110 89 110 100.0000 3.1250 -0.1264
17.9469 86 113 86 113 100.0000 3.1250 -0.1087
17.9481 86 113 86 113 100.0000 3.1250 -0.0920
17.9494 87 112 87 112 100.0000 3.1250 -0.0864
17.9507 90 109 90 109 100.0000 3.1250 -0.1138
17.9519 89 110 89 110 100.0000 3.1250 -0.1298
17.9532 93 106 93 106 100.0000 3.1250 -0.1937
17.9545 86 113 86 113 100.0000 3.1250 -0.1646
17.9558 90 109 90 109 100.0000 3.1250 -0.1898
17.9570 92 107 92 107 100.0000 -0.0000 -0.2003
17.9584 90 109 90 109 100.0000 -0.0000 -0.1754
17.9597 91 108 91 108 100.0000 -0.0000 -0.1731
17.9609 92 107 92 107 100.0000 -0.0000 -0.1769
17.9622 95 104 95 104 100.0000 -0.0000 -0.2257
17.9635 89 110 89 110 100.0000 -0.0000 -0.1925
17.9648 92 107 92 107 100.0000 -0.0000 -0.1979
17.9661 90 109 90 109 100.0000 -0.0000 -0.1808
17.9673 91 108 91 108 100.0000 -0.0000 -0.1739
17.9686 96 103 96 103 100.0000 -0.0000 -0.2274
17.9699 85 114 85 114 100.0000 -0.0000 -0.1484
17.9712 94 105 94 105 100.0000 -0.0000 -0.1814
17.9725 93 106 93 106 100.0000 -0.0000 -0.2050
17.9738 95 104 95 104 100.0000 -0.0000 -0.2514
17.9751 92 107 92 107 100.0000 -0.0000 -0.2724
17.9763 95 104 95 104 100.0000 -0.0000 -0.3336
17.9777 88 111 88 111 100.0000 -0.0000 -0.2973
17.9790 86 113 86 113 100.0000 -0.0000 -0.2395
17.9802 87 112 87 112 100.0000 -0.0000 -0.2036
17.9815 91 108 91 108 100.0000 -0.0000 -0.2133
17.9828 93 106 93 106 100.0000 -0.0000 -0.2508
17.9840 100 99 100 99 100.0000 -0.0000 -0.3705
17.9853 91 108 91 108 100.0000 -0.0000 -0.3751
17.9866 91 108 91 108 100.0000 -0.0000 -0.3743
17.9879 91 108 91 108 100.0000 -0.0000 -0.3819
17.9892 84 115 84 115 100.0000 -0.0000 -0.2987
17.9904 87 112 87 112 100.0000 -0.0000 -0.2561
17.9917 88 111 88 111 100.0000 -0.0000 -0.2243
17.9930 93 106 93 106 100.0000 -0.0000 -0.2468
17.9942 97 102 97 102 100.0000 -0.0000 -0.3168
17.9955 90 109 90 109 100.0000 -0.0000 -0.2963
17.9967 88 111 88 111 100.0000 -0.0000 -0.2517
17.9980 97 102 97 102 100.0000 -0.0000 -0.3264
17.9993 91 108 91 108 100.0000 -0.0000 -0.3205
18.0005 90 109 90 109 100.0000 -0.0000 -0.3072
18.0018 89 110 89 110 100.0000 -0.0000 -0.2793
18.0030 95 104 95 104 100.0000 -0.0000 -0.3269
18.0043 88 111 88 111 100.0000 -0.0000 -0.2827
18.0056 94 105 94 105 100.0000 -0.0000 -0.3199
18.0069 87 112 87 112 100.0000 -0.0000 -0.2692
18.0082 97 102 97 102 100.0000 -0.0000 -0.3415
18.0095 87 112 87 112 100.0000 -0.0000 -0.2885
18.0108 95 104 95 104 100.0000 -0.0000 -0.3309
18.0120 93 106 93 106 100.0000 -0.0000 -0.3526
18.0133 93 106 93 106 100.0000 -0.0000 -0.3772
18.0146 95 104 95 104 100.0000 -0.0000 -0.4294
18.0159 92 107 92 107 100.0000 -0.0000 -0.4446
18.0171 84 115 84 115 100.0000 -0.0000 -0.3506
18.0184 90 109 90 109 100.0000 -0.0000 -0.3334
18.0197 91 108 91 108 100.0000 -0.0000 -0.3305
18.0210 91 108 91 108 100.0000 -0.0000 -0.3253
18.0223 87 112 87 112 100.0000 -0.0000 -0.2678
18.0236 96 103 96 103 100.0000 -0.0000 -0.3227
18.0248 97 102 97 102 100.0000 -0.0000 -0.3821
18.0261 89 110 89 110 100.0000 -0.0000 -0.3504
18.0274 83 116 83 116 100.0000 -0.0000 -0.2341
18.0287 86 113 86 113 100.0000 -0.0000 -0.1507
18.0300 92 107 92 107 100.0000 -0.0000 -0.1481
18.0312 89 110 89 110 100.0000 -0.0000 -0.1065
18.0325 85 114 85 114 100.0000 -0.0000 -0.0145
18.0338 96 103 96 103 100.0000 -0.0000 -0.0609
18.0351 95 104 95 104 100.0000 -0.0000 -0.0930
18.0363 88 111 88 111 100.0000 -0.0000 -0.0417
18.0376 93 106 93 106 100.0000 -0.0000 -0.0570
18.0388 94 105 94 105 100.0000 -0.0000 -0.0823
18.0401 93 106 93 106 100.0000 -0.0000 -0.0996
18.0414 88 111 88 111 100.0000 -0.0000 -0.0515
18.0426 97 102 97 102 100.0000 -0.0000 -0.1183
18.0439 86 113 86 113 100.0000 -0.0000 -0.0408
18.0452 85 114 85 114 100.0000 -0.0000 0.0497
18.0464 93 106 93 106 100.0000 -0.0000 0.0371
18.0477 91 108 91 108 100.0000 -0.0000 0.0521
18.0490 93 106 93 106 100.0000 -0.0000 0.0311
18.0502 89 110 89 110 100.0000 -0.0000 0.0542
18.0515 90 109 90 109 100.0000 -0.0000 0.0695
18.0528 86 113 86 113 100.0000 -0.0000 0.1409
18.0540 87 112 87 112 100.0000 -0.0000 0.2014
18.0553 83 116 83 116 100.0000 -0.0000 0.3175
18.0566 88 111 88 111 100.0000 -0.0000 0.3717
18.0579 87 112 87 112 100.0000 -0.0000 0.4281
18.0591 94 105 94 105 100.0000 -0.0000 0.3965
18.0604 93 106 93 106 100.0000 -0.0000 0.3753
18.0616 90 109 90 109 100.0000 -0.0000 0.3922
18.0629 90 109 90 109 100.0000 -0.0000 0.4057
18.0642 90 109 90 109 100.0000 -0.0000 0.4184
18.0654 87 112 87 112 100.0000 -0.0000 0.4802
18.0667 91 108 91 108 100.0000 -0.0000 0.4897
18.0679 89 110 89 110 100.0000 -0.0000 0.5158
18.0692 91 108 91 108 100.0000 -0.0000 0.5175
18.0704 92 107 92 107 100.0000 -0.0000 0.5065
18.0717 82 117 82 117 100.0000 -0.0000 0.6140
18.0729 95 104 95 104 100.0000 -0.0000 0.5569
18.0741 91 108 91 108 100.0000 -0.0000 0.5445
18.0754 93 106 93 106 100.0000 -0.0000 0.5064
18.0766 90 109 90 109 100.0000 -0.0000 0.5002
18.0779 87 112 87 112 100.0000 -0.0000 0.5424
18.0791 90 109 90 109 100.0000 -0.0000 0.5299
18.0804 93 106 93 106 100.0000 -0.0000 0.4790
18.0817 101 98 101 98 100.0000 -0.0000 0.3379
18.0829 106 93 106 93 100.0000 -0.0000 0.1272
18.0842 88 111 88 111 100.0000 -0.0000 0.1441
18.0855 97 102 97 102 100.0000 -0.0000 0.0450
18.0867 84 115 84 115 100.0000 -0.0000 0.1139
18.0880 90 109 90 109 100.0000 -0.0000 0.0973
18.0893 93 106 93 106 100.0000 -0.0000 0.0475
18.0905 100 99 100 99 100.0000 -0.0000 -0.0885
18.0918 96 103 96 103 100.0000 -0.0000 -0.1718
18.0931 96 103 96 103 100.0000 -0.0000 -0.2489
18.0943 90 109 90 109 100.0000 -0.0000 -0.2557
18.0956 85 114 85 114 100.0000 -0.0000 -0.1987
18.0969 99 100 99 100 100.0000 -0.0000 -0.3141
18.0981 91 108 91 108 100.0000 -0.0000 -0.3160
18.0994 89 110 89 110 100.0000 -0.0000 -0.2977
18.1006 91 108 91 108 100.0000 -0.0000 -0.3097
18.1019 89 110 89 110 100.0000 -0.0000 -0.2892
18.1032 88 111 88 111 100.0000 -0.0000 -0.2520
18.1045 87 112 87 112 100.0000 -0.0000 -0.2015
18.1058 98 101 98 101 100.0000 -0.0000 -0.2814
18.1070 91 108 91 108 100.0000 -0.0000 -0.2793
18.1083 94 105 94 105 100.0000 -0.0000 -0.3019
18.1096 92 107 92 107 100.0000 -0.0000 -0.2966
18.1108 88 111 88 111 100.0000 -0.0000 -0.2493
18.1121 98 101 98 101 100.0000 -0.0000 -0.3312
18.1134 89 110 89 110 100.0000 -0.0000 -0.2915
18.1146 89 110 89 110 100.0000 -0.0000 -0.2502
18.1159 94 105 94 105 100.0000 -0.0000 -0.2733
18.1172 84 115 84 115 100.0000 -0.0000 -0.1675
18.1184 92 107 92 107 100.0000 -0.0000 -0.1629
18.1197 94 105 94 105 100.0000 -0.0000 -0.1895
18.1210 94 105 94 105 100.0000 -0.0000 -0.2109
18.1222 82 117 82 117 100.0000 -0.0000 -0.0825
18.1235 87 112 87 112 100.0000 -0.0000 -0.0197
18.1247 88 111 88 111 100.0000 -0.0000 0.0297
18.1260 89 110 89 110 100.0000 -0.0000 0.0669
18.1273 93 106 93 106 100.0000 -0.0000 0.0552
18.1286 91 108 91 108 100.0000 -0.0000 0.0566
18.1298 93 106 93 106 100.0000 -0.0000 0.0367
18.1311 98 101 98 101 100.0000 -0.0000 -0.0400
18.1323 89 110 89 110 100.0000 -0.0000 -0.0095
18.1336 84 115 84 115 100.0000 -0.0000 0.0935
18.1349 94 105 94 105 100.0000 -0.0000 0.0606
18.1362 96 103 96 103 100.0000 -0.0000 0.0050
18.1374 87 112 87 112 100.0000 -0.0000 0.0634
18.1387 92 107 92 107 100.0000 -0.0000 0.0628
18.1400 91 108 91 108 100.0000 -0.0000 0.0727
18.1413 93 106 93 106 100.0000 -0.0000 0.0625
18.1425 85 114 85 114 100.0000 -0.0000 0.1560
18.1438 99 100 99 100 100.0000 -0.0000 0.0734
18.1451 92 107 92 107 100.0000 -0.0000 0.0704
18.1463 90 109 90 109 100.0000 -0.0000 0.1000
18.1476 100 99 100 99 100.0000 -0.0000 -0.0028
18.1489 94 105 94 105 100.0000 -0.0000 -0.0213
18.1501 88 111 88 111 100.0000 -0.0000 0.0335
18.1514 94 105 94 105 100.0000 -0.0000 0.0133
18.1526 94 105 94 105 100.0000 -0.0000 -0.0120
18.1539 92 107 92 107 100.0000 -0.0000 -0.0171
18.1552 92 107 92 107 100.0000 -0.0000 -0.0130
18.1564 87 112 87 112 100.0000 -0.0000 0.0509
18.1577 94 105 94 105 100.0000 -0.0000 0.0183
18.1590 95 104 95 104 100.0000 -0.0000 -0.0248
18.1602 90 109 90 109 100.0000 -0.0000 -0.0039
18.1615 93 106 93 106 100.0000 -0.0000 -0.0232
18.1628 96 103 96 103 100.0000 -0.0000 -0.0796
18.1640 95 104 95 104 100.0000 -0.0000 -0.1271
18.1653 92 107 92 107 100.0000 -0.0000 -0.1308
18.1666 91 108 91 108 100.0000 -0.0000 -0.1192
18.1678 86 113 86 113 100.0000 -0.0000 -0.0527
18.1691 92 107 92 107 100.0000 -0.0000 -0.0670
18.1703 98 101 98 101 100.0000 -0.0000 -0.1465
18.1715 83 116 83 116 100.0000 -0.0000 -0.0527
18.1728 89 110 89 110 100.0000 -0.0000 -0.0332
18.1740 93 106 93 106 100.0000 -0.0000 -0.0604
18.1752 99 100 99 100 100.0000 -0.0000 -0.1616
18.1765 92 107 92 107 100.0000 -0.0000 -0.1793
18.1778 92 107 92 107 100.0000 -0.0000 -0.2027
18.1791 86 113 86 113 100.0000 -0.0000 -0.1481
18.1804 95 104 95 104 100.0000 -0.0000 -0.2046
18.1817 98 101 98 101 100.0000 -0.0000 -0.3040
18.1829 91 108 91 108 100.0000 -0.0000 -0.3002
18.1842 99 100 99 100 100.0000 -0.0000 -0.4039
18.1855 92 107 92 107 100.0000 -0.0000 -0.4125
18.1868 93 106 93 106 100.0000 -0.0000 -0.4323
18.1880 83 116 83 116 100.0000 -0.0000 -0.3178
18.1893 92 107 92 107 100.0000 -0.0000 -0.3246
18.1905 89 110 89 110 100.0000 -0.0000 -0.2929
18.1918 95 104 95 104 100.0000 -0.0000 -0.3318
18.1930 87 112 87 112 100.0000 -0.0000 -0.2507
18.1943 95 104 95 104 100.0000 -0.0000 -0.2758
18.1956 100 99 100 99 100.0000 -0.0000 -0.3616
18.1968 90 109 90 109 100.0000 -0.0000 -0.3252
18.1981 91 108 91 108 100.0000 -0.0000 -0.2896
18.1994 95 104 95 104 100.0000 -0.0000 -0.3050
18.2006 87 112 87 112 100.0000 -0.0000 -0.2233
18.2019 93 106 93 106 100.0000 -0.0000 -0.2220
18.2032 95 104 95 104 100.0000 -0.0000 -0.2476
18.2045 91 108 91 108 100.0000 -0.0000 -0.2247
18.2057 96 103 96 103 100.0000 -0.0000 -0.2595
18.2070 94 105 94 105 100.0000 -0.0000 -0.2830
18.2084 81 118 81 118 100.0000 -0.0000 -0.1360
18.2097 88 111 88 111 100.0000 -0.0000 -0.0802
18.2110 86 113 86 113 100.0000 -0.0000 -0.0010
18.2122 90 109 90 109 100.0000 -0.0000 0.0152
18.2135 92 107 92 107 100.0000 -0.0000 0.0145
18.2148 95 104 95 104 100.0000 -0.0000 -0.0340
18.2161 89 110 89 110 100.0000 -0.0000 0.0031
18.2174 92 107 92 107 100.0000 -0.0000 -0.0090
18.2187 94 105 94 105 100.0000 -0.0000 -0.0487
18.2200 94 105 94 105 100.0000 -0.0000 -0.0823
18.2212 90 109 90 109 100.0000 -0.0000 -0.0691
18.2225 88 111 88 111 100.0000 -0.0000 -0.0262
18.2238 93 106 93 106 100.0000 -0.0000 -0.0462
18.2251 98 101 98 101 100.0000 -0.0000 -0.1339
18.2264 92 107 92 107 100.0000 -0.0000 -0.1436
18.2276 88 111 88 111 100.0000 -0.0000 -0.1033
18.2289 83 116 83 116 100.0000 -0.0000 -0.0017
18.2302 91 108 91 108 100.0000 -0.0000 -0.0030
18.2315 90 109 90 109 100.0000 -0.0000 0.0140
18.2327 87 112 87 112 100.0000 -0.0000 0.0641
18.2340 87 112 87 112 100.0000 -0.0000 0.1205
18.2353 85 114 85 114 100.0000 -0.0000 0.1975
18.2365 89 110 89 110 100.0000 -0.0000 0.2259
18.2378 92 107 92 107 100.0000 -0.0000 0.2121
18.2391 92 107 92 107 100.0000 -0.0000 0.2015
18.2404 92 107 92 107 100.0000 -0.0000 0.1843
18.2416 91 108 91 108 100.0000 -0.0000 0.1833
18.2429 88 111 88 111 100.0000 -0.0000 0.2206
18.2442 92 107 92 107 100.0000 -0.0000 0.2021
18.2455 89 110 89 110 100.0000 -0.0000 0.2229
18.2467 88 111 88 111 100.0000 -0.0000 0.2622
18.2480 92 107 92 107 100.0000 -0.0000 0.2488
18.2493 95 104 95 104 100.0000 -0.0000 0.2013
18.2505 96 103 96 103 100.0000 -0.0000 0.1389
18.2518 95 104 95 104 100.0000 -0.0000 0.0925
18.2531 82 117 82 117 100.0000 -0.0000 0.2123
18.2543 95 104 95 104 100.0000 -0.0000 0.1596
18.2556 100 99 100 99 100.0000 -0.0000 0.0406
18.2569 92 107 92 107 100.0000 -0.0000 0.0357
18.2581 98 101 98 101 100.0000 -0.0000 -0.0461
18.2594 94 105 94 105 100.0000 -0.0000 -0.0722
18.2607 85 114 85 114 100.0000 -0.0000 0.0129
18.2620 98 101 98 101 100.0000 -0.0000 -0.0625
18.2632 97 102 97 102 100.0000 -0.0000 -0.1199
18.2645 90 109 90 109 100.0000 -0.0000 -0.0949
18.2658 95 104 95 104 100.0000 -0.0000 -0.1357
18.2670 97 102 97 102 100.0000 -0.0000 -0.2009
18.2683 87 112 87 112 100.0000 -0.0000 -0.1278
18.2696 89 110 89 110 100.0000 -0.0000 -0.0874
18.2708 82 117 82 117 100.0000 -0.0000 0.0385
18.2721 89 110 89 110 100.0000 -0.0000 0.0867
18.2734 86 113 86 113 100.0000 -0.0000 0.1694
18.2746 91 108 91 108 100.0000 -0.0000 0.1900
18.2759 98 101 98 101 100.0000 -0.0000 0.1171
18.2772 95 104 95 104 100.0000 -0.0000 0.0730
18.2784 91 108 91 108 100.0000 -0.0000 0.0848
18.2797 89 110 89 110 100.0000 -0.0000 0.1224
18.2809 92 107 92 107 100.0000 -0.0000 0.1166
18.2822 93 106 93 106 100.0000 -0.0000 0.1018
18.2835 94 105 94 105 100.0000 -0.0000 0.0722
18.2847 94 105 94 105 100.0000 -0.0000 0.0349
18.2860 92 107 92 107 100.0000 -0.0000 0.0315
18.2872 89 110 89 110 100.0000 -0.0000 0.0546
18.2885 88 111 88 111 100.0000 -0.0000 0.0973
18.2897 90 109 90 109 100.0000 -0.0000 0.1129
18.2910 93 106 93 106 100.0000 -0.0000 0.0845
18.2923 98 101 98 101 100.0000 -0.0000 -0.0050
18.2935 91 108 91 108 100.0000 -0.0000 -0.0016
18.2948 95 104 95 104 100.0000 -0.0000 -0.0498
18.2961 93 106 93 106 100.0000 -0.0000 -0.0745
18.2974 97 102 97 102 100.0000 -0.0000 -0.1519
18.2986 86 113 86 113 100.0000 -0.0000 -0.0933
18.2999 88 111 88 111 100.0000 -0.0000 -0.0540
18.3012 92 107 92 107 100.0000 -0.0000 -0.0707
18.3024 90 109 90 109 100.0000 -0.0000 -0.0532
18.3037 86 113 86 113 100.0000 -0.0000 0.0090
18.3050 87 112 87 112 100.0000 -0.0000 0.0608
18.3063 90 109 90 109 100.0000 -0.0000 0.0750
18.3075 94 105 94 105 100.0000 -0.0000 0.0353
18.3088 93 106 93 106 100.0000 -0.0000 0.0060
18.3100 87 112 87 112 100.0000 -0.0000 0.0585
18.3113 86 113 86 113 100.0000 -0.0000 0.1251
18.3126 88 111 88 111 100.0000 -0.0000 0.1631
18.3138 82 117 82 117 100.0000 -0.0000 0.2784
18.3151 89 110 89 110 100.0000 -0.0000 0.2983
18.3163 93 106 93 106 100.0000 -0.0000 0.2718
18.3176 96 103 96 103 100.0000 -0.0000 0.2046
18.3189 91 108 91 108 100.0000 -0.0000 0.2056
18.3202 86 113 86 113 100.0000 -0.0000 0.2627
18.3214 92 107 92 107 100.0000 -0.0000 0.2440
18.3227 92 107 92 107 100.0000 -0.0000 0.2234
18.3240 96 103 96 103 100.0000 -0.0000 0.1536
18.3252 96 103 96 103 100.0000 -0.0000 0.0850
18.3265 97 102 97 102 100.0000 -0.0000 0.0091
18.3278 88 111 88 111 100.0000 -0.0000 0.0456
18.3290 90 109 90 109 100.0000 -0.0000 0.0545
18.3303 93 106 93 106 100.0000 -0.0000 0.0267
18.3316 92 107 92 107 100.0000 -0.0000 0.0093
18.3328 91 108 91 108 100.0000 -0.0000 0.0132
18.3341 89 110 89 110 100.0000 -0.0000 0.0335
18.3353 93 106 93 106 100.0000 -0.0000 0.0160
18.3366 95 104 95 104 100.0000 -0.0000 -0.0181
18.3378 87 112 87 112 100.0000 -0.0000 0.0426
18.3391 89 110 89 110 100.0000 -0.0000 0.0813
18.3403 87 112 87 112 100.0000 -0.0000 0.1466
18.3416 89 110 89 110 100.0000 -0.0000 0.1838
18.3429 95 104 95 104 100.0000 -0.0000 0.1485
18.3441 97 102 97 102 100.0000 -0.0000 0.0931
18.3454 86 113 86 113 100.0000 -0.0000 0.1683
18.3466 94 105 94 105 100.0000 -0.0000 0.1487
18.3479 85 114 85 114 100.0000 -0.0000 0.2418
18.3492 98 101 98 101 100.0000 -0.0000 0.1763
18.3504 93 106 93 106 100.0000 -0.0000 0.1807
18.3517 90 109 90 109 100.0000 -0.0000 0.2186
18.3530 94 105 94 105 100.0000 -0.0000 0.1943
18.3542 88 111 88 111 100.0000 -0.0000 0.2492
18.3555 87 112 87 112 100.0000 -0.0000 0.3138
18.3568 95 104 95 104 100.0000 -0.0000 0.2848
18.3580 92 107 92 107 100.0000 -0.0000 0.2861
18.3593 83 116 83 116 100.0000 -0.0000 0.4105
18.3606 88 111 88 111 100.0000 -0.0000 0.4537
18.3619 86 113 86 113 100.0000 -0.0000 0.5272
18.3632 97 102 97 102 100.0000 -0.0000 0.4592
18.3645 99 100 99 100 100.0000 -0.0000 0.3715
18.3658 84 115 84 115 100.0000 -0.0000 0.4777
18.3670 86 113 86 113 100.0000 -0.0000 0.5551
18.3683 92 107 92 107 100.0000 -0.0000 0.5560
18.3696 95 104 95 104 100.0000 -0.0000 0.5157
18.3709 101 98 101 98 100.0000 -0.0000 0.4067
18.3722 90 109 90 109 100.0000 -0.0000 0.4347
18.3734 96 103 96 103 100.0000 -0.0000 0.3835
18.3747 94 105 94 105 100.0000 -0.0000 0.3582
18.3760 90 109 90 109 100.0000 -0.0000 0.3887
18.3773 92 107 92 107 100.0000 -0.0000 0.3915
18.3785 92 107 92 107 100.0000 -0.0000 0.3919
18.3798 93 106 93 106 100.0000 -0.0000 0.3806
18.3811 81 118 81 118 100.0000 -0.0000 0.5139
18.3824 96 103 96 103 100.0000 -0.0000 0.4642
18.3837 92 107 92 107 100.0000 -0.0000 0.4627
18.3850 87 112 87 112 100.0000 -0.0000 0.5281
18.3862 83 116 83 116 100.0000 -0.0000 0.6335
18.3875 101 98 101 98 100.0000 -0.0000 0.5110
18.3888 88 111 88 111 100.0000 -0.0000 0.5564
18.3901 96 103 96 103 100.0000 -0.0000 0.4923
18.3914 93 106 93 106 100.0000 -0.0000 0.4628
18.3927 82 117 82 117 100.0000 -0.0000 0.5736
18.3939 89 110 89 110 100.0000 -0.0000 0.6001
18.3952 91 108 91 108 100.0000 -0.0000 0.5973
18.3965 96 103 96 103 100.0000 -0.0000 0.5434
18.3978 94 105 94 105 100.0000 -0.0000 0.5122
18.3991 89 110 89 110 100.0000 -0.0000 0.5369
18.4003 91 108 91 108 100.0000 -0.0000 0.5365
18.4016 97 102 97 102 100.0000 -0.0000 0.4666
18.4029 91 108 91 108 100.0000 -0.0000 0.4660
18.4041 93 106 93 106 100.0000 -0.0000 0.4423
18.4053 90 109 90 109 100.0000 -0.0000 0.4723
18.4066 95 104 95 104 100.0000 -0.0000 0.4362
18.4079 89 110 89 110 100.0000 -0.0000 0.4696
18.4091 92 107 92 107 100.0000 -0.0000 0.4684
18.4104 90 109 90 109 100.0000 -0.0000 0.4868
18.4117 96 103 96 103 100.0000 -0.0000 0.4372
18.4130 92 107 92 107 100.0000 -0.0000 0.4311
18.4143 90 109 90 109 100.0000 -0.0000 0.4605
18.4156 93 106 93 106 100.0000 -0.0000 0.4504
18.4168 91 108 91 108 100.0000 -0.0000 0.4596
18.4181 92 107 92 107 100.0000 -0.0000 0.4579
18.4194 88 111 88 111 100.0000 -0.0000 0.5114
18.4207 85 114 85 114 100.0000 -0.0000 0.5954
18.4219 99 100 99 100 100.0000 -0.0000 0.5095
18.4232 94 105 94 105 100.0000 -0.0000 0.4806
18.4245 96 103 96 103 100.0000 -0.0000 0.4230
18.4258 99 100 99 100 100.0000 -0.0000 0.3416
18.4270 83 116 83 116 100.0000 7.0312 0.3678
18.4283 81 118 81 118 100.0000 7.0312 0.4226
18.4296 80 119 80 119 100.0000 7.0312 0.4875
18.4309 89 110 89 110 100.0000 7.0312 0.4474
18.4321 77 122 77 122 100.0000 7.0312 0.5550
18.4334 90 109 90 109 100.0000 7.0312 0.4900
18.4347 81 118 81 118 100.0000 7.0312 0.5410
18.4360 86 113 86 113 100.0000 7.0312 0.5318
18.4373 92 107 92 107 100.0000 7.0312 0.4568
18.4386 88 111 88 111 100.0000 7.0312 0.4307
18.4398 83 116 83 116 100.0000 7.0312 0.4661
18.4411 81 118 81 118 100.0000 7.0312 0.5191
18.4424 78 121 78 121 100.0000 7.0312 0.6102
18.4437 86 113 86 113 100.0000 7.0312 0.5949
18.4450 89 110 89 110 100.0000 7.0312 0.5349
18.4462 83 116 83 116 100.0000 7.0312 0.5538
18.4475 96 103 96 103 100.0000 7.0312 0.4048
18.4488 87 112 87 112 100.0000 7.0312 0.3705
18.4501 90 109 90 109 100.0000 7.0312 0.2843
18.4513 85 114 85 114 100.0000 7.0312 0.2621
18.4526 80 119 80 119 100.0000 7.0312 0.3055
18.4539 82 117 82 117 100.0000 7.0312 0.3202
18.4551 78 121 78 121 100.0000 7.0312 0.3822
18.4564 81 118 81 118 100.0000 7.0312 0.4006
18.4577 82 117 82 117 100.0000 7.0312 0.4012
18.4590 91 108 91 108 100.0000 7.0312 0.2959
18.4602 92 107 92 107 100.0000 7.0312 0.1765
18.4615 86 113 86 113 100.0000 7.0312 0.1339
18.4628 82 117 82 117 100.0000 7.0312 0.1435
18.4641 87 112 87 112 100.0000 7.0312 0.0840
18.4653 87 112 87 112 100.0000 7.0312 0.0277
18.4666 81 118 81 118 100.0000 7.0312 0.0481
18.4678 92 107 92 107 100.0000 7.0312 -0.0772
18.4691 89 110 89 110 100.0000 7.0312 -0.1528
18.4704 87 112 87 112 100.0000 7.0312 -0.2081
18.4716 85 114 85 114 100.0000 7.0312 -0.2390
18.4729 80 119 80 119 100.0000 7.0312 -0.2046
18.4741 80 119 80 119 100.0000 7.0312 -0.1730
18.4754 91 108 91 108 100.0000 7.0312 -0.2753
18.4767 78 121 78 121 100.0000 7.0312 -0.2141
18.4780 91 108 91 108 100.0000 7.0312 -0.3230
18.4793 83 116 83 116 100.0000 7.0312 -0.3269
18.4806 74 125 74 125 100.0000 7.0312 -0.2111
18.4818 90 109 90 109 100.0000 7.0312 -0.3061
18.4831 96 103 96 103 100.0000 7.0312 -0.4739
18.4844 83 116 83 116 100.0000 7.0312 -0.4666
18.4857 84 115 84 115 100.0000 7.0312 -0.4667
18.4870 86 113 86 113 100.0000 7.0312 -0.4981
18.4882 79 120 79 120 100.0000 7.0312 -0.4356
18.4895 81 118 81 118 100.0000 7.0312 -0.3903
18.4908 81 118 81 118 100.0000 7.0312 -0.3422
18.4920 88 111 88 111 100.0000 7.0312 -0.3840
18.4933 84 115 84 115 100.0000 7.0312 -0.3830
18.4946 83 116 83 116 100.0000 7.0312 -0.3510
18.4958 84 115 84 115 100.0000 7.0312 -0.3384
18.4971 80 119 80 119 100.0000 7.0312 -0.2675
18.4983 80 119 80 119 100.0000 7.0312 -0.1992
18.4996 87 112 87 112 100.0000 7.0312 -0.2229
18.5009 88 111 88 111 100.0000 7.0312 -0.2656
18.5022 94 105 94 105 100.0000 7.0312 -0.3761
18.5034 80 119 80 119 100.0000 7.0312 -0.3136
18.5047 81 118 81 118 100.0000 7.0312 -0.2692
18.5060 87 112 87 112 100.0000 7.0312 -0.2967
18.5072 82 117 82 117 100.0000 7.0312 -0.2634
18.5085 85 114 85 114 100.0000 7.0312 -0.2676
18.5097 83 116 83 116 100.0000 7.0312 -0.2523
18.5110 85 114 85 114 100.0000 7.0312 -0.2702
18.5123 87 112 87 112 100.0000 7.0312 -0.3095
18.5135 83 116 83 116 100.0000 7.0312 -0.3015
18.5148 85 114 85 114 100.0000 7.0312 -0.3303
18.5161 90 109 90 109 100.0000 7.0312 -0.4133
18.5173 85 114 85 114 100.0000 7.0312 -0.4353
18.5187 74 125 74 125 100.0000 7.0312 -0.3176
18.5200 80 119 80 119 100.0000 7.0312 -0.2797
18.5212 84 115 84 115 100.0000 7.0312 -0.2928
18.5226 76 123 76 123 100.0000 7.0312 -0.2058
18.5238 81 118 81 118 100.0000 7.0312 -0.1861
18.5251 80 119 80 119 100.0000 7.0312 -0.1540
18.5264 86 113 86 113 100.0000 7.0312 -0.1944
18.5277 81 118 81 118 100.0000 7.0312 -0.1678
18.5289 85 114 85 114 100.0000 7.0312 -0.1928
18.5302 81 118 81 118 100.0000 7.0312 -0.1571
18.5314 87 112 87 112 100.0000 7.0312 -0.1976
18.5327 90 109 90 109 100.0000 7.0312 -0.2730
18.5340 83 116 83 116 100.0000 7.0312 -0.2726
18.5352 86 113 86 113 100.0000 7.0312 -0.2988
18.5365 81 118 81 118 100.0000 7.0312 -0.2590
18.5378 83 116 83 116 100.0000 7.0312 -0.2487
18.5390 83 116 83 116 100.0000 7.0312 -0.2406
18.5403 83 116 83 116 100.0000 7.0312 -0.2265
18.5416 79 120 79 120 100.0000 7.0312 -0.1660
18.5428 78 121 78 121 100.0000 7.0312 -0.0955
18.5441 87 112 87 112 100.0000 7.0312 -0.1352
18.5454 85 114 85 114 100.0000 7.0312 -0.1515
18.5467 84 115 84 115 100.0000 7.0312 -0.1528
18.5479 81 118 81 118 100.0000 7.0312 -0.1217
18.5492 86 113 86 113 100.0000 7.0312 -0.1491
18.5505 86 113 86 113 100.0000 7.0312 -0.1760
18.5518 80 119 80 119 100.0000 7.0312 -0.1375
18.5530 86 113 86 113 100.0000 7.0312 -0.1640
18.5543 88 111 88 111 100.0000 7.0312 -0.2199
18.5556 80 119 80 119 100.0000 7.0312 -0.1687
18.5569 77 122 77 122 100.0000 7.0312 -0.0841
18.5582 84 115 84 115 100.0000 7.0312 -0.0842