0.0998 101 98 -1.0023 -1.0122 100.0000
0.1013 103 96 -1.0484 -3.4536 100.0000
0.1028 113 86 -1.2450 -13.9517 100.0000
0.1044 94 105 -1.1493 5.5186 100.0000
0.1058 100 99 -1.1497 -0.8291 100.0000
0.1073 93 106 -1.0412 6.6172 100.0000
0.1088 95 104 -0.9663 4.4199 100.0000
0.1102 107 92 -1.0585 -7.1157 100.0000
0.1117 97 102 -1.0141 2.2837 100.0000
0.1132 97 102 -0.9625 2.8330 100.0000
0.1147 95 104 -0.8953 4.2979 100.0000
0.1161 104 95 -0.9599 -4.6743 100.0000
0.1176 98 101 -0.9394 1.1240 100.0000
0.1191 92 107 -0.8286 7.7158 100.0000
0.1205 103 96 -0.8841 -3.8198 100.0000
0.1220 100 99 -0.8857 -0.1577 100.0000
0.1234 99 100 -0.8715 0.9409 100.0000
0.1249 100 99 -0.8862 -0.8291 100.0000
0.1264 103 96 -0.9460 -3.9419 100.0000
0.1278 101 98 -0.9716 -1.6836 100.0000
0.1293 101 98 -0.9943 -1.8057 100.0000
0.1308 95 104 -0.9267 4.4199 100.0000
0.1323 108 91 -1.0430 -8.2754 100.0000
0.1337 98 101 -1.0048 1.7954 100.0000
0.1352 93 106 -0.9064 6.1289 100.0000
0.1367 100 99 -0.9108 -0.9512 100.0000
0.1382 97 102 -0.8653 2.4668 100.0000
0.1396 98 101 -0.8304 1.3071 100.0000
0.1411 98 101 -0.8004 1.0020 100.0000
0.1426 100 99 -0.7886 -0.2188 100.0000
0.1440 100 99 -0.7682 -0.2798 100.0000
0.1455 95 104 -0.6756 4.7251 100.0000
0.1470 96 103 -0.6016 3.5654 100.0000
0.1484 95 104 -0.5167 4.2979 100.0000
0.1499 101 98 -0.5226 -1.9888 100.0000
0.1514 101 98 -0.5207 -1.3784 100.0000
0.1529 91 108 -0.3715 8.8755 100.0000
0.1543 97 102 -0.2854 2.2837 100.0000
0.1558 95 104 -0.1649 4.7251 100.0000
0.1573 98 101 -0.0886 1.8564 100.0000
0.1588 93 106 0.1683 6.3120 100.0000
0.1602 95 104 0.3947 4.7251 100.0000
0.1616 100 99 0.5389 -0.8291 100.0000
0.1631 99 100 0.7009 0.6357 100.0000
0.1646 99 100 0.9562 0.0254 100.0000
0.1660 100 99 1.1925 -0.9512 100.0000
0.1675 91 108 1.5551 8.2651 100.0000
0.1690 94 105 1.9668 5.5186 100.0000
0.1704 91 108 2.4179 8.9976 100.0000
0.1719 104 95 2.6647 -4.7354 100.0000
0.1733 110 89 2.7859 -10.1064 100.0000
0.1747 88 111 3.2051 11.1948 100.0000
0.1762 105 94 3.3835 -5.2847 100.0000
0.1776 95 104 3.6994 4.7251 100.0000
0.1791 100 99 3.7764 -0.8291 100.0000
0.1806 96 103 3.9187 3.7485 100.0000
0.1820 101 98 3.9815 -1.5005 100.0000
0.1835 92 107 3.9738 7.1665 100.0000
0.1850 101 98 3.8473 -1.0732 100.0000
0.1864 105 94 3.6548 -5.8340 100.0000
0.1879 93 106 3.6406 6.3120 100.0000
0.1894 98 101 3.4004 1.6123 100.0000
0.1909 98 101 3.1570 1.0630 100.0000
0.1923 94 105 2.9814 5.3965 100.0000
0.1938 105 94 2.5800 -5.2847 100.0000
0.1953 98 101 2.2856 1.6123 100.0000
0.1967 101 98 1.9584 -1.0732 100.0000
0.1982 100 99 1.6401 -0.4629 100.0000
0.1997 99 100 1.3406 0.3916 100.0000
0.2012 97 102 1.0828 2.8940 100.0000
0.2026 92 107 0.8920 7.3496 100.0000
0.2040 91 108 0.7524 8.3262 100.0000
0.2055 109 90 0.3574 -9.9233 100.0000
0.2070 106 93 0.0195 -6.3223 100.0000
0.2084 107 92 -0.2598 -7.0547 100.0000
0.2098 104 95 -0.4896 -4.0029 100.0000
0.2111 107 92 -0.7524 -7.6650 100.0000
0.2123 103 96 -0.9574 -3.3926 100.0000
0.2135 96 103 -1.0101 3.3823 100.0000
0.2148 86 113 -0.9448 13.0259 100.0000
0.2160 101 98 -1.0633 -1.9888 100.0000
0.2172 97 102 -1.1265 2.4058 100.0000
0.2185 105 94 -1.2197 -5.1016 100.0000
0.2197 98 101 -1.2344 1.2461 100.0000
0.2209 104 95 -1.3200 -4.6743 100.0000
0.2222 100 99 -1.3590 -0.9512 100.0000
0.2234 108 91 -1.4531 -8.7637 100.0000
0.2246 98 101 -1.4278 1.0020 100.0000
0.2259 94 105 -1.3451 5.7627 100.0000
0.2271 101 98 -1.3550 -1.7446 100.0000
0.2283 96 103 -1.2793 3.5044 100.0000
0.2296 105 94 -1.3191 -5.8340 100.0000
0.2308 94 105 -1.2230 5.1523 100.0000
0.2321 98 101 -1.1745 1.4292 100.0000
0.2333 101 98 -1.1608 -1.9277 100.0000
0.2346 98 101 -1.1039 1.6123 100.0000
0.2358 102 97 -1.0931 -2.0498 100.0000
0.2371 99 100 -1.0570 0.0254 100.0000
0.2383 102 97 -1.0550 -2.5991 100.0000
0.2396 98 101 -0.9989 1.7954 100.0000
0.2409 99 100 -0.9567 0.7578 100.0000
0.2421 82 117 -0.7080 17.6035 100.0000
0.2434 98 101 -0.6635 1.6733 100.0000
0.2446 99 100 -0.6319 0.6968 100.0000
0.2459 97 102 -0.5821 2.2227 100.0000
0.2471 94 105 -0.4914 5.6406 100.0000
0.2484 99 100 -0.4713 0.8188 100.0000
0.2497 103 96 -0.4989 -3.0264 100.0000
0.2509 102 97 -0.5156 -2.1719 100.0000
0.2522 91 108 -0.4040 8.2041 100.0000
0.2534 96 103 -0.3602 3.5654 100.0000
0.2547 94 105 -0.2922 5.5796 100.0000
0.2560 97 102 -0.2675 2.1616 100.0000
0.2573 90 109 -0.1486 9.7300 100.0000
0.2586 89 110 -0.0290 10.0352 100.0000
0.2599 100 99 -0.0422 -0.0967 100.0000
0.2612 96 103 -0.0160 3.0161 100.0000
0.2624 101 98 -0.0478 -1.7446 100.0000
0.2637 104 95 -0.1119 -4.3691 100.0000
0.2650 97 102 -0.0895 2.4668 100.0000
0.2663 96 103 -0.0527 3.5654 100.0000
0.2676 96 103 -0.0116 3.5044 100.0000
0.2689 99 100 -0.0108 0.4526 100.0000
0.2702 96 103 0.0244 3.1992 100.0000
0.2715 106 93 -0.0662 -6.7495 100.0000
0.2727 100 99 -0.0631 -0.2798 100.0000
0.2740 102 97 -0.0826 -2.1108 100.0000
0.2752 98 101 -0.0531 1.8564 100.0000
0.2765 102 97 -0.0736 -2.1719 100.0000
0.2778 98 101 -0.0479 1.1851 100.0000
0.2790 91 108 0.0711 8.8145 100.0000
0.2803 102 97 0.0535 -2.1108 100.0000
0.2815 106 93 -0.0160 -6.2612 100.0000
0.2828 99 100 -0.0063 0.0864 100.0000
0.2840 93 106 0.0758 6.0679 100.0000
0.2853 95 104 0.1352 4.2368 100.0000
0.2866 101 98 0.1217 -1.5615 100.0000
0.2878 97 102 0.1569 2.5278 100.0000
0.2891 92 107 0.2455 7.0444 100.0000
0.2903 96 103 0.2848 3.0771 100.0000
0.2916 93 106 0.3631 6.2510 100.0000
0.2929 94 105 0.4216 5.5796 100.0000
0.2941 106 93 0.3356 -6.0171 100.0000
0.2954 98 101 0.3417 1.3071 100.0000
0.2966 98 101 0.3515 1.6123 100.0000
0.2979 96 103 0.3816 3.8096 100.0000
0.2992 93 106 0.4439 6.4951 100.0000
0.3005 99 100 0.4355 0.8799 100.0000
0.3017 91 108 0.5187 8.3262 100.0000
0.3030 104 95 0.4309 -4.9185 100.0000
0.3042 92 107 0.4981 7.5327 100.0000
0.3055 102 97 0.4444 -2.1719 100.0000
0.3068 98 101 0.4435 1.9785 100.0000
0.3080 101 98 0.3988 -1.3784 100.0000
0.3094 99 100 0.3826 0.8188 100.0000
0.3106 97 102 0.3839 2.2837 100.0000
0.3119 101 98 0.3334 -1.8667 100.0000
0.3132 100 99 0.3048 -0.4019 100.0000
0.3145 96 103 0.3203 3.0771 100.0000
0.3158 94 105 0.3715 5.8848 100.0000
0.3170 106 93 0.2706 -6.2002 100.0000
0.3183 100 99 0.2467 -0.2188 100.0000
0.3196 104 95 0.1692 -4.5522 100.0000
0.3208 93 106 0.2294 6.3730 100.0000
0.3221 94 105 0.2725 5.0303 100.0000
0.3234 95 104 0.3085 4.5420 100.0000
0.3247 100 99 0.2807 -0.4629 100.0000
0.3260 106 93 0.1833 -6.0781 100.0000
0.3273 110 89 0.0332 -10.2285 100.0000
0.3285 101 98 -0.0033 -1.6226 100.0000
0.3298 98 101 0.0041 1.8564 100.0000
0.3311 100 99 -0.0207 -0.7070 100.0000
0.3324 104 95 -0.0891 -4.3691 100.0000
0.3336 103 96 -0.1480 -3.6978 100.0000
0.3349 104 95 -0.2180 -4.6133 100.0000
0.3362 104 95 -0.2835 -4.4302 100.0000
0.3375 93 106 -0.2107 6.3120 100.0000
0.3387 108 91 -0.3253 -8.7637 100.0000
0.3400 103 96 -0.3740 -3.5146 100.0000
0.3412 101 98 -0.3979 -1.6226 100.0000
0.3425 92 107 -0.2986 7.8989 100.0000
0.3437 98 101 -0.2791 1.6123 100.0000
0.3450 103 96 -0.3204 -3.2705 100.0000
0.3463 102 97 -0.3464 -2.1108 100.0000
0.3476 102 97 -0.3701 -2.1719 100.0000
0.3489 102 97 -0.4015 -2.7822 100.0000
0.3502 102 97 -0.4286 -2.5991 100.0000
0.3514 92 107 -0.3292 7.5938 100.0000
0.3527 99 100 -0.3066 0.7578 100.0000
0.3540 102 97 -0.3243 -2.4160 100.0000
0.3553 105 94 -0.3759 -5.1016 100.0000
0.3566 89 110 -0.2278 10.2793 100.0000
0.3578 98 101 -0.1868 1.9785 100.0000
0.3591 94 105 -0.1051 5.3965 100.0000
0.3603 98 101 -0.0742 1.3682 100.0000
0.3616 95 104 -0.0014 4.1758 100.0000
0.3629 105 94 -0.0464 -5.1016 100.0000
0.3642 99 100 -0.0253 0.0864 100.0000
0.3655 101 98 -0.0224 -1.3174 100.0000
0.3667 99 100 -0.0025 0.0254 100.0000
0.3680 95 104 0.0793 4.9692 100.0000
0.3693 99 100 0.1046 0.6357 100.0000
0.3705 99 100 0.1264 0.3916 100.0000
0.3718 102 97 0.1044 -2.7212 100.0000
0.3730 100 99 0.1113 -0.4019 100.0000
0.3743 98 101 0.1439 1.7344 100.0000
0.3755 98 101 0.1678 1.0630 100.0000
0.3767 91 108 0.2780 8.7534 100.0000
0.3780 101 98 0.2623 -1.4395 100.0000
0.3793 101 98 0.2468 -1.3784 100.0000
0.3806 105 94 0.1779 -5.6509 100.0000
0.3820 92 107 0.2749 7.2886 100.0000
0.3833 99 100 0.2812 0.7578 100.0000
0.3845 94 105 0.3397 5.0303 100.0000
0.3858 99 100 0.3408 0.4526 100.0000
0.3871 104 95 0.2646 -4.9795 100.0000
0.3883 103 96 0.2110 -3.2705 100.0000
0.3896 100 99 0.1929 -0.5239 100.0000
0.3909 100 99 0.1766 -0.4019 100.0000
0.3921 93 106 0.2428 6.8003 100.0000
0.3934 100 99 0.2184 -0.4629 100.0000
0.3947 99 100 0.2005 0.0254 100.0000
0.3959 92 107 0.2761 7.5938 100.0000
0.3972 98 101 0.2693 1.6123 100.0000
0.3985 98 101 0.2613 1.4902 100.0000
0.3997 101 98 0.2102 -1.9888 100.0000
0.4010 102 97 0.1528 -2.5991 100.0000
0.4022 105 94 0.0591 -5.4067 100.0000
0.4035 98 101 0.0510 1.4292 100.0000
0.4047 91 108 0.1308 8.5703 100.0000
0.4060 93 106 0.1815 6.3120 100.0000
0.4072 102 97 0.1290 -2.5991 100.0000
0.4085 95 104 0.1621 4.1758 100.0000
0.4098 102 97 0.1107 -2.5381 100.0000
0.4110 99 100 0.1017 0.8188 100.0000
0.4123 103 96 0.0450 -3.7588 100.0000
0.4136 101 98 0.0184 -1.3784 100.0000
0.4148 101 98 -0.0058 -1.2563 100.0000
0.4161 100 99 -0.0143 -0.5239 100.0000
0.4174 95 104 0.0413 4.6030 100.0000
0.4187 97 102 0.0688 2.4058 100.0000
0.4200 95 104 0.1265 4.7861 100.0000
0.4213 97 102 0.1571 2.8940 100.0000
0.4225 94 105 0.2149 5.0913 100.0000
0.4238 100 99 0.2071 -0.0356 100.0000
0.4251 98 101 0.2177 1.4292 100.0000
0.4264 92 107 0.3002 7.6548 100.0000
0.4276 105 94 0.2168 -5.4678 100.0000
0.4289 100 99 0.1957 -0.5850 100.0000
0.4302 100 99 0.1712 -0.8901 100.0000
0.4315 100 99 0.1462 -0.8901 100.0000
0.4327 97 102 0.1632 2.4668 100.0000
0.4340 101 98 0.1323 -1.3784 100.0000
0.4352 100 99 0.1096 -0.7681 100.0000
0.4365 91 108 0.2006 8.0820 100.0000
0.4378 98 101 0.2101 1.6733 100.0000
0.4391 102 97 0.1702 -2.2939 100.0000
0.4403 104 95 0.1103 -4.0029 100.0000
0.4416 101 98 0.0824 -1.9277 100.0000
0.4428 106 93 -0.0068 -6.8716 100.0000
0.4441 108 91 -0.1131 -8.1533 100.0000
0.4454 100 99 -0.1189 -0.4629 100.0000
0.4467 90 109 0.0068 9.2417 100.0000
0.4480 97 102 0.0476 2.6499 100.0000
0.4493 103 96 0.0149 -3.0264 100.0000
0.4506 106 93 -0.0559 -6.2612 100.0000
0.4519 112 87 -0.2063 -12.9141 100.0000
0.4531 93 106 -0.1121 6.4951 100.0000
0.4544 97 102 -0.0740 2.2227 100.0000
0.4557 99 100 -0.0546 0.7578 100.0000
0.4569 104 95 -0.0950 -4.0029 100.0000
0.4582 97 102 -0.0480 2.9551 100.0000
0.4595 98 101 -0.0182 1.6123 100.0000
0.4608 103 96 -0.0499 -3.2705 100.0000
0.4621 98 101 -0.0269 1.0020 100.0000
0.4633 89 110 0.1192 10.8286 100.0000
0.4646 105 94 0.0628 -5.1626 100.0000
0.4659 105 94 0.0067 -5.4067 100.0000
0.4672 100 99 0.0178 -0.0356 100.0000
0.4684 97 102 0.0643 2.8330 100.0000
0.4697 91 108 0.1851 8.6924 100.0000
0.4710 95 104 0.2496 4.9082 100.0000
0.4723 99 100 0.2562 0.3306 100.0000
0.4736 101 98 0.2420 -1.3174 100.0000
0.4748 91 108 0.3468 8.2651 100.0000
0.4761 105 94 0.2832 -5.1016 100.0000
0.4774 100 99 0.2719 -0.9512 100.0000
0.4787 101 98 0.2498 -1.8057 100.0000
0.4799 89 110 0.3805 10.5234 100.0000
0.4812 100 99 0.3583 -0.8291 100.0000
0.4825 94 105 0.4219 5.9458 100.0000
0.4838 95 104 0.4732 4.8472 100.0000
0.4851 96 103 0.4984 3.1382 100.0000
0.4864 97 102 0.5065 2.4668 100.0000
0.4876 109 90 0.3701 -9.0688 100.0000
0.4889 106 93 0.2722 -6.2612 100.0000
0.4902 99 100 0.2650 0.8799 100.0000
0.4914 95 104 0.2936 4.6641 100.0000
0.4927 95 104 0.3239 4.7861 100.0000
0.4940 95 104 0.3544 4.9082 100.0000
0.4952 95 104 0.3768 4.2368 100.0000
0.4965 99 100 0.3468 0.5747 100.0000
0.4978 97 102 0.3415 2.5278 100.0000
0.4990 102 97 0.2782 -2.1719 100.0000
0.5003 101 98 0.2258 -1.3784 100.0000
0.5016 98 101 0.2092 1.6733 100.0000
0.5028 95 104 0.2243 4.1147 100.0000
0.5041 92 107 0.2759 7.1055 100.0000
0.5054 109 90 0.1265 -9.0078 100.0000
0.5067 97 102 0.1219 2.4058 100.0000
0.5080 92 107 0.1822 7.6548 100.0000
0.5093 95 104 0.2079 4.9082 100.0000
0.5105 99 100 0.1819 0.6968 100.0000
0.5118 95 104 0.1984 4.1147 100.0000
0.5131 90 109 0.2897 9.6689 100.0000
0.5144 102 97 0.2276 -2.0498 100.0000
0.5157 100 99 0.1906 -0.6460 100.0000
0.5170 98 101 0.1799 1.3682 100.0000
0.5183 97 102 0.1802 2.1616 100.0000
0.5196 96 103 0.1937 3.3213 100.0000
0.5209 100 99 0.1636 -0.5850 100.0000
0.5222 100 99 0.1393 -0.1577 100.0000
0.5234 98 101 0.1389 1.7344 100.0000
0.5247 101 98 0.0948 -1.8057 100.0000
0.5259 101 98 0.0615 -1.4395 100.0000
0.5272 99 100 0.0513 0.3916 100.0000
0.5285 100 99 0.0292 -0.5850 100.0000
0.5297 99 100 0.0167 0.1475 100.0000
0.5310 100 99 -0.0004 -0.8291 100.0000
0.5323 103 96 -0.0483 -3.3926 100.0000
0.5335 92 107 0.0440 7.9600 100.0000
0.5348 92 107 0.1232 7.0444 100.0000
0.5360 93 106 0.2019 6.4341 100.0000
0.5373 102 97 0.1703 -2.4160 100.0000
0.5385 99 100 0.1769 0.6357 100.0000
0.5398 102 97 0.1458 -2.4160 100.0000
0.5410 99 100 0.1547 0.2695 100.0000
0.5423 99 100 0.1635 0.2695 100.0000
0.5435 100 99 0.1638 -0.4019 100.0000
0.5448 99 100 0.1716 0.2085 100.0000
0.5460 97 102 0.2130 2.5278 100.0000
0.5473 98 101 0.2454 1.8564 100.0000
0.5485 97 102 0.2868 2.6499 100.0000
0.5498 102 97 0.2696 -2.0498 100.0000
0.5511 95 104 0.3250 4.2368 100.0000
0.5523 103 96 0.2853 -3.3926 100.0000
0.5536 102 97 0.2533 -2.7212 100.0000
0.5549 100 99 0.2486 -0.6460 100.0000
0.5562 99 100 0.2515 0.4526 100.0000
0.5575 101 98 0.2273 -1.6836 100.0000
0.5588 110 89 0.0986 -10.1064 100.0000
0.5600 99 100 0.0852 0.0254 100.0000
0.5613 101 98 0.0484 -1.8667 100.0000
0.5626 103 96 -0.0070 -3.3926 100.0000
0.5638 98 101 -0.0047 1.1240 100.0000
0.5652 97 102 0.0093 2.2837 100.0000
0.5665 94 105 0.0603 5.3965 100.0000
0.5677 95 104 0.0972 4.3589 100.0000
0.5690 97 102 0.1111 2.5889 100.0000
0.5702 99 100 0.1003 0.6968 100.0000
0.5715 104 95 0.0259 -4.5522 100.0000
0.5727 99 100 0.0138 0.4526 100.0000
0.5740 83 116 0.2030 16.5659 100.0000
0.5753 103 96 0.1458 -3.3315 100.0000
0.5765 103 96 0.0860 -3.6367 100.0000
0.5778 101 98 0.0479 -1.9888 100.0000
0.5791 110 89 -0.0893 -10.0454 100.0000
0.5803 103 96 -0.1389 -3.6978 100.0000
0.5816 100 99 -0.1427 -0.0967 100.0000
0.5830 95 104 -0.0886 4.2979 100.0000
0.5842 101 98 -0.1156 -1.8667 100.0000
0.5855 94 105 -0.0490 5.0913 100.0000
0.5868 104 95 -0.1002 -4.3081 100.0000
0.5881 94 105 -0.0272 5.5186 100.0000
0.5893 102 97 -0.0525 -2.1719 100.0000
0.5906 97 102 -0.0157 2.6499 100.0000
0.5919 103 96 -0.0612 -3.9419 100.0000
0.5931 97 102 -0.0285 2.2837 100.0000
0.5944 103 96 -0.0658 -3.3315 100.0000
0.5956 96 103 -0.0120 3.9927 100.0000
0.5969 99 100 0.0011 0.7578 100.0000
0.5982 103 96 -0.0432 -3.8198 100.0000
0.5995 102 97 -0.0763 -2.9043 100.0000
0.6008 100 99 -0.0774 -0.2188 100.0000
0.6020 99 100 -0.0702 0.4526 100.0000
0.6033 105 94 -0.1416 -5.8340 100.0000
0.6046 100 99 -0.1402 -0.8901 100.0000
0.6059 106 93 -0.2028 -6.0171 100.0000
0.6072 101 98 -0.2051 -1.2563 100.0000
0.6085 86 113 -0.0180 13.4531 100.0000
0.6097 104 95 -0.0379 -4.3691 100.0000
0.6110 100 99 -0.0128 -0.7681 100.0000
0.6123 102 97 -0.0102 -2.5991 100.0000
0.6135 93 106 0.1001 6.1289 100.0000
0.6148 102 97 0.1517 -2.9043 100.0000
0.6161 104 95 0.1824 -4.4302 100.0000
0.6173 102 97 0.2326 -2.9043 100.0000
0.6186 95 104 0.3734 4.6030 100.0000
0.6198 100 99 0.5107 -0.2798 100.0000
0.6211 94 105 0.7140 5.2744 100.0000
0.6224 101 98 0.8235 -1.9888 100.0000
0.6236 100 99 0.9519 -0.2798 100.0000
0.6249 99 100 1.1484 0.3916 100.0000
0.6261 101 98 1.3222 -1.1343 100.0000
0.6274 94 105 1.5701 5.1523 100.0000
0.6287 100 99 1.7482 -0.0967 100.0000
0.6299 103 96 1.9058 -3.0264 100.0000
0.6312 105 94 2.0280 -5.6509 100.0000
0.6324 92 107 2.3069 7.2886 100.0000
0.6337 92 107 2.5828 7.4717 100.0000
0.6349 104 95 2.6923 -4.5522 100.0000
0.6362 96 103 2.8964 3.3213 100.0000
0.6374 99 100 3.0560 0.0254 100.0000
0.6387 93 106 3.2856 6.0068 100.0000
0.6399 95 104 3.4255 4.2979 100.0000
0.6412 107 92 3.4133 -7.8481 100.0000
0.6425 98 101 3.5190 1.7344 100.0000
0.6437 94 105 3.6661 5.2744 100.0000
0.6450 98 101 3.6689 1.6123 100.0000
0.6462 102 97 3.6262 -2.0498 100.0000
0.6475 101 98 3.5865 -1.8667 100.0000
0.6488 102 97 3.5359 -2.8433 100.0000
0.6501 102 97 3.3806 -2.8433 100.0000
0.6513 99 100 3.2669 0.2085 100.0000
0.6526 108 91 3.0462 -8.4585 100.0000
0.6539 101 98 2.9178 -1.5005 100.0000
0.6552 96 103 2.7463 3.3823 100.0000
0.6565 99 100 2.5427 0.5747 100.0000
0.6577 101 98 2.3219 -1.1343 100.0000
0.6590 100 99 2.1079 -0.9512 100.0000
0.6602 104 95 1.7685 -4.7964 100.0000
0.6615 111 88 1.3577 -11.0830 100.0000
0.6628 99 100 1.1002 0.6357 100.0000
0.6640 99 100 0.8281 0.5747 100.0000
0.6653 106 93 0.4698 -6.8716 100.0000
0.6665 100 99 0.1928 -0.8901 100.0000
0.6678 99 100 -0.0668 0.0864 100.0000
0.6691 105 94 -0.3544 -5.0405 100.0000
0.6703 107 92 -0.6637 -7.4819 100.0000
0.6715 108 91 -0.9809 -8.7026 100.0000
0.6728 109 90 -1.2967 -9.1299 100.0000
0.6740 105 94 -1.4756 -5.5898 100.0000
0.6752 111 88 -1.7181 -11.2051 100.0000
0.6764 110 89 -1.9523 -10.8999 100.0000
0.6777 106 93 -2.1276 -6.3833 100.0000
0.6789 116 83 -2.3281 -16.2710 100.0000
0.6801 114 85 -2.4981 -14.1348 100.0000
0.6814 107 92 -2.5798 -7.0547 100.0000
0.6826 110 89 -2.7014 -10.2896 100.0000
0.6839 107 92 -2.7538 -7.1768 100.0000
0.6851 114 85 -2.9005 -14.3789 100.0000
0.6864 110 89 -2.9922 -10.4116 100.0000
0.6878 116 83 -3.1735 -16.8813 100.0000
0.6890 111 88 -3.2778 -11.3271 100.0000
0.6903 114 85 -3.4212 -14.3179 100.0000
0.6915 113 86 -3.5465 -13.0361 100.0000
0.6928 113 86 -3.6770 -13.5244 100.0000
0.6941 112 87 -3.8298 -12.9751 100.0000
0.6954 109 90 -3.9348 -9.6182 100.0000
0.6966 120 79 -4.1675 -20.2383 100.0000
0.6979 108 91 -4.2466 -8.0312 100.0000
0.6992 110 89 -4.3510 -10.5337 100.0000
0.7004 113 86 -4.4939 -13.9517 100.0000
0.7016 116 83 -4.6684 -16.9424 100.0000
0.7029 114 85 -4.8122 -14.6841 100.0000
0.7041 112 87 -4.9018 -12.6699 100.0000
0.7053 112 87 -4.9837 -12.1816 100.0000
0.7066 119 80 -5.1492 -19.2617 100.0000
0.7078 119 80 -5.3198 -19.9941 100.0000
0.7091 103 96 -5.2572 -3.6978 100.0000
0.7104 101 98 -5.1743 -1.9888 100.0000
0.7116 105 94 -5.1337 -5.3457 100.0000
0.7129 105 94 -5.1032 -5.9561 100.0000
0.7141 103 96 -5.0484 -3.2705 100.0000
0.7154 115 84 -5.1479 -15.7827 100.0000
0.7166 109 90 -5.1670 -9.3740 100.0000
0.7179 107 92 -5.1653 -7.7261 100.0000
0.7191 109 90 -5.2560 -9.1909 100.0000
0.7204 108 91 -5.3335 -8.1533 100.0000
0.7216 106 93 -5.3852 -6.2002 100.0000
0.7229 106 93 -5.4346 -6.0781 100.0000
0.7242 113 86 -5.6732 -13.0361 100.0000
0.7254 110 89 -5.8794 -10.7168 100.0000
0.7267 102 97 -5.9845 -2.9043 100.0000
0.7280 105 94 -6.1248 -5.8340 100.0000
0.7293 105 94 -6.3572 -5.0405 100.0000
0.7306 104 95 -6.5777 -4.6743 100.0000
0.7319 108 91 -6.8406 -8.3975 100.0000
0.7331 110 89 -7.1264 -10.7168 100.0000
0.7344 104 95 -7.3993 -4.3691 100.0000
0.7357 113 86 -7.7835 -13.8296 100.0000
0.7370 111 88 -8.1349 -11.6934 100.0000
0.7383 114 85 -8.5128 -14.0737 100.0000
0.7395 108 91 -8.8406 -8.2754 100.0000
0.7408 108 91 -9.1621 -8.2754 100.0000
0.7421 111 88 -9.5098 -11.0220 100.0000
0.7433 119 80 -9.9564 -19.3838 100.0000
0.7446 120 79 -10.4082 -20.2993 100.0000
0.7459 113 86 -10.7638 -13.2192 100.0000
0.7472 108 91 -11.0515 -8.3975 100.0000
0.7485 110 89 -11.3580 -10.8389 100.0000
0.7497 115 84 -11.7084 -15.1724 100.0000
0.7510 118 81 -12.0928 -18.1021 100.0000
0.7523 116 83 -12.4439 -16.1489 100.0000
0.7536 116 83 -12.7652 -16.3931 100.0000
0.7549 117 82 -13.0903 -17.2476 100.0000
0.7562 115 84 -13.3861 -15.5996 100.0000
0.7575 109 90 -13.6006 -9.4961 100.0000
0.7587 117 82 -13.8635 -17.1255 100.0000
0.7600 114 85 -14.0894 -14.4399 100.0000
0.7613 112 87 -14.2862 -12.6089 100.0000
0.7626 112 87 -14.4746 -12.0596 100.0000
0.7639 122 77 -14.7121 -22.0083 100.0000
0.7652 116 83 -14.8783 -16.5762 100.0000
0.7665 115 84 -15.0291 -15.8438 100.0000
0.7677 117 82 -15.1926 -17.0645 100.0000
0.7690 116 83 -15.2659 -16.8203 100.0000
0.7703 115 84 -15.3228 -15.4165 100.0000
0.7715 109 90 -15.3055 -9.6792 100.0000
0.7728 112 87 -15.3305 -12.9141 100.0000
0.7741 115 84 -15.3268 -15.8438 100.0000
0.7754 108 91 -15.2356 -8.4585 100.0000
0.7766 111 88 -15.1835 -11.7544 100.0000
0.7779 113 86 -15.1523 -13.3413 100.0000
0.7791 115 84 -15.1368 -15.7827 100.0000
0.7804 118 81 -15.1510 -18.1021 100.0000
0.7816 118 81 -15.1730 -18.7124 100.0000
0.7829 119 80 -15.2017 -19.2617 100.0000
0.7841 117 82 -15.2481 -17.6748 100.0000
0.7854 126 73 -15.4059 -26.8301 100.0000
0.7867 121 78 -15.4989 -21.8252 100.0000
0.7879 123 76 -15.6124 -23.5342 100.0000
0.7892 120 79 -15.7594 -20.8486 100.0000
0.7904 117 82 -15.8586 -17.3086 100.0000
0.7917 115 84 -15.9331 -15.4775 100.0000
0.7930 120 79 -16.1386 -20.7876 100.0000
0.7942 117 82 -16.3008 -17.6748 100.0000
0.7955 127 72 -16.5757 -27.0742 100.0000
0.7967 117 82 -16.7296 -17.7358 100.0000
0.7980 113 86 -16.8708 -13.2803 100.0000
0.7993 120 79 -17.1027 -20.7876 100.0000
0.8005 129 70 -17.4388 -29.6377 100.0000
0.8018 125 74 -17.7187 -25.7314 100.0000
0.8031 112 87 -17.8607 -12.7310 100.0000
0.8044 126 73 -18.1812 -26.9521 100.0000
0.8057 121 78 -18.4210 -21.7031 100.0000
0.8069 118 81 -18.6162 -18.4683 100.0000
0.8082 123 76 -18.8773 -23.4121 100.0000
0.8095 122 77 -19.1312 -22.2524 100.0000
0.8108 126 73 -19.4220 -26.2808 100.0000
0.8121 127 72 -19.7289 -27.8677 100.0000
0.8133 124 75 -19.9972 -24.9380 100.0000
0.8146 124 75 -20.2515 -24.2666 100.0000
0.8159 122 77 -20.4772 -22.2524 100.0000
0.8172 122 77 -20.6990 -22.3135 100.0000
0.8184 120 79 -20.9030 -20.7266 100.0000
0.8197 123 76 -21.1383 -23.6562 100.0000
0.8210 117 82 -21.2850 -17.0034 100.0000
0.8223 117 82 -21.4359 -17.0034 100.0000
0.8236 113 86 -21.5339 -13.1582 100.0000
0.8248 117 82 -21.6812 -17.1255 100.0000
0.8261 118 81 -21.8452 -18.8345 100.0000
0.8274 117 82 -21.9845 -17.1865 100.0000
0.8287 127 72 -22.2799 -27.9287 100.0000
0.8300 114 85 -22.3796 -14.2568 100.0000
0.8313 114 85 -22.4717 -14.0127 100.0000
0.8326 112 87 -22.5407 -12.3037 100.0000
0.8339 113 86 -22.6337 -13.6465 100.0000
0.8351 117 82 -22.7662 -17.0034 100.0000
0.8364 116 83 -22.8898 -16.5762 100.0000
0.8377 113 86 -22.9865 -13.0361 100.0000
0.8389 120 79 -23.1717 -20.4214 100.0000
0.8402 117 82 -23.3209 -17.6138 100.0000
0.8415 123 76 -23.5305 -23.0459 100.0000
0.8427 115 84 -23.6784 -15.8438 100.0000
0.8440 118 81 -23.8548 -18.4072 100.0000
0.8453 120 79 -24.0527 -20.1162 100.0000
0.8466 113 86 -24.1643 -13.5244 100.0000
0.8479 119 80 -24.3641 -19.3838 100.0000
0.8492 123 76 -24.6171 -23.5342 100.0000
0.8505 120 79 -24.8237 -20.6045 100.0000
0.8518 123 76 -25.0760 -23.9004 100.0000
0.8530 124 75 -25.3429 -24.3887 100.0000
0.8543 115 84 -25.4942 -15.4775 100.0000
0.8556 122 77 -25.7293 -22.4966 100.0000
0.8569 122 77 -25.9544 -22.0693 100.0000
0.8581 123 76 -26.1859 -23.1680 100.0000
0.8594 120 79 -26.3784 -20.5435 100.0000
0.8607 120 79 -26.5719 -20.6655 100.0000
0.8620 122 77 -26.7842 -22.3745 100.0000
0.8633 123 76 -26.9953 -23.3511 100.0000
0.8646 128 71 -27.2729 -28.5391 100.0000
0.8658 122 77 -27.4628 -22.4966 100.0000
0.8671 117 82 -27.5920 -17.6748 100.0000
0.8684 126 73 -27.8200 -26.2808 100.0000
0.8697 128 71 -28.0696 -28.4780 100.0000
0.8710 124 75 -28.2585 -24.1445 100.0000
0.8722 125 74 -28.4572 -25.2432 100.0000
0.8735 122 77 -28.6318 -22.4355 100.0000
0.8748 122 77 -28.8144 -22.8018 100.0000
0.8761 130 69 -29.0827 -30.4922 100.0000
0.8773 122 77 -29.2943 -22.8628 100.0000
0.8786 132 67 -29.6187 -32.0791 100.0000
0.8799 127 72 -29.8830 -27.9897 100.0000
0.8811 129 70 -30.1641 -29.4546 100.0000
0.8824 129 70 -30.5099 -29.3325 100.0000
0.8837 122 77 -30.7711 -22.9849 100.0000
0.8850 120 79 -30.9990 -20.2383 100.0000
0.8863 121 78 -31.2337 -21.5200 100.0000
0.8875 121 78 -31.5660 -21.7031 100.0000
0.8888 121 78 -31.8894 -21.7642 100.0000
0.8901 126 73 -32.2731 -26.5249 100.0000
0.8914 127 72 -32.6503 -27.0742 100.0000
0.8927 115 84 -32.9844 -15.3555 100.0000
0.8940 123 76 -33.4204 -23.5342 100.0000
0.8952 125 74 -33.8665 -25.4873 100.0000
0.8965 113 86 -34.1558 -13.5244 100.0000
0.8978 125 74 -34.6860 -25.6094 100.0000
0.8991 127 72 -35.2265 -27.8066 100.0000
0.9003 118 81 -35.6408 -18.4072 100.0000
0.9016 127 72 -36.1644 -27.5625 100.0000
0.9028 123 76 -36.7102 -23.2290 100.0000
0.9041 124 75 -37.2552 -24.5718 100.0000
0.9053 131 68 -37.8802 -31.7129 100.0000
0.9066 125 74 -38.4215 -25.7925 100.0000
0.9079 118 81 -38.9113 -18.1021 100.0000
0.9092 128 71 -39.5284 -28.6611 100.0000
0.9104 124 75 -40.0771 -24.9990 100.0000
0.9117 125 74 -40.6261 -25.7314 100.0000
0.9129 126 73 -41.1912 -26.2197 100.0000
0.9142 131 68 -41.8214 -31.8350 100.0000
0.9155 134 65 -42.4714 -34.2153 100.0000
0.9168 130 69 -43.0599 -30.0039 100.0000
0.9181 134 65 -43.6797 -34.8257 100.0000
0.9193 136 63 -44.3127 -36.7788 100.0000
0.9206 126 73 -44.8086 -26.9521 100.0000
0.9218 132 67 -45.3552 -32.5674 100.0000
0.9231 129 70 -45.8169 -29.3325 100.0000
0.9244 128 71 -46.2719 -28.3560 100.0000
0.9256 129 70 -46.7167 -29.5767 100.0000
0.9269 133 66 -47.1625 -33.9102 100.0000
0.9281 131 68 -47.5727 -31.8350 100.0000
0.9294 126 73 -47.9178 -26.5249 100.0000
0.9306 130 69 -48.3104 -30.7363 100.0000
0.9319 126 73 -48.5937 -26.7080 100.0000
0.9332 126 73 -48.8738 -26.5249 100.0000
0.9344 129 70 -49.1853 -29.2715 100.0000
0.9357 129 70 -49.4919 -29.3325 100.0000
0.9370 131 68 -49.7756 -31.4688 100.0000
0.9382 128 71 -50.0200 -28.3560 100.0000
0.9395 135 64 -50.3650 -35.8633 100.0000
0.9408 126 73 -50.5757 -26.5249 100.0000
0.9420 127 72 -50.7735 -27.2573 100.0000
0.9433 129 70 -50.9886 -29.0273 100.0000
0.9445 124 75 -51.1494 -24.9990 100.0000
0.9458 131 68 -51.3818 -31.0415 100.0000
0.9471 137 62 -51.6796 -37.6333 100.0000
0.9483 131 68 -51.9006 -31.7739 100.0000
0.9496 125 74 -52.0388 -25.6094 100.0000
0.9508 132 67 -52.2648 -32.9336 100.0000
0.9521 136 63 -52.5327 -36.1074 100.0000
0.9534 130 69 -52.7208 -30.0649 100.0000
0.9546 126 73 -52.8660 -26.8301 100.0000
0.9559 129 70 -53.0453 -29.8818 100.0000
0.9571 128 71 -53.2472 -28.5391 100.0000
0.9584 124 75 -53.3997 -24.7549 100.0000
0.9596 130 69 -53.6130 -30.3701 100.0000
0.9609 130 69 -53.8384 -30.3091 100.0000
0.9622 134 65 -54.1808 -34.2764 100.0000
0.9635 132 67 -54.5049 -32.7505 100.0000
0.9648 126 73 -54.7340 -26.2197 100.0000
0.9661 130 69 -55.0164 -30.4312 100.0000
0.9674 126 73 -55.3485 -26.8911 100.0000
0.9687 134 65 -55.7606 -34.3984 100.0000
0.9699 129 70 -56.1069 -29.7598 100.0000
0.9712 131 68 -56.4646 -31.1636 100.0000
0.9725 130 69 -56.8905 -30.1260 100.0000
0.9738 127 72 -57.2799 -27.6235 100.0000
0.9750 131 68 -57.7076 -31.5908 100.0000
0.9763 134 65 -58.1717 -34.6426 100.0000
0.9776 134 65 -58.6706 -34.0322 100.0000
0.9789 129 70 -59.1081 -29.9429 100.0000
0.9802 120 79 -59.4257 -20.5435 100.0000
0.9814 127 72 -59.8530 -27.3794 100.0000
0.9828 138 61 -60.4175 -38.1216 100.0000
0.9840 135 64 -60.9262 -35.8022 100.0000
0.9853 127 72 -61.3283 -27.9287 100.0000
0.9866 135 64 -61.8392 -35.9243 100.0000
0.9879 143 56 -62.4190 -43.1265 100.0000
0.9892 140 59 -62.9766 -40.9292 100.0000
0.9904 143 56 -63.5419 -43.4927 100.0000
0.9917 139 60 -64.0686 -39.8916 100.0000
0.9930 140 59 -64.5868 -40.6240 100.0000
0.9943 141 58 -65.1027 -41.1123 100.0000
0.9955 150 49 -65.7222 -50.2676 100.0000
0.9968 140 59 -66.2174 -40.0747 100.0000
0.9981 141 58 -66.7250 -41.6616 100.0000
0.9993 142 57 -67.2260 -42.2109 100.0000
1.0006 148 51 -67.7880 -48.1924 100.0000
1.0019 133 66 -68.1871 -33.3608 100.0000
1.0031 139 60 -68.6455 -39.2812 100.0000
1.0044 141 58 -69.1428 -41.6616 100.0000
1.0057 136 63 -69.5538 -36.4736 100.0000
1.0070 142 57 -70.0675 -42.9434 100.0000
1.0083 141 58 -70.5611 -41.2954 100.0000
1.0096 137 62 -71.0006 -37.8774 100.0000
1.0108 136 63 -71.4101 -36.5347 100.0000
1.0121 145 54 -71.9800 -45.8120 100.0000
1.0134 140 59 -72.4676 -40.6851 100.0000
1.0146 141 58 -72.9475 -41.4175 100.0000
1.0159 139 60 -73.3969 -39.6475 100.0000
1.0172 145 54 -73.9736 -45.7510 100.0000
1.0184 137 62 -74.4356 -37.4502 100.0000
1.0197 142 57 -74.9487 -42.1499 100.0000
1.0209 140 59 -75.4268 -40.2578 100.0000
1.0222 152 47 -76.1131 -52.7700 100.0000
1.0234 138 61 -76.6066 -38.2437 100.0000
1.0247 140 59 -77.1311 -40.9292 100.0000
1.0260 135 64 -77.5803 -35.1309 100.0000
1.0273 137 62 -78.0802 -37.3892 100.0000
1.0286 129 70 -78.4862 -29.5767 100.0000
1.0298 138 61 -78.9835 -38.5488 100.0000
1.0311 128 71 -79.3957 -28.7832 100.0000
1.0323 139 60 -79.9200 -39.0371 100.0000
1.0336 136 63 -80.4018 -36.4736 100.0000
1.0348 130 69 -80.7999 -30.4312 100.0000
1.0361 137 62 -81.3118 -37.3892 100.0000
1.0374 130 69 -81.7153 -30.5532 100.0000
1.0386 142 57 -82.2540 -42.2109 100.0000
1.0399 130 69 -82.6432 -30.9805 100.0000
1.0411 138 61 -83.1599 -38.3047 100.0000
1.0424 138 61 -83.6551 -38.9761 100.0000
1.0436 136 63 -84.1137 -36.7178 100.0000
1.0449 137 62 -84.5707 -37.3892 100.0000
1.0461 138 61 -85.0858 -38.7319 100.0000
1.0474 139 60 -85.6115 -39.8306 100.0000
1.0487 143 56 -86.1641 -43.1265 100.0000
1.0500 137 62 -86.6309 -37.1450 100.0000
1.0513 132 67 -87.0950 -32.9946 100.0000
1.0525 132 67 -87.5348 -32.0791 100.0000
1.0538 128 71 -87.9124 -28.0508 100.0000
1.0551 136 63 -88.3780 -36.1685 100.0000
1.0563 129 70 -88.7927 -29.3936 100.0000
1.0576 136 63 -89.2893 -36.6567 100.0000
1.0589 139 60 -89.8125 -39.4033 100.0000
1.0601 129 70 -90.1965 -29.2104 100.0000
1.0614 127 72 -90.5946 -27.9897 100.0000
1.0627 128 71 -90.9882 -28.1729 100.0000
1.0639 133 66 -91.4329 -33.0557 100.0000
1.0652 130 69 -91.8373 -30.5532 100.0000
1.0664 132 67 -92.2710 -32.2012 100.0000
1.0677 130 69 -92.6731 -30.3701 100.0000
1.0689 125 74 -93.0054 -25.3042 100.0000
1.0702 129 70 -93.3793 -29.2715 100.0000
1.0715 125 74 -93.7230 -25.7314 100.0000
1.0727 124 75 -94.0484 -24.8159 100.0000
1.0740 128 71 -94.4184 -28.9663 100.0000
1.0752 130 69 -94.7952 -30.0649 100.0000
1.0765 116 83 -95.0113 -16.0879 100.0000
1.0777 119 80 -95.2688 -19.8110 100.0000
1.0790 123 76 -95.5673 -23.7173 100.0000
1.0803 128 71 -95.9231 -28.6001 100.0000
1.0815 127 72 -96.2765 -27.8066 100.0000
1.0828 124 75 -96.5856 -24.8159 100.0000
1.0841 123 76 -96.8737 -23.1680 100.0000
1.0854 119 80 -97.1099 -19.2007 100.0000
1.0866 118 81 -97.3351 -18.1631 100.0000
1.0879 117 82 -97.5398 -17.0034 100.0000
1.0892 123 76 -97.8200 -23.4731 100.0000
1.0904 126 73 -98.1355 -26.7080 100.0000
1.0917 119 80 -98.3727 -19.7500 100.0000
1.0930 121 78 -98.6365 -21.8252 100.0000
1.0943 124 75 -98.9225 -24.6328 100.0000
1.0955 123 76 -99.2114 -23.1069 100.0000
1.0968 126 73 -99.5338 -26.0366 100.0000
1.0981 124 75 -99.8287 -24.1445 100.0000
1.0994 131 68 -100.2009 -31.2856 100.0000
1.1006 124 75 -100.5194 -24.4497 100.0000
1.1019 126 73 -100.8538 -26.3418 100.0000
1.1032 131 68 -101.2463 -31.2856 100.0000
1.1045 118 81 -101.4633 -18.2852 100.0000
1.1057 127 72 -101.8437 -27.7456 100.0000
1.1070 144 55 -102.4336 -44.3472 100.0000
1.1083 125 74 -102.7677 -25.4263 100.0000
1.1096 132 67 -103.1784 -32.3232 100.0000
1.1108 136 63 -103.6878 -36.4736 100.0000
1.1122 131 68 -104.1423 -31.8960 100.0000
1.1135 137 62 -104.6588 -37.7554 100.0000
1.1147 138 61 -105.1642 -38.8540 100.0000
1.1160 131 68 -105.6484 -31.4688 100.0000
1.1173 125 74 -106.0485 -25.3042 100.0000
1.1186 132 67 -106.5283 -32.5674 100.0000
1.1199 134 65 -107.0301 -34.7036 100.0000
1.1211 143 56 -107.7018 -43.2485 100.0000
1.1224 137 62 -108.2982 -37.9995 100.0000
1.1237 135 64 -108.8459 -35.1309 100.0000
1.1250 140 59 -109.4538 -40.0137 100.0000
1.1263 133 66 -110.0468 -33.0557 100.0000
1.1276 141 58 -110.7146 -41.1123 100.0000
1.1288 134 65 -111.2730 -34.0933 100.0000
1.1301 136 63 -111.8650 -36.9619 100.0000
1.1314 133 66 -112.4463 -33.6660 100.0000
1.1326 137 62 -113.0658 -37.7554 100.0000
1.1339 132 67 -113.6034 -32.0181 100.0000
1.1351 138 61 -114.2102 -38.6099 100.0000
1.1364 132 67 -114.7521 -32.9336 100.0000
1.1377 130 69 -115.2594 -30.9805 100.0000
1.1389 131 68 -115.7593 -31.2246 100.0000
1.1402 135 64 -116.2739 -35.8633 100.0000
1.1414 126 73 -116.6721 -26.5249 100.0000
1.1427 135 64 -117.1662 -35.0088 100.0000
1.1439 126 73 -117.5432 -26.2808 100.0000
1.1452 128 71 -117.9151 -28.5391 100.0000
1.1464 121 78 -118.1885 -21.5811 100.0000
1.1477 126 73 -118.5203 -26.8301 100.0000
1.1490 123 76 -118.8032 -23.2900 100.0000
1.1502 127 72 -119.1428 -27.9287 100.0000
1.1515 120 79 -119.3642 -20.3604 100.0000
1.1528 110 89 -119.4620 -10.7168 100.0000
1.1540 127 72 -119.7718 -27.7456 100.0000
1.1553 134 65 -120.1583 -34.2764 100.0000
1.1566 121 78 -120.3817 -21.7031 100.0000
1.1579 118 81 -120.5593 -18.4683 100.0000
1.1591 124 75 -120.8089 -24.5107 100.0000
1.1604 132 67 -121.1920 -32.5674 100.0000
1.1617 129 70 -121.5233 -29.0273 100.0000
1.1629 130 69 -121.8655 -30.6143 100.0000
1.1642 132 67 -122.2222 -32.0791 100.0000
1.1655 126 73 -122.5450 -26.6470 100.0000
1.1668 120 79 -122.7924 -20.7266 100.0000
1.1680 123 76 -123.0632 -23.4121 100.0000
1.1693 120 79 -123.2940 -20.3604 100.0000
1.1706 132 67 -123.7141 -32.2622 100.0000
1.1718 124 75 -124.0410 -24.8770 100.0000
1.1731 121 78 -124.3136 -21.2148 100.0000
1.1744 128 71 -124.6722 -28.3560 100.0000
1.1756 122 77 -125.0009 -22.8018 100.0000
1.1769 130 69 -125.4225 -30.3091 100.0000
1.1782 134 65 -125.8799 -34.3984 100.0000
1.1794 130 69 -126.2844 -30.9194 100.0000
1.1807 129 70 -126.7082 -29.6377 100.0000
1.1820 132 67 -127.1735 -32.2012 100.0000
1.1832 130 69 -127.5871 -30.1260 100.0000
1.1845 131 68 -128.0198 -31.8350 100.0000
1.1858 127 72 -128.4453 -27.0742 100.0000
1.1871 127 72 -128.8764 -27.9897 100.0000
1.1884 122 77 -129.2298 -22.7407 100.0000
1.1896 121 78 -129.5524 -21.5200 100.0000
1.1909 127 72 -130.0008 -27.5015 100.0000
1.1921 122 77 -130.3692 -22.0693 100.0000
1.1934 124 75 -130.7541 -24.0835 100.0000
1.1946 119 80 -131.0786 -19.2007 100.0000
1.1959 133 66 -131.6244 -33.6050 100.0000
1.1971 124 75 -132.0514 -24.3887 100.0000
1.1983 115 84 -132.3579 -15.3555 100.0000
1.1996 129 70 -132.8516 -29.8818 100.0000
1.2009 129 70 -133.3809 -29.3325 100.0000
1.2022 129 70 -133.9003 -29.4546 100.0000
1.2034 116 83 -134.2525 -16.7593 100.0000
1.2047 125 74 -134.7546 -25.9146 100.0000
1.2060 130 69 -135.3332 -30.3091 100.0000
1.2074 119 80 -135.7654 -19.7500 100.0000
1.2086 123 76 -136.2237 -23.3511 100.0000
1.2099 128 71 -136.8072 -28.2949 100.0000
1.2111 124 75 -137.3276 -24.0225 100.0000
1.2124 130 69 -137.9069 -30.1260 100.0000
1.2137 133 66 -138.5407 -33.3608 100.0000
1.2150 126 73 -139.1466 -26.2197 100.0000
1.2162 120 79 -139.6761 -20.8486 100.0000
1.2175 128 71 -140.2818 -28.1118 100.0000
1.2188 126 73 -140.8545 -26.1587 100.0000
1.2200 125 74 -141.5124 -25.4873 100.0000
1.2213 127 72 -142.1900 -27.3184 100.0000
1.2226 123 76 -142.7968 -23.2900 100.0000
1.2239 126 73 -143.4323 -26.4639 100.0000
1.2252 126 73 -144.1478 -26.5249 100.0000
1.2264 128 71 -144.8634 -28.1729 100.0000
1.2277 126 73 -145.5496 -26.7080 100.0000
1.2290 116 83 -146.1035 -16.8813 100.0000
1.2303 117 82 -146.6921 -17.4307 100.0000
1.2315 121 78 -147.3234 -21.6421 100.0000
1.2328 125 74 -147.9866 -25.3042 100.0000
1.2341 117 82 -148.5439 -17.9800 100.0000
1.2354 125 74 -149.1562 -25.2432 100.0000
1.2366 124 75 -149.7489 -24.8770 100.0000
1.2379 115 84 -150.2104 -15.1113 100.0000
1.2392 130 69 -150.8438 -30.0039 100.0000
1.2404 125 74 -151.3192 -25.9756 100.0000
1.2417 134 65 -151.8896 -34.6426 100.0000
1.2430 128 71 -152.3791 -28.6611 100.0000
1.2442 126 73 -152.8343 -26.7690 100.0000
1.2455 128 71 -153.1676 -28.6611 100.0000
1.2468 128 71 -153.4955 -28.5391 100.0000
1.2481 122 77 -153.7509 -22.5576 100.0000
1.2493 133 66 -154.0030 -33.5439 100.0000
1.2506 122 77 -154.0953 -22.5576 100.0000
1.2519 124 75 -154.2131 -24.1445 100.0000
1.2531 125 74 -154.3444 -25.6704 100.0000
1.2544 122 77 -154.3197 -22.1914 100.0000
1.2557 130 69 -154.3948 -30.2480 100.0000
1.2570 130 69 -154.4818 -30.8584 100.0000
1.2582 133 66 -154.5942 -33.1777 100.0000
1.2595 121 78 -154.4948 -21.6421 100.0000
1.2608 128 71 -154.4741 -28.1118 100.0000
1.2621 130 69 -154.4871 -30.2480 100.0000
1.2634 123 76 -154.4192 -23.7783 100.0000
1.2646 127 72 -154.3914 -27.5625 100.0000
1.2659 129 70 -154.3871 -29.4546 100.0000
1.2672 130 69 -154.3894 -30.4312 100.0000
1.2685 125 74 -154.3377 -25.7314 100.0000
1.2698 128 71 -154.3669 -28.4170 100.0000
1.2711 129 70 -154.4049 -29.7598 100.0000
1.2723 124 75 -154.3791 -24.8159 100.0000
1.2736 129 70 -154.4081 -29.2715 100.0000
1.2749 136 63 -154.6142 -36.6567 100.0000
1.2761 134 65 -154.7888 -34.0933 100.0000
1.2774 129 70 -154.9049 -29.0884 100.0000
1.2787 129 70 -155.0177 -29.5156 100.0000
1.2800 117 82 -155.1102 -17.5527 100.0000
1.2813 120 79 -155.2296 -20.3604 100.0000
1.2825 114 85 -155.2798 -14.7451 100.0000
1.2838 120 79 -155.4004 -20.5435 100.0000
1.2851 125 74 -155.7221 -25.6094 100.0000
1.2863 126 73 -156.0480 -26.6470 100.0000
1.2876 117 82 -156.2627 -17.1255 100.0000
1.2889 127 72 -156.5956 -27.6846 100.0000
1.2902 121 78 -156.9762 -21.6421 100.0000
1.2914 116 83 -157.2781 -16.0879 100.0000
1.2927 122 77 -157.6570 -22.2524 100.0000
1.2940 125 74 -158.1140 -25.9756 100.0000
1.2952 121 78 -158.5310 -21.7642 100.0000
1.2965 118 81 -158.9033 -18.8955 100.0000
1.2977 118 81 -159.2592 -18.1631 100.0000
1.2990 115 84 -159.5796 -15.5996 100.0000
1.3003 119 80 -159.9428 -19.6279 100.0000
1.3015 115 84 -160.2431 -15.1113 100.0000
1.3028 116 83 -160.5538 -16.3931 100.0000
1.3040 110 89 -160.7381 -10.7168 100.0000
1.3053 118 81 -161.0134 -18.4072 100.0000
1.3065 116 83 -161.2624 -16.6982 100.0000
1.3078 119 80 -161.5406 -19.5059 100.0000
1.3091 117 82 -161.7293 -17.0645 100.0000
1.3103 115 84 -161.8925 -15.4165 100.0000
1.3116 114 85 -162.0449 -14.8062 100.0000
1.3128 108 91 -162.1158 -8.4585 100.0000
1.3141 110 89 -162.1646 -10.2896 100.0000
1.3153 111 88 -162.2288 -11.5713 100.0000
1.3166 115 84 -162.3396 -15.4775 100.0000
1.3179 121 78 -162.5236 -21.5811 100.0000
1.3191 115 84 -162.6083 -15.3555 100.0000
1.3204 127 72 -162.8420 -27.7456 100.0000
1.3216 109 90 -162.8460 -9.0078 100.0000
1.3229 113 86 -162.9063 -13.5244 100.0000
1.3242 113 86 -162.9793 -13.2192 100.0000
1.3255 115 84 -163.0733 -15.2944 100.0000
1.3268 122 77 -163.2614 -22.0083 100.0000
1.3281 119 80 -163.4047 -19.6279 100.0000
1.3294 117 82 -163.5426 -17.4917 100.0000
1.3307 119 80 -163.7004 -19.3838 100.0000
1.3319 110 89 -163.7485 -10.8389 100.0000
1.3332 110 89 -163.7875 -10.1675 100.0000
1.3345 114 85 -163.9186 -14.1958 100.0000
1.3358 112 87 -164.0205 -12.3037 100.0000
1.3371 118 81 -164.2056 -18.8345 100.0000
1.3383 118 81 -164.3824 -18.3462 100.0000
1.3396 117 82 -164.5700 -17.3086 100.0000
1.3409 117 82 -164.7494 -17.0645 100.0000
1.3422 111 88 -164.8565 -11.3882 100.0000
1.3435 113 86 -164.9922 -13.7686 100.0000
1.3447 118 81 -165.2178 -18.8955 100.0000
1.3460 117 82 -165.4245 -17.6138 100.0000
1.3473 119 80 -165.6534 -19.7500 100.0000
1.3486 106 93 -165.6958 -6.3833 100.0000
1.3499 108 91 -165.7868 -8.8857 100.0000
1.3512 101 98 -165.7860 -1.6226 100.0000
1.3524 112 87 -165.9243 -12.7310 100.0000
1.3537 122 77 -166.1719 -22.4966 100.0000
1.3550 117 82 -166.3501 -17.1865 100.0000
1.3562 118 81 -166.5468 -18.9565 100.0000
1.3575 117 82 -166.7211 -17.6138 100.0000
1.3588 114 85 -166.8307 -14.6841 100.0000
1.3601 112 87 -166.9135 -12.6699 100.0000
1.3614 120 79 -167.0954 -20.7266 100.0000
1.3627 111 88 -167.1529 -11.0830 100.0000
1.3639 112 87 -167.1869 -12.0596 100.0000
1.3652 112 87 -167.2356 -12.9751 100.0000
1.3665 114 85 -167.2964 -14.2568 100.0000
1.3678 109 90 -167.2922 -9.0078 100.0000
1.3691 114 85 -167.3222 -14.3789 100.0000
1.3703 114 85 -167.3466 -14.0737 100.0000
1.3716 114 85 -167.3748 -14.6230 100.0000
1.3728 108 91 -167.3279 -8.3975 100.0000
1.3741 109 90 -167.2668 -9.1909 100.0000
1.3753 119 80 -167.3351 -19.6279 100.0000
1.3766 109 90 -167.2810 -9.6792 100.0000
1.3779 115 84 -167.2971 -15.4165 100.0000
1.3791 114 85 -167.2686 -14.1958 100.0000
1.3804 114 85 -167.2507 -14.9282 100.0000
1.3816 112 87 -167.1999 -12.2427 100.0000
1.3829 106 93 -167.0842 -6.8716 100.0000
1.3841 104 95 -166.9221 -4.4912 100.0000
1.3854 101 98 -166.7265 -1.5005 100.0000
1.3867 111 88 -166.6617 -11.8154 100.0000
1.3879 106 93 -166.5301 -6.2612 100.0000
1.3892 107 92 -166.4087 -7.8481 100.0000
1.3905 102 97 -166.2222 -2.5991 100.0000
1.3917 104 95 -166.0627 -4.4912 100.0000
1.3930 114 85 -166.0278 -14.0127 100.0000
1.3943 107 92 -165.9347 -7.6650 100.0000
1.3955 114 85 -165.9303 -14.7451 100.0000
1.3968 116 83 -165.9506 -16.6982 100.0000
1.3980 109 90 -165.9377 -9.4961 100.0000
1.3993 106 93 -165.8936 -6.3223 100.0000
1.4005 112 87 -165.9232 -12.3647 100.0000
1.4017 99 100 -165.8006 0.1475 100.0000
1.4030 108 91 -165.8685 -8.4585 100.0000
1.4042 113 86 -166.0188 -13.9517 100.0000
1.4055 112 87 -166.1452 -12.1206 100.0000
1.4067 112 87 -166.2724 -12.1816 100.0000
1.4080 104 95 -166.3992 -4.3691 100.0000
1.4093 120 79 -166.7519 -20.2993 100.0000
1.4105 113 86 -167.0076 -13.4023 100.0000
1.4118 116 83 -167.2988 -16.3931 100.0000
1.4131 110 89 -167.6277 -10.4727 100.0000
1.4145 104 95 -167.8726 -4.3691 100.0000
1.4158 105 94 -168.1320 -5.8340 100.0000
1.4170 109 90 -168.4258 -9.3130 100.0000
1.4183 106 93 -168.7828 -6.9937 100.0000
1.4196 115 84 -169.2299 -15.1113 100.0000
1.4209 110 89 -169.6103 -10.2896 100.0000
1.4221 119 80 -170.0916 -19.2007 100.0000
1.4234 110 89 -170.5290 -10.1675 100.0000
1.4247 112 87 -170.9849 -12.4868 100.0000
1.4259 116 83 -171.4794 -16.3931 100.0000
1.4272 108 91 -171.8662 -8.4585 100.0000
1.4284 120 79 -172.4376 -20.3604 100.0000
1.4297 111 88 -172.8860 -11.2051 100.0000
1.4309 117 82 -173.3980 -17.0645 100.0000
1.4322 107 92 -173.7858 -7.8481 100.0000
1.4335 110 89 -174.2377 -10.7168 100.0000
1.4347 117 82 -174.7635 -17.4307 100.0000
1.4360 113 86 -175.2302 -13.5244 100.0000
1.4372 118 81 -175.7520 -18.7734 100.0000
1.4385 106 93 -176.1277 -6.8105 100.0000
1.4397 109 90 -176.5298 -9.6182 100.0000
1.4410 109 90 -176.9254 -9.7402 100.0000
1.4423 108 91 -177.2932 -8.1533 100.0000
1.4435 112 87 -177.6936 -12.4868 100.0000
1.4448 106 93 -178.0127 -6.2002 100.0000
1.4461 118 81 -178.4862 -18.8345 100.0000
1.4474 107 92 -178.7966 -7.0547 100.0000
1.4487 110 89 -179.1104 -10.2896 100.0000
1.4499 111 88 -179.4324 -11.6323 100.0000
1.4512 106 93 -179.6867 -6.6274 100.0000
1.4525 101 98 -179.8750 -1.7446 100.0000
1.4538 117 82 -180.2167 -17.6138 100.0000
1.4550 113 86 -180.5038 -13.5244 100.0000
1.4563 108 91 -180.7262 -8.9468 100.0000
1.4576 114 85 -180.9918 -14.4399 100.0000
1.4589 109 90 -181.1797 -9.6182 100.0000
1.4602 115 84 -181.4426 -15.9048 100.0000
1.4614 114 85 -181.6810 -14.4399 100.0000
1.4627 107 92 -181.8182 -7.4209 100.0000
1.4640 107 92 -181.9596 -7.9702 100.0000
1.4652 109 90 -182.1136 -9.1909 100.0000
1.4665 110 89 -182.2754 -10.1675 100.0000
1.4678 100 99 -182.3187 -0.3408 100.0000
1.4691 101 98 -182.3698 -1.0122 100.0000
1.4704 111 88 -182.5491 -11.3271 100.0000
1.4717 109 90 -182.7048 -9.7402 100.0000
1.4730 104 95 -182.8053 -4.8574 100.0000
1.4742 115 84 -183.0384 -15.8438 100.0000
1.4755 111 88 -183.2149 -11.5103 100.0000
1.4768 109 90 -183.3584 -9.2520 100.0000
1.4780 112 87 -183.5488 -12.3647 100.0000
1.4793 109 90 -183.6990 -9.6792 100.0000
1.4806 111 88 -183.8656 -11.2051 100.0000
1.4818 112 87 -184.0499 -12.9751 100.0000
1.4831 113 86 -184.2326 -13.7075 100.0000
1.4844 120 79 -184.4973 -20.8486 100.0000
1.4856 108 91 -184.6032 -8.2754 100.0000
1.4869 110 89 -184.7357 -10.7168 100.0000
1.4882 107 92 -184.8138 -7.4819 100.0000
1.4894 110 89 -184.9195 -10.0454 100.0000
1.4907 109 90 -185.0103 -9.0078 100.0000
1.4920 118 81 -185.2102 -18.0410 100.0000
1.4932 104 95 -185.2070 -4.0640 100.0000
1.4945 105 94 -185.2257 -5.8340 100.0000
1.4957 107 92 -185.2665 -7.6650 100.0000
1.4970 109 90 -185.3236 -9.0688 100.0000
1.4983 108 91 -185.3499 -8.4585 100.0000
1.4995 110 89 -185.3977 -10.4727 100.0000
1.5007 111 88 -185.4502 -11.0220 100.0000
1.5020 112 87 -185.5164 -12.2427 100.0000
1.5032 111 88 -185.5571 -11.0830 100.0000
1.5044 112 87 -185.6175 -12.7920 100.0000
1.5057 112 87 -185.6758 -12.5479 100.0000
1.5070 106 93 -185.6538 -6.0171 100.0000
1.5082 107 92 -185.6472 -7.0547 100.0000
1.5095 108 91 -185.6660 -8.7026 100.0000
1.5108 107 92 -185.6624 -7.1768 100.0000
1.5121 114 85 -185.7742 -14.9282 100.0000
1.5133 107 92 -185.7962 -7.4819 100.0000
1.5146 115 84 -185.9199 -15.4775 100.0000
1.5159 108 91 -185.9577 -8.7637 100.0000
1.5172 110 89 -186.0369 -10.0454 100.0000
1.5185 112 87 -186.1499 -12.1816 100.0000
1.5198 115 84 -186.2951 -15.7217 100.0000
1.5210 110 89 -186.3745 -10.2285 100.0000
1.5223 103 96 -186.4054 -3.8809 100.0000
1.5236 99 100 -186.3807 0.5137 100.0000
1.5248 109 90 -186.4744 -9.0688 100.0000
1.5261 109 90 -186.5751 -9.6792 100.0000
1.5274 115 84 -186.7702 -15.7217 100.0000
1.5287 113 86 -186.9410 -13.6465 100.0000
1.5299 111 88 -187.0800 -11.7544 100.0000
1.5312 112 87 -187.2310 -12.6089 100.0000
1.5325 113 86 -187.3991 -13.8296 100.0000
1.5338 112 87 -187.5495 -12.6699 100.0000
1.5351 109 90 -187.6617 -9.9233 100.0000
1.5364 106 93 -187.7351 -6.9937 100.0000
1.5377 113 86 -187.8938 -13.7686 100.0000
1.5389 109 90 -187.9951 -9.4961 100.0000
1.5402 111 88 -188.1276 -11.8154 100.0000
1.5415 104 95 -188.1581 -4.1860 100.0000
1.5428 114 85 -188.3190 -14.6230 100.0000
1.5441 118 81 -188.5166 -18.0410 100.0000
1.5454 110 89 -188.6171 -10.4727 100.0000
1.5466 107 92 -188.6801 -7.6650 100.0000
1.5479 115 84 -188.8358 -15.3555 100.0000
1.5492 112 87 -188.9467 -12.3647 100.0000
1.5504 109 90 -189.0262 -9.9233 100.0000
1.5517 115 84 -189.1730 -15.7217 100.0000
1.5530 109 90 -189.2435 -9.1299 100.0000
1.5542 103 96 -189.2387 -3.3926 100.0000
1.5555 113 86 -189.3561 -13.2803 100.0000
1.5567 109 90 -189.4393 -9.8013 100.0000
1.5580 106 93 -189.4699 -6.2612 100.0000
1.5593 106 93 -189.4985 -6.0781 100.0000
1.5605 107 92 -189.5430 -7.4819 100.0000
1.5618 111 88 -189.6458 -11.8765 100.0000
1.5630 105 94 -189.6763 -5.6509 100.0000
1.5643 109 90 -189.7546 -9.6182 100.0000
1.5656 110 89 -189.8441 -10.6558 100.0000
1.5668 102 97 -189.8421 -2.7822 100.0000
1.5681 98 101 -189.8073 1.5513 100.0000
1.5693 105 94 -189.8560 -5.1626 100.0000
1.5706 109 90 -189.9623 -9.9233 100.0000
1.5718 104 95 -190.0345 -4.3081 100.0000
1.5731 98 101 -190.0348 1.4292 100.0000
1.5744 97 102 -190.0163 2.8940 100.0000
1.5756 102 97 -190.0691 -2.7822 100.0000
1.5770 102 97 -190.1700 -2.7822 100.0000
1.5783 105 94 -190.3096 -5.9561 100.0000
1.5795 91 108 -190.2622 8.5703 100.0000
1.5808 96 103 -190.2757 3.8706 100.0000
1.5821 105 94 -190.4509 -5.3457 100.0000
1.5834 97 102 -190.5220 2.6499 100.0000
1.5847 100 99 -190.6296 -0.2798 100.0000
1.5860 96 103 -190.6887 3.4434 100.0000
1.5873 96 103 -190.7843 3.8096 100.0000
1.5885 94 105 -190.8640 5.0303 100.0000
1.5898 102 97 -191.0361 -2.5991 100.0000
1.5910 106 93 -191.2529 -6.5664 100.0000
1.5923 93 106 -191.3474 6.1899 100.0000
1.5935 91 108 -191.4166 8.1431 100.0000
1.5948 107 92 -191.6775 -7.4209 100.0000
1.5961 102 97 -191.8686 -2.3550 100.0000
1.5973 99 100 -192.0546 0.0254 100.0000
1.5986 103 96 -192.2806 -3.5146 100.0000
1.5998 103 96 -192.4960 -3.0264 100.0000
1.6011 102 97 -192.7047 -2.8433 100.0000
1.6024 102 97 -192.9316 -2.7212 100.0000
1.6036 107 92 -193.2128 -7.4819 100.0000
1.6049 97 102 -193.3604 2.8940 100.0000
1.6061 109 90 -193.6553 -9.3130 100.0000
1.6074 102 97 -193.8776 -2.5991 100.0000
1.6087 93 106 -193.9843 6.3120 100.0000
1.6099 89 110 -194.0383 10.5234 100.0000
1.6112 100 99 -194.2274 -0.5239 100.0000
1.6125 97 102 -194.3675 2.9551 100.0000
1.6137 99 100 -194.5306 0.9409 100.0000
1.6150 99 100 -194.7009 0.0864 100.0000
1.6163 96 103 -194.7923 3.4434 100.0000
1.6175 103 96 -194.9814 -3.0264 100.0000
1.6188 102 97 -195.1562 -2.1719 100.0000
1.6201 94 105 -195.2357 5.2744 100.0000
1.6213 95 104 -195.2797 4.1147 100.0000
1.6226 97 102 -195.3634 2.6499 100.0000
1.6239 101 98 -195.4974 -1.5005 100.0000
1.6252 94 105 -195.5400 5.6406 100.0000
1.6264 93 106 -195.5308 6.5562 100.0000
1.6277 98 101 -195.5818 1.7344 100.0000
1.6290 101 98 -195.6674 -1.1343 100.0000
1.6302 97 102 -195.7109 2.1006 100.0000
1.6315 97 102 -195.7100 2.1006 100.0000
1.6328 88 111 -195.5944 11.1948 100.0000
1.6341 94 105 -195.5559 5.3354 100.0000
1.6354 93 106 -195.5005 6.5562 100.0000
1.6366 88 111 -195.3238 11.9883 100.0000
1.6379 97 102 -195.2655 2.6499 100.0000
1.6392 86 113 -195.0759 13.2090 100.0000
1.6405 90 109 -194.9377 9.4248 100.0000
1.6417 89 110 -194.7224 10.4014 100.0000
1.6430 98 101 -194.6185 1.7344 100.0000
1.6443 91 108 -194.4255 8.9976 100.0000
1.6455 90 109 -194.2248 9.9741 100.0000
1.6468 89 110 -193.9432 10.0962 100.0000
1.6481 99 100 -193.7840 0.6968 100.0000
1.6494 95 104 -193.5807 4.4810 100.0000
1.6507 89 110 -193.3121 10.0962 100.0000
1.6519 94 105 -193.0104 5.9458 100.0000
1.6532 86 113 -192.6185 13.4531 100.0000
1.6545 92 107 -192.3113 7.5327 100.0000
1.6557 96 103 -192.0610 3.3823 100.0000
1.6570 97 102 -191.7498 2.2227 100.0000
1.6583 94 105 -191.4025 5.5796 100.0000
1.6596 90 109 -191.0204 9.0586 100.0000
1.6608 86 113 -190.5916 13.2700 100.0000
1.6621 99 100 -190.2717 0.2695 100.0000
1.6634 91 108 -189.8601 8.1431 100.0000
1.6646 94 105 -189.4916 5.3965 100.0000
1.6659 93 106 -189.1197 6.6172 100.0000
1.6672 98 101 -188.7920 1.3071 100.0000
1.6684 91 108 -188.3837 8.3262 100.0000
1.6697 100 99 -188.0939 -0.5850 100.0000
1.6709 97 102 -187.8163 2.7720 100.0000
1.6721 97 102 -187.5138 2.7109 100.0000
1.6734 89 110 -187.1269 10.2183 100.0000
1.6746 97 102 -186.8434 2.2837 100.0000
1.6758 94 105 -186.6099 5.3965 100.0000
1.6771 96 103 -186.3780 3.3823 100.0000
1.6783 95 104 -186.1331 4.8472 100.0000
1.6796 97 102 -185.9160 2.8940 100.0000
1.6808 97 102 -185.8186 2.2227 100.0000
1.6821 98 101 -185.7095 1.7954 100.0000
1.6833 99 100 -185.6138 0.8799 100.0000
1.6846 95 104 -185.4803 4.1147 100.0000
1.6858 91 108 -185.3983 8.2651 100.0000
1.6871 105 94 -185.4831 -5.6509 100.0000
1.6884 105 94 -185.5656 -5.5898 100.0000
1.6896 97 102 -185.5453 2.5889 100.0000
1.6909 101 98 -185.6626 -1.3174 100.0000
1.6921 98 101 -185.7459 1.2461 100.0000
1.6934 100 99 -185.8449 -0.1577 100.0000
1.6947 96 103 -185.9011 3.1382 100.0000
1.6959 96 103 -186.0033 3.4434 100.0000
1.6972 94 105 -186.0806 5.2134 100.0000
1.6985 105 94 -186.2892 -5.2236 100.0000
1.6998 101 98 -186.4486 -1.7446 100.0000
1.7011 106 93 -186.6740 -6.1392 100.0000
1.7024 100 99 -186.8287 -0.7681 100.0000
1.7036 96 103 -186.9244 3.7485 100.0000
1.7049 105 94 -187.1295 -5.1626 100.0000
1.7062 99 100 -187.2386 0.7578 100.0000
1.7074 94 105 -187.2867 5.5796 100.0000
1.7087 98 101 -187.3857 1.3071 100.0000
1.7100 93 106 -187.4237 6.0068 100.0000
1.7112 100 99 -187.5123 -0.1577 100.0000
1.7125 97 102 -187.5646 2.5278 100.0000
1.7138 88 111 -187.5042 11.5610 100.0000
1.7151 100 99 -187.5912 -0.1577 100.0000
1.7164 98 101 -187.6331 1.9785 100.0000
1.7176 96 103 -187.6606 3.0771 100.0000
1.7189 97 102 -187.6925 2.6499 100.0000
1.7202 107 92 -187.8517 -7.6650 100.0000
1.7215 100 99 -187.9252 -0.8291 100.0000
1.7227 103 96 -188.0301 -3.5146 100.0000
1.7240 99 100 -188.0861 0.2695 100.0000
1.7253 96 103 -188.1052 3.1382 100.0000
1.7265 105 94 -188.2619 -5.8340 100.0000
1.7278 90 109 -188.2256 9.4858 100.0000
1.7291 103 96 -188.3535 -3.7588 100.0000
1.7303 99 100 -188.4875 0.2695 100.0000
1.7316 96 103 -188.5686 3.5654 100.0000
1.7329 101 98 -188.7074 -1.1953 100.0000
1.7342 102 97 -188.8621 -2.5991 100.0000
1.7354 104 95 -189.0867 -4.2471 100.0000
1.7367 107 92 -189.3484 -7.8481 100.0000
1.7380 98 101 -189.4943 1.0020 100.0000
1.7393 107 92 -189.7504 -7.7871 100.0000
1.7406 104 95 -190.0085 -4.6743 100.0000
1.7419 100 99 -190.2130 -0.8291 100.0000
1.7432 104 95 -190.4625 -4.7354 100.0000
1.7444 109 90 -190.7609 -9.1299 100.0000
1.7457 95 104 -190.9082 4.9082 100.0000
1.7470 96 103 -191.0657 3.8096 100.0000
1.7482 103 96 -191.3146 -3.8198 100.0000
1.7495 97 102 -191.4739 2.9551 100.0000
1.7508 92 107 -191.5724 7.1055 100.0000
1.7520 100 99 -191.7626 -0.5239 100.0000
1.7533 103 96 -191.9821 -3.2095 100.0000
1.7545 104 95 -192.2168 -4.7964 100.0000
1.7558 95 104 -192.2972 4.5420 100.0000
1.7570 107 92 -192.5229 -7.3599 100.0000
1.7583 95 104 -192.5971 4.5420 100.0000
1.7596 96 103 -192.6775 3.9316 100.0000
1.7608 98 101 -192.7268 1.0630 100.0000
1.7621 93 106 -192.7113 6.2510 100.0000
1.7633 99 100 -192.7615 0.9409 100.0000
1.7646 96 103 -192.7821 3.2603 100.0000
1.7659 95 104 -192.7169 4.7251 100.0000
1.7671 96 103 -192.6724 3.1992 100.0000
1.7684 103 96 -192.7168 -3.9419 100.0000
1.7696 103 96 -192.7490 -3.0264 100.0000
1.7709 100 99 -192.6818 -0.2188 100.0000
1.7722 105 94 -192.6808 -5.4067 100.0000
1.7734 90 109 -192.4898 9.9131 100.0000
1.7747 92 107 -192.3375 7.1055 100.0000
1.7760 99 100 -192.2214 0.9409 100.0000
1.7772 94 105 -192.0490 5.7017 100.0000
1.7785 91 108 -191.8448 8.5703 100.0000
1.7797 96 103 -191.7024 3.8706 100.0000
1.7810 102 97 -191.6105 -2.2939 100.0000
1.7823 99 100 -191.4911 0.0864 100.0000
1.7836 93 106 -191.2958 6.0679 100.0000
1.7849 91 108 -191.0578 8.4482 100.0000
1.7861 91 108 -190.8185 8.8145 100.0000
1.7874 95 104 -190.6382 4.2979 100.0000
1.7888 91 108 -190.4025 8.8145 100.0000
1.7901 104 95 -190.3270 -4.9795 100.0000
1.7914 96 103 -190.1504 3.0771 100.0000
1.7926 89 110 -189.8903 10.1572 100.0000
1.7939 93 106 -189.6801 6.6172 100.0000
1.7952 94 105 -189.4562 5.9458 100.0000
1.7964 90 109 -189.1858 9.9741 100.0000
1.7977 78 121 -188.7802 21.4487 100.0000
1.7990 87 112 -188.4898 12.5986 100.0000
1.8002 85 114 -188.1608 14.3687 100.0000
1.8014 83 116 -187.8152 16.3828 100.0000
1.8027 87 112 -187.5212 12.6597 100.0000
1.8039 83 116 -187.1874 16.3218 100.0000
1.8052 84 115 -186.8516 15.6504 100.0000
1.8064 81 118 -186.4835 18.8853 100.0000
1.8076 70 129 -185.9911 29.8105 100.0000
1.8089 75 124 -185.5618 24.8057 100.0000
1.8102 77 122 -185.1803 22.1201 100.0000
1.8115 86 113 -184.9135 13.0869 100.0000
1.8127 77 122 -184.5378 22.3032 100.0000
1.8140 78 121 -184.1819 21.1436 100.0000
1.8153 77 122 -183.8512 22.9136 100.0000
1.8166 72 127 -183.4798 27.0029 100.0000
1.8179 74 125 -183.1300 25.4160 100.0000
1.8191 73 126 -182.7835 26.4536 100.0000
1.8204 72 127 -182.4837 27.5522 100.0000
1.8217 70 129 -182.1770 29.1392 100.0000
1.8230 66 133 -181.8206 33.3506 100.0000
1.8242 67 132 -181.4884 32.3130 100.0000
1.8255 68 131 -181.2436 31.7026 100.0000
1.8268 66 133 -180.9823 33.7168 100.0000
1.8281 66 133 -180.7114 33.8389 100.0000
1.8293 67 132 -180.4691 32.3740 100.0000
1.8306 70 129 -180.3468 29.0171 100.0000
1.8319 67 132 -180.1796 32.8013 100.0000
1.8331 66 133 -180.0115 33.4116 100.0000
1.8344 76 123 -179.9701 23.3408 100.0000
1.8357 64 135 -179.8234 35.1206 100.0000
1.8369 67 132 -179.7108 32.3130 100.0000
1.8382 64 135 -179.5510 35.7920 100.0000
1.8396 55 144 -179.2646 44.0317 100.0000
1.8408 69 130 -179.1844 30.9092 100.0000
1.8421 62 137 -179.0130 37.9893 100.0000
1.8434 62 137 -178.8317 37.7451 100.0000
1.8447 73 126 -178.7605 26.8198 100.0000
1.8460 60 139 -178.5427 39.4541 100.0000
1.8472 62 137 -178.3437 37.8062 100.0000
1.8486 65 134 -178.1736 34.9985 100.0000
1.8498 61 138 -177.9146 38.0503 100.0000
1.8511 63 136 -177.6709 36.3413 100.0000
1.8524 68 131 -177.4956 31.8857 100.0000
1.8537 59 140 -177.2137 40.7358 100.0000
1.8550 64 135 -176.9164 35.5479 100.0000
1.8562 68 131 -176.6831 31.2144 100.0000
1.8575 63 136 -176.3817 36.2192 100.0000
1.8588 70 129 -176.1716 29.4443 100.0000
1.8600 69 130 -175.8691 30.7871 100.0000
1.8613 77 122 -175.6725 22.3643 100.0000
1.8626 71 128 -175.4032 28.1016 100.0000
1.8638 70 129 -175.1246 29.3833 100.0000
1.8651 73 126 -174.8162 26.0264 100.0000
1.8664 69 130 -174.4525 30.6650 100.0000
1.8676 75 124 -174.1761 24.5615 100.0000
1.8689 86 113 -174.0380 13.7583 100.0000
1.8701 81 118 -173.7843 18.7632 100.0000
1.8714 77 122 -173.4839 22.9136 100.0000
1.8727 80 119 -173.2354 19.1904 100.0000
1.8739 81 118 -173.0012 18.4580 100.0000
1.8752 90 109 -172.8599 9.1807 100.0000
1.8764 81 118 -172.6024 18.8853 100.0000
1.8777 89 110 -172.4559 10.2793 100.0000
1.8789 89 110 -172.3131 10.2793 100.0000
1.8802 85 114 -172.1208 14.0024 100.0000
1.8815 85 114 -171.9228 14.7349 100.0000
1.8827 91 108 -171.8094 8.2041 100.0000
1.8840 84 115 -171.6031 15.9556 100.0000
1.8852 91 108 -171.5110 8.4482 100.0000
1.8865 86 113 -171.3624 13.2090 100.0000
1.8877 87 112 -171.2258 12.4155 100.0000
1.8890 88 111 -171.0669 11.5000 100.0000
1.8903 93 106 -171.0207 6.0679 100.0000
1.8915 96 103 -171.0122 3.0771 100.0000
1.8928 99 100 -171.0316 0.8188 100.0000
1.8941 95 104 -170.9456 4.6641 100.0000
1.8954 90 109 -170.8447 9.9741 100.0000
1.8966 98 101 -170.8526 1.7344 100.0000
1.8979 92 107 -170.7877 7.5327 100.0000
1.8992 98 101 -170.7628 1.9175 100.0000
1.9004 92 107 -170.6636 7.8379 100.0000
1.9017 92 107 -170.5685 7.7158 100.0000
1.9030 87 112 -170.4189 12.2324 100.0000
1.9043 88 111 -170.2364 11.3169 100.0000
1.9056 96 103 -170.1597 3.0771 100.0000
1.9069 94 105 -170.0564 5.2744 100.0000
1.9081 95 104 -169.9613 4.8472 100.0000
1.9094 93 106 -169.7877 6.4341 100.0000
1.9107 93 106 -169.6196 6.2510 100.0000
1.9120 95 104 -169.4693 4.9692 100.0000
1.9132 97 102 -169.3574 2.2227 100.0000
1.9145 91 108 -169.1113 8.6313 100.0000
1.9158 95 104 -168.9215 4.6641 100.0000
1.9171 93 106 -168.7062 6.9224 100.0000
1.9184 98 101 -168.5652 1.4292 100.0000
1.9196 90 109 -168.2859 9.9131 100.0000
1.9209 88 111 -167.9958 11.0728 100.0000
1.9222 85 114 -167.6712 14.6128 100.0000
1.9235 92 107 -167.4403 7.4717 100.0000
1.9247 87 112 -167.1353 12.9648 100.0000
1.9260 80 119 -166.7589 19.1904 100.0000
1.9273 91 108 -166.5176 8.8755 100.0000
1.9285 84 115 -166.1967 15.4673 100.0000
1.9298 90 109 -165.9723 9.3027 100.0000
1.9311 88 111 -165.7245 11.5610 100.0000
1.9323 93 106 -165.5420 6.6172 100.0000
1.9336 88 111 -165.3112 11.1338 100.0000
1.9349 81 118 -165.0236 18.0918 100.0000
1.9361 91 108 -164.8702 8.1431 100.0000
1.9374 88 111 -164.6743 11.5000 100.0000
1.9387 93 106 -164.5866 6.3120 100.0000
1.9399 85 114 -164.3992 14.0024 100.0000
1.9412 84 115 -164.1888 15.8335 100.0000
1.9425 84 115 -163.9949 15.0400 100.0000
1.9438 84 115 -163.8319 15.8335 100.0000
1.9451 82 117 -163.6486 17.6646 100.0000
1.9463 75 124 -163.3924 24.0732 100.0000
1.9476 86 113 -163.2737 13.0869 100.0000
1.9489 87 112 -163.1849 12.3545 100.0000
1.9501 87 112 -163.0933 12.8428 100.0000
1.9514 81 118 -162.9363 18.6411 100.0000
1.9526 79 120 -162.7506 20.8994 100.0000
1.9539 84 115 -162.6298 15.2842 100.0000
1.9551 78 121 -162.4391 21.2046 100.0000
1.9564 83 116 -162.3047 16.9321 100.0000
1.9577 75 124 -162.0837 24.1953 100.0000
1.9589 75 124 -161.8352 24.8057 100.0000
1.9602 72 127 -161.5593 27.4302 100.0000
1.9615 74 125 -161.3017 25.6602 100.0000
1.9627 78 121 -161.1083 21.5098 100.0000
1.9640 70 129 -160.7691 29.7495 100.0000
1.9653 69 130 -160.4345 30.6650 100.0000
1.9665 71 128 -160.1349 28.2847 100.0000
1.9678 71 128 -159.8381 28.5288 100.0000
1.9690 69 130 -159.4833 30.2378 100.0000
1.9703 65 134 -159.0802 34.9375 100.0000
1.9715 56 143 -158.5841 43.2993 100.0000
1.9727 63 136 -158.1740 36.9517 100.0000
1.9740 61 138 -157.6960 38.8438 100.0000
1.9752 64 135 -157.2621 35.9751 100.0000
1.9765 64 135 -156.8426 35.4868 100.0000
1.9777 62 137 -156.4051 37.6841 100.0000
1.9789 62 137 -155.9588 37.5620 100.0000
1.9802 58 141 -155.4753 41.4072 100.0000
1.9814 66 133 -155.0923 33.8389 100.0000
1.9826 58 141 -154.6200 41.9565 100.0000
1.9839 61 138 -154.2177 38.2944 100.0000
1.9851 62 137 -153.8317 37.5620 100.0000
1.9864 59 140 -153.4200 40.0645 100.0000
1.9876 67 132 -153.1134 32.3740 100.0000
1.9888 69 130 -152.9060 30.7261 100.0000
1.9901 67 132 -152.6788 32.3130 100.0000
1.9913 65 134 -152.4238 34.9985 100.0000
1.9926 56 143 -152.0663 43.6045 100.0000
1.9939 74 125 -152.0631 25.4160 100.0000
1.9951 72 127 -152.0408 27.0029 100.0000
1.9964 60 139 -151.8648 39.5151 100.0000
1.9976 70 129 -151.8161 29.5054 100.0000
1.9989 67 132 -151.8605 32.9233 100.0000
2.0002 74 125 -151.9865 25.5991 100.0000
2.0015 74 125 -152.1053 25.6602 100.0000
2.0028 75 124 -152.2318 24.5615 100.0000
2.0040 77 122 -152.4995 22.1812 100.0000
2.0053 75 124 -152.7187 24.9888 100.0000
2.0066 86 113 -153.0859 13.2700 100.0000
2.0079 83 116 -153.4018 16.9321 100.0000
2.0092 78 121 -153.6905 21.5098 100.0000
2.0104 68 131 -153.8460 31.3364 100.0000
2.0117 80 119 -154.1405 19.8618 100.0000
2.0130 79 120 -154.3425 20.2280 100.0000
2.0143 86 113 -154.6450 13.4531 100.0000
2.0156 83 116 -154.8980 16.8101 100.0000
2.0169 88 111 -155.2074 11.7441 100.0000
2.0182 95 104 -155.4270 4.5420 100.0000
2.0194 87 112 -155.5423 12.6597 100.0000
2.0207 90 109 -155.6973 9.3027 100.0000
2.0220 86 113 -155.8013 13.1479 100.0000
2.0233 83 116 -155.5993 16.0776 100.0000
2.0245 86 113 -155.4298 13.8804 100.0000
2.0258 83 116 -155.2326 16.2607 100.0000
2.0271 77 122 -154.9645 22.2422 100.0000
2.0284 87 112 -154.5100 12.5986 100.0000
2.0296 86 113 -154.0569 13.5142 100.0000
2.0309 84 115 -153.5855 15.6504 100.0000
2.0322 85 114 -153.1366 14.3687 100.0000
2.0335 83 116 -152.3758 16.5659 100.0000
2.0348 86 113 -151.6544 13.8804 100.0000
2.0361 90 109 -151.0153 9.1807 100.0000
2.0373 89 110 -150.3738 10.4624 100.0000
2.0386 82 117 -149.4187 17.4204 100.0000
2.0399 83 116 -148.4871 16.7490 100.0000
2.0412 79 120 -147.5284 20.3501 100.0000
2.0424 85 114 -146.6620 14.8569 100.0000
2.0437 83 116 -145.6377 16.0166 100.0000
2.0450 78 121 -144.5716 21.3267 100.0000
2.0462 81 118 -143.5595 18.4580 100.0000
2.0475 85 114 -142.6237 14.1245 100.0000
2.0488 81 118 -141.5626 18.6411 100.0000
2.0500 83 116 -140.5572 16.0166 100.0000
2.0513 81 118 -139.5461 18.0918 100.0000
2.0525 81 118 -138.5455 18.8853 100.0000
2.0538 78 121 -137.5091 21.6929 100.0000
2.0550 75 124 -136.4579 24.4395 100.0000
2.0563 75 124 -135.4146 24.9888 100.0000
2.0576 79 120 -134.4879 20.1060 100.0000
2.0589 87 112 -133.6740 12.5376 100.0000
2.0602 75 124 -132.7352 24.0122 100.0000
2.0615 84 115 -131.9209 15.2231 100.0000
2.0628 78 121 -131.1084 21.7539 100.0000
2.0640 84 115 -130.3991 15.7725 100.0000
2.0653 81 118 -129.6649 18.7021 100.0000
2.0666 78 121 -128.9135 21.5708 100.0000
2.0679 81 118 -128.3108 18.8853 100.0000
2.0691 80 119 -127.7215 19.1904 100.0000
2.0704 78 121 -127.1127 21.7539 100.0000
2.0716 75 124 -126.4881 24.0122 100.0000
2.0729 73 126 -125.9562 26.6367 100.0000
2.0742 72 127 -125.4286 27.1860 100.0000
2.0754 74 125 -124.9296 25.6602 100.0000
2.0767 78 121 -124.4933 21.4487 100.0000
2.0779 72 127 -124.1027 27.0029 100.0000
2.0792 76 123 -123.7579 23.9512 100.0000
2.0805 75 124 -123.4074 24.9888 100.0000
2.0817 81 118 -123.1420 18.3970 100.0000
2.0830 66 133 -122.7785 33.3506 100.0000
2.0842 66 133 -122.4210 33.3506 100.0000
2.0855 75 124 -122.1792 24.6226 100.0000
2.0867 68 131 -121.8586 31.7026 100.0000
2.0880 65 134 -121.5406 34.7544 100.0000
2.0892 64 135 -121.2084 35.6089 100.0000
2.0905 68 131 -120.9291 31.2754 100.0000
2.0918 62 137 -120.5631 37.8062 100.0000
2.0931 62 137 -120.2229 37.0127 100.0000
2.0944 64 135 -119.8965 35.6699 100.0000
2.0957 65 134 -119.6057 34.0830 100.0000
2.0969 63 136 -119.2842 36.6465 100.0000
2.0982 67 132 -118.9717 32.1299 100.0000
2.0995 73 126 -118.7172 26.8198 100.0000
2.1008 67 132 -118.4050 32.8623 100.0000
2.1021 68 131 -118.1061 31.8247 100.0000
2.1034 62 137 -117.6596 37.9282 100.0000
2.1046 66 133 -117.2749 33.8389 100.0000
2.1059 51 148 -116.7198 48.4873 100.0000
2.1072 66 133 -116.3500 33.6558 100.0000
2.1085 62 137 -115.8494 37.8062 100.0000
2.1098 58 141 -115.3047 41.7734 100.0000
2.1110 69 130 -114.9227 30.5430 100.0000
2.1123 63 136 -114.4300 36.7075 100.0000
2.1136 60 139 -113.8964 39.5151 100.0000
2.1148 66 133 -113.4417 33.8999 100.0000
2.1161 65 134 -112.9898 34.4492 100.0000
2.1174 62 137 -112.4733 37.9282 100.0000
2.1187 62 137 -111.9732 37.0737 100.0000
2.1200 62 137 -111.4719 37.8062 100.0000
2.1212 66 133 -111.0438 33.4727 100.0000
2.1225 69 130 -110.6592 30.6650 100.0000
2.1238 65 134 -110.2336 34.5713 100.0000
2.1251 58 141 -109.7183 41.8955 100.0000
2.1263 62 137 -109.2777 37.6841 100.0000
2.1276 63 136 -108.8574 36.5854 100.0000
2.1288 60 139 -108.4147 39.6982 100.0000
2.1301 65 134 -108.0392 34.8154 100.0000
2.1313 58 141 -107.5945 41.3462 100.0000
2.1326 60 139 -107.1612 39.3931 100.0000
2.1338 50 149 -106.6202 49.7080 100.0000
2.1351 47 152 -106.0465 52.2715 100.0000
2.1364 57 142 -105.5868 42.8110 100.0000
2.1377 57 142 -105.0840 42.2007 100.0000
2.1389 50 149 -104.4933 49.8301 100.0000
2.1402 51 148 -103.9414 48.3652 100.0000
2.1415 49 150 -103.3835 50.5015 100.0000
2.1427 48 151 -102.7053 51.2949 100.0000
2.1440 47 152 -102.0456 52.4546 100.0000
2.1452 52 147 -101.4655 47.6938 100.0000
2.1465 50 149 -100.8796 49.0366 100.0000
2.1477 46 153 -100.1363 53.1260 100.0000
2.1489 50 149 -99.4531 49.2808 100.0000
2.1502 44 155 -98.7062 55.9336 100.0000
2.1514 44 155 -97.9749 55.6895 100.0000
2.1527 47 152 -97.1818 52.5156 100.0000
2.1539 42 157 -96.3438 57.5815 100.0000
2.1551 47 152 -95.5869 52.3936 100.0000
2.1564 38 161 -94.7380 61.3657 100.0000
2.1576 42 157 -93.8525 57.8867 100.0000
2.1589 41 158 -92.9626 58.4971 100.0000
2.1601 37 162 -92.0423 62.5864 100.0000
2.1614 40 159 -91.1776 59.4126 100.0000
2.1626 52 147 -90.4117 47.3887 100.0000
2.1639 41 158 -89.5241 58.7412 100.0000
2.1651 39 160 -88.6380 60.2061 100.0000
2.1664 43 156 -87.7912 56.9712 100.0000
2.1676 42 157 -86.9224 57.4595 100.0000
2.1689 51 148 -86.1668 48.9146 100.0000
2.1701 43 156 -85.3355 56.8491 100.0000
2.1714 54 145 -84.6537 45.9849 100.0000
2.1726 45 154 -83.8668 54.4077 100.0000
2.1738 48 151 -83.1338 51.2949 100.0000
2.1751 47 152 -82.4036 52.1494 100.0000
2.1763 47 152 -81.6832 52.6987 100.0000
2.1776 41 158 -80.9329 58.8022 100.0000
2.1788 55 144 -80.3619 44.8252 100.0000
2.1800 49 150 -79.7342 50.8066 100.0000
2.1813 49 150 -79.1045 50.5015 100.0000
2.1826 47 152 -78.5311 52.8818 100.0000
2.1839 51 148 -78.0148 48.9146 100.0000
2.1852 46 153 -77.4351 53.6143 100.0000
2.1865 61 138 -77.0820 38.1113 100.0000
2.1878 55 144 -76.7698 44.2759 100.0000
2.1891 49 150 -76.3816 50.7456 100.0000
2.1904 58 141 -76.1421 41.0410 100.0000
2.1917 59 140 -76.0317 40.3086 100.0000
2.1929 59 140 -75.9172 40.9800 100.0000
2.1943 65 134 -75.8691 34.8765 100.0000
2.1955 59 140 -75.7692 40.5527 100.0000
2.1968 60 139 -75.7884 39.9424 100.0000
2.1981 58 141 -75.8052 41.1631 100.0000
2.1994 63 136 -75.8708 36.9517 100.0000
2.2006 72 127 -76.0523 27.8574 100.0000
2.2020 63 136 -76.1943 36.9517 100.0000
2.2032 74 125 -76.4999 25.1719 100.0000
2.2045 70 129 -76.7424 29.0781 100.0000
2.2058 71 128 -76.9933 28.6509 100.0000
2.2071 71 128 -77.2876 28.4678 100.0000
2.2084 73 126 -77.6099 26.0874 100.0000
2.2096 65 134 -77.8364 34.2661 100.0000
2.2108 76 123 -78.1901 23.3408 100.0000
2.2121 67 132 -78.4237 32.2520 100.0000
2.2133 80 119 -78.8104 19.6177 100.0000
2.2146 71 128 -79.0745 28.3457 100.0000
2.2159 73 126 -79.3697 26.2705 100.0000
2.2171 71 128 -79.5702 28.4678 100.0000
2.2184 73 126 -79.7937 26.4536 100.0000
2.2196 64 135 -79.8926 35.9141 100.0000
2.2209 75 124 -80.1219 24.7446 100.0000
2.2222 78 121 -80.2929 21.8149 100.0000
2.2234 73 126 -80.4000 26.8809 100.0000
2.2247 81 118 -80.6025 18.7021 100.0000
2.2260 77 122 -80.7595 22.3643 100.0000
2.2273 75 124 -80.7677 24.9888 100.0000
2.2285 61 138 -80.6148 38.1724 100.0000
2.2298 66 133 -80.5219 33.3506 100.0000
2.2310 65 134 -80.4199 34.5713 100.0000
2.2323 69 130 -80.2757 30.6650 100.0000
2.2336 71 128 -80.1647 28.2236 100.0000
2.2348 67 132 -80.0054 32.2520 100.0000
2.2361 65 134 -79.8202 34.6934 100.0000
2.2373 65 134 -79.5618 34.6323 100.0000
2.2386 67 132 -79.3312 32.8013 100.0000
2.2399 77 122 -79.2295 22.7305 100.0000
2.2411 65 134 -78.9873 34.2661 100.0000
2.2424 60 139 -78.6242 39.3320 100.0000
2.2436 66 133 -78.3402 33.5337 100.0000
2.2449 58 141 -77.9588 41.8345 100.0000
2.2461 56 143 -77.5090 43.6655 100.0000
2.2474 63 136 -77.1476 36.5854 100.0000
2.2487 64 135 -76.7939 35.9141 100.0000
2.2499 58 141 -76.3823 41.7734 100.0000
2.2512 63 136 -75.9889 36.0972 100.0000
2.2524 50 149 -75.4361 49.0366 100.0000
2.2537 49 150 -74.8764 50.3794 100.0000
2.2550 53 146 -74.3609 46.9614 100.0000
2.2562 48 151 -73.7489 51.4780 100.0000
2.2575 52 147 -73.1881 47.3887 100.0000
2.2588 59 140 -72.7308 40.5527 100.0000
2.2601 51 148 -72.1767 48.9146 100.0000
2.2614 53 146 -71.6327 46.0459 100.0000
2.2626 46 153 -71.0128 53.3701 100.0000
2.2639 57 142 -70.5317 42.4448 100.0000
2.2652 44 155 -69.8843 55.9946 100.0000
2.2665 44 155 -69.2553 55.1401 100.0000
2.2678 54 145 -68.7534 45.9849 100.0000
2.2691 49 150 -68.2230 50.0742 100.0000
2.2703 49 150 -67.6940 50.8066 100.0000
2.2716 55 144 -67.2628 44.0317 100.0000
2.2729 50 149 -66.7706 49.2197 100.0000
2.2742 44 155 -66.2206 55.3843 100.0000
2.2755 50 149 -65.7529 49.8301 100.0000
2.2768 52 147 -65.3332 47.7549 100.0000
2.2781 45 154 -64.8320 54.9570 100.0000
2.2793 44 155 -64.3467 55.5063 100.0000
2.2806 53 146 -63.9674 46.4731 100.0000
2.2819 49 150 -63.5656 50.1963 100.0000
2.2832 49 150 -63.1486 50.7456 100.0000
2.2844 46 153 -62.7273 53.1260 100.0000
2.2857 59 140 -62.4583 40.8579 100.0000
2.2870 56 143 -62.1359 43.2383 100.0000
2.2883 46 153 -61.6844 53.0039 100.0000
2.2895 42 157 -61.2102 57.5815 100.0000
2.2908 52 147 -60.8084 47.0835 100.0000
2.2921 60 139 -60.4985 39.5762 100.0000
2.2934 48 151 -60.0381 51.6001 100.0000
2.2947 51 148 -59.6432 48.4263 100.0000
2.2959 58 141 -59.2552 41.9565 100.0000
2.2972 52 147 -58.8155 47.2056 100.0000
2.2985 59 140 -58.4583 40.8579 100.0000
2.2998 58 141 -58.1028 41.5903 100.0000
2.3011 62 137 -57.7327 37.8672 100.0000
2.3024 58 141 -57.3179 41.2852 100.0000
2.3036 64 135 -57.0021 35.1206 100.0000
2.3049 70 129 -56.7708 29.1392 100.0000
2.3061 69 130 -56.4429 30.9702 100.0000
2.3074 70 129 -56.1368 29.8716 100.0000
2.3087 70 129 -55.8239 29.7495 100.0000
2.3099 64 135 -55.4526 35.9141 100.0000
2.3112 64 135 -55.0348 35.1206 100.0000
2.3125 71 128 -54.7099 28.2236 100.0000
2.3137 80 119 -54.4914 19.6787 100.0000
2.3150 75 124 -54.2245 24.4395 100.0000
2.3163 66 133 -53.7801 33.5947 100.0000
2.3175 73 126 -53.4325 26.4536 100.0000
2.3188 73 126 -53.0963 26.0264 100.0000
2.3200 74 125 -52.7797 25.0498 100.0000
2.3213 81 118 -52.4553 18.9463 100.0000
2.3226 84 115 -52.1732 15.8945 100.0000
2.3238 77 122 -51.8223 22.0591 100.0000
2.3251 72 127 -51.4092 27.6743 100.0000
2.3263 73 126 -50.9040 26.4536 100.0000
2.3276 77 122 -50.4593 22.4253 100.0000
2.3288 76 123 -50.0091 23.6460 100.0000
2.3301 81 118 -49.6314 18.3970 100.0000
2.3314 78 121 -49.0762 21.5098 100.0000
2.3326 74 125 -48.4864 25.2939 100.0000
2.3339 77 122 -47.9461 22.1812 100.0000
2.3351 82 117 -47.4785 17.1763 100.0000
2.3364 78 121 -46.8024 21.5098 100.0000
2.3376 76 123 -46.1120 23.7070 100.0000
2.3389 73 126 -45.4086 26.0874 100.0000
2.3402 65 134 -44.5863 34.9985 100.0000
2.3415 71 128 -43.6925 28.9561 100.0000
2.3428 79 120 -42.9279 20.7163 100.0000
2.3440 75 124 -42.1341 24.1953 100.0000
2.3453 72 127 -41.1309 27.9795 100.0000
2.3466 72 127 -40.1500 27.7964 100.0000
2.3478 70 129 -39.1731 29.2612 100.0000
2.3491 68 131 -38.1825 31.8247 100.0000
2.3503 72 127 -37.1018 27.4302 100.0000
2.3516 73 126 -36.0554 26.0874 100.0000
2.3529 69 130 -34.9808 30.3599 100.0000
2.3541 69 130 -33.9273 30.3599 100.0000
2.3554 66 133 -32.7054 33.8999 100.0000
2.3567 76 123 -31.6374 23.6460 100.0000
2.3579 69 130 -30.5039 30.6650 100.0000
2.3592 61 138 -29.3024 38.3555 100.0000
2.3604 71 128 -28.1605 28.2236 100.0000
2.3617 74 125 -27.0762 25.4160 100.0000
2.3629 74 125 -26.0161 25.2329 100.0000
2.3642 73 126 -24.9610 26.5146 100.0000
2.3654 67 132 -23.8284 32.4961 100.0000
2.3667 75 124 -22.8108 24.9888 100.0000
2.3679 74 125 -21.8093 25.3550 100.0000
2.3692 67 132 -20.7405 32.3740 100.0000
2.3704 70 129 -19.7787 29.8105 100.0000
2.3717 64 135 -18.7646 35.6699 100.0000
2.3729 70 129 -17.8476 29.4443 100.0000
2.3742 66 133 -16.8956 33.7168 100.0000
2.3755 70 129 -16.1207 29.8105 100.0000
2.3767 62 137 -15.2705 37.3179 100.0000
2.3780 69 130 -14.5024 30.8481 100.0000
2.3793 74 125 -13.8203 25.4160 100.0000
2.3806 74 125 -13.2977 25.2939 100.0000
2.3819 73 126 -12.7813 26.5146 100.0000
2.3832 79 120 -12.3344 20.9604 100.0000
2.3845 70 129 -11.7947 29.6274 100.0000
2.3857 68 131 -11.3995 31.0312 100.0000
2.3870 77 122 -11.1159 22.9136 100.0000
2.3883 65 134 -10.6959 34.2661 100.0000
2.3895 66 133 -10.2985 33.0454 100.0000
2.3908 70 129 -10.0844 29.2612 100.0000
2.3921 73 126 -9.9094 26.2705 100.0000
2.3933 68 131 -9.6742 31.5806 100.0000
2.3946 69 130 -9.4604 30.2988 100.0000
2.3959 74 125 -9.3797 25.4160 100.0000
2.3971 72 127 -9.2675 27.7964 100.0000
2.3985 65 134 -9.0477 34.3271 100.0000
2.3998 64 135 -8.8477 35.0596 100.0000
2.4011 79 120 -8.8323 20.9604 100.0000
2.4024 66 133 -8.6586 33.2285 100.0000
2.4036 63 136 -8.4589 36.2192 100.0000
2.4049 69 130 -8.2508 30.9092 100.0000
2.4062 65 134 -8.0033 34.8154 100.0000
2.4074 66 133 -7.7771 33.1064 100.0000
2.4087 61 138 -7.5001 38.1724 100.0000
2.4100 58 141 -7.0495 41.1631 100.0000
2.4112 40 159 -6.3922 59.4126 100.0000
2.4125 55 144 -5.9350 44.0928 100.0000
2.4138 53 146 -5.4583 46.7173 100.0000
2.4150 47 152 -4.7572 52.7598 100.0000
2.4163 50 149 -4.0952 49.4639 100.0000
2.4176 55 144 -3.5208 44.3369 100.0000
2.4189 54 145 -2.9412 45.5576 100.0000
2.4201 46 153 -2.1413 53.7974 100.0000
2.4214 45 154 -1.3592 54.1025 100.0000
2.4227 54 145 -0.6893 45.1304 100.0000
2.4240 42 157 0.1128 57.5815 100.0000
2.4253 45 154 0.9449 54.7129 100.0000
2.4265 55 144 1.6335 44.7642 100.0000
2.4278 51 148 2.3583 48.9146 100.0000
2.4290 44 155 3.1477 55.3843 100.0000
2.4303 44 155 3.9269 55.6895 100.0000
2.4315 57 142 4.5285 42.5669 100.0000
2.4328 49 150 5.2201 50.8066 100.0000
2.4341 49 150 5.8901 50.0742 100.0000
2.4353 52 147 6.4745 47.0225 100.0000
2.4366 55 144 7.0103 44.0317 100.0000
2.4378 55 144 7.5442 44.8252 100.0000
2.4391 49 150 8.1497 50.3184 100.0000
2.4404 54 145 8.6147 45.8018 100.0000
2.4416 52 147 9.0946 47.9990 100.0000
2.4429 56 143 9.5146 43.9097 100.0000
2.4441 49 150 10.0038 50.3184 100.0000
2.4454 57 142 10.3422 42.9941 100.0000
2.4466 47 152 10.7893 52.3325 100.0000
2.4479 45 154 11.2499 54.1636 100.0000
2.4492 49 150 11.6520 50.5625 100.0000
2.4504 56 143 11.9394 43.8486 100.0000
2.4517 57 142 12.2037 42.5669 100.0000
2.4529 50 149 12.5463 49.2197 100.0000
2.4542 52 147 12.8601 47.5718 100.0000
2.4554 65 134 12.9820 34.1440 100.0000
2.4567 55 144 13.2371 44.3979 100.0000
2.4580 55 144 13.4908 44.3979 100.0000
2.4593 47 152 13.8272 52.1494 100.0000
2.4605 50 149 14.1075 49.1587 100.0000
2.4618 51 148 14.4000 48.9146 100.0000
2.4631 56 143 14.6098 43.0552 100.0000
2.4644 58 141 14.7675 41.0410 100.0000
2.4656 53 146 14.9864 46.2290 100.0000
2.4669 64 135 15.0658 35.5479 100.0000
2.4682 55 144 15.2484 44.3369 100.0000
2.4694 62 137 15.3256 37.9893 100.0000
2.4707 59 140 15.4352 40.5527 100.0000
2.4720 57 142 15.5646 42.0176 100.0000
2.4733 59 140 15.6672 40.2476 100.0000
2.4746 67 132 15.6496 32.8013 100.0000
2.4758 65 134 15.6476 34.6934 100.0000
2.4771 55 144 15.7779 44.7642 100.0000
2.4784 68 131 15.7355 31.7026 100.0000
2.4796 67 132 15.7044 32.7402 100.0000
2.4809 77 122 15.5538 22.9746 100.0000
2.4822 66 133 15.5356 33.5337 100.0000
2.4835 70 129 15.4600 29.0171 100.0000
2.4848 68 131 15.4476 31.4585 100.0000
2.4860 65 134 15.4589 34.0220 100.0000
2.4873 67 132 15.4695 32.6182 100.0000
2.4886 58 141 15.5681 41.1021 100.0000
2.4899 67 132 15.6541 32.4961 100.0000
2.4911 65 134 15.7605 34.9375 100.0000
2.4924 70 129 15.8092 29.6274 100.0000
2.4937 66 133 15.8971 33.7168 100.0000
2.4950 73 126 16.0420 26.2095 100.0000
2.4962 69 130 16.2306 30.9092 100.0000
2.4975 77 122 16.3186 22.6084 100.0000
2.4988 68 131 16.5144 31.3364 100.0000
2.5000 66 133 16.9119 33.6558 100.0000
2.5013 75 124 17.1777 24.2563 100.0000
2.5026 73 126 17.4667 26.2095 100.0000
2.5039 68 131 17.8086 31.8857 100.0000
2.5051 77 122 18.1969 22.8525 100.0000
2.5064 71 128 18.6416 28.1626 100.0000
2.5077 67 132 19.1420 32.1909 100.0000
2.5089 67 132 19.6187 32.2520 100.0000
2.5102 60 139 20.3226 39.4541 100.0000
2.5114 73 126 20.8491 26.2705 100.0000
2.5127 66 133 21.4529 33.3506 100.0000
2.5140 67 132 22.1293 32.2520 100.0000
2.5152 60 139 22.8913 39.5762 100.0000
2.5165 74 125 23.4684 25.8433 100.0000
2.5177 69 130 24.0953 30.7871 100.0000
2.5190 67 132 24.8090 32.1909 100.0000
2.5203 66 133 25.5284 33.1064 100.0000
2.5216 58 141 26.3501 41.5903 100.0000
2.5228 55 144 27.1751 44.1538 100.0000
2.5241 60 139 27.9842 39.5762 100.0000
2.5253 71 128 28.6375 28.1626 100.0000
2.5266 62 137 29.3985 37.9893 100.0000
2.5278 57 142 30.1999 42.5059 100.0000
2.5291 66 133 30.9081 33.9609 100.0000
2.5303 66 133 31.5932 33.4727 100.0000
2.5316 64 135 32.2911 35.6089 100.0000
2.5328 65 134 32.9560 34.0830 100.0000
2.5341 74 125 33.4999 25.2939 100.0000
2.5353 58 141 34.2334 41.7734 100.0000
2.5365 68 131 34.8228 31.1533 100.0000
2.5378 71 128 35.3673 28.5898 100.0000
2.5390 62 137 35.9767 37.3789 100.0000
2.5402 70 129 36.4720 29.1392 100.0000
2.5415 66 133 37.0089 33.5337 100.0000
2.5427 65 134 37.5479 34.4492 100.0000
2.5440 60 139 38.1013 39.8203 100.0000
2.5452 72 127 38.4936 27.3691 100.0000
2.5464 64 135 38.9814 35.9141 100.0000
2.5477 58 141 39.5307 41.7734 100.0000
2.5489 58 141 40.0372 41.9565 100.0000
2.5502 58 141 40.5316 41.8955 100.0000
2.5514 64 135 40.9411 35.8530 100.0000
2.5526 65 134 41.3292 34.4492 100.0000
2.5540 70 129 41.6502 29.0171 100.0000
2.5552 65 134 42.0187 34.6934 100.0000
2.5565 68 131 42.3383 31.2754 100.0000
2.5578 57 142 42.7873 42.0176 100.0000
2.5591 61 138 43.1838 38.0503 100.0000
2.5603 59 140 43.6092 40.7969 100.0000
2.5616 70 129 43.8887 29.7495 100.0000
2.5629 63 136 44.2447 36.6465 100.0000
2.5642 63 136 44.6344 36.7075 100.0000
2.5654 58 141 45.0732 41.8345 100.0000
2.5667 65 134 45.4170 34.5103 100.0000
2.5680 64 135 45.7677 35.9141 100.0000
2.5692 64 135 46.1647 35.9141 100.0000
2.5705 66 133 46.5181 33.4727 100.0000
2.5718 68 131 46.8433 31.7637 100.0000
2.5730 70 129 47.1393 29.8105 100.0000
2.5743 66 133 47.5347 33.2896 100.0000
2.5755 60 139 48.0022 39.5762 100.0000
2.5768 64 135 48.4088 35.7920 100.0000
2.5781 70 129 48.7309 29.4443 100.0000
2.5794 72 127 49.0776 27.2471 100.0000
2.5806 66 133 49.4966 33.7778 100.0000
2.5819 73 126 49.8200 26.4536 100.0000
2.5832 63 136 50.2508 36.3413 100.0000
2.5845 68 131 50.6701 31.4585 100.0000
2.5857 76 123 50.9826 23.8291 100.0000
2.5870 66 133 51.4166 33.9609 100.0000
2.5883 71 128 51.7756 28.4067 100.0000
2.5896 64 135 52.2666 35.8530 100.0000
2.5908 62 137 52.7645 37.6230 100.0000
2.5921 72 127 53.1281 27.1250 100.0000
2.5934 76 123 53.4839 23.6460 100.0000
2.5946 71 128 53.8961 28.8950 100.0000
2.5960 68 131 54.3643 31.9468 100.0000
2.5973 74 125 54.7166 25.1108 100.0000
2.5985 74 125 55.1025 25.3550 100.0000
2.5998 66 133 55.5863 33.6558 100.0000
2.6011 75 124 55.9448 24.5615 100.0000
2.6023 71 128 56.3481 28.7729 100.0000
2.6036 78 121 56.6877 21.8149 100.0000
2.6048 60 139 57.2425 39.8203 100.0000
2.6061 73 126 57.6247 26.6978 100.0000
2.6074 68 131 58.0604 31.7026 100.0000
2.6086 67 132 58.5281 32.6792 100.0000
2.6099 67 132 58.9786 32.0078 100.0000
2.6111 77 122 59.3080 22.9746 100.0000
2.6124 69 130 59.7301 30.9702 100.0000
2.6136 69 130 60.1680 30.9092 100.0000
2.6149 63 136 60.6750 36.8296 100.0000
2.6162 66 133 61.1256 33.4116 100.0000
2.6175 68 131 61.5576 31.8247 100.0000
2.6187 65 134 62.0376 34.3271 100.0000
2.6200 59 140 62.5868 40.7358 100.0000
2.6213 63 136 63.0758 36.3413 100.0000
2.6225 70 129 63.4702 29.8716 100.0000
2.6238 73 126 63.8374 26.5146 100.0000
2.6250 63 136 64.3152 36.4023 100.0000
2.6263 67 132 64.7365 32.2520 100.0000
2.6276 63 136 65.1965 36.3413 100.0000
2.6288 64 135 65.6550 35.4868 100.0000
2.6301 67 132 66.0769 32.9844 100.0000
2.6313 65 134 66.5133 34.9375 100.0000
2.6326 72 127 66.8483 27.4302 100.0000
2.6338 70 129 67.2053 29.1392 100.0000
2.6351 67 132 67.6023 32.9233 100.0000
2.6364 70 129 67.9445 29.0781 100.0000
2.6376 65 134 68.3419 34.0830 100.0000
2.6389 73 126 68.6585 26.2095 100.0000
2.6401 62 137 69.1035 37.1958 100.0000
2.6414 71 128 69.4318 28.4678 100.0000
2.6426 67 132 69.8058 32.7402 100.0000
2.6439 67 132 70.2104 32.6792 100.0000
2.6452 67 132 70.6097 32.9233 100.0000
2.6464 67 132 70.9987 32.7402 100.0000
2.6477 67 132 71.3759 32.4351 100.0000
2.6489 68 131 71.7841 31.4585 100.0000
2.6502 61 138 72.2735 38.7827 100.0000
2.6514 66 133 72.6927 33.9609 100.0000
2.6527 75 124 72.9827 24.1343 100.0000
2.6540 63 136 73.4679 36.9517 100.0000
2.6552 69 130 73.8704 30.1768 100.0000
2.6565 67 132 74.2870 32.4351 100.0000
2.6578 71 128 74.7073 28.4067 100.0000
2.6591 65 134 75.1790 34.2661 100.0000
2.6604 64 135 75.6509 35.6699 100.0000
2.6617 71 128 76.0207 28.2236 100.0000
2.6629 70 129 76.4157 29.4443 100.0000
2.6642 63 136 76.8913 36.6465 100.0000
2.6655 66 133 77.3140 33.4116 100.0000
2.6667 68 131 77.7114 31.6416 100.0000
2.6680 60 139 78.1917 39.2100 100.0000
2.6693 63 136 78.6456 36.8296 100.0000
2.6705 63 136 79.0769 36.7075 100.0000
2.6718 71 128 79.4102 28.8950 100.0000
2.6731 76 123 79.6457 23.0967 100.0000
2.6744 59 140 80.0965 40.3086 100.0000
2.6757 62 137 80.4991 37.5620 100.0000
2.6770 65 134 80.8643 34.6934 100.0000
2.6783 69 130 81.1294 30.2378 100.0000
2.6795 66 133 81.4341 33.8999 100.0000
2.6808 65 134 81.7400 34.7544 100.0000
2.6821 67 132 82.0172 32.2520 100.0000
2.6833 66 133 82.2542 33.0454 100.0000
2.6846 68 131 82.4815 31.8857 100.0000
2.6859 64 135 82.7435 35.7310 100.0000
2.6872 57 142 83.0844 42.1396 100.0000
2.6884 60 139 83.3528 39.9424 100.0000
2.6897 71 128 83.4805 28.7119 100.0000
2.6909 70 129 83.6019 29.0171 100.0000
2.6922 68 131 83.7584 31.8857 100.0000
2.6935 65 134 83.9263 34.8765 100.0000
2.6947 70 129 84.0288 29.8105 100.0000
2.6960 66 133 84.1812 33.8999 100.0000
2.6972 69 130 84.2952 30.9092 100.0000
2.6985 64 135 84.4541 35.3647 100.0000
2.6997 72 127 84.5073 27.1250 100.0000
2.7010 61 138 84.6982 38.4165 100.0000
2.7023 72 127 84.7541 27.7964 100.0000
2.7035 74 125 84.8114 25.4160 100.0000
2.7048 69 130 84.9318 30.6650 100.0000
2.7060 64 135 85.1144 35.9141 100.0000
2.7073 73 126 85.1821 26.6978 100.0000
2.7085 69 130 85.3577 30.2378 100.0000
2.7098 71 128 85.5031 28.6509 100.0000
2.7110 70 129 85.6490 29.0171 100.0000
2.7122 64 135 85.8697 35.4258 100.0000
2.7135 75 124 86.0712 24.6226 100.0000
2.7148 65 134 86.3998 34.3882 100.0000
2.7160 62 137 86.7473 37.4399 100.0000
2.7173 73 126 87.0998 26.8809 100.0000
2.7186 72 127 87.4448 27.4302 100.0000
2.7198 57 142 87.9610 42.0176 100.0000
2.7211 69 130 88.3212 30.6040 100.0000
2.7223 62 137 88.8898 37.2568 100.0000
2.7236 62 137 89.4529 37.0127 100.0000
2.7249 69 130 89.9310 30.6040 100.0000
2.7261 67 132 90.4102 32.0688 100.0000
2.7273 63 136 91.0424 36.7686 100.0000
2.7286 62 137 91.6708 37.0737 100.0000
2.7299 64 135 92.2796 35.9141 100.0000
2.7311 74 125 92.7526 25.9043 100.0000
2.7324 70 129 93.3382 29.5054 100.0000
2.7337 63 136 94.0093 36.4023 100.0000
2.7350 64 135 94.6455 35.5479 100.0000
2.7363 70 129 95.1980 29.1392 100.0000
2.7375 65 134 95.8633 34.6934 100.0000
2.7388 69 130 96.4687 30.3599 100.0000
2.7401 68 131 97.0696 31.8857 100.0000
2.7414 64 135 97.6969 35.2427 100.0000
2.7427 54 145 98.5233 45.7407 100.0000
2.7439 61 138 99.2137 38.2944 100.0000
2.7452 60 139 99.9032 39.1489 100.0000
2.7464 68 131 100.4805 31.2754 100.0000
2.7477 60 139 101.2043 39.7593 100.0000
2.7490 61 138 101.8896 38.1113 100.0000
2.7502 65 134 102.5114 34.0830 100.0000
2.7515 63 136 103.1778 36.9517 100.0000
2.7528 71 128 103.7520 28.2236 100.0000
2.7541 64 135 104.4077 35.7310 100.0000
2.7554 77 122 104.8952 22.9136 100.0000
2.7566 63 136 105.5353 36.2803 100.0000
2.7579 62 137 106.2174 37.8672 100.0000
2.7592 68 131 106.7992 31.5195 100.0000
2.7605 67 132 107.3792 32.3740 100.0000
2.7617 75 124 107.8468 24.2563 100.0000
2.7630 68 131 108.3977 31.3975 100.0000
2.7643 66 133 108.9654 33.8389 100.0000
2.7655 66 133 109.5214 33.5947 100.0000
2.7668 72 127 109.9892 27.4302 100.0000
2.7681 73 126 110.4309 26.3926 100.0000
2.7693 62 137 110.9914 37.0127 100.0000
2.7706 72 127 111.4216 27.0029 100.0000
2.7718 66 133 111.9110 33.1064 100.0000
2.7731 74 125 112.3081 25.7822 100.0000
2.7744 73 126 112.6955 26.3315 100.0000
2.7757 72 127 113.0961 27.6133 100.0000
2.7770 66 133 113.5404 33.5947 100.0000
2.7782 68 131 113.9449 31.1533 100.0000
2.7795 76 123 114.2496 23.1577 100.0000
2.7808 70 129 114.6166 29.2612 100.0000
2.7820 69 130 114.9829 30.9702 100.0000
2.7833 65 134 115.3939 34.0830 100.0000
2.7846 72 127 115.7040 27.4302 100.0000
2.7859 73 126 116.0024 26.5757 100.0000
2.7872 67 132 116.3568 32.6182 100.0000
2.7885 67 132 116.7140 32.2520 100.0000
2.7898 76 123 116.9424 23.7681 100.0000
2.7911 78 121 117.1407 21.8760 100.0000
2.7923 68 131 117.4665 31.4585 100.0000
2.7936 67 132 117.8098 32.9844 100.0000
2.7949 61 138 118.2069 38.0503 100.0000
2.7962 77 122 118.4013 22.4863 100.0000
2.7975 69 130 118.7499 30.6040 100.0000
2.7988 69 130 119.0875 30.2378 100.0000
2.8000 70 129 119.4085 29.2612 100.0000
2.8013 68 131 119.7510 31.5806 100.0000
2.8026 63 136 120.2765 36.8296 100.0000
2.8039 61 138 120.8191 38.8438 100.0000
2.8052 59 140 121.3636 40.3696 100.0000
2.8065 65 134 121.8308 34.2051 100.0000
2.8078 66 133 122.4365 33.0454 100.0000
2.8091 63 136 123.0785 36.1582 100.0000
2.8103 63 136 123.6894 36.2803 100.0000
2.8116 58 141 124.5144 41.8345 100.0000
2.8129 57 142 125.3488 42.9331 100.0000
2.8142 64 135 126.0853 35.4868 100.0000
2.8155 62 137 126.8261 37.8672 100.0000
2.8168 55 144 127.7675 44.0317 100.0000
2.8181 59 140 128.6318 40.4307 100.0000
2.8193 63 136 129.4285 36.8296 100.0000
2.8206 65 134 130.1847 34.8765 100.0000
2.8219 52 147 131.1254 47.6328 100.0000
2.8231 67 132 131.8459 32.0078 100.0000
2.8244 64 135 132.6129 35.4868 100.0000
2.8257 67 132 133.3310 32.9844 100.0000
2.8270 67 132 133.9945 32.9844 100.0000
2.8283 72 127 134.5743 27.0640 100.0000
2.8295 61 138 135.2819 38.3555 100.0000
2.8308 70 129 135.8675 29.9937 100.0000
2.8320 71 128 136.3370 28.5288 100.0000
2.8333 69 130 136.8350 30.9092 100.0000
2.8346 78 121 137.2095 21.7539 100.0000
2.8358 71 128 137.6548 28.1016 100.0000
2.8371 70 129 138.0156 29.8105 100.0000
2.8384 75 124 138.2987 24.9888 100.0000
2.8397 74 125 138.5980 25.3550 100.0000
2.8410 80 119 138.8067 19.3735 100.0000
2.8422 69 130 139.0523 30.1157 100.0000
2.8435 78 121 139.1821 21.7539 100.0000
2.8447 77 122 139.3208 22.1201 100.0000
2.8460 70 129 139.5445 29.4443 100.0000
2.8473 74 125 139.6511 25.5381 100.0000
2.8485 79 120 139.6916 20.5332 100.0000
2.8498 83 116 139.6896 16.9932 100.0000
2.8511 75 124 139.7807 24.7446 100.0000
2.8523 82 117 139.7472 17.0542 100.0000
2.8536 76 123 139.7952 23.1577 100.0000
2.8549 84 115 139.7463 15.5894 100.0000
2.8562 76 123 139.7646 23.4019 100.0000
2.8575 89 110 139.6426 10.4014 100.0000
2.8587 88 111 139.5399 11.7441 100.0000
2.8600 78 121 139.5640 21.5708 100.0000
2.8613 77 122 139.5566 22.2422 100.0000
2.8625 75 124 139.6043 24.4395 100.0000
2.8638 75 124 139.6532 24.8057 100.0000
2.8651 75 124 139.6949 24.1953 100.0000
2.8663 82 117 139.6104 17.0542 100.0000
2.8676 73 126 139.6455 26.5757 100.0000
2.8689 76 123 139.6420 23.3408 100.0000
2.8701 78 121 139.6085 21.0825 100.0000
2.8714 75 124 139.5701 24.2563 100.0000
2.8727 76 123 139.5194 23.4629 100.0000
2.8740 76 123 139.4640 23.2798 100.0000
2.8752 66 133 139.5351 33.4727 100.0000
2.8765 74 125 139.4631 25.6602 100.0000
2.8778 71 128 139.4211 28.5898 100.0000
2.8791 71 128 139.3779 28.1016 100.0000
2.8804 67 132 139.3837 32.2520 100.0000
2.8817 69 130 139.3409 30.7871 100.0000
2.8829 61 138 139.3923 38.7217 100.0000
2.8842 59 140 139.4729 40.3696 100.0000
2.8855 67 132 139.4406 32.0688 100.0000
2.8868 71 128 139.3782 28.5898 100.0000
2.8881 64 135 139.3935 35.7310 100.0000
2.8894 68 131 139.3593 31.0312 100.0000
2.8906 72 127 139.2709 27.4302 100.0000
2.8919 47 152 139.5436 52.5767 100.0000
2.8932 60 139 139.6242 39.0879 100.0000
2.8945 59 140 139.7352 40.6138 100.0000
2.8957 57 142 139.8608 42.9941 100.0000
2.8970 56 143 140.0390 43.1772 100.0000
2.8983 65 134 140.0910 34.5713 100.0000
2.8996 77 122 139.9969 22.4863 100.0000
2.9008 58 141 140.1852 41.3462 100.0000
2.9021 64 135 140.2925 35.4868 100.0000
2.9034 57 142 140.4771 42.2007 100.0000
2.9047 60 139 140.6413 39.9424 100.0000
2.9059 52 147 140.9187 47.0225 100.0000
2.9072 57 142 141.1336 42.1396 100.0000
2.9085 61 138 141.3111 38.6606 100.0000
2.9098 54 145 141.5782 45.8628 100.0000
2.9110 65 134 141.7307 34.0830 100.0000
2.9123 65 134 141.8909 34.5713 100.0000
2.9136 55 144 142.1500 44.1538 100.0000
2.9148 59 140 142.3731 40.0034 100.0000
2.9161 62 137 142.6114 37.5010 100.0000
2.9174 56 143 142.9169 43.4214 100.0000
2.9187 65 134 143.1072 34.0220 100.0000
2.9199 64 135 143.3069 35.3647 100.0000
2.9212 56 143 143.6751 43.1772 100.0000
2.9225 67 132 143.8993 32.4961 100.0000
2.9238 64 135 144.1502 35.1816 100.0000
2.9250 64 135 144.4050 35.7310 100.0000
2.9263 65 134 144.7191 34.6934 100.0000
2.9276 57 142 145.1345 42.9941 100.0000
2.9288 64 135 145.4383 35.3037 100.0000
2.9301 62 137 145.7850 37.9282 100.0000
2.9314 69 130 146.1244 30.2378 100.0000
2.9327 62 137 146.5474 37.5620 100.0000
2.9339 66 133 146.9141 33.8389 100.0000
2.9353 69 130 147.2466 30.2378 100.0000
2.9365 67 132 147.7080 32.3130 100.0000
2.9378 69 130 148.1448 30.8481 100.0000
2.9391 73 126 148.5109 26.1484 100.0000
2.9404 70 129 148.9157 29.3223 100.0000
2.9416 64 135 149.5538 35.1816 100.0000
2.9429 69 130 150.1227 30.2988 100.0000
2.9442 64 135 150.7367 35.4868 100.0000
2.9455 69 130 151.4439 30.9092 100.0000
2.9467 68 131 152.1830 31.0312 100.0000
2.9480 71 128 152.8761 28.4067 100.0000
2.9493 73 126 153.5302 26.5757 100.0000
2.9505 79 120 154.2474 20.1060 100.0000
2.9518 65 134 155.1822 34.0220 100.0000
2.9531 73 126 156.0068 26.2705 100.0000
2.9543 62 137 156.9504 37.5010 100.0000
2.9556 67 132 158.0113 32.2520 100.0000
2.9569 72 127 158.9895 27.5522 100.0000
2.9581 77 122 159.8918 22.9136 100.0000
2.9594 68 131 160.8760 31.4585 100.0000
2.9606 72 127 161.9596 27.9185 100.0000
2.9619 76 123 162.9686 23.5239 100.0000
2.9632 75 124 163.9702 24.7446 100.0000
2.9644 75 124 164.9553 24.9888 100.0000
2.9657 86 113 165.8963 13.9414 100.0000
2.9670 73 126 166.9671 26.2705 100.0000
2.9683 75 124 168.0045 24.6836 100.0000
2.9695 73 126 169.0461 26.8198 100.0000
2.9708 80 119 170.0367 19.1904 100.0000
2.9721 80 119 171.0074 19.4346 100.0000
2.9734 83 116 171.9188 16.3828 100.0000
2.9746 81 118 172.8453 18.9463 100.0000
2.9759 84 115 173.7300 15.2231 100.0000
2.9772 80 119 174.6563 19.8618 100.0000
2.9785 78 121 175.5842 21.5098 100.0000
2.9798 81 118 176.4507 18.0918 100.0000
2.9811 87 112 177.2014 12.2935 100.0000
2.9823 91 108 177.8859 8.2651 100.0000
2.9836 92 107 178.5458 7.2275 100.0000
2.9849 83 116 179.3010 16.3828 100.0000
2.9862 84 115 179.9951 15.7114 100.0000
2.9874 84 115 180.6686 15.4062 100.0000
2.9887 86 113 181.3117 13.6973 100.0000
2.9900 90 109 181.8858 9.4248 100.0000
2.9912 84 115 182.4851 15.2231 100.0000
2.9925 92 107 182.9835 7.9600 100.0000
2.9937 82 117 183.5930 17.8477 100.0000
2.9950 81 118 184.1929 18.0918 100.0000
2.9962 79 120 184.7955 20.3501 100.0000
2.9975 87 112 185.2924 12.7207 100.0000
2.9987 83 116 185.8288 16.7490 100.0000
3.0000 83 116 186.3599 16.1387 100.0000
3.0012 85 114 186.8450 14.1245 100.0000
3.0025 81 118 187.3788 18.8853 100.0000
3.0037 78 121 187.9286 21.0825 100.0000
3.0050 78 121 188.4551 21.5708 100.0000
3.0062 77 122 188.9673 22.1201 100.0000
3.0075 87 112 189.3512 12.5376 100.0000
3.0088 72 127 189.9216 27.5522 100.0000
3.0100 80 119 190.3161 19.8618 100.0000
3.0113 82 117 190.6590 17.7866 100.0000
3.0125 81 118 191.0083 18.8853 100.0000
3.0138 75 124 191.4146 24.0732 100.0000
3.0151 74 125 191.6679 25.6602 100.0000
3.0163 70 129 191.9764 29.9326 100.0000
3.0176 75 124 192.2095 24.6226 100.0000
3.0189 69 130 192.5279 30.8481 100.0000
3.0202 73 126 192.5536 26.4536 100.0000
3.0215 76 123 192.5390 23.6460 100.0000
3.0228 76 123 192.5248 23.5850 100.0000
3.0241 66 133 192.6428 33.8999 100.0000
3.0254 72 127 192.4100 27.2471 100.0000
3.0267 71 128 192.2000 28.5898 100.0000
3.0279 70 129 191.9997 29.6885 100.0000
3.0292 67 132 191.8387 32.1299 100.0000
3.0305 64 135 191.4693 35.3037 100.0000
3.0317 63 136 191.1161 36.0361 100.0000
3.0330 69 130 190.6951 30.2988 100.0000
3.0343 66 133 190.3351 33.8999 100.0000
3.0356 71 128 189.7220 28.4067 100.0000
3.0368 60 139 189.2526 39.1489 100.0000
3.0381 66 133 188.7266 33.6558 100.0000
3.0394 59 140 188.2967 40.2476 100.0000
3.0407 59 140 187.7843 40.1865 100.0000
3.0420 63 136 187.2470 36.9517 100.0000
3.0432 62 137 186.7158 37.1348 100.0000
3.0445 58 141 186.2550 41.1631 100.0000
3.0458 58 141 185.8125 41.8345 100.0000
3.0471 62 137 185.3383 37.7451 100.0000
3.0483 64 135 184.8402 35.7310 100.0000
3.0496 62 137 184.4541 37.6230 100.0000
3.0508 57 142 184.1379 42.3228 100.0000
3.0521 56 143 183.8635 43.3604 100.0000
3.0534 58 141 183.5592 41.7734 100.0000
3.0546 65 134 183.2980 34.3271 100.0000
3.0559 59 140 183.1482 40.9800 100.0000
3.0572 60 139 183.0083 39.8813 100.0000
3.0585 55 144 182.9283 44.4590 100.0000
3.0598 66 133 182.8747 33.5337 100.0000
3.0610 59 140 182.9064 40.7969 100.0000
3.0623 58 141 182.9592 41.5903 100.0000
3.0636 66 133 182.9048 33.8999 100.0000
3.0648 62 137 183.0932 37.8062 100.0000
3.0661 67 132 183.2167 32.8013 100.0000
3.0674 62 137 183.4187 37.5620 100.0000
3.0687 56 143 183.6718 43.9097 100.0000
3.0700 59 140 184.0970 40.7969 100.0000
3.0713 58 141 184.4978 41.4072 100.0000
3.0726 64 135 184.8300 35.9141 100.0000
3.0738 64 135 185.1389 35.4258 100.0000
3.0751 65 134 185.6525 34.6323 100.0000
3.0764 69 130 186.1025 30.4209 100.0000
3.0776 59 140 186.6636 40.4917 100.0000
3.0789 61 138 187.1837 38.3555 100.0000
3.0802 58 141 187.9641 41.6514 100.0000
3.0815 69 130 188.5886 30.6650 100.0000
3.0827 62 137 189.2842 37.5620 100.0000
3.0840 65 134 189.9361 34.9375 100.0000
3.0853 64 135 190.8087 35.7920 100.0000
3.0865 53 146 191.7885 46.1680 100.0000
3.0878 61 138 192.6626 38.2334 100.0000
3.0891 65 134 193.4590 34.8154 100.0000
3.0904 68 131 194.4265 31.2144 100.0000
3.0916 67 132 195.3880 32.9844 100.0000
3.0929 69 130 196.3189 30.9092 100.0000
3.0942 70 129 197.2121 29.8716 100.0000
3.0955 61 138 198.4174 38.7827 100.0000
3.0967 61 138 199.5807 38.4165 100.0000
3.0980 58 141 200.7720 41.8955 100.0000
3.0992 68 131 201.9520 31.8857 100.0000
3.1005 62 137 203.2122 37.7451 100.0000
3.1017 69 130 204.3589 30.6040 100.0000
3.1030 63 136 205.5652 36.2803 100.0000
3.1043 59 140 206.8949 40.0034 100.0000
3.1056 61 138 208.2011 38.9048 100.0000
3.1069 63 136 209.4553 36.4634 100.0000
3.1083 63 136 210.7007 36.0972 100.0000
3.1096 65 134 211.9469 34.2051 100.0000
3.1109 71 128 213.0884 28.3457 100.0000
3.1121 67 132 214.2500 32.3740 100.0000
3.1134 74 125 215.3069 25.6602 100.0000
3.1147 65 134 216.4926 34.2661 100.0000
3.1159 69 130 217.6066 30.2988 100.0000
3.1172 70 129 218.6824 29.1392 100.0000
3.1185 71 128 219.7338 28.5898 100.0000
3.1197 70 129 220.8040 29.0781 100.0000
3.1210 63 136 221.9514 36.7075 100.0000
3.1223 79 120 222.8649 20.1060 100.0000
3.1236 72 127 223.8555 27.7964 100.0000
3.1248 75 124 224.8144 24.9888 100.0000
3.1261 75 124 225.7575 24.9888 100.0000
3.1274 79 120 226.6223 20.3501 100.0000
3.1287 69 130 227.6048 30.3599 100.0000
3.1300 82 117 228.4089 17.2983 100.0000
3.1312 78 121 229.2431 21.6318 100.0000
3.1325 87 112 229.9491 12.4155 100.0000
3.1337 78 121 230.7519 21.2046 100.0000
3.1350 72 127 231.5939 27.0640 100.0000
3.1363 81 118 232.3286 18.8853 100.0000
3.1376 84 115 232.9906 15.0400 100.0000
3.1389 85 114 233.6274 14.2466 100.0000
3.1401 80 119 234.2901 19.2515 100.0000
3.1414 87 112 234.8638 12.8428 100.0000
3.1427 86 113 235.4268 13.2090 100.0000
3.1440 79 120 236.0814 20.8994 100.0000
3.1452 86 113 236.5974 13.2700 100.0000
3.1465 88 111 237.0890 11.8662 100.0000
3.1478 84 115 237.6121 15.2842 100.0000
3.1490 86 113 238.0656 13.8804 100.0000
3.1503 86 113 238.5070 13.6973 100.0000
3.1516 94 105 238.8370 5.3965 100.0000
3.1528 90 109 239.2070 9.2417 100.0000
3.1541 89 110 239.5332 10.0962 100.0000
3.1554 88 111 239.8729 11.9272 100.0000
3.1566 80 119 240.3081 19.9839 100.0000
3.1579 90 109 240.5980 9.1807 100.0000
3.1592 86 113 240.8566 13.6362 100.0000
3.1605 88 111 241.0943 11.9883 100.0000
3.1618 82 117 241.3861 17.2373 100.0000
3.1630 89 110 241.5924 10.8286 100.0000
3.1643 80 119 241.7888 19.8618 100.0000
3.1656 78 121 241.9924 21.0215 100.0000
3.1668 81 118 242.1712 18.9463 100.0000
3.1681 82 117 242.3258 17.6035 100.0000
3.1694 82 117 242.3225 17.4814 100.0000
3.1706 85 114 242.2824 14.4297 100.0000
3.1719 79 120 242.3118 20.1670 100.0000
3.1731 85 114 242.2710 14.5518 100.0000
3.1744 73 126 242.1708 26.0264 100.0000
3.1756 81 118 241.9772 18.0918 100.0000
3.1769 81 118 241.7864 18.3359 100.0000
3.1781 77 122 241.6515 22.1201 100.0000
3.1794 86 113 241.1920 13.2090 100.0000
3.1807 78 121 240.8509 21.7539 100.0000
3.1820 87 112 240.3995 12.4155 100.0000
3.1833 88 111 239.9495 11.9883 100.0000
3.1845 83 116 239.3477 16.0776 100.0000
3.1858 79 120 238.8141 20.5942 100.0000
3.1870 85 114 238.2131 14.6738 100.0000
3.1883 86 113 237.6090 13.1479 100.0000
3.1896 86 113 236.8489 13.8193 100.0000
3.1909 84 115 236.1286 15.5894 100.0000
3.1922 82 117 235.4507 17.9697 100.0000
3.1934 86 113 234.6371 13.2090 100.0000
3.1947 89 110 233.7857 10.4014 100.0000
3.1960 83 116 233.0315 16.8711 100.0000
3.1973 82 117 232.3012 17.8477 100.0000
3.1986 87 112 231.5007 12.9648 100.0000
3.1998 88 111 230.6980 11.8052 100.0000
3.2011 82 117 229.9883 17.2373 100.0000
3.2024 79 120 229.3257 20.7163 100.0000
3.2037 79 120 228.7320 20.1060 100.0000
3.2050 84 115 228.0953 15.7114 100.0000
3.2062 78 121 227.5439 21.5708 100.0000
3.2075 79 120 226.9889 20.2280 100.0000
3.2088 73 126 226.6895 26.5757 100.0000
3.2101 83 116 226.2653 16.4438 100.0000
3.2114 89 110 225.7803 10.8286 100.0000
3.2126 77 122 225.4573 22.9136 100.0000
3.2139 77 122 225.3766 22.4863 100.0000
3.2152 80 119 225.2631 19.6787 100.0000
3.2165 75 124 225.2073 24.0122 100.0000
3.2178 73 126 225.1758 26.3315 100.0000
3.2191 77 122 225.3907 22.4863 100.0000
3.2204 74 125 225.6354 25.9043 100.0000
3.2216 79 120 225.8060 20.8994 100.0000
3.2229 77 122 226.0045 22.7915 100.0000
3.2242 83 116 226.3615 16.1997 100.0000
3.2255 70 129 226.8806 29.6274 100.0000
3.2267 76 123 227.3064 23.2188 100.0000
3.2280 81 118 227.6707 18.7632 100.0000
3.2293 72 127 228.3200 27.9185 100.0000
3.2305 76 123 228.8971 23.2188 100.0000
3.2318 79 120 229.4263 20.7163 100.0000
3.2330 75 124 229.9938 24.6226 100.0000
3.2342 77 122 230.6129 22.7915 100.0000
3.2355 85 114 231.1261 14.9790 100.0000
3.2367 76 123 231.7316 23.5239 100.0000
3.2380 82 117 232.2582 17.6646 100.0000
3.2392 76 123 232.8610 23.2798 100.0000
3.2405 92 107 233.2634 7.8379 100.0000
3.2418 85 114 233.7465 14.9790 100.0000
3.2431 85 114 234.1649 14.3687 100.0000
3.2443 90 109 234.5508 9.1807 100.0000
3.2456 83 116 235.0189 16.4438 100.0000
3.2468 85 114 235.4583 14.8569 100.0000
3.2481 83 116 235.8480 16.9321 100.0000
3.2494 86 113 236.2482 13.8193 100.0000
3.2506 83 116 236.6777 16.7490 100.0000
3.2519 89 110 237.0195 10.4014 100.0000
3.2532 88 111 237.3874 11.9883 100.0000
3.2544 90 109 237.7171 9.5469 100.0000
3.2557 89 110 238.0536 10.5234 100.0000
3.2570 87 112 238.4052 12.4155 100.0000
3.2582 86 113 238.8046 13.0259 100.0000
3.2595 93 106 239.1106 6.1289 100.0000
3.2608 80 119 239.5803 19.3735 100.0000
3.2621 89 110 239.9239 10.4624 100.0000
3.2634 92 107 240.3197 7.0444 100.0000
3.2646 85 114 240.7999 14.8569 100.0000
3.2659 83 116 241.2833 16.1387 100.0000
3.2671 86 113 241.7296 13.5142 100.0000
3.2684 87 112 242.3040 12.5376 100.0000
3.2697 88 111 242.8595 11.8662 100.0000
3.2709 77 122 243.5361 22.6694 100.0000
3.2722 84 115 244.1095 15.2231 100.0000
3.2735 91 108 244.7667 8.5093 100.0000
3.2747 82 117 245.5200 17.2983 100.0000
3.2760 82 117 246.2618 17.0542 100.0000
3.2773 81 118 246.9988 18.3970 100.0000
3.2786 90 109 247.7675 9.6689 100.0000
3.2799 83 116 248.6040 16.0776 100.0000
3.2812 92 107 249.3067 7.2275 100.0000
3.2825 85 114 250.1000 14.9790 100.0000
3.2838 84 115 250.9581 15.8335 100.0000
3.2851 87 112 251.7546 12.7817 100.0000
3.2863 90 109 252.4993 9.7300 100.0000
3.2876 92 107 253.1788 7.6548 100.0000
3.2889 93 106 253.8200 6.3730 100.0000
3.2901 92 107 254.4553 7.1055 100.0000
3.2914 87 112 255.1472 12.7817 100.0000
3.2926 92 107 255.6744 7.1055 100.0000
3.2939 91 108 256.1690 8.6924 100.0000
3.2951 85 114 256.7216 14.2466 100.0000
3.2964 94 105 257.1503 5.0303 100.0000
3.2976 95 104 257.4753 4.9082 100.0000
3.2989 97 102 257.7019 2.4058 100.0000
3.3001 101 98 257.8714 -1.8667 100.0000
3.3014 96 103 258.1064 3.7485 100.0000
3.3026 97 102 258.2462 2.7109 100.0000
3.3039 104 95 258.2341 -4.2471 100.0000
3.3051 95 104 258.3264 4.2368 100.0000
3.3064 92 107 258.4535 7.2275 100.0000
3.3076 101 98 258.3869 -1.1343 100.0000
3.3089 89 110 258.4695 10.9507 100.0000
3.3101 92 107 258.5120 7.8379 100.0000
3.3114 90 109 258.5713 9.3638 100.0000
3.3126 101 98 258.4558 -1.3784 100.0000
3.3138 98 101 258.3722 1.0630 100.0000
3.3151 97 102 258.3108 2.7109 100.0000
3.3164 96 103 258.2577 3.2603 100.0000
3.3176 95 104 258.2053 4.2368 100.0000
3.3189 108 91 257.9949 -8.7026 100.0000
3.3202 99 100 257.9005 0.3916 100.0000
3.3214 98 101 257.8217 1.4902 100.0000
3.3227 98 101 257.7338 1.1851 100.0000
3.3240 103 96 257.5937 -3.1484 100.0000
3.3253 105 94 257.4271 -5.4678 100.0000
3.3265 99 100 257.3334 0.0864 100.0000
3.3278 104 95 257.1574 -4.9795 100.0000
3.3291 108 91 256.9443 -8.1533 100.0000
3.3304 104 95 256.7779 -4.7354 100.0000
3.3317 99 100 256.6780 0.2695 100.0000
3.3329 104 95 256.4882 -4.6743 100.0000
3.3342 107 92 256.2675 -7.4819 100.0000
3.3355 97 102 256.1766 2.6499 100.0000
3.3367 111 88 255.9184 -11.0220 100.0000
3.3380 110 89 255.6365 -10.5337 100.0000
3.3393 95 104 255.5527 4.7861 100.0000
3.3406 104 95 255.3556 -4.3081 100.0000
3.3419 97 102 255.2465 2.2837 100.0000
3.3432 101 98 255.0528 -1.6836 100.0000
3.3445 100 99 254.8782 -0.5239 100.0000
3.3457 108 91 254.6050 -8.8857 100.0000
3.3470 103 96 254.4040 -3.3926 100.0000
3.3482 103 96 254.1778 -3.2705 100.0000
3.3495 94 105 254.0654 5.4575 100.0000
3.3508 103 96 253.8441 -3.2705 100.0000
3.3521 105 94 253.5545 -5.8340 100.0000
3.3534 101 98 253.3260 -1.5005 100.0000
3.3547 103 96 253.0728 -3.8809 100.0000
3.3560 98 101 252.8911 1.4292 100.0000
3.3573 103 96 252.6060 -3.5146 100.0000
3.3585 104 95 252.3174 -4.2471 100.0000
3.3598 105 94 252.0209 -5.4067 100.0000
3.3611 102 97 251.7643 -2.5991 100.0000
3.3623 104 95 251.4369 -4.4912 100.0000
3.3636 96 103 251.2193 3.9316 100.0000
3.3648 103 96 250.9155 -3.4536 100.0000
3.3661 102 97 250.6272 -2.6602 100.0000
3.3673 103 96 250.3003 -3.0264 100.0000
3.3686 109 90 249.9040 -9.1299 100.0000
3.3699 108 91 249.5291 -8.1533 100.0000
3.3711 99 100 249.2731 0.9409 100.0000
3.3724 97 102 249.0118 2.4668 100.0000
3.3736 108 91 248.6246 -8.2754 100.0000
3.3749 103 96 248.2971 -3.8198 100.0000
3.3762 108 91 247.9193 -8.4585 100.0000
3.3775 113 86 247.4734 -13.2803 100.0000
3.3788 110 89 247.0764 -10.1675 100.0000
3.3800 111 88 246.6770 -11.0830 100.0000
3.3813 113 86 246.2632 -13.0972 100.0000
3.3825 107 92 245.9181 -7.8481 100.0000
3.3838 112 87 245.5206 -12.7310 100.0000
3.3851 113 86 245.1153 -13.8296 100.0000
3.3863 106 93 244.8083 -6.6885 100.0000
3.3876 114 85 244.4185 -14.1958 100.0000
3.3889 112 87 244.0527 -12.9751 100.0000
3.3901 108 91 243.7495 -8.5195 100.0000
3.3914 114 85 243.3746 -14.8672 100.0000
3.3927 113 86 243.0378 -13.5244 100.0000
3.3940 108 91 242.7728 -8.7026 100.0000
3.3953 119 80 242.3787 -19.1396 100.0000
3.3965 117 82 242.0201 -17.1865 100.0000
3.3978 113 86 241.7563 -13.9517 100.0000
3.3991 117 82 241.4568 -17.7358 100.0000
3.4004 116 83 241.1794 -16.0879 100.0000
3.4016 109 90 240.9878 -9.8623 100.0000
3.4029 112 87 240.8389 -12.6089 100.0000
3.4042 117 82 240.6319 -17.6138 100.0000
3.4055 118 81 240.4198 -18.2852 100.0000
3.4067 112 87 240.3756 -12.0596 100.0000
3.4080 111 88 240.3538 -11.0220 100.0000
3.4093 115 84 240.2744 -15.7217 100.0000
3.4106 112 87 240.2395 -12.2427 100.0000
3.4118 113 86 240.2693 -13.2803 100.0000
3.4131 117 82 240.2349 -17.9800 100.0000
3.4144 107 92 240.3403 -7.1768 100.0000
3.4157 112 87 240.3713 -12.7310 100.0000
3.4169 115 84 240.4050 -15.9658 100.0000
3.4182 116 83 240.4273 -16.6982 100.0000
3.4195 118 81 240.4250 -18.2852 100.0000
3.4208 122 77 240.3674 -22.7407 100.0000
3.4220 122 77 240.3068 -22.2524 100.0000
3.4233 119 80 240.2741 -19.9331 100.0000
3.4246 120 79 240.2354 -20.6655 100.0000
3.4258 125 74 240.1365 -25.4873 100.0000
3.4271 118 81 240.0627 -18.7734 100.0000
3.4284 128 71 239.8573 -28.5391 100.0000
3.4297 130 69 239.6409 -30.5532 100.0000
3.4310 132 67 239.4009 -32.8115 100.0000
3.4322 124 75 239.1857 -24.2056 100.0000
3.4335 124 75 238.9657 -24.9380 100.0000
3.4347 126 73 238.7342 -26.3418 100.0000
3.4360 133 66 238.4068 -33.6660 100.0000
3.4373 130 69 238.0346 -30.9805 100.0000
3.4386 129 70 237.6839 -29.0884 100.0000
3.4398 135 64 237.2734 -35.7412 100.0000
3.4411 135 64 236.8660 -35.4360 100.0000
3.4423 142 57 236.3138 -42.8823 100.0000
3.4436 133 66 235.8924 -33.1167 100.0000
3.4448 137 62 235.4230 -37.5112 100.0000
3.4461 142 57 234.8961 -42.3940 100.0000
3.4473 141 58 234.3236 -41.4785 100.0000
3.4486 141 58 233.7726 -41.1123 100.0000
3.4499 143 56 233.1908 -43.2485 100.0000
3.4512 147 52 232.5769 -47.9482 100.0000
3.4525 132 67 232.1263 -32.9946 100.0000
3.4537 144 55 231.5455 -44.5303 100.0000
3.4550 128 71 231.1760 -28.1118 100.0000
3.4563 134 65 230.7873 -34.6426 100.0000
3.4576 134 65 230.3786 -34.7036 100.0000
3.4588 133 66 230.0012 -33.6050 100.0000
3.4601 122 77 229.7596 -22.6797 100.0000
3.4614 123 76 229.6414 -23.0459 100.0000
3.4626 124 75 229.4800 -24.8770 100.0000
3.4639 119 80 229.3816 -19.9941 100.0000
3.4652 125 74 229.2148 -25.1821 100.0000
3.4665 117 82 229.3005 -17.9189 100.0000
3.4678 120 79 229.3543 -20.2993 100.0000
3.4691 117 82 229.4352 -17.6138 100.0000
3.4703 119 80 229.5041 -19.7500 100.0000
3.4716 116 83 229.7817 -16.3931 100.0000
3.4728 115 84 230.0600 -15.5996 100.0000
3.4741 117 82 230.3072 -17.7358 100.0000
3.4753 115 84 230.5709 -15.9658 100.0000
3.4766 105 94 231.0716 -5.4067 100.0000
3.4778 114 85 231.4487 -14.6841 100.0000
3.4791 109 90 231.8842 -9.3740 100.0000
3.4803 101 98 232.4018 -1.8667 100.0000
3.4816 109 90 232.8128 -9.9844 100.0000
3.4829 106 93 233.2589 -6.6885 100.0000
3.4842 109 90 233.6500 -9.9844 100.0000
3.4854 113 86 233.9944 -13.4023 100.0000
3.4867 105 94 234.3309 -5.2236 100.0000
3.4880 98 101 234.7501 1.9175 100.0000
3.4892 107 92 235.0446 -7.4819 100.0000
3.4905 109 90 235.3055 -9.9233 100.0000
3.4917 114 85 235.3192 -14.7451 100.0000
3.4930 109 90 235.3981 -9.3130 100.0000
3.4943 110 89 235.4624 -10.2896 100.0000
3.4955 102 97 235.6233 -2.4771 100.0000
3.4968 111 88 235.4565 -11.2661 100.0000
3.4981 106 93 235.3502 -6.6885 100.0000
3.4993 118 81 235.0987 -18.5903 100.0000
3.5006 120 79 234.8294 -20.6655 100.0000
3.5019 111 88 234.4691 -11.8154 100.0000
3.5031 112 87 234.1125 -12.3037 100.0000
3.5044 117 82 233.6993 -17.1865 100.0000
3.5056 115 84 233.3143 -15.5386 100.0000
3.5069 112 87 232.8176 -12.0596 100.0000
3.5081 114 85 232.3109 -14.0127 100.0000
3.5094 116 83 231.7752 -16.9424 100.0000
3.5107 116 83 231.2483 -16.6372 100.0000
3.5120 119 80 230.6004 -19.4448 100.0000
3.5133 115 84 230.0233 -15.1724 100.0000
3.5146 120 79 229.3744 -20.7876 100.0000
3.5159 124 75 228.5911 -24.7549 100.0000
3.5172 121 78 227.9295 -21.0928 100.0000
3.5185 120 79 227.2865 -20.6655 100.0000
3.5197 128 71 226.5706 -28.1729 100.0000
3.5210 116 83 226.0068 -16.8203 100.0000
3.5223 125 74 225.3519 -25.5483 100.0000
3.5236 123 76 224.7301 -23.2900 100.0000
3.5248 119 80 224.1769 -19.2007 100.0000
3.5261 129 70 223.5131 -29.3325 100.0000
3.5274 116 83 223.0313 -16.3320 100.0000
3.5287 124 75 222.4471 -24.6938 100.0000
3.5299 128 71 221.8365 -28.6001 100.0000
3.5312 134 65 221.1670 -34.5205 100.0000
3.5325 121 78 220.6757 -21.6421 100.0000
3.5337 122 77 220.1721 -22.9849 100.0000
3.5350 129 70 219.6079 -29.0884 100.0000
3.5363 124 75 219.0824 -24.8770 100.0000
3.5376 123 76 218.5829 -23.4731 100.0000
3.5388 127 72 218.0385 -27.7456 100.0000
3.5401 131 68 217.4603 -31.7739 100.0000
3.5414 134 65 216.8094 -34.5815 100.0000
3.5426 129 70 216.2414 -29.7598 100.0000
3.5439 135 64 215.6148 -35.4360 100.0000
3.5451 136 63 214.9734 -36.4126 100.0000
3.5464 136 63 214.2554 -36.7788 100.0000
3.5477 134 65 213.6019 -34.0322 100.0000
3.5489 139 60 212.8844 -39.3423 100.0000
3.5502 139 60 212.1777 -39.4644 100.0000
3.5515 133 66 211.4501 -33.7881 100.0000
3.5528 139 60 210.6669 -39.9526 100.0000
3.5540 131 68 210.0043 -31.2856 100.0000
3.5553 127 72 209.4097 -27.1353 100.0000
3.5566 147 52 208.4730 -47.4600 100.0000
3.5579 140 59 207.6279 -40.8682 100.0000
3.5592 139 60 206.8227 -39.5864 100.0000
3.5604 132 67 206.0809 -32.7505 100.0000
3.5617 143 56 205.2166 -43.1265 100.0000
3.5629 133 66 204.4849 -33.9102 100.0000
3.5642 141 58 203.6724 -41.4175 100.0000
3.5654 136 63 202.9488 -36.4736 100.0000
3.5667 137 62 202.2376 -37.0840 100.0000
3.5679 134 65 201.5645 -34.5205 100.0000
3.5692 131 68 200.9371 -31.8350 100.0000
3.5704 128 71 200.4049 -28.8442 100.0000
3.5717 133 66 199.8422 -33.4219 100.0000
3.5729 126 73 199.3856 -26.8911 100.0000
3.5742 118 81 199.0410 -18.2241 100.0000
3.5754 114 85 198.8805 -14.4399 100.0000
3.5767 125 74 198.5883 -25.6094 100.0000
3.5779 121 78 198.3536 -21.2148 100.0000
3.5792 110 89 198.2449 -10.9609 100.0000
3.5804 117 82 198.2143 -17.7969 100.0000
3.5817 117 82 198.1782 -17.9800 100.0000
3.5829 117 82 198.1460 -17.9800 100.0000
3.5842 112 87 198.1765 -12.6699 100.0000
3.5855 111 88 198.3750 -11.9985 100.0000
3.5868 120 79 198.4568 -20.9097 100.0000
3.5880 106 93 198.7200 -6.3223 100.0000
3.5893 117 82 198.8422 -17.5527 100.0000
3.5905 105 94 199.2389 -5.0405 100.0000
3.5918 104 95 199.6321 -4.6743 100.0000
3.5930 118 81 199.8534 -18.1021 100.0000
3.5942 111 88 200.1555 -11.1440 100.0000
3.5955 109 90 200.5470 -9.2520 100.0000
3.5967 115 84 200.8534 -15.5996 100.0000
3.5980 112 87 201.1888 -12.6699 100.0000
3.5992 110 89 201.5384 -10.9609 100.0000
3.6005 115 84 201.8392 -15.5996 100.0000
3.6017 119 80 202.0880 -19.3838 100.0000
3.6030 110 89 202.4384 -10.6558 100.0000
3.6042 117 82 202.7017 -17.1865 100.0000
3.6055 113 86 202.9726 -13.7686 100.0000
3.6067 111 88 203.2706 -11.0830 100.0000
3.6080 118 81 203.4702 -18.6514 100.0000
3.6092 125 74 203.5806 -25.6094 100.0000
3.6105 116 83 203.7333 -16.0269 100.0000
3.6117 119 80 203.8396 -19.5059 100.0000
3.6130 119 80 203.9395 -19.8721 100.0000
3.6142 122 77 204.0053 -22.5576 100.0000
3.6155 121 78 203.9695 -21.4590 100.0000
3.6167 122 77 203.9236 -22.6797 100.0000
3.6180 125 74 203.8437 -25.4873 100.0000
3.6193 124 75 203.7686 -24.5107 100.0000
3.6205 133 66 203.4407 -33.4219 100.0000
3.6218 126 73 203.2022 -26.5859 100.0000
3.6231 127 72 202.9539 -27.6235 100.0000
3.6243 133 66 202.6395 -33.5439 100.0000
3.6256 123 76 202.2684 -23.0459 100.0000
3.6269 127 72 201.8428 -27.9897 100.0000
3.6282 136 63 201.3333 -36.2295 100.0000
3.6295 138 61 200.8028 -38.2437 100.0000
3.6307 139 60 200.0730 -39.2202 100.0000
3.6320 135 64 199.3991 -35.9854 100.0000
3.6333 141 58 198.6711 -41.5396 100.0000
3.6345 144 55 197.9202 -44.4082 100.0000
3.6358 142 57 197.0432 -42.3330 100.0000
3.6371 146 53 196.1303 -46.7886 100.0000
3.6383 140 59 195.3136 -40.6851 100.0000
3.6396 147 52 194.4294 -47.2769 100.0000
3.6409 142 57 193.5116 -42.0278 100.0000
3.6422 149 50 192.5259 -49.1689 100.0000
3.6434 153 46 191.5073 -53.8687 100.0000
3.6447 156 43 190.4121 -56.9204 100.0000
3.6459 152 47 189.4071 -52.3428 100.0000
3.6472 149 50 188.4448 -49.9014 100.0000
3.6485 156 43 187.4285 -56.2490 100.0000
3.6497 154 45 186.4558 -54.4790 100.0000
3.6510 155 44 185.4672 -55.8828 100.0000
3.6523 146 53 184.6228 -46.7275 100.0000
3.6535 153 46 183.7195 -53.5635 100.0000
3.6548 149 50 182.8695 -49.9624 100.0000
3.6561 154 45 181.9921 -54.1128 100.0000
3.6573 154 45 181.1058 -54.6011 100.0000
3.6586 157 42 180.2115 -57.3477 100.0000
3.6599 158 41 179.2798 -58.9346 100.0000
3.6612 171 28 178.2137 -71.3247 100.0000
3.6625 155 44 177.3894 -55.2114 100.0000
3.6637 148 51 176.6759 -48.1924 100.0000
3.6650 153 46 175.8806 -53.0142 100.0000
3.6663 157 42 175.0557 -57.8359 100.0000
3.6676 161 38 174.1650 -61.9253 100.0000
3.6688 153 46 173.4274 -53.7466 100.0000
3.6701 147 52 172.7384 -47.1548 100.0000
3.6714 160 39 171.8985 -60.2773 100.0000
3.6727 154 45 171.1436 -54.3569 100.0000
3.6739 162 37 170.3257 -62.4746 100.0000
3.6752 162 37 169.5052 -62.5967 100.0000
3.6765 153 46 168.8093 -53.5635 100.0000
3.6778 161 38 168.0352 -61.1318 100.0000
3.6791 156 43 167.3414 -56.3711 100.0000
3.6803 147 52 166.7754 -47.0327 100.0000
3.6816 154 45 166.1473 -54.3569 100.0000
3.6829 155 44 165.5172 -55.5166 100.0000
3.6842 153 46 164.9064 -53.6855 100.0000
3.6854 141 58 164.4979 -41.9058 100.0000
3.6867 144 55 164.0515 -44.2251 100.0000
3.6879 153 46 163.5201 -53.4414 100.0000
3.6892 155 44 162.9666 -55.1504 100.0000
3.6905 149 50 162.4829 -49.5962 100.0000
3.6918 147 52 162.0431 -47.8872 100.0000
3.6930 152 47 161.5491 -52.5869 100.0000
3.6943 152 47 161.0182 -52.0376 100.0000
3.6956 157 42 160.4446 -57.6528 100.0000
3.6968 152 47 159.9520 -52.0986 100.0000
3.6981 159 40 159.3732 -59.8501 100.0000
3.6994 147 52 158.8361 -47.1548 100.0000
3.7006 158 41 158.1940 -58.1411 100.0000
3.7019 155 44 157.5845 -55.8218 100.0000
3.7032 153 46 157.0063 -53.9907 100.0000
3.7045 152 47 156.3217 -52.2817 100.0000
3.7058 148 51 155.6938 -48.8027 100.0000
3.7070 153 46 155.0252 -53.5635 100.0000
3.7083 160 39 154.2570 -60.9487 100.0000
3.7096 156 43 153.4288 -56.1270 100.0000
3.7108 156 43 152.5960 -56.9204 100.0000
3.7121 162 37 151.7286 -62.0474 100.0000
3.7133 151 48 151.0142 -51.0610 100.0000
3.7146 149 50 150.2130 -49.8403 100.0000
3.7158 158 41 149.3170 -58.9956 100.0000
3.7171 150 49 148.5249 -50.6338 100.0000
3.7184 151 48 147.7475 -51.7324 100.0000
3.7197 151 48 146.9043 -51.6714 100.0000
3.7209 158 41 146.0084 -58.9346 100.0000
3.7222 157 42 145.1473 -57.7139 100.0000
3.7235 150 49 144.3749 -50.8169 100.0000
3.7247 152 47 143.6233 -52.7090 100.0000
3.7260 153 46 142.8551 -53.1362 100.0000
3.7273 145 54 142.2108 -45.8730 100.0000
3.7285 146 53 141.5728 -46.8496 100.0000
3.7298 160 39 140.8135 -60.5215 100.0000
3.7311 159 40 140.0915 -59.4229 100.0000
3.7323 151 48 139.4810 -51.2441 100.0000
3.7336 154 45 138.8282 -54.6621 100.0000
3.7350 154 45 138.2103 -54.4790 100.0000
3.7362 157 42 137.5973 -57.8359 100.0000
3.7375 159 40 136.9690 -59.6670 100.0000
3.7388 158 41 136.3715 -58.9346 100.0000
3.7400 157 42 135.8353 -57.2866 100.0000
3.7413 158 41 135.3012 -58.3853 100.0000
3.7425 149 50 134.8744 -49.7183 100.0000
3.7438 162 37 134.3117 -62.1694 100.0000
3.7450 158 41 133.7699 -58.9346 100.0000
3.7462 156 43 133.2669 -56.9204 100.0000
3.7475 157 42 132.7569 -57.8970 100.0000
3.7488 164 35 132.1673 -64.6108 100.0000
3.7500 155 44 131.6356 -55.0894 100.0000
3.7513 161 38 131.0450 -61.4370 100.0000
3.7526 158 41 130.4442 -58.5073 100.0000
3.7539 158 41 129.8611 -58.4463 100.0000
3.7552 159 40 129.2208 -59.3618 100.0000
3.7564 151 48 128.7132 -51.5493 100.0000
3.7576 156 43 128.1519 -56.2490 100.0000
3.7589 161 38 127.4595 -61.4980 100.0000
3.7602 157 42 126.7948 -57.2256 100.0000
3.7614 148 51 126.2735 -48.1924 100.0000
3.7627 161 38 125.5760 -61.8032 100.0000
3.7640 158 41 124.7993 -58.5684 100.0000
3.7652 161 38 124.0273 -61.5591 100.0000
3.7665 152 47 123.4002 -52.2207 100.0000
3.7677 159 40 122.6866 -59.9111 100.0000
3.7690 153 46 121.9487 -53.8687 100.0000
3.7702 158 41 121.1571 -58.2632 100.0000
3.7715 162 37 120.3334 -62.3525 100.0000
3.7728 160 39 119.5428 -60.9487 100.0000
3.7740 160 39 118.6886 -60.5825 100.0000
3.7753 163 36 117.7955 -63.5732 100.0000
3.7765 172 27 116.8314 -72.5454 100.0000
3.7778 165 34 115.9700 -65.0381 100.0000
3.7790 173 26 114.9213 -73.5830 100.0000
3.7803 162 37 114.0412 -62.5967 100.0000
3.7816 165 34 113.1132 -65.2822 100.0000
3.7828 166 33 112.2247 -66.0146 100.0000
3.7840 172 27 111.2194 -72.3013 100.0000
3.7853 170 29 110.2355 -70.5923 100.0000
3.7865 172 27 109.2698 -72.5454 100.0000
3.7878 167 32 108.3731 -67.7236 100.0000
3.7890 168 31 107.4521 -68.7002 100.0000
3.7903 161 38 106.6242 -61.3149 100.0000
3.7916 166 33 105.7476 -66.7471 100.0000
3.7929 164 35 104.9297 -64.7329 100.0000
3.7942 163 36 104.1996 -63.3291 100.0000
3.7954 160 39 103.5153 -60.9487 100.0000
3.7967 164 35 102.8081 -64.2446 100.0000
3.7980 158 41 102.1965 -58.0190 100.0000
3.7992 160 39 101.6796 -60.5825 100.0000
3.8005 160 39 101.1843 -60.2163 100.0000
3.8018 157 42 100.7282 -57.4087 100.0000
3.8030 151 48 100.3567 -51.3662 100.0000
3.8043 147 52 100.1948 -47.9482 100.0000
3.8056 147 52 100.0496 -47.2769 100.0000
3.8069 142 57 99.9629 -42.8213 100.0000
3.8081 146 53 99.8309 -46.9717 100.0000
3.8094 146 53 99.8933 -46.5444 100.0000
3.8106 138 61 100.0537 -38.9150 100.0000
3.8119 144 55 100.1328 -44.8354 100.0000
3.8131 139 60 100.2749 -39.4644 100.0000
3.8144 133 66 100.6374 -33.7271 100.0000
3.8157 142 57 100.8789 -42.5161 100.0000
3.8170 138 61 101.1434 -38.9150 100.0000
3.8183 133 66 101.4744 -33.7271 100.0000
3.8195 139 60 101.8101 -39.8916 100.0000
3.8208 137 62 102.1677 -37.4502 100.0000
3.8220 141 58 102.4689 -41.9058 100.0000
3.8233 146 53 102.6081 -46.4834 100.0000
3.8246 141 58 102.8542 -41.3564 100.0000
3.8259 146 53 103.0202 -46.3613 100.0000
3.8271 138 61 103.3084 -38.1216 100.0000
3.8284 145 54 103.3197 -45.5068 100.0000
3.8297 137 62 103.4280 -37.8774 100.0000
3.8310 143 56 103.4690 -43.9199 100.0000
3.8323 140 59 103.5337 -40.8682 100.0000
3.8336 145 54 103.3072 -45.1406 100.0000
3.8348 138 61 103.1816 -38.0605 100.0000
3.8361 139 60 103.0252 -39.5864 100.0000
3.8374 150 49 102.7483 -50.5728 100.0000
3.8386 147 52 102.2345 -47.1548 100.0000
3.8399 153 46 101.6739 -53.1362 100.0000
3.8411 147 52 101.1919 -47.5820 100.0000
3.8424 154 45 100.6081 -54.6011 100.0000
3.8437 149 50 99.8415 -49.2910 100.0000
3.8449 147 52 99.1110 -47.3989 100.0000
3.8462 156 43 98.2796 -56.3711 100.0000
3.8475 148 51 97.5675 -48.0703 100.0000
3.8487 149 50 96.6153 -49.1689 100.0000
3.8500 159 40 95.5481 -59.7891 100.0000
3.8513 159 40 94.5149 -59.4839 100.0000
3.8526 161 38 93.4658 -61.8032 100.0000
3.8538 161 38 92.2672 -61.0708 100.0000
3.8551 158 41 91.1226 -58.8735 100.0000
3.8563 155 44 90.0456 -55.2114 100.0000
3.8576 153 46 89.0079 -53.6855 100.0000
3.8589 156 43 87.8101 -56.3711 100.0000
3.8601 159 40 86.6155 -59.3618 100.0000
3.8614 161 38 85.4153 -61.6812 100.0000
3.8627 160 39 84.2550 -60.5215 100.0000
3.8640 159 40 83.0698 -59.3618 100.0000
3.8653 163 36 81.8479 -63.9395 100.0000
3.8666 164 35 80.6312 -64.7329 100.0000
3.8678 160 39 79.5359 -60.5215 100.0000
3.8691 160 39 78.4456 -60.0332 100.0000
3.8704 159 40 77.3826 -59.6670 100.0000
3.8717 156 43 76.3751 -56.1270 100.0000
3.8729 168 31 75.3070 -68.9443 100.0000
3.8742 161 38 74.3097 -61.5591 100.0000
3.8755 165 34 73.3040 -65.3433 100.0000
3.8768 169 30 72.2380 -69.9209 100.0000
3.8780 159 40 71.3631 -59.1787 100.0000
3.8793 174 25 70.3325 -74.1323 100.0000
3.8806 170 29 69.3762 -70.5312 100.0000
3.8818 152 47 68.6469 -52.6479 100.0000
3.8831 158 41 67.8775 -58.2021 100.0000
3.8844 157 42 67.1425 -57.3477 100.0000
3.8857 163 36 66.3257 -63.9395 100.0000
3.8870 158 41 65.5783 -58.6904 100.0000
3.8883 161 38 64.8183 -61.3760 100.0000
3.8895 160 39 64.1007 -60.9487 100.0000
3.8908 161 38 63.3862 -61.3149 100.0000
3.8920 161 38 62.6981 -61.1318 100.0000
3.8932 156 43 62.0566 -56.5542 100.0000
3.8945 161 38 61.3722 -61.1318 100.0000
3.8957 161 38 60.6943 -61.8032 100.0000
3.8969 157 42 60.0817 -57.4697 100.0000
3.8982 155 44 59.4727 -55.2725 100.0000
3.8994 162 37 58.7827 -62.1084 100.0000
3.9007 151 48 58.2342 -51.6714 100.0000
3.9019 153 46 57.6715 -53.7466 100.0000
3.9032 161 38 56.9893 -61.0098 100.0000
3.9044 153 46 56.4123 -53.6855 100.0000
3.9057 150 49 55.8886 -50.2676 100.0000
3.9069 154 45 55.3209 -54.6011 100.0000
3.9082 148 51 54.8005 -48.3755 100.0000
3.9094 145 54 54.3154 -45.6899 100.0000
3.9107 139 60 53.9247 -39.3423 100.0000
3.9120 149 50 53.4145 -49.7183 100.0000
3.9132 139 60 52.9984 -39.5864 100.0000
3.9145 149 50 52.4713 -49.2910 100.0000
3.9157 131 68 52.1631 -31.7739 100.0000
3.9170 130 69 51.8827 -30.3091 100.0000
3.9183 144 55 51.3747 -44.6523 100.0000
3.9195 133 66 51.0138 -33.9102 100.0000
3.9208 137 62 50.6173 -37.4502 100.0000
3.9221 128 71 50.3301 -28.8442 100.0000
3.9233 128 71 49.9812 -28.4780 100.0000
3.9246 134 65 49.5709 -34.2764 100.0000
3.9259 133 66 49.1809 -33.4219 100.0000
3.9272 132 67 48.8087 -32.2012 100.0000
3.9285 129 70 48.3803 -29.9429 100.0000
3.9298 135 64 47.8971 -35.3140 100.0000
3.9310 124 75 47.5665 -24.4497 100.0000
3.9323 132 67 47.0399 -32.5063 100.0000
3.9336 132 67 46.5407 -32.6284 100.0000
3.9349 130 69 46.0627 -30.0039 100.0000
3.9362 131 68 45.5916 -31.7739 100.0000
3.9375 129 70 45.0539 -29.5156 100.0000
3.9388 131 68 44.5080 -31.4077 100.0000
3.9401 130 69 43.9808 -30.4922 100.0000
3.9413 137 62 43.3918 -37.1450 100.0000
3.9426 139 60 42.6717 -39.0981 100.0000
3.9439 138 61 41.9748 -38.4878 100.0000
3.9452 138 61 41.2792 -38.6709 100.0000
3.9464 148 51 40.4773 -48.6807 100.0000
3.9477 137 62 39.6881 -37.4502 100.0000
3.9490 135 64 38.9534 -35.4360 100.0000
3.9503 140 59 38.1544 -40.3799 100.0000
3.9516 144 55 37.3320 -44.1641 100.0000
3.9528 139 60 36.4352 -39.4644 100.0000
3.9541 136 63 35.5850 -36.7178 100.0000
3.9554 143 56 34.6617 -43.4927 100.0000
3.9566 134 65 33.8763 -34.3984 100.0000
3.9579 145 54 32.8205 -45.0796 100.0000
3.9592 146 53 31.7882 -46.0562 100.0000
3.9605 146 53 30.7655 -46.6665 100.0000
3.9617 151 48 29.7113 -51.1831 100.0000
3.9630 145 54 28.6229 -45.9341 100.0000
3.9643 144 55 27.5803 -44.3472 100.0000
3.9656 152 47 26.4547 -52.0376 100.0000
3.9669 152 47 25.3632 -52.0986 100.0000
3.9682 145 54 24.3110 -45.0796 100.0000
3.9694 153 46 23.1856 -53.0142 100.0000
3.9707 147 52 22.1507 -47.9482 100.0000
3.9720 156 43 21.0135 -56.6152 100.0000
3.9732 148 51 19.9939 -48.9858 100.0000
3.9745 147 52 19.0105 -47.4600 100.0000
3.9757 152 47 17.9911 -52.7090 100.0000
3.9770 142 57 17.1217 -42.6992 100.0000
3.9783 150 49 16.1748 -50.2676 100.0000
3.9796 158 41 15.1055 -58.7515 100.0000
3.9809 158 41 14.1206 -58.1411 100.0000
3.9821 149 50 13.3038 -49.5962 100.0000
3.9834 156 43 12.4195 -56.3711 100.0000
3.9846 151 48 11.6113 -51.7324 100.0000
3.9858 156 43 10.7717 -56.0659 100.0000
3.9871 162 37 9.9198 -62.0474 100.0000
3.9883 156 43 9.1524 -56.2490 100.0000
3.9896 152 47 8.4411 -52.0986 100.0000
3.9909 158 41 7.6419 -58.9346 100.0000
3.9921 158 41 6.8969 -58.9346 100.0000
3.9934 162 37 6.1256 -62.3525 100.0000
3.9947 167 32 5.3123 -67.4795 100.0000
3.9959 166 33 4.5263 -66.3198 100.0000
3.9973 158 41 3.8143 -58.6904 100.0000
3.9985 156 43 3.1677 -56.6152 100.0000
3.9998 166 33 2.3802 -66.6250 100.0000
4.0011 163 36 1.6620 -63.8784 100.0000
4.0024 172 27 0.7944 -72.9116 100.0000
4.0036 167 32 0.0146 -67.4795 100.0000
4.0049 171 28 -0.8062 -71.1416 100.0000
4.0061 166 33 -1.5370 -66.1978 100.0000
4.0074 170 29 -2.4603 -70.1650 100.0000
4.0087 185 14 -3.5379 -85.7290 100.0000
4.0100 179 20 -4.5179 -79.5034 100.0000
4.0113 174 25 -5.4288 -74.0103 100.0000
4.0126 179 20 -6.5202 -79.0762 100.0000
4.0138 180 19 -7.6020 -80.4189 100.0000
4.0151 174 25 -8.6184 -74.7427 100.0000
4.0164 177 22 -9.6514 -77.1230 100.0000
4.0177 183 16 -10.8492 -83.0435 100.0000
4.0190 170 29 -11.9045 -70.2871 100.0000
4.0202 175 24 -12.9764 -75.5361 100.0000
4.0215 185 14 -14.1446 -85.3018 100.0000
4.0228 175 24 -15.2887 -75.9023 100.0000
4.0240 177 22 -16.4213 -77.9775 100.0000
4.0253 178 21 -17.5668 -78.6489 100.0000
4.0266 173 26 -18.6597 -73.8882 100.0000
4.0278 184 15 -19.8665 -84.7524 100.0000
4.0291 171 28 -20.8836 -71.6299 100.0000
4.0303 165 34 -21.8067 -65.5264 100.0000
4.0316 178 21 -22.8929 -78.7100 100.0000
4.0329 180 19 -23.9761 -80.0527 100.0000
4.0341 170 29 -24.9385 -70.8364 100.0000
4.0354 173 26 -25.9171 -73.9492 100.0000
4.0367 181 18 -26.9911 -81.2734 100.0000
4.0379 178 21 -28.0184 -78.4048 100.0000
4.0392 177 22 -29.0262 -77.9165 100.0000
4.0405 178 21 -30.0178 -78.3438 100.0000
4.0418 175 24 -31.0279 -75.9023 100.0000
4.0430 179 20 -32.0561 -79.0151 100.0000
4.0443 184 15 -33.1284 -84.0811 100.0000
4.0456 172 27 -34.0299 -72.7285 100.0000
4.0468 179 20 -35.1078 -79.4424 100.0000
4.0481 172 27 -36.0786 -72.8506 100.0000
4.0494 170 29 -37.0106 -70.8975 100.0000
4.0506 167 32 -37.8742 -67.6626 100.0000
4.0519 170 29 -38.8380 -70.2871 100.0000
4.0531 167 32 -39.7603 -67.2964 100.0000
4.0544 176 23 -40.7654 -76.5127 100.0000
4.0556 173 26 -41.7109 -73.5220 100.0000
4.0569 176 23 -42.6882 -76.2686 100.0000
4.0582 168 31 -43.5707 -68.2729 100.0000
4.0594 166 33 -44.3940 -66.3198 100.0000
4.0607 164 35 -45.1770 -64.6719 100.0000
4.0619 171 28 -45.9651 -71.9351 100.0000
4.0632 163 36 -46.6358 -63.6343 100.0000
4.0645 170 29 -47.3808 -70.4092 100.0000
4.0657 178 21 -48.2128 -78.5269 100.0000
4.0670 164 35 -48.7243 -64.8550 100.0000
4.0683 164 35 -49.2295 -64.0615 100.0000
4.0696 161 38 -49.6929 -61.8032 100.0000
4.0708 164 35 -50.1830 -64.8550 100.0000
4.0721 164 35 -50.5143 -64.4888 100.0000
4.0734 152 47 -50.6659 -52.0376 100.0000
4.0747 154 45 -50.8597 -54.4790 100.0000
4.0759 159 40 -51.0921 -59.1177 100.0000
4.0772 149 50 -51.1062 -49.2300 100.0000
4.0785 154 45 -51.1853 -54.5400 100.0000
4.0797 148 51 -51.1748 -48.0093 100.0000
4.0809 150 49 -51.1898 -50.8169 100.0000
4.0822 153 46 -51.2392 -53.5024 100.0000
4.0834 155 44 -51.3350 -55.8828 100.0000
4.0847 152 47 -51.3695 -52.4648 100.0000
4.0859 154 45 -51.4348 -54.5400 100.0000
4.0872 160 39 -51.7155 -60.8267 100.0000
4.0884 153 46 -51.8999 -53.8687 100.0000
4.0897 150 49 -52.0435 -50.4507 100.0000
4.0909 158 41 -52.2769 -58.5684 100.0000
4.0922 159 40 -52.7514 -59.4229 100.0000
4.0935 162 37 -53.2787 -62.8408 100.0000
4.0948 159 40 -53.7437 -59.4229 100.0000
4.0960 152 47 -54.4109 -52.5259 100.0000
4.0973 163 36 -55.1948 -63.8174 100.0000
4.0986 158 41 -55.9228 -58.7515 100.0000
4.0998 158 41 -56.6083 -58.2021 100.0000
4.1011 157 42 -57.5735 -57.4697 100.0000
4.1024 158 41 -58.5442 -58.8125 100.0000
4.1036 167 32 -59.6059 -67.7847 100.0000
4.1049 168 31 -60.6591 -68.3340 100.0000
4.1062 166 33 -61.8957 -66.0146 100.0000
4.1075 164 35 -63.0862 -64.0615 100.0000
4.1087 168 31 -64.3129 -68.0288 100.0000
4.1100 166 33 -65.4685 -66.1978 100.0000
4.1113 161 38 -66.6834 -61.6201 100.0000
4.1125 170 29 -67.9925 -70.7144 100.0000
4.1138 169 30 -69.2759 -69.6157 100.0000
4.1151 177 22 -70.6191 -77.8555 100.0000
4.1164 175 24 -71.9140 -75.4141 100.0000
4.1176 171 28 -73.1269 -71.5078 100.0000
4.1190 163 36 -74.2426 -63.5122 100.0000
4.1202 178 21 -75.4907 -78.0996 100.0000
4.1215 165 34 -76.4719 -65.8315 100.0000
4.1227 168 31 -77.4675 -68.5781 100.0000
4.1240 169 30 -78.4548 -69.4326 100.0000
4.1253 172 27 -79.4641 -72.8506 100.0000
4.1265 172 27 -80.3236 -72.8506 100.0000
4.1278 164 35 -81.0621 -64.1226 100.0000
4.1291 174 25 -81.9301 -74.3154 100.0000
4.1304 173 26 -82.7733 -73.5830 100.0000
4.1316 171 28 -83.4330 -71.5078 100.0000
4.1329 173 26 -84.1020 -73.5220 100.0000
4.1342 170 29 -84.7236 -70.1650 100.0000
4.1354 169 30 -85.3252 -69.3716 100.0000
4.1367 170 29 -85.8591 -70.0430 100.0000
4.1380 170 29 -86.3807 -70.6533 100.0000
4.1393 175 24 -86.9627 -75.3530 100.0000
4.1405 176 23 -87.5278 -76.0854 100.0000
4.1418 173 26 -88.0392 -73.5220 100.0000
4.1431 168 31 -88.4752 -68.1509 100.0000
4.1443 166 33 -88.8917 -66.9302 100.0000
4.1456 164 35 -89.3133 -64.9160 100.0000
4.1469 168 31 -89.7759 -68.7002 100.0000
4.1481 174 25 -90.2931 -74.5596 100.0000
4.1494 168 31 -90.7201 -68.0898 100.0000
4.1507 166 33 -91.2119 -66.5640 100.0000
4.1519 160 39 -91.6245 -60.8877 100.0000
4.1532 167 32 -92.1124 -67.5405 100.0000
4.1545 158 41 -92.4687 -58.1411 100.0000
4.1557 166 33 -93.0329 -66.1367 100.0000
4.1570 164 35 -93.5564 -64.0615 100.0000
4.1583 160 39 -94.0329 -60.7656 100.0000
4.1596 158 41 -94.4888 -58.5684 100.0000
4.1609 161 38 -95.0797 -61.3760 100.0000
4.1621 164 35 -95.6845 -64.1836 100.0000
4.1634 157 42 -96.2022 -57.7139 100.0000
4.1647 164 35 -96.7950 -64.6108 100.0000
4.1659 157 42 -97.4316 -57.8359 100.0000
4.1672 159 40 -98.0736 -59.1177 100.0000
4.1685 157 42 -98.6874 -57.8970 100.0000
4.1698 149 50 -99.1903 -49.8403 100.0000
4.1710 156 43 -99.9399 -56.4932 100.0000
4.1723 158 41 -100.7064 -58.3853 100.0000
4.1736 150 49 -101.3416 -50.4507 100.0000
4.1749 151 48 -101.9942 -51.1221 100.0000
4.1761 154 45 -102.8413 -54.1128 100.0000
4.1774 146 53 -103.5853 -46.3613 100.0000
4.1787 151 48 -104.3623 -51.0610 100.0000
4.1799 151 48 -105.1291 -51.5493 100.0000
4.1811 149 50 -106.0424 -49.5962 100.0000
4.1824 156 43 -107.0298 -56.1270 100.0000
4.1837 156 43 -108.0087 -56.9204 100.0000
4.1849 143 56 -108.7951 -43.7368 100.0000
4.1862 146 53 -109.7539 -46.7886 100.0000
4.1874 150 49 -110.7382 -50.5117 100.0000
4.1887 137 62 -111.5421 -37.2671 100.0000
4.1899 143 56 -112.4104 -43.9199 100.0000
4.1912 143 56 -113.3506 -43.4316 100.0000
4.1924 143 56 -114.2746 -43.6758 100.0000
4.1937 145 54 -115.2031 -45.3848 100.0000
4.1949 149 50 -116.1649 -49.7183 100.0000
4.1962 143 56 -117.0699 -43.9199 100.0000
4.1974 148 51 -118.0132 -48.5586 100.0000
4.1987 149 50 -118.9483 -49.3521 100.0000
4.1999 139 60 -119.7423 -39.2202 100.0000
4.2012 152 47 -120.6795 -52.8921 100.0000
4.2024 144 55 -121.4950 -44.5303 100.0000
4.2037 139 60 -122.2427 -39.6475 100.0000
4.2049 145 54 -123.0459 -45.9341 100.0000
4.2062 142 57 -123.7644 -42.5771 100.0000
4.2075 144 55 -124.4791 -44.0420 100.0000
4.2087 138 61 -125.1070 -38.3657 100.0000
4.2100 147 52 -125.8232 -47.1548 100.0000
4.2112 144 55 -126.4513 -44.2251 100.0000
4.2124 140 59 -127.0279 -40.9292 100.0000
4.2137 153 46 -127.7406 -53.3193 100.0000
4.2149 147 52 -128.3719 -47.8262 100.0000
4.2161 153 46 -129.0439 -53.0142 100.0000
4.2174 148 51 -129.6768 -48.6807 100.0000
4.2187 150 49 -130.3083 -50.2065 100.0000
4.2199 147 52 -130.9084 -47.5210 100.0000
4.2212 153 46 -131.5891 -53.3804 100.0000
4.2225 159 40 -132.3358 -59.7280 100.0000
4.2238 147 52 -132.9314 -47.7041 100.0000
4.2250 152 47 -133.6272 -52.7090 100.0000
4.2263 162 37 -134.4361 -62.0474 100.0000
4.2276 152 47 -135.1214 -52.8921 100.0000
4.2289 159 40 -135.9015 -59.7280 100.0000
4.2302 152 47 -136.6827 -52.5869 100.0000
4.2314 148 51 -137.3889 -48.2534 100.0000
4.2327 157 42 -138.2023 -57.3477 100.0000
4.2340 162 37 -139.0594 -62.4746 100.0000
4.2353 161 38 -140.0014 -61.1929 100.0000
4.2366 168 31 -140.9980 -68.4561 100.0000
4.2378 163 36 -141.9149 -63.2070 100.0000
4.2391 168 31 -142.8731 -68.7612 100.0000
4.2404 169 30 -143.8999 -69.0664 100.0000
4.2417 170 29 -144.9350 -70.8975 100.0000
4.2429 170 29 -145.9476 -70.7144 100.0000
4.2442 174 25 -146.9945 -74.7427 100.0000
4.2455 171 28 -147.9935 -71.3247 100.0000
4.2468 161 38 -148.8367 -61.1929 100.0000
4.2480 164 35 -149.7259 -64.5498 100.0000
4.2493 172 27 -150.6766 -72.8506 100.0000
4.2506 169 30 -151.5406 -69.1885 100.0000
4.2518 162 37 -152.3077 -62.7188 100.0000
4.2531 167 32 -153.1093 -67.0522 100.0000
4.2543 159 40 -153.8095 -59.6670 100.0000
4.2556 166 33 -154.5284 -66.6250 100.0000
4.2568 153 46 -155.0814 -53.8076 100.0000
4.2580 158 41 -155.6685 -58.4463 100.0000
4.2594 156 43 -156.2623 -56.8594 100.0000
4.2606 162 37 -156.8457 -62.6577 100.0000
4.2619 152 47 -157.2820 -52.0986 100.0000
4.2631 168 31 -157.9097 -68.7612 100.0000
4.2644 156 43 -158.3751 -56.3101 100.0000
4.2657 162 37 -158.8771 -62.0474 100.0000
4.2669 160 39 -159.3227 -60.0332 100.0000
4.2682 159 40 -159.7824 -59.9722 100.0000
4.2695 152 47 -160.1544 -52.4648 100.0000
4.2708 150 49 -160.4424 -50.3286 100.0000
4.2721 150 49 -160.7528 -50.2065 100.0000
4.2734 148 51 -161.0137 -48.0703 100.0000
4.2746 139 60 -161.1426 -39.2202 100.0000
4.2759 143 56 -161.3584 -43.3706 100.0000
4.2772 152 47 -161.6615 -52.3428 100.0000
4.2785 135 64 -161.7513 -35.1919 100.0000
4.2797 140 59 -161.9565 -40.9292 100.0000
4.2810 139 60 -162.1401 -39.4033 100.0000
4.2822 133 66 -162.2555 -33.4219 100.0000
4.2835 148 51 -162.5451 -48.0093 100.0000
4.2848 143 56 -162.8813 -43.9810 100.0000
4.2860 134 65 -163.0857 -34.2153 100.0000
4.2873 130 69 -163.2474 -30.4312 100.0000
4.2886 129 70 -163.3842 -29.1494 100.0000
4.2898 136 63 -163.7268 -36.6567 100.0000
4.2911 132 67 -164.0071 -32.0791 100.0000
4.2923 129 70 -164.2443 -29.0884 100.0000
4.2935 130 69 -164.4890 -30.0649 100.0000
4.2948 137 62 -164.9895 -37.8774 100.0000
4.2961 129 70 -165.3681 -29.6377 100.0000
4.2973 129 70 -165.7327 -29.0884 100.0000
4.2986 129 70 -166.0987 -29.8818 100.0000
4.2999 135 64 -166.6779 -35.8022 100.0000
4.3011 127 72 -167.1446 -27.0742 100.0000
4.3024 136 63 -167.7120 -36.4736 100.0000
4.3037 136 63 -168.2809 -36.9009 100.0000
4.3049 130 69 -168.9015 -30.8584 100.0000
4.3062 134 65 -169.5578 -34.7646 100.0000
4.3074 136 63 -170.2278 -36.3516 100.0000
4.3087 129 70 -170.8031 -29.8208 100.0000
4.3100 127 72 -171.4624 -27.5015 100.0000
4.3112 130 69 -172.1502 -30.9805 100.0000
4.3125 132 67 -172.8504 -32.7505 100.0000
4.3138 129 70 -173.4949 -29.3325 100.0000
4.3151 135 64 -174.3170 -35.4971 100.0000
4.3164 124 75 -174.9787 -24.6938 100.0000
4.3176 137 62 -175.7903 -37.3892 100.0000
4.3189 133 66 -176.5359 -33.9102 100.0000
4.3202 135 64 -177.3722 -35.3750 100.0000
4.3215 128 71 -178.0932 -28.2949 100.0000
4.3228 131 68 -178.8422 -31.4688 100.0000
4.3240 135 64 -179.6256 -35.0698 100.0000
4.3253 126 73 -180.3241 -26.0977 100.0000
4.3266 125 74 -181.0148 -25.4263 100.0000
4.3279 136 63 -181.8159 -36.2905 100.0000
4.3291 138 61 -182.6076 -38.7930 100.0000
4.3304 134 65 -183.3978 -34.7036 100.0000
4.3317 125 74 -184.0707 -25.8535 100.0000
4.3330 129 70 -184.7711 -29.2104 100.0000
4.3342 129 70 -185.4835 -29.3325 100.0000
4.3356 134 65 -186.2567 -34.2153 100.0000
4.3368 133 66 -186.9916 -33.4829 100.0000
4.3381 120 79 -187.5613 -20.6655 100.0000
4.3394 126 73 -188.2204 -26.5859 100.0000
4.3407 126 73 -188.8751 -26.4028 100.0000
4.3419 130 69 -189.5544 -30.6753 100.0000
4.3432 131 68 -190.2338 -31.1025 100.0000
4.3445 135 64 -191.0034 -35.6191 100.0000
4.3457 132 67 -191.7098 -32.0791 100.0000
4.3470 125 74 -192.3200 -25.4263 100.0000
4.3483 129 70 -192.9804 -29.3325 100.0000
4.3495 130 69 -193.6790 -30.1870 100.0000
4.3508 135 64 -194.4449 -35.9243 100.0000
4.3521 120 79 -194.9976 -20.8486 100.0000
4.3534 126 73 -195.6118 -26.0366 100.0000
4.3547 129 70 -196.2860 -29.3936 100.0000
4.3560 123 76 -196.8855 -23.7783 100.0000
4.3572 128 71 -197.5294 -28.6611 100.0000
4.3585 127 72 -198.1390 -27.3184 100.0000
4.3598 125 74 -198.7535 -25.7925 100.0000
4.3611 130 69 -199.4108 -30.5532 100.0000
4.3623 132 67 -200.0816 -32.9336 100.0000
4.3636 131 68 -200.7173 -31.4077 100.0000
4.3648 133 66 -201.3830 -33.9102 100.0000
4.3661 129 70 -201.9832 -29.4546 100.0000
4.3674 130 69 -202.5761 -30.0649 100.0000
4.3686 131 68 -203.1844 -31.7739 100.0000
4.3699 122 77 -203.6607 -22.9849 100.0000
4.3712 125 74 -204.1624 -25.5483 100.0000
4.3725 134 65 -204.7618 -34.2764 100.0000
4.3737 114 85 -205.1528 -14.9893 100.0000
4.3750 129 70 -205.6485 -29.3325 100.0000
4.3763 127 72 -206.1160 -27.7456 100.0000
4.3776 125 74 -206.5466 -25.3042 100.0000
4.3788 124 75 -206.9769 -24.1445 100.0000
4.3801 131 68 -207.4200 -31.1636 100.0000
4.3813 135 64 -207.9062 -35.9854 100.0000
4.3826 125 74 -208.2619 -25.3042 100.0000
4.3839 127 72 -208.5985 -27.9287 100.0000
4.3852 124 75 -208.8925 -24.5107 100.0000
4.3864 126 73 -209.2007 -26.2197 100.0000
4.3877 119 80 -209.4122 -19.3838 100.0000
4.3890 114 85 -209.5190 -14.3179 100.0000
4.3903 123 76 -209.7392 -23.5952 100.0000
4.3915 116 83 -209.8586 -16.0879 100.0000
4.3928 124 75 -210.0775 -24.5107 100.0000
4.3941 123 76 -210.2469 -23.2900 100.0000
4.3954 122 77 -210.3985 -22.6187 100.0000
4.3966 118 81 -210.5011 -18.8955 100.0000
4.3979 117 82 -210.5892 -17.9800 100.0000
4.3991 115 84 -210.6219 -15.2334 100.0000
4.4004 120 79 -210.7102 -20.0552 100.0000
4.4017 116 83 -210.7550 -16.3931 100.0000
4.4029 111 88 -210.7430 -11.9985 100.0000
4.4042 115 84 -210.7784 -15.5996 100.0000
4.4055 129 70 -210.9846 -29.0884 100.0000
4.4067 119 80 -211.0704 -19.9941 100.0000
4.4080 113 86 -211.0750 -13.7686 100.0000
4.4093 115 84 -211.1517 -15.7827 100.0000
4.4105 120 79 -211.2771 -20.2383 100.0000
4.4118 115 84 -211.3478 -15.7827 100.0000
4.4131 117 82 -211.4430 -17.9800 100.0000
4.4144 116 83 -211.6050 -16.7593 100.0000
4.4157 118 81 -211.7867 -18.7124 100.0000
4.4169 121 78 -212.0051 -21.7642 100.0000
4.4182 120 79 -212.1919 -20.0552 100.0000
4.4195 115 84 -212.4362 -15.3555 100.0000
4.4207 118 81 -212.7070 -18.5903 100.0000
4.4220 116 83 -212.9567 -16.9424 100.0000
4.4232 113 86 -213.3018 -13.8906 100.0000
4.4245 121 78 -213.7174 -21.4590 100.0000
4.4258 121 78 -214.1230 -21.3979 100.0000
4.4270 118 81 -214.4887 -18.8345 100.0000
4.4283 115 84 -214.9598 -15.9048 100.0000
4.4296 119 80 -215.4419 -19.5669 100.0000
4.4309 126 73 -216.0155 -26.9521 100.0000
4.4322 126 73 -216.5658 -26.7690 100.0000
4.4335 114 85 -217.0452 -14.4399 100.0000
4.4347 123 76 -217.6325 -23.5342 100.0000
4.4360 132 67 -218.3172 -32.9946 100.0000
4.4373 125 74 -218.8985 -25.5483 100.0000
4.4385 125 74 -219.5467 -25.7314 100.0000
4.4398 128 71 -220.2158 -28.4170 100.0000
4.4411 130 69 -220.8984 -30.5532 100.0000
4.4424 124 75 -221.4889 -24.6938 100.0000
4.4436 134 65 -222.2362 -34.7646 100.0000
4.4449 128 71 -222.8850 -28.0508 100.0000
4.4462 133 66 -223.5862 -33.4829 100.0000
4.4474 129 70 -224.2211 -29.3325 100.0000
4.4487 126 73 -224.8011 -26.1587 100.0000
4.4500 130 69 -225.4245 -30.9805 100.0000
4.4512 124 75 -225.9506 -24.4497 100.0000
4.4525 129 70 -226.5335 -29.0884 100.0000
4.4538 132 67 -227.0888 -32.5063 100.0000
4.4551 124 75 -227.5319 -24.5718 100.0000
4.4564 130 69 -228.0467 -30.6143 100.0000
4.4577 127 72 -228.5119 -27.5015 100.0000
4.4590 127 72 -228.8811 -27.4404 100.0000
4.4602 119 80 -229.1422 -19.6890 100.0000
4.4615 125 74 -229.4639 -25.6094 100.0000
4.4628 124 75 -229.7665 -24.3276 100.0000
4.4640 107 92 -229.7524 -7.0547 100.0000
4.4653 113 86 -229.8161 -13.4023 100.0000
4.4665 117 82 -229.9310 -17.3086 100.0000
4.4678 125 74 -230.1462 -25.4263 100.0000
4.4691 118 81 -230.1873 -18.2852 100.0000
4.4704 112 87 -230.1521 -12.4258 100.0000
4.4717 114 85 -230.1476 -14.5620 100.0000
4.4729 113 86 -230.0752 -13.1582 100.0000
4.4742 106 93 -229.9226 -6.2612 100.0000
4.4755 108 91 -229.7986 -8.2754 100.0000
4.4768 111 88 -229.7137 -11.0830 100.0000
4.4781 110 89 -229.6278 -10.4116 100.0000
4.4793 109 90 -229.5355 -9.8013 100.0000
4.4806 113 86 -229.4948 -13.8906 100.0000
4.4819 109 90 -229.3939 -9.0078 100.0000
4.4832 113 86 -229.3969 -13.1582 100.0000
4.4844 112 87 -229.3947 -12.7310 100.0000
4.4857 117 82 -229.4463 -17.0034 100.0000
4.4870 100 99 -229.2891 -0.3408 100.0000
4.4883 97 102 -229.1918 2.7109 100.0000
4.4895 113 86 -229.3014 -13.6465 100.0000
4.4908 113 86 -229.4068 -13.4023 100.0000
4.4921 107 92 -229.4375 -7.7261 100.0000
4.4933 101 98 -229.5104 -1.6226 100.0000
4.4946 113 86 -229.7281 -13.4634 100.0000
4.4959 115 84 -229.9643 -15.2944 100.0000
4.4971 108 91 -230.1125 -8.5806 100.0000
4.4984 113 86 -230.4350 -13.4634 100.0000
4.4997 113 86 -230.7542 -13.7075 100.0000
4.5009 111 88 -231.0400 -11.5103 100.0000
4.5022 113 86 -231.3424 -13.3413 100.0000
4.5034 118 81 -231.7993 -18.3462 100.0000
4.5047 115 84 -232.2142 -15.6606 100.0000
4.5060 111 88 -232.5667 -11.3271 100.0000
4.5072 114 85 -232.9549 -14.7451 100.0000
4.5085 109 90 -233.3183 -9.0688 100.0000
4.5097 108 91 -233.6687 -8.6416 100.0000
4.5110 111 88 -234.0494 -11.6934 100.0000
4.5122 109 90 -234.4000 -9.8623 100.0000
4.5135 110 89 -234.7727 -10.4727 100.0000
4.5148 114 85 -235.1930 -14.9282 100.0000
4.5161 108 91 -235.5326 -8.8857 100.0000
4.5173 116 83 -235.9573 -16.5151 100.0000
4.5186 110 89 -236.2783 -10.5337 100.0000
4.5198 112 87 -236.6140 -12.3037 100.0000
4.5211 117 82 -237.0094 -17.2476 100.0000
4.5224 107 92 -237.2744 -7.6650 100.0000
4.5237 116 83 -237.6137 -16.0269 100.0000
4.5249 117 82 -237.9696 -17.8579 100.0000
4.5262 110 89 -238.2241 -10.2896 100.0000
4.5275 108 91 -238.4444 -8.5195 100.0000
4.5288 111 88 -238.6639 -11.0220 100.0000
4.5300 111 88 -238.8878 -11.7544 100.0000
4.5313 111 88 -239.1034 -11.5713 100.0000
4.5325 111 88 -239.3380 -11.4492 100.0000
4.5338 115 84 -239.5721 -15.4775 100.0000
4.5350 108 91 -239.7102 -8.0312 100.0000
4.5362 111 88 -239.8947 -11.9375 100.0000
4.5375 121 78 -240.2293 -21.1538 100.0000
4.5387 118 81 -240.4699 -18.4072 100.0000
4.5400 113 86 -240.6433 -13.2192 100.0000
4.5413 119 80 -240.8906 -19.5059 100.0000
4.5425 109 90 -240.9886 -9.0078 100.0000
4.5438 118 81 -241.2032 -18.5903 100.0000
4.5450 114 85 -241.3596 -14.2568 100.0000
4.5463 111 88 -241.4812 -11.6934 100.0000
4.5476 114 85 -241.5967 -14.0737 100.0000
4.5488 115 84 -241.7253 -15.2944 100.0000
4.5501 114 85 -241.8399 -14.3789 100.0000
4.5513 105 94 -241.8457 -5.7729 100.0000
4.5526 122 77 -242.0173 -22.8628 100.0000
4.5538 114 85 -242.0814 -14.3789 100.0000
4.5551 120 79 -242.2149 -20.1162 100.0000
4.5564 112 87 -242.2551 -12.7310 100.0000
4.5576 114 85 -242.2635 -14.3789 100.0000
4.5589 105 94 -242.1629 -5.5898 100.0000
4.5601 116 83 -242.2031 -16.8203 100.0000
4.5614 116 83 -242.2410 -16.6982 100.0000
4.5627 113 86 -242.1973 -13.5244 100.0000
4.5639 110 89 -242.1143 -10.2896 100.0000
4.5652 116 83 -242.1127 -16.7593 100.0000
4.5664 115 84 -242.0909 -15.1113 100.0000
4.5677 117 82 -242.0831 -17.8579 100.0000
4.5690 121 78 -242.1263 -21.9473 100.0000
4.5702 120 79 -242.1494 -20.4824 100.0000
4.5715 120 79 -242.1704 -20.3604 100.0000
4.5727 116 83 -242.1523 -16.9424 100.0000
4.5740 115 84 -242.1181 -15.5996 100.0000
4.5752 107 92 -241.9895 -7.8481 100.0000
4.5765 112 87 -241.9179 -12.3037 100.0000
4.5777 109 90 -241.8463 -9.5571 100.0000
4.5790 118 81 -241.8891 -18.7124 100.0000
4.5802 119 80 -241.9367 -19.2007 100.0000
4.5815 110 89 -241.8708 -10.0454 100.0000
4.5828 117 82 -241.9520 -17.4917 100.0000
4.5840 116 83 -242.0246 -16.9424 100.0000
4.5853 108 91 -241.9945 -8.7026 100.0000
4.5865 113 86 -242.0264 -13.7075 100.0000
4.5878 114 85 -242.1290 -14.6841 100.0000
4.5890 106 93 -242.1306 -6.6274 100.0000
4.5903 112 87 -242.2014 -12.3037 100.0000
4.5915 106 93 -242.2015 -6.6274 100.0000
4.5928 109 90 -242.2869 -9.0078 100.0000
4.5940 103 96 -242.3020 -3.3926 100.0000
4.5953 113 86 -242.4393 -13.3413 100.0000
4.5965 111 88 -242.5474 -11.2051 100.0000
4.5978 106 93 -242.6363 -6.5054 100.0000
4.5991 112 87 -242.8010 -12.4868 100.0000
4.6003 110 89 -242.9318 -10.3506 100.0000
4.6016 107 92 -243.0272 -7.6650 100.0000
4.6028 109 90 -243.1716 -9.6792 100.0000
4.6041 106 93 -243.2765 -6.6885 100.0000
4.6054 114 85 -243.4737 -14.3789 100.0000
4.6066 107 92 -243.5771 -7.0547 100.0000
4.6079 105 94 -243.6644 -5.1016 100.0000
4.6091 113 86 -243.8528 -13.4023 100.0000
4.6104 106 93 -243.9579 -6.9937 100.0000
4.6116 108 91 -244.0758 -8.2144 100.0000
4.6129 109 90 -244.2166 -9.1299 100.0000
4.6141 105 94 -244.3152 -5.8950 100.0000
4.6154 110 89 -244.4646 -10.2285 100.0000
4.6166 108 91 -244.5881 -8.3364 100.0000
4.6179 107 92 -244.7152 -7.2378 100.0000
4.6192 109 90 -244.8693 -9.6182 100.0000
4.6204 112 87 -245.0533 -12.3037 100.0000
4.6217 114 85 -245.2865 -14.1958 100.0000
4.6229 109 90 -245.4598 -9.6792 100.0000
4.6242 113 86 -245.6767 -13.5244 100.0000
4.6254 105 94 -245.7912 -5.5288 100.0000
4.6267 106 93 -245.9449 -6.3223 100.0000
4.6279 103 96 -246.0681 -3.1484 100.0000
4.6292 104 95 -246.2004 -4.1250 100.0000
4.6304 115 84 -246.4738 -15.9658 100.0000
4.6316 109 90 -246.6834 -9.4961 100.0000
4.6329 105 94 -246.8640 -5.9561 100.0000
4.6341 105 94 -247.0299 -5.0405 100.0000
4.6353 106 93 -247.2064 -6.2002 100.0000
4.6366 112 87 -247.4761 -12.8530 100.0000
4.6378 117 82 -247.8110 -17.3696 100.0000
4.6391 113 86 -248.0991 -13.5854 100.0000
4.6403 110 89 -248.3432 -10.6558 100.0000
4.6416 109 90 -248.5699 -9.1299 100.0000
4.6428 113 86 -248.8527 -13.4023 100.0000
4.6441 118 81 -249.1875 -18.1021 100.0000
4.6453 109 90 -249.4077 -9.3130 100.0000
4.6466 109 90 -249.6209 -9.2520 100.0000
4.6478 111 88 -249.8596 -11.3271 100.0000
4.6491 106 93 -250.0339 -6.4443 100.0000
4.6504 114 85 -250.3005 -14.2568 100.0000
4.6516 111 88 -250.5114 -11.3271 100.0000
4.6529 109 90 -250.6957 -9.4961 100.0000
4.6541 112 87 -250.9172 -12.8530 100.0000
4.6554 106 93 -251.0549 -6.3833 100.0000
4.6566 100 99 -251.0864 -0.2188 100.0000
4.6579 111 88 -251.2605 -11.8765 100.0000
4.6591 116 83 -251.4846 -16.0879 100.0000
4.6604 117 82 -251.7188 -17.3696 100.0000
4.6617 117 82 -251.8882 -17.3086 100.0000
4.6629 115 84 -252.0284 -15.2334 100.0000
4.6642 113 86 -252.1499 -13.9517 100.0000
4.6654 117 82 -252.3175 -17.8579 100.0000
4.6667 119 80 -252.4336 -19.9331 100.0000
4.6679 103 96 -252.3398 -3.0264 100.0000
4.6692 105 94 -252.2832 -5.8950 100.0000
4.6704 111 88 -252.2972 -11.5713 100.0000
4.6717 116 83 -252.2902 -16.5151 100.0000
4.6729 111 88 -252.2178 -11.2051 100.0000
4.6742 107 92 -252.1012 -7.4819 100.0000
4.6755 112 87 -252.0490 -12.5479 100.0000
4.6767 109 90 -251.8900 -9.3130 100.0000
4.6780 104 95 -251.6731 -4.3691 100.0000
4.6792 106 93 -251.4834 -6.2002 100.0000
4.6805 108 91 -251.3197 -8.0312 100.0000
4.6817 112 87 -251.1811 -12.1816 100.0000
4.6830 110 89 -251.0190 -10.0454 100.0000
4.6842 106 93 -250.8158 -6.4443 100.0000
4.6855 98 101 -250.5168 1.6733 100.0000
4.6867 105 94 -250.3174 -5.8340 100.0000
4.6880 109 90 -250.1720 -9.9233 100.0000
4.6893 108 91 -250.0176 -8.7637 100.0000
4.6905 103 96 -249.8034 -3.8198 100.0000
4.6918 104 95 -249.6318 -4.1860 100.0000
4.6930 105 94 -249.4786 -5.4067 100.0000
4.6943 94 105 -249.1899 5.8848 100.0000
4.6955 105 94 -249.0456 -5.4067 100.0000
4.6968 103 96 -248.9416 -3.8809 100.0000
4.6980 95 104 -248.7334 4.7861 100.0000
4.6993 104 95 -248.6427 -4.4302 100.0000
4.7006 99 100 -248.4945 0.3916 100.0000
4.7018 93 106 -248.3535 6.0068 100.0000
4.7031 98 101 -248.2708 1.4902 100.0000
4.7043 92 107 -248.1139 7.6548 100.0000
4.7056 100 99 -248.0660 -0.9512 100.0000
4.7068 98 101 -248.0703 1.3682 100.0000
4.7081 96 103 -248.0446 3.8096 100.0000
4.7093 97 102 -248.0306 2.8940 100.0000
4.7106 100 99 -248.0574 -0.4019 100.0000
4.7118 100 99 -248.1703 -0.8901 100.0000
4.7131 90 109 -248.1530 9.5469 100.0000
4.7143 90 109 -248.1360 9.5469 100.0000
4.7156 96 103 -248.1941 3.4434 100.0000
4.7168 94 105 -248.2891 5.7627 100.0000
4.7181 98 101 -248.4391 1.1240 100.0000
4.7194 96 103 -248.5622 3.0771 100.0000
4.7206 99 100 -248.7120 0.6968 100.0000
4.7219 95 104 -248.8511 4.7251 100.0000
4.7231 104 95 -249.0954 -4.0640 100.0000
4.7244 98 101 -249.2636 1.7344 100.0000
4.7256 102 97 -249.4749 -2.0498 100.0000
4.7269 100 99 -249.6848 -0.2798 100.0000
4.7281 86 113 -249.7218 13.4531 100.0000
4.7294 98 101 -249.9102 1.0630 100.0000
4.7306 102 97 -250.1376 -2.4160 100.0000
4.7319 98 101 -250.3195 1.9785 100.0000
4.7331 106 93 -250.5959 -6.0171 100.0000
4.7344 96 103 -250.7559 3.0161 100.0000
4.7357 92 107 -250.8535 7.8379 100.0000
4.7369 99 100 -251.0416 0.5747 100.0000
4.7382 104 95 -251.2896 -4.6133 100.0000
4.7394 106 93 -251.5609 -6.9937 100.0000
4.7406 109 90 -251.8552 -9.4351 100.0000
4.7418 99 100 -252.0302 0.5747 100.0000
4.7431 94 105 -252.1384 5.8237 100.0000
4.7443 98 101 -252.2923 1.8564 100.0000
4.7455 97 102 -252.4373 2.3447 100.0000
4.7468 101 98 -252.6230 -1.3174 100.0000
4.7480 98 101 -252.7735 1.3071 100.0000
4.7492 95 104 -252.8809 4.6030 100.0000
4.7505 100 99 -253.0528 -0.8901 100.0000
4.7517 110 89 -253.3505 -10.6558 100.0000
4.7530 106 93 -253.5948 -6.8105 100.0000
4.7543 102 97 -253.7860 -2.9043 100.0000
4.7555 103 96 -253.9757 -3.0874 100.0000
4.7568 111 88 -254.2695 -11.3882 100.0000
4.7580 100 99 -254.4291 -0.9512 100.0000
4.7593 109 90 -254.6891 -9.4961 100.0000
4.7605 104 95 -254.8927 -4.4302 100.0000
4.7617 107 92 -255.1255 -7.1768 100.0000
4.7629 98 101 -255.2472 1.6733 100.0000
4.7642 104 95 -255.4391 -4.3691 100.0000
4.7654 103 96 -255.6162 -3.4536 100.0000
4.7666 100 99 -255.7609 -0.2798 100.0000
4.7679 103 96 -255.9453 -3.8198 100.0000
4.7691 100 99 -256.0850 -0.4019 100.0000
4.7704 99 100 -256.2068 0.8188 100.0000
4.7716 88 111 -256.1995 11.2559 100.0000
4.7729 97 102 -256.3055 2.0396 100.0000
4.7741 97 102 -256.4004 2.7720 100.0000
4.7754 99 100 -256.5168 0.6357 100.0000
4.7766 103 96 -256.6848 -3.8198 100.0000
4.7779 103 96 -256.8414 -3.1484 100.0000
4.7792 104 95 -257.0087 -4.2471 100.0000
4.7805 96 103 -257.0800 3.6875 100.0000
4.7817 96 103 -257.1366 3.6875 100.0000
4.7831 93 106 -257.1553 6.4951 100.0000
4.7844 96 103 -257.2129 3.4434 100.0000
4.7856 95 104 -257.2520 4.4199 100.0000
4.7869 94 105 -257.2741 5.7627 100.0000
4.7881 96 103 -257.3202 3.7485 100.0000
4.7894 100 99 -257.4182 -0.5239 100.0000
4.7907 101 98 -257.5170 -1.5615 100.0000
4.7919 99 100 -257.5867 0.6357 100.0000
4.7932 97 102 -257.6339 2.3447 100.0000
4.7944 101 98 -257.7253 -1.3174 100.0000
4.7957 102 97 -257.8134 -2.5381 100.0000
4.7970 89 110 -257.7394 10.4624 100.0000
4.7982 91 108 -257.6917 8.4482 100.0000
4.7995 102 97 -257.7797 -2.4160 100.0000
4.8008 102 97 -257.8492 -2.7822 100.0000
4.8020 100 99 -257.8879 -0.4019 100.0000
4.8033 93 106 -257.8431 6.3120 100.0000
4.8045 106 93 -257.9548 -6.3223 100.0000
4.8058 102 97 -257.9872 -2.1108 100.0000
4.8071 101 98 -258.0145 -1.7446 100.0000
4.8083 100 99 -258.0291 -0.7681 100.0000
4.8096 99 100 -258.0291 0.3916 100.0000
4.8108 101 98 -258.0369 -1.6226 100.0000
4.8121 94 105 -257.9529 5.8237 100.0000
4.8133 96 103 -257.9050 3.0161 100.0000
4.8146 100 99 -257.8965 -0.0967 100.0000
4.8159 99 100 -257.8816 0.2695 100.0000
4.8171 98 101 -257.8497 1.6733 100.0000
4.8184 93 106 -257.7552 6.8003 100.0000
4.8196 84 115 -257.5574 15.6504 100.0000
4.8209 93 106 -257.4811 6.2510 100.0000
4.8221 99 100 -257.4766 0.5747 100.0000
4.8234 103 96 -257.5165 -3.0264 100.0000
4.8247 94 105 -257.4458 5.8237 100.0000
4.8259 87 112 -257.3146 12.7817 100.0000
4.8272 92 107 -257.2526 7.2886 100.0000
4.8285 95 104 -257.2263 4.4199 100.0000
4.8298 96 103 -257.2080 3.9927 100.0000
4.8311 95 104 -257.2087 4.8472 100.0000
4.8323 98 101 -257.2501 1.6733 100.0000
4.8336 102 97 -257.3473 -2.7822 100.0000
4.8349 102 97 -257.4272 -2.2329 100.0000
4.8362 95 104 -257.4648 4.0537 100.0000
4.8375 96 103 -257.5091 3.3823 100.0000
4.8388 96 103 -257.5479 3.8096 100.0000
4.8400 97 102 -257.5952 2.7720 100.0000
4.8413 92 107 -257.5997 7.7158 100.0000
4.8426 90 109 -257.5798 9.6689 100.0000
4.8438 97 102 -257.6462 2.7720 100.0000
4.8451 94 105 -257.6582 5.7017 100.0000
4.8464 100 99 -257.7453 -0.4019 100.0000
4.8476 102 97 -257.8524 -2.1719 100.0000
4.8489 101 98 -257.9507 -1.6226 100.0000
4.8501 99 100 -257.9746 0.1475 100.0000
4.8514 98 101 -257.9816 1.4902 100.0000
4.8527 97 102 -257.9695 2.9551 100.0000
4.8539 105 94 -258.0646 -5.5898 100.0000
4.8552 97 102 -257.9641 2.5278 100.0000
4.8565 95 104 -257.8423 4.4199 100.0000
4.8577 92 107 -257.6879 7.2886 100.0000
4.8590 95 104 -257.5738 4.1758 100.0000
4.8603 92 107 -257.3041 7.9600 100.0000
4.8615 94 105 -257.0735 5.5186 100.0000
4.8628 104 95 -256.9704 -4.4302 100.0000
4.8641 107 92 -256.9048 -7.1768 100.0000
4.8654 103 96 -256.6819 -3.5757 100.0000
4.8666 95 104 -256.3630 4.4810 100.0000
4.8679 101 98 -256.1236 -1.3784 100.0000
4.8692 102 97 -255.9000 -2.2939 100.0000
4.8704 94 105 -255.4941 5.1523 100.0000
4.8717 99 100 -255.1516 0.6357 100.0000
4.8729 103 96 -254.8711 -3.8198 100.0000
4.8742 94 105 -254.4766 5.8237 100.0000
4.8755 100 99 -254.0907 -0.0967 100.0000
4.8768 92 107 -253.6128 7.8379 100.0000
4.8781 106 93 -253.3241 -6.5054 100.0000
4.8794 102 97 -252.9868 -2.1719 100.0000
4.8806 99 100 -252.5650 0.9409 100.0000
4.8819 104 95 -252.2203 -4.5522 100.0000
4.8832 101 98 -251.8424 -1.3784 100.0000
4.8844 96 103 -251.4123 3.4434 100.0000
4.8857 98 101 -250.9863 1.6123 100.0000
4.8870 98 101 -250.5770 1.0020 100.0000
4.8883 96 103 -250.1403 3.8096 100.0000
4.8895 108 91 -249.8384 -8.2754 100.0000
4.8908 93 106 -249.3814 6.3120 100.0000
4.8921 89 110 -248.8828 10.3403 100.0000
4.8934 99 100 -248.5184 0.3916 100.0000
4.8946 93 106 -248.1062 6.6782 100.0000
4.8959 95 104 -247.7241 4.9082 100.0000
4.8972 95 104 -247.3524 4.5420 100.0000
4.8985 100 99 -247.0555 -0.7070 100.0000
4.8998 89 110 -246.6638 10.7676 100.0000
4.9010 85 114 -246.2395 14.0635 100.0000
4.9023 96 103 -245.9557 3.4434 100.0000
4.9035 91 108 -245.6227 8.0210 100.0000
4.9048 92 107 -245.3405 7.6548 100.0000
4.9060 90 109 -245.0434 9.4248 100.0000
4.9073 80 119 -244.6194 19.3735 100.0000
4.9086 93 106 -244.3691 6.4951 100.0000
4.9099 90 109 -244.1083 9.3638 100.0000
4.9112 86 113 -243.7975 13.8804 100.0000
4.9124 85 114 -243.4900 14.0635 100.0000
4.9137 83 116 -243.1567 16.6880 100.0000
4.9150 79 120 -242.7841 20.0449 100.0000
4.9163 77 122 -242.3750 22.4253 100.0000
4.9176 72 127 -241.9171 27.9185 100.0000
4.9188 87 112 -241.6629 12.4766 100.0000
4.9201 85 114 -241.3783 14.1245 100.0000
4.9214 75 124 -240.9679 24.6226 100.0000
4.9226 81 118 -240.6469 18.0308 100.0000
4.9239 79 120 -240.2995 20.1060 100.0000
4.9252 79 120 -239.9738 20.3501 100.0000
4.9265 85 114 -239.7382 14.0024 100.0000
4.9278 80 119 -239.4384 19.0073 100.0000
4.9291 78 121 -239.1202 21.4487 100.0000
4.9304 89 110 -238.9875 10.3403 100.0000
4.9316 84 115 -238.7879 15.9556 100.0000
4.9330 84 115 -238.5949 15.2231 100.0000
4.9342 82 117 -238.5312 17.6035 100.0000
4.9356 72 127 -238.2748 27.3081 100.0000
4.9368 82 117 -238.1615 17.2373 100.0000
4.9381 88 111 -238.1207 11.5000 100.0000
4.9393 87 112 -238.1637 12.5986 100.0000
4.9406 83 116 -238.1541 16.6270 100.0000
4.9419 80 119 -238.1085 19.3735 100.0000
4.9432 86 113 -238.1334 13.6362 100.0000
4.9445 81 118 -238.1915 18.5190 100.0000
4.9457 86 113 -238.3068 13.5752 100.0000
4.9470 85 114 -238.4105 14.4297 100.0000
4.9483 84 115 -238.4948 15.8945 100.0000
4.9496 92 107 -238.7566 7.5327 100.0000
4.9508 85 114 -238.9228 14.8569 100.0000
4.9521 83 116 -239.0701 16.0776 100.0000
4.9534 91 108 -239.3048 8.8755 100.0000
4.9546 80 119 -239.4523 19.0684 100.0000
4.9559 87 112 -239.6702 12.8428 100.0000
4.9572 84 115 -239.8507 15.5894 100.0000
4.9585 77 122 -239.9437 22.3032 100.0000
4.9598 87 112 -240.1501 12.1104 100.0000
4.9610 85 114 -240.3200 14.9180 100.0000
4.9623 82 117 -240.4498 17.9697 100.0000
4.9636 84 115 -240.5995 15.8335 100.0000
4.9648 78 121 -240.6326 21.5098 100.0000
4.9661 78 121 -240.6635 21.2046 100.0000
4.9674 87 112 -240.8099 12.2324 100.0000
4.9687 82 117 -240.8803 17.7256 100.0000
4.9700 77 122 -240.8032 22.4253 100.0000
4.9712 87 112 -240.8537 12.6597 100.0000
4.9725 82 117 -240.8396 17.7866 100.0000
4.9738 77 122 -240.6475 22.0591 100.0000
4.9750 77 122 -240.4773 22.9136 100.0000
4.9763 83 116 -240.3918 16.0776 100.0000
4.9776 83 116 -240.3055 16.5049 100.0000
4.9789 80 119 -240.0758 19.6177 100.0000
4.9802 79 120 -239.8681 20.7773 100.0000
4.9814 80 119 -239.6788 19.6787 100.0000
4.9827 80 119 -239.4946 19.3125 100.0000
4.9840 79 120 -239.2455 20.8384 100.0000
4.9852 76 123 -238.9730 23.2188 100.0000
4.9865 81 118 -238.7686 18.1528 100.0000
4.9878 75 124 -238.4786 24.9888 100.0000
4.9891 75 124 -238.1858 24.2563 100.0000
4.9904 70 129 -237.8304 29.8716 100.0000
4.9916 72 127 -237.5141 27.6743 100.0000
4.9929 76 123 -237.2455 23.8291 100.0000
4.9942 78 121 -237.0026 21.2656 100.0000
4.9954 74 125 -236.7211 25.3550 100.0000
4.9967 74 125 -236.4299 25.9653 100.0000
4.9980 72 127 -236.1298 27.8574 100.0000
4.9993 74 125 -235.8156 25.1719 100.0000
5.0006 70 129 -235.4817 29.0171 100.0000
5.0019 76 123 -235.2171 23.8291 100.0000
5.0031 72 127 -234.9110 27.5522 100.0000
5.0044 81 118 -234.6725 18.8853 100.0000
5.0057 75 124 -234.3812 24.0732 100.0000
5.0070 68 131 -233.9943 31.2144 100.0000
5.0083 75 124 -233.7110 24.1343 100.0000
5.0095 70 129 -233.3131 29.9326 100.0000
5.0108 71 128 -232.9343 28.6509 100.0000
5.0121 72 127 -232.5707 27.3081 100.0000
5.0134 73 126 -232.2251 26.2095 100.0000
5.0147 70 129 -231.7836 29.9937 100.0000
5.0160 59 140 -231.2429 40.7969 100.0000
5.0173 73 126 -230.8788 26.5757 100.0000
5.0185 71 128 -230.4402 28.1016 100.0000
5.0198 67 132 -229.9663 32.1909 100.0000
5.0211 68 131 -229.5110 31.8857 100.0000
5.0224 65 134 -229.0390 34.2661 100.0000
5.0237 62 137 -228.5099 37.8672 100.0000
5.0250 59 140 -227.9487 40.0645 100.0000
5.0263 61 138 -227.4418 38.0503 100.0000
5.0275 70 129 -227.0543 29.3223 100.0000
5.0289 55 144 -226.4265 44.9473 100.0000
5.0302 68 131 -226.0000 31.7637 100.0000
5.0315 51 148 -225.3867 48.9146 100.0000
5.0328 54 145 -224.8046 45.3745 100.0000
5.0341 60 139 -224.3194 39.1489 100.0000
5.0354 58 141 -223.8130 41.6514 100.0000
5.0367 62 137 -223.3731 37.1348 100.0000
5.0380 56 143 -222.8524 43.0552 100.0000
5.0393 59 140 -222.3690 40.3086 100.0000
5.0406 59 140 -221.9104 40.3696 100.0000
5.0420 55 144 -221.3782 44.6421 100.0000
5.0433 61 138 -220.9882 38.5996 100.0000
5.0445 56 143 -220.5336 43.4824 100.0000
5.0458 67 132 -220.2176 32.3130 100.0000
5.0471 52 147 -219.7249 47.2056 100.0000
5.0484 53 146 -219.2331 46.1680 100.0000
5.0496 65 134 -218.8975 34.2661 100.0000
5.0509 55 144 -218.4430 44.0928 100.0000
5.0522 56 143 -218.0190 43.5435 100.0000
5.0535 61 138 -217.6171 38.7217 100.0000
5.0547 61 138 -217.2347 38.3555 100.0000
5.0560 59 140 -216.8210 40.9800 100.0000
5.0573 61 138 -216.4613 38.4165 100.0000
5.0586 57 142 -215.9748 42.6890 100.0000
5.0599 60 139 -215.5369 39.5762 100.0000
5.0612 59 140 -215.0989 40.7969 100.0000
5.0625 63 136 -214.7176 36.5854 100.0000
5.0637 60 139 -214.2214 39.4541 100.0000
5.0650 62 137 -213.7527 37.9282 100.0000
5.0663 56 143 -213.2348 43.0552 100.0000
5.0676 60 139 -212.7618 39.8203 100.0000
5.0689 65 134 -212.2681 34.6934 100.0000
5.0702 56 143 -211.6744 43.7266 100.0000
5.0714 64 135 -211.1983 35.3647 100.0000
5.0727 66 133 -210.7588 33.0454 100.0000
5.0740 65 134 -210.2346 34.5713 100.0000
5.0753 62 137 -209.6719 37.9282 100.0000
5.0765 62 137 -209.1194 37.3789 100.0000
5.0778 69 130 -208.6712 30.0547 100.0000
5.0791 54 145 -207.9956 45.1304 100.0000
5.0804 52 147 -207.2953 47.2666 100.0000
5.0817 65 134 -206.7761 34.8765 100.0000
5.0829 66 133 -206.2242 33.8389 100.0000
5.0842 67 132 -205.7120 32.9233 100.0000
5.0855 62 137 -205.1473 37.4399 100.0000
5.0867 68 131 -204.6735 31.7026 100.0000
5.0880 56 143 -204.0352 43.4824 100.0000
5.0893 56 143 -203.4161 43.3604 100.0000
5.0906 56 143 -202.8055 43.2993 100.0000
5.0919 57 142 -202.2096 42.3838 100.0000
5.0932 51 148 -201.5398 48.7314 100.0000
5.0944 53 146 -200.9207 46.4731 100.0000
5.0957 46 153 -200.2182 53.5532 100.0000
5.0970 48 151 -199.5656 51.2949 100.0000
5.0983 49 150 -198.8949 50.0132 100.0000
5.0995 51 148 -198.2869 48.3652 100.0000
5.1007 48 151 -197.6588 51.3560 100.0000
5.1020 45 154 -197.0039 54.5298 100.0000
5.1032 53 146 -196.4219 46.4731 100.0000
5.1044 51 148 -195.8274 48.3652 100.0000
5.1057 47 152 -195.1934 52.6377 100.0000
5.1069 46 153 -194.5661 53.0039 100.0000
5.1081 44 155 -193.8940 55.2012 100.0000
5.1094 50 149 -193.2849 49.8911 100.0000
5.1107 44 155 -192.6137 55.9946 100.0000
5.1119 45 154 -191.9689 54.9570 100.0000
5.1132 49 150 -191.3690 50.0742 100.0000
5.1144 53 146 -190.8271 46.4731 100.0000
5.1157 49 150 -190.2507 50.1353 100.0000
5.1170 56 143 -189.7694 43.3604 100.0000
5.1182 51 148 -189.2122 48.8535 100.0000
5.1195 48 151 -188.6009 51.4170 100.0000
5.1208 50 149 -188.0611 49.2808 100.0000
5.1221 51 148 -187.5320 48.1821 100.0000
5.1234 50 149 -186.9848 49.2197 100.0000
5.1248 55 144 -186.5029 44.8252 100.0000
5.1260 51 148 -185.9962 48.9146 100.0000
5.1273 47 152 -185.4639 52.5156 100.0000
5.1286 50 149 -184.9706 49.0366 100.0000
5.1299 54 145 -184.5375 45.9238 100.0000
5.1311 48 151 -184.0381 51.2949 100.0000
5.1324 58 141 -183.6783 41.4072 100.0000
5.1337 49 150 -183.1990 50.5015 100.0000
5.1349 45 154 -182.6926 54.2246 100.0000
5.1362 52 147 -182.2785 47.0225 100.0000
5.1375 53 146 -181.8693 46.5342 100.0000
5.1388 49 150 -181.4214 50.0742 100.0000
5.1400 47 152 -180.9494 52.5767 100.0000
5.1413 58 141 -180.6088 41.8955 100.0000
5.1427 52 147 -180.1708 47.6938 100.0000
5.1440 48 151 -179.7123 51.2949 100.0000
5.1452 45 154 -179.2379 54.5908 100.0000
5.1465 51 148 -178.8332 48.5483 100.0000
5.1478 52 147 -178.4366 47.9990 100.0000
5.1491 38 161 -177.8801 61.3657 100.0000
5.1504 45 154 -177.4161 54.9570 100.0000
5.1516 43 156 -176.9386 56.8491 100.0000
5.1529 45 154 -176.5052 54.9570 100.0000
5.1542 49 150 -176.1241 50.9287 100.0000
5.1554 49 150 -175.7511 50.6235 100.0000
5.1567 45 154 -175.3461 54.4688 100.0000
5.1580 44 155 -174.9602 55.0791 100.0000
5.1592 44 155 -174.5761 55.7505 100.0000
5.1605 41 158 -174.1493 58.1309 100.0000
5.1618 38 161 -173.7137 61.3657 100.0000
5.1631 42 157 -173.3405 57.0933 100.0000
5.1644 38 161 -172.9430 61.6709 100.0000
5.1657 51 148 -172.7116 48.2432 100.0000
5.1669 53 146 -172.5127 46.4121 100.0000
5.1682 49 150 -172.2727 50.9897 100.0000
5.1695 49 150 -172.0540 50.1353 100.0000
5.1707 44 155 -171.7623 55.4453 100.0000
5.1720 46 153 -171.5098 53.4312 100.0000
5.1733 44 155 -171.2020 55.9336 100.0000
5.1746 58 141 -171.0919 41.8955 100.0000
5.1758 50 149 -170.8863 49.2197 100.0000
5.1771 53 146 -170.6673 46.1680 100.0000
5.1784 51 148 -170.4392 48.4873 100.0000
5.1797 52 147 -170.2295 47.9990 100.0000
5.1809 55 144 -170.0651 44.3979 100.0000
5.1822 56 143 -169.8653 43.3604 100.0000
5.1835 53 146 -169.6076 46.9004 100.0000
5.1847 55 144 -169.3757 44.8862 100.0000
5.1860 59 140 -169.2061 40.5527 100.0000
5.1873 63 136 -169.0042 36.0361 100.0000
5.1886 55 144 -168.7040 44.2759 100.0000
5.1899 50 149 -168.3344 49.1587 100.0000
5.1911 57 142 -168.0678 42.8110 100.0000
5.1925 68 131 -167.7856 31.2754 100.0000
5.1938 64 135 -167.4583 35.9141 100.0000
5.1951 66 133 -167.1729 33.4727 100.0000
5.1964 62 137 -166.8539 37.1348 100.0000
5.1976 64 135 -166.3784 35.7310 100.0000
5.1989 72 127 -166.0033 27.8574 100.0000
5.2002 66 133 -165.5702 33.8389 100.0000
5.2015 70 129 -165.1985 29.0171 100.0000
5.2027 73 126 -164.6582 26.1484 100.0000
5.2040 71 128 -164.0898 28.1626 100.0000
5.2053 69 130 -163.5108 30.6650 100.0000
5.2066 72 127 -162.9864 27.2471 100.0000
5.2079 71 128 -162.2364 28.6509 100.0000
5.2092 75 124 -161.5690 24.1953 100.0000
5.2104 80 119 -160.9761 19.7397 100.0000
5.2117 69 130 -160.2458 30.8481 100.0000
5.2130 70 129 -159.3761 29.3223 100.0000
5.2142 75 124 -158.5865 24.8057 100.0000
5.2155 75 124 -157.8234 24.0122 100.0000
5.2167 80 119 -157.1370 19.1294 100.0000
5.2180 73 126 -156.2314 26.1484 100.0000
5.2193 83 116 -155.4738 16.8711 100.0000
5.2206 82 117 -154.7234 17.6646 100.0000
5.2219 75 124 -153.8338 24.3784 100.0000
5.2232 80 119 -153.0116 19.6787 100.0000
5.2244 75 124 -152.1413 24.9888 100.0000
5.2257 78 121 -151.3287 21.6929 100.0000
5.2270 80 119 -150.5200 19.8008 100.0000
5.2283 75 124 -149.6541 24.8057 100.0000
5.2296 81 118 -148.8992 18.2139 100.0000
5.2308 77 122 -148.0987 22.7915 100.0000
5.2321 73 126 -147.2546 26.9419 100.0000
5.2334 70 129 -146.4001 29.4443 100.0000
5.2347 63 136 -145.4587 36.5244 100.0000
5.2360 65 134 -144.5645 34.5713 100.0000
5.2373 71 128 -143.7854 28.5288 100.0000
5.2386 69 130 -142.9906 30.9702 100.0000
5.2398 75 124 -142.3020 24.8057 100.0000
5.2411 70 129 -141.5576 29.8716 100.0000
5.2424 75 124 -140.9178 24.6836 100.0000
5.2436 68 131 -140.2154 31.2144 100.0000
5.2449 70 129 -139.5384 29.9326 100.0000
5.2462 71 128 -138.8909 28.5898 100.0000
5.2475 65 134 -138.2291 34.2661 100.0000
5.2488 62 137 -137.5435 37.6841 100.0000
5.2500 62 137 -136.8761 37.9893 100.0000
5.2513 64 135 -136.2496 35.1206 100.0000
5.2525 59 140 -135.6290 40.8579 100.0000
5.2538 57 142 -134.9893 42.4448 100.0000
5.2551 60 139 -134.4075 39.5151 100.0000
5.2564 64 135 -133.8879 35.4868 100.0000
5.2577 52 147 -133.2540 47.8159 100.0000
5.2590 63 136 -132.8065 36.9517 100.0000
5.2603 59 140 -132.3216 40.7358 100.0000
5.2615 58 141 -131.9532 41.7734 100.0000
5.2628 51 148 -131.4759 48.0601 100.0000
5.2640 56 143 -131.0667 43.1772 100.0000
5.2653 53 146 -130.6241 46.1680 100.0000
5.2666 58 141 -130.3276 41.3462 100.0000
5.2678 55 144 -130.0044 44.1538 100.0000
5.2691 54 145 -129.6481 45.1914 100.0000
5.2703 52 147 -129.3003 47.3887 100.0000
5.2716 62 137 -129.1165 37.9282 100.0000
5.2728 61 138 -128.9259 38.8438 100.0000
5.2740 57 142 -128.6963 42.3838 100.0000
5.2753 58 141 -128.4775 41.8345 100.0000
5.2765 59 140 -128.2950 40.8579 100.0000
5.2777 56 143 -128.0854 43.3604 100.0000
5.2790 50 149 -127.7974 49.2808 100.0000
5.2802 59 140 -127.6237 40.3696 100.0000
5.2815 57 142 -127.4203 42.3838 100.0000
5.2827 57 142 -127.2258 42.0786 100.0000
5.2840 58 141 -127.0459 41.1021 100.0000
5.2853 52 147 -126.7888 47.1445 100.0000
5.2865 51 148 -126.4856 48.9146 100.0000
5.2878 48 151 -126.1572 51.7222 100.0000
5.2891 51 148 -125.8500 48.4873 100.0000
5.2904 59 140 -125.6648 40.0034 100.0000
5.2917 51 148 -125.3156 48.0601 100.0000
5.2930 51 148 -124.9886 48.2432 100.0000
5.2942 51 148 -124.6574 48.4873 100.0000
5.2955 56 143 -124.3949 43.6045 100.0000
5.2968 48 151 -123.9403 51.3560 100.0000
5.2981 54 145 -123.5673 45.2524 100.0000
5.2993 59 140 -123.2595 40.9189 100.0000
5.3006 48 151 -122.8246 51.7222 100.0000
5.3019 45 154 -122.2482 54.4688 100.0000
5.3031 46 153 -121.6930 53.4312 100.0000
5.3044 46 153 -121.1485 53.3091 100.0000
5.3057 47 152 -120.6254 52.8818 100.0000
5.3070 45 154 -119.9329 54.5908 100.0000
5.3083 47 152 -119.2686 52.9429 100.0000
5.3096 47 152 -118.6364 52.5767 100.0000
5.3108 37 162 -117.8966 62.5864 100.0000
5.3121 42 157 -117.1102 57.1543 100.0000
5.3134 43 156 -116.3466 56.9102 100.0000
5.3147 39 160 -115.5548 60.2671 100.0000
5.3159 37 162 -114.6208 62.7695 100.0000
5.3172 38 161 -113.7375 61.0605 100.0000
5.3185 32 167 -112.7981 67.0420 100.0000
5.3198 39 160 -111.9566 60.3281 100.0000
5.3211 47 152 -111.1720 52.1494 100.0000
5.3224 43 156 -110.3522 56.1167 100.0000
5.3236 37 162 -109.4885 62.1592 100.0000
5.3249 40 159 -108.6493 59.8398 100.0000
5.3262 44 155 -107.8337 55.9946 100.0000
5.3274 33 166 -106.9116 66.0044 100.0000
5.3287 42 157 -106.1197 57.0322 100.0000
5.3300 42 157 -105.3308 57.8257 100.0000
5.3312 33 166 -104.3825 66.7368 100.0000
5.3325 38 161 -103.4967 61.3657 100.0000
5.3337 37 162 -102.6416 62.4644 100.0000
5.3350 40 159 -101.8084 59.9619 100.0000
5.3363 45 154 -100.9949 54.6519 100.0000
5.3375 39 160 -100.1281 60.2061 100.0000
5.3387 37 162 -99.2444 62.8916 100.0000
5.3400 38 161 -98.3982 61.6709 100.0000
5.3412 44 155 -97.5309 55.2012 100.0000
5.3425 37 162 -96.5962 62.4033 100.0000
5.3438 40 159 -95.6625 59.5957 100.0000
5.3450 40 159 -94.7799 59.7788 100.0000
5.3463 47 152 -93.8762 52.0273 100.0000
5.3476 39 160 -92.8813 60.4502 100.0000
5.3489 41 158 -91.9215 58.1919 100.0000
5.3502 43 156 -91.0234 56.4219 100.0000
5.3514 44 155 -90.0216 55.3843 100.0000
5.3527 45 154 -89.0645 54.8350 100.0000
5.3540 46 153 -88.1278 53.7974 100.0000
5.3553 43 156 -87.1841 56.2388 100.0000
5.3565 47 152 -86.2284 52.6987 100.0000
5.3578 40 159 -85.2205 59.0464 100.0000
5.3591 55 144 -84.3999 44.5811 100.0000
5.3604 48 151 -83.5139 51.9053 100.0000
5.3616 51 148 -82.6749 48.7314 100.0000
5.3629 51 148 -81.8628 48.3042 100.0000
5.3642 55 144 -81.1123 44.2148 100.0000
5.3654 57 142 -80.4072 42.0786 100.0000
5.3667 57 142 -79.7513 42.0176 100.0000
5.3680 52 147 -79.0376 47.9380 100.0000
5.3693 51 148 -78.3367 48.1211 100.0000
5.3706 61 138 -77.8260 38.7827 100.0000
5.3719 59 140 -77.3253 40.7969 100.0000
5.3731 65 134 -76.9220 34.3271 100.0000
5.3744 60 139 -76.4471 39.0879 100.0000
5.3757 62 137 -76.1066 37.1348 100.0000
5.3770 62 137 -75.7711 37.8062 100.0000
5.3783 70 129 -75.5369 29.3833 100.0000
5.3795 61 138 -75.2149 38.2944 100.0000
5.3808 63 136 -74.9582 36.4634 100.0000
5.3820 62 137 -74.7035 37.5620 100.0000
5.3833 67 132 -74.4944 32.4351 100.0000
5.3846 58 141 -74.1920 41.5903 100.0000
5.3859 59 140 -73.8917 40.3696 100.0000
5.3871 53 146 -73.5319 46.7173 100.0000
5.3884 66 133 -73.3383 33.7778 100.0000
5.3896 57 142 -73.0522 42.2007 100.0000
5.3909 56 143 -72.6877 43.1162 100.0000
5.3921 61 138 -72.3771 38.9048 100.0000
5.3934 47 152 -71.9172 52.1494 100.0000
5.3946 59 140 -71.6115 40.1865 100.0000
5.3958 57 142 -71.1461 42.8110 100.0000
5.3970 54 145 -70.6558 45.7407 100.0000
5.3983 51 148 -70.1276 48.9146 100.0000
5.3996 51 148 -69.6119 48.0601 100.0000
5.4008 47 152 -68.8813 52.2104 100.0000
5.4021 46 153 -68.1446 53.9194 100.0000
5.4033 53 146 -67.5146 46.4731 100.0000
5.4046 52 147 -66.8867 47.3887 100.0000
5.4059 48 151 -66.0545 51.0508 100.0000
5.4071 54 145 -65.3065 45.6187 100.0000
5.4084 46 153 -64.4750 53.5532 100.0000
5.4097 43 156 -63.6161 56.1777 100.0000
5.4109 49 150 -62.7121 50.2573 100.0000
5.4122 44 155 -61.7637 55.5674 100.0000
5.4134 34 165 -60.7115 65.5161 100.0000
5.4147 41 158 -59.7718 58.1919 100.0000
5.4160 39 160 -58.7258 60.0840 100.0000
5.4172 38 161 -57.6839 61.4268 100.0000
5.4185 48 151 -56.7818 51.8442 100.0000
5.4197 37 162 -55.7608 62.8306 100.0000
5.4210 45 154 -54.8182 54.7129 100.0000
5.4223 42 157 -53.8441 57.0933 100.0000
5.4236 49 150 -52.9848 50.9287 100.0000
5.4248 43 156 -52.0743 56.7881 100.0000
5.4261 36 163 -51.0982 63.6851 100.0000
5.4274 39 160 -50.1981 60.6333 100.0000
5.4286 39 160 -49.3155 60.5723 100.0000
5.4299 40 159 -48.4512 59.8398 100.0000
5.4312 38 161 -47.6584 61.9761 100.0000
5.4324 36 163 -46.8650 63.5020 100.0000
5.4337 38 161 -46.1067 61.7930 100.0000
5.4349 36 163 -45.4330 63.8682 100.0000
5.4362 38 161 -44.7986 61.6709 100.0000
5.4375 40 159 -44.2125 59.7788 100.0000
5.4388 49 150 -43.7423 50.8066 100.0000
5.4400 37 162 -43.2587 62.4644 100.0000
5.4413 42 157 -42.8598 57.3984 100.0000
5.4426 47 152 -42.5168 52.8818 100.0000
5.4438 51 148 -42.2557 48.3042 100.0000
5.4451 41 158 -42.0042 58.0088 100.0000
5.4463 54 145 -41.9155 45.0693 100.0000
5.4476 52 147 -41.8021 47.3276 100.0000
5.4488 45 154 -41.5889 54.7739 100.0000
5.4501 45 154 -41.4938 54.0415 100.0000
5.4514 55 144 -41.5243 44.7031 100.0000
5.4527 50 149 -41.4726 49.2808 100.0000
5.4540 56 143 -41.4909 43.5435 100.0000
5.4553 45 154 -41.4302 54.3467 100.0000
5.4566 48 151 -41.4312 51.9663 100.0000
5.4579 55 144 -41.5331 44.3369 100.0000
5.4591 54 145 -41.6216 45.6187 100.0000
5.4604 58 141 -41.7542 41.8955 100.0000
5.4617 53 146 -41.8179 46.4731 100.0000
5.4629 51 148 -41.8672 48.5483 100.0000
5.4642 60 139 -42.0135 39.8203 100.0000
5.4654 57 142 -42.0439 42.6279 100.0000
5.4667 53 146 -42.0272 46.1069 100.0000
5.4680 53 146 -41.9975 46.9004 100.0000
5.4692 60 139 -42.0580 39.9424 100.0000
5.4705 58 141 -41.9177 41.8955 100.0000
5.4718 58 141 -41.7943 41.1021 100.0000
5.4731 51 148 -41.5719 48.5483 100.0000
5.4743 61 138 -41.4928 38.4165 100.0000
5.4756 58 141 -41.1267 41.8955 100.0000
5.4769 56 143 -40.7524 43.9707 100.0000
5.4782 58 141 -40.3949 41.7124 100.0000
5.4795 57 142 -40.0473 42.7500 100.0000
5.4807 59 140 -39.4774 40.2476 100.0000
5.4820 63 136 -38.9656 36.8906 100.0000
5.4833 57 142 -38.3957 42.0176 100.0000
5.4845 55 144 -37.8170 44.1538 100.0000
5.4858 62 137 -37.0750 37.0737 100.0000
5.4871 61 138 -36.3396 38.9658 100.0000
5.4884 65 134 -35.6646 34.5713 100.0000
5.4896 60 139 -34.7564 39.1489 100.0000
5.4909 66 133 -33.9377 33.8389 100.0000
5.4921 61 138 -33.0825 38.3555 100.0000
5.4934 57 142 -32.1860 42.8721 100.0000
5.4946 66 133 -31.2860 33.4727 100.0000
5.4959 53 146 -30.2498 46.7173 100.0000
5.4971 59 140 -29.3129 40.0034 100.0000
5.4984 72 127 -28.5433 27.5522 100.0000
5.4997 64 135 -27.6218 35.1206 100.0000
5.5009 62 137 -26.6849 37.9282 100.0000
5.5022 55 144 -25.6835 44.5200 100.0000
5.5035 58 141 -24.7383 41.0410 100.0000
5.5047 63 136 -23.8575 36.3413 100.0000
5.5059 64 135 -23.0029 35.3647 100.0000
5.5072 55 144 -22.0384 44.7031 100.0000
5.5085 64 135 -21.2052 35.5479 100.0000
5.5098 59 140 -20.3140 40.7969 100.0000
5.5110 70 129 -19.5964 29.1392 100.0000
5.5123 64 135 -18.8109 35.1206 100.0000
5.5136 68 131 -18.0897 31.3975 100.0000
5.5149 59 140 -17.2799 40.1255 100.0000
5.5162 61 138 -16.5075 38.3555 100.0000
5.5174 58 141 -15.7221 41.5903 100.0000
5.5187 63 136 -15.0007 36.5854 100.0000
5.5199 65 134 -14.3412 34.5713 100.0000
5.5212 66 133 -13.7127 33.2896 100.0000
5.5224 67 132 -13.1090 32.3130 100.0000
5.5236 69 130 -12.5366 30.7261 100.0000
5.5249 63 136 -11.8952 36.6465 100.0000
5.5263 58 141 -11.1809 41.1631 100.0000
5.5275 65 134 -10.5974 34.3882 100.0000
5.5288 65 134 -10.0152 34.6934 100.0000
5.5301 72 127 -9.5576 27.4302 100.0000
5.5314 62 137 -8.9906 37.0737 100.0000
5.5327 69 130 -8.5006 30.9702 100.0000
5.5340 61 138 -7.9125 38.7827 100.0000
5.5352 63 136 -7.4025 36.4023 100.0000
5.5365 60 139 -6.8591 39.4541 100.0000
5.5379 65 134 -6.3674 34.2051 100.0000
5.5392 59 140 -5.8393 40.0645 100.0000
5.5405 55 144 -5.2732 44.6421 100.0000
5.5418 60 139 -4.7854 39.4541 100.0000
5.5431 55 144 -4.2335 44.7031 100.0000
5.5443 50 149 -3.6370 49.0366 100.0000
5.5456 46 153 -3.0154 53.2480 100.0000
5.5469 54 145 -2.4911 45.8628 100.0000
5.5482 54 145 -1.9807 45.4966 100.0000
5.5494 52 147 -1.4415 47.2666 100.0000
5.5507 61 138 -1.0248 38.8438 100.0000
5.5520 59 140 -0.5891 40.1255 100.0000
5.5532 53 146 -0.0909 46.8394 100.0000
5.5545 57 142 0.4001 42.9331 100.0000
5.5558 57 142 0.8723 42.8110 100.0000
5.5571 60 139 1.3096 39.6982 100.0000
5.5583 53 146 1.8028 46.4731 100.0000
5.5596 54 145 2.3432 45.4966 100.0000
5.5609 52 147 2.9075 47.2666 100.0000
5.5622 48 151 3.4979 51.3560 100.0000
5.5635 58 141 3.9527 41.5903 100.0000
5.5648 64 135 4.3999 35.4258 100.0000
5.5660 55 144 4.9522 44.4590 100.0000
5.5673 56 143 5.4802 43.6045 100.0000
5.5686 60 139 5.9466 39.1489 100.0000
5.5699 63 136 6.4612 36.0361 100.0000
5.5711 54 145 7.0701 45.4966 100.0000
5.5724 57 142 7.6560 42.7500 100.0000
5.5737 56 143 8.2329 43.8486 100.0000
5.5750 59 140 8.8508 40.7358 100.0000
5.5762 62 137 9.4016 37.0737 100.0000
5.5775 63 136 9.9432 36.5854 100.0000
5.5788 56 143 10.5629 43.2383 100.0000
5.5800 60 139 11.1958 39.1489 100.0000
5.5813 59 140 11.8391 40.9800 100.0000
5.5826 57 142 12.5052 42.8721 100.0000
5.5839 50 149 13.2755 49.8301 100.0000
5.5852 69 130 13.7837 30.6040 100.0000
5.5864 67 132 14.2982 32.3740 100.0000
5.5877 69 130 14.7934 30.4819 100.0000
5.5890 63 136 15.3340 36.2192 100.0000
5.5903 71 128 15.7738 28.5898 100.0000
5.5916 70 129 16.2110 29.2002 100.0000
5.5929 65 134 16.7117 34.6934 100.0000
5.5941 66 133 17.1409 33.9609 100.0000
5.5954 76 123 17.4450 23.9512 100.0000
5.5967 67 132 17.8431 32.3130 100.0000
5.5980 71 128 18.1889 28.3457 100.0000
5.5993 63 136 18.5760 36.2803 100.0000
5.6005 70 129 18.8761 29.6885 100.0000
5.6018 68 131 19.1795 31.1533 100.0000
5.6031 75 124 19.4039 24.8057 100.0000
5.6043 74 125 19.5878 25.1108 100.0000
5.6056 76 123 19.7563 23.5850 100.0000
5.6069 64 135 20.0776 35.8530 100.0000
5.6082 66 133 20.3542 33.7168 100.0000
5.6095 75 124 20.5148 24.1953 100.0000
5.6107 67 132 20.7741 32.9844 100.0000
5.6120 72 127 20.9643 27.3691 100.0000
5.6133 71 128 21.1507 28.2847 100.0000
5.6146 70 129 21.4055 29.2002 100.0000
5.6158 78 121 21.5576 21.2656 100.0000
5.6171 74 125 21.7551 25.3550 100.0000
5.6183 78 121 21.9049 21.7539 100.0000
5.6196 78 121 22.1569 21.4487 100.0000
5.6209 70 129 22.5091 29.6274 100.0000
5.6222 70 129 22.8566 29.8716 100.0000
5.6234 70 129 23.3261 29.0781 100.0000
5.6247 74 125 23.7505 25.5381 100.0000
5.6260 73 126 24.1696 26.3315 100.0000
5.6273 73 126 24.5882 26.1484 100.0000
5.6286 75 124 25.1356 24.8057 100.0000
5.6299 67 132 25.7528 32.0688 100.0000
5.6311 83 116 26.1713 16.9321 100.0000
5.6324 69 130 26.7433 30.1768 100.0000
5.6337 69 130 27.4478 30.3599 100.0000
5.6349 74 125 28.0799 25.9043 100.0000
5.6362 69 130 28.7604 30.5430 100.0000
5.6375 67 132 29.4445 32.4351 100.0000
5.6387 70 129 30.1754 29.5054 100.0000
5.6400 74 125 30.8479 25.6602 100.0000
5.6413 77 122 31.4672 22.8525 100.0000
5.6426 77 122 32.0678 22.3643 100.0000
5.6438 66 133 32.8479 33.5947 100.0000
5.6451 63 136 33.6555 36.8906 100.0000
5.6464 80 119 34.2301 19.5566 100.0000
5.6476 65 134 34.9791 34.6934 100.0000
5.6489 64 135 35.7720 35.8530 100.0000
5.6502 67 132 36.5228 32.9844 100.0000
5.6515 68 131 37.2307 31.5806 100.0000
5.6528 65 134 37.9621 34.3882 100.0000
5.6540 67 132 38.6926 32.4351 100.0000
5.6553 66 133 39.4163 33.0454 100.0000
5.6566 64 135 40.1600 35.7920 100.0000
5.6579 67 132 40.8434 32.2520 100.0000
5.6591 52 147 41.7621 47.6328 100.0000
5.6604 60 139 42.5626 39.4541 100.0000
5.6617 63 136 43.2954 36.3413 100.0000
5.6630 62 137 44.0427 37.9282 100.0000
5.6642 63 136 44.8027 36.4023 100.0000
5.6655 62 137 45.5612 37.0127 100.0000
5.6668 56 143 46.3785 43.4824 100.0000
5.6681 58 141 47.1994 41.8955 100.0000
5.6694 61 138 47.9581 38.3555 100.0000
5.6706 56 143 48.7675 43.6045 100.0000
5.6719 46 153 49.6700 53.0649 100.0000
5.6732 60 139 50.3819 39.0879 100.0000
5.6745 55 144 51.1443 44.8862 100.0000
5.6757 60 139 51.8226 39.2100 100.0000
5.6770 58 141 52.5042 41.1631 100.0000
5.6783 59 140 53.1203 40.7969 100.0000
5.6796 52 147 53.8049 47.5107 100.0000
5.6809 57 142 54.4273 42.1396 100.0000
5.6822 60 139 54.9909 39.9424 100.0000
5.6834 61 138 55.4181 38.3555 100.0000
5.6847 58 141 55.8778 41.9565 100.0000
5.6859 60 139 56.2874 39.6982 100.0000
5.6872 61 138 56.6784 38.5386 100.0000
5.6885 57 142 57.0089 42.6890 100.0000
5.6898 59 140 57.3071 40.7969 100.0000
5.6910 61 138 57.5669 38.6606 100.0000
5.6923 67 132 57.7341 32.2520 100.0000
5.6936 67 132 57.7792 32.0688 100.0000
5.6948 69 130 57.7939 30.6040 100.0000
5.6961 72 127 57.7704 27.5522 100.0000
5.6974 54 145 57.9753 45.9238 100.0000
5.6986 64 135 57.9579 35.7920 100.0000
5.6999 63 136 57.9521 36.6465 100.0000
5.7011 63 136 57.9486 36.9517 100.0000
5.7024 68 131 57.8758 31.5806 100.0000
5.7036 76 123 57.6628 23.1577 100.0000
5.7049 64 135 57.6106 35.4258 100.0000
5.7061 66 133 57.5351 33.7778 100.0000
5.7074 67 132 57.4439 32.4961 100.0000
5.7086 68 131 57.3662 31.1533 100.0000
5.7099 70 129 57.2719 29.2612 100.0000
5.7111 67 132 57.2176 32.4351 100.0000
5.7124 64 135 57.2039 35.6089 100.0000
5.7136 73 126 57.1625 26.0264 100.0000
5.7149 70 129 57.1635 29.3833 100.0000
5.7162 66 133 57.2270 33.5947 100.0000
5.7175 55 144 57.4334 44.0317 100.0000
5.7188 55 144 57.7556 44.0928 100.0000
5.7201 68 131 57.8919 31.2754 100.0000
5.7214 65 134 58.0760 34.6934 100.0000
5.7226 61 138 58.4240 38.9048 100.0000
5.7239 68 131 58.6789 31.0312 100.0000
5.7252 63 136 59.0127 36.5244 100.0000
5.7265 62 137 59.3531 37.9893 100.0000
5.7279 66 133 59.7513 33.8999 100.0000
5.7291 64 135 60.1445 35.6699 100.0000
5.7304 73 126 60.4107 26.2095 100.0000
5.7317 62 137 60.8070 37.5010 100.0000
5.7330 65 134 61.2336 34.1440 100.0000
5.7342 70 129 61.5908 29.4443 100.0000
5.7355 65 134 62.0080 34.9375 100.0000
5.7368 62 137 62.4405 37.0737 100.0000
5.7380 68 131 62.8376 31.6416 100.0000
5.7393 72 127 63.1766 27.3081 100.0000
5.7406 61 138 63.6493 38.7217 100.0000
5.7419 73 126 63.9651 26.8809 100.0000
5.7432 74 125 64.2750 25.9653 100.0000
5.7444 79 120 64.5150 20.8994 100.0000
5.7457 74 125 64.8079 25.5381 100.0000
5.7470 67 132 65.1815 32.5571 100.0000
5.7482 76 123 65.4490 23.9512 100.0000
5.7495 82 117 65.6395 17.9697 100.0000
5.7508 75 124 65.9069 24.2563 100.0000
5.7521 80 119 66.0972 19.1294 100.0000
5.7534 75 124 66.3495 24.1343 100.0000
5.7546 84 115 66.4889 15.5283 100.0000
5.7559 75 124 66.7423 24.4395 100.0000
5.7572 78 121 66.9464 21.4487 100.0000
5.7585 81 118 67.1159 18.0308 100.0000
5.7598 77 122 67.3309 22.1812 100.0000
5.7610 92 107 67.3654 7.7769 100.0000
5.7623 91 108 67.4111 8.1431 100.0000
5.7636 86 113 67.5301 13.6973 100.0000
5.7649 84 115 67.6687 15.2842 100.0000
5.7662 79 120 67.8660 20.1060 100.0000
5.7675 88 111 67.9590 11.6221 100.0000
5.7688 89 110 68.0344 10.4014 100.0000
5.7700 89 110 68.1038 10.2793 100.0000
5.7714 83 116 68.2599 16.6270 100.0000
5.7726 83 116 68.4072 16.3828 100.0000
5.7739 84 115 68.5418 15.4062 100.0000
5.7752 80 119 68.7213 19.3125 100.0000
5.7765 81 118 68.8804 18.3970 100.0000
5.7778 84 115 69.0104 15.7725 100.0000
5.7790 83 116 69.1389 16.5049 100.0000
5.7803 80 119 69.3037 19.6787 100.0000
5.7815 81 118 69.4546 18.8853 100.0000
5.7828 84 115 69.5652 15.8945 100.0000
5.7840 75 124 69.7795 24.9277 100.0000
5.7853 86 113 69.8477 13.0259 100.0000
5.7865 78 121 70.0202 21.5098 100.0000
5.7878 77 122 70.1974 22.5474 100.0000
5.7892 78 121 70.3889 21.8760 100.0000
5.7905 78 121 70.5522 21.9370 100.0000
5.7917 80 119 70.6798 19.3125 100.0000
5.7930 78 121 70.8379 21.3267 100.0000
5.7943 70 129 71.0912 29.0171 100.0000
5.7956 67 132 71.3846 32.7402 100.0000
5.7968 73 126 71.5908 26.5757 100.0000
5.7981 70 129 71.8455 29.0171 100.0000
5.7994 74 125 72.0625 25.4771 100.0000
5.8007 65 134 72.3889 34.8765 100.0000
5.8019 66 133 72.7667 33.5337 100.0000
5.8033 66 133 73.1438 33.8999 100.0000
5.8045 64 135 73.5244 35.7920 100.0000
5.8058 70 129 73.8211 29.4443 100.0000
5.8071 65 134 74.2729 34.1440 100.0000
5.8084 69 130 74.6710 30.1157 100.0000
5.8096 60 139 75.1777 39.9424 100.0000
5.8109 68 131 75.5673 31.4585 100.0000
5.8122 57 142 76.1994 42.1396 100.0000
5.8135 61 138 76.7683 38.7827 100.0000
5.8147 59 140 77.3477 40.9189 100.0000
5.8160 57 142 77.9373 42.0786 100.0000
5.8173 57 142 78.6217 42.5059 100.0000
5.8185 63 136 79.2002 36.4634 100.0000
5.8198 55 144 79.8852 44.2759 100.0000
5.8211 56 143 80.5372 43.7876 100.0000
5.8224 55 144 81.2153 44.0317 100.0000
5.8237 50 149 81.9656 49.8911 100.0000
5.8249 60 139 82.5575 39.7593 100.0000
5.8262 58 141 83.1678 41.5903 100.0000
5.8275 55 144 83.8053 44.5811 100.0000
5.8288 56 143 84.3936 43.4214 100.0000
5.8301 55 144 85.0025 44.4590 100.0000
5.8313 62 137 85.4944 37.9282 100.0000
5.8326 58 141 85.9689 41.3462 100.0000
5.8339 61 138 86.3969 38.8438 100.0000
5.8352 65 134 86.7928 34.8765 100.0000
5.8364 70 129 87.0990 29.8105 100.0000
5.8377 65 134 87.3975 34.8765 100.0000
5.8390 62 137 87.7215 37.6841 100.0000
5.8403 68 131 87.9755 31.8857 100.0000
5.8415 61 138 88.2970 38.2944 100.0000
5.8428 62 137 88.5612 37.3179 100.0000
5.8441 71 128 88.6999 28.5288 100.0000
5.8454 62 137 88.9519 37.1348 100.0000
5.8466 65 134 89.1387 34.2051 100.0000
5.8479 71 128 89.2631 28.5898 100.0000
5.8492 62 137 89.4903 37.3179 100.0000
5.8505 62 137 89.7273 37.6230 100.0000
5.8517 70 129 89.9144 29.6885 100.0000
5.8530 75 124 90.0419 24.6836 100.0000
5.8542 74 125 90.1807 25.9653 100.0000
5.8555 72 127 90.3374 27.4302 100.0000
5.8568 72 127 90.6176 27.3691 100.0000
5.8581 77 122 90.8367 22.8525 100.0000
5.8593 77 122 91.0469 22.7305 100.0000
5.8606 76 123 91.2709 23.9512 100.0000
5.8619 72 127 91.7152 27.7964 100.0000
5.8632 71 128 92.1682 28.2847 100.0000
5.8645 75 124 92.5481 24.1343 100.0000
5.8658 67 132 93.0284 32.3130 100.0000
5.8670 75 124 93.5802 24.8667 100.0000
5.8683 74 125 94.1422 25.5991 100.0000
5.8696 78 121 94.6307 21.3267 100.0000
5.8709 82 117 95.0601 17.1763 100.0000
5.8721 84 115 95.6173 15.6504 100.0000
5.8734 78 121 96.2355 21.3267 100.0000
5.8747 77 122 96.8588 22.9136 100.0000
5.8760 78 121 97.4555 21.4487 100.0000
5.8772 73 126 98.2249 26.3926 100.0000
5.8785 76 123 98.9486 23.2188 100.0000
5.8798 78 121 99.6339 21.9980 100.0000
5.8811 77 122 100.3220 22.8525 100.0000
5.8823 85 114 100.9793 14.6128 100.0000
5.8836 75 124 101.7529 24.8057 100.0000
5.8849 72 127 102.5350 27.0029 100.0000
5.8862 69 130 103.3535 30.4209 100.0000
5.8874 74 125 104.1605 25.9043 100.0000
5.8887 76 123 104.9287 23.5239 100.0000
5.8900 72 127 105.7183 27.0640 100.0000
5.8913 71 128 106.5689 28.4067 100.0000
5.8925 70 129 107.4211 29.7495 100.0000
5.8938 65 134 108.3227 34.3271 100.0000
5.8951 68 131 109.1665 31.8857 100.0000
5.8964 70 129 110.0142 29.2002 100.0000
5.8976 73 126 110.8050 26.6367 100.0000
5.8989 70 129 111.6136 29.2612 100.0000
5.9002 73 126 112.3707 26.2095 100.0000
5.9015 66 133 113.2377 33.1064 100.0000
5.9028 69 130 114.0529 30.6650 100.0000
5.9040 80 119 114.7056 19.1294 100.0000
5.9053 68 131 115.4994 31.4585 100.0000
5.9066 85 114 116.0921 14.9790 100.0000
5.9078 72 127 116.8223 27.1250 100.0000
5.9091 76 123 117.5028 23.7070 100.0000
5.9104 81 118 118.0943 18.2139 100.0000
5.9117 71 128 118.8187 28.2847 100.0000
5.9129 83 116 119.3829 16.5659 100.0000
5.9142 76 123 120.0262 23.0967 100.0000
5.9155 87 112 120.5133 12.1714 100.0000
5.9168 79 120 121.1201 20.4111 100.0000
5.9180 81 118 121.6903 18.6411 100.0000
5.9193 73 126 122.3574 26.6978 100.0000
5.9206 76 123 122.9638 23.4019 100.0000
5.9219 74 125 123.6131 25.2329 100.0000
5.9231 78 121 124.2098 21.9980 100.0000
5.9244 71 128 124.8775 28.7729 100.0000
5.9257 72 127 125.5103 27.0029 100.0000
5.9270 70 129 126.1987 29.0171 100.0000
5.9282 71 128 126.8624 28.4067 100.0000
5.9295 71 128 127.5311 28.6509 100.0000
5.9308 73 126 128.1383 26.1484 100.0000
5.9321 73 126 128.7818 26.8809 100.0000
5.9333 65 134 129.4826 34.0830 100.0000
5.9346 75 124 130.0666 24.9277 100.0000
5.9359 66 133 130.7545 33.5947 100.0000
5.9372 66 133 131.4276 33.3506 100.0000
5.9384 81 118 131.9038 18.8853 100.0000
5.9398 68 131 132.5374 31.5806 100.0000
5.9410 59 140 133.2260 40.4307 100.0000
5.9423 60 139 133.8890 39.1489 100.0000
5.9436 62 137 134.5147 37.8062 100.0000
5.9449 68 131 135.0457 31.5195 100.0000
5.9461 56 143 135.6532 43.9097 100.0000
5.9474 57 142 136.2130 42.0176 100.0000
5.9487 58 141 136.7713 41.7734 100.0000
5.9500 49 150 137.4406 50.7456 100.0000
5.9512 59 140 137.8394 40.3086 100.0000
5.9525 62 137 138.2000 37.5010 100.0000
5.9537 63 136 138.5276 36.2192 100.0000
5.9550 56 143 138.9597 43.8486 100.0000
5.9563 65 134 139.1424 34.0220 100.0000
5.9575 57 142 139.4321 42.9331 100.0000
5.9588 58 141 139.7061 41.3462 100.0000
5.9601 57 142 139.9869 42.4448 100.0000
5.9613 56 143 140.1660 43.5435 100.0000
5.9626 56 143 140.3516 43.2383 100.0000
5.9639 64 135 140.4262 35.6699 100.0000
5.9652 65 134 140.4876 34.3271 100.0000
5.9664 69 130 140.4317 30.9702 100.0000
5.9677 62 137 140.4689 37.6841 100.0000
5.9690 61 138 140.5161 38.5996 100.0000
5.9703 60 139 140.5865 39.5762 100.0000
5.9716 63 136 140.5638 36.7075 100.0000
5.9729 61 138 140.5631 38.2944 100.0000
5.9742 67 132 140.4918 32.2520 100.0000
5.9754 68 131 140.4012 31.4585 100.0000
5.9767 65 134 140.3586 34.2661 100.0000
5.9780 66 133 140.3034 33.1064 100.0000
5.9792 56 143 140.3702 43.5435 100.0000
5.9805 65 134 140.3764 34.7544 100.0000
5.9818 63 136 140.4141 36.7686 100.0000
5.9831 68 131 140.3818 31.5195 100.0000
5.9844 61 138 140.4270 38.4775 100.0000
5.9857 73 126 140.4162 26.8198 100.0000
5.9869 61 138 140.5475 38.9048 100.0000
5.9883 61 138 140.6946 38.2944 100.0000
5.9895 57 142 140.8685 42.5669 100.0000
5.9908 64 135 141.0875 35.6089 100.0000
5.9921 66 133 141.2762 33.5337 100.0000
5.9933 60 139 141.5356 39.5762 100.0000
5.9946 70 129 141.6631 29.2612 100.0000
5.9958 57 142 142.1206 42.7500 100.0000
5.9971 67 132 142.4437 32.5571 100.0000
5.9984 58 141 142.8664 41.1021 100.0000
5.9996 60 139 143.2677 39.8203 100.0000
6.0009 57 142 143.8454 42.0176 100.0000
6.0022 65 134 144.3226 34.9375 100.0000
6.0034 64 135 144.7966 35.3647 100.0000
6.0047 60 139 145.3129 39.6372 100.0000
6.0059 62 137 145.9115 37.5620 100.0000
6.0072 57 142 146.5610 42.6890 100.0000
6.0085 61 138 147.1502 38.9048 100.0000
6.0097 68 131 147.6347 31.7637 100.0000
6.0110 61 138 148.2356 38.9658 100.0000
6.0122 69 130 148.7161 30.1157 100.0000
6.0134 70 129 149.1736 29.0171 100.0000
6.0147 63 136 149.7112 36.3413 100.0000
6.0160 76 123 150.0764 23.2798 100.0000
6.0173 67 132 150.5506 32.5571 100.0000
6.0186 79 120 150.8682 20.7163 100.0000
6.0198 81 118 151.1445 18.9463 100.0000
6.0211 72 127 151.4961 27.9185 100.0000
6.0224 71 128 151.8469 28.3457 100.0000
6.0237 75 124 152.1440 24.2563 100.0000
6.0251 73 126 152.4657 26.7588 100.0000
6.0263 75 124 152.7113 24.0122 100.0000
6.0276 74 125 152.9645 25.0498 100.0000
6.0288 79 120 153.1441 20.0449 100.0000
6.0301 77 122 153.3645 22.9136 100.0000
6.0314 75 124 153.6261 24.8667 100.0000
6.0327 75 124 153.8718 24.3784 100.0000
6.0340 82 117 154.0163 17.2373 100.0000
6.0353 78 121 154.2670 21.5708 100.0000
6.0365 72 127 154.5930 27.7964 100.0000
6.0378 70 129 154.9278 29.5054 100.0000
6.0391 80 119 155.1466 19.6787 100.0000
6.0404 81 118 155.4264 18.9463 100.0000
6.0417 75 124 155.7696 24.5615 100.0000
6.0430 72 127 156.1471 27.7354 100.0000
6.0443 80 119 156.4160 19.8008 100.0000
6.0456 76 123 156.8054 23.8901 100.0000
6.0469 69 130 157.2672 30.0547 100.0000
6.0482 80 119 157.5865 19.5566 100.0000
6.0494 73 126 157.9884 26.8198 100.0000
6.0507 70 129 158.4906 29.9326 100.0000
6.0520 74 125 158.9335 25.7822 100.0000
6.0533 68 131 159.4482 31.7637 100.0000
6.0545 75 124 159.8463 24.1343 100.0000
6.0558 81 118 160.2240 18.9463 100.0000
6.0571 68 131 160.7491 31.0312 100.0000
6.0584 78 121 161.1496 21.8149 100.0000
6.0597 85 114 161.4510 14.9180 100.0000
6.0610 68 131 161.9828 31.0312 100.0000
6.0622 71 128 162.4653 28.2236 100.0000
6.0635 76 123 162.8759 23.2798 100.0000
6.0648 72 127 163.3380 27.3691 100.0000
6.0661 71 128 163.7818 28.4067 100.0000
6.0674 71 128 164.2178 28.5288 100.0000
6.0686 79 120 164.5506 20.7773 100.0000
6.0699 81 118 164.8191 18.7632 100.0000
6.0712 79 120 165.0911 20.8384 100.0000
6.0725 84 115 165.2887 15.5283 100.0000
6.0738 77 122 165.5753 22.9136 100.0000
6.0750 83 116 165.6934 16.6270 100.0000
6.0763 79 120 165.8585 20.5942 100.0000
6.0776 87 112 165.9341 12.7817 100.0000
6.0789 86 113 166.0162 13.8804 100.0000
6.0802 88 111 165.9580 11.8052 100.0000
6.0815 92 107 165.8515 7.6548 100.0000
6.0827 97 102 165.6777 2.1006 100.0000
6.0840 91 108 165.5915 8.9976 100.0000
6.0852 85 114 165.4661 14.0024 100.0000
6.0865 99 100 165.1731 0.2085 100.0000
6.0878 96 103 164.9274 3.5044 100.0000
6.0890 92 107 164.7309 7.1055 100.0000
6.0903 105 94 164.2986 -5.7729 100.0000
6.0916 94 105 164.0196 5.8848 100.0000
6.0928 93 106 163.7551 6.5562 100.0000
6.0941 100 99 163.4049 -0.7681 100.0000
6.0954 94 105 163.0891 5.5186 100.0000
6.0967 94 105 162.7784 5.5796 100.0000
6.0980 100 99 162.3988 -0.3408 100.0000
6.0993 90 109 162.1484 9.2417 100.0000
6.1006 93 106 161.8358 6.0068 100.0000
6.1019 104 95 161.4001 -4.2471 100.0000
6.1032 94 105 161.0995 5.9458 100.0000
6.1044 95 104 160.8044 4.8472 100.0000
6.1057 93 106 160.5375 6.6172 100.0000
6.1070 91 108 160.2981 8.3262 100.0000
6.1083 104 95 159.9007 -4.6133 100.0000
6.1095 92 107 159.7268 7.7158 100.0000
6.1108 90 109 159.5603 9.1807 100.0000
6.1121 95 104 159.3369 4.4199 100.0000
6.1133 88 111 159.2088 11.6831 100.0000
6.1146 87 112 159.1934 12.7207 100.0000
6.1158 92 107 159.1127 7.4106 100.0000
6.1171 94 105 159.0140 5.8237 100.0000
6.1184 95 104 158.9045 4.6641 100.0000
6.1197 91 108 158.9606 8.3262 100.0000
6.1209 97 102 158.9495 2.9551 100.0000
6.1222 95 104 158.9622 4.9082 100.0000
6.1235 100 99 158.9031 -0.8901 100.0000
6.1247 93 106 159.0523 6.3120 100.0000
6.1260 92 107 159.2177 7.5327 100.0000
6.1273 92 107 159.3705 7.1055 100.0000
6.1286 83 116 159.6332 16.0776 100.0000
6.1298 96 103 159.8055 3.0771 100.0000
6.1311 97 102 159.9676 2.5278 100.0000
6.1324 93 106 160.1745 6.4341 100.0000
6.1336 96 103 160.3407 3.4434 100.0000
6.1349 97 102 160.5036 2.5278 100.0000
6.1362 100 99 160.6264 -0.4629 100.0000
6.1374 94 105 160.8145 5.0303 100.0000
6.1387 98 101 160.9530 1.3071 100.0000
6.1400 100 99 161.0472 -0.5850 100.0000
6.1412 94 105 161.2115 5.2134 100.0000
6.1425 105 94 161.2451 -5.0405 100.0000
6.1438 94 105 161.4075 5.2744 100.0000
6.1451 97 102 161.5057 2.6499 100.0000
6.1463 93 106 161.6452 6.1289 100.0000
6.1476 97 102 161.7386 2.6499 100.0000
6.1489 104 95 161.7458 -4.1250 100.0000
6.1502 96 103 161.8540 3.4434 100.0000
6.1514 98 101 161.9391 1.7954 100.0000
6.1527 100 99 161.9902 -0.7681 100.0000
6.1540 98 101 162.0689 1.4902 100.0000
6.1553 100 99 162.1632 -0.8291 100.0000
6.1566 90 109 162.3844 9.5469 100.0000
6.1578 96 103 162.5248 3.3823 100.0000
6.1591 98 101 162.6937 1.4902 100.0000
6.1604 92 107 162.9532 7.5938 100.0000
6.1617 98 101 163.1348 1.8564 100.0000
6.1630 95 104 163.3424 4.2368 100.0000
6.1642 91 108 163.6667 8.5703 100.0000
6.1655 94 105 163.9494 5.7017 100.0000
6.1668 100 99 164.1540 -0.0356 100.0000
6.1681 97 102 164.3843 2.3447 100.0000
6.1694 98 101 164.6302 1.0630 100.0000
6.1707 92 107 164.9535 7.5327 100.0000
6.1719 109 90 165.0521 -9.8013 100.0000
6.1732 101 98 165.2483 -1.8057 100.0000
6.1745 98 101 165.5056 1.8564 100.0000
6.1758 99 100 165.7444 0.7578 100.0000
6.1771 92 107 166.0605 7.4106 100.0000
6.1783 94 105 166.3532 5.8848 100.0000
6.1796 92 107 166.6685 7.1055 100.0000
6.1809 105 94 166.8188 -5.4067 100.0000
6.1822 103 96 166.9879 -3.8198 100.0000
6.1835 94 105 167.2707 5.5186 100.0000
6.1848 100 99 167.5085 -0.1577 100.0000
6.1861 99 100 167.7492 0.4526 100.0000
6.1873 104 95 167.9240 -4.4302 100.0000
6.1886 94 105 168.2158 5.1523 100.0000
6.1899 92 107 168.5977 7.2275 100.0000
6.1912 92 107 168.9692 7.1055 100.0000
6.1924 96 103 169.2853 3.1992 100.0000
6.1937 91 108 169.7312 8.3872 100.0000
6.1949 97 102 170.1098 2.3447 100.0000
6.1962 100 99 170.4498 -0.1577 100.0000
6.1975 91 108 170.8884 8.3872 100.0000
6.1987 98 101 171.2993 1.0630 100.0000
6.2000 88 111 171.8367 11.1948 100.0000
6.2013 95 104 172.2819 4.7251 100.0000
6.2025 93 106 172.7430 6.8613 100.0000
6.2038 100 99 173.1427 -0.9512 100.0000
6.2050 89 110 173.6739 10.5845 100.0000
6.2063 92 107 174.1648 7.8379 100.0000
6.2076 96 103 174.5880 3.3823 100.0000
6.2089 100 99 174.9252 -0.1577 100.0000
6.2102 98 101 175.2768 1.5513 100.0000
6.2114 102 97 175.5684 -2.7822 100.0000
6.2127 89 110 176.0180 10.4014 100.0000
6.2139 98 101 176.2557 1.1240 100.0000
6.2152 89 110 176.5990 10.0962 100.0000
6.2164 101 98 176.7945 -1.3784 100.0000
6.2177 105 94 176.9393 -5.2236 100.0000
6.2189 98 101 177.0161 1.1851 100.0000
6.2202 96 103 177.1181 3.3213 100.0000
6.2215 101 98 177.1556 -1.6836 100.0000
6.2228 104 95 177.1587 -4.3691 100.0000
6.2240 103 96 177.0153 -3.1484 100.0000
6.2253 96 103 176.9608 3.7485 100.0000
6.2266 99 100 176.8688 0.6357 100.0000
6.2279 103 96 176.7278 -3.3926 100.0000
6.2291 100 99 176.4837 -0.1577 100.0000
6.2304 101 98 176.2298 -1.3174 100.0000
6.2317 102 97 175.9654 -2.5381 100.0000
6.2330 105 94 175.6682 -5.5898 100.0000
6.2342 102 97 175.3192 -2.7822 100.0000
6.2355 101 98 174.9940 -1.3784 100.0000
6.2368 99 100 174.7041 0.9409 100.0000
6.2381 101 98 174.3907 -1.3784 100.0000
6.2393 101 98 174.0915 -1.0732 100.0000
6.2406 89 110 173.9454 10.6455 100.0000
6.2419 108 91 173.5659 -8.3364 100.0000
6.2432 113 86 173.1263 -13.5244 100.0000
6.2444 100 99 172.9469 -0.3408 100.0000
6.2457 106 93 172.6960 -6.2612 100.0000
6.2470 104 95 172.4775 -4.1860 100.0000
6.2483 99 100 172.4995 0.3916 100.0000
6.2495 98 101 172.5107 1.8564 100.0000
6.2508 95 104 172.5481 4.0537 100.0000
6.2521 89 110 172.6648 10.4624 100.0000
6.2533 94 105 172.8867 5.0303 100.0000
6.2546 94 105 173.0754 5.7627 100.0000
6.2559 104 95 173.1349 -4.2471 100.0000
6.2571 91 108 173.3485 8.3262 100.0000
6.2584 98 101 173.5447 1.4292 100.0000
6.2596 97 102 173.7467 2.1616 100.0000
6.2609 95 104 173.9783 4.7861 100.0000
6.2622 94 105 174.2090 5.1523 100.0000
6.2635 101 98 174.3171 -1.8667 100.0000
6.2648 94 105 174.5157 5.5186 100.0000
6.2661 91 108 174.7556 8.9976 100.0000
6.2674 102 97 174.8471 -2.3550 100.0000
6.2686 100 99 174.8394 -0.2798 100.0000
6.2699 96 103 174.8813 3.6875 100.0000
6.2712 94 105 174.9415 5.2134 100.0000
6.2724 94 105 175.0052 5.6406 100.0000
6.2737 103 96 174.7736 -3.5757 100.0000
6.2750 108 91 174.4893 -8.2754 100.0000
6.2762 109 90 174.1924 -9.6182 100.0000
6.2775 103 96 173.9733 -3.8198 100.0000
6.2788 107 92 173.5137 -7.9092 100.0000
6.2801 109 90 173.0470 -9.3740 100.0000
6.2813 102 97 172.6733 -2.5381 100.0000
6.2826 113 86 172.1722 -13.2803 100.0000
6.2839 103 96 171.6453 -3.2095 100.0000
6.2852 103 96 171.1274 -3.3926 100.0000
6.2864 104 95 170.6064 -4.5522 100.0000
6.2877 105 94 170.0846 -5.4067 100.0000
6.2889 111 88 169.3904 -11.6323 100.0000
6.2901 114 85 168.6714 -14.9282 100.0000
6.2914 102 97 168.1219 -2.1108 100.0000
6.2926 110 89 167.4809 -10.5947 100.0000
6.2938 101 98 166.9119 -1.1343 100.0000
6.2951 108 91 166.2678 -8.3364 100.0000
6.2963 109 90 165.6178 -9.8623 100.0000
6.2975 107 92 165.0052 -7.8481 100.0000
6.2988 108 91 164.3994 -8.7026 100.0000
6.3000 109 90 163.7991 -9.1909 100.0000
6.3013 104 95 163.2671 -4.6133 100.0000
6.3026 108 91 162.6957 -8.7026 100.0000
6.3038 106 93 162.2015 -6.8105 100.0000
6.3051 105 94 161.7339 -5.4678 100.0000
6.3063 112 87 161.1890 -12.4868 100.0000
6.3076 109 90 160.6837 -9.9844 100.0000
6.3089 110 89 160.2861 -10.1064 100.0000
6.3102 120 79 159.7640 -20.7266 100.0000
6.3114 103 96 159.4646 -3.8198 100.0000
6.3127 98 101 159.2353 1.3682 100.0000
6.3139 105 94 159.0692 -5.8950 100.0000
6.3152 113 86 158.8147 -13.3413 100.0000
6.3165 111 88 158.5806 -11.7544 100.0000
6.3178 102 97 158.6782 -2.2939 100.0000
6.3191 108 91 158.6769 -8.2754 100.0000
6.3204 103 96 158.7343 -3.6367 100.0000
6.3216 105 94 158.7684 -5.4678 100.0000
6.3229 111 88 158.9306 -11.5713 100.0000
6.3242 105 94 159.1680 -5.5288 100.0000
6.3255 104 95 159.4158 -4.2471 100.0000
6.3267 101 98 159.6974 -1.1953 100.0000
6.3280 98 101 160.2032 1.7954 100.0000
6.3293 101 98 160.6531 -1.8667 100.0000
6.3306 95 104 161.1712 4.2368 100.0000
6.3319 106 93 161.5425 -6.6274 100.0000
6.3331 109 90 162.0244 -9.1299 100.0000
6.3344 98 101 162.6247 1.1240 100.0000
6.3357 99 100 163.1998 0.0864 100.0000
6.3370 101 98 163.7437 -1.5005 100.0000
6.3382 103 96 164.3309 -3.8198 100.0000
6.3395 95 104 165.0071 4.2368 100.0000
6.3408 104 95 165.5620 -4.3081 100.0000
6.3421 93 106 166.2448 6.7393 100.0000
6.3433 101 98 166.8214 -1.0732 100.0000
6.3446 101 98 167.3813 -1.5005 100.0000
6.3459 101 98 167.9329 -1.2563 100.0000
6.3472 100 99 168.4788 -0.8291 100.0000
6.3485 98 101 168.9759 1.4292 100.0000
6.3497 105 94 169.3735 -5.7729 100.0000
6.3510 99 100 169.8421 0.6357 100.0000
6.3523 98 101 170.3068 1.0630 100.0000
6.3536 100 99 170.6310 -0.8291 100.0000
6.3549 90 109 171.0766 9.3027 100.0000
6.3561 101 98 171.3720 -1.9277 100.0000
6.3574 94 105 171.6272 5.6406 100.0000
6.3587 102 97 171.7845 -2.3550 100.0000
6.3600 99 100 171.9735 0.3916 100.0000
6.3612 99 100 172.1602 0.5137 100.0000
6.3625 100 99 172.2187 -0.3408 100.0000
6.3638 108 91 172.1810 -8.8247 100.0000
6.3651 112 87 172.1010 -12.3037 100.0000
6.3664 105 94 172.1093 -5.4678 100.0000
6.3676 106 93 172.0333 -6.6885 100.0000
6.3689 106 93 171.9612 -6.3833 100.0000
6.3702 100 99 171.9691 -0.1577 100.0000
6.3714 94 105 172.0425 5.1523 100.0000
6.3727 101 98 171.9975 -1.8667 100.0000
6.3740 101 98 171.9594 -1.3784 100.0000
6.3753 106 93 171.8590 -6.3223 100.0000
6.3766 107 92 171.7438 -7.7261 100.0000
6.3778 93 106 171.8141 6.6172 100.0000
6.3791 105 94 171.7372 -5.1626 100.0000
6.3803 101 98 171.7014 -1.9277 100.0000
6.3816 103 96 171.6463 -3.5146 100.0000
6.3829 100 99 171.6559 -0.4019 100.0000
6.3841 102 97 171.6377 -2.6602 100.0000
6.3854 102 97 171.6172 -2.8433 100.0000
6.3866 100 99 171.6223 -0.8291 100.0000
6.3879 106 93 171.5854 -6.6274 100.0000
6.3892 109 90 171.5065 -9.7402 100.0000
6.3905 107 92 171.4627 -7.2988 100.0000
6.3918 102 97 171.4758 -2.9043 100.0000
6.3930 98 101 171.5498 1.3071 100.0000
6.3943 105 94 171.5332 -5.8950 100.0000
6.3956 101 98 171.5733 -1.3174 100.0000
6.3968 103 96 171.5883 -3.2705 100.0000
6.3981 101 98 171.6051 -1.1953 100.0000
6.3994 108 91 171.5335 -8.2754 100.0000
6.4007 103 96 171.5182 -3.8809 100.0000
6.4019 94 105 171.6212 5.5796 100.0000
6.4032 104 95 171.5456 -4.6133 100.0000
6.4045 103 96 171.4804 -3.9419 100.0000
6.4057 93 106 171.5502 6.8613 100.0000
6.4070 102 97 171.4409 -2.9653 100.0000
6.4083 104 95 171.3068 -4.3691 100.0000
6.4096 99 100 171.2312 0.0864 100.0000
6.4109 106 93 171.0767 -6.2612 100.0000
6.4122 102 97 170.9080 -2.6602 100.0000
6.4135 103 96 170.7305 -3.6367 100.0000
6.4148 99 100 170.6129 0.8188 100.0000
6.4161 98 101 170.5111 1.9175 100.0000
6.4173 97 102 170.3558 2.0396 100.0000
6.4186 101 98 170.1618 -1.3174 100.0000
6.4199 105 94 169.9214 -5.2236 100.0000
6.4212 99 100 169.7598 0.5747 100.0000
6.4225 107 92 169.4504 -7.4819 100.0000
6.4237 92 107 169.3370 7.6548 100.0000
6.4250 100 99 169.1289 -0.1577 100.0000
6.4263 103 96 168.8845 -3.3926 100.0000
6.4276 98 101 168.6627 1.3071 100.0000
6.4289 104 95 168.3753 -4.2471 100.0000
6.4302 100 99 168.1435 -0.2798 100.0000
6.4314 96 103 167.9592 3.1992 100.0000
6.4327 107 92 167.6161 -7.3599 100.0000
6.4340 103 96 167.3290 -3.5757 100.0000
6.4353 96 103 167.1380 3.6875 100.0000
6.4366 104 95 166.8450 -4.6133 100.0000
6.4378 92 107 166.6997 7.3496 100.0000
6.4391 96 103 166.5100 3.6265 100.0000
6.4403 103 96 166.2330 -3.8198 100.0000
6.4416 107 92 165.9163 -7.5430 100.0000
6.4429 100 99 165.7100 -0.4019 100.0000
6.4441 94 105 165.5802 5.5186 100.0000
6.4454 97 102 165.4125 2.1616 100.0000
6.4467 98 101 165.2791 1.1851 100.0000
6.4479 107 92 165.0466 -7.6040 100.0000
6.4492 102 97 164.8786 -2.8433 100.0000
6.4504 98 101 164.7618 1.0630 100.0000
6.4517 93 106 164.7808 6.3120 100.0000
6.4530 101 98 164.7056 -1.5615 100.0000
6.4542 97 102 164.6867 2.8940 100.0000
6.4555 87 112 164.7810 12.0493 100.0000
6.4567 99 100 164.8218 0.5747 100.0000
6.4580 100 99 164.8528 -0.1577 100.0000
6.4593 101 98 164.8626 -1.8057 100.0000
6.4605 96 103 164.9428 3.8706 100.0000
6.4618 96 103 165.0990 3.8706 100.0000
6.4631 96 103 165.2467 3.3823 100.0000
6.4644 98 109 165.4197 5.6406 103.9062
6.4657 96 111 165.6129 7.4717 103.9062
6.4670 99 108 165.8105 4.4199 103.9062
6.4683 109 98 165.8793 -5.2847 103.9062
6.4696 102 105 166.0301 1.1240 103.9062
6.4709 101 105 166.1891 2.0396 103.9062
6.4721 104 103 166.3135 -0.5850 103.9062
6.4734 105 102 166.4280 -1.1953 103.9062
6.4747 98 109 166.6250 5.5186 103.9062
6.4760 100 107 166.7920 3.5044 103.9062
6.4773 108 99 166.8138 -4.2471 103.9062
6.4786 98 109 166.9624 5.8848 103.9062
6.4798 107 100 166.9911 -3.4536 103.9062
6.4811 94 113 167.1766 9.1196 103.9062
6.4824 107 100 167.1272 -3.8198 103.9062
6.4837 101 105 167.1512 1.9175 103.9062
6.4850 102 105 167.1651 1.1240 103.9062
6.4862 98 109 167.2335 5.5796 103.9062
6.4875 98 109 167.2208 5.1523 103.9062
6.4888 99 107 167.1927 3.9316 103.9062
6.4901 98 109 167.1916 5.8848 103.9062
6.4914 97 109 167.1378 6.0679 103.9062
6.4926 107 100 166.9558 -3.6978 103.9062
6.4939 101 106 166.8559 2.5889 103.9062
6.4952 99 108 166.7865 4.7861 103.9062
6.4965 101 106 166.6595 2.5278 103.9062
6.4978 100 107 166.5521 3.8706 103.9062
6.4990 106 100 166.3594 -3.0874 103.9062
6.5003 112 94 166.0955 -8.9468 103.9062
6.5016 107 100 165.9113 -3.2095 103.9062
6.5029 101 106 165.8064 2.8330 103.9062
6.5042 101 106 165.6961 2.2837 103.9062
6.5055 106 101 165.5237 -2.8433 103.9062
6.5067 109 98 165.3504 -5.1626 103.9062
6.5080 105 102 165.2271 -1.3784 103.9062
6.5093 107 100 165.0838 -3.1484 103.9062
6.5106 105 102 164.9677 -1.2563 103.9062
6.5119 110 97 164.8315 -6.3833 103.9062
6.5132 104 103 164.7684 -0.7070 103.9062
6.5144 107 100 164.6750 -3.2705 103.9062
6.5157 101 106 164.6517 2.2227 103.9062
6.5170 104 103 164.6330 -0.5850 103.9062
6.5183 120 107 164.5371 -6.5664 114.0625
6.5196 106 121 164.6175 7.2886 114.0625
6.5208 113 114 164.6145 0.6357 114.0625
6.5221 115 112 164.6076 -1.6226 114.0625
6.5233 109 118 164.6715 4.1147 114.0625
6.5246 121 107 164.5945 -7.0547 114.0625
6.5259 116 111 164.5717 -2.9043 114.0625
6.5272 130 97 164.3992 -16.2710 114.0625
6.5285 110 117 164.4860 3.9316 114.0625
6.5298 109 118 164.5750 4.2979 114.0625
6.5311 105 122 164.7141 8.8145 114.0625
6.5323 117 110 164.6949 -3.7588 114.0625
6.5336 117 110 164.6822 -3.2705 114.0625
6.5349 107 120 164.7949 6.6782 114.0625
6.5362 120 107 164.7253 -6.7495 114.0625
6.5375 118 109 164.6886 -4.0640 114.0625
6.5388 112 115 164.7299 1.9175 114.0625
6.5401 113 114 164.7516 0.4526 114.0625
6.5413 116 111 164.7194 -2.3550 114.0625
6.5426 117 110 164.6754 -3.3315 114.0625
6.5439 125 102 164.5361 -11.0830 114.0625
6.5452 119 108 164.4659 -5.8340 114.0625
6.5464 114 113 164.4338 -0.5850 114.0625
6.5477 121 106 164.3122 -7.8481 114.0625
6.5490 124 103 164.1600 -10.2285 114.0625
6.5503 107 120 164.2276 6.9224 114.0625
6.5515 114 113 164.1720 -0.4629 114.0625
6.5528 118 109 164.0645 -4.7354 114.0625
6.5541 111 116 164.0513 2.7109 114.0625
6.5554 111 116 164.0412 2.8940 114.0625
6.5566 110 118 164.0202 4.0537 114.0625
6.5579 115 113 163.9373 -0.9512 114.0625
6.5592 122 105 163.7576 -8.7026 114.0625
6.5605 107 120 163.7733 6.5562 114.0625
6.5617 119 108 163.6158 -5.2847 114.0625
6.5630 115 112 163.5040 -1.8057 114.0625
6.5643 103 124 163.5526 10.7676 114.0625
6.5656 115 112 163.4514 -1.0732 114.0625
6.5668 117 110 163.3091 -3.5146 114.0625
6.5681 113 114 163.2161 0.2085 114.0625
6.5693 114 113 163.1203 -0.1577 114.0625
6.5706 116 111 163.0067 -2.6602 114.0625
6.5719 114 113 162.9117 -0.2798 114.0625
6.5732 118 109 162.7688 -4.3081 114.0625
6.5744 136 134 162.6704 -0.9512 135.9375
6.5757 136 135 162.6079 -0.7681 135.9375
6.5769 131 140 162.5944 4.6030 135.9375
6.5782 140 131 162.4701 -4.3691 135.9375
6.5795 131 140 162.4556 4.2368 135.9375
6.5807 137 134 162.3954 -1.7446 135.9375
6.5820 136 135 162.3474 -0.8291 135.9375
6.5833 134 137 162.3339 1.8564 135.9375
6.5846 127 144 162.4007 8.2651 135.9375
6.5858 138 133 162.3706 -2.2329 135.9375
6.5871 124 147 162.5093 11.2559 135.9375
6.5884 135 136 162.5117 0.5747 135.9375
6.5896 138 133 162.4767 -2.4160 135.9375
6.5909 136 135 162.4892 -0.5850 135.9375
6.5921 135 136 162.5163 0.6357 135.9375
6.5934 137 134 162.5110 -1.9277 135.9375
6.5946 126 145 162.6506 9.7300 135.9375
6.5959 133 138 162.7045 2.3447 135.9375
6.5972 141 130 162.6633 -5.1626 135.9375
6.5985 137 134 162.6725 -1.2563 135.9375
6.5997 129 142 162.7807 6.7393 135.9375
6.6010 147 124 162.6339 -11.6323 135.9375
6.6023 136 134 162.6211 -0.9512 135.9375
6.6035 132 139 162.6616 3.3213 135.9375
6.6048 134 137 162.6752 1.2461 135.9375
6.6060 132 139 162.6667 3.3213 135.9375
6.6073 143 128 162.5243 -7.4209 135.9375
6.6086 147 124 162.3404 -11.0830 135.9375
6.6098 147 124 162.1586 -11.4492 135.9375
6.6110 138 133 162.0409 -2.2329 135.9375
6.6123 135 136 161.9603 0.6357 135.9375
6.6135 138 133 161.8400 -2.7822 135.9375
6.6147 139 132 161.7117 -3.6367 135.9375
6.6160 141 130 161.5343 -5.7119 135.9375
6.6173 130 141 161.4933 5.0913 135.9375
6.6185 135 136 161.3983 0.6968 135.9375
6.6198 142 129 161.2211 -6.1392 135.9375
6.6211 138 133 161.1079 -2.1719 135.9375
6.6223 137 134 161.0021 -1.8057 135.9375
6.6236 133 138 160.9534 2.6499 135.9375
6.6248 143 128 160.7822 -7.3599 135.9375
6.6261 135 135 160.7631 0.0254 135.9375
6.6274 134 137 160.7573 1.0630 135.9375
6.6287 139 132 160.6924 -3.5757 135.9375
6.6300 139 132 160.6292 -3.6367 135.9375
6.6312 132 139 160.7189 3.1382 135.9375
6.6325 138 133 160.7352 -2.6602 135.9375
6.6337 132 139 160.8262 3.4434 135.9375
6.6350 128 143 160.9677 7.7158 135.9375
6.6362 136 134 161.0708 -0.9512 135.9375
6.6375 136 134 161.1719 -0.9512 135.9375
6.6387 140 131 161.2298 -4.3081 135.9375
6.6400 130 141 161.4093 5.7627 135.9375
6.6413 136 134 161.5426 -1.0122 135.9375
6.6426 133 138 161.7171 2.3447 135.9375
6.6440 132 139 161.9037 3.5654 135.9375
6.6453 134 137 162.0739 1.3682 135.9375
6.6465 139 132 162.1837 -3.1484 135.9375
6.6479 132 139 162.3784 3.6875 135.9375
6.6492 134 137 162.5465 1.8564 135.9375
6.6505 135 135 162.6769 0.0254 135.9375
6.6518 146 125 162.6747 -10.1064 135.9375
6.6531 143 128 162.7042 -7.8481 135.9375
6.6543 143 128 162.7355 -7.6040 135.9375
6.6556 139 132 162.7749 -3.8809 135.9375
6.6569 143 128 162.7732 -7.2378 135.9375
6.6582 143 128 162.7633 -7.7261 135.9375
6.6594 134 137 162.8741 1.8564 135.9375
6.6607 130 141 162.9828 5.8848 135.9375
6.6620 148 123 162.8635 -12.3647 135.9375
6.6632 145 126 162.7877 -9.0688 135.9375
6.6645 135 136 162.8319 0.5137 135.9375
6.6657 142 129 162.7477 -6.3833 135.9375
6.6670 136 135 162.7362 -0.6460 135.9375
6.6683 135 136 162.7418 0.6968 135.9375
6.6695 142 128 162.6526 -7.0547 135.9375
6.6708 145 126 162.5145 -9.8013 135.9375
6.6721 138 133 162.4663 -2.7822 135.9375
6.6734 142 129 162.3668 -6.9326 135.9375
6.6747 135 136 162.3654 0.6968 135.9375
6.6760 143 128 162.2843 -7.2988 135.9375
6.6772 142 129 162.2133 -6.6274 135.9375
6.6785 143 128 162.1329 -7.4819 135.9375
6.6798 137 134 162.1540 -1.8057 135.9375
6.6811 146 125 162.0737 -10.5947 135.9375
6.6823 149 122 161.9594 -13.4634 135.9375
6.6837 143 128 161.9194 -7.6040 135.9375
6.6849 139 132 161.9678 -3.7588 135.9375
6.6862 151 148 162.0442 -1.4395 150.0000
6.6875 163 136 161.9669 -13.0972 150.0000
6.6888 160 139 161.9242 -10.9609 150.0000
6.6902 149 150 162.0567 0.8799 150.0000
6.6915 151 148 162.1583 -1.2563 150.0000
6.6928 153 146 162.2358 -3.0264 150.0000
6.6941 155 144 162.2749 -5.8950 150.0000
6.6954 157 142 162.2928 -7.8481 150.0000
6.6967 164 135 162.2211 -14.8062 150.0000
6.6980 151 148 162.3239 -1.2563 150.0000
6.6993 151 148 162.4168 -1.8057 150.0000
6.7006 156 143 162.4472 -6.2612 150.0000
6.7019 150 149 162.5529 -0.1577 150.0000
6.7032 150 149 162.6579 -0.0356 150.0000
6.7044 157 142 162.6620 -7.8481 150.0000
6.7057 152 147 162.7139 -2.9043 150.0000
6.7070 152 147 162.7657 -2.7822 150.0000
6.7083 151 148 162.8378 -1.0732 150.0000
6.7095 156 143 162.8174 -6.9937 150.0000
6.7108 155 144 162.8058 -5.8340 150.0000
6.7121 150 149 162.8674 -0.0967 150.0000
6.7134 155 144 162.8612 -5.4067 150.0000
6.7147 146 153 162.9420 3.7485 150.0000
6.7160 157 142 162.8802 -7.5430 150.0000
6.7172 146 153 162.9559 3.4434 150.0000
6.7185 155 144 162.9188 -5.4678 150.0000
6.7198 152 147 162.8881 -2.1108 150.0000
6.7210 153 146 162.8373 -3.8198 150.0000
6.7222 152 147 162.8078 -2.1719 150.0000
6.7235 155 144 162.7433 -5.1016 150.0000
6.7247 150 149 162.6869 -0.7681 150.0000
6.7260 158 141 162.5418 -8.1533 150.0000
6.7273 153 146 162.4500 -3.8809 150.0000
6.7285 152 147 162.3792 -2.4160 150.0000
6.7298 148 151 162.3114 1.4292 150.0000
6.7311 155 144 162.1567 -5.5288 150.0000
6.7324 153 146 162.0306 -3.5757 150.0000
6.7337 154 145 161.8895 -4.9185 150.0000
6.7349 157 142 161.6700 -7.2378 150.0000
6.7362 165 134 161.3463 -15.6606 150.0000
6.7375 160 139 161.0992 -10.2896 150.0000
6.7388 157 142 160.8951 -7.1157 150.0000
6.7401 156 143 160.6653 -6.0171 150.0000
6.7414 155 144 160.4501 -5.1016 150.0000
6.7427 166 152 160.2187 -6.8716 159.3750
6.7440 159 159 160.0822 0.3306 159.3750
6.7453 158 160 159.9065 0.6968 159.3750
6.7466 158 159 159.7311 0.4526 159.3750
6.7479 160 158 159.5454 -0.6460 159.3750
6.7491 167 151 159.2186 -7.9702 159.3750
6.7504 162 156 158.9783 -2.6602 159.3750
6.7516 167 151 158.6718 -8.2754 159.3750
6.7529 170 148 158.3351 -11.0830 159.3750
6.7542 164 154 158.0360 -5.2847 159.3750
6.7555 169 149 157.6939 -9.7402 159.3750
6.7568 172 146 157.3242 -12.6699 159.3750
6.7581 164 154 157.0531 -5.2236 159.3750
6.7594 178 140 156.5897 -19.1396 159.3750
6.7607 175 143 156.1722 -15.7217 159.3750
6.7620 169 148 155.8363 -10.4727 159.3750
6.7632 165 153 155.5594 -6.2612 159.3750
6.7645 168 149 155.2386 -9.4351 159.3750
6.7658 162 155 154.9977 -3.3926 159.3750
6.7671 169 149 154.6785 -9.9233 159.3750
6.7684 173 145 154.3162 -14.0737 159.3750
6.7697 168 150 154.0244 -8.7026 159.3750
6.7709 169 149 153.7230 -9.9233 159.3750
6.7722 171 146 153.3945 -12.4258 159.3750
6.7735 176 142 153.0117 -17.1865 159.3750
6.7748 168 150 152.7389 -9.1299 159.3750
6.7760 168 150 152.4713 -9.1909 159.3750
6.7773 168 150 152.2095 -9.1299 159.3750
6.7786 167 150 151.9595 -8.5806 159.3750
6.7799 169 149 151.6895 -9.8013 159.3750
6.7811 172 146 151.3810 -13.3413 159.3750
6.7824 178 140 151.0089 -18.8955 159.3750
6.7837 175 142 150.6735 -16.5762 159.3750
6.7850 173 145 150.3470 -13.9517 159.3750
6.7862 175 143 150.0041 -15.9048 159.3750
6.7875 177 141 149.6418 -18.0410 159.3750
6.7888 179 139 149.2621 -19.9941 159.3750
6.7901 182 136 148.7930 -22.9849 159.3750
6.7913 187 131 148.2795 -28.2339 159.3750
6.7926 179 139 147.8777 -19.9331 159.3750
6.7939 184 134 147.3409 -24.9380 159.3750
6.7951 190 127 146.7356 -31.5908 159.3750
6.7964 187 131 146.1819 -28.0508 159.3750
6.7976 188 129 145.6194 -29.4546 159.3750
6.7989 193 125 144.9105 -34.1543 159.3750
6.8002 191 127 144.2413 -32.2012 159.3750
6.8015 196 121 143.5193 -37.5723 159.3750
6.8027 192 126 142.8651 -33.2388 159.3750
6.8040 192 126 142.1385 -32.8726 159.3750
6.8052 189 129 141.4633 -30.1870 159.3750
6.8065 199 119 140.6887 -39.7085 159.3750
6.8077 194 123 139.9740 -35.4360 159.3750
6.8090 190 128 139.2519 -30.7363 159.3750
6.8103 191 127 138.5279 -31.9570 159.3750
6.8116 195 123 137.7711 -35.6802 159.3750
6.8128 199 118 136.9649 -40.4409 159.3750
6.8142 189 127 136.2805 -30.6143 158.5938
6.8155 196 121 135.5160 -37.5723 158.5938
6.8168 191 125 134.8352 -33.2388 158.5938
6.8180 193 123 134.1485 -35.0698 158.5938
6.8193 190 126 133.5914 -31.6519 158.5938
6.8205 191 125 133.0255 -33.2998 158.5938
6.8218 189 128 132.5036 -30.4312 158.5938
6.8231 183 134 132.0610 -24.5718 158.5938
6.8244 175 141 131.8829 -17.3696 158.5938
6.8256 172 144 131.7495 -14.1348 158.5938
6.8269 174 142 131.5878 -16.3320 158.5938
6.8282 171 145 131.4767 -12.7920 158.5938
6.8295 164 153 131.6890 -5.4067 158.5938
6.8309 175 142 131.7545 -16.5151 158.5938
6.8321 173 143 131.8475 -14.6230 158.5938
6.8334 175 142 132.1622 -16.5151 158.5938
6.8347 174 142 132.4826 -16.0269 158.5938
6.8361 163 153 132.9341 -4.6743 158.5938
6.8373 166 150 133.3354 -8.2754 158.5938
6.8386 172 144 133.8438 -13.9517 158.5938
6.8399 173 143 134.3340 -14.7451 158.5938
6.8412 166 150 134.8975 -8.0923 158.5938
6.8425 168 148 135.4311 -9.7402 158.5938
6.8438 166 150 136.0612 -7.7261 158.5938
6.8450 168 148 136.6531 -9.9233 158.5938
6.8463 164 153 137.2885 -5.4678 158.5938
6.8476 165 151 137.8905 -7.1157 158.5938
6.8488 174 142 138.3426 -15.6606 158.5938
6.8501 167 149 138.8627 -9.3740 158.5938
6.8514 166 150 139.3865 -8.1533 158.5938
6.8527 162 154 139.9489 -4.1860 158.5938
6.8539 173 143 140.2361 -14.7451 158.5938
6.8552 181 135 140.4144 -22.9238 158.5938
6.8565 166 150 140.7776 -7.8481 158.5938
6.8578 173 143 141.0458 -15.1113 158.5938
6.8591 171 146 141.1558 -12.4868 158.5938
6.8604 171 146 141.2652 -12.4258 158.5938
6.8616 172 144 141.3551 -13.8296 158.5938
6.8629 176 140 141.3900 -18.0410 158.5938
6.8642 177 139 141.1951 -19.3838 158.5938
6.8655 175 141 141.0380 -16.6982 158.5938
6.8667 173 144 140.9124 -14.4399 158.5938
6.8680 184 132 140.6419 -26.2808 158.5938
6.8693 184 132 140.1612 -26.0977 158.5938
6.8706 179 137 139.7459 -21.2148 158.5938
6.8719 181 135 139.3304 -22.8628 158.5938
6.8732 192 124 138.5559 -33.9712 158.5938
6.8744 195 121 137.7936 -37.0840 158.5938
6.8758 186 130 137.1416 -28.1729 158.5938
6.8770 193 124 136.4295 -34.5205 158.5938
6.8783 193 124 135.5697 -34.5815 158.5938
6.8796 199 117 134.6389 -41.3564 158.5938
6.8809 197 119 133.7604 -39.0981 158.5938
6.8821 197 120 132.9070 -38.5488 158.5938
6.8834 209 108 131.8038 -50.4507 158.5938
6.8847 201 115 130.8247 -43.1265 158.5938
6.8859 206 111 129.8039 -47.4600 158.5938
6.8872 208 108 128.7733 -50.0845 158.5938
6.8885 206 111 127.7386 -47.5210 158.5938
6.8898 205 111 126.7242 -47.0938 158.5938
6.8910 211 105 125.6693 -53.1973 158.5938
6.8923 219 98 124.5464 -60.4604 158.5938
6.8936 220 96 123.3844 -61.9253 158.5938
6.8948 214 103 122.3415 -55.4556 158.5938
6.8961 223 93 121.2049 -64.7329 158.5938
6.8974 228 88 120.0290 -69.7378 158.5938
6.8986 218 99 118.9795 -59.4229 158.5938
6.8999 235 81 117.7356 -77.2451 158.5938
6.9011 243 74 116.4240 -84.5083 158.5938
6.9024 236 80 115.2239 -77.6113 158.5938
6.9036 242 74 113.9007 -83.8369 158.5938
6.9049 240 76 112.6307 -81.7007 158.5938
6.9061 245 72 111.3279 -86.5225 158.5938
6.9074 266 50 109.7460 -107.7627 158.5938
6.9087 256 60 108.2175 -98.3633 158.5938
6.9099 259 57 106.7204 -101.1099 158.5938
6.9112 269 47 105.1373 -110.8755 158.5938
6.9124 266 51 103.6249 -107.5186 158.5938
6.9137 256 60 102.1132 -97.8750 158.5938
6.9149 269 47 100.4762 -110.9976 158.5938
6.9162 275 41 98.7263 -116.6738 158.5938
6.9175 275 41 97.0324 -116.7959 158.5938
6.9187 277 39 95.2300 -119.1763 158.5938
6.9200 286 30 93.3614 -127.9653 158.5938
6.9213 282 34 91.5572 -124.2422 158.5938
6.9226 283 33 89.7543 -125.3408 158.5938
6.9238 290 26 87.8366 -131.9326 158.5938
6.9252 291 26 85.8921 -132.5430 158.5938
6.9265 296 20 83.9815 -137.6089 158.5938
6.9278 285 32 82.2253 -126.5615 158.5938
6.9290 294 22 80.4330 -135.8389 158.5938
6.9303 298 18 78.5838 -140.2334 158.5938
6.9316 299 17 76.7803 -140.6606 158.5938
6.9329 295 21 75.1624 -137.3037 158.5938
6.9341 294 22 73.5985 -135.9609 158.5938
6.9354 291 25 72.0699 -132.7261 158.5938
6.9367 291 25 70.5657 -133.1533 158.5938
6.9381 290 26 69.2632 -132.2988 158.5938
6.9394 294 22 67.9322 -136.3882 158.5938
6.9406 287 30 66.7854 -128.5757 158.5938
6.9419 290 26 65.5511 -131.8716 158.5938
6.9433 290 26 64.5196 -132.1157 158.5938
6.9445 287 29 63.5971 -129.3691 158.5938
6.9458 279 37 62.8108 -121.0073 158.5938
6.9471 282 34 62.0218 -123.7539 158.5938
6.9484 284 32 61.3166 -126.0732 158.5938
6.9496 279 37 60.7130 -120.6411 158.5938
6.9509 278 38 60.1671 -119.7256 158.5938
6.9522 279 37 59.5440 -121.3125 158.5938
6.9535 268 48 59.1665 -110.2041 158.5938
6.9548 267 49 58.8011 -108.6782 158.5938
6.9561 264 52 58.4795 -105.6875 158.5938
6.9573 265 51 58.1845 -107.2744 158.5938
6.9586 262 54 57.8694 -104.4058 158.5938
6.9599 254 62 57.7077 -95.9219 158.5938
6.9611 244 72 57.6602 -86.0952 158.5938
6.9624 251 66 57.4265 -92.4429 158.5938
6.9637 243 73 57.3071 -84.6304 158.5938
6.9649 249 67 57.1089 -90.9780 158.5938
6.9662 245 71 56.9672 -86.9497 158.5938
6.9675 246 70 56.6481 -87.8652 158.5938
6.9688 248 68 56.3279 -89.9404 158.5938
6.9700 243 73 56.0715 -85.0576 158.5938
6.9713 233 83 55.9376 -75.2920 158.5938
6.9726 240 76 55.5294 -81.6396 158.5938
6.9739 242 74 55.0809 -84.1421 158.5938
6.9751 239 78 54.7073 -80.4800 158.5938
6.9764 237 79 54.3543 -78.6489 158.5938
6.9777 237 79 53.7375 -79.1372 158.5938
6.9789 240 76 53.1053 -81.9448 158.5938
6.9802 235 82 52.5583 -76.5127 158.5938
6.9814 235 82 52.0277 -76.4517 158.5938
6.9827 232 84 51.2424 -74.1934 158.5938
6.9839 234 83 50.4543 -75.4141 158.5938
6.9852 242 75 49.5682 -83.4097 158.5938
6.9864 243 73 48.6971 -84.9966 158.5938
6.9877 231 85 47.7024 -72.9116 158.5938
6.9889 239 77 46.6184 -81.0293 158.5938
6.9902 238 78 45.5729 -79.8086 158.5938
6.9915 235 81 44.5674 -77.0620 158.5938
6.9927 238 78 43.3076 -79.8086 158.5938
6.9940 243 74 42.0214 -84.4473 158.5938
6.9953 238 78 40.8190 -79.9917 158.5938
6.9965 234 82 39.6703 -76.3906 158.5938
6.9978 245 71 38.2413 -86.8887 158.5938
6.9991 246 70 36.8362 -87.7432 158.5938
7.0004 244 72 35.4613 -86.2173 158.5938
7.0017 248 68 34.0692 -89.6963 158.5938
7.0030 242 74 32.7450 -84.1421 158.5938
7.0043 252 64 31.2685 -94.2129 158.5938
7.0055 255 61 29.8301 -96.8374 158.5938
7.0068 253 63 28.4413 -95.1895 158.5938
7.0081 252 64 27.1252 -93.7856 158.5938
7.0094 246 70 25.9134 -88.1094 158.5938
7.0106 245 71 24.7265 -86.8887 158.5938
7.0119 253 63 23.4614 -95.0063 158.5938
7.0132 254 62 22.2892 -95.6167 158.5938
7.0145 249 68 21.2188 -90.5508 158.5938
7.0158 249 67 20.1653 -90.9780 158.5938
7.0170 255 62 19.1482 -96.5322 158.5938
7.0183 254 63 18.1457 -95.4336 158.5938
7.0196 254 62 17.1715 -96.1660 158.5938
7.0209 252 64 16.2344 -93.8467 158.5938
7.0221 255 61 15.3169 -97.3257 158.5938
7.0234 258 58 14.3893 -99.9502 158.5938
7.0247 252 64 13.5443 -94.0908 158.5938
7.0259 256 60 12.6889 -97.9360 158.5938
7.0272 248 68 11.9034 -89.6963 158.5938
7.0285 254 62 11.0480 -95.8608 158.5938
7.0298 255 61 10.2200 -96.7153 158.5938
7.0310 258 58 9.3413 -99.8892 158.5938
7.0323 261 55 8.3236 -103.3682 158.5938
7.0336 267 49 7.2614 -109.0444 158.5938
7.0349 263 53 6.2687 -104.8940 158.5938
7.0361 259 57 5.3423 -100.9268 158.5938
7.0374 255 61 4.2641 -97.1426 158.5938
7.0387 258 58 3.1921 -99.8892 158.5938
7.0400 266 50 2.0420 -107.7627 158.5938
7.0412 264 52 0.9327 -106.3589 158.5938
7.0425 272 45 -0.5060 -113.5000 158.5938
7.0438 265 51 -1.8429 -107.2134 158.5938
7.0451 254 62 -3.0217 -96.1660 158.5938
7.0463 269 47 -4.3675 -110.9976 158.5938
7.0476 268 48 -5.9525 -110.1431 158.5938
7.0489 260 56 -7.4081 -102.3306 158.5938
7.0502 261 55 -8.8421 -103.2461 158.5938
7.0514 257 60 -10.2006 -98.5464 158.5938
7.0527 266 50 -11.9484 -108.2510 158.5938
7.0540 254 62 -13.4661 -95.6167 158.5938
7.0553 252 64 -14.9326 -94.2129 158.5938
7.0565 255 61 -16.4129 -97.0205 158.5938
7.0578 255 61 -18.0709 -97.0815 158.5938
7.0591 251 65 -19.6778 -92.8091 158.5938
7.0604 247 69 -21.1728 -89.3301 158.5938
7.0617 244 72 -22.7314 -86.4004 158.5938
7.0630 246 70 -24.2948 -87.6821 158.5938
7.0643 238 78 -25.6883 -79.6255 158.5938
7.0656 242 74 -27.1033 -83.6538 158.5938
7.0668 235 81 -28.4318 -76.8789 158.5938
7.0681 238 78 -29.7730 -79.6255 158.5938
7.0694 242 75 -31.1246 -83.4707 158.5938
7.0706 233 83 -32.3400 -74.8647 158.5938
7.0719 235 81 -33.5479 -77.1841 158.5938
7.0732 240 76 -34.7839 -82.2500 158.5938
7.0744 231 85 -35.8832 -72.6675 158.5938
7.0757 230 87 -36.9368 -71.5078 158.5938
7.0770 230 86 -37.9677 -71.8130 158.5938
7.0783 222 94 -38.8623 -64.1226 158.5938
7.0796 210 106 -39.5848 -51.6104 158.5938
7.0808 223 93 -40.4547 -64.6108 158.5938
7.0821 223 93 -41.3031 -65.0381 158.5938
7.0834 215 102 -42.0097 -56.5542 158.5938
7.0847 216 100 -42.7449 -57.8359 158.5938
7.0860 226 90 -43.5690 -67.8457 158.5938
7.0873 217 99 -44.2932 -58.6904 158.5938
7.0886 211 106 -44.9048 -52.4648 158.5938
7.0899 219 97 -45.6347 -61.3760 158.5938
7.0912 215 101 -46.3073 -57.0425 158.5938
7.0925 219 97 -47.0351 -60.6436 158.5938
7.0937 217 99 -47.7259 -58.9346 158.5938
7.0950 218 98 -48.4261 -60.3994 158.5938
7.0963 214 102 -49.1493 -56.1270 158.5938
7.0976 210 106 -49.7868 -52.0376 158.5938
7.0989 225 91 -50.6322 -66.6250 158.5938
7.1002 216 100 -51.3256 -58.3853 158.5938
7.1015 218 98 -52.1333 -59.7280 158.5938
7.1027 207 109 -52.7733 -48.7417 158.5938
7.1040 213 103 -53.4894 -55.1504 158.5938
7.1053 217 99 -54.2229 -58.9346 158.5938
7.1066 213 104 -54.9909 -54.4790 158.5938
7.1078 211 105 -55.7226 -53.1973 158.5938
7.1091 227 89 -56.6642 -69.3716 158.5938
7.1104 210 108 -57.3386 -51.0610 159.3750
7.1116 218 100 -58.1886 -58.9956 159.3750
7.1130 212 105 -58.9768 -53.6245 159.3750
7.1143 220 98 -59.8285 -60.7046 159.3750
7.1155 215 102 -60.5978 -56.4932 159.3750
7.1168 217 101 -61.4423 -58.2632 159.3750
7.1181 214 103 -62.2315 -55.5776 159.3750
7.1194 216 102 -63.0303 -57.2866 159.3750
7.1206 216 102 -63.8066 -57.2866 159.3750
7.1219 223 95 -64.7073 -64.1226 159.3750
7.1232 216 102 -65.5077 -56.9204 159.3750
7.1245 222 96 -66.3779 -62.8408 159.3750
7.1258 214 103 -67.1210 -55.5776 159.3750
7.1271 216 102 -67.9358 -56.9204 159.3750
7.1284 223 95 -68.8158 -64.0005 159.3750
7.1297 221 97 -69.6398 -61.9863 159.3750
7.1309 223 95 -70.4734 -64.1226 159.3750
7.1322 227 91 -71.4168 -67.7847 159.3750
7.1335 220 98 -72.2386 -61.0708 159.3750
7.1348 233 85 -73.2271 -73.9492 159.3750
7.1361 222 96 -74.1511 -63.0239 159.3750
7.1374 226 91 -75.1249 -67.5405 159.3750
7.1387 229 88 -76.1272 -70.4702 159.3750
7.1400 232 86 -77.1309 -73.1558 159.3750
7.1412 229 88 -78.2084 -70.5312 159.3750
7.1425 229 89 -79.2676 -69.7378 159.3750
7.1438 235 83 -80.3758 -75.7803 159.3750
7.1451 235 83 -81.4724 -76.0244 159.3750
7.1464 226 92 -82.5898 -67.1133 159.3750
7.1477 234 84 -83.8079 -75.1699 159.3750
7.1489 232 85 -84.9625 -73.5220 159.3750
7.1502 239 79 -86.1715 -79.8086 159.3750
7.1515 239 79 -87.5673 -79.9307 159.3750
7.1528 234 84 -88.8719 -74.8037 159.3750
7.1540 241 76 -90.2576 -82.5552 159.3750
7.1553 241 77 -91.6015 -82.3110 159.3750
7.1566 237 81 -93.0883 -78.0996 159.3750
7.1579 247 71 -94.6449 -87.7432 159.3750
7.1592 236 81 -96.0554 -77.6113 159.3750
7.1604 244 74 -97.5196 -85.3018 159.3750
7.1617 238 80 -99.0707 -78.8320 159.3750
7.1630 235 83 -100.5704 -75.9634 159.3750
7.1642 247 71 -102.1750 -87.7432 159.3750
7.1655 245 72 -103.7728 -86.5835 159.3750
7.1668 235 83 -105.3421 -75.9023 159.3750
7.1681 240 78 -106.9718 -81.0903 159.3750
7.1694 243 75 -108.6395 -83.9590 159.3750
7.1707 245 73 -110.3462 -86.3394 159.3750
7.1720 241 77 -111.9875 -81.8838 159.3750
7.1733 249 69 -113.6951 -89.6963 159.3750
7.1746 238 80 -115.2449 -78.8320 159.3750
7.1759 243 75 -116.8631 -84.1421 159.3750
7.1772 247 71 -118.5188 -87.7432 159.3750
7.1784 238 80 -120.0076 -79.0762 159.3750
7.1797 229 89 -121.3564 -70.1650 159.3750
7.1810 240 77 -122.7653 -81.3955 159.3750
7.1823 235 83 -124.0889 -75.8413 159.3750
7.1835 231 87 -125.3200 -72.3623 159.3750
7.1848 221 96 -126.4130 -62.5967 159.3750
7.1861 228 90 -127.4075 -69.0664 159.3750
7.1874 224 94 -128.3527 -65.0991 159.3750
7.1886 228 89 -129.3181 -69.5547 159.3750
7.1899 218 99 -130.1475 -59.5449 159.3750
7.1911 216 102 -130.6862 -57.0425 159.3750
7.1924 220 97 -131.2625 -61.3760 159.3750
7.1936 212 106 -131.7277 -53.0752 159.3750
7.1948 214 104 -132.2061 -55.0283 159.3750
7.1961 214 103 -132.4498 -55.5776 159.3750
7.1973 209 109 -132.6238 -50.2676 159.3750
7.1985 214 103 -132.8578 -55.3945 159.3750
7.1998 208 110 -133.0173 -49.0469 159.3750
7.2010 220 98 -133.1443 -60.8267 159.3750
7.2023 205 113 -133.0901 -46.2393 159.3750
7.2035 205 113 -133.0325 -45.9341 159.3750
7.2048 214 104 -133.0891 -55.1504 159.3750
7.2060 220 98 -133.1295 -60.6436 159.3750
7.2073 207 111 -133.0164 -48.0703 159.3750
7.2085 206 112 -132.8920 -46.9717 159.3750
7.2098 203 115 -132.7364 -44.1030 159.3750
7.2111 204 114 -132.6206 -44.7744 159.3750
7.2123 215 103 -132.6541 -56.1270 159.3750
7.2136 203 115 -132.5349 -44.3472 159.3750
7.2149 205 112 -132.4407 -46.4224 159.3750
7.2161 207 111 -132.4808 -48.1313 159.3750
7.2174 204 114 -132.4864 -44.7744 159.3750
7.2187 203 114 -132.4863 -44.4692 159.3750
7.2200 201 117 -132.4560 -41.7227 159.3750
7.2213 206 112 -132.6700 -46.7275 159.3750
7.2226 215 102 -133.0159 -56.4321 159.3750
7.2239 210 108 -133.2832 -51.3662 159.3750
7.2253 205 112 -133.5194 -46.4834 159.3750
7.2266 207 111 -133.9540 -48.1924 159.3750
7.2279 205 113 -134.3511 -45.7510 159.3750
7.2292 205 113 -134.7288 -45.6899 159.3750
7.2305 209 109 -135.3898 -49.8403 159.3750
7.2318 205 113 -135.9860 -46.2393 159.3750
7.2330 202 116 -136.5255 -42.6382 159.3750
7.2343 208 110 -137.1180 -49.1689 159.3750
7.2355 207 111 -137.8990 -48.0703 159.3750
7.2368 210 108 -138.7065 -51.1831 159.3750
7.2381 206 112 -139.4468 -47.2769 159.3750
7.2394 206 112 -140.1858 -46.9717 159.3750
7.2407 210 108 -141.1152 -50.8779 159.3750
7.2419 217 100 -142.1146 -58.5073 159.3750
7.2432 207 111 -142.9489 -47.7041 159.3750
7.2445 213 105 -143.8626 -53.9297 159.3750
7.2458 211 106 -144.8166 -52.4038 159.3750
7.2471 213 105 -145.7898 -54.2349 159.3750
7.2484 213 104 -146.7282 -54.4180 159.3750
7.2497 211 107 -147.6314 -51.7935 159.3750
7.2509 210 108 -148.5240 -50.9390 159.3750
7.2522 205 113 -149.3576 -46.3003 159.3750
7.2535 203 115 -150.1324 -44.0420 159.3750
7.2548 207 110 -150.9497 -48.4976 159.3750
7.2561 209 108 -151.7910 -50.4507 159.3750
7.2573 211 106 -152.6403 -52.5259 159.3750
7.2586 211 107 -153.4657 -51.9155 159.3750
7.2599 214 104 -154.3062 -54.7842 159.3750
7.2612 211 107 -155.1329 -52.0376 159.3750
7.2624 215 103 -155.9771 -55.6997 159.3750
7.2637 200 118 -156.6329 -40.9292 159.3750
7.2650 219 99 -157.5117 -60.0332 159.3750
7.2663 214 104 -158.3251 -55.2114 159.3750
7.2675 210 107 -159.0777 -51.5493 159.3750
7.2688 202 116 -159.7063 -42.7603 159.3750
7.2701 204 113 -160.3843 -45.4458 159.3750
7.2714 211 107 -161.1385 -51.7324 159.3750
7.2726 208 110 -161.8406 -48.9248 159.3750
7.2739 212 105 -162.5898 -53.3804 159.3750
7.2752 208 110 -163.2999 -49.2300 159.3750
7.2765 217 101 -164.1218 -57.9580 159.3750
7.2777 217 101 -164.9202 -58.1411 159.3750
7.2790 215 103 -165.6743 -56.1270 159.3750
7.2803 208 110 -166.3949 -49.1689 159.3750
7.2816 214 103 -167.1837 -55.5166 159.3750
7.2828 216 101 -167.9628 -57.5918 159.3750
7.2840 219 99 -168.7661 -59.7891 159.3750
7.2853 228 90 -169.7374 -68.6392 159.3750
7.2866 212 106 -170.5461 -52.8921 159.3750
7.2879 213 103 -171.3435 -55.0894 158.5938
7.2892 216 100 -172.1603 -57.8359 158.5938
7.2904 219 98 -173.1007 -60.4604 158.5938
7.2917 212 104 -173.9356 -53.9297 158.5938
7.2930 213 103 -174.8044 -55.3945 158.5938
7.2943 218 98 -175.6884 -60.0942 158.5938
7.2956 214 102 -176.5654 -55.6387 158.5938
7.2969 214 102 -177.4501 -55.8218 158.5938
7.2981 208 108 -178.2332 -50.0234 158.5938
7.2994 209 108 -178.9990 -50.4507 158.5938
7.3007 205 111 -179.7534 -47.3989 158.5938
7.3019 205 111 -180.4674 -46.6665 158.5938
7.3032 212 104 -181.2649 -53.8687 158.5938
7.3045 202 114 -181.9207 -44.3472 158.5938
7.3057 196 120 -182.4417 -37.8774 158.5938
7.3070 201 115 -183.0119 -42.6382 158.5938
7.3083 201 115 -183.5780 -42.6382 158.5938
7.3095 185 131 -183.8127 -26.7080 158.5938
7.3108 192 124 -184.1373 -33.9712 158.5938
7.3120 199 117 -184.5354 -40.6240 158.5938
7.3133 199 117 -184.9377 -40.9902 158.5938
7.3146 194 123 -185.1362 -35.4360 158.5938
7.3158 189 127 -185.2869 -30.9805 158.5938
7.3171 192 124 -185.4610 -33.7881 158.5938
7.3183 193 123 -185.6555 -35.0088 158.5938
7.3196 191 126 -185.7205 -32.5063 158.5938
7.3209 190 126 -185.7777 -32.2012 158.5938
7.3222 192 124 -185.8447 -33.7881 158.5938
7.3235 191 125 -185.9176 -32.7505 158.5938
7.3247 190 126 -185.9172 -32.3843 158.5938
7.3260 193 123 -185.9518 -34.8257 158.5938
7.3273 193 123 -185.9841 -35.1309 158.5938
7.3285 191 125 -186.0029 -33.2388 158.5938
7.3298 193 123 -186.0629 -35.2529 158.5938
7.3311 188 128 -186.0629 -30.3701 158.5938
7.3323 198 118 -186.1755 -39.8306 158.5938
7.3336 191 125 -186.2165 -33.3608 158.5938
7.3349 194 122 -186.3896 -36.0464 158.5938
7.3362 193 123 -186.5559 -35.3750 158.5938
7.3374 193 123 -186.7085 -35.2529 158.5938
7.3387 192 125 -186.8400 -33.4829 158.5938
7.3400 191 125 -187.1443 -33.3608 158.5938
7.3413 191 125 -187.4568 -33.3608 158.5938
7.3426 195 120 -187.8101 -37.5723 157.8125
7.3439 192 123 -188.1041 -34.2153 157.8125
7.3452 198 117 -188.7066 -40.7461 157.8125
7.3464 192 122 -189.2145 -35.0088 157.8125
7.3477 187 127 -189.6658 -30.1260 157.8125
7.3490 187 127 -190.1028 -30.0649 157.8125
7.3503 194 121 -190.8334 -36.7788 157.8125
7.3516 196 118 -191.5733 -39.0371 157.8125
7.3528 191 123 -192.2395 -33.9102 157.8125
7.3541 191 124 -192.8805 -33.5439 157.8125
7.3554 191 124 -193.7053 -33.7881 157.8125
7.3566 194 121 -194.5396 -36.2905 157.8125
7.3579 183 132 -195.2305 -25.7925 157.8125
7.3592 196 119 -196.1747 -38.7930 157.8125
7.3605 188 127 -196.9897 -30.4312 157.8125
7.3617 194 120 -197.8689 -36.8398 157.8125
7.3630 195 120 -198.7374 -37.4502 157.8125
7.3643 184 130 -199.5005 -26.9521 157.8125
7.3655 190 124 -200.3120 -32.9946 157.8125
7.3669 188 127 -201.0953 -30.3091 157.8125
7.3682 189 126 -201.8695 -31.7739 157.8125
7.3695 190 124 -202.6119 -33.1167 157.8125
7.3707 183 132 -203.2353 -25.3042 157.8125
7.3720 185 129 -203.8803 -27.8677 157.8125
7.3733 191 124 -204.5783 -33.7271 157.8125
7.3746 192 123 -205.2315 -34.3984 157.8125
7.3759 186 128 -205.7958 -28.9663 157.8125
7.3772 185 130 -206.3407 -27.7456 157.8125
7.3784 190 124 -206.9305 -32.8726 157.8125
7.3797 197 118 -207.5592 -39.5254 157.8125
7.3810 186 129 -208.0318 -28.6001 157.8125
7.3822 191 123 -208.5635 -34.1543 157.8125
7.3835 202 112 -209.2201 -45.1406 157.8125
7.3848 187 128 -209.6519 -29.4546 157.8125
7.3861 188 127 -210.0890 -30.3701 157.8125
7.3873 198 117 -210.6428 -40.6851 157.8125
7.3886 193 122 -211.1244 -35.4360 157.8125
7.3899 202 112 -211.7044 -44.8354 157.8125
7.3911 205 110 -212.3155 -47.4600 157.8125
7.3924 192 122 -212.7635 -35.1309 157.8125
7.3937 195 120 -213.2299 -37.5112 157.8125
7.3949 195 120 -213.7079 -37.3892 157.8125
7.3962 203 112 -214.2817 -45.4458 157.8125
7.3975 196 118 -214.7711 -39.0981 157.8125
7.3988 201 114 -215.3004 -43.4927 157.8125
7.4001 195 119 -215.7765 -37.8774 157.8125
7.4013 201 113 -216.3194 -44.0420 157.8125
7.4026 200 115 -216.8365 -42.6382 157.8125
7.4039 193 121 -217.2953 -36.1685 157.8125
7.4052 195 119 -217.7803 -37.9385 157.8125
7.4065 200 115 -218.3242 -42.4551 157.8125
7.4077 198 117 -218.8216 -40.8071 157.8125
7.4090 192 123 -219.2906 -34.4595 157.8125
7.4103 185 130 -219.6528 -27.8066 157.8125
7.4116 192 122 -220.1042 -34.8257 157.8125
7.4129 186 129 -220.4590 -28.5391 157.8125
7.4141 187 128 -220.8519 -29.7598 157.8125
7.4154 188 127 -221.2437 -30.3091 157.8125
7.4167 193 122 -221.7023 -35.3750 157.8125
7.4180 182 133 -221.9999 -24.2056 157.8125
7.4193 181 134 -222.3086 -23.7783 157.8125
7.4205 187 127 -222.6881 -30.1260 157.8125
7.4218 180 134 -222.9743 -23.1680 157.8125
7.4231 187 127 -223.3377 -30.1260 157.8125
7.4244 197 118 -223.8138 -39.2202 157.8125
7.4257 175 140 -224.0001 -17.4307 157.8125
7.4270 179 136 -224.2375 -21.2148 157.8125
7.4282 180 135 -224.4752 -22.1914 157.8125
7.4296 179 135 -224.7063 -21.9473 157.8125
7.4308 180 135 -224.9250 -22.4355 157.8125
7.4321 169 145 -225.0147 -12.1206 157.8125
7.4334 166 149 -225.0552 -8.6416 157.8125
7.4347 182 132 -225.3098 -24.8159 157.8125
7.4360 179 135 -225.5194 -21.9473 157.8125
7.4372 169 145 -225.6024 -12.1816 157.8125
7.4385 177 138 -225.8350 -19.7500 157.8125
7.4398 174 141 -225.9901 -16.2100 157.8125
7.4411 182 132 -226.2504 -25.1821 157.8125
7.4424 180 135 -226.4741 -22.1914 157.8125
7.4436 187 127 -226.8938 -30.0039 157.8125
7.4449 189 126 -227.2735 -31.2246 157.8125
7.4462 181 133 -227.5476 -24.0835 157.8125
7.4475 179 136 -227.7893 -21.3979 157.8125
7.4487 179 136 -228.1003 -21.5200 157.8125
7.4500 186 129 -228.4950 -28.6001 157.8125
7.4513 184 130 -228.8610 -26.8911 157.8125
7.4525 186 129 -229.2379 -28.5391 157.8125
7.4538 195 120 -229.8048 -37.4502 157.8125
7.4551 193 123 -230.3282 -34.6426 158.5938
7.4564 189 127 -230.7940 -30.6143 158.5938
7.4577 190 126 -231.2693 -32.3232 158.5938
7.4590 193 124 -231.8226 -34.5815 158.5938
7.4603 198 119 -232.4378 -39.5864 158.5938
7.4615 191 126 -232.9457 -32.5674 158.5938
7.4628 193 123 -233.4773 -35.3750 158.5938
7.4641 194 123 -234.0360 -35.4360 158.5938
7.4654 193 123 -234.5847 -35.1309 158.5938
7.4666 187 129 -235.0366 -28.6611 158.5938
7.4679 194 122 -235.5761 -35.8633 158.5938
7.4692 184 132 -235.9793 -25.7314 158.5938
7.4705 189 127 -236.4492 -31.2856 158.5938
7.4717 181 135 -236.7987 -22.6797 158.5938
7.4730 191 125 -237.2681 -32.9946 158.5938
7.4742 192 124 -237.6951 -33.9712 158.5938
7.4755 189 127 -238.0768 -30.6143 158.5938
7.4767 187 129 -238.4334 -28.9053 158.5938
7.4780 185 131 -238.7540 -26.8911 158.5938
7.4792 185 132 -239.0194 -26.5859 158.5938
7.4805 175 141 -239.1579 -16.8813 158.5938
7.4817 187 129 -239.4494 -29.1494 158.5938
7.4830 183 133 -239.6954 -25.3042 158.5938
7.4843 180 136 -239.8506 -21.8862 158.5938
7.4856 187 130 -240.0851 -28.5391 158.5938
7.4868 179 137 -240.2199 -21.1538 158.5938
7.4881 178 138 -240.3004 -19.9941 158.5938
7.4894 174 142 -240.3614 -15.7217 158.5938
7.4906 172 144 -240.4008 -14.1348 158.5938
7.4919 173 143 -240.4507 -15.1724 158.5938
7.4932 181 135 -240.6216 -23.3511 158.5938
7.4944 182 135 -240.8202 -23.4121 158.5938
7.4957 177 139 -240.9638 -19.1396 158.5938
7.4969 169 147 -241.0008 -10.7778 158.5938
7.4982 179 137 -241.2295 -21.1538 158.5938
7.4994 176 140 -241.4505 -17.9800 158.5938
7.5007 181 136 -241.7216 -22.4355 158.5938
7.5019 178 138 -241.9616 -20.2993 158.5938
7.5032 168 148 -242.2187 -10.2896 158.5938
7.5044 172 144 -242.5155 -13.9517 158.5938
7.5057 178 138 -242.8937 -20.3604 158.5938
7.5070 173 143 -243.1885 -14.6230 158.5938
7.5082 178 139 -243.7142 -19.5669 158.5938
7.5095 175 141 -244.1988 -16.6372 158.5938
7.5108 179 137 -244.7211 -20.8486 158.5938
7.5120 173 144 -245.1539 -14.5010 158.5938
7.5133 184 132 -245.9079 -25.6094 158.5938
7.5146 178 139 -246.5704 -19.4448 158.5938
7.5158 181 135 -247.2655 -23.1680 158.5938
7.5171 185 132 -248.0032 -26.4028 159.3750
7.5185 185 133 -248.9338 -25.9146 159.3750
7.5199 184 133 -249.8222 -25.4263 159.3750
7.5211 179 139 -250.6084 -19.7500 159.3750
7.5224 179 139 -251.3861 -19.6279 159.3750
7.5237 181 137 -252.3395 -21.8862 159.3750
7.5250 179 138 -253.2502 -20.4824 159.3750
7.5263 183 135 -254.1982 -23.8394 159.3750
7.5276 181 137 -255.0903 -22.0693 159.3750
7.5289 182 136 -256.0808 -23.1069 159.3750
7.5302 184 133 -257.0746 -25.4873 159.3750
7.5314 177 140 -257.9647 -18.4072 159.3750
7.5327 177 141 -258.8269 -17.9800 159.3750
7.5340 181 137 -259.7441 -22.0083 159.3750
7.5353 173 145 -260.5239 -13.8296 159.3750
7.5366 189 129 -261.4974 -29.9429 159.3750
7.5379 171 147 -262.1816 -12.3037 159.3750
7.5392 181 137 -262.9497 -21.6421 159.3750
7.5404 177 141 -263.6518 -18.2241 159.3750
7.5417 175 143 -264.3210 -16.3320 159.3750
7.5430 178 140 -264.8994 -19.0786 159.3750
7.5443 173 144 -265.4090 -14.5620 159.3750
7.5456 179 139 -265.9784 -20.0552 159.3750
7.5468 183 135 -266.5864 -23.7173 159.3750
7.5481 176 142 -266.9755 -17.1865 159.3750
7.5494 179 139 -267.3849 -19.6890 159.3750
7.5506 179 139 -267.7892 -19.6890 159.3750
7.5520 172 146 -268.1020 -12.6699 159.3750
7.5532 170 147 -268.2798 -11.5103 159.3750
7.5545 165 153 -268.3834 -5.6509 159.3750
7.5558 176 142 -268.6240 -16.8813 159.3750
7.5571 180 138 -268.9215 -21.3369 159.3750
7.5584 168 150 -268.9479 -9.1299 159.3750
7.5597 178 140 -269.1025 -19.2007 159.3750
7.5609 168 150 -269.1194 -8.6416 159.3750
7.5622 172 145 -269.1933 -13.5244 159.3750
7.5634 175 143 -269.2047 -16.2710 159.3750
7.5648 178 140 -269.2639 -19.3228 159.3750
7.5661 176 142 -269.2846 -16.6372 159.3750
7.5673 164 154 -269.1548 -5.0405 159.3750
7.5686 178 139 -269.1240 -19.5669 159.3750
7.5698 173 144 -269.0310 -14.3789 159.3750
7.5711 174 144 -268.9465 -14.9893 159.3750
7.5724 164 154 -268.7427 -5.1626 159.3750
7.5736 167 151 -268.5192 -7.8481 159.3750
7.5749 166 152 -268.2933 -7.3599 159.3750
7.5762 171 146 -268.1345 -12.5479 159.3750
7.5775 164 154 -267.8984 -5.1626 159.3750
7.5787 167 150 -267.6661 -8.3975 159.3750
7.5800 175 143 -267.5298 -16.0269 159.3750
7.5813 169 149 -267.3265 -9.8623 159.3750
7.5825 167 151 -267.0970 -7.8481 159.3750
7.5838 173 145 -266.9448 -13.7075 159.3750
7.5851 179 139 -266.8759 -20.2993 159.3750
7.5863 177 141 -266.7756 -17.7358 159.3750
7.5876 171 147 -266.6178 -11.6934 159.3750
7.5889 172 145 -266.4888 -13.4634 159.3750
7.5901 174 143 -266.3829 -15.4775 159.3750
7.5914 166 152 -266.1754 -6.8716 159.3750
7.5927 165 153 -265.9806 -5.8340 159.3750
7.5940 168 150 -265.8306 -9.1299 159.3750
7.5953 167 151 -265.6696 -8.0923 159.3750
7.5966 174 144 -265.6006 -15.1113 159.3750
7.5979 164 154 -265.4367 -4.7964 159.3750
7.5992 166 151 -265.3128 -7.6040 159.3750
7.6004 164 154 -265.1555 -4.9185 159.3750
7.6017 168 150 -265.0549 -9.0688 159.3750
7.6030 159 158 -264.8870 -0.5850 159.3750
7.6043 166 152 -264.8065 -7.2378 159.3750
7.6056 170 147 -264.7797 -11.5713 159.3750
7.6068 160 157 -264.6288 -1.5005 159.3750
7.6081 164 154 -264.5735 -4.7354 159.3750
7.6094 161 157 -264.4905 -2.3550 159.3750
7.6107 170 147 -264.5208 -11.4492 159.3750
7.6119 166 151 -264.5017 -7.4819 159.3750
7.6132 166 152 -264.5376 -6.9937 159.3750
7.6144 169 149 -264.6101 -9.9233 159.3750
7.6157 154 164 -264.4913 5.3354 159.3750
7.6170 159 158 -264.4485 -0.5850 159.3750
7.6183 169 149 -264.5961 -10.1675 159.3750
7.6196 168 150 -264.7247 -8.7637 159.3750
7.6208 160 158 -264.7507 -0.8901 159.3750
7.6221 163 154 -264.8256 -4.6133 159.3750
7.6234 166 152 -264.9929 -7.2988 159.3750
7.6247 161 157 -265.0891 -1.7446 159.3750
7.6259 160 157 -265.1793 -1.4395 159.3750
7.6272 170 147 -265.4539 -11.5103 159.3750
7.6285 167 150 -265.6826 -8.5806 159.3750
7.6298 164 153 -265.8705 -5.5288 159.3750
7.6310 161 157 -266.0093 -1.9888 159.3750
7.6323 157 161 -266.1378 1.7344 159.3750
7.6336 166 151 -266.3787 -7.4819 159.3750
7.6348 160 157 -266.5381 -1.3784 159.3750
7.6361 166 152 -266.7597 -6.6885 159.3750
7.6373 161 157 -266.9365 -2.3550 159.3750
7.6386 166 151 -267.1743 -7.4209 159.3750
7.6399 159 159 -267.3150 -0.0967 159.3750
7.6412 166 152 -267.5366 -6.7495 159.3750
7.6425 163 155 -267.6947 -3.6978 159.3750
7.6437 165 153 -267.8753 -5.8340 159.3750
7.6450 168 150 -268.0943 -9.2520 159.3750
7.6462 164 154 -268.2567 -5.0405 159.3750
7.6475 161 157 -268.3278 -1.8057 159.3750
7.6488 163 154 -268.4300 -4.4302 159.3750
7.6500 172 146 -268.6320 -12.7920 159.3750
7.6513 168 150 -268.7864 -9.0688 159.3750
7.6526 161 156 -268.7906 -2.4160 159.3750
7.6538 159 159 -268.7667 -0.1577 159.3750
7.6551 156 162 -268.7015 3.1992 159.3750
7.6564 165 153 -268.7507 -5.9561 159.3750
7.6577 165 152 -268.7469 -6.5054 159.3750
7.6589 164 154 -268.7207 -4.9185 159.3750
7.6602 162 156 -268.6689 -2.7822 159.3750
7.6614 164 153 -268.6503 -5.4067 159.3750
7.6627 159 159 -268.5209 -0.1577 159.3750
7.6640 155 163 -268.3412 4.1147 159.3750
7.6653 156 161 -268.1853 2.4668 159.3750
7.6665 168 150 -268.1733 -8.7637 159.3750
7.6678 163 155 -268.0923 -3.8809 159.3750
7.6690 157 161 -267.9412 1.9785 159.3750
7.6703 153 165 -267.7415 6.1899 159.3750
7.6715 161 157 -267.6421 -1.6836 159.3750
7.6728 162 156 -267.5725 -2.6602 159.3750
7.6740 160 158 -267.4828 -0.8901 159.3750
7.6753 164 154 -267.4430 -4.8574 159.3750
7.6765 164 154 -267.4065 -4.9795 159.3750
7.6778 163 155 -267.4113 -4.3081 159.3750
7.6791 156 162 -267.3286 2.6499 159.3750
7.6804 169 149 -267.4016 -9.6792 159.3750
7.6816 166 152 -267.5089 -7.0547 159.3750
7.6830 161 157 -267.5547 -2.1719 159.3750
7.6842 161 157 -267.6000 -2.3550 159.3750
7.6855 159 159 -267.6147 0.0864 159.3750
7.6868 166 152 -267.7960 -7.3599 159.3750
7.6881 162 156 -267.9197 -2.9653 159.3750
7.6893 165 153 -268.0804 -6.2612 159.3750
7.6906 165 152 -268.2399 -6.4443 159.3750
7.6918 172 146 -268.5441 -12.8530 159.3750
7.6931 168 150 -268.7934 -8.7026 159.3750
7.6944 166 151 -269.0219 -7.5430 159.3750
7.6956 160 158 -269.1623 -0.8291 159.3750
7.6969 165 153 -269.4191 -6.1392 159.3750
7.6982 156 161 -269.5630 2.4668 159.3750
7.6995 162 155 -269.7773 -3.3926 159.3750
7.7008 169 149 -270.0763 -10.2285 159.3750
7.7021 159 159 -270.2628 -0.0967 159.3750
7.7034 167 150 -270.5526 -8.5195 159.3750
7.7047 165 153 -270.8047 -6.0171 159.3750
7.7060 163 155 -271.0243 -3.9419 159.3750
7.7073 170 148 -271.3336 -11.0830 159.3750
7.7085 160 158 -271.5059 -0.7070 159.3750
7.7098 162 156 -271.7072 -3.2705 159.3750
7.7111 162 156 -271.8976 -2.7822 159.3750
7.7124 171 147 -272.1824 -11.6934 159.3750
7.7136 165 153 -272.3918 -6.2612 159.3750
7.7149 167 151 -272.6248 -8.2144 159.3750
7.7162 159 158 -272.7271 -0.5239 159.3750
7.7175 166 152 -272.9336 -7.3599 159.3750
7.7188 163 155 -273.0961 -4.3081 159.3750
7.7201 163 155 -273.2532 -4.0640 159.3750
7.7213 169 149 -273.4531 -10.2896 159.3750
7.7226 161 157 -273.5845 -2.2329 159.3750
7.7238 166 151 -273.7775 -7.4209 159.3750
7.7251 160 158 -273.8865 -0.9512 159.3750
7.7264 159 158 -274.0127 -0.5850 159.3750
7.7276 156 162 -274.0904 3.1382 159.3750
7.7289 155 163 -274.1530 4.1758 159.3750
7.7302 156 161 -274.2354 2.4668 159.3750
7.7315 152 166 -274.2771 7.2886 159.3750
7.7328 151 167 -274.3030 8.2041 159.3750
7.7340 153 163 -274.3741 4.8472 158.5938
7.7353 156 160 -274.4805 1.7954 158.5938
7.7366 154 162 -274.5668 4.2979 158.5938
7.7379 151 165 -274.6148 7.1055 158.5938
7.7392 156 160 -274.7266 2.0396 158.5938
7.7404 158 158 -274.8632 -0.1577 158.5938
7.7417 155 161 -274.9539 3.0771 158.5938
7.7430 154 162 -275.0272 4.1147 158.5938
7.7443 151 165 -275.0699 6.6782 158.5938
7.7456 153 164 -275.1243 5.5796 158.5938
7.7469 158 158 -275.2346 -0.3408 158.5938
7.7482 153 164 -275.2678 5.5796 158.5938
7.7494 157 159 -275.3608 0.8188 158.5938
7.7507 156 160 -275.4392 1.8564 158.5938
7.7520 156 161 -275.4905 2.4668 158.5938
7.7532 149 167 -275.4575 9.1807 158.5938
7.7545 151 165 -275.4522 7.1055 158.5938
7.7557 150 166 -275.4391 7.7769 158.5938
7.7570 147 169 -275.3578 11.3169 158.5938
7.7582 143 174 -275.2266 15.4673 158.5938
7.7595 141 176 -275.0663 17.5425 158.5938
7.7608 156 160 -275.1038 2.0396 158.5938
7.7620 150 166 -275.0341 8.2041 158.5938
7.7633 158 158 -275.0636 0.2085 158.5938
7.7645 157 159 -275.0814 1.1240 158.5938
7.7658 157 159 -275.1050 0.8799 158.5938
7.7671 151 166 -275.0049 7.4717 158.5938
7.7683 161 156 -275.0295 -2.5381 158.5938
7.7696 160 156 -275.0496 -2.2329 158.5938
7.7708 155 161 -275.0071 3.0771 158.5938
7.7721 154 162 -274.9062 4.2979 158.5938
7.7733 162 155 -274.9032 -3.5757 158.5938
7.7746 160 156 -274.8851 -2.3550 158.5938
7.7758 159 157 -274.8423 -0.7681 158.5938
7.7771 160 157 -274.7717 -1.4395 158.5938
7.7784 152 164 -274.6157 5.6406 158.5938
7.7797 159 157 -274.5475 -1.2563 158.5938
7.7809 158 159 -274.4290 0.5137 158.5938
7.7822 162 155 -274.3620 -3.5146 158.5938
7.7834 160 156 -274.2780 -1.9888 158.5938
7.7847 157 159 -274.1581 1.0630 158.5938
7.7859 169 147 -274.1826 -11.2661 158.5938
7.7872 164 153 -274.1374 -5.4678 158.5938
7.7884 148 168 -273.8991 10.4014 158.5938
7.7896 157 159 -273.7837 0.7578 158.5938
7.7909 163 153 -273.7510 -5.0405 158.5938
7.7921 164 152 -273.7275 -5.7119 158.5938
7.7933 165 151 -273.7169 -6.7495 158.5938
7.7946 164 153 -273.6910 -5.4678 158.5938
7.7959 160 157 -273.6550 -1.4395 158.5938
7.7971 156 160 -273.5764 2.1006 158.5938
7.7983 159 158 -273.5319 -0.5850 158.5938
7.7996 159 158 -273.4883 -0.5850 158.5938
7.8008 167 149 -273.5863 -9.0688 158.5938
7.8020 155 162 -273.5311 3.4434 158.5938
7.8033 162 154 -273.5699 -4.2471 158.5938
7.8045 160 156 -273.5821 -2.1108 158.5938
7.8057 161 155 -273.6521 -2.9653 158.5938
7.8070 160 156 -273.7083 -1.9277 158.5938
7.8082 157 159 -273.7301 0.8188 158.5938
7.8095 156 160 -273.7357 2.0396 158.5938
7.8107 164 152 -273.8831 -5.8340 158.5938
7.8120 158 158 -273.9552 0.0254 158.5938
7.8133 155 161 -273.9888 3.0161 158.5938
7.8145 149 167 -273.9451 9.2417 158.5938
7.8158 164 152 -274.1241 -5.7119 158.5938
7.8171 157 162 -274.2001 2.2837 160.1562
7.8183 152 168 -274.2033 7.9600 160.1562
7.8196 153 167 -274.2197 6.9834 160.1562
7.8208 154 165 -274.2660 5.7017 160.1562
7.8222 159 160 -274.3708 0.7578 160.1562
7.8235 153 167 -274.3929 7.1055 160.1562
7.8247 149 170 -274.3711 10.7676 160.1562
7.8260 158 161 -274.4554 1.3071 160.1562
7.8273 151 168 -274.4473 8.6924 160.1562
7.8286 153 166 -274.4626 6.6172 160.1562
7.8298 146 174 -274.3867 14.0024 160.1562
7.8311 149 170 -274.3146 10.7065 160.1562
7.8324 149 171 -274.2409 11.1338 160.1562
7.8337 144 175 -274.1144 15.1621 160.1562
7.8350 153 166 -274.1020 6.6172 160.1562
7.8363 153 166 -274.0291 6.8003 160.1562
7.8376 153 166 -273.9650 6.3120 160.1562
7.8388 147 172 -273.8211 12.7817 160.1562
7.8401 147 173 -273.6761 13.1479 160.1562
7.8414 146 174 -273.4716 13.8804 160.1562
7.8427 150 169 -273.3312 9.3027 160.1562
7.8439 143 176 -273.1045 16.6270 160.1562
7.8452 145 174 -272.8769 14.4907 160.1562
7.8465 142 175 -272.6111 16.4438 158.5938
7.8478 138 178 -272.2973 19.8008 158.5938
7.8491 141 175 -272.0212 17.3594 158.5938
7.8504 140 176 -271.7145 18.2139 158.5938
7.8517 134 183 -271.3310 24.5005 158.5938
7.8530 139 178 -271.0171 19.4956 158.5938
7.8543 137 179 -270.6887 20.9604 158.5938
7.8555 133 183 -270.2953 24.9888 158.5938
7.8568 142 174 -270.0228 15.6504 158.5938
7.8581 140 176 -269.7310 17.7256 158.5938
7.8593 137 179 -269.4044 21.0825 158.5938
7.8606 134 183 -269.0330 24.4395 158.5938
7.8618 139 177 -268.7405 18.7021 158.5938
7.8631 140 176 -268.4674 17.6035 158.5938
7.8644 134 182 -268.1187 23.7681 158.5938
7.8657 138 178 -267.8188 19.6787 158.5938
7.8670 134 182 -267.4771 23.9512 158.5938
7.8683 130 186 -267.0833 28.1016 158.5938
7.8696 134 182 -266.7579 23.8291 158.5938
7.8708 138 178 -266.4908 20.1060 158.5938
7.8721 131 185 -266.1509 27.1250 158.5938
7.8734 140 176 -265.9231 18.3359 158.5938
7.8747 130 186 -265.5728 27.7354 158.5938
7.8759 145 171 -265.4294 13.2090 158.5938
7.8772 132 184 -265.1205 25.7822 158.5938
7.8785 142 174 -264.9456 16.0776 158.5938
7.8798 138 178 -264.7336 19.9839 158.5938
7.8810 130 186 -264.4129 28.3457 158.5938
7.8823 135 181 -264.1739 22.7305 158.5938
7.8836 140 177 -263.9869 18.4580 158.5938
7.8849 139 177 -263.8247 18.8853 158.5938
7.8862 138 178 -263.6201 19.9229 158.5938
7.8874 145 171 -263.5160 12.6597 158.5938
7.8887 141 175 -263.3579 16.6270 158.5938
7.8899 147 169 -263.2729 11.2559 158.5938
7.8912 141 175 -263.1057 16.6270 158.5938
7.8925 142 174 -262.9518 16.1387 158.5938
7.8938 138 179 -262.7495 20.4111 158.5938
7.8951 142 174 -262.5879 16.0776 158.5938
7.8963 140 176 -262.4124 17.9087 158.5938
7.8976 146 170 -262.3138 11.9883 158.5938
7.8988 138 179 -262.1135 20.5332 158.5938
7.9001 137 179 -261.8978 20.8384 158.5938
7.9013 147 169 -261.8016 11.3779 158.5938
7.9025 145 172 -261.6831 13.4531 158.5938
7.9038 144 172 -261.5533 14.1245 158.5938
7.9051 144 172 -261.4122 13.8804 158.5938
7.9064 139 177 -261.2165 19.0073 158.5938
7.9077 138 178 -261.0146 19.6177 158.5938
7.9090 150 166 -260.9561 8.2651 158.5938
7.9102 140 176 -260.7654 18.2139 158.5938
7.9115 142 174 -260.5997 16.1387 158.5938
7.9128 142 174 -260.4413 16.0166 158.5938
7.9141 137 179 -260.2219 21.2046 158.5938
7.9154 141 175 -260.0437 17.3594 158.5938
7.9166 142 174 -259.8906 15.6504 158.5938
7.9179 145 171 -259.7721 13.2700 158.5938
7.9192 140 176 -259.5942 18.0918 158.5938
7.9204 137 179 -259.3766 21.2656 158.5938
7.9217 142 174 -259.2335 15.6504 158.5938
7.9230 144 173 -259.1078 14.5518 158.5938
7.9243 133 184 -258.8426 25.4160 158.5938
7.9255 130 187 -258.5453 28.4678 158.5938
7.9268 133 183 -258.2898 24.9888 158.5938
7.9281 130 187 -258.0039 28.4067 158.5938
7.9294 133 183 -257.7562 24.8667 158.5938
7.9307 133 183 -257.5212 24.6836 158.5938
7.9320 133 184 -257.2795 25.4771 158.5938
7.9333 137 179 -257.0984 20.6553 158.5938
7.9346 136 180 -256.8901 21.7539 158.5938
7.9359 132 184 -256.6433 26.0264 158.5938
7.9372 128 188 -256.3640 29.8105 158.5938
7.9385 131 185 -256.1156 26.8198 158.5938
7.9398 132 184 -255.8771 25.9043 158.5938
7.9411 132 184 -255.6357 26.3315 158.5938
7.9424 138 178 -255.4826 19.6787 158.5938
7.9436 138 178 -255.3311 20.1670 158.5938
7.9449 132 184 -255.1067 26.2705 158.5938
7.9461 132 185 -254.8823 26.5757 158.5938
7.9474 128 188 -254.6183 30.1768 158.5938
7.9487 128 189 -254.3462 30.4209 158.5938
7.9500 130 186 -254.1248 27.7964 158.5938
7.9512 138 179 -253.9956 20.4111 158.5938
7.9525 133 183 -253.8176 24.8057 158.5938
7.9538 136 180 -253.6740 22.0591 158.5938
7.9550 136 180 -253.5509 21.6929 158.5938
7.9563 131 185 -253.3538 27.3081 158.5938
7.9576 129 187 -253.1456 29.0171 158.5938
7.9589 136 181 -253.0208 22.4863 158.5938
7.9602 129 187 -252.8421 28.8950 158.5938
7.9614 126 190 -252.6315 31.7026 158.5938
7.9627 126 190 -252.4207 32.3740 158.5938
7.9640 138 179 -252.3559 20.4722 158.5938
7.9653 141 175 -252.3633 16.9932 158.5938
7.9665 133 183 -252.2724 24.7446 158.5938
7.9678 138 178 -252.2421 20.2280 158.5938
7.9691 135 181 -252.1765 22.7915 158.5938
7.9703 139 178 -252.1706 19.4346 158.5938
7.9716 136 180 -252.1313 21.8149 158.5938
7.9729 139 177 -252.1360 18.7632 158.5938
7.9742 142 174 -252.1418 15.8335 158.5938
7.9754 136 180 -252.1052 21.6318 158.5938
7.9767 145 171 -252.1777 12.7817 158.5938
7.9780 133 183 -252.0963 24.8057 158.5938
7.9792 140 176 -252.0494 18.3970 158.5938
7.9805 142 174 -252.0486 16.2607 158.5938
7.9818 139 177 -252.0134 19.0684 158.5938
7.9830 133 183 -251.9096 24.9888 158.5938
7.9843 135 181 -251.7571 22.9136 158.5938
7.9856 135 182 -251.6041 23.5850 158.5938
7.9869 131 185 -251.3978 27.3081 158.5938
7.9881 139 178 -251.3029 19.4956 158.5938
7.9894 144 172 -251.1563 14.3076 158.5938
7.9907 133 183 -250.8920 24.7446 158.5938
7.9919 135 181 -250.6439 23.4019 158.5938
7.9932 137 179 -250.4316 20.7773 158.5938
7.9945 134 182 -250.0233 23.7681 158.5938
7.9958 131 185 -249.5750 27.2471 158.5938
7.9971 135 181 -249.1864 22.6084 158.5938
7.9983 136 182 -248.8143 23.2188 159.3750
7.9996 126 192 -248.1262 32.7402 159.3750
8.0009 138 179 -247.6022 20.5332 159.3750
8.0022 133 185 -247.0322 25.7212 159.3750
8.0034 133 185 -246.4709 25.7212 159.3750
8.0047 131 186 -245.6969 27.4302 159.3750
8.0060 129 189 -244.9083 29.7495 159.3750
8.0073 127 191 -244.1067 31.8857 159.3750
8.0085 130 188 -243.3664 28.7729 159.3750
8.0098 136 182 -242.5672 22.9136 159.3750
8.0110 132 186 -241.7322 26.8809 159.3750
8.0123 136 182 -240.9517 23.3408 159.3750
8.0136 140 178 -240.2419 18.8853 159.3750
8.0149 135 183 -239.3944 24.1343 159.3750
8.0162 137 180 -238.5979 21.5708 159.3750
8.0175 127 190 -237.6923 31.3975 159.3750
8.0187 131 186 -236.8575 27.4302 159.3750
8.0200 141 177 -236.1448 18.1528 159.3750
8.0213 134 184 -235.3562 25.1108 159.3750
8.0226 138 180 -234.6371 21.3267 159.3750
8.0239 149 168 -234.1329 9.4248 159.3750
8.0251 144 173 -233.5593 14.6128 159.3750
8.0264 153 165 -233.1041 6.2510 159.3750
8.0277 147 171 -232.5848 12.0493 159.3750
8.0289 145 173 -232.1140 14.0024 159.3750
8.0302 139 178 -231.5822 19.4346 159.3750
8.0315 142 176 -231.0947 16.8711 159.3750
8.0328 148 170 -230.6850 11.2559 159.3750
8.0341 143 175 -230.2715 16.1387 159.3750
8.0353 140 178 -229.8416 18.6411 159.3750
8.0366 142 176 -229.4318 17.3594 159.3750
8.0379 137 181 -228.9625 21.9980 159.3750
8.0392 130 187 -228.4631 28.5288 159.3750
8.0405 135 183 -228.0231 23.8291 159.3750
8.0418 148 170 -227.7587 11.0117 159.3750
8.0430 145 173 -227.4645 14.0024 159.3750
8.0443 136 182 -227.0542 22.8525 159.3750
8.0456 129 188 -226.5672 29.4443 159.3750
8.0469 137 181 -226.1831 21.9370 159.3750
8.0481 133 185 -225.7568 25.8433 159.3750
8.0494 130 188 -225.2640 28.7729 159.3750
8.0507 140 178 -224.9005 18.8242 159.3750
8.0520 121 197 -224.3125 37.8672 159.3750
8.0532 128 189 -223.8186 30.5430 159.3750
8.0546 125 193 -223.2117 34.3271 159.3750
8.0559 125 193 -222.6182 34.3271 159.3750
8.0571 131 186 -222.1346 27.4912 159.3750
8.0584 126 192 -221.5907 32.9844 159.3750
8.0596 127 191 -220.9985 31.8857 159.3750
8.0609 133 185 -220.4910 26.0874 159.3750
8.0622 122 196 -219.8523 37.3179 159.3750
8.0634 124 193 -219.1937 34.5103 159.3750
8.0647 122 195 -218.5349 36.4023 159.3750
8.0660 127 190 -217.9467 31.4585 159.3750
8.0673 120 198 -217.2776 39.2710 159.3750
8.0685 116 202 -216.5475 43.2993 159.3750
8.0698 120 197 -215.8915 38.4775 159.3750
8.0711 114 203 -215.1508 44.5811 159.3750
8.0724 125 192 -214.5775 33.4727 159.3750
8.0737 123 194 -214.0068 35.4258 159.3750
8.0749 119 199 -213.3947 39.7593 159.3750
8.0762 115 203 -212.7485 43.8486 159.3750
8.0775 121 197 -212.1715 38.3555 159.3750
8.0788 125 193 -211.7124 34.3271 159.3750
8.0800 115 202 -211.1417 43.6045 159.3750
8.0813 124 194 -210.6967 34.6934 159.3750
8.0826 118 200 -210.1834 40.6748 159.3750
8.0839 121 196 -209.7696 37.6230 159.3750
8.0851 116 201 -209.3110 42.4448 159.3750
8.0864 122 196 -208.9319 37.3179 159.3750
8.0877 127 190 -208.6232 31.5195 159.3750
8.0889 120 198 -208.3035 39.2100 159.3750
8.0902 119 199 -207.9714 40.3086 159.3750
8.0914 128 190 -207.7673 31.0312 159.3750
8.0927 117 201 -207.4123 42.1396 159.3750
8.0940 121 197 -207.1787 38.2944 159.3750
8.0952 127 191 -207.0241 32.1909 159.3750
8.0965 129 188 -206.9042 29.4443 159.3750
8.0978 130 187 -206.7983 28.5898 159.3750
8.0990 134 184 -206.7894 24.9277 159.3750
8.1003 128 190 -206.7045 31.1533 159.3750
8.1015 133 185 -206.6838 26.1484 159.3750
8.1028 125 193 -206.5616 34.2661 159.3750
8.1041 121 197 -206.4302 38.1113 159.3750
8.1053 125 193 -206.3494 34.2661 159.3750
8.1066 127 190 -206.3043 31.4585 159.3750
8.1078 128 190 -206.2749 30.6650 159.3750
8.1091 129 188 -206.2746 29.4443 159.3750
8.1104 134 183 -206.3377 24.5615 159.3750
8.1116 130 188 -206.3484 28.8340 159.3750
8.1129 128 189 -206.3333 30.5430 159.3750
8.1141 131 187 -206.3556 28.3457 159.3750
8.1154 129 188 -206.3633 29.4443 159.3750
8.1167 123 195 -206.2750 36.0972 159.3750
8.1180 130 188 -206.2338 29.0781 159.3750
8.1193 128 190 -206.1921 31.3364 159.3750
8.1206 126 192 -206.1402 32.9233 159.3750
8.1219 128 190 -206.1073 30.7261 159.3750
8.1232 127 191 -206.0301 32.0688 159.3750
8.1244 119 199 -205.8547 40.0645 159.3750
8.1257 121 197 -205.7076 37.8062 159.3750
8.1270 118 199 -205.5380 40.4307 159.3750
8.1283 120 198 -205.3205 38.6606 159.3750
8.1296 116 202 -205.0729 42.6890 159.3750
8.1308 122 195 -204.9013 36.5244 159.3750
8.1321 120 197 -204.7098 38.5996 159.3750
8.1334 121 197 -204.4543 37.9282 159.3750
8.1347 121 196 -204.2047 37.5010 159.3750
8.1359 117 201 -203.9054 42.3228 159.3750
8.1372 119 199 -203.6434 40.0034 159.3750
8.1385 118 200 -203.2786 40.6748 159.3750
8.1398 125 193 -203.0177 33.9609 159.3750
8.1410 118 200 -202.6669 41.1021 159.3750
8.1423 122 196 -202.3792 36.8296 159.3750
8.1436 119 199 -201.9477 40.3086 159.3750
8.1449 131 186 -201.6813 27.5522 159.3750
8.1462 122 196 -201.3044 37.1348 159.3750
8.1474 120 198 -200.9068 39.3320 159.3750
8.1487 119 199 -200.3953 40.1255 159.3750
8.1500 114 204 -199.8424 44.8862 159.3750
8.1512 128 190 -199.4826 30.8481 159.3750
8.1525 116 202 -198.9769 42.6279 159.3750
8.1538 124 193 -198.4650 34.5713 159.3750
8.1551 122 196 -197.9399 37.1348 159.3750
8.1563 120 197 -197.4088 38.4775 159.3750
8.1576 126 191 -196.9562 32.4351 159.3750
8.1589 121 197 -196.3395 37.9282 159.3750
8.1602 127 191 -195.8094 32.0688 159.3750
8.1615 117 201 -195.1597 42.2617 159.3750
8.1627 122 196 -194.5166 36.7075 159.3750
8.1640 121 196 -193.8716 37.6230 159.3750
8.1653 121 197 -193.2363 37.8062 159.3750
8.1665 120 198 -192.6016 38.7827 159.3750
8.1678 125 193 -191.9758 34.2661 159.3750
8.1691 119 199 -191.2863 39.9424 159.3750
8.1703 122 196 -190.6613 36.9517 159.3750
8.1716 133 185 -190.1846 25.9653 159.3750
8.1728 121 197 -189.5427 37.8672 159.3750
8.1741 123 195 -188.9137 36.3413 159.3750
8.1754 121 195 -188.3007 36.8296 158.5938
8.1766 119 197 -187.6778 39.1489 158.5938
8.1780 117 199 -187.0200 40.6138 158.5938
8.1793 122 194 -186.4428 36.1582 158.5938
8.1805 118 198 -185.8411 40.1865 158.5938
8.1818 120 196 -185.2641 37.8672 158.5938
8.1831 114 202 -184.6359 43.6045 158.5938
8.1844 115 201 -184.0409 42.8110 158.5938
8.1857 117 199 -183.4670 41.1631 158.5938
8.1870 112 204 -182.8462 46.1680 158.5938
8.1883 123 193 -182.3731 34.6934 158.5938
8.1896 112 204 -181.7792 45.7407 158.5938
8.1909 114 202 -181.2083 44.1538 158.5938
8.1921 113 203 -180.6581 44.6421 158.5938
8.1934 108 208 -180.0172 50.0742 158.5938
8.1946 115 201 -179.4728 43.2383 158.5938
8.1959 109 207 -178.8584 48.6094 158.5938
8.1972 112 205 -178.2977 46.4731 158.5938
8.1985 119 197 -177.7723 39.1489 158.5938
8.1997 112 204 -177.1662 46.3511 158.5938
8.2010 110 206 -176.5575 47.6328 158.5938
8.2023 108 208 -175.8476 49.7080 158.5938
8.2036 111 205 -175.1938 47.2666 158.5938
8.2049 117 199 -174.6367 40.7358 158.5938
8.2062 107 209 -173.9616 51.0508 158.5938
8.2074 111 205 -173.2928 46.8394 158.5938
8.2087 102 214 -172.5164 55.9946 158.5938
8.2100 104 212 -171.7777 53.6143 158.5938
8.2113 109 208 -171.1145 49.5249 158.5938
8.2126 112 204 -170.4665 45.6187 158.5938
8.2138 110 206 -169.8077 47.6328 158.5938
8.2151 100 217 -169.0209 58.5581 158.5938
8.2164 109 207 -168.3568 49.2808 158.5938
8.2177 102 215 -167.6008 56.5439 158.5938
8.2190 96 220 -166.7757 62.0371 158.5938
8.2202 97 219 -165.9958 61.3657 158.5938
8.2215 102 214 -165.2823 55.9946 158.5938
8.2228 102 214 -164.5548 55.9336 158.5938
8.2240 99 217 -163.8194 58.6191 158.5938
8.2253 98 218 -163.0847 59.7788 158.5938
8.2265 103 213 -162.4234 54.6519 158.5938
8.2278 101 215 -161.6876 57.3374 158.5938
8.2291 95 221 -160.8973 62.6475 158.5938
8.2303 102 218 -160.1741 58.1309 160.1562
8.2316 110 209 -159.5793 49.1587 160.1562
8.2329 103 217 -158.8291 57.0933 160.1562
8.2342 102 218 -158.1024 58.1309 160.1562
8.2355 102 218 -157.3663 57.9478 160.1562
8.2368 106 213 -156.7132 53.5532 160.1562
8.2381 103 216 -155.9718 56.1777 160.1562
8.2394 112 207 -155.3695 47.2056 160.1562
8.2406 103 217 -154.6452 57.1543 160.1562
8.2419 108 211 -154.0289 51.4170 160.1562
8.2432 103 216 -153.2953 56.6050 160.1562
8.2444 95 224 -152.4888 64.3564 160.1562
8.2457 100 219 -151.7465 59.1685 160.1562
8.2470 107 212 -151.1239 52.8208 160.1562
8.2483 103 216 -150.4032 56.6050 160.1562
8.2495 107 213 -149.7550 52.8818 160.1562
8.2508 104 215 -149.0815 55.2012 160.1562
8.2521 100 220 -148.3427 60.1450 160.1562
8.2533 103 216 -147.6543 56.2388 160.1562
8.2546 112 207 -147.0939 47.6328 160.1562
8.2559 116 204 -146.5889 43.9097 160.1562
8.2571 112 207 -146.0268 47.3276 160.1562
8.2584 117 202 -145.5306 42.4448 160.1562
8.2597 117 203 -145.0297 43.1162 160.1562
8.2610 112 207 -144.4732 47.6328 160.1562
8.2622 113 207 -143.9073 47.0835 160.1562
8.2635 120 199 -143.4480 39.2710 160.1562
8.2648 111 208 -142.8945 48.4873 160.1562
8.2661 111 209 -142.3365 48.9146 160.1562
8.2673 105 215 -141.6943 54.9570 160.1562
8.2686 117 202 -141.2119 42.4448 160.1562
8.2699 109 211 -140.6238 51.0508 160.1562
8.2712 110 210 -140.0677 49.8911 160.1562
8.2725 114 205 -139.5425 45.2524 160.1562
8.2738 111 208 -138.9886 48.3652 160.1562
8.2750 106 213 -138.3893 53.3701 160.1562
8.2763 119 200 -137.9611 40.3696 160.1562
8.2776 106 214 -137.3368 54.1025 160.1562
8.2788 113 207 -136.8062 47.0835 160.1562
8.2801 109 210 -136.2521 50.6846 160.1562
8.2814 102 218 -135.6057 58.1309 160.1562
8.2826 106 213 -134.9979 53.6753 160.1562
8.2839 112 207 -134.4641 47.5718 160.1562
8.2852 104 215 -133.8297 55.8115 160.1562
8.2865 110 209 -133.2852 49.1587 160.1562
8.2877 105 214 -132.6596 54.2856 160.1562
8.2890 106 214 -132.0504 53.9805 160.1562
8.2903 101 218 -131.3883 58.6191 160.1562
8.2916 106 213 -130.7306 53.3091 160.1562
8.2928 98 222 -130.0020 61.9150 160.1562
8.2941 101 218 -129.3166 58.5581 160.1562
8.2954 106 212 -128.6983 53.1870 159.3750
8.2967 100 218 -127.9750 59.0464 159.3750
8.2980 103 215 -127.3180 55.8115 159.3750
8.2993 101 217 -126.6264 58.1919 159.3750
8.3006 103 214 -126.0080 55.4453 159.3750
8.3018 100 218 -125.2821 59.1074 159.3750
8.3031 107 211 -124.6599 51.9053 159.3750
8.3044 90 227 -123.8352 68.4458 159.3750
8.3056 91 227 -123.0548 68.2017 159.3750
8.3069 85 232 -122.0971 73.4507 159.3750
8.3082 92 226 -121.2420 66.7368 159.3750
8.3094 102 216 -120.5257 57.1543 159.3750
8.3107 96 222 -119.7396 62.8916 159.3750
8.3120 91 227 -118.7950 68.0186 159.3750
8.3133 99 218 -118.0016 59.5957 159.3750
8.3146 94 223 -117.1379 64.4175 159.3750
8.3158 94 223 -116.3087 64.4175 159.3750
8.3171 96 222 -115.4043 62.8916 159.3750
8.3183 88 230 -114.4145 70.9482 159.3750
8.3196 102 216 -113.6166 57.0933 159.3750
8.3209 97 221 -112.7822 61.9761 159.3750
8.3221 99 219 -111.9144 59.7178 159.3750
8.3234 94 223 -110.9953 64.6006 159.3750
8.3247 92 225 -110.0727 66.4927 159.3750
8.3260 98 220 -109.2502 61.3657 159.3750
8.3272 98 219 -108.4224 60.5723 159.3750
8.3285 95 223 -107.5928 63.8682 159.3750
8.3298 97 221 -106.7955 61.7930 159.3750
8.3310 99 218 -106.0518 59.5347 159.3750
8.3323 101 217 -105.3762 58.1919 159.3750
8.3335 101 217 -104.7167 58.1309 159.3750
8.3348 98 219 -104.0418 60.5112 159.3750
8.3360 95 223 -103.3557 63.8682 159.3750
8.3373 103 215 -102.8346 55.7505 159.3750
8.3386 93 225 -102.1889 66.1265 159.3750
8.3399 108 210 -101.7325 51.1729 159.3750
8.3412 101 217 -101.2829 57.6426 159.3750
8.3424 106 212 -100.9147 52.6377 159.3750
8.3437 107 211 -100.5609 51.6611 159.3750
8.3450 115 203 -100.3100 44.0317 159.3750
8.3463 113 204 -100.0880 45.5576 159.3750
8.3475 111 206 -99.8293 47.4497 159.3750
8.3488 108 210 -99.5258 51.3560 159.3750
8.3501 112 205 -99.2937 46.5952 159.3750
8.3514 113 205 -99.0557 45.8628 159.3750
8.3527 116 202 -98.8442 42.7500 159.3750
8.3540 115 203 -98.6264 44.0317 159.3750
8.3553 116 202 -98.4191 43.3604 159.3750
8.3566 118 199 -98.1805 40.4307 159.3750
8.3578 115 203 -97.9111 44.0317 159.3750
8.3591 117 201 -97.6665 42.0176 159.3750
8.3604 119 199 -97.4584 39.8203 159.3750
8.3617 118 200 -97.0946 41.1631 159.3750
8.3630 127 190 -96.8716 31.3975 159.3750
8.3643 124 194 -96.5992 35.0596 159.3750
8.3655 119 199 -96.2803 40.0645 159.3750
8.3668 120 198 -95.8120 39.3320 159.3750
8.3681 117 200 -95.3324 41.5293 159.3750
8.3694 119 199 -94.8691 40.0645 159.3750
8.3707 107 211 -94.2848 51.8442 159.3750
8.3720 114 204 -93.6197 45.2524 159.3750
8.3732 116 202 -93.0093 42.9331 159.3750
8.3745 127 191 -92.5393 31.8857 159.3750
8.3758 112 206 -91.9051 46.7173 159.3750
8.3770 120 198 -91.2319 38.7217 159.3750
8.3783 114 203 -90.4937 44.5811 159.3750
8.3796 119 198 -89.8372 39.3931 159.3750
8.3809 118 200 -89.0514 40.9189 159.3750
8.3821 119 199 -88.3075 39.8813 159.3750
8.3834 111 207 -87.4750 48.0601 159.3750
8.3847 111 206 -86.6687 47.3887 159.3750
8.3859 106 212 -85.7273 53.2480 159.3750
8.3872 112 205 -84.8852 46.5952 159.3750
8.3885 107 211 -83.9961 52.3325 159.3750
8.3897 105 213 -83.1043 54.0415 159.3750
8.3910 109 208 -82.2518 49.5249 159.3750
8.3923 102 216 -81.2997 56.7881 159.3750
8.3935 108 209 -80.4575 50.4404 159.3750
8.3948 112 205 -79.6848 46.5952 159.3750
8.3960 116 202 -78.9520 43.2383 159.3750
8.3973 101 217 -78.0524 57.8257 159.3750
8.3986 106 212 -77.2264 53.3701 159.3750
8.3998 102 216 -76.3722 57.0322 159.3750
8.4011 109 209 -75.6196 49.6470 159.3750
8.4023 105 213 -74.8252 54.2856 159.3750
8.4036 101 217 -74.0005 57.8257 159.3750
8.4049 107 211 -73.2655 52.0884 159.3750
8.4061 108 210 -72.5692 50.8066 159.3750
8.4074 107 211 -71.8725 51.9663 159.3750
8.4087 113 204 -71.2536 45.4966 159.3750
8.4099 116 202 -70.6940 42.8110 159.3750
8.4112 105 212 -70.0212 53.5532 159.3750
8.4125 107 211 -69.3855 51.6611 159.3750
8.4137 109 209 -68.7832 50.0132 159.3750
8.4150 114 204 -68.2549 45.0083 159.3750
8.4163 113 205 -67.6784 46.3511 159.3750
8.4176 114 205 -67.1486 45.6187 160.1562
8.4190 100 219 -66.4238 59.4126 160.1562
8.4203 98 221 -65.7242 61.6099 160.1562
8.4215 107 212 -65.1436 52.5156 160.1562
8.4228 102 218 -64.4953 57.9478 160.1562
8.4241 113 207 -64.0085 46.9004 160.1562
8.4254 103 216 -63.3989 56.7271 160.1562
8.4267 107 212 -62.8499 52.5767 160.1562
8.4280 107 213 -62.2926 53.0649 160.1562
8.4292 111 209 -61.8089 48.9756 160.1562
8.4305 104 215 -61.2098 55.3843 160.1562
8.4318 112 208 -60.7311 47.9380 160.1562
8.4331 107 212 -60.1921 52.3936 160.1562
8.4344 105 214 -59.6624 54.1636 160.1562
8.4357 114 206 -59.2068 46.0459 160.1562
8.4369 108 211 -58.7113 51.5391 160.1562
8.4383 106 213 -58.1703 53.3701 160.1562
8.4395 110 209 -57.7167 49.7690 160.1562
8.4408 109 210 -57.2344 50.6846 160.1562
8.4421 108 212 -56.7657 51.9053 160.1562
8.4434 107 212 -56.2800 52.8208 160.1562
8.4447 110 209 -55.8587 49.7690 160.1562
8.4459 110 209 -55.4468 49.5859 160.1562
8.4472 108 211 -55.0282 51.5391 160.1562
8.4485 105 215 -54.5529 55.0181 160.1562
8.4498 112 207 -54.1943 47.5718 160.1562
8.4511 112 207 -53.8541 47.3887 160.1562
8.4524 107 212 -53.4684 52.6377 160.1562
8.4537 110 210 -53.1159 50.0742 160.1562
8.4549 117 202 -52.8820 42.2007 160.1562
8.4562 120 199 -52.7030 39.5762 160.1562
8.4575 110 209 -52.4020 49.5249 160.1562
8.4588 114 205 -52.1500 45.3135 160.1562
8.4600 119 201 -51.9710 41.0410 160.1562
8.4613 112 207 -51.6782 47.7549 160.1562
8.4626 118 201 -51.4822 41.5903 160.1562
8.4639 116 203 -51.2560 43.2383 160.1562
8.4652 115 204 -50.9291 44.8252 160.1562
8.4665 116 203 -50.6219 43.1772 160.1562
8.4677 120 200 -50.3689 40.0645 160.1562
8.4690 120 199 -50.1193 39.5762 160.1562
8.4703 113 204 -49.6307 45.6187 159.3750
8.4716 112 206 -49.1151 46.7783 159.3750
8.4729 120 197 -48.7236 38.4775 159.3750
8.4742 112 206 -48.2410 46.7173 159.3750
8.4755 112 206 -47.4934 47.2666 159.3750
8.4767 109 208 -46.7611 49.4639 159.3750
8.4780 109 208 -46.0321 49.4028 159.3750
8.4793 109 209 -45.3139 50.0742 159.3750
8.4805 108 209 -44.3149 50.5015 159.3750
8.4818 111 207 -43.3699 47.6938 159.3750
8.4831 104 214 -42.3538 54.9570 159.3750
8.4844 105 213 -41.3687 53.9805 159.3750
8.4856 106 212 -40.1640 53.1260 159.3750
8.4869 110 208 -39.0401 49.0366 159.3750
8.4882 108 210 -37.9057 51.2949 159.3750
8.4894 109 209 -36.8166 50.1353 159.3750
8.4907 104 214 -35.4973 54.8350 159.3750
8.4920 114 203 -34.3423 44.3979 159.3750
8.4933 110 208 -33.1479 49.2808 159.3750
8.4945 112 205 -32.0166 46.5952 159.3750
8.4958 111 206 -30.8128 47.3887 159.3750
8.4971 101 217 -29.5054 58.0698 159.3750
8.4984 110 208 -28.3353 48.7925 159.3750
8.4996 106 212 -27.1433 52.8208 159.3750
8.5009 107 211 -25.9972 52.2715 159.3750
8.5022 109 209 -24.8986 50.1963 159.3750
8.5035 115 203 -23.8922 44.0928 159.3750
8.5047 104 214 -22.7880 54.8350 159.3750
8.5061 109 209 -21.8233 50.2573 159.3750
8.5074 108 210 -20.8894 50.9287 159.3750
8.5087 109 209 -19.9871 49.7080 159.3750
8.5099 103 215 -19.1840 56.1777 159.3750
8.5112 119 199 -18.6008 39.6982 159.3750
8.5125 112 206 -17.9407 46.7173 159.3750
8.5138 118 200 -17.3682 40.7969 159.3750
8.5151 119 199 -16.9707 39.7593 159.3750
8.5163 113 205 -16.5120 45.6797 159.3750
8.5176 121 197 -16.1529 38.1724 159.3750
8.5189 115 203 -15.7267 43.6655 159.3750
8.5202 116 202 -15.4774 43.0552 159.3750
8.5215 131 187 -15.4198 28.0405 159.3750
8.5227 125 193 -15.3000 33.6558 159.3750
8.5240 120 198 -15.1130 39.0269 159.3750
8.5253 118 200 -15.0142 40.9800 159.3750
8.5265 123 192 -14.9975 34.3271 157.8125
8.5278 125 190 -15.0058 32.6182 157.8125
8.5291 125 190 -15.0089 32.3740 157.8125
8.5304 132 182 -15.2072 24.9888 157.8125
8.5317 130 185 -15.3613 27.7354 157.8125
8.5330 125 189 -15.4586 32.0078 157.8125
8.5343 125 190 -15.5525 32.2520 157.8125
8.5356 127 187 -15.7306 30.1157 157.8125
8.5368 121 194 -15.8262 36.6465 157.8125
8.5381 129 186 -16.0254 28.2236 157.8125
8.5394 134 181 -16.2797 23.5850 157.8125
8.5407 138 176 -16.5999 18.8242 157.8125
8.5420 129 186 -16.7956 28.5898 157.8125
8.5432 134 180 -17.0582 23.0356 157.8125
8.5445 130 185 -17.2303 27.2471 157.8125
8.5458 124 190 -17.3257 33.0454 157.8125
8.5470 131 184 -17.4994 26.5757 157.8125
8.5483 131 184 -17.6722 26.2705 157.8125
8.5496 131 183 -17.7481 25.9653 157.8125
8.5509 127 188 -17.7677 30.5430 157.8125
8.5522 124 190 -17.7485 33.1064 157.8125
8.5534 129 185 -17.8006 27.9185 157.8125
8.5547 131 184 -17.6935 26.6978 157.8125
8.5560 127 188 -17.5417 30.4819 157.8125
8.5573 135 179 -17.5033 21.9370 157.8125
8.5585 138 176 -17.5005 19.1294 157.8125
8.5598 131 184 -17.1798 26.3315 157.8125
8.5611 128 187 -16.8263 29.7495 157.8125
8.5623 136 179 -16.5771 21.6318 157.8125
8.5636 125 189 -16.2025 32.1299 157.8125
8.5649 129 186 -15.6065 28.7119 157.8125
8.5661 127 188 -15.0019 30.2378 157.8125
8.5674 127 188 -14.4013 30.7871 157.8125
8.5687 123 192 -13.7556 34.6323 157.8125
8.5699 128 187 -12.9434 29.2612 157.8125
8.5712 124 190 -12.0918 33.0454 157.8125
8.5725 117 197 -11.1751 39.9424 157.8125
8.5738 131 183 -10.4418 25.8433 157.8125
8.5750 122 192 -9.3992 34.8765 157.8125
8.5763 119 196 -8.3366 38.5386 157.8125
8.5776 119 195 -7.2861 38.0503 157.8125
8.5789 124 191 -6.3307 33.3506 157.8125
8.5801 119 196 -5.1988 38.7827 157.8125
8.5814 116 198 -4.0518 41.1021 157.8125
8.5827 114 202 -2.8866 44.3979 158.5938
8.5840 118 198 -1.7848 40.1255 158.5938
8.5853 113 204 -0.6133 45.4966 158.5938
8.5866 116 201 0.4929 42.5059 158.5938
8.5879 120 196 1.5158 37.8062 158.5938
8.5892 118 198 2.4983 39.7593 158.5938
8.5904 114 202 3.5040 44.0317 158.5938
8.5917 121 196 4.4050 37.4399 158.5938
8.5929 116 201 5.3539 42.5059 158.5938
8.5942 120 196 6.1417 37.9893 158.5938
8.5955 116 200 6.9680 42.2617 158.5938
8.5968 115 201 7.7980 42.6279 158.5938
8.5980 120 196 8.5415 37.9282 158.5938
8.5994 115 202 9.2608 43.5435 158.5938
8.6006 123 194 9.8429 35.4868 158.5938
8.6019 122 194 10.4241 35.8530 158.5938
8.6032 116 200 11.0568 41.8345 158.5938
8.6044 122 194 11.5319 35.9141 158.5938
8.6057 115 201 12.0879 43.0552 158.5938
8.6070 115 201 12.6315 42.7500 158.5938
8.6083 113 203 13.1921 44.8252 158.5938
8.6095 114 202 13.6912 44.0317 158.5938
8.6108 121 195 14.0977 37.3179 158.5938
8.6121 116 200 14.5583 41.6514 158.5938
8.6134 117 199 14.9880 40.9189 158.5938
8.6146 113 203 15.4804 45.3745 158.5938
8.6159 119 197 15.8846 38.6606 158.5938
8.6172 125 191 16.2016 32.6792 158.5938
8.6185 116 201 16.6353 42.5669 158.5938
8.6197 119 197 17.0623 38.8438 158.5938
8.6210 117 199 17.5113 41.3462 158.5938
8.6223 117 200 17.9508 41.4683 158.5938
8.6235 117 199 18.3794 41.2852 158.5938
8.6248 120 196 18.8562 38.3555 158.5938
8.6260 103 213 19.5195 55.0181 158.5938
8.6273 112 204 20.0675 45.6797 158.5938
8.6286 107 209 20.6628 51.2339 158.5938
8.6298 122 194 21.1663 35.9141 158.5938
8.6311 118 199 21.7201 40.4917 158.5938
8.6324 113 203 22.3182 45.0693 158.5938
8.6337 117 199 22.8614 41.3462 158.5938
8.6349 111 206 23.5637 47.5718 158.5938
8.6362 114 202 24.2041 43.7876 158.5938
8.6375 116 201 24.8122 42.5669 158.5938
8.6387 114 202 25.5245 43.9097 158.5938
8.6401 115 203 26.2440 43.7876 159.3750
8.6413 115 203 26.9295 43.9097 159.3750
8.6426 114 204 27.6204 45.3745 159.3750
8.6439 119 199 28.3118 40.1255 159.3750
8.6452 116 201 29.0114 42.3838 159.3750
8.6464 117 201 29.6885 41.9565 159.3750
8.6477 115 203 30.3908 43.7876 159.3750
8.6490 118 200 31.1110 41.2241 159.3750
8.6503 111 207 31.9009 47.9990 159.3750
8.6515 115 202 32.6173 43.6045 159.3750
8.6528 115 202 33.3283 43.6045 159.3750
8.6541 114 204 34.1054 45.1304 159.3750
8.6554 121 196 34.7862 37.6230 159.3750
8.6567 128 190 35.3633 31.2144 159.3750
8.6579 124 193 35.9733 34.4492 159.3750
8.6592 119 199 36.7089 39.7593 159.3750
8.6605 116 201 37.4704 42.4448 159.3750
8.6618 125 193 38.1013 34.1440 159.3750
8.6631 126 192 38.7059 32.8013 159.3750
8.6643 127 191 39.3436 31.8857 159.3750
8.6656 127 191 39.9770 32.2520 159.3750
8.6669 129 188 40.5610 29.5054 159.3750
8.6682 132 186 41.1076 26.8809 159.3750
8.6694 114 203 41.8941 44.4590 159.3750
8.6707 132 186 42.4557 27.3691 159.3750
8.6720 121 197 43.1369 38.1724 159.3750
8.6733 126 192 43.7454 33.0454 159.3750
8.6746 132 186 44.2700 27.3691 159.3750
8.6759 129 188 44.8146 29.4443 159.3750
8.6771 126 192 45.3870 33.1675 159.3750
8.6784 137 181 45.7776 21.8760 159.3750
8.6797 130 188 46.2430 28.8340 159.3750
8.6810 126 192 46.7559 32.7402 159.3750
8.6822 128 190 47.2227 30.7261 159.3750
8.6835 129 189 47.6129 29.6885 159.3750
8.6848 118 199 48.1285 40.4917 159.3750
8.6861 124 194 48.5732 35.3647 159.3750
8.6873 127 190 48.9515 31.4585 159.3750
8.6886 131 187 49.2279 28.3457 159.3750
8.6898 122 196 49.6063 37.1348 159.3750
8.6911 125 193 49.9341 33.7168 159.3750
8.6924 124 193 50.2674 34.5103 159.3750
8.6936 131 187 50.4565 27.8574 159.3750
8.6949 130 188 50.6584 28.9561 159.3750
8.6962 126 191 50.8958 32.4351 159.3750
8.6974 123 195 51.1819 36.2803 159.3750
8.6987 135 183 51.2827 24.0732 159.3750
8.7000 127 190 51.4725 31.5195 159.3750
8.7012 129 189 51.6349 29.6274 159.3750
8.7025 125 192 51.8425 33.5337 159.3750
8.7037 125 193 52.0481 33.8999 159.3750
8.7050 122 196 52.2892 37.1348 159.3750
8.7062 128 190 52.4458 30.6650 159.3750
8.7075 134 184 52.5316 25.1719 159.3750
8.7088 118 200 52.8458 41.1021 159.3750
8.7100 124 194 53.0737 34.6934 159.3750
8.7113 127 191 53.2668 32.2520 159.3750
8.7125 123 195 53.5065 36.3413 159.3750
8.7138 129 189 53.7126 29.6274 159.3750
8.7150 132 186 53.8820 26.8809 159.3750
8.7164 124 194 54.1614 34.6934 159.3750
8.7176 118 201 54.5054 41.4072 160.1562
8.7189 127 192 54.7927 32.2520 160.1562
8.7202 125 195 55.1067 35.1206 160.1562
8.7215 128 191 55.3719 31.2144 160.1562
8.7228 126 193 55.6638 33.7778 160.1562
8.7241 128 191 55.9637 31.6416 160.1562
8.7253 125 195 56.2972 35.1206 160.1562
8.7266 130 189 56.5546 29.4443 160.1562
8.7278 130 189 56.8027 29.5054 160.1562
8.7291 129 190 57.0759 30.7261 160.1562
8.7304 128 192 57.3481 31.9468 160.1562
8.7316 139 181 57.4827 21.1436 160.1562
8.7329 127 192 57.7153 32.2520 160.1562
8.7342 129 191 57.9296 30.8481 160.1562
8.7354 129 190 58.1282 30.6040 160.1562
8.7367 130 189 58.3152 29.4443 160.1562
8.7380 136 183 58.3479 23.1577 160.1562
8.7393 134 185 58.4226 25.2939 160.1562
8.7406 130 189 58.5355 29.4443 160.1562
8.7418 139 180 58.5389 20.4722 160.1562
8.7431 133 186 58.5639 26.6978 160.1562
8.7444 143 176 58.4613 16.6880 160.1562
8.7457 134 185 58.4692 25.3550 160.1562
8.7470 146 173 58.3294 13.3921 160.1562
8.7483 143 177 58.2107 16.9321 160.1562
8.7496 144 176 58.0914 16.0776 160.1562
8.7509 137 179 58.0322 21.2046 158.5938
8.7522 143 173 57.8988 15.0400 158.5938
8.7535 136 180 57.8727 22.1201 158.5938
8.7548 134 182 57.8727 24.0122 158.5938
8.7561 141 175 57.7924 17.3594 158.5938
8.7574 144 173 57.6738 14.4297 158.5938
8.7587 134 182 57.7589 23.8901 158.5938
8.7600 134 183 57.8352 24.4395 158.5938
8.7613 141 175 57.8241 17.2373 158.5938
8.7625 138 178 57.8365 19.6787 158.5938
8.7638 133 183 58.0293 24.7446 158.5938
8.7651 138 178 58.1530 19.6787 158.5938
8.7663 139 177 58.2629 18.7632 158.5938
8.7676 139 177 58.3798 19.3125 158.5938
8.7689 141 175 58.5989 16.7490 158.5938
8.7702 141 175 58.8216 17.1152 158.5938
8.7714 140 177 59.0493 18.4580 158.5938
8.7727 143 173 59.3912 15.2231 158.5938
8.7739 143 174 59.7298 15.5283 158.5938
8.7752 134 182 60.1683 23.9512 158.5938
8.7765 131 185 60.6336 27.0029 158.5938
8.7778 136 180 61.1569 21.6318 158.5938
8.7790 140 176 61.6255 18.1528 158.5938
8.7803 128 188 62.2261 29.6274 158.5938
8.7815 131 185 62.7834 27.0029 158.5938
8.7828 132 184 63.4107 25.5991 158.5938
8.7841 134 182 64.0025 23.7681 158.5938
8.7853 138 178 64.5310 19.6177 158.5938
8.7866 132 184 65.1213 25.5991 158.5938
8.7879 137 179 65.6994 20.5942 158.5938
8.7891 129 188 66.3692 29.5054 158.5938
8.7904 137 179 66.9323 21.2656 158.5938
8.7917 133 184 67.5304 25.4160 158.5938
8.7930 126 190 68.2334 32.0688 158.5938
8.7942 133 183 68.8204 24.6226 158.5938
8.7955 134 183 69.4009 24.4395 158.5938
8.7968 132 184 69.9816 25.9653 158.5938
8.7981 131 185 70.5883 27.1860 158.5938
8.7993 127 189 71.2249 31.2144 158.5938
8.8006 119 198 71.9632 39.5762 158.5938
8.8019 122 194 72.6301 35.6089 158.5938
8.8032 124 192 73.2768 33.5947 158.5938
8.8045 126 190 73.8849 31.9468 158.5938
8.8058 124 192 74.5243 34.2661 158.5938
8.8070 129 187 75.0707 29.0781 158.5938
8.8083 122 194 75.7225 35.9141 158.5938
8.8096 130 186 76.2617 28.2847 158.5938
8.8109 123 193 76.8821 34.6934 158.5938
8.8122 122 194 77.4932 35.9141 158.5938
8.8135 129 187 78.0275 29.2002 158.5938
8.8148 119 197 78.6574 38.5996 158.5938
8.8161 126 191 79.2065 32.4351 158.5938
8.8173 122 194 79.7710 35.6089 158.5938
8.8186 129 188 80.2616 29.5054 158.5938
8.8199 115 202 80.9101 43.4824 158.5938
8.8212 126 190 81.4216 32.0688 158.5938
8.8225 132 184 81.8130 26.1484 158.5938
8.8238 137 179 82.1302 20.8994 158.5938
8.8251 131 185 82.5205 27.0029 158.5938
8.8263 128 188 82.9377 30.3599 158.5938
8.8276 123 194 83.3813 35.5479 158.5938
8.8289 121 196 83.8342 37.5620 158.5938
8.8301 133 184 84.1272 25.4160 158.5938
8.8314 130 186 84.4459 27.9185 158.5938
8.8327 128 189 84.7547 30.4209 158.5938
8.8340 128 188 85.0420 29.8716 158.5938
8.8352 133 183 85.2566 24.7446 158.5938
8.8365 130 186 85.5080 27.9185 158.5938
8.8378 128 188 85.7568 29.8105 158.5938
8.8390 132 184 85.9451 25.7822 158.5938
8.8403 136 180 86.0830 21.6318 158.5938
8.8415 130 186 86.2947 28.2236 158.5938
8.8428 129 187 86.5209 29.2002 158.5938
8.8441 133 183 86.6882 25.3550 158.5938
8.8453 134 182 86.8367 23.9512 158.5938
8.8465 132 184 87.0033 25.9043 158.5938
8.8478 131 185 87.2225 27.0029 158.5938
8.8491 125 191 87.5393 33.3506 158.5938
8.8504 132 184 87.7385 25.6602 158.5938
8.8517 130 186 87.9567 28.2847 158.5938
8.8530 131 185 88.2332 27.0640 158.5938
8.8543 126 191 88.5606 32.4961 158.5938
8.8556 131 185 88.8273 27.3081 158.5938
8.8568 130 186 89.0926 28.2847 158.5938
8.8581 125 191 89.5089 33.2896 158.5938
8.8594 131 185 89.8280 27.0029 158.5938
8.8607 133 183 90.1242 25.2939 158.5938
8.8620 125 191 90.5998 32.9233 158.5938
8.8632 135 181 90.9435 22.8525 158.5938
8.8645 130 186 91.3518 27.9795 158.5938
8.8658 134 182 91.7047 24.3174 158.5938
8.8671 131 185 92.1683 27.0640 158.5938
8.8684 124 192 92.7124 33.6558 158.5938
8.8696 131 185 93.1600 27.2471 158.5938
8.8709 132 185 93.5936 26.4536 158.5938
8.8722 132 184 94.0820 26.0264 158.5938
8.8735 128 188 94.6150 29.9937 158.5938
8.8747 124 192 95.1854 33.7778 158.5938
8.8760 135 181 95.6122 22.9746 158.5938
8.8773 130 186 96.1370 28.2236 158.5938
8.8786 132 184 96.6247 25.8433 158.5938
8.8799 131 185 97.1076 26.8198 158.5938
8.8812 126 190 97.6502 32.0078 158.5938
8.8825 127 189 98.1882 31.2144 158.5938
8.8837 127 189 98.7164 31.3975 158.5938
8.8850 130 187 99.1936 28.4067 158.5938
8.8863 126 191 99.7190 32.5571 158.5938
8.8876 123 193 100.2629 35.1206 158.5938
8.8888 132 184 100.6841 26.2095 158.5938
8.8901 124 192 101.1996 34.2661 158.5938
8.8914 122 194 101.7289 35.9141 158.5938
8.8927 119 197 102.2682 38.9658 158.5938
8.8940 129 187 102.6677 28.6509 158.5938
8.8952 129 187 103.0569 28.7729 158.5938
8.8965 124 193 103.5167 34.5713 158.5938
8.8978 121 195 103.9782 37.3789 158.5938
8.8991 132 184 104.3032 25.9653 158.5938
8.9004 125 191 104.7035 32.9844 158.5938
8.9016 124 192 105.1078 34.2051 158.5938
8.9029 129 187 105.4285 28.6509 158.5938
8.9042 130 186 105.7382 27.9185 158.5938
8.9055 119 197 106.1752 38.7217 158.5938
8.9068 122 194 106.5775 36.2192 158.5938
8.9081 131 185 106.8571 26.9419 158.5938
8.9094 125 191 107.1921 32.6182 158.5938
8.9107 128 189 107.5018 30.4819 158.5938
8.9119 126 190 107.8542 31.8857 158.5938
8.9132 127 189 108.1859 30.8481 158.5938
8.9144 128 188 108.5064 30.2988 158.5938
8.9157 129 187 108.8040 28.7729 158.5938
8.9170 132 185 109.1201 26.5757 158.5938
8.9183 134 180 109.3888 23.0967 157.8125
8.9196 129 185 109.7118 27.9185 157.8125
8.9209 133 181 109.9721 23.9512 157.8125
8.9221 124 190 110.4016 33.0454 157.8125
8.9234 125 190 110.8094 32.6792 157.8125
8.9247 131 184 111.1433 26.5757 157.8125
8.9260 124 191 111.5449 33.2896 157.8125
8.9273 134 181 111.8589 23.3408 157.8125
8.9285 133 182 112.1764 24.3784 157.8125
8.9298 131 183 112.5219 26.1484 157.8125
8.9311 127 187 112.9005 30.1768 157.8125
8.9324 130 185 113.2661 27.7964 157.8125
8.9337 135 179 113.5467 22.1201 157.8125
8.9350 136 179 113.8261 21.3267 157.8125
8.9363 119 195 114.2833 37.8672 157.8125
8.9376 127 187 114.6475 30.0547 157.8125
8.9388 130 185 114.9658 27.5522 157.8125
8.9401 132 182 115.2451 24.9277 157.8125
8.9414 136 178 115.4232 20.8994 157.8125
8.9427 132 183 115.6817 25.3550 157.8125
8.9439 124 191 116.0284 33.7168 157.8125
8.9452 125 190 116.3575 32.8013 157.8125
8.9465 135 180 116.4940 22.4863 157.8125
8.9477 141 174 116.5512 16.3828 157.8125
8.9490 138 177 116.6520 19.7397 157.8125
8.9503 142 173 116.6927 15.2842 157.8125
8.9516 126 189 116.8530 31.3364 157.8125
8.9529 134 181 116.9172 23.6460 157.8125
8.9541 141 174 116.8825 16.1997 157.8125
8.9555 135 180 116.9412 22.3032 157.8125
8.9567 152 163 116.6743 5.2744 157.8125
8.9580 147 168 116.4827 10.7065 157.8125
8.9593 140 174 116.3705 16.9321 157.8125
8.9606 145 169 116.1971 11.8662 157.8125
8.9618 140 175 116.0040 17.4204 157.8125
8.9631 146 168 115.7378 11.1338 157.8125
8.9644 137 178 115.5873 20.2891 157.8125
8.9657 142 173 115.3854 15.6504 157.8125
8.9669 149 166 115.0211 8.3262 157.8125
8.9682 149 165 114.6600 8.0210 157.8125
8.9695 154 161 114.2506 3.3823 157.8125
8.9708 152 163 113.8765 5.6406 157.8125
8.9721 151 164 113.4941 6.3730 157.8125
8.9733 155 159 113.0673 2.1616 157.8125
8.9746 153 162 112.6744 4.2368 157.8125
8.9759 156 159 112.2589 1.7344 157.8125
8.9771 154 161 111.9211 3.3213 157.8125
8.9785 148 166 111.6671 9.1807 157.8125
8.9797 154 161 111.3427 3.4434 157.8125
8.9810 156 159 111.1555 1.4902 157.8125
8.9823 152 164 110.9979 5.8237 158.5938
8.9837 153 163 110.8342 4.9692 158.5938
8.9849 158 158 110.6120 0.2695 158.5938
8.9862 155 161 110.6139 3.1992 158.5938
8.9875 158 158 110.5708 -0.4019 158.5938
8.9888 152 164 110.6125 6.2510 158.5938
8.9900 153 163 110.6368 5.0913 158.5938
8.9913 147 169 110.9304 10.7065 158.5938
8.9925 142 174 111.2853 16.3218 158.5938
8.9938 148 168 111.5610 10.0352 158.5938
8.9951 150 166 111.8006 7.8379 158.5938
8.9963 158 158 112.1159 -0.0356 158.5938
8.9976 144 173 112.6089 14.4907 158.5938
8.9989 147 169 113.0490 11.1948 158.5938
9.0002 141 175 113.5482 16.8711 158.5938
9.0014 141 175 114.1793 17.2983 158.5938
9.0027 149 167 114.6945 9.3638 158.5938
9.0040 140 177 115.3110 18.4580 158.5938
9.0052 141 175 115.8948 16.7490 158.5938
9.0065 139 177 116.5640 18.7021 158.5938
9.0078 143 173 117.1777 14.9180 158.5938
9.0090 132 184 117.9155 26.0264 158.5938
9.0103 142 174 118.5138 16.1997 158.5938
9.0116 140 176 119.1341 17.6646 158.5938
9.0128 136 180 119.7980 22.1201 158.5938
9.0141 133 183 120.4877 25.3550 158.5938
9.0153 134 182 121.1443 23.7681 158.5938
9.0166 127 189 121.8389 30.6040 158.5938
9.0179 133 183 122.4592 25.3550 158.5938
9.0192 135 181 123.0351 23.1577 158.5938
9.0204 132 185 123.6437 26.5757 158.5938
9.0217 129 187 124.2057 29.3223 158.5938
9.0230 130 186 124.7378 27.9185 158.5938
9.0243 131 186 125.2651 27.4912 158.5938
9.0256 127 190 125.7018 31.5806 158.5938
9.0269 135 181 126.0414 22.7305 158.5938
9.0282 131 185 126.4344 27.3691 158.5938
9.0295 132 185 126.8080 26.5757 158.5938
9.0308 132 185 127.0938 26.5757 158.5938
9.0320 119 198 127.5300 39.5762 158.5938
9.0333 127 190 127.8623 31.4585 158.5938
9.0346 122 194 128.2379 36.2192 158.5938
9.0359 127 190 128.4949 31.5806 158.5938
9.0371 117 199 128.8620 40.6138 158.5938
9.0385 117 201 129.2615 41.7124 159.3750
9.0398 122 196 129.5801 36.8296 159.3750
9.0411 122 196 129.8638 36.7075 159.3750
9.0424 127 191 130.0903 31.7026 159.3750
9.0436 121 196 130.3810 37.5620 159.3750
9.0449 121 197 130.6660 38.0503 159.3750
9.0462 123 195 130.9805 36.3413 159.3750
9.0475 121 197 131.3047 38.3555 159.3750
9.0487 126 192 131.5598 33.0454 159.3750
9.0500 123 194 131.8378 35.4868 159.3750
9.0513 126 192 132.1784 32.7402 159.3750
9.0526 127 190 132.4900 31.4585 159.3750
9.0539 127 190 132.8021 31.5806 159.3750
9.0551 123 195 133.1551 36.1582 159.3750
9.0564 130 187 133.5302 28.4067 159.3750
9.0577 129 189 133.9106 30.2378 159.3750
9.0590 132 186 134.2466 26.6367 159.3750
9.0603 130 188 134.7016 28.7729 159.3750
9.0616 131 186 135.1563 27.5522 159.3750
9.0628 129 189 135.6214 29.8105 159.3750
9.0641 127 191 136.1076 31.7026 159.3750
9.0654 126 192 136.7263 32.9844 159.3750
9.0667 136 182 137.2165 23.2188 159.3750
9.0679 135 183 137.6961 23.6460 159.3750
9.0692 130 188 138.2440 29.2002 159.3750
9.0705 143 175 138.7394 16.0776 159.3750
9.0718 142 176 139.2403 16.9321 159.3750
9.0731 136 182 139.7990 22.6694 159.3750
9.0743 140 178 140.3059 19.3125 159.3750
9.0756 135 183 140.9866 24.1343 159.3750
9.0769 137 181 141.6258 22.1201 159.3750
9.0782 141 177 142.1991 18.0918 159.3750
9.0794 134 184 142.8492 25.2939 159.3750
9.0807 140 178 143.5166 19.1294 159.3750
9.0820 137 181 144.2122 22.1812 159.3750
9.0833 134 184 144.9360 25.3550 159.3750
9.0846 141 177 145.5537 18.2749 159.3750
9.0858 144 174 146.1911 15.1621 159.3750
9.0871 144 174 146.8145 14.7349 159.3750
9.0884 146 171 147.3970 12.4766 159.3750
9.0897 151 167 147.9116 7.9600 159.3750
9.0910 145 173 148.5370 14.3687 159.3750
9.0922 150 168 149.0878 9.2417 159.3750
9.0935 153 165 149.5831 5.7017 159.3750
9.0948 144 174 150.1896 15.2231 159.3750
9.0960 148 168 150.7229 10.0962 158.5938
9.0973 155 161 151.1574 3.0161 158.5938
9.0986 155 161 151.5821 2.9551 158.5938
9.0999 160 156 151.9326 -2.2939 158.5938
9.1011 148 168 152.4080 10.4014 158.5938
9.1024 157 159 152.7538 0.8188 158.5938
9.1037 156 160 153.1031 1.6733 158.5938
9.1050 159 157 153.3862 -1.3784 158.5938
9.1062 151 165 153.7349 6.6172 158.5938
9.1075 151 165 154.0853 7.2886 158.5938
9.1088 159 157 154.3223 -1.2563 158.5938
9.1101 158 159 154.5297 0.4526 158.5938
9.1113 156 160 154.7549 2.2227 158.5938
9.1126 154 162 154.9931 3.6265 158.5938
9.1139 149 168 155.2991 9.5469 158.5938
9.1152 162 154 155.4048 -3.8198 158.5938
9.1164 152 164 155.6342 6.3120 158.5938
9.1177 160 156 155.7588 -1.8057 158.5938
9.1190 156 160 155.9282 1.9785 158.5938
9.1202 160 157 156.0633 -1.5615 158.5938
9.1215 157 160 156.2333 1.4292 158.5938
9.1228 158 159 156.3892 0.5747 158.5938
9.1241 153 163 156.5962 4.8472 158.5938
9.1254 154 162 156.8275 4.3589 158.5938
9.1267 159 158 156.9927 -0.5850 158.5938
9.1279 159 157 157.1493 -1.0122 158.5938
9.1292 158 158 157.3204 0.3916 158.5938
9.1305 152 164 157.6066 6.3730 158.5938
9.1318 153 163 157.8679 4.7861 158.5938
9.1331 148 168 158.1916 10.3403 158.5938
9.1344 148 168 158.4999 9.7300 158.5938
9.1356 148 168 158.8270 10.0352 158.5938
9.1370 152 164 159.0979 5.8848 158.5938
9.1383 157 159 159.3025 1.3071 158.5938
9.1395 151 165 159.5695 6.7393 158.5938
9.1408 147 169 159.8588 11.1338 158.5938
9.1421 162 155 159.9587 -3.4536 158.5938
9.1433 145 171 160.2643 13.2090 158.5938
9.1446 151 166 160.4518 7.4106 158.5938
9.1459 143 173 160.7047 14.9790 158.5938
9.1472 146 170 160.9166 12.0493 158.5938
9.1484 147 169 161.1089 10.8286 158.5938
9.1497 144 172 161.2378 13.8804 158.5938
9.1510 140 176 161.4223 18.0918 158.5938
9.1523 141 173 161.5747 15.8945 157.8125
9.1537 145 170 161.6886 12.4766 157.8125
9.1550 140 175 161.7566 17.5425 157.8125
9.1562 145 169 161.7549 12.0493 157.8125
9.1575 152 162 161.6621 4.8472 157.8125
9.1588 144 170 161.6730 13.0259 157.8125
9.1601 149 166 161.5434 8.3262 157.8125
9.1613 141 174 161.5108 16.3828 157.8125
9.1626 143 172 161.4559 14.3076 157.8125
9.1639 151 163 161.2982 6.0068 157.8125
9.1652 145 170 161.1685 12.4155 157.8125
9.1664 149 166 160.9882 8.3872 157.8125
9.1677 147 168 160.8382 10.4014 157.8125
9.1690 146 168 160.6981 11.1338 157.8125
9.1702 146 169 160.5330 11.1948 157.8125
9.1715 155 160 160.2654 2.7720 157.8125
9.1728 139 176 160.2007 18.6411 157.8125
9.1741 138 177 160.1508 19.1904 157.8125
9.1754 150 165 159.9586 7.7158 157.8125
9.1766 155 160 159.7074 2.7720 157.8125
9.1779 146 168 159.5669 11.0728 157.8125
9.1792 143 172 159.4722 14.6738 157.8125
9.1805 155 159 159.2449 2.0396 157.8125
9.1817 146 168 159.1321 11.0117 157.8125
9.1830 150 165 158.9807 7.5938 157.8125
9.1843 152 163 158.8026 5.5186 157.8125
9.1856 153 161 158.6342 3.8706 157.8125
9.1869 148 166 158.5353 9.1196 157.8125
9.1881 153 161 158.3715 3.8706 157.8125
9.1894 146 169 158.3184 11.1948 157.8125
9.1907 151 163 158.2032 6.0679 157.8125
9.1920 149 166 158.1203 8.3262 157.8125
9.1932 153 162 157.9926 4.7251 157.8125
9.1945 156 159 157.8174 1.4902 157.8125
9.1958 150 164 157.7174 7.1665 157.8125
9.1971 156 159 157.5457 1.3071 157.8125
9.1984 159 156 157.3413 -1.5615 157.8125
9.1997 145 170 157.2961 12.2935 157.8125
9.2009 158 157 157.0894 -0.4629 157.8125
9.2022 159 156 156.8752 -1.3784 157.8125
9.2035 157 157 156.6808 -0.1577 157.8125
9.2048 158 156 156.4577 -0.8901 157.8125
9.2061 164 151 156.1723 -6.2002 157.8125
9.2073 159 156 155.9481 -1.8057 157.8125
9.2086 158 160 155.7617 0.8799 159.3750
9.2099 156 161 155.5918 2.4058 159.3750
9.2112 163 154 155.3402 -4.4302 159.3750
9.2124 169 149 155.0191 -10.2896 159.3750
9.2137 168 149 154.7168 -9.6182 159.3750
9.2149 162 156 154.5258 -3.0264 159.3750
9.2162 168 150 154.2696 -8.7026 159.3750
9.2174 168 150 154.0144 -9.0078 159.3750
9.2187 167 151 153.7690 -8.2754 159.3750
9.2200 165 153 153.5995 -6.2612 159.3750
9.2213 166 152 153.4213 -7.1768 159.3750
9.2226 164 154 153.2758 -4.8574 159.3750
9.2239 170 148 153.0583 -10.8999 159.3750
9.2251 168 150 152.9384 -8.6416 159.3750
9.2264 167 151 152.8308 -7.8481 159.3750
9.2277 167 150 152.7165 -8.5806 159.3750
9.2290 177 141 152.5580 -18.3462 159.3750
9.2303 160 157 152.6094 -1.5005 159.3750
9.2316 167 151 152.5825 -7.6650 159.3750
9.2329 166 152 152.5654 -6.9326 159.3750
9.2341 168 150 152.5989 -9.3130 159.3750
9.2354 166 152 152.6624 -6.8716 159.3750
9.2367 161 157 152.7842 -2.1108 159.3750
9.2379 165 153 152.8588 -5.6509 159.3750
9.2392 162 155 153.0383 -3.3926 159.3750
9.2405 160 158 153.2466 -0.7681 159.3750
9.2418 170 148 153.3229 -11.1440 159.3750
9.2430 174 143 153.3403 -15.5996 159.3750
9.2443 169 149 153.4892 -10.3506 159.3750
9.2456 167 151 153.6586 -8.2754 159.3750
9.2469 156 162 153.9670 3.0161 159.3750
9.2481 154 164 154.2945 5.0303 159.3750
9.2494 166 151 154.5049 -7.4819 159.3750
9.2507 158 159 154.8110 0.5137 159.3750
9.2519 162 155 155.0625 -3.3926 159.3750
9.2532 160 158 155.3347 -1.3174 159.3750
9.2545 159 159 155.6355 0.1475 159.3750
9.2558 155 163 155.9792 4.0537 159.3750
9.2570 167 151 156.1662 -7.9702 159.3750
9.2583 160 157 156.4298 -1.5005 159.3750
9.2596 162 156 156.6695 -3.3315 159.3750
9.2608 157 160 156.9639 1.4292 159.3750
9.2621 157 159 157.2434 0.6968 158.5938
9.2634 164 153 157.4375 -5.5898 158.5938
9.2647 167 149 157.5711 -8.7637 158.5938
9.2660 160 156 157.7887 -1.9277 158.5938
9.2673 167 149 157.9101 -9.0688 158.5938
9.2685 160 156 158.0708 -2.1108 158.5938
9.2698 153 163 158.3312 5.0913 158.5938
9.2711 154 163 158.5775 4.4810 158.5938
9.2723 165 151 158.6811 -6.6274 158.5938
9.2736 157 159 158.8069 1.1851 158.5938
9.2749 162 154 158.8708 -4.0029 158.5938
9.2762 160 156 158.9572 -2.1719 158.5938
9.2775 164 153 158.9983 -5.5898 158.5938
9.2787 168 148 158.8705 -10.3506 158.5938
9.2800 166 151 158.7819 -7.4819 158.5938
9.2813 172 144 158.6161 -13.6465 158.5938
9.2826 159 157 158.6136 -0.9512 158.5938
9.2838 166 150 158.3758 -8.1533 158.5938
9.2851 167 149 158.1322 -8.8247 158.5938
9.2863 168 149 157.8871 -9.4961 158.5938
9.2876 172 144 157.5907 -13.8296 158.5938
9.2889 169 147 157.1670 -11.3882 158.5938
9.2902 170 146 156.7492 -11.8765 158.5938
9.2915 175 141 156.2738 -17.0645 158.5938
9.2927 174 142 155.8211 -16.2100 158.5938
9.2940 166 151 155.3346 -7.4819 158.5938
9.2952 167 150 154.8473 -8.4585 158.5938
9.2965 166 150 154.3696 -8.3364 158.5938
9.2978 179 137 153.7515 -20.6045 158.5938
9.2991 174 142 153.0889 -15.5996 158.5938
9.3004 163 153 152.5793 -4.9795 158.5938
9.3016 172 144 151.9733 -13.7075 158.5938
9.3029 174 142 151.3508 -16.0269 158.5938
9.3042 177 139 150.6464 -18.9565 158.5938
9.3054 187 129 149.8320 -28.9663 158.5938
9.3067 174 142 149.1929 -16.1489 158.5938
9.3079 174 142 148.5674 -16.0879 158.5938
9.3092 185 132 147.8215 -26.5249 158.5938
9.3104 190 127 147.0256 -31.5298 158.5938
9.3117 179 138 146.3825 -20.4214 158.5938
9.3130 179 138 145.7516 -20.5435 158.5938
9.3142 186 130 145.0792 -27.6846 158.5938
9.3155 175 141 144.5549 -16.7593 158.5938
9.3167 183 134 143.9428 -24.5107 158.5938
9.3180 171 145 143.4843 -13.1582 158.5938
9.3193 186 130 142.8925 -28.2339 158.5938
9.3206 184 132 142.3379 -26.0977 158.5938
9.3219 188 128 141.7451 -30.3091 158.5938
9.3232 175 141 141.3942 -16.7593 158.5938
9.3245 185 131 140.9307 -26.8911 158.5938
9.3258 180 136 140.5480 -21.6421 158.5938
9.3271 176 141 140.2189 -17.4917 158.5938
9.3283 187 129 139.8271 -28.9053 158.5938
9.3296 185 131 139.4667 -27.0742 158.5938
9.3309 170 147 139.3158 -11.4492 158.5938
9.3322 177 139 139.0633 -19.3838 158.5938
9.3335 179 138 138.8930 -20.5435 158.5938
9.3348 171 145 138.8177 -12.9141 158.5938
9.3360 178 138 138.6586 -20.1162 158.5938
9.3373 167 150 138.6449 -8.4585 158.5938
9.3386 181 135 138.5393 -22.6797 158.5938
9.3399 176 140 138.4923 -18.2852 158.5938
9.3412 171 145 138.5068 -13.3413 158.5938
9.3424 178 139 138.4434 -19.4448 158.5938
9.3437 177 140 138.4685 -18.4072 158.5938
9.3450 180 136 138.4458 -21.7642 158.5938
9.3463 176 140 138.4807 -17.6138 158.5938
9.3476 175 141 138.5186 -16.9424 158.5938
9.3488 163 153 138.7425 -5.1626 158.5938
9.3501 172 144 138.8502 -14.2568 158.5938
9.3513 168 148 139.0121 -9.7402 158.5938
9.3526 167 149 139.1820 -8.7026 158.5938
9.3539 170 147 139.3067 -11.5103 158.5938
9.3552 167 149 139.4581 -8.7026 158.5938
9.3564 179 137 139.4636 -20.7876 158.5938
9.3577 173 144 139.5405 -14.5010 158.5938
9.3589 172 144 139.5688 -14.3179 158.5938
9.3602 178 138 139.5263 -19.8721 158.5938
9.3615 167 150 139.6239 -8.4585 158.5938
9.3628 172 144 139.5678 -14.1958 158.5938
9.3640 171 145 139.5132 -13.2803 158.5938
9.3653 174 143 139.4303 -15.4165 158.5938
9.3666 174 143 139.3508 -15.4165 158.5938
9.3679 169 147 139.2343 -11.2051 158.5938
9.3691 177 140 139.0316 -18.5293 158.5938
9.3704 172 144 138.8809 -14.3789 158.5938
9.3717 178 138 138.6667 -19.9331 158.5938
9.3730 176 140 138.4044 -18.2852 158.5938
9.3743 172 146 138.2121 -13.2192 159.3750
9.3756 177 141 137.9706 -17.9189 159.3750
9.3769 180 138 137.6900 -21.0928 159.3750
9.3782 179 139 137.4118 -20.3604 159.3750
9.3796 183 135 137.0689 -23.9614 159.3750
9.3809 178 140 136.8227 -18.6514 159.3750
9.3822 185 133 136.4812 -26.1587 159.3750
9.3835 184 133 136.1889 -25.5483 159.3750
9.3847 183 135 135.9191 -23.9004 159.3750
9.3860 176 142 135.7462 -16.9424 159.3750
9.3873 167 150 135.6813 -8.3975 159.3750
9.3886 174 144 135.5700 -15.1113 159.3750
9.3899 184 134 135.3300 -24.8770 159.3750
9.3912 176 142 135.2004 -17.0034 159.3750
9.3925 184 134 134.9785 -25.3042 159.3750
9.3937 177 141 134.8498 -17.8579 159.3750
9.3950 179 138 134.6906 -20.4214 159.3750
9.3963 186 131 134.4485 -27.5015 159.3750
9.3976 188 129 134.1409 -29.3936 159.3750
9.3989 187 130 133.8480 -28.6001 159.3750
9.4001 187 131 133.5692 -28.2949 159.3750
9.4014 183 135 133.3563 -23.6562 159.3750
9.4027 187 130 133.0030 -28.4170 159.3750
9.4039 181 137 132.7361 -21.8862 159.3750
9.4052 190 127 132.3500 -31.5908 159.3750
9.4065 194 124 131.9258 -34.8867 159.3750
9.4077 194 124 131.4205 -35.3140 159.3750
9.4090 197 120 130.8751 -38.5488 159.3750
9.4102 192 125 130.4118 -33.4829 159.3750
9.4115 187 131 130.0170 -28.1729 159.3750
9.4128 193 125 129.4524 -33.8491 159.3750
9.4141 191 127 128.9208 -32.1401 159.3750
9.4154 191 127 128.4104 -32.3232 159.3750
9.4166 187 131 127.9619 -28.1118 159.3750
9.4179 192 126 127.3891 -33.2998 159.3750
9.4192 181 136 126.9520 -22.4966 159.3750
9.4205 193 125 126.3800 -33.8491 159.3750
9.4217 188 130 125.8844 -28.6611 159.3750
9.4230 187 131 125.3645 -28.1729 159.3750
9.4243 190 128 124.8117 -31.2856 159.3750
9.4255 198 120 124.1848 -39.0371 159.3750
9.4268 186 132 123.7102 -27.3184 159.3750
9.4281 187 131 123.2033 -27.9897 159.3750
9.4294 193 125 122.6380 -34.2153 159.3750
9.4306 182 136 122.2161 -22.9849 159.3750
9.4319 192 126 121.6706 -33.0557 159.3750
9.4332 198 120 121.0581 -39.1592 159.3750
9.4345 196 122 120.4765 -37.0229 159.3750
9.4358 191 127 119.9730 -32.1401 159.3750
9.4370 193 125 119.4591 -33.7881 159.3750
9.4383 187 130 118.9932 -28.4780 159.3750
9.4396 191 127 118.4891 -32.2012 159.3750
9.4409 194 124 117.9620 -34.9478 159.3750
9.4422 194 124 117.3979 -35.3750 159.3750
9.4436 198 119 116.7855 -39.5254 159.3750
9.4448 196 122 116.2321 -36.6567 159.3750
9.4461 190 127 115.7576 -31.5908 159.3750
9.4474 206 112 115.0393 -46.6665 159.3750
9.4487 194 124 114.4712 -34.7036 159.3750
9.4500 200 118 113.8441 -41.3564 159.3750
9.4513 204 113 113.1626 -45.5679 159.3750
9.4526 200 118 112.4831 -40.8682 159.3750
9.4539 209 108 111.6879 -50.5117 159.3750
9.4551 209 108 110.9113 -50.4507 159.3750
9.4564 211 107 110.1298 -52.0376 159.3750
9.4577 216 102 109.2280 -56.9204 159.3750
9.4590 217 101 108.3350 -58.1411 159.3750
9.4603 213 105 107.5200 -54.1738 159.3750
9.4615 214 103 106.7066 -55.5776 159.3750
9.4628 209 108 105.9181 -50.4507 159.3750
9.4640 202 116 105.2324 -43.3096 159.3750
9.4653 202 115 104.5500 -43.5537 159.3750
9.4665 203 115 103.8866 -43.6758 159.3750
9.4678 207 111 103.1649 -47.7651 159.3750
9.4691 216 102 102.3006 -57.2866 159.3750
9.4704 210 108 101.5552 -51.2441 159.3750
9.4716 203 115 100.9183 -43.9810 159.3750
9.4729 214 104 100.1537 -55.0894 159.3750
9.4742 205 113 99.5252 -45.9951 159.3750
9.4754 199 119 98.9834 -40.1357 159.3750
9.4767 201 117 98.4323 -41.7837 159.3750
9.4779 196 122 97.9862 -36.6567 159.3750
9.4792 195 123 97.5425 -36.0464 159.3750
9.4805 203 115 97.0116 -44.3472 159.3750
9.4818 197 120 96.5908 -38.4268 159.3750
9.4830 196 122 96.1987 -37.3281 159.3750
9.4843 206 112 95.6979 -46.7886 159.3750
9.4855 183 135 95.4987 -23.6562 159.3750
9.4868 204 114 95.0434 -44.6523 159.3750
9.4881 193 125 94.7422 -34.0933 159.3750
9.4894 199 119 94.3776 -40.0137 159.3750
9.4906 196 122 94.0608 -36.9619 159.3750
9.4919 195 123 93.7606 -35.9243 159.3750
9.4931 194 124 93.4788 -34.8257 159.3750
9.4944 187 130 93.2799 -28.4780 159.3750
9.4957 193 125 93.0135 -34.0322 159.3750
9.4970 185 132 92.8192 -26.4639 159.3750
9.4983 188 130 92.5939 -29.0273 159.3750
9.4995 189 129 92.3682 -30.1870 159.3750
9.5008 191 127 92.1223 -31.7129 159.3750
9.5021 193 125 91.8310 -34.0933 159.3750
9.5034 190 128 91.5801 -31.1636 159.3750
9.5047 186 132 91.3932 -26.8301 159.3750
9.5060 176 141 91.3196 -17.6138 159.3750
9.5073 187 130 91.0957 -28.4780 159.3750
9.5086 177 140 90.9907 -18.4072 159.3750
9.5099 181 137 90.8482 -22.2524 159.3750
9.5111 182 136 90.7023 -22.7407 159.3750
9.5124 191 127 90.4169 -32.2622 159.3750
9.5137 180 137 90.2668 -21.5200 159.3750
9.5149 177 141 90.1656 -18.0410 159.3750
9.5162 181 136 90.0033 -22.5576 159.3750
9.5175 179 138 89.8491 -20.6045 159.3750
9.5188 181 137 89.6763 -22.1304 159.3750
9.5200 186 132 89.4601 -26.7080 159.3750
9.5213 181 136 89.2941 -22.4966 159.3750
9.5226 187 131 89.0401 -27.7456 159.3750
9.5239 187 131 88.7877 -28.1729 159.3750
9.5251 196 122 88.4171 -37.2671 159.3750
9.5264 197 121 88.0450 -38.2437 159.3750
9.5277 187 131 87.8047 -27.8677 159.3750
9.5290 184 134 87.6019 -24.9380 159.3750
9.5302 196 122 87.2535 -36.9009 159.3750
9.5315 191 127 86.9599 -32.2012 159.3750
9.5328 187 130 86.7331 -28.5391 159.3750
9.5341 200 118 86.3325 -40.9902 159.3750
9.5353 188 130 86.1135 -28.7222 159.3750
9.5366 194 123 85.7920 -35.4360 159.3750
9.5379 201 117 85.4051 -42.0278 159.3750
9.5391 192 126 85.1281 -32.9946 159.3750
9.5404 184 134 84.9608 -24.8770 159.3750
9.5417 201 116 84.5500 -42.3940 159.3750
9.5429 204 114 84.1178 -45.1406 159.3750
9.5442 193 124 83.8143 -34.5815 159.3750
9.5455 197 121 83.4719 -37.8774 159.3750
9.5468 199 118 83.0544 -40.4409 159.3750
9.5481 200 118 82.6424 -41.3564 159.3750
9.5494 191 126 82.3353 -32.4453 159.3750
9.5506 201 117 81.9352 -41.6616 159.3750
9.5519 198 120 81.5009 -38.6709 159.3750
9.5532 204 113 81.0042 -45.4458 159.3750
9.5545 208 110 80.4527 -48.9248 159.3750
9.5558 201 117 80.0097 -42.1499 159.3750
9.5571 208 110 79.3861 -48.8027 159.3750
9.5584 207 114 78.8225 -46.3613 160.9375
9.5597 210 111 78.2121 -49.4741 160.9375
9.5610 211 110 77.6048 -50.3286 160.9375
9.5623 209 112 76.9375 -48.3755 160.9375
9.5636 219 102 76.1644 -58.2021 160.9375
9.5649 217 104 75.4205 -56.4932 160.9375
9.5662 221 100 74.4996 -60.5825 160.9375
9.5675 214 107 73.6911 -53.8076 160.9375
9.5687 223 98 72.8005 -62.3525 160.9375
9.5700 214 107 72.0299 -53.8076 160.9375
9.5713 223 98 71.0019 -62.1084 160.9375
9.5726 227 94 69.9554 -66.6860 160.9375
9.5739 231 90 68.8493 -70.5923 160.9375
9.5752 233 88 67.7627 -72.5454 160.9375
9.5764 236 85 66.4685 -75.5361 160.9375
9.5777 231 90 65.2812 -70.7754 160.9375
9.5790 241 80 63.9775 -80.1138 160.9375
9.5803 229 91 62.8654 -69.0054 160.9375
9.5816 230 91 61.5742 -69.0664 160.9375
9.5828 231 90 60.3028 -70.2261 160.9375
9.5841 229 92 59.0576 -68.7002 160.9375
9.5854 227 94 57.8892 -66.6860 160.9375
9.5867 240 81 56.3974 -79.1982 160.9375
9.5879 235 86 55.0136 -74.8037 160.9375
9.5892 241 80 53.5835 -80.4189 160.9375
9.5905 230 91 52.3269 -69.9209 160.9375
9.5917 243 77 50.7656 -82.9824 160.9375
9.5930 238 83 49.3163 -77.6724 160.9375
9.5942 234 87 47.9084 -73.5830 160.9375
9.5955 239 82 46.4795 -78.5269 160.9375
9.5968 242 79 44.9261 -81.5786 160.9375
9.5981 237 84 43.4457 -76.2686 160.9375
9.5993 234 87 42.0611 -73.3389 160.9375
9.6006 240 80 40.5925 -79.9917 160.9375
9.6019 233 88 39.1756 -72.8506 160.9375
9.6031 229 91 37.8358 -68.9443 160.9375
9.6044 226 95 36.5616 -65.8926 160.9375
9.6056 230 91 35.2689 -69.4937 160.9375
9.6069 231 90 33.9609 -70.6533 160.9375
9.6081 224 97 32.7578 -63.8174 160.9375
9.6094 227 94 31.5473 -66.4419 160.9375
9.6107 229 92 30.4189 -68.2729 160.9375
9.6119 226 95 29.3465 -65.8315 160.9375
9.6132 220 101 28.3705 -59.7280 160.9375
9.6144 217 104 27.4584 -56.1270 160.9375
9.6157 206 115 26.8987 -45.5679 160.9375
9.6170 215 105 26.2306 -54.9673 160.9375
9.6182 206 115 25.7032 -45.1406 160.9375
9.6195 201 120 25.2211 -40.6851 160.9375
9.6209 194 126 25.1393 -34.0322 160.9375
9.6222 196 125 25.0577 -35.1919 160.9375
9.6235 191 130 25.0612 -30.3701 160.9375
9.6248 197 124 24.9780 -36.4126 160.9375
9.6261 190 131 25.3739 -29.3325 160.9375
9.6273 189 132 25.7661 -28.7832 160.9375
9.6286 189 131 26.1508 -28.9663 160.9375
9.6299 194 127 26.4586 -33.7881 160.9375
9.6312 188 132 27.1711 -28.0508 160.9375
9.6324 182 139 27.9433 -21.6421 160.9375
9.6337 180 141 28.7342 -19.3838 160.9375
9.6350 182 139 29.4788 -21.7642 160.9375
9.6362 181 140 30.4263 -20.1772 160.9375
9.6376 182 138 31.3180 -22.0083 160.9375
9.6388 177 144 32.2690 -16.7593 160.9375
9.6401 172 149 33.2715 -11.0830 160.9375
9.6414 177 144 34.2224 -16.2710 160.9375
9.6427 183 138 35.0707 -22.4355 160.9375
9.6439 178 143 35.9650 -17.7358 160.9375
9.6452 177 144 36.8592 -16.0879 160.9375
9.6465 185 136 37.5125 -24.2666 160.9375
9.6478 181 140 38.1943 -20.5435 160.9375
9.6491 175 146 38.9394 -14.8062 160.9375
9.6503 177 144 39.4165 -16.7593 160.9375
9.6516 183 138 39.8114 -22.4355 160.9375
9.6529 186 135 40.1602 -25.3042 160.9375
9.6542 181 140 40.5658 -20.3604 160.9375
9.6555 190 131 40.5609 -29.4546 160.9375
9.6567 184 137 40.6404 -23.5342 160.9375
9.6580 198 123 40.5414 -37.0840 160.9375
9.6593 192 129 40.5168 -31.8960 160.9375
9.6606 183 138 40.3360 -22.6797 160.9375
9.6618 192 129 40.0533 -31.7739 160.9375
9.6631 188 133 39.8146 -27.7456 160.9375
9.6644 194 127 39.5169 -33.7881 160.9375
9.6657 194 127 39.0143 -33.2388 160.9375
9.6670 198 123 38.4657 -37.8774 160.9375
9.6683 193 128 37.9957 -32.1401 160.9375
9.6695 205 116 37.3842 -44.7134 160.9375
9.6708 197 124 36.7322 -36.2295 160.9375
9.6721 200 121 36.0692 -39.2202 160.9375
9.6734 195 126 35.4695 -34.4595 160.9375
9.6747 203 118 34.7800 -42.3330 160.9375
9.6760 200 121 34.0603 -39.0981 160.9375
9.6772 205 116 33.2880 -44.7744 160.9375
9.6785 207 114 32.4983 -46.3613 160.9375
9.6798 206 115 31.7373 -45.5679 160.9375
9.6811 204 117 30.9665 -43.6758 160.9375
9.6824 214 106 30.0949 -54.0518 160.9375
9.6837 211 110 29.2682 -50.8779 160.9375
9.6849 212 109 28.4492 -51.7935 160.9375
9.6862 220 101 27.5295 -59.3618 160.9375
9.6875 224 97 26.5902 -63.6953 160.9375
9.6888 218 103 25.7331 -57.7139 160.9375
9.6900 216 105 24.9149 -55.2725 160.9375
9.6913 219 102 24.0760 -58.0801 160.9375
9.6926 210 110 23.3657 -49.9624 160.9375
9.6939 211 110 22.6545 -50.6338 160.9375
9.6951 214 107 21.9158 -53.5024 160.9375
9.6964 217 104 21.1383 -56.9204 160.9375
9.6977 216 105 20.4070 -55.6997 160.9375
9.6990 226 95 19.5597 -65.1602 160.9375
9.7002 223 98 18.7521 -62.5356 160.9375
9.7015 219 102 18.0010 -58.3853 160.9375
9.7028 221 100 17.2528 -60.5825 160.9375
9.7041 219 102 16.5227 -58.5684 160.9375
9.7054 226 95 15.6831 -65.8926 160.9375
9.7067 226 95 14.8521 -65.8315 160.9375
9.7080 224 96 14.0812 -63.9395 160.9375
9.7092 229 92 13.2659 -68.3950 160.9375
9.7105 215 105 12.5779 -55.0283 160.9375
9.7118 219 101 11.8714 -58.9956 160.9375
9.7130 229 92 11.0688 -68.7002 160.9375
9.7143 225 96 10.3243 -64.4888 160.9375
9.7155 221 100 9.5976 -60.3994 160.9375
9.7168 223 98 8.8545 -62.5356 160.9375
9.7180 219 101 8.1689 -58.9956 160.9375
9.7193 227 94 7.3470 -66.6860 160.9375
9.7207 215 106 6.6177 -54.8452 160.9375
9.7220 229 92 5.7630 -68.3340 160.9375
9.7233 214 107 5.0884 -53.6855 160.9375
9.7246 217 104 4.4033 -56.0659 160.9375
9.7260 220 101 3.6090 -59.1787 160.9375
9.7272 218 100 2.8777 -58.9956 159.3750
9.7285 214 104 2.1804 -55.0894 159.3750
9.7299 214 104 1.4318 -55.2114 159.3750
9.7311 216 102 0.7053 -57.1646 159.3750
9.7324 206 112 0.1211 -47.2158 159.3750
9.7337 206 111 -0.4615 -47.5820 159.3750
9.7349 204 114 -1.0373 -45.0186 159.3750
9.7362 204 113 -1.6104 -45.5068 159.3750
9.7375 198 120 -2.0978 -39.2202 159.3750
9.7388 197 121 -2.5588 -37.9995 159.3750
9.7401 187 131 -2.8551 -27.6846 159.3750
9.7413 192 125 -3.2139 -33.4219 159.3750
9.7426 191 126 -3.5587 -32.4453 159.3750
9.7439 194 124 -3.9198 -34.9478 159.3750
9.7451 183 134 -4.0777 -24.4497 159.3750
9.7464 184 134 -4.2430 -25.1211 159.3750
9.7476 176 141 -4.3099 -17.4307 159.3750
9.7489 177 141 -4.3841 -18.1021 159.3750
9.7502 174 144 -4.3393 -14.6841 159.3750
9.7514 178 140 -4.3494 -19.2007 159.3750
9.7527 179 138 -4.3841 -20.5435 159.3750
9.7540 168 150 -4.2631 -8.7026 159.3750
9.7553 169 149 -4.1227 -10.0454 159.3750
9.7566 170 148 -3.9909 -10.6558 159.3750
9.7579 163 155 -3.7801 -4.0640 159.3750
9.7591 173 144 -3.7019 -14.5620 159.3750
9.7604 172 146 -3.6575 -13.1582 159.3750
9.7617 164 154 -3.5056 -4.8574 159.3750
9.7630 176 142 -3.5078 -16.7593 159.3750
9.7642 171 147 -3.4488 -12.0596 159.3750
9.7655 174 144 -3.5698 -14.8062 159.3750
9.7668 173 145 -3.6711 -13.7075 159.3750
9.7681 178 140 -3.8386 -18.7124 159.3750
9.7693 173 144 -3.9444 -14.5620 159.3750
9.7706 180 138 -4.3496 -21.2148 159.3750
9.7719 181 136 -4.7605 -22.6187 159.3750
9.7732 185 133 -5.2092 -25.9146 159.3750
9.7744 177 141 -5.7827 -17.8579 159.3750
9.7757 191 127 -6.5167 -31.6519 159.3750
9.7770 190 128 -7.2207 -31.0415 159.3750
9.7783 188 130 -7.8972 -29.2715 159.3750
9.7796 185 133 -8.7232 -26.0366 159.3750
9.7809 184 134 -9.5235 -25.1821 159.3750
9.7821 193 125 -10.4196 -33.7881 159.3750
9.7834 194 130 -11.2681 -31.7739 162.5000
9.7848 198 126 -12.3301 -36.0464 162.5000
9.7860 196 128 -13.3324 -34.3374 162.5000
9.7874 205 119 -14.4412 -42.8823 162.5000
9.7886 202 122 -15.4757 -39.9526 162.5000
9.7899 206 118 -16.6380 -44.3472 162.5000
9.7912 201 123 -17.7182 -38.6709 162.5000
9.7925 202 122 -18.7881 -40.3188 162.5000
9.7937 202 122 -19.8335 -40.3188 162.5000
9.7951 208 116 -21.0203 -46.3613 162.5000
9.7963 211 113 -22.1915 -48.5586 162.5000
9.7976 207 117 -23.2976 -44.5913 162.5000
9.7989 200 124 -24.2944 -37.8164 162.5000
9.8002 207 117 -25.4070 -45.0186 162.5000
9.8014 206 118 -26.4704 -43.5537 162.5000
9.8027 203 121 -27.4978 -41.3564 162.5000
9.8040 207 117 -28.5367 -44.7134 162.5000
9.8053 213 111 -29.6690 -50.8779 162.5000
9.8066 210 114 -30.7310 -47.8872 162.5000
9.8078 212 112 -31.8108 -49.9014 162.5000
9.8091 208 116 -32.8140 -46.0562 162.5000
9.8104 209 115 -33.8279 -46.7275 162.5000
9.8117 203 121 -34.7585 -40.8071 162.5000
9.8130 209 115 -35.7363 -47.3379 162.5000
9.8142 208 116 -36.6696 -45.9341 162.5000
9.8155 213 111 -37.6488 -51.0000 162.5000
9.8167 213 111 -38.6165 -50.5117 162.5000
9.8180 211 113 -39.5289 -48.6196 162.5000
9.8193 213 111 -40.4702 -50.8779 162.5000
9.8206 210 114 -41.3386 -48.4976 162.5000
9.8219 202 122 -42.0970 -40.1968 162.5000
9.8231 213 111 -42.9620 -51.4272 162.5000
9.8244 213 111 -43.8045 -51.3662 162.5000
9.8258 207 117 -44.5681 -44.8354 162.5000
9.8270 204 120 -45.2481 -42.0889 162.5000
9.8283 207 117 -45.9585 -44.5913 162.5000
9.8296 206 118 -46.6623 -43.7979 162.5000
9.8309 209 115 -47.3629 -46.7886 162.5000
9.8322 208 116 -48.0376 -45.5068 162.5000
9.8334 208 116 -48.7020 -46.4834 162.5000
9.8347 213 111 -49.4438 -50.9390 162.5000
9.8360 208 116 -50.1077 -46.1782 162.5000
9.8372 200 124 -50.6695 -38.3047 162.5000
9.8385 207 115 -51.3108 -46.0562 161.7188
9.8398 204 118 -51.9807 -43.1875 161.7188
9.8411 205 118 -52.6504 -43.4316 161.7188
9.8424 208 115 -53.3184 -46.4834 161.7188
9.8437 205 118 -53.9418 -43.4316 161.7188
9.8449 207 115 -54.6661 -45.9341 161.7188
9.8462 204 119 -55.3438 -42.3940 161.7188
9.8475 195 128 -55.8796 -33.4219 161.7188
9.8488 206 117 -56.6110 -44.4692 161.7188
9.8501 203 119 -57.2822 -41.9058 161.7188
9.8513 196 127 -57.8504 -34.5815 161.7188
9.8526 214 109 -58.6257 -52.4038 161.7188
9.8539 203 119 -59.2964 -41.9058 161.7188
9.8552 202 120 -59.9270 -40.8682 161.7188
9.8564 212 111 -60.6575 -50.5117 161.7188
9.8577 206 116 -61.3050 -45.2017 161.7188
9.8589 208 115 -61.9289 -46.4224 161.7188
9.8602 197 125 -62.4075 -35.9243 161.7188
9.8614 199 123 -62.9002 -37.8164 161.7188
9.8627 210 113 -63.5108 -48.5586 161.7188
9.8639 208 114 -64.0510 -46.8496 161.7188
9.8652 199 123 -64.4588 -37.9385 161.7188
9.8665 209 113 -64.9910 -48.0093 161.7188
9.8677 206 117 -65.4520 -44.2861 161.7188
9.8690 199 123 -65.7689 -38.0605 161.7188
9.8703 201 121 -66.1002 -39.7695 161.7188
9.8715 213 110 -66.5852 -51.6714 161.7188
9.8728 214 108 -67.0612 -52.8921 161.7188
9.8741 199 123 -67.2818 -38.0605 161.7188
9.8754 201 121 -67.5157 -39.8916 161.7188
9.8767 204 118 -67.7977 -43.1265 161.7188
9.8779 198 124 -67.9851 -36.9009 161.7188
9.8792 206 116 -68.2258 -44.9575 161.7188
9.8805 196 126 -68.3272 -35.1919 161.7188
9.8818 202 121 -68.5008 -40.3188 161.7188
9.8830 195 127 -68.5833 -34.2153 161.7188
9.8843 197 126 -68.6612 -35.4360 161.7188
9.8856 196 126 -68.7191 -34.7646 161.7188
9.8869 196 126 -68.7835 -35.0088 161.7188
9.8881 196 127 -68.8361 -34.5205 161.7188
9.8894 197 125 -68.9060 -36.1074 161.7188
9.8906 196 126 -68.9534 -34.8257 161.7188
9.8919 204 118 -69.1067 -43.1875 161.7188
9.8931 196 127 -69.1483 -34.6426 161.7188
9.8944 196 126 -69.2429 -34.8867 161.7188
9.8957 199 123 -69.3667 -37.8164 161.7188
9.8969 200 122 -69.4986 -39.0981 161.7188
9.8982 197 125 -69.5989 -36.2295 161.7188
9.8995 194 129 -69.7064 -32.3843 161.7188
9.9007 201 121 -69.9000 -39.9526 161.7188
9.9020 195 127 -70.0063 -33.7271 161.7188
9.9032 198 124 -70.1531 -37.2671 161.7188
9.9044 198 125 -70.3676 -36.6567 161.7188
9.9057 193 130 -70.5150 -31.4688 161.7188
9.9069 187 136 -70.5870 -25.4873 161.7188
9.9081 194 129 -70.7409 -32.3843 161.7188
9.9094 191 131 -70.9582 -29.9429 161.7188
9.9107 188 134 -71.1317 -26.8301 161.7188
9.9119 190 132 -71.3315 -29.2715 161.7188
9.9132 187 135 -71.4860 -25.9146 161.7188
9.9144 199 123 -71.8937 -37.8164 161.7188
9.9157 192 130 -72.2110 -31.1025 161.7188
9.9169 197 125 -72.5810 -35.9243 161.7188
9.9182 201 121 -73.1147 -39.9526 161.7188
9.9195 196 127 -73.6018 -34.6426 161.7188
9.9208 202 122 -74.1318 -39.8306 162.5000
9.9222 205 119 -74.6962 -42.8823 162.5000
9.9234 206 118 -75.3643 -43.6147 162.5000
9.9247 199 125 -75.9383 -37.1450 162.5000
9.9260 206 118 -76.5961 -44.1641 162.5000
9.9273 206 118 -77.2502 -44.2861 162.5000
9.9286 204 120 -78.0028 -42.0278 162.5000
9.9299 205 119 -78.7452 -43.4316 162.5000
9.9312 205 119 -79.4460 -42.7603 162.5000
9.9325 197 127 -80.0561 -34.7646 162.5000
9.9338 204 120 -80.8254 -42.3940 162.5000
9.9351 213 111 -81.6988 -50.9390 162.5000
9.9364 213 111 -82.5515 -51.0610 162.5000
9.9377 208 116 -83.3160 -45.5679 162.5000
9.9389 210 114 -84.1588 -47.6431 162.5000
9.9402 211 113 -85.0180 -49.0469 162.5000
9.9415 206 118 -85.7905 -44.4082 162.5000
9.9428 211 113 -86.6090 -49.0469 162.5000
9.9441 211 113 -87.4650 -49.2910 162.5000
9.9454 215 109 -88.3479 -52.5259 162.5000
9.9466 208 116 -89.1378 -46.4834 162.5000
9.9479 218 106 -90.0580 -55.6387 162.5000
9.9492 214 110 -90.9223 -51.8545 162.5000
9.9505 219 105 -91.8419 -57.2256 162.5000
9.9518 209 115 -92.6210 -47.2158 162.5000
9.9530 211 113 -93.4244 -49.0469 162.5000
9.9543 210 114 -94.2183 -48.3755 162.5000
9.9556 207 117 -94.9624 -45.0186 162.5000
9.9569 216 108 -95.7904 -53.9297 162.5000
9.9582 216 111 -96.6444 -52.0986 164.0625
9.9595 209 118 -97.3938 -45.3237 164.0625
9.9608 220 107 -98.2591 -56.1880 164.0625
9.9621 218 110 -99.0640 -54.0518 164.0625
9.9633 214 113 -99.8372 -50.7559 164.0625
9.9646 213 114 -100.5838 -49.2300 164.0625
9.9658 224 103 -101.4545 -60.7656 164.0625
9.9671 216 111 -102.2134 -52.8921 164.0625
9.9683 224 103 -103.0819 -60.5215 164.0625
9.9696 218 110 -103.8871 -54.0518 164.0625
9.9709 219 108 -104.6776 -55.5776 164.0625
9.9722 221 106 -105.5117 -57.8970 164.0625
9.9735 215 112 -106.2767 -51.9155 164.0625
9.9747 220 107 -107.0815 -56.6152 164.0625
9.9760 214 113 -107.7921 -50.4507 164.0625
9.9773 227 100 -108.6484 -63.3901 164.0625
9.9786 220 107 -109.4413 -56.3711 164.0625
9.9799 225 102 -110.2886 -61.6201 164.0625
9.9812 221 106 -111.0554 -57.1035 164.0625
9.9825 225 102 -111.8647 -61.6201 164.0625
9.9837 221 106 -112.6000 -57.5918 164.0625
9.9850 227 100 -113.3927 -63.4512 164.0625
9.9863 235 92 -114.2674 -71.6299 164.0625
9.9876 230 97 -115.0675 -66.4419 164.0625
9.9889 234 93 -115.9117 -70.7144 164.0625
9.9902 237 90 -116.7435 -73.7051 164.0625
9.9915 225 102 -117.4115 -61.3760 164.0625
9.9927 227 100 -118.0297 -63.6953 164.0625
9.9940 228 99 -118.6478 -64.9160 164.0625
9.9953 228 99 -119.2389 -64.5498 164.0625
9.9965 230 97 -119.8525 -66.4419 164.0625
9.9978 225 103 -120.2979 -61.0098 164.0625
9.9991 235 92 -120.8606 -71.1416 164.0625
10.0004 235 92 -121.4141 -71.2637 164.0625
10.0017 221 106 -121.8011 -57.1035 164.0625
10.0029 231 96 -122.2021 -67.6016 164.0625
10.0043 229 98 -122.5927 -65.3433 164.0625
10.0055 226 101 -122.9240 -62.9019 164.0625
10.0068 229 99 -123.2732 -64.9771 164.0625
10.0081 237 90 -123.6529 -73.5220 164.0625
10.0093 226 101 -123.8903 -62.5356 164.0625
10.0106 239 88 -124.3075 -75.5972 164.0625
10.0119 222 105 -124.5079 -58.5684 164.0625
10.0133 228 100 -124.7540 -64.0615 164.0625
10.0146 225 105 -124.9488 -60.0332 165.6250
10.0159 219 112 -125.0392 -53.6245 165.6250
10.0172 221 109 -125.1717 -55.6997 165.6250
10.0185 230 100 -125.4567 -65.1602 165.6250
10.0198 217 113 -125.5438 -51.8545 165.6250
10.0211 221 109 -125.6823 -55.6387 165.6250
10.0224 219 111 -125.8436 -54.2959 165.6250
10.0237 208 123 -125.8486 -42.5771 165.6250
10.0249 212 118 -125.8966 -46.6665 165.6250
10.0263 217 113 -126.0543 -52.0376 165.6250
10.0276 211 119 -126.1716 -45.9341 165.6250
10.0289 214 116 -126.3292 -48.9858 165.6250
10.0301 211 119 -126.4478 -46.0562 165.6250
10.0315 215 115 -126.6307 -50.2065 165.6250
10.0328 207 123 -126.7851 -41.9058 165.6250
10.0341 210 120 -126.9646 -44.8965 165.6250
10.0354 207 123 -127.1161 -42.2109 165.6250
10.0366 206 125 -127.2355 -40.3799 165.6250
10.0379 210 121 -127.5200 -44.5913 165.6250
10.0392 209 121 -127.7897 -43.9199 165.6250
10.0405 203 128 -127.9707 -37.3892 165.6250
10.0418 199 131 -128.1109 -34.2153 165.6250
10.0431 210 120 -128.5602 -44.9575 165.6250
10.0443 197 133 -128.8227 -31.7739 165.6250
10.0456 206 124 -129.2088 -41.3564 165.6250
10.0469 204 126 -129.5497 -38.7930 165.6250
10.0482 198 132 -130.0346 -32.9946 165.6250
10.0495 205 125 -130.6044 -40.1968 165.6250
10.0508 203 128 -131.1305 -37.5723 165.6250
10.0520 198 133 -131.5729 -32.5674 165.6250
10.0533 205 125 -132.3513 -40.3188 165.6250
10.0546 202 128 -133.0596 -36.9619 165.6250
10.0559 192 139 -133.6368 -26.4028 165.6250
10.0572 198 132 -134.5148 -33.1777 165.6250
10.0585 195 135 -135.3332 -29.7598 165.6250
10.0598 195 135 -136.1492 -30.1870 165.6250
10.0610 203 127 -137.0363 -37.6333 165.6250
10.0623 201 130 -138.0870 -35.5581 165.6250
10.0636 204 127 -139.1431 -38.5488 165.6250
10.0649 204 126 -140.1969 -39.0371 165.6250
10.0662 197 133 -141.1300 -32.1401 165.6250
10.0675 200 130 -142.2260 -35.0088 165.6250
10.0688 203 127 -143.3353 -38.2437 165.6250
10.0700 199 131 -144.3713 -34.0933 165.6250
10.0714 193 136 -145.3322 -28.5391 164.8438
10.0727 196 133 -146.3799 -31.2246 164.8438
10.0740 197 132 -147.4104 -32.6284 164.8438
10.0753 205 124 -148.5219 -40.3799 164.8438
10.0766 189 139 -149.4102 -24.8770 164.8438
10.0779 198 131 -150.4041 -33.4829 164.8438
10.0792 202 127 -151.4082 -37.2671 164.8438
10.0804 206 122 -152.4605 -41.9058 164.8438
10.0817 197 131 -153.3655 -32.9946 164.8438
10.0830 199 129 -154.2712 -35.0088 164.8438
10.0843 202 126 -155.1837 -37.8774 164.8438
10.0856 199 130 -156.0525 -34.7036 164.8438
10.0868 199 130 -156.8529 -34.7036 164.8438
10.0881 205 124 -157.7125 -40.5630 164.8438
10.0894 198 130 -158.4733 -33.8491 164.8438
10.0907 190 139 -159.1108 -25.3652 164.8438
10.0919 208 121 -159.9268 -43.7979 164.8438
10.0932 200 128 -160.6460 -35.9854 164.8438
10.0945 194 135 -161.2632 -29.6987 164.8438
10.0958 201 128 -161.9629 -36.4736 164.8438
10.0971 195 133 -162.5527 -30.9805 164.8438
10.0984 192 136 -163.1026 -28.0508 164.8438
10.0996 193 136 -163.6359 -28.5391 164.8438
10.1010 197 132 -164.2297 -32.8115 164.8438
10.1022 198 131 -164.7953 -33.7881 164.8438
10.1035 187 141 -165.2268 -22.8628 164.8438
10.1048 187 142 -165.6302 -22.1914 164.8438
10.1061 188 141 -166.0558 -23.3511 164.8438
10.1074 187 142 -166.4488 -22.2524 164.8438
10.1087 187 142 -166.8382 -22.3745 164.8438
10.1100 195 134 -167.3335 -30.5532 164.8438
10.1113 189 139 -167.7328 -24.9380 164.8438
10.1126 188 141 -168.1250 -23.2900 164.8438
10.1139 188 141 -168.5196 -23.2900 164.8438
10.1151 185 143 -168.8680 -21.0317 164.8438
10.1164 182 147 -169.1696 -17.3696 164.8438
10.1177 188 141 -169.5655 -23.2290 164.8438
10.1190 191 138 -169.9976 -26.5249 164.8438
10.1203 180 149 -170.2844 -15.4775 164.8438
10.1216 187 142 -170.6619 -22.4355 164.8438
10.1228 182 146 -171.0063 -17.9189 164.8438
10.1241 183 146 -171.3469 -18.1631 164.8438
10.1254 179 150 -171.6325 -14.1958 164.8438
10.1267 186 144 -172.0323 -21.2759 165.6250
10.1280 190 140 -172.4797 -24.8159 165.6250
10.1293 187 144 -172.8801 -21.5811 165.6250
10.1306 185 146 -173.2413 -19.5669 165.6250
10.1319 188 142 -173.6646 -22.7407 165.6250
10.1332 184 146 -174.0355 -19.2007 165.6250
10.1345 184 146 -174.3950 -19.2007 165.6250
10.1357 189 142 -174.8092 -23.5342 165.6250
10.1370 189 141 -175.2373 -23.8394 165.6250
10.1383 185 145 -175.6078 -19.6279 165.6250
10.1396 195 135 -176.0948 -30.0039 165.6250
10.1409 192 138 -176.5376 -26.7690 165.6250
10.1422 189 141 -176.9482 -23.9614 165.6250
10.1435 184 146 -177.2924 -19.2007 165.6250
10.1447 186 144 -177.6523 -21.3369 165.6250
10.1460 189 141 -178.0391 -23.9004 165.6250
10.1473 187 143 -178.4036 -22.0693 165.6250
10.1486 185 145 -178.7378 -19.9941 165.6250
10.1499 197 133 -179.2103 -32.0791 165.6250
10.1511 198 132 -179.6871 -32.9946 165.6250
10.1524 187 143 -180.0212 -22.0693 165.6250
10.1537 189 141 -180.3866 -24.2056 165.6250
10.1550 192 139 -180.7621 -26.4028 165.6250
10.1563 196 134 -181.2111 -31.1025 165.6250
10.1575 185 145 -181.4988 -19.9941 165.6250
10.1588 187 143 -181.8156 -22.3135 165.6250
10.1601 189 141 -182.1442 -24.3276 165.6250
10.1614 186 144 -182.4593 -21.0928 165.6250
10.1626 187 143 -182.7597 -21.7642 165.6250
10.1639 185 145 -183.0379 -19.9941 165.6250
10.1652 188 142 -183.3446 -23.1069 165.6250
10.1665 187 144 -183.6461 -21.4590 165.6250
10.1678 171 160 -183.7394 -5.5898 165.6250
10.1691 185 145 -184.0143 -19.7500 165.6250
10.1703 182 148 -184.2365 -16.6372 165.6250
10.1716 178 152 -184.4276 -13.0361 165.6250
10.1729 180 150 -184.6343 -14.8672 165.6250
10.1742 179 151 -184.8278 -13.9517 165.6250
10.1754 180 151 -185.0202 -14.3789 165.6250
10.1767 186 144 -185.3145 -20.8486 165.6250
10.1780 171 160 -185.4072 -5.4067 165.6250
10.1793 181 150 -185.6286 -15.5386 165.6250
10.1806 177 154 -185.7899 -11.4492 165.6250
10.1818 180 150 -186.0311 -14.9893 165.6250
10.1832 190 140 -186.4034 -25.1211 165.6250
10.1845 186 144 -186.7146 -20.8486 165.6250
10.1858 178 152 -186.9125 -13.2803 165.6250
10.1870 191 139 -187.3311 -25.7925 165.6250
10.1883 188 143 -187.7003 -22.5576 165.6250
10.1896 185 146 -188.0309 -19.4448 165.6250
10.1908 183 147 -188.3287 -18.1631 165.6250
10.1921 187 143 -188.7613 -22.0083 165.6250
10.1934 189 141 -189.2192 -24.0835 165.6250
10.1946 183 147 -189.5844 -17.7358 165.6250
10.1959 183 147 -190.0821 -18.3462 165.6250
10.1971 188 142 -190.6049 -23.0459 165.6250
10.1984 195 135 -191.2047 -29.9429 165.6250
10.1997 193 137 -191.7727 -27.9897 165.6250
10.2009 180 150 -192.2903 -15.2944 165.6250
10.2022 191 140 -192.9070 -25.5483 165.6250
10.2035 195 136 -193.5574 -29.5156 165.6250
10.2047 193 137 -194.1743 -28.2339 165.6250
10.2059 198 132 -194.9296 -32.8726 165.6250
10.2072 195 135 -195.6315 -30.3091 165.6250
10.2085 192 138 -196.2838 -27.0132 165.6250
10.2097 196 134 -196.9624 -30.6753 165.6250
10.2110 192 138 -197.6315 -27.3184 165.6250
10.2123 200 130 -198.3920 -34.9478 165.6250
10.2136 200 130 -199.1316 -35.2529 165.6250
10.2148 204 126 -199.8995 -38.8540 165.6250
10.2161 191 139 -200.5113 -25.9146 165.6250
10.2174 198 132 -201.2074 -32.9946 165.6250
10.2187 195 135 -201.8501 -29.6987 165.6250
10.2200 201 130 -202.5401 -35.4360 165.6250
10.2213 205 126 -203.2472 -39.5864 165.6250
10.2226 198 132 -203.8565 -32.9336 165.6250
10.2238 199 131 -204.4643 -33.9102 165.6250
10.2251 198 132 -205.0643 -32.9946 165.6250
10.2265 196 134 -205.5986 -31.1636 165.6250
10.2278 197 133 -206.1383 -31.9570 165.6250
10.2291 202 128 -206.7043 -37.0840 165.6250
10.2304 195 136 -207.1623 -29.3936 165.6250
10.2317 207 123 -207.7598 -41.8447 165.6250
10.2330 200 130 -208.2391 -34.6426 165.6250
10.2343 200 130 -208.7248 -35.1309 165.6250
10.2355 196 134 -209.1339 -30.8584 165.6250
10.2368 204 126 -209.6626 -39.0981 165.6250
10.2381 208 122 -210.2477 -43.3706 165.6250
10.2394 207 124 -210.7873 -41.6006 165.6250
10.2408 207 123 -211.4021 -41.7227 165.6250
10.2421 208 122 -211.9897 -43.0044 165.6250
10.2434 208 122 -212.5707 -43.0654 165.6250
10.2446 204 126 -213.0772 -38.7319 165.6250
10.2459 202 128 -213.6803 -37.2061 165.6250
10.2472 207 124 -214.3211 -41.5396 165.6250
10.2485 205 125 -214.9437 -40.2578 165.6250
10.2497 209 121 -215.5852 -44.0420 165.6250
10.2510 205 125 -216.3014 -40.1968 165.6250
10.2523 208 122 -217.0279 -42.6382 165.6250
10.2535 207 124 -217.7335 -41.5396 165.6250
10.2548 208 122 -218.4399 -43.0654 165.6250
10.2561 207 123 -219.2506 -42.3330 165.6250
10.2573 216 114 -220.1442 -50.8169 165.6250
10.2586 212 118 -220.9795 -46.7886 165.6250
10.2599 209 122 -221.7603 -43.4316 165.6250
10.2612 203 127 -222.5278 -38.1216 165.6250
10.2624 206 124 -223.3186 -41.1123 165.6250
10.2637 212 118 -224.1711 -46.8496 165.6250
10.2650 208 122 -224.9533 -42.8823 165.6250
10.2663 212 118 -225.7962 -46.6665 165.6250
10.2676 208 123 -226.5615 -42.4551 165.6250
10.2689 206 124 -227.2953 -41.3564 165.6250
10.2701 208 123 -228.0193 -42.5161 165.6250
10.2714 210 120 -228.7289 -44.7744 165.6250
10.2727 209 121 -229.4157 -43.9810 165.6250
10.2739 213 117 -230.1382 -48.0093 165.6250
10.2752 199 131 -230.6079 -33.9102 165.6250
10.2765 211 120 -231.2171 -45.3848 165.6250
10.2778 209 122 -231.7959 -43.6147 165.6250
10.2791 208 122 -232.3660 -42.7603 165.6250
10.2804 203 127 -232.7736 -37.9995 165.6250
10.2816 208 122 -233.2321 -42.6992 165.6250
10.2829 209 121 -233.7040 -43.7368 165.6250
10.2842 201 129 -234.0681 -36.2295 165.6250
10.2855 201 129 -234.3741 -35.9243 165.6250
10.2867 214 116 -234.8276 -48.6807 165.6250
10.2880 208 122 -235.2190 -43.3096 165.6250
10.2893 207 123 -235.5764 -42.3330 165.6250
10.2906 203 127 -235.8513 -38.1826 165.6250
10.2918 201 130 -236.0778 -35.4360 165.6250
10.2931 209 121 -236.4191 -43.8589 165.6250
10.2943 204 126 -236.6810 -38.7319 165.6250
10.2957 202 128 -236.9391 -36.7788 165.6250
10.2969 196 134 -237.0999 -30.7974 165.6250
10.2982 187 144 -237.1413 -21.3979 165.6250
10.2995 199 131 -237.3411 -33.6660 165.6250
10.3008 201 129 -237.5898 -35.9854 165.6250
10.3021 198 133 -237.7813 -32.4453 165.6250
10.3034 202 128 -238.0277 -36.9619 165.6250
10.3047 197 134 -238.2076 -31.4688 165.6250
10.3060 202 129 -238.4765 -36.4126 165.6250
10.3073 201 129 -238.7216 -35.7412 165.6250
10.3086 201 129 -238.9735 -36.2295 165.6250
10.3098 204 126 -239.2374 -38.6709 165.6250
10.3111 199 131 -239.4458 -33.7881 165.6250
10.3124 206 124 -239.7309 -40.6851 165.6250
10.3137 199 131 -239.9416 -34.2764 165.6250
10.3149 198 133 -240.1177 -32.5674 165.6250
10.3162 194 136 -240.2274 -28.8442 165.6250
10.3175 197 133 -240.3613 -31.6519 165.6250
10.3188 202 128 -240.5587 -36.7178 165.6250
10.3200 201 130 -240.7190 -35.6191 165.6250
10.3213 200 130 -240.8316 -34.9478 165.6250
10.3226 203 127 -240.9848 -37.6943 165.6250
10.3239 195 136 -241.0247 -29.5156 165.6250
10.3252 205 126 -241.0979 -39.4033 165.6250
10.3264 185 145 -240.9279 -19.8721 165.6250
10.3277 199 132 -240.9235 -33.4219 165.6250
10.3290 192 138 -240.8457 -26.6470 165.6250
10.3303 193 137 -240.6865 -28.3560 165.6250
10.3316 191 139 -240.5089 -26.0366 165.6250
10.3328 191 139 -240.3289 -26.1587 165.6250
10.3341 192 138 -240.1762 -27.3184 165.6250
10.3354 193 137 -239.9412 -28.3560 165.6250
10.3367 192 138 -239.6969 -26.6470 165.6250
10.3380 194 137 -239.4744 -28.5391 165.6250
10.3393 185 146 -239.1546 -19.4448 165.6250
10.3406 189 142 -238.8196 -23.4121 165.6250
10.3419 186 144 -238.4718 -21.3369 165.6250
10.3431 179 152 -238.0279 -13.5244 165.6250
10.3444 181 150 -237.6206 -15.4165 165.6250
10.3457 184 146 -237.2390 -19.1396 165.6250
10.3470 189 142 -236.9277 -23.4731 165.6250
10.3483 179 152 -236.4918 -13.4634 165.6250
10.3496 186 145 -236.1558 -20.4214 165.6250
10.3509 183 148 -235.7991 -17.4917 165.6250
10.3521 179 152 -235.4010 -13.5244 165.6250
10.3534 172 158 -234.9255 -6.9326 165.6250
10.3547 180 150 -234.6063 -15.1113 165.6250
10.3560 176 155 -234.2428 -10.4727 165.6250
10.3573 175 156 -233.8779 -9.4961 165.6250
10.3585 179 153 -233.5646 -13.1582 166.4062
10.3598 183 149 -233.4039 -17.3696 166.4062
10.3611 182 150 -233.2283 -16.0269 166.4062
10.3624 172 159 -232.9411 -6.5054 166.4062
10.3637 171 161 -232.6380 -4.6743 166.4062
10.3650 175 157 -232.5371 -8.9468 166.4062
10.3663 170 162 -232.3803 -4.3081 166.4062
10.3675 174 157 -232.2803 -8.5195 166.4062
10.3688 179 153 -232.2400 -13.4023 166.4062
10.3701 170 162 -232.2621 -4.1860 166.4062
10.3713 168 164 -232.2540 -1.8057 166.4062
10.3726 173 158 -232.3158 -7.4819 166.4062
10.3738 165 167 -232.2753 0.7578 166.4062
10.3751 163 169 -232.4101 2.7109 166.4062
10.3763 165 166 -232.5708 0.4526 166.4062
10.3776 164 167 -232.7145 1.5513 166.4062
10.3789 171 161 -232.9331 -4.6133 166.4062
10.3802 164 168 -233.2526 2.2837 166.4062
10.3815 171 160 -233.6626 -5.4678 166.4062
10.3828 168 164 -234.0235 -2.1108 166.4062
10.3840 161 171 -234.2870 5.0913 166.4062
10.3854 160 172 -234.6942 5.8848 166.4062
10.3867 166 166 -235.1665 0.3306 166.4062
10.3880 165 167 -235.6225 0.8799 166.4062
10.3892 158 174 -235.9817 7.9600 166.4062
10.3905 159 173 -236.4596 6.6172 166.4062
10.3918 162 170 -236.9650 3.6875 166.4062
10.3931 167 165 -237.5183 -0.9512 166.4062
10.3943 163 169 -238.0460 3.0161 166.4062
10.3956 167 165 -238.6227 -0.7070 166.4062
10.3969 165 166 -239.1725 0.5137 166.4062
10.3982 158 173 -239.6210 7.5327 166.4062
10.3995 163 169 -240.1250 2.6499 166.4062
10.4008 171 161 -240.7142 -4.8574 166.4062
10.4021 170 162 -241.2784 -3.7588 166.4062
10.4034 167 165 -241.7961 -1.0122 166.4062
10.4047 162 170 -242.2415 3.8706 166.4062
10.4060 172 160 -242.8060 -6.3223 166.4062
10.4072 172 159 -243.3611 -6.5054 166.4062
10.4085 165 167 -243.8096 1.1240 166.4062
10.4098 171 161 -244.3515 -5.0405 166.4062
10.4111 174 158 -244.9143 -7.6040 166.4062
10.4124 180 152 -245.5493 -14.1348 166.4062
10.4137 177 155 -246.1353 -11.3882 166.4062
10.4150 178 155 -246.7939 -11.6934 167.1875
10.4163 180 154 -247.4553 -13.1582 167.1875
10.4175 177 156 -248.0726 -10.7778 167.1875
10.4188 194 140 -248.8777 -26.9521 167.1875
10.4201 195 138 -249.8079 -28.6611 167.1875
10.4214 189 144 -250.6434 -22.6797 167.1875
10.4227 201 133 -251.6062 -34.0933 167.1875
10.4239 186 148 -252.3566 -18.8345 167.1875
10.4252 189 144 -253.2532 -22.2524 167.1875
10.4265 186 147 -254.0960 -19.6279 167.1875
10.4277 204 130 -255.1467 -37.0840 167.1875
10.4291 200 133 -256.2260 -33.7271 167.1875
10.4304 201 132 -257.2853 -34.7036 167.1875
10.4317 203 131 -258.3367 -36.0464 167.1875
10.4330 196 137 -259.2800 -29.3325 167.1875
10.4343 185 148 -260.0737 -18.5903 167.1875
10.4355 202 131 -261.0576 -35.3750 167.1875
10.4368 200 134 -261.9985 -32.9946 167.1875
10.4381 205 128 -262.9882 -38.4268 167.1875
10.4394 198 135 -263.7857 -31.7129 167.1875
10.4406 199 134 -264.5775 -32.5674 167.1875
10.4419 195 138 -265.3047 -28.4780 167.1875
10.4432 195 138 -266.0221 -28.6001 167.1875
10.4445 201 132 -266.6371 -34.3984 167.1875
10.4458 194 139 -267.1466 -27.3184 167.1875
10.4470 204 129 -267.7667 -37.2061 167.1875
10.4483 202 132 -268.3504 -35.0698 167.1875
10.4495 205 129 -268.7407 -37.8164 167.1875
10.4508 199 134 -269.0665 -32.7505 167.1875
10.4520 196 137 -269.3481 -29.3936 167.1875
10.4533 193 140 -269.5946 -26.5859 167.1875
10.4545 199 134 -269.6894 -32.3232 167.1875
10.4558 197 136 -269.7651 -30.5532 167.1875
10.4571 204 129 -269.9264 -37.2671 167.1875
10.4583 201 133 -270.0486 -33.8491 167.1875
10.4596 199 134 -269.9661 -32.2012 167.1875
10.4609 202 132 -269.9215 -35.0088 167.1875
10.4622 194 139 -269.7790 -27.3794 167.1875
10.4635 205 128 -269.7885 -38.6099 167.1875
10.4647 202 132 -269.6212 -34.8867 167.1875
10.4661 198 136 -269.4324 -31.1636 167.1875
10.4674 194 139 -269.1744 -27.1963 167.1875
10.4687 192 142 -268.8429 -24.8159 167.1875
10.4700 195 141 -268.5365 -26.9521 168.7500
10.4713 199 138 -268.2727 -30.4922 168.7500
10.4726 198 138 -268.0171 -30.1870 168.7500
10.4739 192 145 -267.6747 -23.5952 168.7500
10.4751 194 142 -267.3639 -25.9756 168.7500
10.4764 194 142 -267.0669 -26.0977 168.7500
10.4777 193 143 -266.7539 -24.8770 168.7500
10.4790 184 153 -266.3593 -15.5996 168.7500
10.4803 187 149 -266.0086 -18.8955 168.7500
10.4816 190 147 -265.7052 -21.5811 168.7500
10.4828 196 141 -265.4778 -27.6235 168.7500
10.4841 184 152 -265.1407 -16.1489 168.7500
10.4854 181 155 -264.7670 -13.1582 168.7500
10.4866 177 159 -264.3517 -9.0078 168.7500
10.4878 179 157 -263.9650 -10.8389 168.7500
10.4891 176 160 -263.5644 -7.9092 168.7500
10.4904 172 164 -263.1259 -4.1250 168.7500
10.4916 180 156 -262.7927 -11.8765 168.7500
10.4929 183 153 -262.5076 -14.9893 168.7500
10.4942 171 165 -262.0756 -2.8433 168.7500
10.4955 172 165 -261.6604 -3.5146 168.7500
10.4967 173 164 -261.2641 -4.3691 168.7500
10.4980 174 162 -260.8961 -5.9561 168.7500
10.4993 165 172 -260.4159 3.3823 168.7500
10.5006 171 165 -260.0245 -2.9653 168.7500
10.5018 165 172 -259.5583 3.6265 168.7500
10.5031 165 172 -259.0995 3.7485 168.7500
10.5045 172 164 -258.7747 -4.0640 168.7500
10.5057 159 177 -258.2883 9.1807 168.7500
10.5070 164 173 -257.8668 4.7251 168.7500
10.5083 163 173 -257.4513 4.9692 168.7500
10.5095 163 174 -257.0928 5.5796 168.7500
10.5108 169 168 -256.8177 -0.5850 168.7500
10.5121 167 169 -256.5278 1.0630 168.7500
10.5133 163 174 -256.2817 5.3965 168.7500
10.5146 173 164 -256.1609 -4.4302 168.7500
10.5159 162 175 -255.9054 6.6172 168.7500
10.5172 168 168 -255.7387 -0.0967 168.7500
10.5185 165 171 -255.6611 2.8330 168.7500
10.5198 161 175 -255.5337 7.0444 168.7500
10.5211 160 176 -255.3943 8.0210 168.7500
10.5224 158 179 -255.2269 10.7065 168.7500
10.5237 165 172 -255.2831 3.5654 168.7500
10.5249 162 174 -255.3102 5.8237 168.7500
10.5262 161 177 -255.3114 7.8989 169.5312
10.5275 166 172 -255.3680 3.4434 169.5312
10.5287 168 171 -255.5693 1.4902 169.5312
10.5300 165 174 -255.7290 4.4810 169.5312
10.5314 164 174 -255.8737 5.1523 169.5312
10.5327 171 167 -256.1051 -1.6836 169.5312
10.5340 177 161 -256.4923 -7.6650 169.5312
10.5353 169 169 -256.7757 -0.2188 169.5312
10.5365 177 161 -257.1470 -7.6650 169.5312
10.5378 178 160 -257.5265 -9.0688 169.5312
10.5391 177 161 -257.9258 -7.7871 169.5312
10.5404 170 168 -258.2267 -0.6460 169.5312
10.5416 180 158 -258.6505 -10.8999 169.5312
10.5429 180 158 -259.0622 -10.6558 169.5312
10.5442 181 157 -259.4784 -12.1816 169.5312
10.5455 178 160 -259.8478 -9.0688 169.5312
10.5467 185 153 -260.2910 -15.6606 169.5312
10.5480 185 153 -260.7285 -15.7827 169.5312
10.5493 183 155 -261.1084 -14.3789 169.5312
10.5506 183 155 -261.4741 -14.0127 169.5312
10.5519 176 162 -261.7471 -7.2378 169.5312
10.5532 183 155 -262.0530 -13.6465 169.5312
10.5544 183 155 -262.3587 -14.2568 169.5312
10.5557 188 150 -262.7231 -19.0786 169.5312
10.5570 179 160 -262.9572 -9.4961 169.5312
10.5583 181 157 -263.1803 -11.8154 169.5312
10.5595 177 161 -263.3443 -7.5430 169.5312
10.5608 172 166 -263.4432 -2.5381 169.5312
10.5621 176 162 -263.5939 -6.8105 169.5312
10.5634 173 165 -263.6906 -4.2471 169.5312
10.5646 175 163 -263.8098 -6.3223 169.5312
10.5659 172 166 -263.8910 -3.3926 169.5312
10.5672 171 167 -263.9478 -1.5615 169.5312
10.5685 186 152 -264.1927 -16.5762 169.5312
10.5698 180 159 -264.3531 -10.4727 169.5312
10.5710 160 178 -264.2635 9.1807 169.5312
10.5723 168 170 -264.2760 1.3071 169.5312
10.5736 171 167 -264.3534 -2.4160 169.5312
10.5748 167 171 -264.3701 2.3447 169.5312
10.5761 165 173 -264.3668 3.8706 169.5312
10.5774 169 169 -264.4089 0.2695 169.5312
10.5787 166 172 -264.4492 2.6499 169.5312
10.5799 162 176 -264.4365 6.8613 169.5312
10.5812 165 173 -264.4544 4.4199 169.5312
10.5825 166 172 -264.4881 3.0161 169.5312
10.5838 162 176 -264.4998 7.0444 169.5312
10.5851 163 175 -264.5265 5.8848 169.5312
10.5865 165 173 -264.5764 3.8706 169.5312
10.5878 163 175 -264.5994 5.8848 169.5312
10.5890 163 175 -264.6375 6.3120 169.5312
10.5903 155 183 -264.5842 13.6973 169.5312
10.5916 161 177 -264.5972 8.3872 169.5312
10.5928 155 183 -264.5332 14.2466 169.5312
10.5941 155 183 -264.4809 13.5752 169.5312
10.5953 158 180 -264.4610 11.0117 169.5312
10.5966 158 180 -264.4361 11.3779 169.5312
10.5979 160 178 -264.4225 8.6924 169.5312
10.5991 169 169 -264.5225 -0.4629 169.5312
10.6004 157 181 -264.4623 12.2935 169.5312
10.6017 158 180 -264.4201 10.8896 169.5312
10.6030 159 179 -264.3441 10.4014 169.5312
10.6042 150 189 -264.1577 19.4956 169.5312
10.6055 159 179 -264.0974 9.5469 169.5312
10.6068 155 183 -263.9797 14.3687 169.5312
10.6081 158 180 -263.8712 11.1948 169.5312
10.6094 160 178 -263.7980 8.7534 169.5312
10.6106 160 178 -263.7198 9.3027 169.5312
10.6119 152 186 -263.5494 16.8711 169.5312
10.6132 155 183 -263.3964 13.9414 169.5312
10.6144 163 176 -263.3378 6.4951 169.5312
10.6157 157 182 -263.2081 12.4766 169.5312
10.6170 164 174 -263.1748 4.7861 169.5312
10.6183 163 175 -263.1194 6.4341 169.5312
10.6195 161 178 -263.0421 8.5093 169.5312
10.6208 165 173 -263.0211 3.8706 169.5312
10.6221 165 173 -262.9924 4.4199 169.5312
10.6234 166 173 -262.9942 3.5044 169.5312
10.6247 161 177 -262.9396 7.8379 169.5312
10.6260 164 174 -262.9209 5.2134 169.5312
10.6273 168 170 -262.9603 0.5747 169.5312
10.6285 161 177 -262.9390 8.0210 169.5312
10.6298 165 173 -262.9676 3.9927 169.5312
10.6311 152 186 -262.8322 16.9321 169.5312
10.6324 171 167 -262.9619 -2.0498 169.5312
10.6337 166 173 -263.0313 3.5044 169.5312
10.6350 164 174 -263.0843 4.7251 169.5312
10.6362 158 180 -263.0523 11.4390 169.5312
10.6375 165 173 -263.1204 4.4199 169.5312
10.6388 155 183 -263.0811 14.4297 169.5312
10.6400 161 177 -263.1200 8.1431 169.5312
10.6413 167 171 -263.2389 1.6123 169.5312
10.6426 167 171 -263.3608 1.9175 169.5312
10.6439 167 171 -263.4771 2.1616 169.5312
10.6452 164 174 -263.5554 4.8472 169.5312
10.6465 165 173 -263.6445 3.9927 169.5312
10.6478 166 170 -263.7347 2.0396 168.7500
10.6491 161 175 -263.7625 6.9224 168.7500
10.6503 156 180 -263.7256 12.0493 168.7500
10.6516 165 172 -263.7950 3.6265 168.7500
10.6529 154 182 -263.6918 14.1245 168.7500
10.6542 158 179 -263.6405 10.7065 168.7500
10.6555 159 177 -263.6112 9.0586 168.7500
10.6568 154 183 -263.5102 14.6128 168.7500
10.6581 152 185 -263.3523 16.3218 168.7500
10.6593 150 187 -263.1743 18.3970 168.7500
10.6606 149 188 -262.9836 19.6177 168.7500
10.6619 150 186 -262.8185 17.7866 168.7500
10.6631 145 191 -262.5519 23.1577 168.7500
10.6644 154 183 -262.4012 14.4907 168.7500
10.6657 157 180 -262.2913 11.3779 168.7500
10.6669 148 188 -262.0726 20.0449 168.7500
10.6683 147 189 -261.8032 21.1436 168.7500
10.6696 151 186 -261.5906 17.6646 168.7500
10.6709 147 190 -261.3404 21.5098 168.7500
10.6721 149 187 -261.1047 18.8242 168.7500
10.6734 157 180 -260.9562 11.6831 168.7500
10.6747 151 185 -260.7442 16.8711 168.7500
10.6760 151 186 -260.5268 17.6646 168.7500
10.6772 148 188 -260.2502 20.1060 168.7500
10.6785 151 186 -260.0080 17.6646 168.7500
10.6798 155 182 -259.8225 13.4531 168.7500
10.6811 161 175 -259.7247 6.8613 168.7500
10.6824 152 184 -259.4671 16.1387 168.7500
10.6837 147 190 -259.1620 21.2656 168.7500
10.6850 148 188 -258.8803 19.9839 168.7500
10.6862 161 176 -258.7616 7.2886 168.7500
10.6875 155 181 -258.5253 13.1479 168.7500
10.6887 146 190 -258.1853 22.0591 168.7500
10.6900 145 191 -257.8316 22.9136 168.7500
10.6913 146 191 -257.4851 22.5474 168.7500
10.6926 137 199 -257.0131 30.7871 168.7500
10.6939 147 189 -256.6669 21.0825 168.7500
10.6951 139 197 -256.2342 29.0171 168.7500
10.6964 147 190 -255.8996 21.6318 168.7500
10.6977 141 196 -255.4698 27.4302 168.7500
10.6990 140 196 -255.0313 27.9795 168.7500
10.7003 147 190 -254.6869 21.6929 168.7500
10.7016 138 199 -254.2330 30.2988 168.7500
10.7028 149 187 -253.9261 19.0073 168.7500
10.7041 144 192 -253.5673 23.8291 168.7500
10.7054 140 196 -253.1590 28.0405 168.7500
10.7066 148 189 -252.8570 20.4722 168.7500
10.7079 137 199 -252.4270 30.7871 168.7500
10.7092 144 193 -252.0864 24.5615 168.7500
10.7105 141 196 -251.7038 27.6133 168.7500
10.7117 140 196 -251.3450 27.7964 168.7500
10.7130 149 188 -251.0875 19.3125 168.7500
10.7142 145 192 -250.7842 23.7070 168.7500
10.7155 143 194 -250.4649 25.3550 168.7500
10.7168 142 195 -250.1219 26.5757 168.7500
10.7180 145 191 -249.8166 22.9136 168.7500
10.7193 159 177 -249.6817 9.0586 168.7500
10.7206 147 189 -249.4020 21.1436 168.7500
10.7219 150 187 -249.0865 18.4580 168.7500
10.7232 152 184 -248.8016 16.0776 168.7500
10.7244 151 186 -248.5077 17.4204 168.7500
10.7257 157 179 -248.2991 11.1948 168.7500
10.7270 151 186 -247.8985 17.4204 168.7500
10.7283 143 193 -247.3979 24.9277 168.7500
10.7296 148 189 -246.9787 20.5332 168.7500
10.7309 161 176 -246.7323 7.4106 168.7500
10.7322 149 188 -246.2057 19.3125 168.7500
10.7335 153 183 -245.7474 15.2231 168.7500
10.7348 144 193 -245.1724 24.7446 168.7500
10.7360 158 178 -244.8017 9.9131 168.7500
10.7373 152 184 -244.2381 16.0166 168.7500
10.7386 155 182 -243.7145 13.5752 168.7500
10.7399 161 175 -243.2861 6.8613 168.7500
10.7411 151 186 -242.7310 17.7256 168.7500
10.7424 153 183 -242.1357 15.2231 168.7500
10.7437 151 185 -241.5292 17.0542 168.7500
10.7450 154 183 -240.9672 14.3687 168.7500
10.7463 155 182 -240.4311 13.3311 168.7500
10.7475 148 189 -239.7709 20.5942 168.7500
10.7488 152 185 -239.1685 16.5049 168.7500
10.7501 151 185 -238.5742 17.2373 168.7500
10.7514 157 179 -238.0669 11.0728 168.7500
10.7526 153 183 -237.4963 15.2231 168.7500
10.7539 152 185 -236.9248 16.3828 168.7500
10.7552 151 186 -236.3452 17.6035 168.7500
10.7565 144 192 -235.6391 23.7681 168.7500
10.7578 139 198 -234.9245 29.5664 168.7500
10.7591 138 198 -234.2265 29.8716 168.7500
10.7604 141 195 -233.5808 27.0029 168.7500
10.7617 152 184 -233.1016 15.8335 168.7500
10.7630 146 191 -232.5416 22.5474 168.7500
10.7642 149 188 -232.0393 19.3735 168.7500
10.7656 140 196 -231.4211 27.9795 168.7500
10.7668 142 195 -230.9016 26.5146 168.7500
10.7682 139 197 -230.3530 29.0781 168.7500
10.7695 139 198 -229.8175 29.6274 168.7500
10.7707 135 202 -229.2470 33.4116 168.7500
10.7720 140 196 -228.8918 28.1016 168.7500
10.7733 146 191 -228.6068 22.7305 168.7500
10.7746 149 187 -228.3778 19.0684 168.7500
10.7759 144 193 -228.0812 24.3174 168.7500
10.7772 148 188 -228.0890 19.9229 168.7500
10.7785 156 180 -228.1911 12.0493 168.7500
10.7797 150 186 -228.2198 18.0918 168.7500
10.7811 150 187 -228.2407 18.2749 168.7500
10.7823 147 189 -228.5392 21.0215 168.7500
10.7836 149 187 -228.8571 19.1904 168.7500
10.7849 154 182 -229.2273 13.8804 168.7500
10.7862 153 183 -229.8707 14.8569 168.7500
10.7875 150 187 -230.4943 18.3970 168.7500
10.7887 145 192 -231.0443 23.6460 168.7500
10.7900 157 180 -231.7323 11.5000 168.7500
10.7913 155 181 -232.6713 12.7817 168.7500
10.7926 147 190 -233.4820 21.5098 168.7500
10.7938 152 185 -234.3422 16.3828 168.7500
10.7951 155 181 -235.2220 13.1479 168.7500
10.7964 151 185 -236.2015 16.8711 168.7500
10.7976 153 184 -237.1747 15.6504 168.7500
10.7989 149 188 -238.0798 19.6787 168.7500
10.8002 151 185 -238.9989 17.2373 168.7500
10.8015 153 184 -239.9492 15.5894 168.7500
10.8027 154 183 -240.9010 14.3076 168.7500
10.8040 145 191 -241.7274 22.9746 168.7500
10.8053 156 181 -242.6659 12.5376 168.7500
10.8065 151 185 -243.4250 16.9321 168.7500
10.8078 145 192 -244.0923 23.5239 168.7500
10.8091 154 183 -244.8527 14.4297 168.7500
10.8104 142 195 -245.4535 26.6978 168.7500
10.8116 149 188 -245.9210 19.3125 168.7500
10.8129 143 193 -246.3066 25.2329 168.7500
10.8141 152 185 -246.7926 16.4438 168.7500
10.8154 143 193 -247.1646 24.8667 168.7500
10.8167 140 197 -247.2049 28.3457 168.7500
10.8179 143 196 -247.2686 26.5757 170.3125
10.8193 142 197 -247.3080 27.6133 170.3125
10.8206 140 200 -247.3174 29.9326 170.3125
10.8219 136 204 -247.0042 34.2051 170.3125
10.8232 138 202 -246.7211 32.0688 170.3125
10.8244 139 201 -246.4617 31.0312 170.3125
10.8257 139 201 -246.2069 30.7871 170.3125
10.8270 146 193 -245.8290 23.6460 170.3125
10.8283 155 185 -245.5646 15.2231 170.3125
10.8296 140 200 -245.1202 29.9937 170.3125
10.8308 140 200 -244.5948 30.1768 170.3125
10.8321 144 195 -244.0967 25.5381 170.3125
10.8334 143 197 -243.5836 26.6978 170.3125
10.8347 141 199 -243.0594 29.0171 170.3125
10.8360 138 202 -242.4735 32.0078 170.3125
10.8372 141 199 -241.9392 28.9561 170.3125
10.8385 143 197 -241.4247 27.1860 170.3125
10.8398 145 195 -240.9583 24.9277 170.3125
10.8411 147 192 -240.5559 22.6084 170.3125
10.8424 140 199 -240.0793 29.3833 170.3125
10.8436 148 192 -239.7027 21.7539 170.3125
10.8449 146 194 -239.3010 24.1343 170.3125
10.8462 147 193 -238.9685 23.1577 170.3125
10.8475 142 198 -238.5816 28.2847 170.3125
10.8488 152 187 -238.3313 17.5425 170.3125
10.8500 144 195 -237.9929 25.4160 170.3125
10.8513 149 190 -237.7564 20.6553 170.3125
10.8526 144 195 -237.4602 25.6602 170.3125
10.8538 139 200 -237.1058 30.3599 170.3125
10.8551 148 191 -236.8769 21.5098 170.3125
10.8564 151 189 -236.6916 18.9463 170.3125
10.8576 151 189 -236.5085 19.0073 170.3125
10.8589 148 192 -236.2943 21.9370 170.3125
10.8602 144 195 -236.0476 25.3550 170.3125
10.8614 148 192 -235.8269 22.1201 170.3125
10.8627 157 183 -235.7216 12.9038 170.3125
10.8640 155 185 -235.5908 14.9790 170.3125
10.8653 148 192 -235.3794 21.7539 170.3125
10.8665 140 199 -235.0346 29.6274 170.3125
10.8678 149 191 -234.7970 21.1436 170.3125
10.8691 149 191 -234.5685 21.2656 170.3125
10.8703 147 192 -234.3347 22.6084 170.3125
10.8716 150 189 -234.0742 19.4956 170.3125
10.8728 152 188 -233.8376 18.0308 170.3125
10.8741 146 194 -233.5213 24.1953 170.3125
10.8754 146 194 -233.1077 23.7681 170.3125
10.8767 146 194 -232.7146 24.1343 170.3125
10.8780 142 197 -232.2861 27.5522 170.3125
10.8792 150 190 -231.9618 20.2280 170.3125
10.8805 136 204 -231.3359 34.2661 170.3125
10.8817 139 201 -230.7802 31.1533 170.3125
10.8830 146 193 -230.3222 23.4019 170.3125
10.8842 148 192 -229.8946 21.9370 170.3125
10.8855 143 197 -229.2784 27.1250 170.3125
10.8868 145 195 -228.6958 25.1719 170.3125
10.8880 143 197 -228.1074 26.8809 170.3125
10.8894 142 198 -227.4936 27.7964 170.3125
10.8906 140 199 -226.7558 29.6274 170.3125
10.8919 140 199 -226.0408 29.5054 170.3125
10.8932 135 204 -225.2676 34.4492 170.3125
10.8945 137 203 -224.5200 33.1064 170.3125
10.8958 136 203 -223.6806 33.3506 170.3125
10.8971 133 206 -222.8074 36.3413 170.3125
10.8984 142 197 -222.0690 27.5522 170.3125
10.8997 140 200 -221.3179 30.2988 170.3125
10.9009 129 211 -220.3577 40.7969 170.3125
10.9022 127 213 -219.4015 42.9331 170.3125
10.9034 124 216 -218.4177 45.9849 170.3125
10.9047 128 212 -217.5087 41.8345 170.3125
10.9059 127 212 -216.5431 42.3838 170.3125
10.9072 132 208 -215.6467 38.2334 170.3125
10.9085 118 221 -214.5763 51.4170 170.3125
10.9098 116 224 -213.5156 53.7363 170.3125
10.9111 121 218 -212.5026 48.3652 170.3125
10.9123 127 213 -211.5888 42.8110 170.3125
10.9136 124 216 -210.6472 45.9849 170.3125
10.9149 116 224 -209.6187 54.1636 170.3125
10.9162 126 214 -208.7316 44.0317 170.3125
10.9175 121 218 -207.8108 48.4873 170.3125
10.9187 113 227 -206.8060 56.8491 170.3125
10.9200 111 228 -205.7953 58.3750 170.3125
10.9213 111 228 -204.8292 58.6191 170.3125
10.9226 116 223 -203.9424 53.4922 170.3125
10.9239 116 224 -203.0737 53.7974 170.3125
10.9252 115 225 -202.2914 54.9570 170.3125
10.9264 119 220 -201.5565 50.5015 170.3125
10.9277 119 220 -200.8357 50.5625 170.3125
10.9290 114 225 -200.0623 55.3232 170.3125
10.9303 120 219 -199.4388 49.6470 170.3125
10.9316 116 224 -198.7805 54.2856 170.3125
10.9329 108 232 -198.0158 61.7319 170.3125
10.9342 117 221 -197.4111 51.8442 169.5312
10.9355 126 212 -196.9924 42.5669 169.5312
10.9368 134 204 -196.6879 35.4258 169.5312
10.9380 127 211 -196.3102 41.7734 169.5312
10.9393 123 215 -195.8838 45.8628 169.5312
10.9406 131 207 -195.6498 37.7451 169.5312
10.9419 127 212 -195.3420 42.5059 169.5312
10.9431 123 215 -195.0117 46.1680 169.5312
10.9444 131 207 -194.7921 38.2334 169.5312
10.9457 133 205 -194.6565 35.8530 169.5312
10.9469 130 208 -194.4899 39.4541 169.5312
10.9481 136 202 -194.4023 32.9844 169.5312
10.9494 135 203 -194.2993 33.8999 169.5312
10.9507 141 197 -194.3153 28.0405 169.5312
10.9520 148 190 -194.4163 21.0215 169.5312
10.9532 147 191 -194.5021 22.1201 169.5312
10.9545 146 192 -194.5796 22.7305 169.5312
10.9558 151 187 -194.7408 17.7866 169.5312
10.9571 161 177 -195.0259 7.9600 169.5312
10.9584 146 192 -195.1050 23.1577 169.5312
10.9597 157 181 -195.3429 11.8662 169.5312
10.9610 149 189 -195.4584 20.4111 169.5312
10.9623 154 184 -195.6497 14.6738 169.5312
10.9635 149 189 -195.7726 19.5566 169.5312
10.9648 165 173 -196.0560 3.9927 169.5312
10.9661 149 189 -196.1459 19.7397 169.5312
10.9673 161 177 -196.3837 7.6548 169.5312
10.9686 164 174 -196.6474 5.1523 169.5312
10.9699 157 181 -196.7560 11.6221 169.5312
10.9712 147 191 -196.7360 21.7539 169.5312
10.9724 155 183 -196.8188 13.6362 169.5312
10.9737 159 179 -196.9429 9.9131 169.5312
10.9750 161 177 -196.9921 8.2041 169.5312
10.9763 158 180 -197.0048 10.8286 169.5312
10.9776 164 174 -197.0899 5.2134 169.5312
10.9789 159 179 -197.1160 9.5469 169.5312
10.9802 159 179 -197.0262 9.6079 169.5312
10.9815 159 179 -196.9244 10.3403 169.5312
10.9827 161 177 -196.8557 8.2041 169.5312
10.9840 159 179 -196.7641 9.9741 169.5312
10.9853 153 186 -196.4680 16.5049 169.5312
10.9866 165 173 -196.3344 3.9316 169.5312
10.9879 155 183 -196.0852 13.5752 169.5312
10.9892 155 183 -195.8307 13.8193 169.5312
10.9905 165 173 -195.6001 3.8096 169.5312
10.9918 157 181 -195.2690 11.9272 169.5312
10.9930 158 180 -194.9591 11.1338 169.5312
10.9943 159 179 -194.6673 9.9741 169.5312
10.9956 156 182 -194.2369 13.2090 169.5312
10.9969 164 174 -193.9156 5.0303 169.5312
10.9982 157 182 -193.5083 12.4766 169.5312
10.9994 154 184 -192.9698 15.3452 169.5312
11.0007 156 182 -192.4813 13.3311 169.5312
11.0020 147 192 -191.8869 22.4863 169.5312
11.0033 158 180 -191.4449 11.3779 169.5312
11.0046 154 184 -190.8856 15.2231 169.5312
11.0058 161 177 -190.4276 8.2041 169.5312
11.0071 148 190 -189.8243 20.7773 169.5312
11.0084 154 184 -189.3070 14.5518 169.5312
11.0096 159 179 -188.7981 10.2793 169.5312
11.0109 153 185 -188.2213 16.2607 169.5312
11.0122 149 189 -187.6165 19.9229 169.5312
11.0134 146 192 -186.9806 23.1577 169.5312
11.0147 153 185 -186.3974 16.3828 169.5312
11.0159 153 185 -185.8312 15.9556 169.5312
11.0172 151 187 -185.2557 17.6646 169.5312
11.0185 146 192 -184.6076 23.4019 169.5312
11.0198 155 183 -184.0497 13.6362 169.5312
11.0210 145 193 -183.3781 23.7681 169.5312
11.0223 145 193 -182.7084 24.1343 169.5312
11.0236 140 198 -181.9935 29.4443 169.5312
11.0248 146 192 -181.2911 23.0356 169.5312
11.0261 138 200 -180.5113 30.8481 169.5312
11.0274 137 201 -179.7306 32.1909 169.5312
11.0286 139 199 -178.9949 29.9937 169.5312
11.0299 130 208 -178.0514 39.2710 169.5312
11.0312 139 199 -177.2461 30.4209 169.5312
11.0324 133 205 -176.3850 36.1582 169.5312
11.0337 137 201 -175.5964 31.7637 169.5312
11.0350 125 213 -174.5642 44.4590 169.5312
11.0363 133 205 -173.6577 35.6089 169.5312
11.0376 135 203 -172.8012 34.3271 169.5312
11.0389 123 216 -171.8001 46.4731 169.5312
11.0402 123 215 -170.7815 45.6797 169.5312
11.0415 125 213 -169.7818 44.2759 169.5312
11.0427 125 214 -168.8288 44.5200 169.5312
11.0440 133 205 -168.0017 36.0361 169.5312
11.0453 125 213 -167.0860 43.6045 169.5312
11.0466 123 215 -166.1566 46.1680 169.5312
11.0478 128 210 -165.3048 41.4683 169.5312
11.0491 129 209 -164.5530 40.0034 169.5312
11.0503 126 212 -163.7833 42.6890 169.5312
11.0516 126 212 -163.0193 43.2383 169.5312
11.0529 132 206 -162.3512 36.8296 169.5312
11.0542 124 214 -161.6959 44.6421 169.5312
11.0555 129 213 -161.0703 41.9565 171.0938
11.0568 123 219 -160.3870 47.9990 171.0938
11.0581 129 212 -159.8152 41.7734 171.0938
11.0594 131 210 -159.3902 39.5151 171.0938
11.0606 134 207 -159.0245 36.5854 171.0938
11.0619 128 214 -158.5848 42.9941 171.0938
11.0632 129 213 -158.1720 42.0176 171.0938
11.0645 122 219 -157.7998 48.3652 171.0938
11.0657 119 222 -157.3983 51.2949 171.0938
11.0670 127 215 -157.0869 44.0317 171.0938
11.0683 125 217 -156.7606 46.0459 171.0938
11.0696 127 214 -156.5560 43.4824 171.0938
11.0709 133 208 -156.4306 37.3179 171.0938
11.0721 133 209 -156.2989 37.9282 171.0938
11.0734 127 214 -156.1066 43.1162 171.0938
11.0747 138 203 -156.0488 32.6182 171.0938
11.0760 135 207 -155.9705 35.9751 171.0938
11.0773 130 211 -155.8295 40.4917 171.0938
11.0786 126 216 -155.6425 45.0693 171.0938
11.0799 132 210 -155.5157 38.9658 171.0938
11.0812 129 212 -155.3733 41.1631 171.0938
11.0824 133 208 -155.2801 37.4399 171.0938
11.0837 129 212 -155.1258 41.7124 171.0938
11.0850 132 210 -154.9779 39.0269 171.0938
11.0863 131 210 -154.8396 39.3320 171.0938
11.0875 130 212 -154.6813 41.0410 171.0938
11.0888 130 212 -154.5157 40.9800 171.0938
11.0901 132 209 -154.3867 38.3555 171.0938
11.0913 137 204 -154.3075 33.8999 171.0938
11.0926 130 211 -154.1511 40.6748 171.0938
11.0938 133 209 -154.0253 38.0503 171.0938
11.0951 138 203 -153.9673 32.8013 171.0938
11.0964 127 215 -153.7724 43.9097 171.0938
11.0976 124 218 -153.5435 47.0225 171.0938
11.0989 133 208 -153.4494 37.1348 171.0938
11.1001 128 214 -153.2835 42.9941 171.0938
11.1014 135 206 -153.2118 35.6089 171.0938
11.1026 130 211 -153.0840 40.2476 171.0938
11.1039 133 208 -153.0071 37.8672 171.0938
11.1051 131 210 -152.9124 39.5151 171.0938
11.1064 130 212 -152.8027 40.9189 171.0938
11.1076 130 211 -152.6961 40.8579 171.0938
11.1089 132 209 -152.6279 38.2944 171.0938
11.1102 132 209 -152.5542 38.5996 171.0938
11.1114 127 214 -152.4272 43.2993 171.0938
11.1127 136 205 -152.4079 34.7544 171.0938
11.1139 127 215 -152.2529 44.0317 171.0938
11.1152 132 209 -152.1693 38.5386 171.0938
11.1165 127 215 -152.0156 44.0317 171.0938
11.1177 137 202 -152.0032 32.3740 170.3125
11.1190 124 215 -151.7566 45.6187 170.3125
11.1203 140 200 -151.7245 30.2378 170.3125
11.1216 132 207 -151.5871 37.6230 170.3125
11.1229 127 212 -151.3967 42.3838 170.3125
11.1242 128 212 -151.1285 42.0176 170.3125
11.1255 119 221 -150.7513 50.8066 170.3125
11.1267 128 212 -150.4955 41.7734 170.3125
11.1280 128 212 -150.2393 42.2617 170.3125
11.1293 125 215 -149.8169 45.0083 170.3125
11.1306 127 213 -149.4306 42.8110 170.3125
11.1318 114 225 -148.8958 55.3843 170.3125
11.1331 119 221 -148.4218 50.9287 170.3125
11.1344 125 214 -147.8777 44.6421 170.3125
11.1357 124 215 -147.3379 45.6797 170.3125
11.1370 129 210 -146.8650 40.6748 170.3125
11.1383 120 220 -146.1430 49.9521 170.3125
11.1396 124 216 -145.4992 45.8628 170.3125
11.1408 119 220 -144.8165 50.4404 170.3125
11.1421 117 223 -144.1098 52.8208 170.3125
11.1434 118 221 -143.3233 51.5391 170.3125
11.1447 119 221 -142.5593 50.9287 170.3125
11.1459 119 221 -141.8114 51.0508 170.3125
11.1472 119 221 -141.0774 50.8677 170.3125
11.1485 120 220 -140.2974 49.9521 170.3125
11.1498 115 224 -139.4971 54.3467 170.3125
11.1511 114 226 -138.6967 55.7505 170.3125
11.1524 117 222 -137.9516 52.3936 170.3125
11.1536 113 227 -137.1573 56.8491 170.3125
11.1549 116 224 -136.4221 53.7974 170.3125
11.1562 117 222 -135.6996 52.6377 170.3125
11.1575 111 229 -134.9251 59.2295 170.3125
11.1587 122 217 -134.3327 47.3887 170.3125
11.1600 119 221 -133.7114 51.2339 170.3125
11.1613 119 221 -133.1010 51.0508 170.3125
11.1626 121 219 -132.5255 48.9146 170.3125
11.1638 121 218 -131.9838 48.6704 170.3125
11.1651 122 218 -131.4600 48.0601 170.3125
11.1664 130 209 -131.0577 39.5762 170.3125
11.1677 120 220 -130.5202 50.1353 170.3125
11.1689 127 213 -130.0837 43.2993 170.3125
11.1702 124 216 -129.6187 45.8018 170.3125
11.1716 126 214 -129.1745 43.9707 170.3125
11.1728 128 211 -128.7937 41.5293 170.3125
11.1741 135 204 -128.4773 34.3271 170.3125
11.1754 131 209 -128.1125 39.0269 170.3125
11.1767 134 206 -127.7928 35.9141 170.3125
11.1779 133 207 -127.4207 37.1348 170.3125
11.1792 140 200 -127.1463 29.6885 170.3125
11.1805 138 202 -126.8421 31.9468 170.3125
11.1818 129 210 -126.4470 40.4307 170.3125
11.1831 134 205 -126.0448 35.3647 170.3125
11.1844 136 203 -125.6821 33.3506 170.3125
11.1856 134 205 -125.2934 35.5479 170.3125
11.1869 131 208 -124.8869 38.4165 170.3125
11.1882 126 213 -124.3349 43.3604 170.3125
11.1895 130 209 -123.8506 39.5762 170.3125
11.1908 136 204 -123.4297 33.7168 170.3125
11.1920 129 211 -122.9425 41.1631 170.3125
11.1933 131 209 -122.3793 38.9658 170.3125
11.1946 142 197 -121.9594 27.6743 170.3125
11.1959 132 207 -121.4316 37.6230 170.3125
11.1972 127 213 -120.8438 43.2383 170.3125
11.1985 136 204 -120.2783 33.9609 170.3125
11.1997 130 209 -119.6584 39.5762 170.3125
11.2010 134 206 -119.1032 35.7310 170.3125
11.2022 129 211 -118.4929 41.2241 170.3125
11.2036 134 206 -117.8420 36.1582 170.3125
11.2048 139 201 -117.2916 30.7871 170.3125
11.2061 134 206 -116.6798 36.2803 170.3125
11.2073 141 199 -116.1711 28.8340 170.3125
11.2086 135 205 -115.5463 34.7544 170.3125
11.2099 139 201 -114.9747 30.9702 170.3125
11.2111 127 213 -114.2656 42.8110 170.3125
11.2124 137 202 -113.6983 32.6792 170.3125
11.2137 136 203 -113.1049 33.6558 170.3125
11.2150 127 213 -112.3954 42.6890 170.3125
11.2163 135 205 -111.8072 34.7544 170.3125
11.2175 147 193 -111.3810 23.2188 170.3125
11.2188 136 204 -110.8288 34.1440 170.3125
11.2201 139 201 -110.3225 31.2754 170.3125
11.2214 141 199 -109.8535 29.2002 170.3125
11.2227 142 198 -109.4166 27.7964 170.3125
11.2239 141 197 -108.9942 28.2236 169.5312
11.2252 140 198 -108.5639 29.4443 169.5312
11.2265 143 195 -108.1647 26.4536 169.5312
11.2278 136 203 -107.7113 33.4727 169.5312
11.2291 156 182 -107.5235 12.5986 169.5312
11.2304 143 195 -107.1629 26.3315 169.5312
11.2317 146 192 -106.8534 23.0967 169.5312
11.2330 143 195 -106.5068 26.1484 169.5312
11.2343 141 197 -106.1418 27.9795 169.5312
11.2356 143 195 -105.7963 26.4536 169.5312
11.2368 146 192 -105.5037 23.2798 169.5312
11.2381 146 192 -105.1804 23.1577 169.5312
11.2394 144 194 -104.8425 25.3550 169.5312
11.2407 142 197 -104.4805 27.4912 169.5312
11.2419 141 197 -104.1209 28.3457 169.5312
11.2432 148 190 -103.8050 20.7773 169.5312
11.2445 148 190 -103.4818 21.1436 169.5312
11.2457 144 194 -103.1211 25.2329 169.5312
11.2470 151 187 -102.8627 17.5425 169.5312
11.2483 146 192 -102.4464 22.8525 169.5312
11.2496 147 191 -102.0441 22.1201 169.5312
11.2509 146 192 -101.6399 23.0967 169.5312
11.2522 150 188 -101.3109 18.6411 169.5312
11.2534 152 186 -100.9108 16.9932 169.5312
11.2547 153 185 -100.5237 16.0776 169.5312
11.2560 147 191 -100.0719 21.6318 169.5312
11.2573 147 191 -99.5307 22.1812 169.5312
11.2585 144 194 -98.9691 24.6226 169.5312
11.2598 150 188 -98.4865 19.3125 169.5312
11.2611 145 193 -97.9559 24.2563 169.5312
11.2624 152 186 -97.4467 16.6880 169.5312
11.2636 146 192 -96.8725 23.4629 169.5312
11.2649 149 189 -96.3485 20.1060 169.5312
11.2662 143 195 -95.7711 25.7212 169.5312
11.2675 152 186 -95.2497 17.1152 169.5312
11.2687 155 183 -94.7721 14.3076 169.5312
11.2700 151 187 -94.2554 18.2139 169.5312
11.2713 141 197 -93.6271 27.7964 169.5312
11.2726 146 192 -93.0115 23.2188 169.5312
11.2739 149 189 -92.4593 19.6787 169.5312
11.2752 148 191 -91.8868 21.5098 169.5312
11.2765 151 187 -91.3735 17.7256 169.5312
11.2778 152 186 -90.8144 17.0542 169.5312
11.2791 150 193 -90.2028 21.7539 171.8750
11.2804 149 194 -89.5903 22.4253 171.8750
11.2817 151 192 -89.0275 20.2280 171.8750
11.2829 157 186 -88.4751 14.3076 171.8750
11.2842 149 193 -87.8249 22.0591 171.8750
11.2855 152 191 -87.2316 19.1294 171.8750
11.2868 142 201 -86.5264 29.4443 171.8750
11.2881 146 197 -85.8054 25.7822 171.8750
11.2893 149 193 -85.1445 22.0591 171.8750
11.2906 154 189 -84.5537 17.6646 171.8750
11.2919 151 192 -83.9369 20.8384 171.8750
11.2932 144 199 -83.2331 27.5522 171.8750
11.2944 146 197 -82.5716 25.4160 171.8750
11.2957 149 193 -81.9628 22.1201 171.8750
11.2970 144 199 -81.3330 27.8574 171.8750
11.2983 145 198 -80.7167 26.3926 171.8750
11.2995 150 193 -80.1791 21.7539 171.8750
11.3008 142 201 -79.5507 29.1392 171.8750
11.3021 146 196 -79.0862 24.9888 171.8750
11.3034 148 195 -78.6247 23.5850 171.8750
11.3046 149 194 -78.1878 22.3643 171.8750
11.3059 148 195 -77.7440 23.7070 171.8750
11.3072 148 195 -77.3887 23.8291 171.8750
11.3085 143 200 -76.9682 28.7729 171.8750
11.3098 141 202 -76.5478 30.1768 171.8750
11.3110 133 210 -76.0318 38.4165 171.8750
11.3123 139 203 -75.6854 31.9468 171.8750
11.3136 133 210 -75.2467 38.7217 171.8750
11.3149 138 205 -74.8880 33.7778 171.8750
11.3161 133 210 -74.4789 38.4775 171.8750
11.3174 137 206 -74.1845 34.2661 171.8750
11.3187 134 208 -73.8637 36.8906 171.8750
11.3199 139 204 -73.6112 32.4351 171.8750
11.3212 145 197 -73.4350 26.0874 171.8750
11.3224 138 205 -73.2149 33.2896 171.8750
11.3237 138 204 -72.9996 32.9844 171.8750
11.3250 131 212 -72.6915 40.4307 171.8750
11.3262 134 208 -72.4297 37.0127 171.8750
11.3275 136 207 -72.2045 35.2427 171.8750
11.3288 140 203 -72.0381 31.4585 171.8750
11.3301 131 212 -71.7523 40.1865 171.8750
11.3314 135 208 -71.5202 36.6465 171.8750
11.3326 141 202 -71.3799 30.2988 171.8750
11.3339 133 210 -71.1402 38.4165 171.8750
11.3352 134 211 -70.8955 38.3555 172.6562
11.3365 129 215 -70.6055 43.2383 172.6562
11.3378 131 213 -70.3281 40.7969 172.6562
11.3391 125 219 -69.9666 46.8394 172.6562
11.3404 131 214 -69.7030 41.4072 172.6562
11.3416 134 210 -69.4406 38.1724 172.6562
11.3429 130 215 -69.1580 42.3838 172.6562
11.3442 130 215 -68.8492 42.6279 172.6562
11.3455 127 218 -68.5310 45.5576 172.6562
11.3468 134 210 -68.2669 38.1724 172.6562
11.3480 129 215 -67.9633 42.9331 172.6562
11.3493 126 218 -67.6286 46.1680 172.6562
11.3506 128 216 -67.3149 44.2148 172.6562
11.3519 119 225 -66.8974 53.1260 172.6562
11.3532 124 221 -66.5336 48.6094 172.6562
11.3545 126 219 -66.2110 46.4731 172.6562
11.3557 121 223 -65.8550 50.9287 172.6562
11.3570 136 208 -65.6926 35.9751 172.6562
11.3583 117 227 -65.3113 54.7129 172.6562
11.3595 129 216 -65.0786 43.6045 172.6562
11.3608 127 217 -64.8299 44.8252 172.6562
11.3621 119 225 -64.5189 53.1870 172.6562
11.3633 125 219 -64.2724 47.3276 172.6562
11.3646 124 220 -64.0322 48.3042 172.6562
11.3659 126 219 -63.8072 46.5952 172.6562
11.3672 117 227 -63.4849 54.8350 172.6562
11.3685 126 219 -63.2716 46.5342 172.6562
11.3697 127 218 -63.0802 45.4966 172.6562
11.3711 131 214 -62.9326 41.5903 172.6562
11.3723 124 220 -62.6979 47.7549 172.6562
11.3736 128 217 -62.5109 44.5811 172.6562
11.3749 124 221 -62.2825 48.4263 172.6562
11.3762 124 220 -62.0543 48.1211 172.6562
11.3775 130 214 -61.8388 42.1396 172.6562
11.3787 124 220 -61.5502 47.9380 172.6562
11.3800 126 218 -61.2919 46.1680 172.6562
11.3813 120 224 -60.8749 52.1494 172.6562
11.3826 128 216 -60.5573 44.2759 172.6562
11.3838 124 221 -60.1998 48.4873 172.6562
11.3851 128 216 -59.9171 43.7266 172.6562
11.3863 125 220 -59.4562 47.6328 172.6562
11.3876 137 207 -59.1612 34.8765 172.6562
11.3889 125 219 -58.7004 46.9004 172.6562
11.3901 133 211 -58.3738 39.0879 172.6562
11.3914 134 210 -57.9214 37.9282 172.6562
11.3926 123 221 -57.3437 48.9146 172.6562
11.3938 133 211 -56.8960 39.1489 172.6562
11.3951 133 212 -56.4533 39.5151 172.6562
11.3963 128 216 -55.8205 43.7876 172.6562
11.3975 131 213 -55.2299 40.9189 172.6562
11.3988 133 211 -54.6706 38.9048 172.6562
11.4000 125 219 -54.0188 46.7783 172.6562
11.4013 129 212 -53.3062 41.7124 171.0938
11.4026 125 216 -52.5485 45.5576 171.0938
11.4039 128 213 -51.8545 42.8110 171.0938
11.4051 122 219 -51.1032 48.5483 171.0938
11.4064 120 221 -50.2360 50.3184 171.0938
11.4076 123 218 -49.4178 47.6328 171.0938
11.4089 125 217 -48.6370 46.0459 171.0938
11.4101 134 207 -47.9911 36.8906 171.0938
11.4114 127 214 -47.1970 43.3604 171.0938
11.4126 122 219 -46.3584 48.3042 171.0938
11.4138 126 215 -45.5809 44.6421 171.0938
11.4151 129 212 -44.8616 41.1021 171.0938
11.4163 127 214 -44.0643 43.3604 171.0938
11.4176 121 220 -43.2042 49.5859 171.0938
11.4189 132 209 -42.4986 38.2334 171.0938
11.4201 127 214 -41.7426 43.8486 171.0938
11.4214 129 212 -40.9752 41.3462 171.0938
11.4227 134 207 -40.2893 36.4634 171.0938
11.4240 134 207 -39.6222 36.7075 171.0938
11.4253 128 213 -38.8748 42.5669 171.0938
11.4265 129 212 -38.1465 41.1021 171.0938
11.4278 128 214 -37.3984 43.0552 171.0938
11.4291 128 213 -36.6850 42.1396 171.0938
11.4304 132 209 -36.0195 38.8438 171.0938
11.4316 134 207 -35.3680 36.3413 171.0938
11.4329 132 209 -34.7017 38.5386 171.0938
11.4342 127 215 -33.9720 43.9707 171.0938
11.4355 121 221 -33.1846 50.0742 171.0938
11.4368 126 215 -32.4532 44.1538 171.0938
11.4381 123 218 -31.6908 47.8770 171.0938
11.4393 125 217 -30.9699 46.0459 171.0938
11.4406 117 225 -30.1572 53.9805 171.0938
11.4419 130 211 -29.4783 40.3696 171.0938
11.4432 125 216 -28.7465 45.3745 171.0938
11.4444 118 224 -27.9428 52.9429 171.0938
11.4457 121 221 -27.1854 49.9521 171.0938
11.4470 127 215 -26.4631 44.0317 171.0938
11.4483 130 211 -25.7985 40.5527 171.0938
11.4495 118 223 -25.0105 52.1494 171.0938
11.4508 121 220 -24.2263 49.7080 171.0938
11.4521 118 223 -23.4182 52.8818 171.0938
11.4533 117 225 -22.6123 54.0415 171.0938
11.4546 122 219 -21.8865 48.4873 171.0938
11.4559 123 218 -21.1499 47.6328 171.0938
11.4572 121 220 -20.3928 49.7080 171.0938
11.4584 127 214 -19.7418 43.7266 171.0938
11.4597 121 220 -19.0284 49.3418 171.0938
11.4610 129 212 -18.4101 41.1631 171.0938
11.4623 126 215 -17.7548 44.6421 171.0938
11.4636 129 212 -17.1494 41.1631 171.0938
11.4648 125 216 -16.5167 45.8018 171.0938
11.4661 119 223 -15.8364 51.9663 171.0938
11.4673 123 218 -15.2161 47.6328 171.0938
11.4686 126 215 -14.6407 44.5811 171.0938
11.4699 120 221 -14.0036 50.1963 171.0938
11.4711 124 218 -13.4367 46.9614 171.0938
11.4724 121 220 -12.8336 49.4639 171.0938
11.4737 121 220 -12.2541 49.4028 171.0938
11.4750 133 208 -11.8336 37.5620 171.0938
11.4763 122 219 -11.3090 48.3042 171.0938
11.4775 125 216 -10.8298 45.1914 171.0938
11.4788 127 215 -10.3759 43.9097 171.0938
11.4801 120 221 -9.8513 50.2573 171.0938
11.4814 116 226 -9.2654 55.0181 171.0938
11.4826 109 232 -8.6106 61.4268 171.0938
11.4839 122 219 -8.1369 48.6094 171.0938
11.4852 123 218 -7.6834 47.6938 171.0938
11.4864 119 222 -7.1321 51.8442 171.0938
11.4877 113 228 -6.5141 57.5205 171.0938
11.4890 117 224 -5.9572 53.6753 171.0938
11.4903 115 227 -5.3873 55.9336 171.0938
11.4915 117 224 -4.7797 53.7974 171.0938
11.4928 116 226 -4.1529 54.9570 171.0938
11.4941 115 226 -3.5384 55.2622 171.0938
11.4954 119 222 -2.8658 51.7222 171.0938
11.4966 118 223 -2.1890 52.6987 171.0938
11.4979 116 226 -1.5062 54.9570 171.0938
11.4992 111 230 -0.8008 59.1685 171.0938
11.5005 116 225 -0.0244 54.2246 171.0938
11.5018 117 224 0.6963 53.2480 171.0938
11.5031 120 221 1.3815 50.1963 171.0938
11.5043 123 219 2.0013 48.0601 171.0938
11.5056 119 222 2.7311 51.9053 171.0938
11.5069 115 226 3.4939 55.6895 171.0938
11.5081 118 223 4.1972 52.2715 171.0938
11.5094 123 218 4.8204 47.4497 171.0938
11.5106 118 223 5.5195 52.5156 171.0938
11.5119 124 217 6.1464 46.8394 171.0938
11.5131 129 212 6.6800 41.3462 171.0938
11.5144 127 215 7.2447 43.9707 171.0938
11.5157 128 213 7.7918 42.8721 171.0938
11.5170 128 213 8.3205 42.2617 171.0938
11.5182 121 220 8.9222 49.6470 171.0938
11.5196 129 212 9.4335 41.2852 171.0938
11.5208 131 210 9.8768 39.5151 171.0938
11.5221 125 216 10.3824 45.1304 171.0938
11.5234 118 223 10.9659 52.1494 171.0938
11.5247 136 205 11.3226 34.5713 171.0938
11.5260 130 211 11.7221 40.7358 171.0938
11.5273 136 205 12.0456 34.1440 171.0938
11.5285 136 205 12.3583 34.7544 171.0938
11.5298 136 205 12.6616 34.2051 171.0938
11.5311 137 205 12.9721 34.0830 171.0938
11.5324 131 210 13.3627 39.8203 171.0938
11.5336 129 212 13.7484 41.2852 171.0938
11.5349 134 207 14.0846 36.8296 171.0938
11.5362 137 205 14.4049 34.0830 171.0938
11.5375 130 211 14.7990 40.1255 171.0938
11.5387 133 208 15.1534 37.5620 171.0938
11.5400 134 207 15.5402 36.5244 171.0938
11.5413 131 210 15.9577 39.2100 171.0938
11.5425 126 215 16.4411 44.7031 171.0938
11.5438 128 213 16.8833 42.2617 171.0938
11.5451 131 210 17.3245 39.4541 171.0938
11.5463 141 200 17.6368 29.3833 171.0938
11.5476 129 212 18.0895 41.1631 171.0938
11.5488 127 214 18.5560 43.2993 171.0938
11.5501 124 217 19.1218 46.7173 171.0938
11.5514 118 223 19.7334 52.3936 171.0938
11.5527 118 223 20.3452 52.5156 171.0938
11.5540 128 213 20.8294 42.6890 171.0938
11.5553 133 208 21.2874 37.5620 171.0938
11.5565 122 219 21.8531 48.1211 171.0938
11.5578 124 218 22.3949 47.0225 171.0938
11.5591 127 214 22.8825 43.6045 171.0938
11.5604 126 215 23.4322 44.5200 171.0938
11.5616 129 212 23.9134 41.1021 171.0938
11.5629 134 207 24.3377 36.4634 171.0938
11.5642 123 218 24.8754 47.1445 171.0938
11.5654 128 213 25.4213 42.4448 171.0938
11.5667 129 212 25.9591 41.8345 171.0938
11.5680 126 216 26.5291 45.0693 171.0938
11.5693 121 220 27.1600 49.7080 171.0938
11.5706 129 212 27.7471 41.1631 171.0938
11.5718 121 220 28.4048 49.2808 171.0938
11.5731 120 222 29.1030 51.0508 171.0938
11.5744 128 213 29.6678 42.2007 171.0938
11.5757 133 208 30.2214 37.1958 171.0938
11.5769 124 217 30.8745 46.4121 171.0938
11.5783 124 217 31.5534 46.8394 171.0938
11.5796 126 215 32.1743 44.8862 171.0938
11.5808 118 223 32.9385 52.2715 171.0938
11.5821 128 213 33.5529 42.3838 171.0938
11.5834 131 211 34.1340 39.9424 171.0938
11.5847 129 212 34.7624 41.3462 171.0938
11.5860 130 212 35.3694 40.9800 171.0938
11.5873 126 215 36.0188 44.7642 171.0938
11.5885 135 206 36.5314 35.5479 171.0938
11.5898 136 205 37.0469 34.2661 171.0938
11.5911 126 215 37.6906 44.7642 171.0938
11.5923 127 214 38.3011 43.4824 171.0938
11.5936 135 206 38.8076 35.7920 171.0938
11.5949 123 218 39.4665 47.2666 171.0938
11.5962 132 209 40.0083 38.5386 171.0938
11.5975 133 208 40.5265 37.8672 171.0938
11.5987 143 198 40.9078 27.7964 171.0938
11.6000 141 200 41.3117 29.3833 171.0938
11.6013 137 204 41.7533 33.2896 171.0938
11.6025 143 198 42.1083 27.1860 171.0938
11.6038 133 208 42.5935 37.8062 171.0938
11.6050 138 203 43.0044 32.1299 171.0938
11.6063 141 200 43.3799 29.8105 171.0938
11.6076 134 207 43.8365 36.6465 171.0938
11.6088 140 201 44.2085 30.6650 171.0938
11.6101 132 209 44.7062 38.8438 171.0938
11.6113 137 204 45.1235 33.3506 171.0938
11.6126 131 210 45.6154 39.3931 171.0938
11.6139 135 206 46.0515 35.7920 171.0938
11.6152 139 202 46.4828 31.4585 171.0938
11.6164 138 203 46.9148 32.3130 171.0938
11.6177 141 201 47.3199 30.0547 171.0938
11.6190 129 212 47.8428 41.1021 171.0938
11.6203 130 212 48.4608 40.9189 171.0938
11.6215 133 208 49.0076 37.3179 171.0938
11.6229 139 202 49.5020 31.7637 171.0938
11.6242 135 206 50.0221 35.5479 171.0938
11.6254 135 206 50.6329 35.7920 171.0938
11.6267 133 208 51.2570 37.8672 171.0938
11.6280 140 202 51.7882 31.0312 171.0938
11.6293 135 206 52.4740 35.4868 171.0938
11.6306 133 208 53.1488 37.4399 171.0938
11.6318 129 212 53.8531 41.1021 171.0938
11.6331 134 207 54.4970 36.8906 171.0938
11.6344 134 207 55.2118 36.5244 171.0938
11.6356 137 204 55.8427 33.4727 171.0938
11.6369 136 205 56.4868 34.1440 171.0938
11.6382 126 215 57.2412 44.3369 171.0938
11.6395 128 213 57.9878 42.6279 171.0938
11.6408 123 219 58.7613 48.0601 171.0938
11.6421 123 218 59.5325 47.2666 171.0938
11.6433 123 218 60.2841 47.8159 171.0938
11.6446 122 219 61.0370 48.4873 171.0938
11.6459 120 221 61.7937 50.8066 171.0938
11.6472 129 212 62.4286 41.7124 171.0938
11.6484 126 215 63.0737 44.2148 171.0938
11.6497 124 217 63.7354 46.4121 171.0938
11.6509 114 228 64.4940 57.0322 171.0938
11.6522 126 215 65.0868 44.1538 171.0938
11.6534 127 214 65.6514 43.2383 171.0938
11.6547 121 220 66.2940 49.8301 171.0938
11.6559 121 220 66.9360 49.3418 171.0938
11.6572 137 204 67.3633 33.7168 171.0938
11.6585 133 208 67.8380 37.1348 171.0938
11.6597 125 216 68.4149 45.4355 171.0938
11.6610 129 213 68.9514 42.0786 171.0938
11.6623 126 215 69.5063 44.7642 171.0938
11.6635 130 212 69.9988 41.0410 171.0938
11.6648 133 208 70.4663 37.3789 171.0938
11.6661 127 214 71.0005 43.6045 171.0938
11.6673 126 216 71.5416 45.0083 171.0938
11.6687 134 207 71.9918 36.3413 171.0938
11.6699 132 209 72.4529 38.6606 171.0938
11.6712 131 210 72.9105 39.5762 171.0938
11.6725 126 215 73.4306 44.5200 171.0938
11.6737 138 203 73.7899 32.6792 171.0938
11.6750 132 209 74.2246 38.4165 171.0938
11.6763 136 205 74.5993 34.8154 171.0938
11.6776 136 205 74.9729 34.5103 171.0938
11.6789 133 206 75.3957 36.4023 170.3125
11.6802 136 203 75.7500 33.6558 170.3125
11.6815 130 209 76.1865 39.5762 170.3125
11.6828 134 206 76.5473 36.0361 170.3125
11.6841 141 199 76.8348 29.0781 170.3125
11.6853 141 198 77.1057 28.4067 170.3125
11.6866 144 195 77.3331 25.3550 170.3125
11.6878 142 197 77.5871 27.6743 170.3125
11.6891 144 195 77.8400 25.5381 170.3125
11.6903 132 208 78.2391 37.9893 170.3125
11.6916 142 198 78.5178 28.2236 170.3125
11.6929 146 194 78.7306 23.7681 170.3125
11.6942 139 201 79.0734 31.2754 170.3125
11.6954 154 186 79.2096 15.9556 170.3125
11.6967 146 193 79.4340 23.4019 170.3125
11.6979 142 197 79.7053 27.5522 170.3125
11.6992 148 192 79.9177 22.2422 170.3125
11.7004 146 194 80.1503 24.1343 170.3125
11.7017 150 190 80.3283 20.1060 170.3125
11.7029 151 188 80.4830 18.5190 170.3125
11.7042 140 200 80.7933 30.1157 170.3125
11.7054 148 191 80.9901 21.3877 170.3125
11.7067 151 189 81.1567 19.1904 170.3125
11.7079 147 192 81.3603 22.5474 170.3125
11.7092 144 195 81.6317 25.4160 170.3125
11.7104 155 185 81.7722 15.1621 170.3125
11.7117 149 190 81.9754 20.5332 170.3125
11.7129 150 189 82.1633 19.5566 170.3125
11.7142 154 186 82.3823 16.0166 170.3125
11.7155 146 194 82.7003 24.0122 170.3125
11.7167 150 190 82.9628 20.1670 170.3125
11.7180 154 186 83.1773 16.1387 170.3125
11.7193 140 199 83.6549 29.4443 170.3125
11.7206 142 198 84.1129 27.7964 170.3125
11.7219 146 193 84.5028 23.4629 170.3125
11.7232 147 193 84.8802 23.1577 170.3125
11.7244 142 197 85.4243 27.4302 170.3125
11.7257 145 195 85.9354 25.0498 170.3125
11.7270 143 196 86.4476 26.5146 170.3125
11.7282 137 203 87.0262 33.2896 170.3125
11.7295 139 201 87.6719 31.0923 170.3125
11.7308 140 200 88.2835 30.2378 170.3125
11.7320 148 192 88.7839 22.2422 170.3125
11.7333 147 193 89.2860 23.0356 170.3125
11.7345 150 189 89.7942 19.6787 170.3125
11.7358 149 190 90.3001 20.3501 170.3125
11.7371 145 195 90.8571 25.2939 170.3125
11.7383 144 195 91.4053 25.4771 170.3125
11.7396 152 188 91.8619 17.8477 170.3125
11.7408 150 189 92.3288 19.4346 170.3125
11.7421 155 185 92.7299 14.8569 170.3125
11.7433 145 195 93.2690 24.7446 170.3125
11.7446 147 193 93.7694 23.0356 170.3125
11.7459 144 198 94.2965 27.0029 171.0938
11.7472 149 192 94.7616 21.8760 171.0938
11.7485 144 197 95.2661 26.2095 171.0938
11.7498 150 191 95.6873 20.8994 171.0938
11.7510 143 198 96.1833 27.8574 171.0938
11.7524 142 199 96.7120 28.2236 171.0938
11.7537 143 198 97.1789 27.7964 171.0938
11.7549 141 200 97.6664 29.2002 171.0938
11.7562 148 194 98.0527 22.9136 171.0938
11.7575 142 199 98.5114 28.7729 171.0938
11.7587 136 206 99.0298 35.0596 171.0938
11.7600 132 209 99.5763 38.2944 171.0938
11.7612 142 199 99.9894 28.5288 171.0938
11.7625 140 201 100.4230 30.2988 171.0938
11.7637 137 204 100.8675 33.1064 171.0938
11.7649 139 202 101.2846 31.3975 171.0938
11.7662 155 186 101.4988 15.5894 171.0938
11.7674 147 194 101.8045 23.3408 171.0938
11.7687 141 201 102.1952 29.9326 171.0938
11.7700 137 205 102.6215 34.0220 171.0938
11.7712 142 199 102.9710 28.6509 171.0938
11.7725 137 205 103.3956 34.0220 171.0938
11.7738 140 201 103.7373 30.4209 171.0938
11.7750 139 202 104.0848 31.6416 171.0938
11.7762 132 209 104.5094 38.2334 171.0938
11.7775 145 196 104.7724 25.3550 171.0938
11.7788 151 190 104.9446 19.5566 171.0938
11.7800 149 192 105.1436 21.8760 171.0938
11.7813 152 189 105.2958 18.7021 171.0938
11.7825 151 191 105.4671 20.0449 171.0938
11.7838 141 200 105.7352 29.5054 171.0938
11.7850 144 197 105.9640 26.6367 171.0938
11.7863 145 196 106.1734 25.7212 171.0938
11.7875 147 194 106.3591 23.3408 171.0938
11.7888 154 187 106.4524 16.3218 171.0938
11.7901 155 186 106.5374 15.4673 171.0938
11.7913 153 188 106.6450 17.8477 171.0938
11.7925 144 197 106.8538 26.2095 171.0938
11.7938 152 189 106.9940 18.3359 171.0938
11.7950 149 192 107.1682 21.2046 171.0938
11.7963 154 187 107.2878 16.7490 171.0938
11.7975 151 191 107.4451 20.0449 171.0938
11.7988 152 189 107.6321 18.4580 171.0938
11.8001 157 185 107.7590 14.0024 171.8750
11.8013 148 195 107.9954 23.4629 171.8750
11.8026 149 194 108.2198 22.7915 171.8750
11.8039 153 190 108.4618 18.6411 171.8750
11.8052 151 192 108.7177 20.8384 171.8750
11.8064 147 195 109.0020 24.0122 171.8750
11.8076 144 199 109.3173 27.1860 171.8750
11.8089 157 185 109.5239 14.0024 171.8750
11.8102 148 195 109.8457 23.7070 171.8750
11.8115 141 201 110.2374 29.9326 171.8750
11.8127 152 191 110.5078 19.3735 171.8750
11.8140 151 192 110.8053 20.5332 171.8750
11.8153 156 186 111.0310 15.1011 171.8750
11.8166 151 192 111.3207 20.4111 171.8750
11.8179 156 187 111.5408 15.7725 171.8750
11.8192 154 189 111.7956 17.7256 171.8750
11.8204 153 190 112.0507 18.4580 171.8750
11.8217 158 185 112.2351 13.1479 171.8750
11.8230 149 194 112.5309 22.3032 171.8750
11.8242 153 190 112.7734 18.6411 171.8750
11.8255 152 191 113.0225 19.6787 171.8750
11.8267 145 198 113.3574 26.5757 171.8750
11.8280 156 187 113.5311 15.6504 171.8750
11.8293 154 189 113.7327 17.6035 171.8750
11.8306 150 193 113.9699 21.3877 171.8750
11.8319 149 194 114.2189 22.3032 171.8750
11.8331 150 193 114.4225 21.5708 171.8750
11.8343 149 193 114.6250 21.8760 171.8750
11.8356 150 192 114.8173 21.0825 171.8750
11.8369 151 192 115.0092 20.8384 171.8750
11.8382 151 192 115.1642 20.2891 171.8750
11.8394 146 197 115.3853 25.7822 171.8750
11.8408 150 193 115.5632 21.3267 171.8750
11.8421 149 193 115.7370 21.9370 171.8750
11.8434 148 195 115.8955 23.6460 171.8750
11.8446 144 198 116.0957 27.0029 171.8750
11.8460 140 203 116.3585 31.5195 171.8750
11.8473 141 202 116.6022 30.6650 171.8750
11.8486 145 198 116.7660 26.7588 171.8750
11.8499 140 203 116.9868 31.5195 171.8750
11.8511 138 205 117.2184 33.2285 171.8750
11.8524 137 206 117.4604 34.6323 171.8750
11.8537 136 207 117.7022 35.6089 171.8750
11.8550 131 211 117.9934 40.0645 171.0938
11.8562 139 202 118.1645 31.3364 171.0938
11.8575 143 199 118.2929 27.9795 171.0938
11.8588 136 206 118.4980 34.9375 171.0938
11.8601 133 208 118.7336 37.8672 171.0938
11.8613 139 202 118.8934 31.5195 171.0938
11.8626 136 206 119.0912 34.9985 171.0938
11.8639 134 207 119.3074 36.7075 171.0938
11.8652 146 195 119.3707 24.4395 171.0938
11.8664 140 201 119.4973 30.4819 171.0938
11.8677 147 194 119.5534 23.2188 171.0938
11.8690 145 197 119.6519 26.0874 171.0938
11.8703 151 190 119.6696 19.6787 171.0938
11.8715 142 199 119.7963 28.5288 171.0938
11.8729 140 201 120.0053 30.3599 171.0938
11.8741 146 195 120.1239 24.3174 171.0938
11.8754 149 192 120.2100 21.7539 171.0938
11.8767 147 194 120.3140 23.8291 171.0938
11.8780 147 194 120.5147 23.8901 171.0938
11.8793 151 190 120.6531 19.3125 171.0938
11.8806 151 190 120.7860 19.3125 171.0938
11.8819 157 184 120.8473 13.8193 171.0938
11.8832 160 181 121.0060 10.7676 171.0938
11.8845 160 181 121.1591 10.7676 171.0938
11.8858 161 181 121.3012 10.0352 171.0938
11.8870 160 181 121.4481 10.7676 171.0938
11.8883 161 180 121.7498 9.5469 171.0938
11.8896 167 174 121.9661 3.2603 171.0938
11.8909 168 173 122.1739 2.8940 171.0938
11.8922 162 179 122.5993 8.8145 171.0938
11.8934 160 181 123.0690 10.2183 171.0938
11.8947 163 179 123.5025 8.0210 171.0938
11.8959 167 175 123.8775 3.9316 171.0938
11.8972 176 165 124.2864 -5.4067 171.0938
11.8985 174 167 124.7354 -3.5146 171.0938
11.8997 166 176 125.2786 4.9082 171.0938
11.9010 166 175 125.8018 4.1147 171.0938
11.9022 166 176 126.4845 5.0303 171.0938
11.9035 171 170 127.0894 -0.2188 171.0938
11.9047 166 175 127.7438 4.8472 171.0938
11.9060 177 165 128.2507 -6.0171 171.0938
11.9072 170 171 128.9294 0.2085 171.0938
11.9085 167 175 129.6423 4.0537 171.0938
11.9098 165 176 130.3564 5.1523 171.0938
11.9111 171 170 130.9869 -0.2798 171.0938
11.9124 166 175 131.7105 4.2979 171.0938
11.9137 175 166 132.3076 -4.6133 171.0938
11.9150 176 165 132.8799 -5.5288 171.0938
11.9162 175 166 133.4571 -4.3081 171.0938
11.9175 167 175 134.1102 3.9927 171.0938
11.9188 172 169 134.6779 -1.7446 171.0938
11.9201 170 172 135.2675 0.9409 171.0938
11.9213 172 170 135.8204 -1.0732 171.0938
11.9226 169 172 136.3290 1.7344 171.0938
11.9239 169 172 136.8201 1.1851 171.0938
11.9252 182 159 137.1381 -11.8154 171.0938
11.9264 172 169 137.5760 -1.8057 171.0938
11.9277 175 166 137.8755 -4.1860 171.0938
11.9290 176 165 138.1567 -5.2236 171.0938
11.9303 170 172 138.5109 1.0630 171.0938
11.9315 173 168 138.8144 -2.4771 171.0938
11.9328 171 170 139.0450 -0.1577 171.0938
11.9341 176 166 139.2113 -4.9795 171.0938
11.9354 180 161 139.3188 -9.1299 171.0938
11.9366 174 168 139.5043 -3.0264 171.0938
11.9379 171 170 139.6305 -0.8901 171.0938
11.9392 175 166 139.7048 -4.8574 171.0938
11.9405 171 170 139.8356 -0.2188 171.0938
11.9418 169 173 139.9716 1.9785 171.0938
11.9430 161 180 140.1653 9.5469 171.0938
11.9443 168 174 140.2764 3.0161 171.0938
11.9455 160 181 140.4781 10.7676 171.0938
11.9468 160 182 140.6698 11.0117 171.0938
11.9481 168 173 140.7362 2.4668 171.0938
11.9493 156 185 140.9529 14.7349 171.0938
11.9506 162 179 141.0887 8.5093 171.0938
11.9519 164 178 141.1892 7.0444 171.0938
11.9531 163 178 141.2914 7.4717 171.0938
11.9544 162 179 141.4021 8.3262 171.0938
11.9557 164 177 141.4893 6.6172 171.0938
11.9569 171 170 141.4552 -0.7681 171.0938
11.9582 162 179 141.5401 8.7534 171.0938
11.9595 152 190 141.7564 19.0684 171.0938
11.9608 152 189 141.9558 18.5190 171.0938
11.9621 155 186 142.0634 15.5894 171.0938
11.9633 152 189 142.2072 18.8853 171.0938
11.9646 150 191 142.3713 20.5332 171.0938
11.9658 149 192 142.5370 21.2046 171.0938
11.9671 153 189 142.5717 18.0918 171.0938
11.9684 151 190 142.6268 19.7397 171.0938
11.9696 151 190 142.6781 19.6177 171.0938
11.9709 155 187 142.6855 16.0776 171.0938
11.9722 152 189 142.6037 18.3970 171.0938
11.9734 150 191 142.5543 20.8994 171.0938
11.9747 151 190 142.4923 19.8008 171.0938
11.9759 137 204 142.6010 33.5337 171.0938
11.9772 142 199 142.5313 28.8340 171.0938
11.9785 145 196 142.4328 25.7212 171.0938
11.9797 140 201 142.3891 30.7261 171.0938
11.9810 139 203 142.3629 32.0688 171.0938
11.9823 140 202 142.2257 30.9702 171.0938
11.9835 152 190 141.9436 19.0073 171.0938
11.9848 146 195 141.7321 24.3174 171.0938
11.9861 147 194 141.5140 23.0967 171.0938
11.9874 146 201 141.2924 27.3691 174.2188
11.9886 149 198 141.0311 24.7446 174.2188
11.9899 150 197 140.7611 23.7070 174.2188
11.9911 138 210 140.6452 35.7920 174.2188
11.9924 147 200 140.3947 26.6978 174.2188
11.9937 161 187 139.9761 13.0259 174.2188
11.9950 148 199 139.7177 25.2329 174.2188
11.9963 159 189 139.3102 14.9180 174.2188
11.9976 162 185 138.8853 11.4390 174.2188
11.9988 160 187 138.4913 13.6362 174.2188
12.0002 166 182 138.0448 8.1431 174.2188
12.0014 163 185 137.6684 11.1948 174.2188
12.0027 163 185 137.2990 11.1948 174.2188
12.0040 164 183 136.9141 9.3638 174.2188
12.0052 164 184 136.5480 10.0962 174.2188
12.0065 160 188 136.3148 14.0024 174.2188
12.0078 164 183 136.0346 9.6079 174.2188
12.0091 170 178 135.6909 4.1147 174.2188
12.0104 169 179 135.3621 4.9082 174.2188
12.0116 173 175 135.1200 0.8799 174.2188
12.0129 167 181 134.9622 7.1665 174.2188
12.0142 170 177 134.7612 3.5654 174.2188
12.0155 164 183 134.6364 9.3638 174.2188
12.0167 180 167 134.5041 -6.7495 174.2188
12.0180 176 172 134.4345 -1.8667 174.2188
12.0193 166 181 134.4820 7.2275 174.2188
12.0206 168 179 134.5086 5.7017 174.2188
12.0219 172 175 134.7032 1.3071 174.2188
12.0232 176 171 134.8457 -2.5381 174.2188
12.0244 181 167 134.9297 -7.0547 174.2188
12.0257 177 170 135.0538 -3.5757 174.2188
12.0270 173 175 135.4692 0.8799 174.2188
12.0283 169 179 135.9305 5.1523 174.2188
12.0295 169 179 136.3805 5.0913 174.2188
12.0308 173 174 136.7618 0.2695 174.2188
12.0321 174 173 137.3471 -0.4629 174.2188
12.0334 183 164 137.8057 -9.6182 174.2188
12.0346 171 176 138.4080 2.5889 174.2188
12.0359 177 170 139.0755 -3.6978 174.2188
12.0372 178 169 139.7354 -4.6743 174.2188
12.0385 163 180 140.5446 8.1431 171.8750
12.0398 172 171 141.2293 -0.3408 171.8750
12.0410 172 171 141.9800 -0.8291 171.8750
12.0423 166 177 142.8183 5.2744 171.8750
12.0436 178 165 143.4899 -6.6274 171.8750
12.0449 172 171 144.2205 -0.7681 171.8750
12.0462 172 171 144.9831 -0.6460 171.8750
12.0475 167 175 145.7890 4.0537 171.8750
12.0488 169 173 146.5543 2.0396 171.8750
12.0500 168 175 147.3193 3.3213 171.8750
12.0513 168 175 148.0679 3.5044 171.8750
12.0526 155 188 148.9652 16.6880 171.8750
12.0538 162 181 149.7555 9.6689 171.8750
12.0551 159 184 150.5722 12.7817 171.8750
12.0564 169 174 151.1826 2.6499 171.8750
12.0577 161 182 151.8800 10.7676 171.8750
12.0590 158 185 152.5953 13.2090 171.8750
12.0602 159 184 153.2854 12.4155 171.8750
12.0615 162 181 153.8303 9.7910 171.8750
12.0628 162 180 154.3521 8.9365 171.8750
12.0640 164 179 154.8467 7.4717 171.8750
12.0653 164 178 155.3259 7.1055 171.8750
12.0666 163 180 155.6827 8.4482 171.8750
12.0679 161 182 156.0553 10.3403 171.8750
12.0691 160 182 156.4249 10.8896 171.8750
12.0704 164 178 156.7405 6.9224 171.8750
12.0717 160 183 156.9557 11.5610 171.8750
12.0729 164 178 157.1132 7.1055 171.8750
12.0742 164 179 157.2734 7.6548 171.8750
12.0755 164 178 157.4220 7.0444 171.8750
12.0768 162 181 157.4402 9.1807 171.8750
12.0781 167 176 157.4002 4.7251 171.8750
12.0793 160 183 157.4476 11.5000 171.8750
12.0806 168 175 157.2636 3.8706 171.8750
12.0819 172 170 157.0149 -0.9512 171.8750
12.0832 168 175 156.8271 3.5044 171.8750
12.0845 166 176 156.6620 5.0913 171.8750
12.0857 163 180 156.4121 8.6924 171.8750
12.0870 163 180 156.1644 8.5093 171.8750
12.0883 164 179 155.9123 7.7769 171.8750
12.0896 161 182 155.6951 10.2183 171.8750
12.0908 165 178 155.3267 6.1899 171.8750
12.0921 167 176 154.9451 4.6030 171.8750
12.0934 165 177 154.5909 6.0679 171.8750
12.0947 162 180 154.2807 9.0586 171.8750
12.0960 167 176 153.8474 4.2979 171.8750
12.0973 162 181 153.4889 9.5469 171.8750
12.0986 170 173 153.0401 1.7954 171.8750
12.0999 168 175 152.6265 3.8706 171.8750
12.1011 160 182 152.2868 10.8896 171.8750
12.1024 167 175 151.8702 4.1147 171.8750
12.1037 165 178 151.4908 6.4341 171.8750
12.1050 168 174 151.0777 3.0771 171.8750
12.1062 158 185 150.8243 13.2090 171.8750
12.1075 162 181 150.5370 9.8521 171.8750
12.1088 167 176 150.1831 4.2368 171.8750
12.1101 168 175 149.8275 3.5044 171.8750
12.1113 164 178 149.5779 7.0444 171.8750
12.1126 170 173 149.2628 1.3071 171.8750
12.1139 171 171 148.9380 0.0254 171.8750
12.1152 164 179 148.7181 7.7769 171.8750
12.1164 172 171 148.4540 -0.4629 171.8750
12.1177 168 175 148.2457 3.5654 171.8750
12.1190 166 177 148.0665 5.6406 171.8750
12.1202 166 176 147.9189 4.9692 171.8750
12.1215 162 181 147.8359 9.6689 171.8750
12.1228 170 173 147.6560 1.6733 171.8750
12.1240 175 168 147.4170 -3.3926 171.8750
12.1253 177 166 147.1631 -5.4067 171.8750
12.1265 178 165 146.9105 -6.4443 171.8750
12.1278 176 167 146.6840 -4.7354 171.8750
12.1291 174 168 146.4809 -3.0874 171.8750
12.1304 169 174 146.3563 2.7720 171.8750
12.1316 172 170 146.1881 -0.9512 171.8750
12.1329 176 167 145.9824 -4.2471 171.8750
12.1342 174 168 145.7944 -3.0874 171.8750
12.1355 171 171 145.6621 0.0254 171.8750
12.1368 171 171 145.5332 0.0864 171.8750
12.1381 178 164 145.3163 -6.9937 171.8750
12.1394 183 160 145.0496 -11.8154 171.8750
12.1407 170 173 144.9877 1.5513 171.8750
12.1419 176 167 144.8508 -4.6133 171.8750
12.1432 173 170 144.7528 -1.6226 171.8750
12.1445 172 171 144.6678 -0.7681 171.8750
12.1458 174 168 144.6242 -2.9043 171.8750
12.1470 180 163 144.5157 -8.2144 171.8750
12.1483 167 175 144.5634 4.1147 171.8750
12.1496 176 166 144.4948 -5.0405 171.8750
12.1509 174 169 144.5478 -2.2939 171.8750
12.1522 184 159 144.4743 -12.4868 171.8750
12.1535 178 165 144.4718 -6.8105 171.8750
12.1547 174 169 144.5261 -2.2939 171.8750
12.1560 178 164 144.6000 -7.1157 171.8750
12.1573 170 173 144.7828 1.7344 171.8750
12.1585 178 165 144.8579 -6.5664 171.8750
12.1598 173 170 144.9910 -1.8667 171.8750
12.1611 177 165 145.1230 -6.0781 171.8750
12.1623 178 165 145.2467 -6.6274 171.8750
12.1636 171 172 145.4530 0.3306 171.8750
12.1648 176 167 145.5924 -4.7354 171.8750
12.1661 180 162 145.6963 -9.0688 171.8750
12.1673 180 163 145.8027 -8.8247 171.8750
12.1686 174 168 145.9782 -2.9653 171.8750
12.1699 177 166 146.1178 -5.4678 171.8750
12.1712 183 159 146.1683 -11.8765 171.8750
12.1724 187 156 146.1769 -15.4775 171.8750
12.1737 176 166 146.3136 -4.9795 171.8750
12.1749 180 163 146.3922 -8.7637 171.8750
12.1762 181 162 146.4498 -9.3130 171.8750
12.1775 180 162 146.5121 -8.9468 171.8750
12.1787 175 167 146.6353 -3.8809 171.8750
12.1800 174 168 146.7317 -2.9653 171.8750
12.1813 175 168 146.8203 -3.5146 171.8750
12.1825 175 168 146.9087 -3.3926 171.8750
12.1838 182 161 146.9043 -10.5337 171.8750
12.1851 170 172 147.0062 1.0630 171.8750
12.1864 178 164 147.0048 -7.0547 171.8750
12.1876 178 165 147.0109 -6.5054 171.8750
12.1889 188 155 146.8938 -16.2100 171.8750
12.1902 176 167 146.8592 -4.8574 171.8750
12.1915 187 155 146.6856 -16.0879 171.8750
12.1928 180 163 146.6116 -8.3975 171.8750
12.1941 179 163 146.5429 -8.0923 171.8750
12.1953 182 161 146.3743 -10.7168 171.8750
12.1966 174 169 146.3126 -2.3550 171.8750
12.1979 176 166 146.2205 -4.9185 171.8750
12.1992 183 160 146.0509 -11.3271 171.8750
12.2005 186 157 145.7752 -14.7451 171.8750
12.2017 181 161 145.5656 -9.9233 171.8750
12.2030 181 162 145.3620 -9.8013 171.8750
12.2042 180 163 145.1745 -8.8247 171.8750
12.2055 187 156 144.8496 -15.2944 171.8750
12.2068 181 161 144.5975 -9.9233 171.0938
12.2081 178 163 144.3779 -7.6650 171.0938
12.2094 183 158 144.0977 -12.8530 171.0938
12.2107 189 152 143.7304 -18.7734 171.0938
12.2120 191 151 143.3492 -19.9941 171.0938
12.2133 181 160 143.1006 -10.2896 171.0938
12.2146 189 152 142.7691 -18.4072 171.0938
12.2159 190 151 142.4324 -19.2617 171.0938
12.2171 171 170 142.3368 -0.6460 171.0938
12.2184 184 157 142.0806 -13.5244 171.0938
12.2197 186 155 141.8410 -15.3555 171.0938
12.2210 180 161 141.6785 -9.3740 171.0938
12.2222 183 159 141.4872 -11.9375 171.0938
12.2235 181 160 141.3178 -10.2285 171.0938
12.2248 185 156 141.1300 -14.4399 171.0938
12.2261 188 153 140.9014 -17.7358 171.0938
12.2274 187 154 140.6948 -16.3320 171.0938
12.2287 183 158 140.5361 -12.7920 171.0938
12.2300 186 155 140.3253 -15.7217 171.0938
12.2313 189 152 140.0799 -18.7124 171.0938
12.2325 192 150 139.8198 -20.9707 171.0938
12.2338 193 148 139.5469 -22.3745 171.0938
12.2350 176 165 139.4209 -5.7729 171.0938
12.2363 191 150 139.1134 -20.5435 171.0938
12.2375 188 153 138.8453 -17.7969 171.0938
12.2388 196 145 138.4897 -25.1211 171.0938
12.2401 190 151 138.1063 -19.7500 171.0938
12.2414 192 150 137.7121 -21.0317 171.0938
12.2427 195 146 137.2850 -24.4497 171.0938
12.2440 191 150 136.9122 -20.6045 171.0938
12.2452 186 155 136.5142 -15.2944 171.0938
12.2465 199 142 135.9537 -28.7222 171.0938
12.2478 196 145 135.4466 -25.6094 171.0938
12.2490 192 149 134.9989 -21.7642 171.0938
12.2503 177 164 134.6615 -6.8716 171.0938
12.2515 196 146 134.1082 -24.9380 171.0938
12.2528 197 144 133.5471 -26.5249 171.0938
12.2541 186 155 133.1285 -15.8438 171.0938
12.2553 193 148 132.5906 -22.6187 171.0938
12.2565 198 143 132.0038 -27.5625 171.0938
12.2578 198 143 131.4312 -27.2573 171.0938
12.2590 197 144 130.8783 -26.5249 171.0938
12.2603 197 144 130.3119 -26.5859 171.0938
12.2615 197 144 129.7531 -26.8301 171.0938
12.2627 195 146 129.2295 -24.8770 171.0938
12.2640 199 142 128.6700 -28.6611 171.0938
12.2652 201 140 128.0913 -30.6753 171.0938
12.2665 201 140 127.5245 -30.7363 171.0938
12.2677 194 148 127.0619 -22.9849 171.0938
12.2689 198 143 126.5505 -27.8066 171.0938
12.2702 201 140 126.0081 -30.5532 171.0938
12.2715 195 146 125.5538 -24.3887 171.0938
12.2727 207 134 124.9561 -36.6567 171.0938
12.2740 192 150 124.5819 -21.0928 171.0938
12.2753 192 149 124.2051 -21.2759 171.0938
12.2765 199 142 123.7516 -28.1118 171.0938
12.2778 201 140 123.2788 -30.3701 171.0938
12.2791 199 142 122.8595 -28.9053 171.0938
12.2804 201 141 122.4286 -30.0649 171.0938
12.2816 195 147 122.0812 -24.0225 171.0938
12.2829 199 143 121.6839 -27.9897 171.0938
12.2842 193 148 121.4092 -22.3135 171.0938
12.2855 202 140 121.0210 -30.9805 171.0938
12.2869 203 139 120.6147 -31.9570 171.0938
12.2881 202 139 120.2439 -31.8960 171.0938
12.2895 193 148 120.0349 -22.2524 171.0938
12.2907 205 136 119.6781 -34.3984 171.0938
12.2920 201 140 119.3848 -30.6143 171.0938
12.2933 195 146 119.1713 -24.5107 171.0938
12.2946 201 141 118.9324 -29.9429 171.0938
12.2959 197 144 118.7346 -26.5249 171.0938
12.2971 193 148 118.5924 -22.8628 171.0938
12.2985 199 142 118.3663 -28.7832 171.0938
12.2998 201 140 118.1482 -30.2480 171.0938
12.3010 201 140 117.9303 -30.6143 171.0938
12.3023 191 150 117.8445 -20.6045 171.0938
12.3036 207 134 117.5617 -36.3516 171.0938
12.3049 207 134 117.2893 -36.6567 171.0938
12.3062 201 141 117.1051 -30.0649 171.0938
12.3074 195 146 116.9930 -24.8159 171.0938
12.3087 208 133 116.7134 -37.4502 171.0938
12.3100 196 145 116.5871 -25.7314 171.0938
12.3113 199 143 116.4370 -27.9287 171.0938
12.3125 192 149 116.3758 -21.2759 171.0938
12.3138 198 143 116.2264 -27.6846 171.0938
12.3151 204 137 116.0061 -33.6050 171.0938
12.3164 204 137 115.7915 -33.6050 171.0938
12.3177 201 140 115.6227 -30.6753 171.0938
12.3190 199 145 115.4923 -26.8911 172.6562
12.3203 203 141 115.3125 -31.0415 172.6562
12.3216 201 143 115.1801 -28.9663 172.6562
12.3229 201 143 115.0400 -29.3325 172.6562
12.3241 202 143 114.9058 -29.4546 172.6562
12.3254 201 143 114.7727 -29.3325 172.6562
12.3267 211 134 114.5290 -38.3657 172.6562
12.3280 203 141 114.3823 -31.0415 172.6562
12.3293 202 142 114.2545 -30.2480 172.6562
12.3306 208 137 114.0661 -35.4971 172.6562
12.3318 199 145 113.9895 -27.3184 172.6562
12.3331 208 136 113.8048 -36.2295 172.6562
12.3344 209 136 113.6224 -36.4126 172.6562
12.3357 216 129 113.3472 -43.5537 172.6562
12.3370 203 141 113.2320 -31.1025 172.6562
12.3383 207 138 113.0836 -34.4595 172.6562
12.3395 202 142 113.0117 -29.8818 172.6562
12.3408 206 138 112.8920 -33.8491 172.6562
12.3421 200 145 112.8561 -27.6235 172.6562
12.3434 211 133 112.7011 -38.6709 172.6562
12.3447 204 140 112.6441 -31.9570 172.6562
12.3459 209 135 112.5187 -37.3281 172.6562
12.3473 203 142 112.4685 -30.6143 172.6562
12.3486 202 142 112.4684 -29.9429 172.6562
12.3498 202 142 112.4722 -30.0039 172.6562
12.3511 210 135 112.3625 -37.5112 172.6562
12.3524 200 145 112.3971 -27.4404 172.6562
12.3537 204 140 112.3976 -31.8350 172.6562
12.3550 207 137 112.3720 -35.0698 172.6562
12.3563 204 141 112.3804 -31.5908 172.6562
12.3576 206 138 112.3660 -33.8491 172.6562
12.3589 199 145 112.4184 -26.8911 172.6562
12.3602 202 143 112.4439 -29.5767 172.6562
12.3615 203 141 112.4588 -30.7974 172.6562
12.3628 207 137 112.4147 -35.2529 172.6562
12.3640 200 144 112.4009 -28.1118 172.6562
12.3653 204 141 112.3381 -31.5908 172.6562
12.3666 202 142 112.2989 -29.7598 172.6562
12.3678 205 140 112.2335 -32.3843 172.6562
12.3691 213 132 111.9338 -40.3799 172.6562
12.3703 200 144 111.7942 -28.2949 172.6562
12.3716 203 142 111.6283 -30.5532 172.6562
12.3729 210 135 111.3744 -37.5112 172.6562
12.3742 204 139 110.9696 -32.4453 171.8750
12.3755 201 142 110.6409 -29.3325 171.8750
12.3768 200 142 110.3188 -29.0273 171.8750
12.3781 200 143 109.8368 -28.3560 171.8750
12.3794 202 141 109.3301 -30.1260 171.8750
12.3806 205 138 108.7832 -33.8491 171.8750
12.3819 202 140 108.2871 -30.9805 171.8750
12.3832 201 141 107.6232 -29.8818 171.8750
12.3844 204 139 106.9336 -32.5674 171.8750
12.3858 196 147 106.3427 -24.5107 171.8750
12.3870 207 136 105.6359 -35.4360 171.8750
12.3883 201 142 104.8291 -29.7598 171.8750
12.3896 197 146 104.1003 -25.5483 171.8750
12.3909 200 143 103.3392 -28.5391 171.8750
12.3922 207 136 102.5025 -35.5581 171.8750
12.3935 194 148 101.6811 -23.1069 171.8750
12.3948 206 137 100.7311 -34.5205 171.8750
12.3962 206 136 99.7902 -35.0088 171.8750
12.3974 196 147 99.0054 -24.7549 171.8750
12.3988 207 136 97.9579 -35.1309 171.8750
12.4000 201 142 97.0277 -29.1494 171.8750
12.4013 210 133 95.9987 -38.2437 171.8750
12.4025 203 139 95.0705 -31.9570 171.8750
12.4038 209 134 93.9594 -37.8164 171.8750
12.4051 207 136 92.8843 -35.8633 171.8750
12.4064 213 129 91.7564 -41.9668 171.8750
12.4077 200 143 90.8228 -28.7832 171.8750
12.4089 208 134 89.6983 -37.0229 171.8750
12.4103 210 133 88.5416 -38.6709 171.8750
12.4116 208 135 87.4665 -36.6567 171.8750
12.4128 210 132 86.2814 -38.9761 171.8750
12.4141 214 129 85.0739 -42.3940 171.8750
12.4154 214 129 83.8898 -42.5161 171.8750
12.4166 201 142 82.9004 -29.3325 171.8750
12.4179 206 137 81.7829 -34.2153 171.8750
12.4191 212 131 80.6111 -40.8682 171.8750
12.4204 213 130 79.4395 -41.7227 171.8750
12.4217 218 125 78.2287 -46.3613 171.8750
12.4230 218 125 77.0149 -46.4224 171.8750
12.4243 215 127 75.8453 -43.9810 171.8750
12.4255 218 125 74.6677 -46.7275 171.8750
12.4268 208 135 73.6415 -36.5957 171.8750
12.4281 211 132 72.6083 -39.8306 171.8750
12.4294 218 125 71.5096 -46.7886 171.8750
12.4307 213 128 70.4695 -42.7603 171.0938
12.4320 209 132 69.5023 -38.6099 171.0938
12.4333 213 128 68.5907 -42.2109 171.0938
12.4347 206 135 67.7545 -35.8022 171.0938
12.4359 210 131 66.9157 -39.8916 171.0938
12.4372 203 138 66.1930 -32.2012 171.0938
12.4385 208 134 65.5304 -37.0840 171.0938
12.4398 203 138 64.9376 -32.5063 171.0938
12.4411 211 131 64.2611 -40.0747 171.0938
12.4424 198 143 63.7569 -27.6235 171.0938
12.4437 206 136 63.3084 -35.0088 171.0938
12.4449 193 149 63.0345 -22.0693 171.0938
12.4462 207 135 62.5844 -36.0464 171.0938
12.4475 201 140 62.2269 -30.4312 171.0938
12.4488 189 152 62.1498 -18.5293 171.0938
12.4501 202 139 61.9193 -31.2856 171.0938
12.4514 199 142 61.7340 -28.1118 171.0938
12.4527 205 137 61.5715 -33.9102 171.0938
12.4540 200 141 61.4738 -29.5156 171.0938
12.4552 192 149 61.4929 -21.2759 171.0938
12.4565 197 144 61.4399 -26.7690 171.0938
12.4578 204 137 61.3772 -33.7881 171.0938
12.4591 195 147 61.4326 -24.0835 171.0938
12.4604 197 144 61.4629 -26.2808 171.0938
12.4617 192 149 61.5455 -21.5200 171.0938
12.4629 198 144 61.5984 -27.0742 171.0938
12.4642 211 130 61.4741 -40.6851 171.0938
12.4655 206 135 61.4157 -35.4360 171.0938
12.4668 200 142 61.4380 -28.9663 171.0938
12.4681 203 138 61.4049 -32.6895 171.0938
12.4693 204 138 61.3803 -32.9946 171.0938
12.4706 199 143 61.4199 -27.9897 171.0938
12.4718 210 132 61.3215 -39.0371 171.0938
12.4731 214 127 61.1233 -43.1875 171.0938
12.4744 207 134 61.0156 -36.3516 171.0938
12.4756 213 128 60.8313 -42.3330 171.0938
12.4769 217 124 60.5940 -46.8496 171.0938
12.4782 200 141 60.5040 -29.3936 171.0938
12.4795 223 119 60.1155 -52.0376 171.0938
12.4808 219 122 59.7989 -48.5586 171.0938
12.4821 219 122 59.4968 -48.7417 171.0938
12.4833 223 118 59.0833 -52.8921 171.0938
12.4846 220 121 58.7137 -49.9014 171.0938
12.4859 218 123 58.3556 -47.7651 171.0938
12.4872 210 131 58.1101 -39.7695 171.0938
12.4885 213 129 57.7968 -42.0889 171.0938
12.4898 215 126 57.4506 -44.5913 171.0938
12.4911 212 129 57.1648 -41.2344 171.0938
12.4924 214 128 56.8698 -43.0654 171.0938
12.4936 210 131 56.6270 -39.4033 171.0938
12.4949 208 133 56.4174 -37.1450 171.0938
12.4961 218 123 56.0919 -47.5820 171.0938
12.4973 213 128 55.8494 -42.3330 171.0938
12.4986 208 133 55.6689 -37.4502 171.0938
12.4999 204 137 55.5274 -33.6050 171.0938
12.5012 209 132 55.3272 -38.6099 171.0938
12.5025 207 134 55.2079 -36.3516 171.0938
12.5038 206 135 55.1143 -35.1309 171.0938
12.5051 213 129 54.9353 -41.9668 171.0938
12.5063 204 138 54.8746 -32.9946 171.0938
12.5076 201 140 54.8898 -30.3091 171.0938
12.5089 215 126 54.7218 -44.7744 171.0938
12.5102 207 134 54.6658 -36.3516 171.0938
12.5115 208 133 54.5956 -37.4502 171.0938
12.5127 211 130 54.4918 -40.6851 171.0938
12.5140 216 126 54.3490 -45.0796 171.0938
12.5153 214 127 54.2169 -43.4927 171.0938
12.5166 206 135 54.1923 -35.4360 171.0938
12.5179 208 133 54.1047 -37.4502 171.0938
12.5191 207 135 54.0323 -35.9243 171.0938
12.5204 205 136 53.9800 -34.1543 171.0938
12.5217 202 139 53.9683 -31.6519 171.0938
12.5230 208 133 53.7888 -37.6333 171.0938
12.5243 201 140 53.7139 -30.3701 171.0938
12.5256 205 137 53.5836 -34.0322 171.0938
12.5269 203 138 53.4855 -32.3232 171.0938
12.5281 200 141 53.2931 -29.5156 171.0938
12.5294 197 144 53.1401 -26.8911 171.0938
12.5307 196 145 53.0086 -25.3042 171.0938
12.5320 213 128 52.5461 -42.2720 171.0938
12.5333 202 139 52.2130 -31.7739 171.0938
12.5346 204 137 51.8638 -33.7881 171.0938
12.5359 200 141 51.5712 -29.8818 171.0938
12.5372 199 142 51.1773 -28.4170 171.0938
12.5385 204 137 50.7257 -33.4829 171.0938
12.5397 199 143 50.3669 -27.9287 171.0938
12.5411 203 138 49.9386 -32.5674 171.0938
12.5424 214 127 49.2833 -43.3096 171.0938
12.5437 206 135 48.7370 -35.4971 171.0938
12.5450 203 138 48.2460 -32.6895 171.0938
12.5462 202 139 47.7885 -31.2246 171.0938
12.5475 210 131 47.1132 -39.8916 171.0938
12.5488 209 133 46.4819 -37.9385 171.0938
12.5501 208 133 45.8754 -37.5112 171.0938
12.5513 211 130 45.2438 -40.4409 171.0938
12.5526 204 137 44.5824 -33.8491 171.0938
12.5539 209 132 43.8816 -38.3047 171.0938
12.5551 209 132 43.2016 -38.6709 171.0938
12.5563 215 126 42.4683 -44.2251 171.0938
12.5576 210 132 41.6659 -38.9150 171.0938
12.5589 217 124 40.7865 -46.7275 171.0938
12.5601 219 122 39.9196 -48.3145 171.0938
12.5614 220 121 39.0565 -49.5962 171.0938
12.5626 225 116 38.0120 -54.2959 171.0938
12.5639 224 118 37.0049 -53.0752 171.0938
12.5652 223 119 36.0070 -52.0376 171.0938
12.5664 227 114 34.9888 -56.4321 171.0938
12.5677 223 118 33.9195 -52.7700 171.0938
12.5689 230 111 32.8024 -59.2397 171.0938
12.5702 232 109 31.6743 -61.3760 171.0938
12.5715 229 112 30.5978 -58.8735 171.0938
12.5727 233 108 29.3726 -62.3525 171.0938
12.5740 229 112 28.2201 -58.5073 171.0938
12.5752 229 113 27.0986 -57.9580 171.0938
12.5765 238 103 25.7844 -67.1743 171.0938
12.5778 227 114 24.6322 -56.1880 171.0938
12.5790 240 101 23.3412 -69.3716 171.0938
12.5803 228 113 22.2181 -57.5918 171.0938
12.5815 231 110 20.9989 -60.7046 171.0938
12.5828 237 105 19.7387 -66.0146 171.0938
12.5840 234 107 18.5362 -63.4512 171.0938
12.5853 234 107 17.3353 -63.7563 171.0938
12.5866 233 108 16.1295 -62.2915 171.0938
12.5879 232 109 14.9884 -61.4370 171.0938
12.5892 238 103 13.7934 -67.1743 171.0938
12.5904 233 108 12.6726 -62.9019 171.0938
12.5917 235 106 11.5865 -64.2446 171.0938
12.5931 228 114 10.5881 -56.9204 171.0938
12.5944 225 116 9.6602 -54.7842 171.0938
12.5956 214 127 8.9051 -43.6758 171.0938
12.5969 223 118 8.1404 -52.4648 171.0938
12.5982 221 122 7.4401 -49.4741 171.8750
12.5994 213 130 6.8517 -41.4785 171.8750
12.6007 221 122 6.1642 -49.3521 171.8750
12.6020 219 124 5.6495 -47.7041 171.8750
12.6033 218 125 5.1570 -46.3613 171.8750
12.6046 210 132 4.7723 -39.0981 171.8750
12.6059 206 136 4.4428 -35.0698 171.8750
12.6071 196 146 4.3822 -24.8770 171.8750
12.6084 213 129 4.1099 -41.9058 171.8750
12.6097 204 139 3.9591 -32.6284 171.8750
12.6110 205 138 3.8036 -33.2998 171.8750
12.6123 202 141 3.7858 -30.1870 171.8750
12.6135 205 137 3.7140 -33.9102 171.8750
12.6148 198 145 3.7376 -26.4639 171.8750
12.6161 213 130 3.5701 -41.8447 171.8750
12.6174 198 145 3.6189 -26.7690 171.8750
12.6186 203 140 3.6079 -31.7129 171.8750
12.6199 203 140 3.6001 -31.4688 171.8750
12.6212 210 132 3.4493 -39.0371 171.8750
12.6224 200 142 3.4208 -29.0273 171.8750
12.6237 208 135 3.3024 -36.5957 171.8750
12.6250 199 144 3.2972 -27.2573 171.8750
12.6262 200 143 3.1948 -28.5391 171.8750
12.6275 199 144 3.0993 -27.4404 171.8750
12.6288 206 136 2.9137 -35.0088 171.8750
12.6301 202 141 2.7868 -30.8584 171.8750
12.6313 207 136 2.5031 -35.5581 171.8750
12.6326 198 145 2.3330 -26.7690 171.8750
12.6339 209 133 2.0226 -38.1216 171.8750
12.6351 204 139 1.7841 -32.8726 171.8750
12.6364 203 140 1.5163 -31.2246 171.8750
12.6377 204 139 1.2328 -32.7505 171.8750
12.6389 197 145 1.0337 -25.9146 171.8750
12.6402 209 134 0.6949 -37.4502 171.8750
12.6415 201 142 0.4358 -29.7598 171.8750
12.6428 209 133 0.0817 -37.8774 171.8750
12.6440 206 136 -0.2309 -34.9478 171.8750
12.6453 207 136 -0.5482 -35.8633 171.8750
12.6466 198 145 -0.7421 -26.8301 171.8750
12.6479 200 143 -0.9507 -28.6611 171.8750
12.6492 212 131 -1.3181 -40.5020 171.8750
12.6504 201 142 -1.5220 -29.2104 171.8750
12.6517 209 134 -1.8306 -37.2671 171.8750
12.6529 215 128 -2.1971 -43.1265 171.8750
12.6542 206 137 -2.4643 -34.2153 171.8750
12.6555 212 131 -2.7904 -40.2578 171.8750
12.6568 220 123 -3.2682 -48.1313 171.8750
12.6581 218 125 -3.6972 -46.3613 171.8750
12.6593 212 131 -4.0435 -40.6851 171.8750
12.6607 213 130 -4.4068 -41.4175 171.8750
12.6620 219 123 -4.9259 -47.8872 171.8750
12.6633 216 127 -5.4018 -44.8354 171.8750
12.6646 232 113 -6.0634 -59.4839 173.4375
12.6659 224 122 -6.6973 -51.4272 173.4375
12.6672 216 129 -7.2292 -43.5537 173.4375
12.6685 222 124 -7.8215 -49.0469 173.4375
12.6698 229 117 -8.4622 -55.8218 173.4375
12.6710 228 118 -9.2095 -55.2114 173.4375
12.6723 231 115 -10.0128 -58.3853 173.4375
12.6736 232 114 -10.7892 -58.9346 173.4375
12.6749 235 111 -11.6084 -62.1694 173.4375
12.6761 230 116 -12.4624 -56.9204 173.4375
12.6774 232 114 -13.3547 -59.3618 173.4375
12.6787 240 106 -14.3217 -66.7471 173.4375
12.6800 239 107 -15.2518 -66.1367 173.4375
12.6813 234 112 -16.2509 -60.5825 173.4375
12.6825 236 109 -17.2613 -63.4512 173.4375
12.6838 239 107 -18.2578 -65.6484 173.4375
12.6851 243 102 -19.3105 -70.5312 173.4375
12.6863 234 112 -20.3559 -60.7656 173.4375
12.6876 238 108 -21.4404 -65.0381 173.4375
12.6889 241 105 -22.5447 -67.7847 173.4375
12.6902 230 116 -23.5001 -57.2256 173.4375
12.6915 230 116 -24.5186 -56.9814 173.4375
12.6927 240 106 -25.6244 -66.9302 173.4375
12.6940 241 105 -26.7323 -67.7236 173.4375
12.6952 243 103 -27.8540 -69.8599 173.4375
12.6965 240 106 -28.9804 -66.9912 173.4375
12.6978 237 109 -30.0503 -64.1226 173.4375
12.6991 240 106 -31.1406 -67.4185 173.4375
12.7004 237 109 -32.1550 -63.6953 173.4375
12.7017 231 115 -33.0835 -57.8359 173.4375
12.7029 241 105 -34.1106 -67.8457 173.4375
12.7042 235 111 -35.0625 -62.4136 173.4375
12.7055 239 107 -35.9617 -66.1367 173.4375
12.7068 225 121 -36.6922 -52.3428 173.4375
12.7080 229 117 -37.4444 -55.5776 173.4375
12.7093 219 127 -38.0617 -45.7510 173.4375
12.7106 227 119 -38.6622 -54.3569 173.4375
12.7119 219 127 -39.1608 -46.3613 173.4375
12.7131 230 115 -39.7899 -57.5308 173.4375
12.7144 232 114 -40.4122 -58.5684 173.4375
12.7156 222 124 -40.7757 -48.6196 173.4375
12.7169 213 133 -41.0467 -40.3188 173.4375
12.7183 214 129 -41.3579 -42.7603 171.8750
12.7196 215 128 -41.6668 -43.7979 171.8750
12.7209 209 134 -41.7663 -37.6333 171.8750
12.7222 207 136 -41.8542 -35.4360 171.8750
12.7234 212 130 -41.9901 -40.9902 171.8750
12.7247 211 132 -42.1038 -39.5254 171.8750
12.7260 200 143 -42.0045 -28.2949 171.8750
12.7273 205 138 -41.9703 -33.6050 171.8750
12.7285 198 144 -41.8562 -26.8911 171.8750
12.7298 196 147 -41.7206 -24.5718 171.8750
12.7311 197 146 -41.5890 -25.5483 171.8750
12.7324 201 142 -41.5074 -29.6987 171.8750
12.7337 202 141 -41.4422 -30.1870 171.8750
12.7350 204 138 -41.4030 -33.0557 171.8750
12.7363 195 148 -41.2943 -23.6562 171.8750
12.7375 196 147 -41.2050 -24.6938 171.8750
12.7388 198 144 -41.1514 -27.0742 171.8750
12.7401 200 142 -41.1118 -28.9663 171.8750
12.7414 197 146 -41.1410 -25.2432 171.8750
12.7427 204 138 -41.2627 -33.0557 171.8750
12.7439 203 139 -41.3657 -32.0791 171.8750
12.7453 196 147 -41.5291 -24.8159 171.8750
12.7465 201 142 -41.7352 -29.6377 171.8750
12.7478 204 139 -41.9808 -32.8726 171.8750
12.7491 202 141 -42.1949 -30.5532 171.8750
12.7504 204 139 -42.5811 -32.5063 171.8750
12.7516 203 140 -42.9347 -31.7739 171.8750
12.7529 202 141 -43.2792 -30.5532 171.8750
12.7541 204 139 -43.6277 -32.2622 171.8750
12.7554 205 138 -44.1325 -33.6050 171.8750
12.7567 199 144 -44.5489 -27.6235 171.8750
12.7579 209 134 -45.0768 -37.3892 171.8750
12.7592 209 134 -45.5981 -37.3892 171.8750
12.7605 208 135 -46.2248 -36.6567 171.8750
12.7617 203 140 -46.7676 -31.5908 171.8750
12.7630 205 138 -47.3194 -33.6050 171.8750
12.7642 214 128 -47.9898 -43.0044 171.8750
12.7655 213 130 -48.7116 -41.2344 171.8750
12.7668 204 138 -49.3286 -32.9946 171.8750
12.7681 212 131 -50.0155 -40.5020 171.8750
12.7693 210 133 -50.6714 -38.6709 171.8750
12.7706 214 128 -51.4470 -43.0654 171.8750
12.7719 217 126 -52.2499 -45.5679 171.8750
12.7732 220 123 -53.0659 -48.7417 171.8750
12.7744 212 131 -53.7663 -40.3799 171.8750
12.7757 219 124 -54.6243 -47.4600 171.8750
12.7770 215 128 -55.4321 -43.8589 171.8750
12.7783 215 128 -56.2119 -43.7368 171.8750
12.7795 222 121 -57.0531 -50.4507 171.8750
12.7808 223 119 -58.0187 -52.0376 171.8750
12.7821 224 119 -58.9738 -52.6479 171.8750
12.7833 229 114 -59.9543 -57.7749 171.8750
12.7846 237 105 -61.0207 -65.8926 171.8750
12.7859 227 116 -62.0795 -55.4556 171.8750
12.7872 230 113 -63.1557 -58.2021 171.8750
12.7885 231 111 -64.2448 -59.9111 171.8750
12.7898 239 104 -65.3954 -67.5405 171.8750
12.7911 222 121 -66.4651 -50.3896 171.8750
12.7924 228 114 -67.5617 -56.9204 171.8750
12.7937 235 108 -68.7538 -63.8174 171.8750
12.7950 235 108 -70.0403 -63.6953 171.8750
12.7963 241 102 -71.3646 -69.1274 171.8750
12.7975 237 106 -72.6134 -65.4653 171.8750
12.7988 235 108 -73.8181 -63.4512 171.8750
12.8001 241 102 -75.1966 -69.6157 171.8750
12.8013 246 97 -76.6084 -74.1934 171.8750
12.8026 241 102 -77.9385 -69.2495 171.8750
12.8039 250 93 -79.3477 -78.5269 171.8750
12.8052 235 108 -80.6283 -63.5732 171.8750
12.8065 240 104 -81.9580 -68.2119 172.6562
12.8077 238 106 -83.2186 -66.1367 172.6562
12.8090 239 105 -84.4782 -67.2964 172.6562
12.8103 233 111 -85.6760 -61.3149 172.6562
12.8116 241 104 -86.9212 -68.5171 172.6562
12.8129 240 104 -88.1423 -67.8457 172.6562
12.8141 234 110 -89.2747 -62.1694 172.6562
12.8154 235 110 -90.3424 -62.5356 172.6562
12.8167 237 108 -91.4050 -64.4888 172.6562
12.8180 241 103 -92.5073 -68.7612 172.6562
12.8192 230 114 -93.4531 -58.0190 172.6562
12.8205 241 104 -94.4127 -68.3950 172.6562
12.8218 227 117 -95.1790 -54.7842 172.6562
12.8231 222 122 -95.8858 -50.1455 172.6562
12.8244 222 122 -96.5603 -49.6572 172.6562
12.8256 226 118 -97.1642 -54.1738 172.6562
12.8269 238 107 -97.9023 -65.4653 172.6562
12.8282 225 120 -98.4648 -52.4648 172.6562
12.8296 225 120 -98.9223 -52.6479 172.6562
12.8308 225 119 -99.3401 -52.8311 172.6562
12.8322 225 119 -99.7808 -53.1362 172.6562
12.8335 217 128 -100.0873 -44.3472 172.6562
12.8348 210 135 -100.1980 -37.5112 172.6562
12.8360 206 138 -100.2604 -33.7881 172.6562
12.8373 223 122 -100.5182 -50.4507 172.6562
12.8386 218 126 -100.7340 -46.0562 172.6562
12.8399 215 130 -100.8434 -42.4551 172.6562
12.8412 216 128 -100.9722 -44.2251 172.6562
12.8424 207 138 -100.9740 -34.3984 172.6562
12.8437 207 138 -100.9773 -34.3984 172.6562
12.8450 204 140 -100.9435 -31.8350 172.6562
12.8463 206 138 -100.9367 -33.8491 172.6562
12.8476 206 138 -100.9257 -34.2153 172.6562
12.8489 207 137 -100.9359 -35.0088 172.6562
12.8502 213 131 -101.0528 -41.1733 172.6562
12.8515 204 140 -101.0526 -32.2622 172.6562
12.8527 193 152 -100.8986 -20.4214 172.6562
12.8540 203 141 -100.8824 -31.1025 172.6562
12.8553 203 142 -100.9258 -30.5532 172.6562
12.8565 201 144 -100.9471 -28.5391 172.6562
12.8578 207 138 -101.0404 -34.6426 172.6562
12.8591 207 137 -101.1336 -35.1309 172.6562
12.8603 212 133 -101.3760 -39.4644 172.6562
12.8616 210 135 -101.5906 -37.6333 172.6562
12.8629 200 144 -101.6829 -28.1118 172.6562
12.8641 204 140 -101.8208 -31.9570 172.6562
12.8654 201 143 -102.0300 -29.2104 172.6562
12.8667 197 147 -102.1824 -24.9990 172.6562
12.8679 200 144 -102.3665 -27.8066 172.6562
12.8692 206 139 -102.7357 -33.5439 172.6562
12.8705 201 144 -103.0181 -28.3560 172.6562
12.8718 194 146 -103.2412 -24.0835 170.3125
12.8730 205 135 -103.5908 -35.0698 170.3125
12.8743 197 142 -103.9221 -27.4404 170.3125
12.8756 198 142 -104.2500 -27.7456 170.3125
12.8768 206 134 -104.6707 -35.7412 170.3125
12.8781 204 136 -105.0576 -33.7881 170.3125
12.8793 201 138 -105.4664 -31.3467 170.3125
12.8805 204 136 -105.8949 -33.7881 170.3125
12.8818 197 143 -106.2312 -26.8911 170.3125
12.8830 197 142 -106.5680 -27.5625 170.3125
12.8843 203 137 -107.0245 -32.9336 170.3125
12.8855 208 131 -107.5404 -38.6709 170.3125
12.8868 208 131 -108.0781 -38.3657 170.3125
12.8882 206 133 -108.5936 -36.6567 170.3125
12.8895 203 136 -109.1306 -33.5439 170.3125
12.8909 198 141 -109.5759 -28.5391 170.3125
12.8921 202 137 -110.0485 -32.5674 170.3125
12.8934 203 137 -110.5207 -32.8115 170.3125
12.8947 204 135 -111.1055 -34.4595 170.3125
12.8960 198 141 -111.5972 -28.4170 170.3125
12.8973 197 143 -112.0542 -27.0742 170.3125
12.8985 197 143 -112.5031 -26.8911 170.3125
12.8998 198 142 -113.0549 -27.9897 170.3125
12.9011 195 145 -113.5579 -24.7549 170.3125
12.9023 189 151 -113.9733 -18.7124 170.3125
12.9036 196 143 -114.4809 -26.5249 170.3125
12.9049 184 156 -114.9124 -13.7686 170.3125
12.9062 187 153 -115.3771 -17.2476 170.3125
12.9074 189 151 -115.8516 -18.8955 170.3125
12.9087 186 153 -116.2871 -16.4541 170.3125
12.9100 188 152 -116.7906 -18.1021 170.3125
12.9113 183 157 -117.2240 -13.1582 170.3125
12.9125 187 152 -117.7029 -17.6138 170.3125
12.9138 180 159 -118.0394 -10.5947 170.3125
12.9151 182 158 -118.4384 -11.6934 170.3125
12.9163 181 159 -118.8234 -11.1440 170.3125
12.9176 184 156 -119.2313 -13.7075 170.3125
12.9189 182 157 -119.5735 -12.5479 170.3125
12.9201 186 153 -119.9857 -16.3320 170.3125
12.9214 179 161 -120.3037 -9.0688 170.3125
12.9226 176 163 -120.5825 -6.3833 170.3125
12.9239 166 174 -120.7002 3.9927 170.3125
12.9251 191 149 -121.1208 -21.0928 170.3125
12.9264 179 161 -121.3830 -8.7026 170.3125
12.9277 177 163 -121.6219 -7.0547 170.3125
12.9290 173 166 -121.7834 -3.3926 170.3125
12.9302 187 154 -122.1017 -16.3320 171.0938
12.9315 179 162 -122.3163 -8.2754 171.0938
12.9328 181 160 -122.5494 -10.1675 171.0938
12.9341 179 162 -122.7070 -8.6416 171.0938
12.9354 186 155 -122.9446 -15.1113 171.0938
12.9367 189 152 -123.2231 -18.3462 171.0938
12.9380 193 148 -123.5501 -22.6797 171.0938
12.9393 188 154 -123.7009 -17.0034 171.0938
12.9406 183 158 -123.7878 -12.8530 171.0938
12.9419 175 166 -123.7739 -4.7964 171.0938
12.9431 182 159 -123.8431 -11.5713 171.0938
12.9444 183 158 -123.7840 -12.7310 171.0938
12.9457 188 154 -123.7792 -17.0645 171.0938
12.9470 187 155 -123.7576 -15.9658 171.0938
12.9483 183 158 -123.6959 -12.3647 171.0938
12.9495 185 156 -123.4957 -14.4399 171.0938
12.9508 189 153 -123.3436 -17.9800 171.0938
12.9521 179 162 -123.0757 -8.3975 171.0938
12.9534 187 154 -122.9129 -16.1489 171.0938
12.9547 185 157 -122.5940 -13.9517 171.0938
12.9559 183 158 -122.2604 -12.1816 171.0938
12.9572 184 157 -121.9522 -13.7686 171.0938
12.9585 186 155 -121.6666 -15.7827 171.0938
12.9598 185 156 -121.3276 -14.3789 171.0938
12.9610 192 149 -121.0829 -21.6421 171.0938
12.9623 188 153 -120.7983 -17.5527 171.0938
12.9636 187 155 -120.5472 -16.0269 171.0938
12.9649 182 159 -120.2471 -11.4492 171.0938
12.9662 184 157 -119.9702 -13.0972 171.0938
12.9675 198 143 -119.8876 -27.7456 171.0938
12.9688 192 149 -119.8641 -21.3979 171.0938
12.9701 182 159 -119.7209 -11.2661 171.0938
12.9713 191 150 -119.6817 -20.1162 171.0938
12.9726 187 154 -119.5993 -16.3931 171.0938
12.9739 184 157 -119.7038 -13.2803 171.0938
12.9752 195 146 -119.9478 -24.6328 171.0938
12.9765 199 143 -120.2323 -28.0508 171.0938
12.9778 196 145 -120.4745 -25.6094 171.0938
12.9791 186 155 -120.8558 -15.7217 171.0938
12.9803 190 151 -121.2651 -19.3838 171.0938
12.9817 192 150 -121.7045 -20.9097 171.0938
12.9830 192 149 -122.1361 -21.7642 171.0938
12.9843 198 148 -122.8653 -24.7549 173.4375
12.9855 195 151 -123.5453 -22.4355 173.4375
12.9868 189 157 -124.1324 -16.1489 173.4375
12.9881 207 139 -124.9332 -34.1543 173.4375
12.9894 206 140 -125.9707 -32.7505 173.4375
12.9907 199 147 -126.8870 -26.4028 173.4375
12.9920 195 151 -127.7315 -22.3135 173.4375
12.9932 199 147 -128.7738 -26.2808 173.4375
12.9945 205 141 -129.8860 -32.2622 173.4375
12.9958 203 143 -130.9417 -29.8208 173.4375
12.9971 206 140 -132.0240 -33.4219 173.4375
12.9983 206 140 -133.1905 -33.2388 173.4375
12.9996 206 140 -134.3283 -32.7505 173.4375
13.0009 208 138 -135.4687 -35.1309 173.4375
13.0022 204 141 -136.5490 -31.5298 173.4375
13.0035 212 133 -137.7523 -39.4644 173.4375
13.0048 211 135 -138.9007 -38.0605 173.4375
13.0060 211 135 -140.0163 -37.8164 173.4375
13.0073 207 139 -141.0654 -33.9102 173.4375
13.0086 206 140 -142.0599 -32.6284 173.4375
13.0098 205 141 -143.0209 -31.7739 173.4375
13.0111 206 140 -143.9848 -33.4219 173.4375
13.0123 212 133 -145.0025 -39.4644 173.4375
13.0136 203 142 -145.8494 -30.5532 173.4375
13.0148 205 141 -146.6875 -31.6519 173.4375
13.0161 207 139 -147.5339 -33.7881 173.4375
13.0173 211 135 -148.4111 -37.6333 173.4375
13.0185 216 130 -149.3094 -43.2485 173.4375
13.0198 218 128 -150.2149 -45.2627 173.4375
13.0210 212 133 -151.0321 -39.5254 173.4375
13.0222 223 123 -151.9646 -50.3896 173.4375
13.0235 214 132 -152.7694 -40.9902 173.4375
13.0248 209 137 -153.5000 -36.0464 173.4375
13.0261 212 133 -154.2615 -39.4644 173.4375
13.0273 207 138 -154.9454 -34.5205 173.4375
13.0286 218 128 -155.7588 -44.8965 173.4375
13.0299 230 116 -156.7038 -56.8594 173.4375
13.0312 217 129 -157.4749 -43.7979 173.4375
13.0324 213 133 -158.1703 -39.7695 173.4375
13.0337 210 136 -158.8574 -37.0840 173.4375
13.0350 216 130 -159.6010 -43.0654 173.4375
13.0363 220 126 -160.3856 -47.3379 173.4375
13.0375 218 128 -161.1240 -44.7744 173.4375
13.0388 222 119 -161.9491 -51.6104 171.0938
13.0401 226 115 -162.8268 -55.2725 171.0938
13.0414 218 123 -163.5820 -47.2769 171.0938
13.0427 218 123 -164.2972 -47.7651 171.0938
13.0440 223 118 -165.0797 -52.1597 171.0938
13.0453 212 129 -165.7189 -41.2954 171.0938
13.0466 217 125 -166.3884 -45.9951 171.0938
13.0479 215 126 -167.0344 -44.7744 171.0938
13.0492 219 122 -167.7031 -48.3755 171.0938
13.0505 219 122 -168.3535 -48.1313 171.0938
13.0517 220 121 -168.9910 -49.2910 171.0938
13.0530 216 125 -169.5570 -45.8730 171.0938
13.0543 219 122 -170.1465 -48.4976 171.0938
13.0556 220 121 -170.7343 -49.1689 171.0938
13.0568 209 132 -171.1675 -38.3657 171.0938
13.0581 212 129 -171.5981 -41.7227 171.0938
13.0594 208 134 -171.9536 -37.0229 171.0938
13.0607 215 127 -172.3956 -44.0420 171.0938
13.0619 203 139 -172.6729 -32.0181 171.0938
13.0632 210 131 -172.9960 -39.4644 171.0938
13.0645 211 130 -173.3175 -40.3188 171.0938
13.0658 206 136 -173.5594 -35.0698 171.0938
13.0671 207 134 -173.8344 -36.3516 171.0938
13.0684 212 129 -174.0886 -41.6006 171.0938
13.0697 204 138 -174.2130 -33.0557 171.0938
13.0710 208 133 -174.3983 -37.5112 171.0938
13.0723 212 129 -174.6390 -41.9058 171.0938
13.0735 214 127 -174.7984 -43.3096 171.0938
13.0748 210 131 -174.9119 -39.4033 171.0938
13.0761 219 122 -175.1371 -48.4365 171.0938
13.0774 214 127 -175.2835 -43.5537 171.0938
13.0787 211 130 -175.3306 -40.1357 171.0938
13.0799 216 125 -175.4312 -45.2627 171.0938
13.0812 213 128 -175.4988 -42.2720 171.0938
13.0825 210 131 -175.5193 -39.0981 171.0938
13.0838 210 131 -175.5190 -39.5254 171.0938
13.0850 213 128 -175.5487 -42.4551 171.0938
13.0863 223 118 -175.6968 -52.4038 171.0938
13.0875 220 121 -175.8313 -49.5352 171.0938
13.0888 217 124 -175.9423 -46.3613 171.0938
13.0901 210 131 -175.9582 -39.4644 171.0938
13.0914 220 122 -176.1090 -48.9248 171.0938
13.0927 216 125 -176.2966 -45.2017 171.0938
13.0940 216 127 -176.4712 -44.5913 171.8750
13.0952 218 125 -176.6567 -46.3613 171.8750
13.0965 218 124 -176.8599 -47.0938 171.8750
13.0978 224 119 -177.2814 -52.5259 171.8750
13.0991 220 122 -177.6487 -48.9248 171.8750
13.1004 229 113 -178.1368 -58.0801 171.8750
13.1017 233 110 -178.6467 -61.3149 171.8750
13.1030 227 115 -179.2728 -55.8828 171.8750
13.1043 217 125 -179.7489 -45.9951 171.8750
13.1055 222 120 -180.2769 -50.8779 171.8750
13.1068 224 119 -180.8151 -52.3428 171.8750
13.1081 224 118 -181.5874 -52.8921 171.8750
13.1094 232 111 -182.4315 -60.4604 171.8750
13.1107 225 118 -183.1877 -53.3804 171.8750
13.1120 233 109 -184.0213 -61.9863 171.8750
13.1133 230 113 -185.0014 -58.8125 171.8750
13.1146 229 114 -185.9611 -57.4087 171.8750
13.1158 227 115 -186.8646 -55.8828 171.8750
13.1171 225 118 -187.8322 -53.6245 171.8750
13.1184 222 120 -188.8496 -50.8779 171.8750
13.1197 223 119 -189.8474 -52.0986 171.8750
13.1210 216 127 -190.7518 -44.2251 171.8750
13.1222 231 111 -191.8729 -59.9111 171.8750
13.1235 212 131 -192.8370 -40.8682 171.8750
13.1248 224 119 -193.9299 -52.6479 171.8750
13.1261 210 132 -194.8308 -39.0981 171.8750
13.1273 211 132 -195.8144 -39.4033 171.8750
13.1286 220 123 -196.8954 -48.8638 171.8750
13.1299 214 128 -197.8825 -42.8823 171.8750
13.1312 215 128 -198.8573 -43.4316 171.8750
13.1324 210 133 -199.7811 -38.8540 171.8750
13.1337 204 139 -200.6026 -32.2622 171.8750
13.1350 201 142 -201.3789 -29.2104 171.8750
13.1363 204 139 -202.1750 -32.6895 171.8750
13.1375 205 138 -202.8991 -33.7881 171.8750
13.1388 198 145 -203.5151 -26.5859 171.8750
13.1401 195 147 -204.0893 -23.9614 171.8750
13.1413 192 151 -204.6103 -20.7876 171.8750
13.1426 204 139 -205.1376 -32.8726 171.8750
13.1439 203 139 -205.6343 -31.9570 171.8750
13.1451 189 153 -205.9475 -17.9189 171.8750
13.1464 191 152 -206.2877 -19.6890 171.8750
13.1477 190 153 -206.4322 -18.6514 171.8750
13.1490 191 151 -206.5847 -19.9331 171.8750
13.1503 189 153 -206.7174 -17.9800 171.0938
13.1516 185 157 -206.7925 -13.9517 171.0938
13.1528 186 155 -206.7397 -15.2334 171.0938
13.1541 184 157 -206.6661 -13.3413 171.0938
13.1554 186 155 -206.6162 -15.2334 171.0938
13.1566 182 159 -206.5215 -11.6934 171.0938
13.1579 188 154 -206.4066 -17.0034 171.0938
13.1591 192 150 -206.3418 -20.9707 171.0938
13.1604 184 157 -206.1887 -13.2803 171.0938
13.1616 191 151 -206.1226 -20.0552 171.0938
13.1629 196 146 -206.1090 -25.0601 171.0938
13.1642 187 154 -205.9914 -16.6372 171.0938
13.1654 195 146 -205.9730 -24.5107 171.0938
13.1667 188 153 -205.8701 -17.6138 171.0938
13.1679 195 146 -205.9062 -24.8159 171.0938
13.1692 196 145 -205.9487 -25.3652 171.0938
13.1705 191 150 -205.9332 -20.7266 171.0938
13.1717 200 141 -206.1585 -29.5767 171.0938
13.1730 201 140 -206.3679 -30.2480 171.0938
13.1743 204 137 -206.6153 -33.6050 171.0938
13.1755 211 130 -206.9405 -40.3188 171.0938
13.1768 206 136 -207.3550 -35.0088 171.0938
13.1780 214 127 -207.8778 -43.8589 171.0938
13.1793 214 127 -208.3818 -43.1265 171.0938
13.1806 217 125 -208.9106 -45.9951 171.0938
13.1818 215 127 -209.6035 -43.9199 171.0938
13.1831 223 118 -210.3933 -52.7700 171.0938
13.1843 225 116 -211.1990 -54.8452 171.0938
13.1856 233 108 -212.0891 -62.4136 171.0938
13.1869 226 115 -213.0738 -55.1504 171.0938
13.1882 228 113 -214.0643 -57.6528 171.0938
13.1895 224 117 -215.0296 -53.4414 171.0938
13.1909 230 111 -216.0615 -59.8501 171.0938
13.1922 230 112 -217.1813 -59.0566 171.0938
13.1935 224 117 -218.2176 -53.3804 171.0938
13.1949 233 108 -219.3676 -62.7798 171.0938
13.1962 231 110 -220.4251 -60.2163 171.0938
13.1975 233 108 -221.5710 -62.4136 171.0938
13.1988 235 106 -222.6935 -64.4888 171.0938
13.2000 229 112 -223.7093 -58.3242 171.0938
13.2013 218 124 -224.5744 -47.0938 171.0938
13.2026 225 116 -225.4729 -54.2349 171.0938
13.2038 226 116 -226.3725 -55.0283 171.0938
13.2051 231 111 -227.3114 -60.0332 171.0938
13.2064 231 110 -228.1929 -60.6436 171.0938
13.2077 217 124 -228.8318 -46.8496 171.0938
13.2090 236 105 -229.7312 -65.3433 171.0938
13.2104 236 107 -230.5889 -64.7329 171.8750
13.2117 225 118 -231.1635 -53.5024 171.8750
13.2130 230 113 -231.7629 -58.1411 171.8750
13.2143 224 119 -232.2692 -52.7090 171.8750
13.2155 224 119 -232.7682 -52.6479 171.8750
13.2168 226 116 -233.1639 -54.9062 171.8750
13.2181 227 116 -233.5702 -55.4556 171.8750
13.2194 223 120 -233.8988 -51.2441 171.8750
13.2207 226 117 -234.2666 -54.4180 171.8750
13.2220 217 126 -234.4079 -45.3237 171.8750
13.2233 218 125 -234.5773 -46.6665 171.8750
13.2245 212 130 -234.6678 -41.1123 171.8750
13.2258 218 125 -234.8247 -46.1782 171.8750
13.2271 217 126 -234.9174 -45.3848 171.8750
13.2284 210 133 -234.9303 -38.7930 171.8750
13.2297 214 129 -234.9816 -42.3940 171.8750
13.2310 212 131 -235.0063 -40.5630 171.8750
13.2322 212 131 -235.0470 -40.1357 171.8750
13.2335 213 130 -235.1128 -41.5396 171.8750
13.2348 210 132 -235.1412 -38.9150 171.8750
13.2361 204 139 -235.0837 -32.3843 171.8750
13.2374 211 131 -235.1936 -39.9526 171.8750
13.2386 202 141 -235.1869 -30.3701 171.8750
13.2399 203 139 -235.2067 -32.0181 171.8750
13.2412 205 137 -235.3830 -33.9712 171.8750
13.2425 195 147 -235.4232 -23.9004 171.8750
13.2438 197 146 -235.4875 -25.4873 171.8750
13.2450 208 135 -235.6840 -36.2905 171.8750
13.2463 205 138 -236.0104 -33.5439 171.8750
13.2476 199 144 -236.2558 -27.3184 171.8750
13.2489 198 145 -236.4909 -26.7080 171.8750
13.2502 198 144 -236.7232 -26.8911 171.8750
13.2515 195 148 -237.0886 -23.5342 171.8750
13.2527 197 146 -237.4600 -25.1821 171.8750
13.2540 198 144 -237.8522 -26.8911 171.8750
13.2553 197 145 -238.2203 -26.0977 171.8750
13.2566 202 141 -238.8062 -30.1260 171.8750
13.2579 199 144 -239.3475 -27.6846 171.8750
13.2592 194 148 -239.8156 -22.9849 171.8750
13.2604 194 149 -240.2648 -22.2524 171.8750
13.2617 199 143 -240.8859 -27.9897 171.8750
13.2630 192 151 -241.4068 -20.3604 171.8750
13.2643 191 151 -241.9082 -20.0552 171.8750
13.2656 191 152 -242.3873 -19.3228 171.8750
13.2669 185 158 -242.8538 -13.8296 171.8750
13.2681 186 157 -243.3173 -14.8672 171.8750
13.2694 195 147 -243.8902 -23.9004 171.8750
13.2707 187 156 -244.3501 -15.7827 171.8750
13.2720 186 157 -244.7703 -14.3179 171.8750
13.2732 185 158 -245.1721 -13.6465 171.8750
13.2746 182 161 -245.5321 -10.5947 171.8750
13.2758 185 158 -245.8592 -13.3413 171.8750
13.2771 181 161 -246.1518 -9.9844 171.8750
13.2784 184 159 -246.4662 -12.3647 171.8750
13.2797 179 163 -246.7235 -8.0923 171.8750
13.2810 186 157 -246.9617 -14.3179 171.8750
13.2823 182 160 -247.1799 -10.8999 171.8750
13.2835 182 161 -247.3852 -10.4727 171.8750
13.2848 168 175 -247.4124 3.4434 171.8750
13.2861 182 160 -247.5753 -11.0830 171.8750
13.2874 174 169 -247.6281 -2.5381 171.8750
13.2887 174 169 -247.6808 -2.6602 171.8750
13.2900 177 166 -247.7679 -5.4067 171.8750
13.2912 171 172 -247.7601 0.5137 171.8750
13.2925 180 163 -247.8614 -8.1533 171.8750
13.2938 173 170 -247.8752 -1.3784 171.8750
13.2951 172 170 -247.8829 -0.8901 171.8750
13.2963 181 161 -247.9974 -9.9844 171.8750
13.2976 175 168 -248.0261 -3.2095 171.8750
13.2989 178 164 -248.1020 -7.0547 171.8750
13.3001 175 167 -248.1380 -4.0029 171.8750
13.3014 178 165 -248.2081 -6.2612 171.8750
13.3027 172 170 -248.2113 -0.9512 171.8750
13.3040 177 166 -248.2735 -5.5898 171.8750
13.3053 175 168 -248.3109 -3.8198 171.8750
13.3065 175 168 -248.3345 -3.8198 171.8750
13.3079 181 161 -248.4413 -10.1064 171.8750
13.3091 175 168 -248.4558 -3.3315 171.8750
13.3104 172 170 -248.4416 -1.0122 171.8750
13.3117 174 168 -248.4248 -2.9653 171.8750
13.3130 183 160 -248.5206 -11.6934 171.8750
13.3142 176 167 -248.5239 -4.7354 171.8750
13.3155 185 157 -248.6258 -13.9517 171.8750
13.3168 178 165 -248.6086 -6.8105 171.8750
13.3181 183 161 -248.6503 -11.0830 172.6562
13.3194 180 165 -248.6396 -7.3599 172.6562
13.3207 181 163 -248.5968 -9.1299 172.6562
13.3220 181 164 -248.5438 -8.5195 172.6562
13.3233 185 159 -248.5435 -12.7920 172.6562
13.3246 183 161 -248.5247 -10.9609 172.6562
13.3258 185 159 -248.4635 -12.6699 172.6562
13.3271 180 165 -248.3423 -7.5430 172.6562
13.3284 185 159 -248.2900 -13.0361 172.6562
13.3297 181 163 -248.1982 -9.1299 172.6562
13.3310 176 168 -247.9813 -3.8198 172.6562
13.3323 181 163 -247.8300 -8.8247 172.6562
13.3336 179 165 -247.6626 -7.0547 172.6562
13.3349 181 163 -247.5182 -8.7637 172.6562
13.3362 180 164 -247.3260 -7.7871 172.6562
13.3375 184 161 -247.1818 -11.5103 172.6562
13.3387 179 165 -246.9841 -7.0547 172.6562
13.3400 177 167 -246.7691 -5.2847 172.6562
13.3413 183 162 -246.6060 -10.6558 172.6562
13.3426 183 161 -246.4544 -10.8389 172.6562
13.3438 172 172 -246.1703 -0.1577 172.6562
13.3451 167 177 -245.8291 4.7861 172.6562
13.3464 176 168 -245.6249 -4.0029 172.6562
13.3476 180 164 -245.4735 -7.8481 172.6562
13.3489 178 166 -245.3055 -6.3223 172.6562
13.3502 169 175 -245.0269 2.9551 172.6562
13.3515 178 167 -244.9160 -5.5288 172.6562
13.3528 173 171 -244.7508 -0.9512 172.6562
13.3540 177 167 -244.6431 -5.2847 172.6562
13.3553 167 177 -244.4566 4.6641 172.6562
13.3566 177 167 -244.4542 -5.0405 172.6562
13.3579 174 170 -244.4169 -2.1719 172.6562
13.3591 177 167 -244.4153 -5.0405 172.6562
13.3604 165 179 -244.4042 6.8003 172.6562
13.3617 178 167 -244.5487 -5.5898 172.6562
13.3630 173 171 -244.6317 -0.8901 172.6562
13.3643 175 170 -244.7309 -2.3550 172.6562
13.3656 180 164 -245.0488 -7.6650 172.6562
13.3668 172 173 -245.2574 0.4526 172.6562
13.3681 180 165 -245.5620 -7.4819 172.6562
13.3694 180 164 -245.8673 -8.2144 172.6562
13.3707 179 165 -246.3054 -7.2988 172.6562
13.3720 182 163 -246.7586 -9.4961 172.6562
13.3732 183 162 -247.2181 -10.5947 172.6562
13.3745 171 175 -247.5073 2.2837 173.4375
13.3758 176 169 -247.9693 -3.5146 173.4375
13.3771 171 175 -248.3488 2.2837 173.4375
13.3783 182 164 -248.8575 -8.7026 173.4375
13.3796 177 169 -249.2936 -3.6978 173.4375
13.3809 179 167 -249.8076 -6.0781 173.4375
13.3821 173 173 -250.2378 -0.1577 173.4375
13.3834 177 169 -250.7060 -3.8809 173.4375
13.3846 180 166 -251.2007 -6.8716 173.4375
13.3859 167 179 -251.5266 5.8848 173.4375
13.3872 170 176 -251.8788 3.3213 173.4375
13.3885 178 168 -252.3257 -4.7354 173.4375
13.3898 177 169 -252.7506 -3.8198 173.4375
13.3910 178 168 -253.1590 -4.9795 173.4375
13.3923 170 176 -253.4616 2.8330 173.4375
13.3936 171 175 -253.7697 1.8564 173.4375
13.3949 169 177 -254.0329 4.1758 173.4375
13.3962 169 177 -254.2706 3.6875 173.4375
13.3975 167 179 -254.4714 6.1289 173.4375
13.3987 173 173 -254.7452 0.1475 173.4375
13.4000 170 176 -254.9572 2.7720 173.4375
13.4013 170 176 -255.1596 3.1992 173.4375
13.4026 167 179 -255.3280 5.7017 173.4375
13.4039 169 177 -255.5116 4.1147 173.4375
13.4051 166 180 -255.6474 7.1055 173.4375
13.4064 171 175 -255.8410 2.1616 173.4375
13.4077 169 177 -256.0091 3.8706 173.4375
13.4090 168 178 -256.1617 4.8472 173.4375
13.4103 160 186 -256.2083 13.2090 173.4375
13.4116 162 184 -256.2821 11.3779 173.4375
13.4129 164 182 -256.3828 9.1807 173.4375
13.4141 168 178 -256.5375 4.6030 173.4375
13.4154 159 187 -256.5976 13.5752 173.4375
13.4167 163 183 -256.6970 10.0352 173.4375
13.4180 165 181 -256.8221 8.0210 173.4375
13.4193 172 173 -257.0385 0.4526 173.4375
13.4206 180 166 -257.3668 -6.6274 173.4375
13.4218 168 178 -257.5401 5.3965 173.4375
13.4231 167 179 -257.7028 6.0068 173.4375
13.4244 163 183 -257.8168 9.7300 173.4375
13.4256 170 176 -258.0398 3.0771 173.4375
13.4269 172 174 -258.2856 0.8188 173.4375
13.4281 182 164 -258.6423 -8.6416 173.4375
13.4294 165 181 -258.7807 8.2041 173.4375
13.4307 171 172 -259.0411 0.3306 171.8750
13.4319 174 169 -259.3299 -2.4160 171.8750
13.4332 164 178 -259.4964 7.0444 171.8750
13.4345 161 182 -259.6081 10.8286 171.8750
13.4357 175 168 -259.9060 -3.5146 171.8750
13.4370 167 176 -260.0986 4.6030 171.8750
13.4383 167 176 -260.2823 4.7251 171.8750
13.4396 162 181 -260.3958 9.8521 171.8750
13.4409 170 173 -260.6046 1.5513 171.8750
13.4421 163 179 -260.7300 7.9600 171.8750
13.4434 170 173 -260.9335 1.4292 171.8750
13.4447 171 172 -261.1198 0.1475 171.8750
13.4460 175 167 -261.3557 -4.0640 171.8750
13.4473 168 175 -261.4921 3.5044 171.8750
13.4485 167 176 -261.6103 4.7251 171.8750
13.4498 165 177 -261.6687 5.9458 171.8750
13.4510 172 170 -261.8106 -0.9512 171.8750
13.4523 168 175 -261.8958 3.4434 171.8750
13.4536 167 175 -261.9707 4.0537 171.8750
13.4548 172 170 -262.0388 -0.9512 171.8750
13.4561 169 174 -262.0658 2.2837 171.8750
13.4573 168 175 -262.0763 3.5654 171.8750
13.4586 170 173 -262.1122 1.4902 171.8750
13.4599 170 173 -262.0731 1.4292 171.8750
13.4612 165 178 -261.9719 6.5562 171.8750
13.4624 170 173 -261.9308 1.8564 171.8750
13.4637 169 173 -261.8889 1.9785 171.8750
13.4650 171 172 -261.7869 0.4526 171.8750
13.4662 161 182 -261.5670 10.1572 171.8750
13.4675 172 170 -261.4896 -1.0122 171.8750
13.4688 172 170 -261.4125 -0.8901 171.8750
13.4700 167 176 -261.2069 4.1758 171.8750
13.4713 166 177 -260.9865 5.5796 171.8750
13.4726 167 176 -260.7871 4.3589 171.8750
13.4738 158 185 -260.4830 13.2090 171.8750
13.4751 152 191 -260.0674 19.1904 171.8750
13.4764 164 179 -259.8035 7.5938 171.8750
13.4776 165 178 -259.5610 6.3120 171.8750
13.4789 164 179 -259.3064 7.5327 171.8750
13.4801 158 185 -258.9753 13.2700 171.8750
13.4814 160 183 -258.6751 11.1948 171.8750
13.4827 155 188 -258.3185 16.2607 171.8750
13.4839 151 191 -257.9219 20.0449 171.8750
13.4852 161 182 -257.6535 10.6455 171.8750
13.4865 155 185 -257.3384 14.8569 170.3125
13.4878 153 187 -256.9943 17.2373 170.3125
13.4891 148 192 -256.5969 22.1201 170.3125
13.4904 158 182 -256.3584 11.9883 170.3125
13.4916 161 178 -256.1712 8.5093 170.3125
13.4929 152 188 -255.8676 18.2139 170.3125
13.4941 154 185 -255.6039 15.3452 170.3125
13.4954 147 193 -255.2777 23.0967 170.3125
13.4967 151 188 -255.0169 18.3970 170.3125
13.4979 145 194 -254.6850 24.6226 170.3125
13.4992 153 187 -254.4954 16.8711 170.3125
13.5005 144 195 -254.2118 25.4771 170.3125
13.5018 142 197 -253.8920 27.6133 170.3125
13.5031 140 199 -253.5564 29.6274 170.3125
13.5043 142 198 -253.3166 27.7964 170.3125
13.5056 152 187 -253.2030 17.5425 170.3125
13.5068 146 193 -253.0202 23.4019 170.3125
13.5081 139 201 -252.7421 30.7871 170.3125
13.5094 144 196 -252.5885 25.7822 170.3125
13.5107 135 205 -252.3263 34.6934 170.3125
13.5120 138 202 -252.1104 31.7637 170.3125
13.5132 136 203 -251.8739 33.5337 170.3125
13.5145 137 202 -251.7102 32.5571 170.3125
13.5158 135 205 -251.5178 35.1206 170.3125
13.5170 137 203 -251.3566 32.9844 170.3125
13.5183 134 206 -251.1495 35.9751 170.3125
13.5196 137 203 -251.0334 33.0454 170.3125
13.5208 135 204 -250.8908 34.6323 170.3125
13.5221 129 211 -250.6828 41.1021 170.3125
13.5234 132 208 -250.5045 37.9282 170.3125
13.5246 139 201 -250.4355 30.8481 170.3125
13.5259 133 207 -250.2918 36.8906 170.3125
13.5271 126 214 -250.0616 44.1538 170.3125
13.5284 130 209 -249.8942 39.4541 170.3125
13.5296 129 211 -249.6847 41.1631 170.3125
13.5309 130 210 -249.4762 40.3086 170.3125
13.5322 126 213 -249.2502 43.3604 170.3125
13.5334 125 215 -248.9932 44.8252 170.3125
13.5347 115 225 -248.5724 55.0181 170.3125
13.5360 116 224 -248.1744 53.7363 170.3125
13.5372 123 217 -247.8718 47.2056 170.3125
13.5386 123 217 -247.5477 46.7783 170.3125
13.5399 123 216 -247.1904 46.3511 170.3125
13.5412 113 227 -246.6808 57.0322 170.3125
13.5424 117 223 -246.2596 52.7598 170.3125
13.5437 114 225 -245.7480 55.3843 170.3125
13.5450 117 222 -245.2422 52.5156 170.3125
13.5463 110 230 -244.6479 59.9619 170.3125
13.5476 115 224 -244.1385 54.4077 170.3125
13.5489 117 223 -243.5027 52.8208 170.3125
13.5502 113 226 -242.8564 56.4829 170.3125
13.5515 111 229 -242.1814 59.0464 170.3125
13.5528 104 236 -241.4372 66.0044 170.3125
13.5540 108 232 -240.6049 61.7319 170.3125
13.5553 107 232 -239.7697 62.6475 170.3125
13.5566 101 239 -238.8804 69.1172 170.3125
13.5579 96 243 -237.9457 73.4507 170.3125
13.5591 102 237 -236.9516 67.4082 170.3125
13.5604 104 236 -235.9919 66.1875 170.3125
13.5617 95 244 -234.9465 74.4272 170.3125
13.5629 92 247 -233.8849 77.6621 170.3125
13.5642 95 245 -232.7280 74.8545 170.3125
13.5655 92 247 -231.5552 77.6011 170.3125
13.5667 102 238 -230.5217 68.0796 170.3125
13.5680 98 242 -229.4528 72.2300 170.3125
13.5693 91 248 -228.2350 78.3335 170.3125
13.5706 100 240 -227.1345 70.1548 170.3125
13.5718 100 240 -226.0722 70.0327 170.3125
13.5731 93 246 -224.9403 76.6245 170.3125
13.5744 93 247 -223.7781 77.2349 170.3125
13.5757 91 249 -222.6033 79.2490 170.3125
13.5769 93 246 -221.4950 76.4414 170.3125
13.5782 92 247 -220.3924 77.4180 170.3125
13.5795 85 255 -219.2097 84.8643 170.3125
13.5808 84 255 -217.9919 85.4136 170.3125
13.5821 79 260 -216.7842 90.5405 170.3125
13.5834 76 263 -215.5131 93.3481 170.3125
13.5846 89 251 -214.4495 81.2021 170.3125
13.5859 81 259 -213.3033 89.2588 170.3125
13.5872 73 267 -212.0926 97.0713 170.3125
13.5884 78 262 -210.9023 92.2495 170.3125
13.5897 77 263 -209.7252 93.0430 170.3125
13.5910 71 268 -208.4965 98.6582 170.3125
13.5922 66 274 -207.2505 103.9683 170.3125
13.5935 66 274 -205.8793 103.8462 170.3125
13.5947 76 264 -204.6824 93.9585 170.3125
13.5960 71 269 -203.4355 98.8413 170.3125
13.5972 66 274 -202.1714 103.7241 170.3125
13.5985 61 278 -200.6552 108.6069 170.3125
13.5998 72 268 -199.2679 98.2310 170.3125
13.6011 64 276 -197.8483 106.1655 170.3125
13.6023 60 279 -196.4051 109.3394 170.3125
13.6036 63 277 -194.8134 107.1421 170.3125
13.6049 66 273 -193.2457 103.6021 170.3125
13.6061 61 279 -191.7041 109.1562 170.3125
13.6074 52 287 -190.0757 117.4570 170.3125
13.6087 60 279 -188.3899 109.6445 170.3125
13.6099 59 281 -186.7026 111.2925 170.3125
13.6112 57 283 -185.0343 113.2456 170.3125
13.6125 59 281 -183.3990 111.2925 170.3125
13.6138 64 275 -181.7579 105.4331 170.3125
13.6150 63 277 -180.1364 107.1421 170.3125
13.6163 57 283 -178.4756 113.0015 170.3125
13.6176 57 283 -176.8495 112.9404 170.3125
13.6189 56 283 -175.1581 113.3677 170.3125
13.6201 59 281 -173.5873 110.9263 170.3125
13.6214 59 280 -172.0340 110.3770 170.3125
13.6226 52 287 -170.4264 117.5791 170.3125
13.6239 57 282 -168.9181 112.4521 170.3125
13.6252 51 288 -167.3125 118.4336 170.3125
13.6265 54 286 -165.8217 116.0532 170.3125
13.6277 64 275 -164.4772 105.6162 170.3125
13.6290 72 268 -163.3005 97.7427 170.3125
13.6303 61 279 -161.9383 109.0342 170.3125
13.6316 71 269 -160.7517 99.1465 170.3125
13.6329 79 261 -159.6743 91.0288 170.3125
13.6342 65 274 -158.4598 104.3345 170.3125
13.6355 72 268 -157.3878 97.9258 170.3125
13.6368 83 257 -156.4592 87.3057 170.3125
13.6380 72 268 -155.4638 97.7427 170.3125
13.6393 80 259 -154.5439 89.5640 170.3125
13.6406 81 258 -153.6649 88.5874 170.3125
13.6419 72 267 -152.6788 97.6206 170.3125
13.6432 77 263 -151.7333 92.9209 170.3125
13.6445 87 253 -150.9405 82.9111 170.3125
13.6457 84 256 -150.1279 85.9629 170.3125
13.6470 84 256 -149.3193 85.9019 170.3125
13.6483 91 249 -148.5298 78.8828 170.3125
13.6496 95 244 -147.8368 74.4883 170.3125
13.6509 91 248 -147.1172 78.3945 170.3125
13.6521 88 252 -146.3556 81.8735 170.3125
13.6534 90 249 -145.5393 79.3711 170.3125
13.6547 89 251 -144.7281 80.8359 170.3125
13.6559 92 248 -143.9814 77.8452 170.3125
13.6572 97 242 -143.2946 72.4741 170.3125
13.6585 90 249 -142.4054 79.6152 170.3125
13.6598 97 242 -141.6125 72.4131 170.3125
13.6610 93 246 -140.7948 76.4414 170.3125
13.6623 94 246 -139.9898 76.1362 170.3125
13.6636 97 243 -139.1167 73.2676 170.3125
13.6648 97 243 -138.2593 73.2676 170.3125
13.6661 95 245 -137.3920 75.0376 170.3125
13.6674 95 245 -136.5422 74.7935 170.3125
13.6687 95 244 -135.5311 74.6104 170.3125
13.6700 104 235 -134.6728 65.3330 170.3125
13.6713 98 241 -133.7571 71.6196 170.3125
13.6726 95 244 -132.8345 74.4272 170.3125
13.6738 102 238 -131.8504 68.0796 170.3125
13.6751 101 238 -130.8813 68.5679 170.3125
13.6764 92 247 -129.8411 77.4180 170.3125
13.6777 87 253 -128.6022 83.0942 170.3125
13.6790 94 245 -127.4716 75.6479 170.3125
13.6802 92 248 -126.3461 77.7842 170.3125
13.6815 100 239 -125.3724 69.4224 170.3125
13.6827 89 251 -124.1537 80.9580 170.3125
13.6840 88 252 -122.9601 82.1177 170.3125
13.6852 95 244 -121.8689 74.4883 170.3125
13.6866 91 248 -120.7210 78.3945 170.3125
13.6878 94 246 -119.5697 75.7700 170.3125
13.6891 92 247 -118.3983 77.6011 170.3125
13.6903 95 244 -117.3099 74.5493 170.3125
13.6916 91 248 -116.1783 78.3945 170.3125
13.6929 90 250 -115.0172 79.7983 170.3125
13.6942 91 248 -113.8874 78.5166 170.3125
13.6954 93 247 -112.8045 76.8687 170.3125
13.6967 91 249 -111.7103 79.0659 170.3125
13.6980 100 239 -110.7542 69.3613 170.3125
13.6992 93 247 -109.7189 77.1128 170.3125
13.7005 92 248 -108.6980 78.2114 170.3125
13.7018 91 249 -107.6767 79.1880 170.3125
13.7030 94 246 -106.7505 75.8311 170.3125
13.7043 89 251 -105.7621 80.7749 170.3125
13.7056 94 246 -104.8828 75.7700 170.3125
13.7069 96 243 -104.0177 73.5117 170.3125
13.7082 95 244 -103.2416 74.4883 170.3125
13.7095 110 230 -102.6554 60.2671 170.3125
13.7107 106 233 -102.0535 63.5630 170.3125
13.7120 94 245 -101.2920 75.4038 170.3125
13.7133 96 243 -100.6486 73.4507 170.3125
13.7146 103 236 -100.1218 66.6758 170.3125
13.7158 95 245 -99.5021 75.0986 170.3125
13.7171 101 239 -98.9734 68.9341 170.3125
13.7184 99 240 -98.4820 70.3989 170.3125
13.7197 107 233 -98.1075 62.7695 170.3125
13.7209 100 239 -97.6677 69.5444 170.3125
13.7222 112 228 -97.4576 57.8257 170.3125
13.7235 103 236 -97.1227 66.4927 170.3125
13.7248 96 244 -96.7107 73.7559 170.3125
13.7261 110 230 -96.4608 59.8398 170.3125
13.7274 118 222 -96.3898 52.0273 170.3125
13.7287 116 224 -96.2791 53.7363 170.3125
13.7299 105 235 -96.0541 65.2720 170.3125
13.7312 107 233 -95.8632 62.7085 170.3125
13.7325 113 227 -95.7859 57.0322 170.3125
13.7338 114 226 -95.7116 55.9946 170.3125
13.7350 106 234 -95.5547 63.7461 170.3125
13.7364 35 164 -95.3463 64.2954 100.0000
13.7376 36 163 -95.2143 63.6851 100.0000
13.7390 39 160 -95.1018 60.4502 100.0000
13.7403 47 152 -95.0812 52.6377 100.0000
13.7415 41 158 -95.0297 58.6191 100.0000
13.7428 49 150 -95.0610 50.9287 100.0000
13.7441 51 148 -95.1305 48.9756 100.0000
13.7454 45 154 -95.1249 54.5298 100.0000
13.7466 44 155 -95.1122 55.7505 100.0000
13.7479 46 153 -95.1105 53.2480 100.0000
13.7492 46 153 -95.1052 53.9805 100.0000
13.7504 56 143 -95.2202 43.7266 100.0000
13.7517 55 144 -95.3104 44.9473 100.0000
13.7530 51 148 -95.3371 48.3652 100.0000
13.7543 51 148 -95.3802 48.5483 100.0000
13.7555 57 142 -95.4835 42.9331 100.0000
13.7567 55 144 -95.5762 44.5200 100.0000
13.7580 48 151 -95.5197 51.9053 100.0000
13.7592 49 150 -95.4767 50.6846 100.0000
13.7605 52 147 -95.4613 47.9380 100.0000
13.7617 46 153 -95.3729 53.9805 100.0000
13.7630 55 144 -95.2960 44.3979 100.0000
13.7642 57 142 -95.2452 42.5669 100.0000
13.7655 51 148 -95.1230 48.4263 100.0000
13.7667 59 140 -95.0963 40.7969 100.0000
13.7680 56 143 -94.8623 43.9707 100.0000
13.7692 51 148 -94.5699 48.9146 100.0000
13.7705 50 149 -94.2770 49.4028 100.0000
13.7718 53 146 -94.0264 46.5342 100.0000
13.7730 51 148 -93.5363 48.4873 100.0000
13.7743 63 136 -93.2005 36.7686 100.0000
13.7755 48 151 -92.6857 51.6611 100.0000
13.7768 54 145 -92.0252 45.8628 100.0000
13.7780 53 146 -91.3342 46.9614 100.0000
13.7793 55 144 -90.6934 44.5200 100.0000
13.7805 57 142 -90.0803 42.9331 100.0000
13.7818 48 151 -89.1292 51.9663 100.0000
13.7830 62 137 -88.3601 37.1958 100.0000
13.7843 52 147 -87.4698 47.6328 100.0000
13.7856 51 148 -86.5874 48.4873 100.0000
13.7869 47 152 -85.4575 52.5156 100.0000
13.7881 43 156 -84.3063 56.4829 100.0000
13.7894 49 150 -83.2522 50.1963 100.0000
13.7907 54 145 -82.2689 45.5576 100.0000
13.7919 53 146 -81.1404 46.5952 100.0000
13.7932 55 144 -80.0488 44.9473 100.0000
13.7945 47 152 -78.8739 52.9429 100.0000
13.7957 48 151 -77.7395 51.9053 100.0000
13.7970 47 152 -76.5148 52.9429 100.0000
13.7983 52 147 -75.3910 47.3887 100.0000
13.7996 39 160 -74.1246 60.6333 100.0000
13.8009 47 152 -72.9887 52.2104 100.0000
13.8021 47 152 -71.8517 52.2104 100.0000
13.8034 44 155 -70.6946 55.3232 100.0000
13.8046 47 152 -69.6048 52.2104 100.0000
13.8059 53 146 -68.5793 46.9614 100.0000
13.8072 58 141 -67.6526 41.5903 100.0000
13.8084 55 144 -66.7167 44.7642 100.0000
13.8097 53 146 -65.7801 46.4121 100.0000
13.8110 54 145 -64.8773 45.0693 100.0000
13.8122 56 143 -64.0485 43.2383 100.0000
13.8135 54 145 -63.2146 45.3135 100.0000
13.8148 58 141 -62.4326 41.5903 100.0000
13.8160 60 139 -61.6976 39.8813 100.0000
13.8173 56 143 -60.9645 43.2993 100.0000
13.8186 47 152 -60.1599 52.3325 100.0000
13.8199 53 146 -59.4325 46.4731 100.0000
13.8212 58 141 -58.7888 41.5903 100.0000
13.8224 58 141 -58.2041 41.2241 100.0000
13.8237 62 137 -57.6893 37.1348 100.0000
13.8250 63 136 -57.1863 36.3413 100.0000
13.8263 64 135 -56.7134 35.4868 100.0000
13.8276 60 139 -56.1871 39.7593 100.0000
13.8288 74 125 -55.8687 25.4160 100.0000
13.8301 70 129 -55.5085 29.6885 100.0000
13.8313 71 128 -55.1223 28.7729 100.0000
13.8326 73 126 -54.7633 26.9419 100.0000
13.8338 75 124 -54.4423 24.6226 100.0000
13.8351 72 127 -54.0886 27.4302 100.0000
13.8364 69 130 -53.5944 30.2988 100.0000
13.8377 79 120 -53.2199 20.1670 100.0000
13.8389 73 126 -52.7824 26.2705 100.0000
13.8402 79 120 -52.4331 20.2280 100.0000
13.8415 73 126 -51.8333 26.5146 100.0000
13.8427 76 123 -51.2839 23.4629 100.0000
13.8440 75 124 -50.7330 24.4395 100.0000
13.8452 78 121 -50.2229 21.5098 100.0000
13.8465 79 120 -49.5196 20.1060 100.0000
13.8478 85 114 -48.8993 14.4907 100.0000
13.8491 83 116 -48.2573 16.9321 100.0000
13.8503 80 119 -47.5994 19.8008 100.0000
13.8516 74 125 -46.6515 25.5381 100.0000
13.8529 77 122 -45.7616 22.5474 100.0000
13.8542 89 110 -45.0420 10.3403 100.0000
13.8555 80 119 -44.2212 19.3125 100.0000
13.8568 78 121 -43.1841 21.8149 100.0000
13.8580 83 116 -42.2369 16.8101 100.0000
13.8593 77 122 -41.2255 22.6694 100.0000
13.8606 71 128 -40.1685 28.7119 100.0000
13.8619 77 122 -39.0445 22.9136 100.0000
13.8632 77 122 -37.9471 22.5474 100.0000
13.8644 82 117 -36.9394 17.4204 100.0000
13.8657 82 117 -35.9481 17.9087 100.0000
13.8670 80 119 -34.8470 19.9839 100.0000
13.8682 70 129 -33.6555 29.3833 100.0000
13.8696 76 123 -32.5370 23.7681 100.0000
13.8708 73 126 -31.4155 26.9419 100.0000
13.8721 81 118 -30.3788 18.2139 100.0000
13.8734 74 125 -29.2736 25.0498 100.0000
13.8746 80 119 -28.2637 19.0684 100.0000
13.8759 73 126 -27.1802 26.7588 100.0000
13.8772 73 126 -26.1047 26.2705 100.0000
13.8785 82 117 -25.1588 17.3594 100.0000
13.8797 72 127 -24.1004 27.9795 100.0000
13.8810 74 125 -23.1075 25.1108 100.0000
13.8823 78 121 -22.1788 21.7539 100.0000
13.8836 72 127 -21.1998 27.5522 100.0000
13.8848 77 122 -20.3033 22.5474 100.0000
13.8861 69 130 -19.3338 30.9702 100.0000
13.8874 82 117 -18.5537 17.9697 100.0000
13.8886 77 122 -17.7255 22.9136 100.0000
13.8899 79 120 -16.9435 20.8384 100.0000
13.8911 81 118 -16.2357 18.7632 100.0000
13.8924 77 122 -15.5027 22.0591 100.0000
13.8937 79 120 -14.8033 20.1060 100.0000
13.8949 70 129 -14.0140 29.2612 100.0000
13.8962 81 118 -13.3968 18.8853 100.0000
13.8975 76 123 -12.7361 23.5239 100.0000
13.8987 71 128 -12.0240 28.2236 100.0000
13.9000 81 118 -11.4554 18.0918 100.0000
13.9013 77 122 -10.8959 22.6694 100.0000
13.9026 75 124 -10.3232 24.5615 100.0000
13.9038 86 113 -9.9024 13.6973 100.0000
13.9051 74 125 -9.3415 25.9653 100.0000
13.9063 80 119 -8.9246 19.3735 100.0000
13.9076 77 122 -8.4816 22.1812 100.0000
13.9089 82 117 -8.1010 17.6646 100.0000
13.9101 74 125 -7.6359 25.3550 100.0000
13.9114 82 117 -7.3432 17.1152 100.0000
13.9126 76 123 -6.9875 23.0356 100.0000
13.9138 82 117 -6.7039 17.7256 100.0000
13.9151 79 120 -6.3954 20.2891 100.0000
13.9163 75 124 -6.1087 24.5005 100.0000
13.9176 82 117 -5.9169 17.1763 100.0000
13.9189 80 119 -5.6922 19.6177 100.0000
13.9202 78 121 -5.4522 21.2046 100.0000
13.9214 76 123 -5.2641 23.3408 100.0000
13.9227 77 122 -5.0912 22.4253 100.0000
13.9239 86 113 -5.0316 13.5142 100.0000
13.9252 78 121 -4.8716 21.5708 100.0000
13.9265 86 113 -4.8749 13.6362 100.0000
13.9277 81 118 -4.8168 18.4580 100.0000
13.9290 77 122 -4.7083 22.9746 100.0000
13.9303 84 115 -4.6901 15.4062 100.0000
13.9316 78 121 -4.6346 21.3267 100.0000
13.9328 83 116 -4.6422 16.8711 100.0000
13.9341 80 119 -4.6145 19.6787 100.0000
13.9354 83 116 -4.6226 16.7490 100.0000
13.9366 77 122 -4.5642 22.6694 100.0000
13.9379 79 120 -4.5359 20.1670 100.0000
13.9392 79 120 -4.5036 20.1670 100.0000
13.9405 81 118 -4.4659 18.8242 100.0000
13.9418 82 117 -4.4317 17.6646 100.0000
13.9430 76 123 -4.3353 23.6460 100.0000
13.9443 81 118 -4.2968 18.8242 100.0000
13.9456 75 124 -4.1318 24.1343 100.0000
13.9468 82 117 -4.0526 17.6035 100.0000
13.9481 78 121 -3.9336 21.0215 100.0000
13.9493 82 117 -3.8511 17.7256 100.0000
13.9506 72 127 -3.5565 27.3691 100.0000
13.9519 71 128 -3.2526 28.8950 100.0000
13.9532 74 125 -2.9961 25.2329 100.0000
13.9545 77 122 -2.7799 22.3643 100.0000
13.9557 81 118 -2.5034 18.4580 100.0000
13.9570 75 124 -2.1477 24.9888 100.0000
13.9583 75 124 -1.7980 24.9277 100.0000
13.9596 75 124 -1.4665 24.6836 100.0000
13.9608 72 127 -0.9891 27.9185 100.0000
13.9621 81 118 -0.6422 18.0308 100.0000
13.9634 79 120 -0.2736 20.6553 100.0000
13.9646 75 124 0.1386 24.4395 100.0000
13.9659 68 131 0.7289 31.5195 100.0000
13.9671 74 125 1.2250 25.4771 100.0000
13.9684 86 113 1.5639 13.1479 100.0000
13.9697 74 125 2.0606 25.7822 100.0000
13.9710 81 118 2.5045 18.5801 100.0000
13.9722 77 122 2.9846 22.7305 100.0000
13.9735 77 122 3.4588 22.6084 100.0000
13.9748 74 125 3.9529 25.0498 100.0000
13.9761 78 121 4.4075 21.7539 100.0000
13.9774 86 113 4.7482 13.2700 100.0000
13.9786 83 116 5.1214 16.5659 100.0000
13.9799 84 115 5.4712 15.2231 100.0000
13.9812 81 118 5.8334 18.1528 100.0000
13.9825 79 120 6.2105 20.1060 100.0000
13.9837 82 117 6.5427 17.1152 100.0000
13.9850 87 112 6.8071 12.2324 100.0000
13.9863 87 112 7.0416 12.4766 100.0000
13.9877 75 124 7.4422 24.6836 100.0000
13.9890 90 109 7.6319 9.9131 100.0000
13.9903 86 113 7.8438 13.0869 100.0000
13.9915 91 108 7.9834 8.0820 100.0000
13.9928 88 111 8.1657 11.7441 100.0000
13.9941 85 114 8.3827 14.6738 100.0000
13.9953 87 112 8.5705 12.2324 100.0000
13.9966 88 111 8.7530 11.9883 100.0000
13.9979 91 108 8.8848 8.2651 100.0000
13.9992 90 109 9.0380 9.9741 100.0000
14.0004 83 116 9.2850 16.1387 100.0000
14.0017 80 119 9.5760 19.4956 100.0000
14.0029 93 106 9.6965 6.5562 100.0000
14.0042 90 109 9.8544 9.5469 100.0000
14.0055 87 112 10.0856 12.8428 100.0000
14.0068 92 107 10.2464 7.4717 100.0000
14.0080 97 102 10.3442 2.7720 100.0000
14.0093 84 115 10.6012 15.4062 100.0000
14.0106 88 111 10.8426 11.9883 100.0000
14.0119 86 113 11.1003 13.3921 100.0000
14.0131 79 120 11.4386 20.8384 100.0000
14.0144 81 118 11.7528 18.7632 100.0000
14.0157 71 128 12.1974 28.8340 100.0000
14.0170 81 118 12.5061 18.7021 100.0000
14.0183 79 120 12.8352 20.5942 100.0000
14.0196 78 121 13.1796 21.7539 100.0000
14.0208 83 116 13.4427 16.9932 100.0000
14.0221 85 114 13.6665 14.1855 100.0000
14.0234 81 118 13.9306 18.1528 100.0000
14.0247 93 106 14.0502 6.6782 100.0000
14.0259 82 117 14.2749 17.6035 100.0000
14.0272 86 113 14.4413 13.0869 100.0000
14.0285 89 110 14.5740 10.8896 100.0000
14.0298 83 116 14.7295 16.0776 100.0000
14.0310 76 123 14.9706 23.4019 100.0000
14.0323 82 117 15.1369 17.7256 100.0000
14.0336 88 111 15.2271 11.7441 100.0000
14.0348 79 120 15.3743 20.8384 100.0000
14.0361 83 116 15.4657 16.4438 100.0000
14.0374 82 117 15.5719 17.7256 100.0000
14.0386 86 113 15.6197 13.2700 100.0000
14.0399 79 120 15.7159 20.8384 100.0000
14.0412 82 117 15.7683 17.4204 100.0000
14.0424 84 115 15.7930 15.4062 100.0000
14.0437 87 112 15.7764 12.2324 100.0000
14.0450 88 111 15.7068 11.4390 100.0000
14.0463 81 118 15.7324 18.8853 100.0000
14.0475 93 106 15.6043 6.6782 100.0000
14.0488 88 111 15.5350 11.2559 100.0000
14.0501 89 110 15.4137 10.0962 100.0000
14.0513 79 120 15.4259 20.9604 100.0000
14.0526 90 109 15.3034 9.9131 100.0000
14.0539 93 106 15.1371 6.1289 100.0000
14.0552 86 113 15.0554 13.6362 100.0000
14.0564 86 113 14.9699 13.3921 100.0000
14.0577 85 114 14.9029 14.7349 100.0000
14.0589 90 109 14.7692 9.2417 100.0000
14.0602 91 108 14.6337 8.0820 100.0000
14.0614 93 106 14.4799 6.3730 100.0000
14.0627 95 104 14.3037 4.2979 100.0000
14.0639 92 107 14.1759 7.9600 100.0000
14.0652 94 105 14.0632 5.9458 100.0000
14.0664 90 109 13.9998 9.7910 100.0000
14.0677 89 110 13.9503 10.8286 100.0000
14.0690 88 111 13.9122 11.5610 100.0000
14.0702 91 108 13.8999 8.6924 100.0000
14.0715 79 120 14.0318 20.4111 100.0000
14.0727 81 118 14.1399 18.7021 100.0000
14.0740 87 112 14.1639 12.0493 100.0000
14.0752 88 111 14.2642 11.4390 100.0000
14.0765 94 105 14.2915 5.6406 100.0000
14.0777 93 106 14.3337 6.9224 100.0000
14.0790 99 100 14.2917 0.1475 100.0000
14.0803 95 104 14.3955 4.0537 100.0000
14.0815 83 116 14.6502 16.5049 100.0000
14.0828 89 110 14.8312 10.8896 100.0000
14.0840 87 112 15.0245 12.1714 100.0000
14.0853 90 109 15.2952 9.8521 100.0000
14.0866 85 114 15.6218 14.8569 100.0000
14.0878 88 111 15.8964 11.1948 100.0000
14.0891 82 117 16.2523 17.6646 100.0000
14.0904 92 107 16.5704 7.8989 100.0000
14.0917 80 119 17.0248 19.4346 100.0000
14.0930 88 111 17.3764 11.6221 100.0000
14.0942 81 118 17.8601 18.2139 100.0000
14.0955 95 104 18.1673 4.4810 100.0000
14.0968 95 104 18.4704 4.6641 100.0000
14.0981 87 112 18.8702 12.6597 100.0000
14.0994 93 106 19.1950 6.1899 100.0000
14.1006 93 106 19.5099 6.0068 100.0000
14.1020 91 108 19.8524 8.1431 100.0000
14.1033 98 101 20.0925 1.0020 100.0000
14.1045 94 105 20.3639 5.7017 100.0000
14.1058 90 109 20.6750 9.1807 100.0000
14.1071 91 108 20.9663 8.1431 100.0000
14.1084 94 105 21.2122 5.0303 100.0000
14.1096 96 103 21.3805 3.5044 100.0000
14.1109 103 96 21.4623 -3.2705 100.0000
14.1121 102 97 21.5535 -2.4160 100.0000
14.1134 103 96 21.6309 -3.3926 100.0000
14.1146 104 95 21.6354 -4.2471 100.0000
14.1159 102 97 21.6623 -2.4160 100.0000
14.1171 103 96 21.6789 -3.1484 100.0000
14.1184 96 103 21.7756 3.3213 100.0000
14.1197 94 105 21.8453 5.7017 100.0000
14.1210 100 99 21.8316 -0.8291 100.0000
14.1222 101 98 21.8106 -1.4395 100.0000
14.1235 97 102 21.8348 2.1006 100.0000
14.1248 101 98 21.7571 -1.3174 100.0000
14.1261 103 96 21.6514 -3.6367 100.0000
14.1274 105 94 21.5205 -5.8340 100.0000
14.1286 99 100 21.4696 0.3306 100.0000
14.1299 99 100 21.3574 0.3306 100.0000
14.1311 109 90 21.1284 -9.4351 100.0000
14.1324 100 99 21.0140 -0.4019 100.0000
14.1337 99 100 20.9140 0.5747 100.0000
14.1349 105 94 20.6723 -5.8340 100.0000
14.1362 107 92 20.4174 -7.2378 100.0000
14.1375 110 89 20.1311 -10.2285 100.0000
14.1387 106 93 19.8959 -6.6274 100.0000
14.1400 108 91 19.5815 -8.2754 100.0000
14.1413 100 99 19.3673 -0.7070 100.0000
14.1426 105 94 19.0982 -5.4067 100.0000
14.1438 94 105 18.9434 5.0913 100.0000
14.1451 91 108 18.8238 8.0820 100.0000
14.1464 97 102 18.6398 2.7109 100.0000
14.1476 82 117 18.6387 17.1152 100.0000
14.1489 80 119 18.6670 19.1904 100.0000
14.1502 90 109 18.5425 9.1807 100.0000
14.1515 82 117 18.5207 17.2373 100.0000
14.1528 91 108 18.3842 8.0210 100.0000
14.1540 87 112 18.3184 12.7817 100.0000
14.1553 108 91 17.9955 -8.0312 100.0000
14.1566 169 30 16.9133 -69.3716 100.0000
14.1579 182 17 15.6936 -82.3721 100.0000
14.1591 143 56 14.9127 -43.4927 100.0000
14.1604 130 69 14.3025 -30.0649 100.0000
14.1616 118 81 13.8514 -18.9565 100.0000
14.1629 115 84 13.4447 -15.9658 100.0000
14.1642 155 44 12.5578 -55.0894 100.0000
14.1655 165 34 11.5546 -65.0381 100.0000
14.1667 136 63 10.9485 -36.1074 100.0000
14.1680 118 81 10.5717 -18.1021 100.0000
14.1693 120 79 10.2788 -20.4214 100.0000
14.1706 130 69 9.8556 -30.3701 100.0000
14.1719 126 73 9.4909 -26.4639 100.0000
14.1732 115 84 9.2850 -15.2334 100.0000
14.1744 112 87 9.2624 -12.7310 100.0000
14.1757 121 78 9.1311 -21.6421 100.0000
14.1770 109 90 9.1576 -9.2520 100.0000
14.1783 112 87 9.1390 -12.4868 100.0000
14.1795 111 88 9.3165 -11.9985 100.0000
14.1808 108 91 9.5391 -8.1533 100.0000
14.1821 106 93 9.7813 -6.1392 100.0000
14.1834 114 85 9.9180 -14.1348 100.0000
14.1847 109 90 10.1667 -9.8013 100.0000
14.1859 105 94 10.4680 -5.3457 100.0000
14.1872 101 98 10.8148 -1.1953 100.0000
14.1885 111 88 10.8830 -11.3882 100.0000
14.1898 105 94 11.0381 -5.5898 100.0000
14.1910 108 91 11.1584 -8.2754 100.0000
14.1923 102 97 11.3498 -2.2939 100.0000
14.1936 109 90 11.2058 -9.4961 100.0000
14.1948 103 96 11.1456 -3.0264 100.0000
14.1962 104 95 11.0588 -4.9795 100.0000
14.1974 104 95 10.9835 -4.4302 100.0000
14.1987 94 105 10.7919 5.7627 100.0000
14.2000 98 101 10.5502 1.4292 100.0000
14.2012 98 101 10.3088 1.0630 100.0000
14.2025 102 97 10.0235 -2.9043 100.0000
14.2037 106 93 9.4871 -6.6274 100.0000
14.2050 95 104 9.1032 4.7251 100.0000
14.2063 104 95 8.6155 -4.1860 100.0000
14.2076 100 99 8.1791 -0.8291 100.0000
14.2089 103 96 7.5850 -3.2095 100.0000
14.2101 99 100 7.0481 0.3306 100.0000
14.2114 96 103 6.5569 3.1382 100.0000
14.2126 100 99 6.0339 -0.2188 100.0000
14.2139 97 102 5.5030 2.8330 100.0000
14.2152 100 99 4.9403 -0.5850 100.0000
14.2164 104 95 4.3439 -4.2471 100.0000
14.2177 105 94 3.7418 -5.6509 100.0000
14.2189 113 86 3.0883 -13.0972 100.0000
14.2202 108 91 2.4977 -8.9468 100.0000
14.2215 102 97 1.9984 -2.7212 100.0000
14.2228 101 98 1.5253 -1.3784 100.0000
14.2240 107 92 1.0661 -7.4819 100.0000
14.2253 98 101 0.7279 1.6123 100.0000
14.2265 103 96 0.3376 -3.1484 100.0000
14.2278 106 93 -0.0832 -6.2612 100.0000
14.2291 101 98 -0.3398 -1.7446 100.0000
14.2303 103 96 -0.6179 -3.9419 100.0000
14.2316 103 96 -0.8830 -3.3315 100.0000
14.2329 102 97 -1.1342 -2.5381 100.0000
14.2342 102 97 -1.2701 -2.5381 100.0000
14.2354 117 82 -1.5902 -17.3086 100.0000
14.2367 101 98 -1.7024 -1.3784 100.0000
14.2380 111 88 -1.8145 -11.9375 100.0000
14.2393 109 90 -1.8883 -9.2520 100.0000
14.2406 104 95 -1.9002 -4.1860 100.0000
14.2419 105 94 -1.9306 -5.6509 100.0000
14.2432 101 98 -1.7649 -1.0732 100.0000
14.2444 109 90 -1.7112 -9.9233 100.0000
14.2457 103 96 -1.5791 -3.3926 100.0000
14.2470 103 96 -1.4558 -3.9419 100.0000
14.2483 109 90 -1.2396 -9.6182 100.0000
14.2495 109 90 -1.0225 -9.3130 100.0000
14.2508 98 101 -0.6742 1.6733 100.0000
14.2520 99 100 -0.3498 0.3306 100.0000
14.2533 111 88 -0.0646 -11.1440 100.0000
14.2546 119 80 0.1151 -19.2007 100.0000
14.2559 109 90 0.4128 -9.3740 100.0000
14.2571 112 87 0.6669 -12.6699 100.0000
14.2585 107 92 1.0457 -7.1768 100.0000
14.2597 109 90 1.3990 -9.0078 100.0000
14.2610 110 89 1.7316 -10.0454 100.0000
14.2622 106 93 2.1031 -6.3223 100.0000
14.2635 112 87 2.3805 -12.3647 100.0000
14.2648 103 96 2.7581 -3.6978 100.0000
14.2660 114 85 2.9938 -14.8062 100.0000
14.2673 110 89 3.2811 -10.1064 100.0000
14.2685 107 92 3.5252 -7.0547 100.0000
14.2698 117 82 3.6417 -17.0034 100.0000
14.2710 105 94 3.9023 -5.0405 100.0000
14.2723 108 91 4.1124 -8.7637 100.0000
14.2736 116 83 4.1089 -16.6982 100.0000
14.2748 112 87 4.1516 -12.7920 100.0000
14.2761 109 90 4.2393 -9.2520 100.0000
14.2774 108 91 4.3383 -8.2754 100.0000
14.2787 111 88 4.2747 -11.2661 100.0000
14.2799 107 92 4.2652 -7.2378 100.0000
14.2812 103 96 4.3014 -3.5146 100.0000
14.2825 110 89 4.2466 -10.8389 100.0000
14.2838 118 81 4.0223 -18.1021 100.0000
14.2850 105 94 3.9657 -5.1016 100.0000
14.2863 107 92 3.8803 -7.4819 100.0000
14.2875 104 95 3.8285 -4.9795 100.0000
14.2888 109 90 3.7114 -9.4961 100.0000
14.2901 105 94 3.6477 -5.4678 100.0000
14.2913 112 87 3.5036 -12.1206 100.0000
14.2926 103 96 3.5202 -3.8198 100.0000
14.2938 110 89 3.4482 -10.7778 100.0000
14.2951 98 101 3.5258 1.1851 100.0000
14.2963 104 95 3.5347 -4.3691 100.0000
14.2975 105 94 3.6189 -5.8950 100.0000
14.2988 109 90 3.6539 -9.4961 100.0000
14.3000 96 103 3.8497 3.6875 100.0000
14.3013 102 97 3.9655 -2.5381 100.0000
14.3025 108 91 4.0803 -8.9468 100.0000
14.3038 111 88 4.1546 -11.7544 100.0000
14.3050 112 87 4.2190 -12.6089 100.0000
14.3063 100 99 4.4252 -0.9512 100.0000
14.3076 99 100 4.6765 0.5747 100.0000
14.3088 108 91 4.8104 -8.5195 100.0000
14.3101 106 93 4.9650 -6.6274 100.0000
14.3114 107 92 5.1040 -7.8481 100.0000
14.3126 105 94 5.2460 -5.8950 100.0000
14.3139 107 92 5.3732 -7.0547 100.0000
14.3151 110 89 5.4506 -10.4116 100.0000
14.3164 105 94 5.5911 -5.5898 100.0000
14.3176 106 93 5.6307 -6.0171 100.0000
14.3189 102 97 5.7180 -2.1108 100.0000
14.3202 120 79 5.5684 -20.8486 100.0000
14.3215 114 85 5.4972 -14.7451 100.0000
14.3227 102 97 5.4421 -2.8433 100.0000
14.3240 94 105 5.4916 5.5186 100.0000
14.3252 93 106 5.5464 6.0679 100.0000
14.3265 93 106 5.6018 6.1899 100.0000
14.3278 101 98 5.4309 -1.6836 100.0000
14.3290 104 95 5.2230 -4.8574 100.0000
14.3303 106 93 5.0054 -6.0171 100.0000
14.3316 98 101 4.8849 1.4292 100.0000
14.3328 102 97 4.6300 -2.7822 100.0000
14.3341 110 89 4.2880 -10.1675 100.0000
14.3354 103 96 4.0413 -3.0264 100.0000
14.3366 97 102 3.8666 2.3447 100.0000
14.3379 99 100 3.7026 0.2085 100.0000
14.3392 104 95 3.4813 -4.6133 100.0000
14.3404 94 105 3.3840 5.0913 100.0000
14.3417 98 101 3.2445 1.3682 100.0000
14.3430 107 92 3.1334 -7.0547 100.0000
14.3443 101 98 3.0986 -1.0122 100.0000
14.3455 102 97 3.0492 -2.2329 100.0000
14.3468 93 106 3.1054 6.2510 100.0000
14.3481 101 98 3.2009 -1.6226 100.0000
14.3493 96 103 3.3612 3.6875 100.0000
14.3506 94 105 3.5367 5.2744 100.0000
14.3519 98 101 3.6633 1.5513 100.0000
14.3531 100 99 3.8641 -0.4629 100.0000
14.3544 98 101 4.0843 1.4292 100.0000
14.3557 106 93 4.2039 -6.3833 100.0000
14.3569 98 101 4.4158 1.3071 100.0000
14.3582 91 108 4.7243 8.3872 100.0000
14.3594 103 96 4.8871 -3.0264 100.0000
14.3607 97 102 5.1151 2.5889 100.0000
14.3619 101 98 5.2831 -1.9277 100.0000
14.3632 89 110 5.5362 10.0962 100.0000
14.3644 106 93 5.5839 -6.2612 100.0000
14.3657 107 92 5.6210 -7.0547 100.0000
14.3669 97 102 5.7790 2.8330 100.0000
14.3682 95 104 5.8582 4.7861 100.0000
14.3695 92 107 5.9790 7.9600 100.0000
14.3708 93 106 6.0710 6.0068 100.0000
14.3721 100 99 5.9390 -0.4629 100.0000
14.3733 104 95 5.7615 -4.4302 100.0000
14.3746 96 103 5.6805 3.1382 100.0000
14.3758 101 98 5.5404 -1.8057 100.0000
14.3771 98 101 5.3947 1.0630 100.0000
14.3783 105 94 5.1693 -5.5898 100.0000
14.3796 108 91 4.9182 -8.0923 100.0000
14.3809 101 98 4.7538 -1.4395 100.0000
14.3821 99 100 4.5743 0.2695 100.0000
14.3834 100 99 4.3916 -0.2798 100.0000
14.3847 97 102 4.2421 2.1006 100.0000
14.3860 99 100 4.0737 0.3306 100.0000
14.3873 98 101 3.9534 1.0630 100.0000
14.3885 103 96 3.7847 -3.0264 100.0000
14.3898 102 97 3.6215 -2.9043 100.0000
14.3910 99 100 3.5076 0.8799 100.0000
14.3923 92 107 3.5378 7.2886 100.0000
14.3936 100 99 3.4733 -0.1577 100.0000
14.3949 96 103 3.4553 3.5044 100.0000
14.3961 101 98 3.3788 -1.2563 100.0000
14.3974 99 100 3.3545 0.4526 100.0000
14.3987 102 97 3.2927 -2.5991 100.0000
14.4000 99 100 3.2676 0.2695 100.0000
14.4012 93 106 3.3154 6.1289 100.0000
14.4025 96 103 3.3239 3.5044 100.0000
14.4038 89 110 3.4171 10.4014 100.0000
14.4051 96 103 3.4223 3.3213 100.0000
14.4063 101 98 3.3615 -1.9277 100.0000
14.4076 100 99 3.3578 -0.0356 100.0000
14.4089 93 106 3.4396 6.8613 100.0000
14.4101 93 106 3.5139 6.3120 100.0000
14.4114 99 100 3.5169 0.7578 100.0000
14.4127 102 97 3.5033 -2.1719 100.0000
14.4139 99 100 3.5272 0.8188 100.0000
14.4152 104 95 3.4776 -4.9795 100.0000
14.4165 98 101 3.5139 1.7954 100.0000
14.4178 98 101 3.6491 1.8564 100.0000
14.4190 95 104 3.8104 4.2368 100.0000
14.4203 103 96 3.8775 -3.1484 100.0000
14.4216 92 107 4.1418 7.4106 100.0000
14.4228 99 100 4.3135 0.0864 100.0000
14.4241 99 100 4.4863 0.4526 100.0000
14.4254 88 111 4.7865 11.0728 100.0000
14.4266 96 103 5.0289 3.1382 100.0000
14.4279 97 102 5.2643 2.6499 100.0000
14.4291 87 112 5.6165 12.4155 100.0000
14.4304 90 109 5.9291 9.7300 100.0000
14.4317 95 104 6.1322 4.3589 100.0000
14.4329 91 108 6.3797 8.3262 100.0000
14.4342 99 100 6.5316 0.9409 100.0000
14.4355 95 104 6.7305 4.9692 100.0000
14.4368 98 101 6.7889 1.8564 100.0000
14.4380 94 105 6.8939 5.7627 100.0000
14.4394 96 103 6.9681 3.1382 100.0000
14.4407 105 94 6.9319 -5.3457 100.0000
14.4419 104 95 6.7806 -4.9795 100.0000
14.4432 97 102 6.7249 2.4668 100.0000
14.4445 99 100 6.6472 0.6357 100.0000
14.4458 95 104 6.6213 4.6641 100.0000
14.4470 95 104 6.4942 4.7251 100.0000
14.4483 96 103 6.3518 3.3213 100.0000
14.4495 98 101 6.1859 1.1851 100.0000
14.4508 93 106 6.0871 6.3730 100.0000
14.4521 95 104 5.9028 4.1147 100.0000
14.4533 98 101 5.6950 1.9175 100.0000
14.4546 101 98 5.4508 -1.3784 100.0000
14.4558 94 105 5.2990 5.7627 100.0000
14.4571 91 108 5.1473 8.0820 100.0000
14.4583 91 108 5.0083 8.8755 100.0000
14.4596 99 100 4.7735 0.8188 100.0000
14.4608 92 107 4.6239 7.4106 100.0000
14.4621 92 107 4.4774 7.3496 100.0000
14.4633 94 105 4.3131 5.5186 100.0000
14.4646 85 114 4.2603 14.4297 100.0000
14.4659 96 103 4.0728 3.3213 100.0000
14.4672 93 106 3.9592 6.6782 100.0000
14.4685 104 95 3.7073 -4.3081 100.0000
14.4698 92 107 3.6040 7.1055 100.0000
14.4711 102 97 3.3810 -2.5381 100.0000
14.4723 96 103 3.2735 3.1992 100.0000
14.4736 86 113 3.2904 13.0259 100.0000
14.4749 98 101 3.1586 1.0630 100.0000
14.4762 96 103 3.0949 3.1992 100.0000
14.4775 94 105 3.0578 5.2134 100.0000
14.4787 94 105 3.0220 5.2134 100.0000
14.4800 94 105 2.9906 5.6406 100.0000
14.4813 93 106 2.9750 6.0679 100.0000
14.4825 92 107 2.9776 7.5327 100.0000
14.4838 95 104 2.9466 4.7861 100.0000
14.4851 95 104 2.9074 4.1147 100.0000
14.4864 98 101 2.8333 1.2461 100.0000
14.4877 98 101 2.7683 1.8564 100.0000
14.4890 88 111 2.8278 11.4390 100.0000
14.4903 97 102 2.7714 2.4058 100.0000
14.4916 104 95 2.5753 -4.6133 100.0000
14.4929 98 101 2.4527 1.0020 100.0000
14.4941 91 108 2.4267 8.7534 100.0000
14.4954 99 100 2.3003 0.4526 100.0000
14.4966 102 97 2.1169 -2.1719 100.0000
14.4980 101 98 1.9496 -1.1343 100.0000
14.4992 88 111 1.9424 11.3169 100.0000
14.5005 108 91 1.6888 -8.1533 100.0000
14.5018 98 101 1.5239 1.0630 100.0000
14.5031 100 99 1.3389 -0.8291 100.0000
14.5044 97 102 1.1974 2.3447 100.0000
14.5057 99 100 1.0341 0.3916 100.0000
14.5069 92 107 0.9573 7.9600 100.0000
14.5083 97 102 0.8114 2.1006 100.0000
14.5096 102 97 0.6136 -2.1108 100.0000
14.5109 94 105 0.5191 5.0913 100.0000
14.5121 100 99 0.3536 -0.7070 100.0000
14.5134 97 102 0.2348 2.7720 100.0000
14.5147 94 105 0.1518 5.3965 100.0000
14.5160 101 98 0.0086 -1.8057 100.0000
14.5173 91 108 -0.0015 8.5093 100.0000
14.5185 102 97 -0.1489 -2.4160 100.0000
14.5198 104 95 -0.3150 -4.1860 100.0000
14.5211 92 107 -0.2994 7.2886 100.0000
14.5223 104 95 -0.4374 -4.9185 100.0000
14.5236 100 99 -0.5122 -0.1577 100.0000
14.5248 91 108 -0.4767 8.6924 100.0000
14.5261 102 97 -0.5393 -2.6602 100.0000
14.5274 95 104 -0.5121 4.4199 100.0000
14.5287 97 102 -0.5073 2.7109 100.0000
14.5299 104 95 -0.5903 -4.3081 100.0000
14.5312 93 106 -0.4987 6.5562 100.0000
14.5325 94 105 -0.4214 5.5796 100.0000
14.5338 98 101 -0.3961 1.6123 100.0000
14.5351 99 100 -0.3893 0.1475 100.0000
14.5363 104 95 -0.4188 -4.5522 100.0000
14.5376 103 96 -0.4333 -3.3926 100.0000
14.5389 96 103 -0.3615 3.5044 100.0000
14.5402 99 100 -0.3338 0.0864 100.0000
14.5415 101 98 -0.3213 -1.5615 100.0000
14.5428 98 101 -0.2724 1.3071 100.0000
14.5441 109 90 -0.3553 -9.0688 100.0000
14.5454 98 101 -0.3019 1.6123 100.0000
14.5466 92 107 -0.1732 7.7769 100.0000
14.5479 96 103 -0.1008 3.6265 100.0000
14.5492 100 99 -0.0771 -0.1577 100.0000
14.5505 100 99 -0.0596 -0.0967 100.0000
14.5518 104 95 -0.1020 -4.7964 100.0000
14.5531 101 98 -0.0994 -1.3174 100.0000
14.5543 95 104 -0.0250 4.4810 100.0000
14.5556 108 91 -0.1257 -8.9468 100.0000
14.5569 103 96 -0.1608 -3.8198 100.0000
14.5581 100 99 -0.1508 -0.2188 100.0000
14.5594 103 96 -0.1791 -3.2705 100.0000
14.5607 105 94 -0.2327 -5.1016 100.0000
14.5619 95 104 -0.1651 4.5420 100.0000
14.5632 102 97 -0.1875 -2.5991 100.0000
14.5645 97 102 -0.1449 2.5278 100.0000
14.5658 104 95 -0.1864 -4.1250 100.0000
14.5671 95 104 -0.1131 4.9692 100.0000
14.5683 102 97 -0.1353 -2.5991 100.0000
14.5696 99 100 -0.1242 0.0864 100.0000
14.5708 104 95 -0.1608 -4.0640 100.0000
14.5721 100 99 -0.1583 -0.8901 100.0000
14.5734 96 103 -0.1011 3.5044 100.0000
14.5747 100 99 -0.0997 -0.8901 100.0000
14.5759 101 98 -0.1026 -1.9277 100.0000
14.5772 102 97 -0.1185 -2.9653 100.0000
14.5785 99 100 -0.0908 0.5137 100.0000
14.5798 94 105 -0.0017 5.3965 100.0000
14.5811 100 99 0.0184 -0.5850 100.0000
14.5823 109 90 -0.0711 -9.3740 100.0000
14.5836 105 94 -0.1057 -5.0405 100.0000
14.5849 97 102 -0.0470 2.3447 100.0000
14.5862 103 96 -0.0541 -3.3315 100.0000
14.5875 102 97 -0.0461 -2.2329 100.0000
14.5888 108 91 -0.1175 -8.5195 100.0000
14.5900 100 99 -0.0852 -0.4019 100.0000
14.5913 95 104 0.0130 4.4199 100.0000
14.5926 96 103 0.1048 3.9927 100.0000
14.5939 89 110 0.2725 10.3403 100.0000
14.5952 96 103 0.3563 3.9316 100.0000
14.5964 101 98 0.3691 -1.6226 100.0000
14.5977 97 102 0.4298 2.2227 100.0000
14.5990 101 98 0.4431 -1.5005 100.0000
14.6002 96 103 0.5152 3.5654 100.0000
14.6015 98 101 0.5611 1.5513 100.0000
14.6028 90 109 0.7118 9.8521 100.0000
14.6040 97 102 0.7663 2.5278 100.0000
14.6053 97 102 0.8130 2.5278 100.0000
14.6066 99 100 0.8294 0.1475 100.0000
14.6079 98 101 0.8628 1.4902 100.0000
14.6092 94 105 0.9467 5.7017 100.0000
14.6104 97 102 0.9860 2.6499 100.0000
14.6117 111 88 0.8518 -11.3271 100.0000
14.6129 104 95 0.8028 -4.6133 100.0000
14.6142 105 94 0.7396 -5.8340 100.0000
14.6155 98 101 0.7640 1.6123 100.0000
14.6167 96 103 0.8082 3.2603 100.0000
14.6180 110 89 0.6859 -10.0454 100.0000
14.6193 105 94 0.6184 -5.7119 100.0000
14.6206 97 102 0.6578 2.5889 100.0000
14.6219 96 103 0.7050 3.3213 100.0000
14.6231 104 95 0.6539 -4.4912 100.0000
14.6244 104 95 0.6016 -4.7354 100.0000
14.6257 106 93 0.5218 -6.6274 100.0000
14.6269 105 94 0.4586 -5.3457 100.0000
14.6282 102 97 0.4381 -2.0498 100.0000
14.6295 100 99 0.4389 -0.3408 100.0000
14.6308 109 90 0.3217 -9.4351 100.0000
14.6321 99 100 0.3314 0.2695 100.0000
14.6334 101 98 0.3223 -1.1953 100.0000
14.6347 102 97 0.2943 -2.7212 100.0000
14.6359 101 98 0.2710 -1.9277 100.0000
14.6372 92 107 0.3704 7.8989 100.0000
14.6385 105 94 0.3047 -5.2236 100.0000
14.6398 95 104 0.3571 4.6030 100.0000
14.6410 101 98 0.3297 -1.6226 100.0000
14.6423 95 104 0.3813 4.7251 100.0000
14.6436 94 105 0.4376 5.0913 100.0000
14.6448 96 103 0.4691 3.9316 100.0000
14.6461 89 110 0.5856 10.5845 100.0000
14.6474 110 89 0.4375 -10.2285 100.0000
14.6487 103 96 0.3767 -3.5146 100.0000
14.6500 95 104 0.4137 4.6641 100.0000
14.6512 98 101 0.4030 1.0020 100.0000
14.6525 105 94 0.3084 -5.6509 100.0000
14.6538 99 100 0.2884 0.0864 100.0000
14.6551 96 103 0.3129 3.9927 100.0000
14.6563 102 97 0.2604 -2.1108 100.0000
14.6576 105 94 0.1626 -5.8340 100.0000
14.6589 93 106 0.2161 6.2510 100.0000
14.6601 105 94 0.1208 -5.8340 100.0000
14.6614 102 97 0.0675 -2.6602 100.0000
14.6627 102 97 0.0214 -2.1719 100.0000
14.6639 98 101 0.0191 1.3071 100.0000
14.6652 99 100 0.0108 0.8188 100.0000
14.6664 96 103 0.0305 3.0771 100.0000
14.6677 102 97 -0.0246 -2.9653 100.0000
14.6690 102 97 -0.0712 -2.3550 100.0000
14.6702 100 99 -0.0820 -0.2188 100.0000
14.6715 102 97 -0.1234 -2.7212 100.0000
14.6727 99 100 -0.1256 0.3916 100.0000
14.6740 98 101 -0.1151 1.4292 100.0000
14.6752 101 98 -0.1351 -1.3784 100.0000
14.6765 92 107 -0.0473 7.3496 100.0000
14.6777 103 96 -0.0987 -3.8198 100.0000
14.6790 92 107 -0.0145 7.1055 100.0000
14.6803 101 98 -0.0290 -1.1953 100.0000
14.6815 93 106 0.0562 6.8613 100.0000
14.6828 94 105 0.1200 5.2744 100.0000
14.6840 96 103 0.1615 3.5654 100.0000
14.6853 111 88 0.0268 -11.0830 100.0000
14.6866 101 98 0.0177 -1.3784 100.0000
14.6878 100 99 0.0245 -0.0967 100.0000
14.6891 88 111 0.1677 11.0728 100.0000
14.6904 94 105 0.2479 5.7627 100.0000
14.6917 92 107 0.3552 7.7769 100.0000
14.6930 100 99 0.3524 -0.5850 100.0000
14.6942 103 96 0.3192 -3.0264 100.0000
14.6955 106 93 0.2425 -6.9937 100.0000
14.6968 96 103 0.2987 3.5044 100.0000
14.6981 102 97 0.2724 -2.9653 100.0000
14.6994 96 103 0.3284 3.3213 100.0000
14.7006 100 99 0.3371 -0.4019 100.0000
14.7019 99 100 0.3587 0.6357 100.0000
14.7032 97 102 0.3997 2.2227 100.0000
14.7045 103 96 0.3729 -3.6367 100.0000
14.7058 97 102 0.4202 2.2227 100.0000
14.7070 103 96 0.3938 -3.5757 100.0000
14.7083 107 92 0.3188 -7.4819 100.0000
14.7096 94 105 0.4099 5.5186 100.0000
14.7109 89 110 0.5623 10.4014 100.0000
14.7122 103 96 0.5373 -3.3926 100.0000
14.7134 100 99 0.5445 -0.8901 100.0000
14.7147 91 108 0.6696 8.2651 100.0000
14.7160 98 101 0.7019 1.0020 100.0000
14.7172 96 103 0.7694 3.8706 100.0000
14.7185 98 101 0.8053 1.4292 100.0000
14.7198 97 102 0.8494 2.0396 100.0000
14.7211 94 105 0.9363 5.5796 100.0000
14.7224 99 100 0.9637 0.9409 100.0000
14.7236 89 110 1.1066 10.4014 100.0000
14.7249 103 96 1.0668 -3.8198 100.0000
14.7262 94 105 1.1398 5.2134 100.0000
14.7275 110 89 1.0167 -10.2896 100.0000
14.7287 99 100 1.0344 0.6357 100.0000
14.7300 91 108 1.1571 8.9976 100.0000
14.7313 95 104 1.2241 4.7861 100.0000
14.7325 105 94 1.1658 -5.1626 100.0000
14.7338 109 90 1.0525 -9.8013 100.0000
14.7351 93 106 1.1356 6.0679 100.0000
14.7364 98 101 1.1610 1.5513 100.0000
14.7376 95 104 1.2205 4.3589 100.0000
14.7389 107 92 1.1271 -7.8481 100.0000
14.7402 102 97 1.1060 -2.1108 100.0000
14.7415 93 106 1.1893 6.0068 100.0000
14.7427 98 101 1.2068 1.1240 100.0000
14.7440 98 101 1.2252 1.8564 100.0000
14.7453 102 97 1.1877 -2.5991 100.0000
14.7465 102 97 1.1504 -2.7212 100.0000
14.7478 101 98 1.1303 -1.3784 100.0000
14.7490 99 100 1.1199 0.3916 100.0000
14.7503 97 102 1.1353 2.4668 100.0000
14.7516 107 92 1.0312 -7.1157 100.0000
14.7528 110 89 0.8838 -10.7778 100.0000
14.7541 97 102 0.8907 2.2837 100.0000
14.7554 93 106 0.9430 6.0068 100.0000
14.7567 99 100 0.9218 0.1475 100.0000
14.7580 104 95 0.8487 -4.0640 100.0000
14.7592 101 98 0.7923 -1.9888 100.0000
14.7605 105 94 0.6882 -5.9561 100.0000
14.7617 96 103 0.7044 3.6265 100.0000
14.7630 93 106 0.7536 6.1899 100.0000
14.7643 96 103 0.7634 3.4434 100.0000
14.7656 96 103 0.7784 3.8706 100.0000
14.7669 100 99 0.7444 -0.0356 100.0000
14.7681 103 96 0.6718 -3.2095 100.0000
14.7694 104 95 0.5872 -4.3081 100.0000
14.7707 98 101 0.5811 1.7344 100.0000
14.7719 97 102 0.5900 2.9551 100.0000
14.7732 92 107 0.6573 7.7158 100.0000
14.7744 99 100 0.6345 0.3306 100.0000
14.7757 99 100 0.6182 0.8188 100.0000
14.7770 96 103 0.6391 3.8096 100.0000
14.7782 94 105 0.6805 5.5186 100.0000
14.7795 107 92 0.5615 -7.5430 100.0000
14.7807 104 95 0.4787 -4.9795 100.0000
14.7820 107 92 0.3668 -7.4819 100.0000
14.7833 99 100 0.3523 0.2695 100.0000
14.7845 97 102 0.3535 2.0396 100.0000
14.7858 97 102 0.3628 2.7109 100.0000
14.7870 96 103 0.3787 3.2603 100.0000
14.7883 99 100 0.3583 0.3306 100.0000
14.7895 104 95 0.2766 -4.3691 100.0000
14.7908 94 105 0.3232 5.8848 100.0000
14.7921 96 103 0.3441 3.8706 100.0000
14.7933 94 105 0.3817 5.2744 100.0000
14.7946 93 106 0.4303 6.3120 100.0000
14.7958 96 103 0.4465 3.7485 100.0000
14.7971 92 107 0.5104 7.6548 100.0000
14.7983 98 101 0.4972 1.4902 100.0000
14.7996 101 98 0.4573 -1.1343 100.0000
14.8008 99 100 0.4370 0.3916 100.0000
14.8021 96 103 0.4509 3.1382 100.0000
14.8033 104 95 0.3693 -4.6133 100.0000
14.8046 106 93 0.2881 -6.0171 100.0000
14.8058 109 90 0.1607 -9.9233 100.0000
14.8071 101 98 0.1375 -1.6226 100.0000
14.8084 99 100 0.1565 0.8188 100.0000
14.8096 103 96 0.1233 -3.3926 100.0000
14.8109 101 98 0.1155 -1.3784 100.0000
14.8121 96 103 0.1710 3.7485 100.0000
14.8134 93 106 0.2746 6.5562 100.0000
14.8146 99 100 0.3019 0.5137 100.0000
14.8159 97 102 0.3497 2.2227 100.0000
14.8171 96 103 0.4063 3.0161 100.0000
14.8184 90 109 0.5519 9.5469 100.0000
14.8196 93 106 0.6603 6.8003 100.0000
14.8209 99 100 0.6916 0.6968 100.0000
14.8222 99 100 0.7171 0.2695 100.0000
14.8234 98 101 0.7584 1.0020 100.0000
14.8247 101 98 0.7742 -1.0122 100.0000
14.8259 97 102 0.8346 2.6499 100.0000
14.8272 99 100 0.8714 0.8188 100.0000
14.8284 104 95 0.8507 -4.0640 100.0000
14.8297 103 96 0.8407 -3.2095 100.0000
14.8309 102 97 0.8438 -2.1719 100.0000
14.8322 109 90 0.7590 -9.3130 100.0000
14.8334 103 96 0.7532 -3.6367 100.0000
14.8347 95 104 0.8451 4.2979 100.0000
14.8359 104 95 0.8323 -4.0640 100.0000
14.8372 97 102 0.9031 2.7109 100.0000
14.8385 96 103 0.9828 3.1992 100.0000
14.8397 100 99 1.0197 -0.1577 100.0000
14.8410 97 102 1.0858 2.2837 100.0000
14.8422 99 100 1.1237 0.0864 100.0000
14.8435 98 101 1.1795 1.4292 100.0000
14.8447 95 104 1.2717 4.4810 100.0000
14.8460 96 103 1.3485 3.3823 100.0000
14.8472 95 104 1.4351 4.2979 100.0000
14.8485 91 108 1.5693 8.3872 100.0000
14.8498 99 100 1.6001 0.2085 100.0000
14.8510 97 102 1.6618 2.7720 100.0000
14.8523 104 95 1.6339 -4.4302 100.0000
14.8535 102 97 1.6168 -2.9653 100.0000
14.8548 89 110 1.7667 10.5845 100.0000
14.8560 103 96 1.7350 -3.9419 100.0000
14.8573 95 104 1.8067 4.4199 100.0000
14.8585 106 93 1.7401 -6.0171 100.0000
14.8598 95 104 1.8057 4.6030 100.0000
14.8610 97 102 1.8443 2.5278 100.0000
14.8623 95 104 1.9015 4.1147 100.0000
14.8636 97 102 1.9306 2.5278 100.0000
14.8648 97 102 1.9547 2.1616 100.0000
14.8661 97 102 1.9843 2.6499 100.0000
14.8673 97 102 2.0155 2.8330 100.0000
14.8686 97 102 2.0406 2.6499 100.0000
14.8698 101 98 2.0164 -1.3174 100.0000
14.8711 105 94 1.9430 -5.4067 100.0000
14.8723 89 110 2.0671 10.7676 100.0000
14.8735 95 104 2.1027 4.1758 100.0000
14.8748 98 101 2.1095 1.8564 100.0000
14.8760 97 102 2.1235 2.4668 100.0000
14.8772 98 101 2.1203 1.0630 100.0000
14.8785 103 96 2.0559 -3.2705 100.0000
14.8798 102 97 2.0055 -2.2939 100.0000
14.8810 94 105 2.0469 5.0913 100.0000
14.8823 96 103 2.0694 3.6265 100.0000
14.8835 98 101 2.0540 1.4292 100.0000
14.8848 107 92 1.9324 -7.2378 100.0000
14.8860 96 103 1.9453 3.5044 100.0000
14.8873 101 98 1.8941 -1.6836 100.0000
14.8885 95 104 1.9161 4.9692 100.0000
14.8898 102 97 1.8500 -2.1719 100.0000
14.8911 96 103 1.8601 3.9316 100.0000
14.8923 97 102 1.8499 2.2837 100.0000
14.8936 96 103 1.8449 3.3823 100.0000
14.8948 106 93 1.7215 -6.2612 100.0000
14.8961 102 97 1.6425 -2.8433 100.0000
14.8973 101 98 1.5779 -1.8057 100.0000
14.8986 96 103 1.5765 3.7485 100.0000
14.8998 99 100 1.5406 0.9409 100.0000
14.9011 100 99 1.4844 -0.7681 100.0000
14.9023 107 92 1.3416 -7.9092 100.0000
14.9036 104 95 1.2440 -4.3691 100.0000
14.9049 95 104 1.2551 4.2979 100.0000
14.9061 91 108 1.3175 8.5093 100.0000
14.9074 103 96 1.2317 -3.4536 100.0000
14.9086 97 102 1.2216 2.6499 100.0000
14.9099 94 105 1.2418 5.0913 100.0000
14.9111 109 90 1.0841 -9.3130 100.0000
14.9124 97 102 1.0716 2.2227 100.0000
14.9136 102 97 1.0097 -2.1719 100.0000
14.9149 88 111 1.1186 11.6221 100.0000
14.9161 99 100 1.0933 0.8799 100.0000
14.9174 90 109 1.1716 9.2417 100.0000
14.9187 101 98 1.1193 -1.1343 100.0000
14.9199 104 95 1.0299 -4.2471 100.0000
14.9212 98 101 1.0098 1.2461 100.0000
14.9224 97 102 1.0051 2.4668 100.0000
14.9237 105 94 0.9045 -5.3457 100.0000
14.9249 97 102 0.9042 2.6499 100.0000
14.9262 88 111 1.0091 11.1948 100.0000
14.9275 100 99 0.9719 -0.0967 100.0000
14.9287 106 93 0.8607 -6.1392 100.0000
14.9300 102 97 0.7971 -2.4771 100.0000
14.9312 99 100 0.7694 0.3306 100.0000
14.9325 87 112 0.8945 12.3545 100.0000
14.9337 100 99 0.8609 -0.3408 100.0000
14.9350 100 99 0.8204 -0.9512 100.0000
14.9363 97 102 0.8251 2.6499 100.0000
14.9375 108 91 0.7065 -8.3975 100.0000
14.9388 102 97 0.6669 -2.1719 100.0000
14.9400 97 102 0.6796 2.0396 100.0000
14.9412 90 109 0.7787 9.2417 100.0000
14.9425 102 97 0.7459 -2.6602 100.0000
14.9437 102 97 0.7194 -2.1719 100.0000
14.9449 102 97 0.6849 -2.9043 100.0000
14.9462 95 104 0.7373 4.2368 100.0000
14.9474 104 95 0.6967 -4.6133 100.0000
14.9487 100 99 0.7106 -0.1577 100.0000
14.9499 96 103 0.7680 3.3823 100.0000
14.9512 101 98 0.7670 -1.2563 100.0000
14.9524 95 104 0.8365 4.2979 100.0000
14.9537 94 105 0.9204 5.5796 100.0000
14.9550 96 103 0.9756 3.3823 100.0000
14.9562 104 95 0.9342 -4.3691 100.0000
14.9575 108 91 0.8362 -8.8857 100.0000
14.9587 106 93 0.7696 -6.5054 100.0000
14.9599 102 97 0.7579 -2.1719 100.0000
14.9612 99 100 0.7803 0.6357 100.0000
14.9624 109 90 0.6745 -9.3130 100.0000
14.9636 94 105 0.7471 5.2744 100.0000
14.9649 106 93 0.6813 -6.0781 100.0000
14.9661 100 99 0.6831 -0.5850 100.0000
14.9673 104 95 0.6321 -4.2471 100.0000
14.9686 102 97 0.6002 -2.7212 100.0000
14.9698 100 99 0.6017 -0.0356 100.0000
14.9711 95 104 0.6535 4.0537 100.0000
14.9724 104 95 0.6031 -4.0029 100.0000
14.9736 104 95 0.5469 -4.5522 100.0000
14.9749 98 101 0.5705 1.8564 100.0000
14.9761 109 90 0.4577 -9.1909 100.0000
14.9774 111 88 0.3196 -11.2661 100.0000
14.9786 96 103 0.3647 3.3823 100.0000
14.9799 101 98 0.3522 -1.1953 100.0000
14.9811 103 96 0.3101 -3.6367 100.0000
14.9824 95 104 0.3712 4.4199 100.0000
14.9837 89 110 0.5076 10.6455 100.0000
14.9849 94 105 0.5830 5.8848 100.0000
14.9862 100 99 0.5769 -0.5850 100.0000
14.9874 102 97 0.5452 -2.5991 100.0000
14.9888 103 96 0.4969 -3.7588 100.0000
14.9900 99 100 0.5021 0.2695 100.0000
14.9912 101 98 0.4820 -1.8057 100.0000
14.9925 95 104 0.5429 4.2979 100.0000
14.9938 103 96 0.5073 -3.3926 100.0000
14.9950 100 99 0.5124 -0.1577 100.0000
14.9963 97 102 0.5540 2.8330 100.0000
14.9975 99 100 0.5570 0.2695 100.0000
14.9988 103 96 0.5089 -3.8809 100.0000
15.0000 98 101 0.5278 1.4902 100.0000
15.0013 99 100 0.5380 0.8188 100.0000
15.0025 102 97 0.5000 -2.6602 100.0000
15.0038 105 94 0.4268 -5.5898 100.0000
15.0050 95 104 0.4793 4.5420 100.0000
15.0063 105 94 0.4036 -5.8340 100.0000
15.0075 97 102 0.4239 2.8330 100.0000
15.0088 100 99 0.4026 -0.5239 100.0000
15.0101 106 93 0.3021 -6.8716 100.0000
15.0113 104 95 0.2403 -4.0029 100.0000
15.0126 96 103 0.2668 3.8706 100.0000
15.0139 98 101 0.2673 1.8564 100.0000
15.0151 93 106 0.3222 6.2510 100.0000
15.0164 99 100 0.3027 0.3306 100.0000
15.0177 96 103 0.3158 3.3823 100.0000
15.0189 103 96 0.2394 -3.8809 100.0000
15.0202 103 96 0.1689 -3.5146 100.0000
15.0214 107 92 0.0511 -7.4819 100.0000
15.0227 102 97 0.0061 -2.1108 100.0000
15.0239 103 96 -0.0584 -3.7588 100.0000
15.0252 93 106 -0.0015 6.0068 100.0000
15.0265 102 97 -0.0569 -2.9653 100.0000
15.0278 100 99 -0.0781 -0.5850 100.0000
15.0291 96 103 -0.0435 3.7485 100.0000
15.0303 105 94 -0.1217 -5.2847 100.0000
15.0316 100 99 -0.1366 -0.6460 100.0000
15.0328 99 100 -0.1338 0.7578 100.0000
15.0341 94 105 -0.0731 5.3354 100.0000
15.0354 105 94 -0.1489 -5.4678 100.0000
15.0367 96 103 -0.1095 3.8706 100.0000
15.0379 109 90 -0.2348 -9.3130 100.0000
15.0392 103 96 -0.2888 -3.7588 100.0000
15.0405 105 94 -0.3636 -5.5898 100.0000
15.0417 98 101 -0.3559 1.0630 100.0000
15.0430 91 108 -0.2609 8.1431 100.0000
15.0443 98 101 -0.2438 1.9785 100.0000
15.0455 94 105 -0.1784 5.8848 100.0000
15.0468 93 106 -0.1162 6.3120 100.0000
15.0480 93 106 -0.0499 6.7393 100.0000
15.0493 101 98 -0.0856 -1.4395 100.0000
15.0505 107 92 -0.1920 -7.2378 100.0000
15.0518 101 98 -0.2254 -1.5615 100.0000
15.0531 100 99 -0.2477 -0.7070 100.0000
15.0543 100 99 -0.2681 -0.5850 100.0000
15.0556 100 99 -0.2924 -0.9512 100.0000
15.0569 103 96 -0.3518 -3.8198 100.0000
15.0581 108 91 -0.4710 -8.8857 100.0000
15.0594 105 94 -0.5474 -5.5898 100.0000
15.0607 97 102 -0.5225 2.4668 100.0000
15.0619 98 101 -0.5026 1.8564 100.0000
15.0632 105 94 -0.5767 -5.4678 100.0000
15.0645 101 98 -0.5961 -1.3784 100.0000
15.0658 101 98 -0.6126 -1.1953 100.0000
15.0670 93 106 -0.5223 6.6782 100.0000
15.0683 93 106 -0.4379 6.3120 100.0000
15.0696 101 98 -0.4515 -1.3784 100.0000
15.0709 102 97 -0.4778 -2.4160 100.0000
15.0722 99 100 -0.4571 0.0254 100.0000
15.0735 96 103 -0.3942 3.4434 100.0000
15.0747 102 97 -0.4042 -2.2939 100.0000
15.0760 106 93 -0.4677 -6.6885 100.0000
15.0773 100 99 -0.4461 -0.6460 100.0000
15.0785 103 96 -0.4588 -3.3926 100.0000
15.0798 99 100 -0.4237 0.4526 100.0000
15.0810 97 102 -0.3681 2.1616 100.0000
15.0823 98 101 -0.3130 1.1851 100.0000
15.0836 98 101 -0.2591 1.1851 100.0000
15.0849 104 95 -0.2770 -4.4302 100.0000
15.0861 95 104 -0.1838 4.4199 100.0000
15.0874 98 101 -0.1329 1.1240 100.0000
15.0887 93 106 -0.0180 6.4341 100.0000
15.0899 94 105 0.0841 5.5796 100.0000
15.0912 91 108 0.2123 8.2041 100.0000
15.0925 93 106 0.3200 6.7393 100.0000
15.0937 104 95 0.2894 -4.3081 100.0000
15.0950 95 104 0.3738 4.9082 100.0000
15.0962 97 102 0.4109 2.4058 100.0000
15.0975 100 99 0.4104 -0.5850 100.0000
15.0988 101 98 0.4039 -1.0732 100.0000
15.1000 99 100 0.4215 0.8799 100.0000
15.1013 103 96 0.3855 -3.0264 100.0000
15.1026 93 106 0.4717 6.7393 100.0000
15.1039 90 109 0.5956 9.7300 100.0000
15.1051 95 104 0.6485 4.2979 100.0000
15.1064 93 106 0.7264 6.6172 100.0000
15.1077 103 96 0.6801 -3.2095 100.0000
15.1089 98 101 0.6895 1.1851 100.0000
15.1102 106 93 0.6064 -6.3833 100.0000
15.1114 98 101 0.6222 1.3071 100.0000
15.1127 99 100 0.6278 0.5137 100.0000
15.1140 101 98 0.6068 -1.5615 100.0000
15.1153 97 102 0.6375 2.5278 100.0000
15.1165 100 99 0.6434 -0.0356 100.0000
15.1178 98 101 0.6642 1.1851 100.0000
15.1190 102 97 0.6425 -2.2329 100.0000
15.1203 103 96 0.6019 -3.8198 100.0000
15.1216 96 103 0.6550 3.6265 100.0000
15.1228 99 100 0.6654 0.2695 100.0000
15.1241 100 99 0.6635 -0.7070 100.0000
15.1253 96 103 0.7071 3.0161 100.0000
15.1266 97 102 0.7511 2.4668 100.0000
15.1278 103 96 0.7267 -3.0264 100.0000
15.1291 95 104 0.7954 4.2979 100.0000
15.1304 99 100 0.8104 0.2695 100.0000
15.1317 98 101 0.8369 1.4292 100.0000
15.1330 100 99 0.8374 -0.5850 100.0000
15.1342 100 99 0.8333 -0.9512 100.0000
15.1355 98 101 0.8636 1.7954 100.0000
15.1368 103 96 0.8332 -3.4536 100.0000
15.1380 97 102 0.8799 2.7109 100.0000
15.1393 107 92 0.7931 -7.9702 100.0000
15.1406 104 95 0.7570 -4.0640 100.0000
15.1418 104 95 0.7123 -4.6743 100.0000
15.1431 100 99 0.7220 -0.4019 100.0000
15.1444 95 104 0.7914 4.5420 100.0000
15.1456 98 101 0.8169 1.0020 100.0000
15.1469 101 98 0.8034 -1.9277 100.0000
15.1481 97 102 0.8464 2.6499 100.0000
15.1494 101 98 0.8356 -1.6836 100.0000
15.1506 94 105 0.9126 5.8848 100.0000
15.1519 97 102 0.9431 2.1006 100.0000
15.1532 101 98 0.9242 -1.8057 100.0000
15.1544 94 105 0.9921 5.0913 100.0000
15.1557 100 99 0.9808 -0.3408 100.0000
15.1570 106 93 0.8928 -6.5054 100.0000
15.1583 102 97 0.8561 -2.5381 100.0000
15.1595 98 101 0.8716 1.6123 100.0000
15.1608 103 96 0.8226 -3.0874 100.0000
15.1621 95 104 0.8718 4.7251 100.0000
15.1634 101 98 0.8462 -1.1343 100.0000
15.1646 98 101 0.8556 1.6123 100.0000
15.1659 101 98 0.8143 -1.8667 100.0000
15.1672 104 95 0.7400 -4.4302 100.0000
15.1685 95 104 0.7758 4.1147 100.0000
15.1698 97 102 0.7940 2.7720 100.0000
15.1710 101 98 0.7570 -1.1953 100.0000
15.1723 99 100 0.7435 0.6357 100.0000
15.1736 103 96 0.6849 -3.0264 100.0000
15.1748 96 103 0.7022 3.0161 100.0000
15.1761 104 95 0.6255 -4.7354 100.0000
15.1774 96 103 0.6523 3.5044 100.0000
15.1786 98 101 0.6504 1.2461 100.0000
15.1799 100 99 0.6213 -0.9512 100.0000
15.1811 96 103 0.6561 3.8096 100.0000
15.1824 94 105 0.7161 5.8848 100.0000
15.1837 95 104 0.7605 4.7861 100.0000
15.1849 103 96 0.7032 -3.4536 100.0000
15.1862 97 102 0.7252 2.1616 100.0000
15.1874 106 93 0.6367 -6.8716 100.0000
15.1886 103 96 0.5933 -3.3315 100.0000
15.1899 105 94 0.5184 -5.8340 100.0000
15.1912 104 95 0.4630 -4.8574 100.0000
15.1925 96 103 0.5146 3.5044 100.0000
15.1938 99 100 0.5206 0.0254 100.0000
15.1951 101 98 0.5039 -1.8057 100.0000
15.1963 99 100 0.5187 0.6357 100.0000
15.1976 100 99 0.5204 -0.4019 100.0000
15.1989 97 102 0.5568 2.3447 100.0000
15.2001 94 105 0.6298 5.4575 100.0000
15.2014 97 102 0.6622 2.3447 100.0000
15.2027 96 103 0.7050 3.2603 100.0000
15.2039 98 101 0.7245 1.4292 100.0000
15.2052 104 95 0.6646 -4.7964 100.0000
15.2065 94 105 0.7345 5.5186 100.0000
15.2077 106 93 0.6579 -6.1392 100.0000
15.2090 98 101 0.6726 1.1240 100.0000
15.2103 92 107 0.7613 7.1055 100.0000
15.2116 99 100 0.7677 0.6357 100.0000
15.2128 94 105 0.8356 5.6406 100.0000
15.2141 102 97 0.8073 -2.0498 100.0000
15.2154 100 99 0.7982 -0.7070 100.0000
15.2166 100 99 0.7976 -0.0356 100.0000
15.2179 97 102 0.8284 2.4668 100.0000
15.2192 104 95 0.7669 -4.8574 100.0000
15.2205 95 104 0.8158 4.3589 100.0000
15.2217 104 95 0.7569 -4.2471 100.0000
15.2230 98 101 0.7682 1.3071 100.0000
15.2243 89 110 0.8933 10.5234 100.0000
15.2256 99 100 0.8765 0.3306 100.0000
15.2269 104 95 0.7966 -4.5522 100.0000
15.2282 100 99 0.7756 -0.1577 100.0000
15.2295 105 94 0.6877 -5.4067 100.0000
15.2308 102 97 0.6270 -2.9653 100.0000
15.2321 104 95 0.5494 -4.3691 100.0000
15.2333 103 96 0.4883 -3.2095 100.0000
15.2346 94 105 0.5385 5.7017 100.0000
15.2359 98 101 0.5256 1.1851 100.0000
15.2371 103 96 0.4568 -3.2705 100.0000
15.2384 105 94 0.3633 -5.4678 100.0000
15.2397 108 91 0.2382 -8.2144 100.0000
15.2409 99 100 0.2232 0.0254 100.0000
15.2422 97 102 0.2407 2.5889 100.0000
15.2435 99 100 0.2280 0.2085 100.0000
15.2447 108 91 0.1132 -8.2144 100.0000
15.2460 95 104 0.1629 4.2979 100.0000
15.2472 109 90 0.0442 -9.3740 100.0000
15.2485 97 102 0.0694 2.2837 100.0000
15.2498 93 106 0.1575 6.3120 100.0000
15.2511 93 106 0.2465 6.6172 100.0000
15.2524 95 104 0.3080 4.7251 100.0000
15.2536 101 98 0.2961 -1.1343 100.0000
15.2549 97 102 0.3310 2.2227 100.0000
15.2561 102 97 0.3037 -2.7822 100.0000
15.2574 100 99 0.2994 -0.9512 100.0000
15.2586 100 99 0.2997 -0.5850 100.0000
15.2599 101 98 0.2848 -1.9277 100.0000
15.2611 106 93 0.2166 -6.3833 100.0000
15.2623 105 94 0.1569 -5.7729 100.0000
15.2636 98 101 0.1886 1.6733 100.0000
15.2648 99 100 0.2181 0.9409 100.0000
15.2660 90 109 0.3503 9.4858 100.0000
15.2673 106 93 0.2832 -6.6274 100.0000
15.2685 92 107 0.3852 7.0444 100.0000
15.2698 94 105 0.4733 5.8848 100.0000
15.2710 96 103 0.5326 3.6875 100.0000
15.2723 90 109 0.6582 9.1807 100.0000
15.2736 103 96 0.6313 -3.0264 100.0000
15.2748 104 95 0.5909 -4.6133 100.0000
15.2761 101 98 0.5910 -1.3784 100.0000
15.2773 102 97 0.5778 -2.4160 100.0000
15.2786 104 95 0.5452 -4.0640 100.0000
15.2798 104 95 0.5086 -4.4302 100.0000
15.2811 96 103 0.5703 3.6265 100.0000
15.2823 105 94 0.5252 -5.1016 100.0000
15.2835 102 97 0.5128 -2.4771 100.0000
15.2848 102 97 0.4983 -2.1719 100.0000
15.2861 108 91 0.4029 -8.7026 100.0000
15.2873 94 105 0.4885 5.7627 100.0000
15.2886 108 91 0.3992 -8.2754 100.0000
15.2898 103 96 0.3590 -3.8198 100.0000
15.2911 106 93 0.2883 -6.2002 100.0000
15.2924 96 103 0.3397 3.4434 100.0000
15.2937 103 96 0.2984 -3.9419 100.0000
15.2949 95 104 0.3511 4.4810 100.0000
15.2962 94 105 0.4212 5.8237 100.0000
15.2975 103 96 0.3688 -3.8198 100.0000
15.2987 102 97 0.3329 -2.5991 100.0000
15.3000 101 98 0.3023 -1.2563 100.0000
15.3012 102 97 0.2567 -2.5381 100.0000
15.3025 101 98 0.2203 -1.8057 100.0000
15.3038 108 91 0.0986 -8.8857 100.0000
15.3051 98 101 0.0911 1.0630 100.0000
15.3064 98 101 0.0845 1.1240 100.0000
15.3077 105 94 0.0001 -5.1016 100.0000
15.3089 99 100 -0.0081 0.8799 100.0000
15.3102 91 108 0.0696 8.5703 100.0000
15.3115 98 101 0.0526 1.0020 100.0000
15.3128 95 104 0.0751 4.1147 100.0000
15.3141 107 92 -0.0532 -7.8481 100.0000
15.3154 100 99 -0.0904 -0.5239 100.0000
15.3166 99 100 -0.1155 0.3916 100.0000
15.3179 91 108 -0.0342 8.9976 100.0000
15.3192 105 94 -0.1285 -5.0405 100.0000
15.3204 103 96 -0.1939 -3.2705 100.0000
15.3217 104 95 -0.2707 -4.3081 100.0000
15.3230 101 98 -0.3102 -1.3784 100.0000
15.3242 102 97 -0.3530 -2.4771 100.0000
15.3255 102 97 -0.3895 -2.0498 100.0000
15.3268 100 99 -0.4100 -0.8291 100.0000
15.3280 95 104 -0.3666 4.2979 100.0000
15.3293 98 101 -0.3401 1.6123 100.0000
15.3306 97 102 -0.3065 2.2837 100.0000
15.3318 90 109 -0.1900 9.1196 100.0000
15.3331 102 97 -0.2146 -2.2329 100.0000
15.3343 98 101 -0.1909 1.0630 100.0000
15.3356 100 99 -0.1926 -0.9512 100.0000
15.3368 100 99 -0.1911 -0.7070 100.0000
15.3381 98 101 -0.1586 1.7954 100.0000
15.3394 101 98 -0.1562 -1.4395 100.0000
15.3406 94 105 -0.0723 5.1523 100.0000
15.3419 96 103 -0.0161 3.0771 100.0000
15.3432 101 98 -0.0207 -1.7446 100.0000
15.3444 109 90 -0.1117 -9.0078 100.0000
15.3457 100 99 -0.0907 -0.2798 100.0000
15.3470 101 98 -0.0905 -1.9277 100.0000
15.3482 102 97 -0.1020 -2.9043 100.0000
15.3495 108 91 -0.1830 -8.6416 100.0000
15.3508 94 105 -0.0850 5.5186 100.0000
15.3520 114 85 -0.2349 -14.3789 100.0000
15.3533 106 93 -0.2877 -6.6274 100.0000
15.3546 101 98 -0.2722 -1.5615 100.0000
15.3559 98 101 -0.2231 1.1240 100.0000
15.3572 101 98 -0.2024 -1.0732 100.0000
15.3584 106 93 -0.2538 -6.8716 100.0000
15.3597 97 102 -0.1849 2.6499 100.0000
15.3609 103 96 -0.1952 -3.6367 100.0000
15.3622 98 101 -0.1466 1.1240 100.0000
15.3635 95 104 -0.0547 4.6641 100.0000
15.3648 93 106 0.0539 6.0679 100.0000
15.3660 102 97 0.0489 -2.7822 100.0000
15.3673 98 101 0.0958 1.3682 100.0000
15.3686 96 103 0.1709 3.7485 100.0000
15.3698 101 98 0.1685 -1.6226 100.0000
15.3711 94 105 0.2491 5.0913 100.0000
15.3724 97 102 0.2997 2.7720 100.0000
15.3736 97 102 0.3434 2.2837 100.0000
15.3749 103 96 0.3075 -3.6367 100.0000
15.3762 92 107 0.4103 7.5327 100.0000
15.3774 102 97 0.3878 -2.4160 100.0000
15.3787 98 101 0.4188 1.8564 100.0000
15.3800 96 103 0.4658 3.9316 100.0000
15.3813 100 99 0.4599 -0.1577 100.0000
15.3826 96 103 0.5057 3.8706 100.0000
15.3838 95 104 0.5559 4.4810 100.0000
15.3852 95 104 0.6016 4.1147 100.0000
15.3864 97 102 0.6295 2.8940 100.0000
15.3877 102 97 0.5912 -2.4160 100.0000
15.3890 102 97 0.5522 -2.1719 100.0000
15.3902 101 98 0.5235 -1.4395 100.0000
15.3915 100 99 0.5037 -0.7681 100.0000
15.3928 107 92 0.3943 -7.8481 100.0000
15.3940 101 98 0.3739 -1.0122 100.0000
15.3953 111 88 0.2230 -11.5713 100.0000
15.3966 99 100 0.2197 0.0864 100.0000
15.3978 95 104 0.2763 4.9692 100.0000
15.3991 103 96 0.2264 -3.0264 100.0000
15.4004 96 103 0.2569 3.3213 100.0000
15.4016 105 94 0.1778 -5.4067 100.0000
15.4029 102 97 0.1395 -2.2939 100.0000
15.4041 100 99 0.1142 -0.8901 100.0000
15.4054 105 94 0.0279 -5.7119 100.0000
15.4067 95 104 0.0658 4.0537 100.0000
15.4080 96 103 0.0950 3.3823 100.0000
15.4092 101 98 0.0461 -1.7446 100.0000
15.4105 93 106 0.0966 6.2510 100.0000
15.4118 95 104 0.1263 4.6030 100.0000
15.4130 100 99 0.0896 -0.7070 100.0000
15.4143 107 92 -0.0244 -7.0547 100.0000
15.4156 101 98 -0.0665 -1.3784 100.0000
15.4168 103 96 -0.1332 -3.4536 100.0000
15.4181 100 99 -0.1601 -0.3408 100.0000
15.4193 92 107 -0.0965 7.2275 100.0000
15.4206 102 97 -0.1551 -2.5991 100.0000
15.4218 99 100 -0.1788 0.1475 100.0000
15.4231 102 97 -0.2359 -2.5991 100.0000
15.4243 96 103 -0.2076 3.5654 100.0000
15.4256 105 94 -0.2926 -5.5898 100.0000
15.4269 95 104 -0.2494 4.6641 100.0000
15.4282 102 97 -0.2923 -2.1719 100.0000
15.4294 103 96 -0.3473 -3.8198 100.0000
15.4308 95 104 -0.2957 4.4810 100.0000
15.4320 98 101 -0.2888 1.1851 100.0000
15.4333 92 107 -0.1943 7.6548 100.0000
15.4346 103 96 -0.2422 -3.5146 100.0000
15.4359 97 102 -0.2120 2.6499 100.0000
15.4371 96 103 -0.1669 3.9927 100.0000
15.4384 92 107 -0.0793 7.1665 100.0000
15.4397 96 103 -0.0381 3.6265 100.0000
15.4409 98 101 -0.0213 1.7344 100.0000
15.4421 100 99 -0.0324 -0.5239 100.0000
15.4434 99 100 -0.0293 0.2695 100.0000
15.4447 107 92 -0.1212 -7.4209 100.0000
15.4460 93 106 -0.0363 6.6172 100.0000
15.4472 93 106 0.0440 6.5562 100.0000
15.4485 104 95 -0.0064 -4.3691 100.0000
15.4497 97 102 0.0261 2.2837 100.0000
15.4510 101 98 0.0169 -1.0732 100.0000
15.4522 101 98 0.0064 -1.1953 100.0000
15.4535 90 109 0.1386 9.1807 100.0000
15.4548 95 104 0.2103 4.4199 100.0000
15.4560 97 102 0.2534 2.2837 100.0000
15.4573 104 95 0.2185 -4.0640 100.0000
15.4585 100 99 0.2267 -0.9512 100.0000
15.4598 98 101 0.2646 1.4292 100.0000
15.4611 110 89 0.1524 -10.6558 100.0000
15.4623 98 101 0.1916 1.4292 100.0000
15.4636 93 106 0.2881 6.0068 100.0000
15.4649 106 93 0.2294 -6.2612 100.0000
15.4661 100 99 0.2429 -0.5239 100.0000
15.4674 97 102 0.2942 2.5278 100.0000
15.4687 100 99 0.3088 -0.1577 100.0000
15.4699 95 104 0.3759 4.1147 100.0000
15.4712 99 100 0.3941 0.2695 100.0000
15.4724 100 99 0.4082 -0.0356 100.0000
15.4736 101 98 0.4038 -1.0122 100.0000
15.4749 94 105 0.4754 5.2134 100.0000
15.4761 102 97 0.4486 -2.7212 100.0000
15.4774 96 103 0.4999 3.5654 100.0000
15.4787 98 101 0.5263 1.4292 100.0000
15.4800 96 103 0.5748 3.3213 100.0000
15.4812 103 96 0.5391 -3.4536 100.0000
15.4825 97 102 0.5796 2.7109 100.0000
15.4838 102 97 0.5658 -2.1108 100.0000
15.4851 98 101 0.6020 1.7954 100.0000
15.4864 101 98 0.6008 -1.0732 100.0000
15.4877 96 103 0.6624 3.8706 100.0000
15.4889 98 101 0.6993 1.5513 100.0000
15.4902 103 96 0.6767 -3.2095 100.0000
15.4914 104 95 0.6407 -4.3081 100.0000
15.4927 100 99 0.6486 -0.8291 100.0000
15.4940 96 103 0.7113 3.3213 100.0000
15.4953 105 94 0.6664 -5.1626 100.0000
15.4965 102 97 0.6597 -2.2329 100.0000
15.4978 98 101 0.7058 1.8564 100.0000
15.4991 98 101 0.7499 1.7344 100.0000
15.5003 97 102 0.7962 2.0396 100.0000
15.5016 98 101 0.8390 1.7954 100.0000
15.5029 95 104 0.9078 4.1147 100.0000
15.5041 98 101 0.9476 1.8564 100.0000
15.5054 106 93 0.8884 -6.1392 100.0000
15.5066 105 94 0.8416 -5.1626 100.0000
15.5079 92 107 0.9501 7.5327 100.0000
15.5092 97 102 0.9921 2.2837 100.0000
15.5104 99 100 1.0093 0.3306 100.0000
15.5117 94 105 1.0938 5.8237 100.0000
15.5130 102 97 1.0774 -2.1719 100.0000
15.5142 92 107 1.1870 7.9600 100.0000
15.5155 97 102 1.2280 2.5278 100.0000
15.5168 98 101 1.2494 1.0630 100.0000
15.5180 103 96 1.2014 -3.9419 100.0000
15.5193 100 99 1.1988 -0.4019 100.0000
15.5206 97 102 1.2313 2.4058 100.0000
15.5218 101 98 1.2181 -1.2563 100.0000
15.5231 86 113 1.3806 13.3921 100.0000
15.5244 99 100 1.3777 0.2695 100.0000
15.5256 97 102 1.3997 2.2837 100.0000
15.5269 99 100 1.3940 0.0864 100.0000
15.5282 100 99 1.3787 -0.2798 100.0000
15.5294 97 102 1.3949 2.2837 100.0000
15.5307 99 100 1.3916 0.6968 100.0000
15.5319 105 94 1.3109 -5.6509 100.0000
15.5332 102 97 1.2653 -2.3550 100.0000
15.5344 101 98 1.2358 -1.1343 100.0000
15.5357 96 103 1.2692 3.9316 100.0000
15.5369 102 97 1.2245 -2.3550 100.0000
15.5383 94 105 1.2916 5.8848 100.0000
15.5395 103 96 1.2423 -3.0264 100.0000
15.5408 98 101 1.2529 1.7344 100.0000
15.5421 103 96 1.1993 -3.3926 100.0000
15.5433 100 99 1.1853 -0.2188 100.0000
15.5446 105 94 1.1055 -5.4067 100.0000
15.5459 100 99 1.0942 -0.1577 100.0000
15.5472 92 107 1.1782 7.4717 100.0000
15.5485 99 100 1.1834 0.5137 100.0000
15.5497 103 96 1.1362 -3.6978 100.0000
15.5510 99 100 1.1383 0.2085 100.0000
15.5523 103 96 1.0992 -3.0874 100.0000
15.5536 95 104 1.1506 4.4810 100.0000
15.5548 93 106 1.2275 6.6782 100.0000
15.5561 98 101 1.2445 1.9175 100.0000
15.5573 102 97 1.2123 -2.0498 100.0000
15.5586 102 97 1.1711 -2.8433 100.0000
15.5598 106 93 1.0898 -6.2002 100.0000
15.5611 93 106 1.1631 6.3120 100.0000
15.5623 100 99 1.1455 -0.8291 100.0000
15.5636 93 106 1.2127 6.0679 100.0000
15.5648 97 102 1.2316 2.2227 100.0000
15.5661 100 99 1.2120 -0.8901 100.0000
15.5673 98 101 1.2124 1.0630 100.0000
15.5686 97 102 1.2287 2.2837 100.0000
15.5698 102 97 1.1824 -2.7212 100.0000
15.5711 96 103 1.2180 3.8706 100.0000
15.5724 101 98 1.1837 -1.5005 100.0000
15.5736 97 102 1.1981 2.4058 100.0000
15.5749 93 106 1.2633 6.5562 100.0000
15.5761 99 100 1.2551 0.6968 100.0000
15.5774 94 105 1.3063 5.9458 100.0000
15.5786 98 101 1.3054 1.7954 100.0000
15.5799 108 91 1.1806 -8.3364 100.0000
15.5811 100 99 1.1591 -0.0967 100.0000
15.5824 91 108 1.2337 8.1431 100.0000
15.5836 95 104 1.2665 4.8472 100.0000
15.5849 98 101 1.2592 1.6123 100.0000
15.5861 103 96 1.1947 -3.0264 100.0000
15.5874 93 106 1.2389 6.3120 100.0000
15.5887 102 97 1.1754 -2.2939 100.0000
15.5899 96 103 1.1817 3.2603 100.0000
15.5912 93 106 1.2223 6.0679 100.0000
15.5924 95 104 1.2415 4.0537 100.0000
15.5937 102 97 1.1807 -2.4160 100.0000
15.5950 97 102 1.1827 2.5889 100.0000
15.5962 95 104 1.2050 4.2368 100.0000
15.5975 99 100 1.1844 0.8799 100.0000
15.5987 96 103 1.1965 3.5044 100.0000
15.6000 104 95 1.1129 -4.2471 100.0000
15.6012 99 100 1.0867 0.2695 100.0000
15.6025 105 94 0.9928 -5.5288 100.0000
15.6037 102 97 0.9339 -2.8433 100.0000
15.6050 101 98 0.8973 -1.1343 100.0000
15.6062 101 98 0.8628 -1.0122 100.0000
15.6075 94 105 0.9082 5.2744 100.0000
15.6088 100 99 0.8816 -0.5239 100.0000
15.6100 95 104 0.9174 4.5420 100.0000
15.6113 99 100 0.9050 0.6357 100.0000
15.6126 102 97 0.8592 -2.2329 100.0000
15.6138 94 105 0.9052 5.0913 100.0000
15.6151 103 96 0.8420 -3.6367 100.0000
15.6164 95 104 0.8842 4.7251 100.0000
15.6177 96 103 0.9193 3.9316 100.0000
15.6189 99 100 0.9089 0.3916 100.0000
15.6202 89 110 1.0222 10.2183 100.0000
15.6214 97 102 1.0352 2.4668 100.0000
15.6227 109 90 0.9115 -9.1909 100.0000
15.6240 99 100 0.9108 0.3916 100.0000
15.6253 101 98 0.8875 -1.4395 100.0000
15.6265 102 97 0.8542 -2.2939 100.0000
15.6278 91 108 0.9548 8.2041 100.0000
15.6290 95 104 1.0113 4.7251 100.0000
15.6303 95 104 1.0625 4.2979 100.0000
15.6316 94 105 1.1223 5.2134 100.0000
15.6329 102 97 1.0938 -2.2329 100.0000
15.6341 98 101 1.1089 1.1851 100.0000
15.6354 99 100 1.1147 0.4526 100.0000
15.6367 95 104 1.1675 4.6641 100.0000
15.6380 97 102 1.1930 2.6499 100.0000
15.6393 106 93 1.1042 -6.3223 100.0000
15.6406 102 97 1.0687 -2.3550 100.0000
15.6418 107 92 0.9725 -7.0547 100.0000
15.6431 97 102 0.9896 2.0396 100.0000
15.6443 101 98 0.9583 -1.8057 100.0000
15.6456 101 98 0.9293 -1.6836 100.0000
15.6468 102 97 0.8884 -2.1719 100.0000
15.6481 91 108 0.9765 8.1431 100.0000
15.6494 96 103 1.0044 3.5044 100.0000
15.6506 107 92 0.9002 -7.2378 100.0000
15.6519 97 102 0.9123 2.2837 100.0000
15.6532 102 97 0.8628 -2.5991 100.0000
15.6545 96 103 0.8954 3.8706 100.0000
15.6557 102 97 0.8450 -2.7212 100.0000
15.6570 97 102 0.8572 2.4058 100.0000
15.6583 87 112 0.9882 12.0493 100.0000
15.6595 96 103 1.0067 3.1992 100.0000
15.6608 90 109 1.1024 9.3638 100.0000
15.6621 97 102 1.1107 2.7720 100.0000
15.6633 108 91 0.9761 -8.7026 100.0000
15.6646 98 101 0.9695 1.3682 100.0000
15.6659 107 92 0.8469 -7.8481 100.0000
15.6672 90 109 0.9468 9.5469 100.0000
15.6685 100 99 0.9124 -0.6460 100.0000
15.6698 101 98 0.8735 -1.0732 100.0000
15.6710 95 104 0.9025 4.2979 100.0000
15.6723 102 97 0.8359 -2.4771 100.0000
15.6736 96 103 0.8447 3.4434 100.0000
15.6749 103 96 0.7655 -3.5757 100.0000
15.6761 103 96 0.6929 -3.1484 100.0000
15.6774 92 107 0.7543 7.4717 100.0000
15.6787 99 100 0.7334 0.8799 100.0000
15.6799 107 92 0.6097 -7.3599 100.0000
15.6812 96 103 0.6216 3.2603 100.0000
15.6825 103 96 0.5372 -3.8809 100.0000
15.6839 86 113 0.6857 13.8193 100.0000
15.6852 102 97 0.6131 -2.9043 100.0000
15.6864 94 105 0.6589 5.9458 100.0000
15.6877 96 103 0.6757 3.6875 100.0000
15.6890 95 104 0.7022 4.4810 100.0000
15.6902 103 96 0.6269 -3.6367 100.0000
15.6915 99 100 0.6074 0.8188 100.0000
15.6928 95 104 0.6363 4.6641 100.0000
15.6941 94 105 0.6761 5.4575 100.0000
15.6953 100 99 0.6352 -0.8291 100.0000
15.6966 102 97 0.5827 -2.6602 100.0000
15.6978 98 101 0.5850 1.7344 100.0000
15.6991 97 102 0.5943 2.2837 100.0000
15.7004 104 95 0.5211 -4.2471 100.0000
15.7017 102 97 0.4685 -2.9043 100.0000
15.7029 104 95 0.3987 -4.3691 100.0000
15.7042 104 95 0.3260 -4.6133 100.0000
15.7055 107 92 0.2232 -7.2988 100.0000
15.7068 101 98 0.2079 -1.3784 100.0000
15.7080 98 101 0.2280 1.4292 100.0000
15.7093 98 101 0.2507 1.6733 100.0000
15.7106 94 105 0.3247 5.8848 100.0000
15.7118 104 95 0.2770 -4.0640 100.0000
15.7131 106 93 0.1971 -6.8105 100.0000
15.7144 96 103 0.2454 3.4434 100.0000
15.7156 98 101 0.2672 1.3682 100.0000
15.7169 88 111 0.4349 11.9272 100.0000
15.7182 99 100 0.4536 0.3916 100.0000
15.7195 98 101 0.4867 1.4902 100.0000
15.7208 102 97 0.4701 -2.2939 100.0000
15.7221 105 94 0.4151 -5.3457 100.0000
15.7234 105 94 0.3565 -5.8340 100.0000
15.7247 104 95 0.3185 -4.2471 100.0000
15.7259 98 101 0.3538 1.4902 100.0000
15.7272 96 103 0.4142 3.5044 100.0000
15.7285 106 93 0.3536 -6.0781 100.0000
15.7297 93 106 0.4487 6.3120 100.0000
15.7310 97 102 0.4938 2.4058 100.0000
15.7323 89 110 0.6362 10.3403 100.0000
15.7335 96 103 0.6949 3.8706 100.0000
15.7348 97 102 0.7413 2.8330 100.0000
15.7360 96 103 0.7949 3.5654 100.0000
15.7373 92 107 0.9016 7.7769 100.0000
15.7386 98 101 0.9315 1.8564 100.0000
15.7399 101 98 0.9173 -1.6226 100.0000
15.7411 92 107 1.0169 7.5327 100.0000
15.7424 100 99 1.0114 -0.9512 100.0000
15.7437 99 100 1.0188 0.0864 100.0000
15.7449 90 109 1.1502 9.9131 100.0000
15.7462 99 100 1.1627 0.6968 100.0000
15.7475 101 98 1.1505 -1.2563 100.0000
15.7488 106 93 1.0723 -6.5054 100.0000
15.7500 95 104 1.1293 4.2368 100.0000
15.7513 105 94 1.0670 -5.1016 100.0000
15.7526 98 101 1.0921 1.7954 100.0000
15.7538 104 95 1.0385 -4.5522 100.0000
15.7551 99 100 1.0527 0.9409 100.0000
15.7563 111 88 0.9092 -11.0830 100.0000
15.7576 98 101 0.9291 1.9785 100.0000
15.7588 102 97 0.8997 -2.0498 100.0000
15.7601 94 105 0.9609 5.3354 100.0000
15.7613 95 104 1.0066 4.4810 100.0000
15.7625 108 91 0.8947 -8.4585 100.0000
15.7638 97 102 0.9148 2.2227 100.0000
15.7650 94 105 0.9791 5.9458 100.0000
15.7663 102 97 0.9296 -2.7212 100.0000
15.7675 102 97 0.8836 -2.5381 100.0000
15.7687 95 104 0.9243 4.5420 100.0000
15.7700 105 94 0.8392 -5.7729 100.0000
15.7712 100 99 0.8278 -0.0967 100.0000
15.7725 95 104 0.8771 4.8472 100.0000
15.7737 102 97 0.8366 -2.4160 100.0000
15.7750 105 94 0.7561 -5.7119 100.0000
15.7762 101 98 0.7281 -1.3174 100.0000
15.7774 94 105 0.7790 5.1523 100.0000
15.7787 101 98 0.7428 -1.9277 100.0000
15.7799 107 92 0.6347 -7.9702 100.0000
15.7812 96 103 0.6742 3.6265 100.0000
15.7824 102 97 0.6399 -2.4160 100.0000
15.7836 96 103 0.6831 3.9316 100.0000
15.7849 107 92 0.5840 -7.7871 100.0000
15.7861 103 96 0.5300 -3.9419 100.0000
15.7873 103 96 0.4836 -3.3926 100.0000
15.7886 100 99 0.4751 -0.3408 100.0000
15.7898 97 102 0.5029 2.5889 100.0000
15.7911 100 99 0.4889 -0.8291 100.0000
15.7924 94 105 0.5535 5.5186 100.0000
15.7936 95 104 0.6078 4.7861 100.0000
15.7949 101 98 0.5880 -1.1343 100.0000
15.7961 106 93 0.4929 -6.7495 100.0000
15.7974 96 103 0.5210 3.0771 100.0000
15.7987 100 99 0.5033 -0.5850 100.0000
15.7999 95 104 0.5540 4.9082 100.0000
15.8012 104 95 0.4903 -4.4302 100.0000
15.8025 97 102 0.5162 2.7109 100.0000
15.8037 100 99 0.5039 -0.3408 100.0000
15.8050 100 99 0.4865 -0.7681 100.0000
15.8062 95 104 0.5339 4.3589 100.0000
15.8075 96 103 0.5652 3.1382 100.0000
15.8088 107 92 0.4654 -7.4209 100.0000
15.8100 93 106 0.5423 6.7393 100.0000
15.8113 94 105 0.6086 5.1523 100.0000
15.8125 101 98 0.5918 -1.5005 100.0000
15.8138 96 103 0.6309 3.0161 100.0000
15.8150 106 93 0.5558 -6.2002 100.0000
15.8163 96 103 0.6095 3.6265 100.0000
15.8175 93 106 0.6958 6.3730 100.0000
15.8188 97 102 0.7348 2.6499 100.0000
15.8201 98 101 0.7534 1.0630 100.0000
15.8213 97 102 0.7985 2.8940 100.0000
15.8226 102 97 0.7705 -2.9653 100.0000
15.8238 96 103 0.8226 3.5044 100.0000
15.8251 98 101 0.8490 1.4902 100.0000
15.8263 94 105 0.9155 5.5796 100.0000
15.8276 108 91 0.8088 -8.3975 100.0000
15.8288 109 90 0.6898 -9.5571 100.0000
15.8301 100 99 0.6737 -0.2798 100.0000
15.8314 97 102 0.6866 2.0396 100.0000
15.8326 103 96 0.6257 -3.9419 100.0000
15.8339 94 105 0.6831 5.5796 100.0000
15.8351 105 94 0.5864 -5.6509 100.0000
15.8364 99 100 0.5689 0.6357 100.0000
15.8376 95 104 0.6020 4.7251 100.0000
15.8389 100 99 0.5729 -0.2798 100.0000
15.8401 100 99 0.5242 -0.8901 100.0000
15.8414 96 103 0.5327 3.6875 100.0000
15.8426 96 103 0.5432 3.8706 100.0000
15.8439 98 101 0.5198 1.1240 100.0000
15.8451 103 96 0.4438 -3.0264 100.0000
15.8464 107 92 0.3151 -7.4209 100.0000
15.8477 99 100 0.2867 0.5137 100.0000
15.8489 97 102 0.2841 2.5889 100.0000
15.8501 100 99 0.2526 -0.0356 100.0000
15.8514 101 98 0.1982 -1.9888 100.0000
15.8526 99 100 0.1722 0.2695 100.0000
15.8538 103 96 0.1037 -3.2705 100.0000
15.8551 102 97 0.0469 -2.7822 100.0000
15.8563 103 96 -0.0206 -3.7588 100.0000
15.8575 107 92 -0.1276 -7.1157 100.0000
15.8588 100 99 -0.1511 -0.4019 100.0000
15.8601 98 101 -0.1460 1.3682 100.0000
15.8613 97 102 -0.1215 2.9551 100.0000
15.8626 99 100 -0.1223 0.9409 100.0000
15.8638 102 97 -0.1636 -2.3550 100.0000
15.8651 106 93 -0.2488 -6.2612 100.0000
15.8663 104 95 -0.3153 -4.8574 100.0000
15.8676 98 101 -0.3023 1.4902 100.0000
15.8688 104 95 -0.3661 -4.7354 100.0000
15.8701 92 107 -0.2757 7.1055 100.0000
15.8713 94 105 -0.2029 5.8237 100.0000
15.8726 98 101 -0.1802 1.8564 100.0000
15.8738 93 106 -0.0966 6.8613 100.0000
15.8751 99 100 -0.0863 0.5137 100.0000
15.8764 99 100 -0.0776 0.3916 100.0000
15.8776 97 102 -0.0414 2.6499 100.0000
15.8789 104 95 -0.0948 -4.5522 100.0000
15.8801 108 91 -0.1797 -8.1533 100.0000
15.8814 96 103 -0.1216 3.3213 100.0000
15.8826 100 99 -0.1149 -0.7681 100.0000
15.8839 97 102 -0.0655 2.7109 100.0000
15.8852 100 99 -0.0558 -0.9512 100.0000
15.8864 99 100 -0.0261 0.6968 100.0000
15.8877 92 107 0.0878 7.5938 100.0000
15.8889 97 102 0.1388 2.6499 100.0000
15.8902 97 102 0.1898 2.2227 100.0000
15.8914 90 109 0.3281 9.4248 100.0000
15.8927 98 101 0.3708 1.8564 100.0000
15.8939 100 99 0.3804 -0.7681 100.0000
15.8952 97 102 0.4320 2.4058 100.0000
15.8964 102 97 0.4189 -2.7822 100.0000
15.8977 95 104 0.5004 4.9082 100.0000
15.8989 94 105 0.5918 5.8237 100.0000
15.9002 93 106 0.6962 6.6172 100.0000
15.9014 95 104 0.7745 4.6641 100.0000
15.9027 98 101 0.8078 1.1240 100.0000
15.9040 92 107 0.9245 7.9600 100.0000
15.9052 106 93 0.8605 -6.2002 100.0000
15.9065 110 89 0.7485 -10.2285 100.0000
15.9077 93 106 0.8383 6.0068 100.0000
15.9090 92 107 0.9420 7.2886 100.0000
15.9102 100 99 0.9531 -0.1577 100.0000
15.9115 95 104 1.0174 4.1758 100.0000
15.9127 99 100 1.0292 0.0254 100.0000
15.9140 100 99 1.0378 -0.2188 100.0000
15.9153 104 95 0.9773 -4.7964 100.0000
15.9165 99 100 0.9862 0.7578 100.0000
15.9178 98 101 1.0033 1.4292 100.0000
15.9190 96 103 1.0455 3.5044 100.0000
15.9203 98 101 1.0556 1.7344 100.0000
15.9215 96 103 1.0820 3.0771 100.0000
15.9228 99 100 1.0794 0.7578 100.0000
15.9240 94 105 1.1399 5.8848 100.0000
15.9253 96 103 1.1743 3.8706 100.0000
15.9265 105 94 1.0950 -5.3457 100.0000
15.9278 96 103 1.1319 3.9927 100.0000
15.9291 91 108 1.2275 8.6313 100.0000
15.9303 98 101 1.2282 1.4292 100.0000
15.9316 94 105 1.2844 5.9458 100.0000
15.9328 95 104 1.3273 4.9692 100.0000
15.9341 97 102 1.3425 2.7720 100.0000
15.9353 108 91 1.2332 -8.0312 100.0000
15.9366 96 103 1.2648 3.2603 100.0000
15.9378 94 105 1.3256 5.7017 100.0000
15.9391 102 97 1.2880 -2.2329 100.0000
15.9403 98 101 1.3051 1.8564 100.0000
15.9416 102 97 1.2634 -2.9653 100.0000
15.9428 102 97 1.2225 -2.9653 100.0000
15.9440 95 104 1.2756 4.7251 100.0000
15.9453 100 99 1.2729 -0.2188 100.0000
15.9465 98 101 1.2946 1.7954 100.0000
15.9477 100 99 1.2828 -0.9512 100.0000
15.9490 102 97 1.2485 -2.7822 100.0000
15.9502 98 101 1.2599 1.0630 100.0000
15.9515 100 99 1.2523 -0.4629 100.0000
15.9527 100 99 1.2411 -0.7681 100.0000
15.9540 99 100 1.2399 0.0254 100.0000
15.9552 96 103 1.2813 3.7485 100.0000
15.9565 102 97 1.2490 -2.1719 100.0000
15.9578 104 95 1.1911 -4.3081 100.0000
15.9590 93 106 1.2636 6.8003 100.0000
15.9603 105 94 1.1839 -5.4678 100.0000
15.9615 100 99 1.1635 -0.7681 100.0000
15.9628 100 99 1.1427 -0.8291 100.0000
15.9640 95 104 1.1845 4.6641 100.0000
15.9653 99 100 1.1775 0.7578 100.0000
15.9665 96 103 1.2035 3.4434 100.0000
15.9678 97 102 1.2208 2.7720 100.0000
15.9690 102 97 1.1702 -2.4771 100.0000
15.9703 93 106 1.2290 6.3730 100.0000
15.9715 101 98 1.1896 -1.5615 100.0000
15.9728 94 105 1.2420 5.8848 100.0000
15.9740 95 104 1.2772 4.7251 100.0000
15.9753 98 101 1.2728 1.5513 100.0000
15.9765 96 103 1.2918 3.4434 100.0000
15.9778 92 107 1.3620 7.6548 100.0000
15.9790 99 100 1.3305 0.0864 100.0000
15.9803 97 102 1.3307 2.6499 100.0000
15.9815 94 105 1.3653 5.5186 100.0000
15.9827 95 104 1.3919 4.9082 100.0000
15.9840 97 102 1.3756 2.2837 100.0000
15.9852 97 102 1.3611 2.4058 100.0000
15.9864 105 94 1.2537 -5.3457 100.0000
15.9876 103 96 1.1674 -3.7588 100.0000
15.9889 99 100 1.1241 0.8799 100.0000
15.9902 93 106 1.1478 6.1289 100.0000
15.9914 94 105 1.1572 5.0913 100.0000
15.9928 100 99 1.0997 -0.2798 100.0000
15.9940 103 96 0.9938 -3.5146 100.0000
15.9953 102 97 0.9082 -2.0498 100.0000
15.9966 98 101 0.8663 1.3071 100.0000
15.9978 91 108 0.9177 8.8145 100.0000
15.9991 98 101 0.8706 1.3682 100.0000
16.0004 107 92 0.7164 -7.3599 100.0000
16.0016 97 102 0.6916 2.8330 100.0000
16.0029 106 93 0.5549 -6.2612 100.0000
16.0042 105 94 0.4358 -5.5898 100.0000
16.0054 96 103 0.4308 3.3823 100.0000
16.0067 102 97 0.3560 -2.2329 100.0000
16.0080 100 99 0.2990 -0.9512 100.0000
16.0093 113 86 0.0960 -13.2803 100.0000
16.0105 102 97 0.0380 -2.2939 100.0000
16.0118 106 93 -0.0772 -6.8716 100.0000
16.0131 105 94 -0.1710 -5.4678 100.0000
16.0144 95 104 -0.1115 4.8472 100.0000
16.0157 103 96 -0.1544 -3.2095 100.0000
16.0170 100 99 -0.1608 -0.3408 100.0000
16.0182 91 108 -0.0610 8.1431 100.0000
16.0195 95 104 0.0012 4.0537 100.0000
16.0208 98 101 0.0245 1.1240 100.0000
16.0220 96 103 0.0796 3.6875 100.0000
16.0233 101 98 0.0662 -1.7446 100.0000
16.0245 101 98 0.0764 -1.1343 100.0000
16.0258 101 98 0.0867 -1.0732 100.0000
16.0271 95 104 0.1686 4.7251 100.0000
16.0284 100 99 0.1832 -0.5850 100.0000
16.0297 96 103 0.2471 3.1382 100.0000
16.0310 97 102 0.3041 2.7109 100.0000
16.0322 101 98 0.3008 -1.9888 100.0000
16.0335 99 100 0.3301 0.4526 100.0000
16.0348 95 104 0.4041 4.1147 100.0000
16.0360 102 97 0.3987 -2.1719 100.0000
16.0373 98 101 0.4450 1.9785 100.0000
16.0386 96 103 0.5132 3.7485 100.0000
16.0398 96 103 0.5755 3.3213 100.0000
16.0411 101 98 0.5807 -1.1343 100.0000
16.0424 103 96 0.5565 -3.5146 100.0000
16.0436 103 96 0.5407 -3.3926 100.0000
16.0449 93 106 0.6430 6.0068 100.0000
16.0462 93 106 0.7458 6.1289 100.0000
16.0475 94 105 0.8373 5.4575 100.0000
16.0488 99 100 0.8695 0.7578 100.0000
16.0501 101 98 0.8742 -1.3784 100.0000
16.0514 98 101 0.9178 1.7344 100.0000
16.0527 98 101 0.9547 1.2461 100.0000
16.0539 101 98 0.9597 -1.9277 100.0000
16.0552 94 105 1.0511 5.0913 100.0000
16.0564 100 99 1.0685 -0.7681 100.0000
16.0577 98 101 1.1181 1.8564 100.0000
16.0590 103 96 1.1082 -3.1484 100.0000
16.0602 101 98 1.1181 -1.5005 100.0000
16.0615 90 109 1.2686 9.9741 100.0000
16.0627 104 95 1.2324 -4.9795 100.0000
16.0640 98 101 1.2849 1.6733 100.0000
16.0653 91 108 1.4215 8.5703 100.0000
16.0665 93 106 1.5294 6.4951 100.0000
16.0678 101 98 1.5409 -1.1343 100.0000
16.0691 97 102 1.5978 2.1616 100.0000
16.0704 96 103 1.6734 3.8096 100.0000
16.0717 98 101 1.7169 1.3682 100.0000
16.0730 102 97 1.7166 -2.0498 100.0000
16.0743 99 100 1.7484 0.8799 100.0000
16.0755 98 101 1.7916 1.8564 100.0000
16.0768 101 98 1.7949 -1.2563 100.0000
16.0781 99 100 1.8189 0.9409 100.0000
16.0794 103 96 1.7909 -3.2095 100.0000
16.0807 100 99 1.7924 -0.8291 100.0000
16.0820 101 98 1.7842 -1.6226 100.0000
16.0833 100 99 1.7792 -0.2798 100.0000
16.0846 102 97 1.7462 -2.5381 100.0000
16.0858 95 104 1.7976 4.1758 100.0000
16.0871 96 103 1.8381 3.4434 100.0000
16.0884 103 96 1.7804 -3.0874 100.0000
16.0897 88 111 1.9106 11.6831 100.0000
16.0910 97 102 1.9233 2.5889 100.0000
16.0922 99 100 1.9110 0.6357 100.0000
16.0935 101 98 1.8604 -1.4395 100.0000
16.0948 99 100 1.8323 0.2695 100.0000
16.0961 101 98 1.7837 -1.3784 100.0000
16.0974 99 100 1.7652 0.9409 100.0000
16.0986 105 94 1.6555 -5.2236 100.0000
16.0999 101 98 1.5891 -1.8667 100.0000
16.1012 104 95 1.4913 -4.5522 100.0000
16.1025 98 101 1.4655 1.0630 100.0000
16.1037 106 93 1.3369 -6.7495 100.0000
16.1050 95 104 1.3570 4.9082 100.0000
16.1063 95 104 1.3709 4.6030 100.0000
16.1076 103 96 1.2848 -3.3926 100.0000
16.1089 101 98 1.2253 -1.3174 100.0000
16.1102 101 98 1.1658 -1.4395 100.0000
16.1114 91 108 1.2361 8.8755 100.0000
16.1127 98 101 1.2139 1.5513 100.0000
16.1140 94 105 1.2378 5.2744 100.0000
16.1153 102 97 1.1651 -2.4771 100.0000
16.1165 105 94 1.0526 -5.8340 100.0000
16.1178 98 101 1.0393 1.9785 100.0000
16.1191 100 99 0.9965 -0.4019 100.0000
16.1204 100 99 0.9505 -0.7070 100.0000
16.1216 101 98 0.8981 -1.3174 100.0000
16.1229 101 98 0.8441 -1.4395 100.0000
16.1242 104 95 0.7535 -4.4912 100.0000
16.1254 109 90 0.6045 -9.2520 100.0000
16.1267 96 103 0.6169 3.4434 100.0000
16.1280 99 100 0.5857 0.4526 100.0000
16.1292 93 106 0.6253 6.1289 100.0000
16.1305 103 96 0.5383 -3.9419 100.0000
16.1318 108 91 0.4032 -8.0923 100.0000
16.1331 106 93 0.2874 -6.5664 100.0000
16.1343 98 101 0.2748 1.4292 100.0000
16.1356 99 100 0.2535 0.6968 100.0000
16.1369 102 97 0.1870 -2.9653 100.0000
16.1382 93 106 0.2502 6.7393 100.0000
16.1395 97 102 0.2589 2.6499 100.0000
16.1407 101 98 0.2110 -1.8667 100.0000
16.1420 94 105 0.2627 5.9458 100.0000
16.1433 105 94 0.1742 -5.7729 100.0000
16.1446 99 100 0.1691 0.8188 100.0000
16.1458 98 101 0.1696 1.2461 100.0000
16.1471 101 98 0.1311 -1.8667 100.0000
16.1484 96 103 0.1757 3.1992 100.0000
16.1496 98 101 0.2026 1.8564 100.0000
16.1510 92 107 0.3050 7.7158 100.0000
16.1522 95 104 0.3607 4.2979 100.0000
16.1535 101 98 0.3553 -1.3174 100.0000
16.1548 93 106 0.4507 6.7393 100.0000
16.1560 98 101 0.4760 1.3071 100.0000
16.1573 102 97 0.4485 -2.9043 100.0000
16.1586 98 101 0.4814 1.0630 100.0000
16.1598 101 98 0.4811 -1.5615 100.0000
16.1611 99 100 0.5081 0.6357 100.0000
16.1624 103 96 0.4896 -3.0264 100.0000
16.1636 98 101 0.5247 1.3071 100.0000
16.1649 93 106 0.6266 6.8003 100.0000
16.1661 100 99 0.6327 -0.8291 100.0000
16.1674 96 103 0.6952 3.9316 100.0000
16.1686 103 96 0.6666 -3.3926 100.0000
16.1699 98 101 0.7021 1.7954 100.0000
16.1711 103 96 0.6685 -3.7588 100.0000
16.1724 94 105 0.7413 5.0913 100.0000
16.1736 94 105 0.8219 5.8237 100.0000
16.1749 100 99 0.8278 -0.0967 100.0000
16.1762 92 107 0.9285 7.5938 100.0000
16.1774 97 102 0.9660 2.6499 100.0000
16.1787 103 96 0.9329 -3.0264 100.0000
16.1799 94 105 1.0058 5.5186 100.0000
16.1812 101 98 0.9900 -1.5615 100.0000
16.1824 100 99 0.9812 -0.5850 100.0000
16.1837 100 99 0.9733 -0.5239 100.0000
16.1850 100 99 0.9633 -0.7070 100.0000
16.1863 98 101 0.9821 1.5513 100.0000
16.1876 97 102 1.0185 2.7720 100.0000
16.1888 96 103 1.0632 3.5044 100.0000
16.1901 97 102 1.0945 2.4668 100.0000
16.1914 98 101 1.1163 1.7954 100.0000
16.1926 103 96 1.0666 -3.5757 100.0000
16.1939 99 100 1.0642 0.1475 100.0000
16.1952 103 96 1.0194 -3.2705 100.0000
16.1965 97 102 1.0448 2.2837 100.0000
16.1978 99 100 1.0460 0.1475 100.0000
16.1990 91 108 1.1445 8.0210 100.0000
16.2003 102 97 1.1102 -2.5381 100.0000
16.2015 101 98 1.0899 -1.5005 100.0000
16.2028 107 92 1.0038 -7.1157 100.0000
16.2040 100 99 0.9953 -0.9512 100.0000
16.2053 110 89 0.8634 -10.8999 100.0000
16.2066 103 96 0.8298 -3.2095 100.0000
16.2079 98 101 0.8595 1.7344 100.0000
16.2091 100 99 0.8647 -0.1577 100.0000
16.2104 87 112 1.0316 12.8428 100.0000
16.2116 98 101 1.0543 1.5513 100.0000
16.2129 104 95 0.9996 -4.5522 100.0000
16.2142 99 100 1.0145 0.9409 100.0000
16.2154 103 96 0.9738 -3.5146 100.0000
16.2167 100 99 0.9757 -0.1577 100.0000
16.2180 96 103 1.0268 3.9927 100.0000
16.2192 104 95 0.9769 -4.0640 100.0000
16.2205 105 94 0.9045 -5.8950 100.0000
16.2218 92 107 1.0040 7.7769 100.0000
16.2231 96 103 1.0461 3.8706 100.0000
16.2243 107 92 0.9504 -7.1768 100.0000
16.2256 96 103 0.9952 3.9927 100.0000
16.2269 100 99 0.9818 -0.3408 100.0000
16.2282 100 99 0.9615 -0.8901 100.0000
16.2294 106 93 0.8732 -6.4443 100.0000
16.2307 100 99 0.8652 -0.0967 100.0000
16.2320 110 89 0.7304 -10.4116 100.0000
16.2333 104 95 0.6725 -4.3081 100.0000
16.2345 101 98 0.6499 -1.6836 100.0000
16.2358 100 99 0.6374 -0.8901 100.0000
16.2371 94 105 0.7070 5.1523 100.0000
16.2384 99 100 0.7174 0.5137 100.0000
16.2396 98 101 0.7422 1.6733 100.0000
16.2409 101 98 0.7258 -1.5615 100.0000
16.2422 94 105 0.8016 5.8237 100.0000
16.2436 101 98 0.7782 -1.8057 100.0000
16.2448 101 98 0.7622 -1.3174 100.0000
16.2461 101 98 0.7433 -1.5615 100.0000
16.2474 101 98 0.7235 -1.6836 100.0000
16.2487 98 101 0.7456 1.6123 100.0000
16.2500 102 97 0.7153 -2.4771 100.0000
16.2513 95 104 0.7695 4.0537 100.0000
16.2526 105 94 0.6909 -5.4067 100.0000
16.2539 95 104 0.7336 4.1147 100.0000
16.2551 99 100 0.7274 0.3306 100.0000
16.2564 97 102 0.7519 2.7720 100.0000
16.2577 93 106 0.8104 6.0068 100.0000
16.2589 104 95 0.7343 -4.7354 100.0000
16.2602 99 100 0.7255 0.6357 100.0000
16.2615 102 97 0.6761 -2.6602 100.0000
16.2628 101 98 0.6384 -1.2563 100.0000
16.2640 92 107 0.7150 7.8989 100.0000
16.2653 93 106 0.7784 6.8003 100.0000
16.2666 92 107 0.8487 7.2275 100.0000
16.2678 99 100 0.8384 0.8799 100.0000
16.2691 97 102 0.8455 2.2227 100.0000
16.2704 93 106 0.9023 6.3120 100.0000
16.2717 100 99 0.8769 -0.5850 100.0000
16.2730 103 96 0.8212 -3.0264 100.0000
16.2742 100 99 0.7959 -0.7070 100.0000
16.2755 105 94 0.7088 -5.7729 100.0000
16.2768 104 95 0.6479 -4.4302 100.0000
16.2780 95 104 0.7055 4.9692 100.0000
16.2793 93 106 0.7799 6.5562 100.0000
16.2806 103 96 0.7338 -3.1484 100.0000
16.2818 99 100 0.7333 0.0254 100.0000
16.2830 98 101 0.7565 1.9785 100.0000
16.2843 101 98 0.7387 -1.3174 100.0000
16.2856 94 105 0.8026 5.2744 100.0000
16.2868 102 97 0.7835 -2.0498 100.0000
16.2881 96 103 0.8338 3.5044 100.0000
16.2894 97 102 0.8754 2.8940 100.0000
16.2907 102 97 0.8517 -2.2939 100.0000
16.2919 96 103 0.8990 3.4434 100.0000
16.2932 101 98 0.8843 -1.4395 100.0000
16.2945 100 99 0.8815 -0.5239 100.0000
16.2958 98 101 0.9008 1.2461 100.0000
16.2970 96 103 0.9507 3.5044 100.0000
16.2983 101 98 0.9379 -1.3784 100.0000
16.2996 100 99 0.9399 -0.2188 100.0000
16.3009 97 102 0.9713 2.1006 100.0000
16.3022 102 97 0.9395 -2.1719 100.0000
16.3035 107 92 0.8419 -7.4819 100.0000
16.3048 102 97 0.8112 -2.2939 100.0000
16.3060 96 103 0.8494 3.1382 100.0000
16.3073 103 96 0.7999 -3.4536 100.0000
16.3086 95 104 0.8501 4.4810 100.0000
16.3099 91 108 0.9454 8.0210 100.0000
16.3112 100 99 0.9257 -0.5850 100.0000
16.3124 96 103 0.9546 3.2603 100.0000
16.3137 89 110 1.0749 10.6455 100.0000
16.3150 99 100 1.0625 0.2085 100.0000
16.3163 99 100 1.0469 0.2695 100.0000
16.3176 94 105 1.0990 5.6406 100.0000
16.3188 93 106 1.1548 6.0679 100.0000
16.3201 103 96 1.0962 -3.0264 100.0000
16.3214 95 104 1.1407 4.9082 100.0000
16.3226 97 102 1.1490 2.1006 100.0000
16.3239 100 99 1.1241 -0.5850 100.0000
16.3251 93 106 1.1858 6.4341 100.0000
16.3264 96 103 1.2049 3.0771 100.0000
16.3276 101 98 1.1714 -1.1953 100.0000
16.3289 100 99 1.1490 -0.3408 100.0000
16.3302 101 98 1.1134 -1.4395 100.0000
16.3314 98 101 1.1113 1.3682 100.0000
16.3327 102 97 1.0603 -2.5381 100.0000
16.3340 102 97 1.0117 -2.4771 100.0000
16.3353 104 95 0.9417 -4.2471 100.0000
16.3365 106 93 0.8461 -6.2612 100.0000
16.3378 100 99 0.8239 -0.5850 100.0000
16.3391 97 102 0.8389 2.4058 100.0000
16.3404 94 105 0.8881 5.0913 100.0000
16.3416 102 97 0.8334 -2.5381 100.0000
16.3429 104 95 0.7526 -4.5522 100.0000
16.3442 110 89 0.5947 -10.8389 100.0000
16.3455 93 106 0.6637 6.8613 100.0000
16.3468 97 102 0.6799 2.9551 100.0000
16.3481 93 106 0.7362 6.1289 100.0000
16.3493 100 99 0.7121 -0.1577 100.0000
16.3506 98 101 0.7137 1.8564 100.0000
16.3519 95 104 0.7478 4.7251 100.0000
16.3532 90 109 0.8433 9.6689 100.0000
16.3545 102 97 0.7810 -2.6602 100.0000
16.3558 97 102 0.7909 2.9551 100.0000
16.3571 98 101 0.7840 1.6123 100.0000
16.3584 100 99 0.7508 -0.4629 100.0000
16.3597 99 100 0.7276 0.2695 100.0000
16.3610 97 102 0.7414 2.5889 100.0000
16.3622 104 95 0.6715 -4.1250 100.0000
16.3635 101 98 0.6405 -1.0732 100.0000
16.3648 98 101 0.6436 1.6123 100.0000
16.3660 90 109 0.7563 9.3638 100.0000
16.3673 92 107 0.8479 7.5938 100.0000
16.3686 106 93 0.7575 -6.6274 100.0000
16.3699 99 100 0.7523 0.0254 100.0000
16.3712 99 100 0.7633 0.4526 100.0000
16.3724 99 100 0.7731 0.3916 100.0000
16.3737 97 102 0.8121 2.7109 100.0000
16.3750 102 97 0.7908 -2.0498 100.0000
16.3763 96 103 0.8475 3.4434 100.0000
16.3776 95 104 0.9111 4.1147 100.0000
16.3788 90 109 1.0359 9.3027 100.0000
16.3801 103 96 1.0023 -3.3315 100.0000
16.3813 101 98 0.9918 -1.5005 100.0000
16.3827 100 99 0.9938 -0.4629 100.0000
16.3839 90 109 1.1222 9.6079 100.0000
16.3852 99 100 1.1310 0.2695 100.0000
16.3865 92 107 1.2302 7.2886 100.0000
16.3878 101 98 1.2228 -1.0122 100.0000
16.3891 100 99 1.2256 -0.2188 100.0000